id,title,title_en,medium,direction,genre,art_style,language,model,access,audit_reason,source_repo,source_url,license,original_author,original_post_url,third_party_author,path,prompt
renoise-2073785741709021494,"Generate a zero gravity level, without a floor. The background will be a flat…",,漫剧,现实向,剧情短片,3D卡通,en,Seedance 2.0,,,renoise-ai/awesome-seedance-prompts,https://github.com/renoise-ai/awesome-seedance-prompts/blob/904b6caffa21c2b114bb93e1bd0e37ba80b3dd10/data/prompts/2073785741709021494.json,CC-BY-4.0,VoxelPlot,https://x.com/voxelplot/status/2073785741709021494,True,"prompts/漫剧/现实向/剧情短片/renoise-2073785741709021494--Generate-a-zero-gravity-level,-without-a.md","Generate a zero gravity level, without a floor. The background will be a flat blue color. Create 20 asteroids formed by basic shapes, with red color, that float in space. They will make rotation movements on themselves very slowly and will also move slightly in a random direction in space. Create also a dummy with basic shapes of green color, playable, that also has zero gravity. This dummy will also float and will not brake automatically when handled, in such a way that it maintains an inertial movement when it moves in one direction. The playable character will be located right in front of the asteroid cluster."
renoise-2073799429816250428,"Main Subject: Young Korean woman, early 20s. Natural appearance. Black wavy…",,真人,现实向,时尚写真,,en,Seedance 2.0,,,renoise-ai/awesome-seedance-prompts,https://github.com/renoise-ai/awesome-seedance-prompts/blob/904b6caffa21c2b114bb93e1bd0e37ba80b3dd10/data/prompts/2073799429816250428.json,CC-BY-4.0,Johnn,https://x.com/john_my07/status/2073799429816250428,True,"prompts/真人/现实向/时尚写真/renoise-2073799429816250428--Main-Subject-Young-Korean-woman,-early-2.md","Main Subject: Young Korean woman, early 20s. Natural appearance. Black wavy hair loosely tied into a slightly messy ponytail with wispy bangs. Light grey zip hoodie worn open over a faded white tank top. Relaxed blue jeans. Black canvas sneakers. Natural skin texture, minimal makeup, ordinary everyday look. Consistent appearance throughout the video.
Location: Authentic Korean residential neighborhood during a light summer rain shower. Narrow concrete alleys, low-rise houses, small gardens, potted plants, bicycles, utility poles, overhead cables, wet pavement, puddles, rain-darkened walls, leafy trees.

Camera Style
Early-2000s consumer DV camcorder.
Friend casually filming.
Heavy handheld shake. Imperfect framing. Subject frequently drifts toward frame edges. Late reframing. Autofocus hunting. Lens breathing. Exposure pumping. Motion blur. Rolling shutter. Digital compression artifacts. Slight sensor noise. Soft detail. Faded colors. Low contrast. Occasional blown highlights. No stabilization. No cinematic movements. No modern color grading.
The camera operator behaves like a real friend with no filmmaking experience.
00:00–00:02
Standing beneath a small apartment awning while rain falls across the street.
She leans forward and extends her hand into the rain to test how heavy it is.
A passing vehicle somewhere off-frame splashes water nearby.
She immediately laughs and pulls her hand back.
The camera misses part of the reaction because the operator reframes too slowly.
Rain droplets briefly appear on the lens.
Autofocus hunts between her face and the rainy street.
00:02–00:04
She steps into the drizzle and starts walking down the narrow alley.
The camera follows unevenly from behind.
Her sneakers splash through shallow puddles.
Wet strands of hair begin sticking to her cheek and neck.
Wind moves her hoodie slightly.
The operator almost loses her from frame while turning a corner.
00:04–00:06
Passing a row of potted plants outside a house.
She casually brushes rainwater from a large leaf.
The camera unexpectedly focuses on the leaf instead of her face.
Exposure shifts as the scene moves from open sky into tree shade.
She continues walking before camera catches up.
00:06–00:08
A neighborhood cat shelters beneath a parked bicycle.
She crouches down briefly and says a few friendly words.
The cat sniffs her hand.
Camera focus repeatedly jumps between the bicycle wheel, the cat, and her face.
One moment is partially blocked by the operator's movement.
00:08–00:10
Walking again.
Rainwater drips from overhead branches onto her shoulder.
She reacts naturally and laughs to herself.
The camera is slightly too close and awkwardly reframes.
A gust of wind moves nearby leaves and loose hair strands.
00:10–00:12
Near a small intersection.
She pauses while waiting for a scooter to pass in the distance.
The camera drifts toward the wet road before finding her again.
She wipes rain from her forehead using her sleeve.
Her clothing shows subtle dampness from the weather.
00:12–00:15
Walking away down the rain-darkened street.
The camera trails several steps behind.
She suddenly realizes she is still being filmed.
She glances back over her shoulder.
A small genuine smile appears.
She looks away again and keeps walking.
The operator lowers the camcorder slightly.
Recording abruptly cuts to black mid-motion as if the camera was accidentally switched off.
Audio (Natural only)
Light rainfall.
Water dripping from roofs and leaves.
Footsteps on wet concrete.
Distant neighborhood traffic.
Occasional scooter passing far away.
Birds sheltering in trees.
Rustling leaves.
Faint residential chatter.
Cat sounds.
Subtle wind.
No music.
No narration.
No sound design.
No added effects.

Generation Priority
Authenticity > Beauty
Believability > Cinematics
Natural Imperfections > Technical Perfection
The final result should look indistinguishable from a real early-2000s camcorder scene."
renoise-2073802555822682587,"Authentic dashcam footage, fixed wide-angle lens mounted behind a windshield…",,真人,特效向,奇幻怪兽,,en,Seedance 2.0,,,renoise-ai/awesome-seedance-prompts,https://github.com/renoise-ai/awesome-seedance-prompts/blob/904b6caffa21c2b114bb93e1bd0e37ba80b3dd10/data/prompts/2073802555822682587.json,CC-BY-4.0,Julien | MJM,https://x.com/JulienAIArt/status/2073802555822682587,True,"prompts/真人/特效向/奇幻怪兽/renoise-2073802555822682587--Authentic-dashcam-footage,-fixed-wide-an.md","Authentic dashcam footage, fixed wide-angle lens mounted behind a windshield, slight lens distortion, washed digital colors, night, a white timestamp in the corner. The camera never moves from its mount; the car stays stopped at a red light the entire clip.

0-3s: A quiet suburban intersection at night, rain speckling the windshield, wipers sweeping once. The traffic light glows red. A single car crosses and disappears down the street.

3-6s: A white point of light appears high in the sky ahead and grows. The streetlights flicker. The wipers sweep again.

6-9s: The light resolves into a colossal armored figure descending slowly through the rain, floodlit from within the clouds. Car alarms begin in the distance. The traffic light turns green; nothing moves.

9-12s: The figure lands on the empty intersection ahead in a slow heavy crouch — the dashcam image shudders on impact, rain leaping off the asphalt, a wave of mist rolling over the car.

12-15s: The figure straightens up, filling the entire windshield view, and slowly turns its head toward the camera. The dashcam image glitches, tears, and freezes on that frame.

AUDIO: diegetic only — rain on the roof, wiper rhythm, a muffled low impact, layered car alarms, a deep sub-bass hum as it turns. No music, no dialogue, no voiceover, no narration, no radio, no characters speaking."
renoise-2073819915182850160,The Master Prompt Visual Style: 3D stylized cartoon (think Spider-Man: Into the…,,漫剧,特效向,科幻机甲,3D卡通,en,Seedance 2.0,link-only,sexual,renoise-ai/awesome-seedance-prompts,https://github.com/renoise-ai/awesome-seedance-prompts/blob/904b6caffa21c2b114bb93e1bd0e37ba80b3dd10/data/prompts/2073819915182850160.json,CC-BY-4.0,Iqra Saifi,https://x.com/IqrasaifiAI/status/2073819915182850160,True,prompts/漫剧/特效向/科幻机甲/renoise-2073819915182850160--The-Master-Prompt-Visual-Style-3D-styliz.md,
renoise-2073821949315195183,Hyper realistic cinematic fantasy action sequence.,,真人,特效向,奇幻怪兽,,en,Seedance 2.0,,,renoise-ai/awesome-seedance-prompts,https://github.com/renoise-ai/awesome-seedance-prompts/blob/904b6caffa21c2b114bb93e1bd0e37ba80b3dd10/data/prompts/2073821949315195183.json,CC-BY-4.0,DeCat,https://x.com/DeCat2025/status/2073821949315195183,True,prompts/真人/特效向/奇幻怪兽/renoise-2073821949315195183--Hyper-realistic-cinematic-fantasy-action.md,"Hyper realistic cinematic fantasy action sequence.
An ancient stone golem awakens beneath a vast fantasy city of towers, bridges, stairs, and crowded rooftops.
The ground erupts as its giant hand bursts through the main street, smashing stone roads and sending debris flying. Panic spreads instantly.

A young warrior and a female mage sprint across rooftops trying to escape as the golem rises higher and higher behind them, tearing through buildings like they are made of paper.

Start with a dramatic street level shot as the pavement cracks open and a colossal stone hand explodes upward through dust and rubble. People scatter in all directions. Cut quickly to a fast tracking shot following the warrior and mage running across tiled rooftops, jumping over narrow gaps as shockwaves from the golem break walls and collapse balconies behind them. The golem’s upper body rises above the skyline, enormous and terrifying, glowing cracks of ancient magic burning through its stone body.

Cut to a wide cinematic angle showing the full scale of the city and the towering golem smashing through rooftops, grabbing an entire tower and tearing it apart. The heroes race across a suspended bridge between buildings just as the golem’s arm crashes down behind them, destroying the bridge section by section.

Dust, broken stone, and magical light fill the air.  For the final seconds, the mage turns while running and fires a bright magical blast at a falling tower bell. The bell crashes down into the golem’s face, buying them one second. They leap together from the collapsing bridge onto a lower rooftop as the entire structure behind them is obliterated by the golem’s hand.

Final shot shows them landing hard, looking back in shock as the giant golem stands fully risen over the ruined city, framed by smoke, dust, and glowing magical cracks.

Epic fantasy, breathless action, massive scale, dramatic lighting, clear cause and effect, no text, no logos, no comedy, no modern objects."
renoise-2073822633297428953,Create a 15-second ultra-photorealistic documentary-style video capturing…,,真人,现实向,生活与vlog,,en,Seedance 2.0,,,renoise-ai/awesome-seedance-prompts,https://github.com/renoise-ai/awesome-seedance-prompts/blob/904b6caffa21c2b114bb93e1bd0e37ba80b3dd10/data/prompts/2073822633297428953.json,CC-BY-4.0,Cherry 2.O,https://x.com/Mind_Boticni/status/2073822633297428953,True,prompts/真人/现实向/生活与vlog/renoise-2073822633297428953--Create-a-15-second-ultra-photorealistic.md,"Create a 15-second ultra-photorealistic documentary-style video capturing ordinary modern life in a quiet Japanese neighborhood. The video should feel like authentic everyday footage that naturally fascinates international viewers, especially those curious about life in Japan. Everything should appear spontaneous, unstaged, and emotionally warm.

Main Subject:
A young Japanese woman, 22–24 years old, natural everyday appearance, medium-length layered black hair loosely tied with soft face-framing bangs. She wears an oversized off-white cotton T-shirt, loose faded blue jeans, classic black Converse-style sneakers, a simple silver necklace, and carries a beige canvas tote bag. Healthy natural skin texture, minimal makeup, calm personality, warm genuine smile. Maintain identical identity, clothing, hairstyle, and facial features throughout the entire video.

Location:
A peaceful residential neighborhood in Tokyo, Japan, Spring 2026, around 9:00 AM. Narrow spotless streets, compact modern homes, bicycles, utility poles, vending machines, tiny gardens, flowering plants, neighborhood cats, railway crossing, small roadside shrines, trimmed hedges, maple trees, laundry drying on balconies, soft morning sunlight. No tourists, no shopping districts, no advertisements, no crowds.

Visual Style:
Ultra-realistic documentary footage.
Authentic early-2000s MiniDV home camcorder aesthetic.
Heavy handheld movement.
Natural camera shake.
Slightly imperfect framing.
Frequent autofocus hunting.
Exposure changes between sunlight and shade.
Rolling shutter.
CCD sensor bloom.
Soft faded consumer-video colors.
Subtle analog tape noise.
Occasional MiniDV glitches.
Mild compression artifacts.
No stabilization.
No cinematic camera moves.
No HDR.
No modern color grading.
Everything should feel like a forgotten family recording.

00:00–00:02
She stops at a tiny unmanned roadside flower stand, places coins into an honesty payment box, picks up a small bouquet, smiles naturally, and continues walking.

00:02–00:04
She buys a canned iced coffee from a vending machine standing alone on a quiet residential street. The camera briefly loses focus before recovering.

00:04–00:06
An elderly neighbor quietly sweeps the public sidewalk outside several homes. She politely bows while passing, and the neighbor smiles back.

00:06–00:08
She waits patiently at a neighborhood railway crossing with a few local residents. A commuter train passes as sunlight flickers through the trees.

00:08–00:10
A neighborhood cat sleeps peacefully beside an unlocked bicycle. She crouches, smiles softly, but lets the cat sleep without touching it.

00:10–00:12
She walks beneath quiet residential streets carrying her coffee and flowers while a gentle breeze moves her hair and hanging wind chimes ring softly.

00:12–00:15
She reaches a small bridge overlooking a narrow canal with koi fish below. She pauses, looks toward the camera with a warm genuine smile, gives a small wave, then walks away as the MiniDV recording abruptly cuts to black with a brief analog tape glitch.

Audio:
Only natural environmental sounds—morning birds, soft wind, rustling leaves, distant commuter train, railway crossing bells, bicycle wheels, footsteps, neighborhood ambience, faint wind chimes, subtle camcorder handling noise. No music. No narration. No sound effects.

Goal:
Create a deeply believable slice of everyday Japanese life that feels peaceful, authentic, nostalgic, and emotionally comforting. Every movement should appear completely natural, making viewers feel like they are watching a real forgotten MiniDV recording of an ordinary morning in Japan."
renoise-2073832900441653565,Use @ Image as storyboard reference for cinematic sequence. use as first shot…,,真人,特效向,动作大片,,en,Seedance 2.0,,,renoise-ai/awesome-seedance-prompts,https://github.com/renoise-ai/awesome-seedance-prompts/blob/904b6caffa21c2b114bb93e1bd0e37ba80b3dd10/data/prompts/2073832900441653565.json,CC-BY-4.0,Viki,https://x.com/churvikv/status/2073832900441653565,True,prompts/真人/特效向/动作大片/renoise-2073832900441653565--Use-Image-as-storyboard-reference-for-ci.md,"Use @ Image as storyboard reference for cinematic sequence. use as first shot 01 A 15-second cinematic narrative sequence transitioning through all 9 storyboard panels in strict chronological order. Visual style: transitions from surreal golden-hour dreamscape with volumetric clouds to photorealistic bright minimalist bedroom. CRITICAL: Absolutely NO frames, borders, film strips, numbers, UI, or text. Render as seamless full-screen cinematic shots only. Ignore grid layout completely. Use clean, sharp cuts between shots to prevent morphing artifacts. Maintain strictly anatomically correct human figures and consistent subject identity throughout. Shot 1 (0-1.6s): Wide tracking shot. A cyclist in white gear rides a glowing ethereal bicycle above a sea of golden clouds at sunset. Light trails stream from the wheels. Camera follows smoothly from the side. Shot 2 (1.6-3.2s): Sharp cut to a rear angle. The cyclist pedals forward into the horizon, leaving luminous golden streaks in the cloud layer. Sunlight flares softly. Shot 3 (3.2-4.8s): Sharp cut to a dynamic low front angle. The cyclist leans aggressively into a turn, the bike's glow intensifying. Clouds rush past with natural motion blur. Shot 4 (4.8-6.4s): Sharp cut. The cyclist loses balance and falls backward through the air, arms outstretched, while the glowing bike floats above. Camera tracks the rapid descent. Shot 5 (6.4-8.0s): Sharp cut to a high-speed descent through a swirling cloud vortex. The cyclist becomes a small silhouette falling toward a bright center point. Camera spirals downward with intense motion blur. Shot 6 (8.0-9.6s): Match cut transition. The cloud vortex seamlessly resolves into a bright white ceiling fan spinning slowly in a sunlit room. Soft daylight filters through sheer curtains. Shot 7 (9.6-11.2s): Close-up on the bed. The man gasps awake, eyes wide with shock, chest rising rapidly. He lies flat against white pillows. Clean, realistic facial expression. Shot 8 (11.2-12.8s): Medium shot. The man sits up abruptly on the bed, staring at his hands in disbelief. Sunlight casts soft shadows across the white linens. Strictly two hands, two legs, correct anatomy. Shot 9 (12.8-15.0s): Wide static shot. The man sits calmly on the edge of the bed, gazing out a large window. The room is bright, peaceful, and minimal. Camera holds steady. ZERO TEXT. Style reinforcement: cinematic pacing, clear shot separation, photorealistic rendering, consistent character design, NO morphing glitches, NO anatomical errors, seamless narrative flow."
renoise-2073841460672131480,"REFERENCE ROLES: Use @Image1 as the visual identity, character, environment…",,漫剧,现实向,喜剧搞笑,绘画风,en,Seedance 2.0,,,renoise-ai/awesome-seedance-prompts,https://github.com/renoise-ai/awesome-seedance-prompts/blob/904b6caffa21c2b114bb93e1bd0e37ba80b3dd10/data/prompts/2073841460672131480.json,CC-BY-4.0,Glitter Gal,https://x.com/GlitterPixely/status/2073841460672131480,True,prompts/漫剧/现实向/喜剧搞笑/renoise-2073841460672131480--REFERENCE-ROLES-Use-Image1-as-the-visual.md,"REFERENCE ROLES: Use @Image1 as the visual identity, character, environment, color palette, and illustration-style reference. Preserve the black fuzzy cat with huge cream eyes, the tiny white little friend, the grassy cliff edge, blue moonlit river valley, peach sky, vintage ink-and-gouache storybook texture. Do not redesign the characters or make them realistic.

SUBJECTS: A large black fluffy cat with round startled eyes, acting suspiciously innocent. A tiny white cat-like friend standing near the grassy cliff edge, unaware of the danger.

ENVIRONMENT: Moonlit river valley from the reference image, blue trees and water below, peach evening sky, grassy ledge in the foreground. The cliff edge must be clearly visible and physically readable.

STYLE: Vintage children’s book illustration, flat ink outlines, soft paper texture, limited blue/peach/black/cream palette, gentle animated motion, mischievous but non-graphic.

TIMELINE:
0.0-2.0s: Wide still shot matching @Image1. The tiny white friend sits near the cliff edge. The black cat stares forward with huge innocent eyes, only its tail twitching.
2.0-4.0s: Low side angle. The black cat slowly extends one paw behind the little friend and gives the tiniest nudge. The little friend slides a few inches closer to the edge.
4.0-6.0s: The little friend turns around suspiciously. The black cat instantly freezes, eyes wide, paw hidden, pretending nothing happened.
6.0-8.5s: Close shot on the grassy ledge. The cat uses its tail this time, very slowly scooting the little friend closer. Small bits of grass crumble over the edge.
8.5-10.5s: The little friend looks back again. The cat leans away and looks up at the moon, overly innocent. Hold the awkward silence for comedy.
10.5-13.0s: The cat gives several tiny secret paw taps: tap -> slide, tap -> slide, tap -> wobble. The little friend teeters at the very edge, arms/paws up in alarm.
13.0-15.0s: Final wide shot. The black cat glances left and right, then gives one complete push. The tiny white friend drops fully out of frame with a soft harmless “plop” below. The cat snaps back into an innocent sitting pose, eyes huge.

AUDIO: No dialogue. Soft night ambience, tiny grass rustles, small comedic paw taps, one gentle final plop.

CONSTRAINTS: No gore, no injury, no scary realism, no extra characters, no readable text, no modern objects, no chaotic camera, keep the same vintage illustrated look from @Image1"
renoise-2073844363919057204,"Painterly 3D CGI animation style, smooth matte surfaces, handcrafted…",,漫剧,特效向,奇幻冒险,3D卡通,en,Seedance 2.0,,,renoise-ai/awesome-seedance-prompts,https://github.com/renoise-ai/awesome-seedance-prompts/blob/904b6caffa21c2b114bb93e1bd0e37ba80b3dd10/data/prompts/2073844363919057204.json,CC-BY-4.0,lam.aifilm,https://x.com/LmNguyn92578418/status/2073844363919057204,True,"prompts/漫剧/特效向/奇幻冒险/renoise-2073844363919057204--Painterly-3D-CGI-animation-style,-smooth.md","Painterly 3D CGI animation style, smooth matte surfaces, handcrafted brush-texture finish, warm pastel palette, subtle bloom, premium animated feature film quality. Character: cute chubby Viking warrior with ultra-round oversized head, compact stocky body, blond hair in short top knot, thick white eyebrows, tiny black oval eyes, rosy cheeks, determined expression, engraved Nordic silver armor with red-and-deep-navy geometric patterns, fur trims, leather belt with ammo pouches, flowing red cape, heavy fantasy blunderbuss shotgun with carved wooden stock and engraved brass barrel. Seamless white void background, soft hand-painted contact shadow. Simulated one-take FPV drone camera, no visible cuts, video-game skill showcase energy.
[0-2s] Camera starts far away in the white void, rockets toward his tiny distant figure; he notices, cocks the blunderbuss hammer with a chunky mechanical snap and aims directly at the approaching camera, cape flaring.
[2-4s] He fires AT the camera — massive orange muzzle blast and smoke plume erupt from the brass bell barrel, camera barrel-rolls to dodge, sparks and embers streaking past the lens, then swings around to his left side profile.
[4-7s] Camera dives low and orbits his stubby ankles as he steps into a spinning gun-twirl combo: 540° body spin surprisingly agile for his round body, firing twice mid-spin to opposite directions, red cape and fur trims whirling, smoke trails and glowing embers raining around the lens.
[7-10s] Camera swoops up over his shoulder into a high rear three-quarter angle over the red cape, then plunges through the gap between his chubby arm and the blunderbuss as he reloads, extreme close-up of his small hand slamming a shell from the leather ammo pouch into the engraved brass barrel in slow motion, smoke curling.
[10-13s] Camera exits the gap into a fast lateral tracking shot as he charges sideways across the white void with heavy stomping run, firing three rapid booming shots forward, each massive recoil rocking his round body and jolting the camera with impact shake, orange fire blooms and smoke clouds painting the white space.
[13-15s] Camera whips around to a front low-angle and rises as he plants the blunderbuss stock on the ground like a staff, striking a heroic victory pose, one fist on his hip, cape settling behind him; slow push-in on his confident rosy-cheeked grin, drifting smoke and falling embers around him, freeze-frame hero shot.
Continuous single-shot feel, aggressive camera velocity changes, cinematic impact frames, highly consistent character identity matching reference image, pure white background throughout, 15 seconds."
renoise-2073845416102117397,"Shot 1 (0–8s) - Wide establishing aerial: A small lakeside town at night, seen…",,其他,,风景空镜,,en,Seedance 2.0,,,renoise-ai/awesome-seedance-prompts,https://github.com/renoise-ai/awesome-seedance-prompts/blob/904b6caffa21c2b114bb93e1bd0e37ba80b3dd10/data/prompts/2073845416102117397.json,CC-BY-4.0,DeCat,https://x.com/DeCat2025/status/2073845416102117397,True,prompts/其他/风景空镜/renoise-2073845416102117397--Shot-1-0–8s---Wide-establishing-aerial-A.md,"Shot 1 (0–8s) - Wide establishing aerial: A small lakeside town at night, seen from a slow, high aerial angle. Wooden houses line the shore, warm porch lights reflecting on a perfectly still black lake. Crickets chirp, water laps gently, a distant dog barks once. Camera drifts slowly toward the lake's center. Suddenly, the water bulges, ripples explode outward, and a massive metallic disc-shaped spaceship rises silently from beneath the surface, water cascading off its smooth hull, blue-white underglow illuminating the lake.

Shot 2 (8–15s) - Low ground-level angle from a porch: Cut to a low-angle shot from a wooden porch, foreground silhouette of a porch railing and rocking chair. The spaceship hovers above the lake in the background, humming with a deep bass resonance that rattles windows. One by one, lights flick on in the dark houses across the frame. A dog barks frantically. Then, in a sudden flash, the spaceship shoots straight up into the sky with a whoosh and a shockwave ripple on the water, vanishing into the stars. Silence returns. Water settles. Style tags: cinematic, photorealistic, moody night lighting, anamorphic lens, subtle lens flare, ambient sound design, 24fps film look."
renoise-2073846608773681494,"An ultra-premium cinematic sci-fi anime mecha combat sequence, featuring a…",,漫剧,特效向,科幻机甲,2D日漫,en,Seedance 2.0,,,renoise-ai/awesome-seedance-prompts,https://github.com/renoise-ai/awesome-seedance-prompts/blob/904b6caffa21c2b114bb93e1bd0e37ba80b3dd10/data/prompts/2073846608773681494.json,CC-BY-4.0,Iqra Saifi,https://x.com/IqrasaifiAI/status/2073846608773681494,True,prompts/漫剧/特效向/科幻机甲/renoise-2073846608773681494--An-ultra-premium-cinematic-sci-fi-anime.md,"An ultra-premium cinematic sci-fi anime mecha combat sequence, featuring a sleek white and gold mobile suit launching from an orbital carrier into an intense skirmish. The pilot inside is a young man with focused amber eyes and unruly dark green hair, wearing a form-fitting white pilot suit with gold trim. High-end sci-fi anime style with intricate panel details, moving armor plates, fluid thruster particle effects, dramatic starfield lighting, and brilliant solar flares. The setting is the upper atmosphere of a glowing blue planet, thick with a dangerous field of shimmering space debris, floating wreckage, and massive distant capital ships exchanging crisscrossing mega-particle energy beams. One continuous single-take shot, no cuts, no transitions, one uninterrupted, highly aggressive, and kinetic camera move maintaining immense speed, power, and momentum throughout.
Chronological Action & Camera Breakdown (0:00 - 0:15):
0:00 - 0:05 (The Launch Corridor): The sequence opens deep inside the dark launch catapult corridor of the orbital carrier. Red warning lights flash rhythmically, reflecting off the pristine white and gold armor of the mobile suit. The camera tracks backward at a dizzying speed as the mecha is violently propelled forward along the magnetic rail, sparks flying from the contact points, before bursting through the hangar's blue energy containment field and out into the vast vacuum of space.
0:05 - 0:10 (Thruster Ignition & Orbital Sweep): The instant the mecha clears the carrier, its massive main back thrusters ignite with a blinding blue flash and fluid, trailing particle effects. The camera executes a fast, sweeping 360-degree orbit around the accelerating mobile suit, revealing the massive, glowing blue planet below and the sprawling space battle ahead. Armor plates on the mecha shift dynamically to reveal secondary maneuvering thrusters."
renoise-2073852067383480578,[STYLE + CAMERA + ATMOSPHERE],,真人,特效向,动作大片,,en,Seedance 2.0,link-only,copyrighted-character,renoise-ai/awesome-seedance-prompts,https://github.com/renoise-ai/awesome-seedance-prompts/blob/904b6caffa21c2b114bb93e1bd0e37ba80b3dd10/data/prompts/2073852067383480578.json,CC-BY-4.0,BGKuaci,https://x.com/BGKuaci/status/2073852067383480578,True,prompts/真人/特效向/动作大片/renoise-2073852067383480578--STYLE-CAMERA-ATMOSPHERE.md,
renoise-2073859479087550582,"Immersive first-person flying camera perspective, no visible drone or flying…",,真人,特效向,奇幻怪兽,,en,Seedance 2.0,,,renoise-ai/awesome-seedance-prompts,https://github.com/renoise-ai/awesome-seedance-prompts/blob/904b6caffa21c2b114bb93e1bd0e37ba80b3dd10/data/prompts/2073859479087550582.json,CC-BY-4.0,LudovicCreator,https://x.com/LudovicCreator/status/2073859479087550582,True,prompts/真人/特效向/奇幻怪兽/renoise-2073859479087550582--Immersive-first-person-flying-camera-per.md,"Immersive first-person flying camera perspective, no visible drone or flying device. The camera dives through an ancient jungle temple swallowed by storm clouds, racing between vines, stone statues, waterfalls, and glowing ruins. At the end, the temple opens into a massive underground sun, releasing golden shockwaves and levitating stone rings. Continuous POV shot, no cuts, aggressive banking, cinematic motion blur, volumetric mist, high-end fantasy VFX."
renoise-2073926817468256348,KAELDRAX [@Pixie_Create_a_premi] — ASHES OF THE FIRST THRONE,,漫剧,特效向,奇幻冒险,2D日漫,en,Seedance 2.0,,,renoise-ai/awesome-seedance-prompts,https://github.com/renoise-ai/awesome-seedance-prompts/blob/904b6caffa21c2b114bb93e1bd0e37ba80b3dd10/data/prompts/2073926817468256348.json,CC-BY-4.0,PixieVerse,https://x.com/itsPixieVerse/status/2073926817468256348,True,prompts/漫剧/特效向/奇幻冒险/renoise-2073926817468256348--KAELDRAX-Pixie_Create_a_premi-—-ASHES-OF.md,"KAELDRAX [@Pixie_Create_a_premi] — ASHES OF THE FIRST THRONE
Duration: 15 Seconds
Use storyboard [@Pixie_ConceptLong_be] as reference only.
Create one seamless cinematic boss-introduction sequence.
Do not render storyboard panels.
Do not render text.
Do not render annotations.
Do not render page layouts.
MASTER PROMPT
Generate a AAA dark fantasy final-boss cinematic featuring Kaeldrax, The Binded King.
A fallen demi-god monarch with colossal horns, ash-gray skin, cursed ember eye, tattered royal robes, immense beast tail wrapped in ancient bindings, and a molten golden greatsword.
The environment is an ancient underground throne kingdom buried beneath the world. Cathedral-sized halls, broken chains, volcanic ash storms, rivers of molten gold, and colossal ruined monuments surround him.
The sequence should feel like:
Elden Ring remembrance boss
Morgott introduction
Godfrey phase transition
Dark Souls final boss
Diablo IV cinematic
Mythological apocalypse
TIMELINE
0.0–2.0s
Extreme wide aerial shot.
Ancient underground kingdom beneath mountains.
Ash drifting through the air.
Molten rivers illuminate colossal architecture.
Camera descends toward throne chamber.
2.0–3.5s
Massive throne room.
Thousands of broken chains hang from cathedral pillars.
Kaeldrax sits motionless on the Ashen Throne.
The room feels abandoned by gods.
3.5–5.0s
Close-up.
His cursed eye opens.
A single ember ignites.
Golden fire spreads beneath cracked skin.
Ancient power awakens.
5.0–6.5s
Kaeldrax rises slowly.
Chains fall from body.
Heavy impacts echo through chamber.
Camera circles dramatically.
His silhouette dominates frame.
6.5–8.0s
Greatsword drags across stone.
Molten sparks trail behind.
Ancient runes awaken across blade.
Golden fire spreads along weapon.
8.0–10.0s
Entire throne room begins collapsing.
Pillars crack.
Ash vortex expands.
Molten light floods the environment.
The kingdom reacts to its king's return.
10.0–12.0s
Kaeldrax unleashes a colossal sword swing.
A wave of ember-fire erupts across the arena.
Ground fractures.
Ancient monuments shatter.
12.0–13.5s
His beast tail ignites.
Golden fire spirals around him.
Half of his face becomes consumed by divine ember corruption.
Ancient fury awakens.
13.5–15.0s
Final remembrance-boss reveal.
Camera rapidly pulls back.
Kaeldrax stands atop the shattered throne.
A gigantic burning eclipse forms behind him.
Ash storm fills the sky.
Greatsword glowing.
The last king of a dead age.
Fade to black.
STYLE BLOCK
Elden Ring cinematic, FromSoftware boss introduction, dark fantasy masterpiece, painterly realism, volcanic atmosphere, drifting ash, molten gold illumination, colossal scale, gothic architecture, mythological tragedy, divine corruption, dramatic silhouettes, cinematic fog, ember particles, AAA game trailer quality.
SEEDANCE NEGATIVE PROMPT
text, subtitles, captions, panel numbers, storyboard borders, timestamps, camera notes, arrows, production annotations, UI overlays, watermarks, comic panels, page layouts, split screen, modern technology, sci-fi elements, futuristic weapons, anime cel shading, photorealistic live action, low detail textures, weak particles, character redesign, face drift, extra limbs, duplicate character, costume drift, low-scale environments, static poses."
renoise-2073953520584458571,Create a 15-second stylized 3D animated duel in a seamless pure white void — no…,,漫剧,特效向,武侠打斗,3D卡通,en,Seedance 2.0,,,renoise-ai/awesome-seedance-prompts,https://github.com/renoise-ai/awesome-seedance-prompts/blob/904b6caffa21c2b114bb93e1bd0e37ba80b3dd10/data/prompts/2073953520584458571.json,CC-BY-4.0,lam.aifilm,https://x.com/lamaifilm/status/2073953520584458571,True,prompts/漫剧/特效向/武侠打斗/renoise-2073953520584458571--Create-a-15-second-stylized-3D-animated.md,"Create a 15-second stylized 3D animated duel in a seamless pure white void — no environment, only soft hand-painted contact shadows, drifting feathers and stylized dust accents. Style: premium animated feature film quality, painterly 3D CGI, smooth matte surfaces, handcrafted brush-texture finish, warm pastel palette, subtle bloom, diffuse global illumination. Not photorealistic. All effects stylized and clean: soft dust puffs, drifting feathers, graphic impact flashes, gentle motion smears — no realistic smoke, no gore, no blood, no lens flare. Two cute chubby stylized 3D cartoon warriors, ultra-round oversized heads, compact stocky bodies, matching the reference sheets exactly: KNIGHT: English medieval knight, dark curly hair, silver plate armor with gold filigree, white surcoat with red St. George cross, royal-blue ermine cape, longsword, heater shield with red cross. Calm, precise — speed and discipline. EAGLE WARRIOR: Aztec warrior, bearded round face in an open golden eagle-beak helmet with brown-white feathers, feathered arms, golden chest ornament, crimson-turquoise loincloth, round chimalli feather shield, macuahuitl obsidian-edged club. Proud, aggressive — raw power. Pacing mixes slow and fast: restrained camera before the attack; once action bursts, camera turns bold — fast push-ins, snap pans, aggressive tracking. 0:00–0:02 Wide shot in the white void, both warriors facing off at a distance. Eagle Warrior imposing, feathers rustling; Knight still, cape drifting. Slow push-in, tense quiet. 0:02–0:03 Close-up: Eagle Warrior's hand tightens on the macuahuitl, obsidian catching light, brows lowering into a scowl inside the beak. 0:03–0:05 Knight medium close-up, head lowered, noticing. Beat of stillness. Extreme close-up of his eyes lifting and sharpening from friendly calm into focused resolve. Hold briefly. 0:05–0:07 Stylized dust curls around the Eagle Warrior as he coils low, feathers bristling. Knight settles into defensive stance, sword low, shield forward. Still restrained — do not explode early. 0:07–0:09 Eagle Warrior bursts into a heavy stomping charge, feathers streaming, macuahuitl raised overhead. Motion smears, feather trails. Camera: fast lateral tracking, snap push-in. 0:09–0:11 The club crashes onto the heater shield — bright graphic impact flash, Knight's boots skidding back with stylized scuff marks, feathers scattering. Huge hit, but the Knight holds. 0:11–0:12 Main counter, wider shot, both full bodies visible: Knight shoves the club aside with his shield, pivots inside the guard in one clean spin, and strikes the chimalli flat-side, blasting it from the Eagle Warrior's hand. Climax: precision defeats power. Graphic burst, stylized shockwave ring, feathers exploding outward. 0:12–0:13 Locked impact hold: Knight in low lunge, blade extended, cape whipped forward; Eagle Warrior off-balance, disarmed, shield spinning away. One feather drifts down between them. No injury, no gore. 0:13–0:14 Eagle Warrior sits down heavily with a soft comedic bounce, dazed, helmet tilted over one eye. Knight straightens, composed. Discipline has beaten force. 0:14–0:15 Knight sheathes the sword in one smooth motion, then extends a friendly hand to help his rival up. Medium-wide ending: feathers settling, warm confident smile, freeze-frame with soft bloom. Restrictions: no photorealism, realistic sparks/smoke, gore, blood, lens flare, fire, electricity, extra characters or attacks, dark backgrounds, environment elements, mushy motion, inconsistent design. Pure white void throughout. Both characters consistent with reference sheets, action readable, tone charming and family-friendly."
renoise-2073976945411604764,Create a realistic fashion GRWM featuring a stunningly beautiful 20-year-old…,,真人,现实向,时尚写真,,en,Seedance 2.0,link-only,sexual,renoise-ai/awesome-seedance-prompts,https://github.com/renoise-ai/awesome-seedance-prompts/blob/904b6caffa21c2b114bb93e1bd0e37ba80b3dd10/data/prompts/2073976945411604764.json,CC-BY-4.0,Al-Shamus,https://x.com/im_shahid7/status/2073976945411604764,True,prompts/真人/现实向/时尚写真/renoise-2073976945411604764--Create-a-realistic-fashion-GRWM-featurin.md,
renoise-2073983054083944826,"Main Subject : Young Korean woman, early 20s, oversized varsity jacket over…",,真人,现实向,时尚写真,,en,Seedance 2.0,,,renoise-ai/awesome-seedance-prompts,https://github.com/renoise-ai/awesome-seedance-prompts/blob/904b6caffa21c2b114bb93e1bd0e37ba80b3dd10/data/prompts/2073983054083944826.json,CC-BY-4.0,𝐌,https://x.com/Strength04_X/status/2073983054083944826,True,"prompts/真人/现实向/时尚写真/renoise-2073983054083944826--Main-Subject-Young-Korean-woman,-early-2.md","Main Subject : Young Korean woman, early 20s, oversized varsity jacket over pajama shorts, slides on feet, messy bun, sleepy but cheerful expression.
Location : Small neighborhood alley near a quiet residential convenience store, late night. Flickering streetlight, vending machine glow, plastic stools outside, empty street. No people in background.
Visual Style : Realistic late-night documentary tone, soft artificial lighting, relaxed unposed energy.
Camera Style : Early 2000s handycam, handheld shake, autofocus struggling in dim light, warm streetlight color bleed, mild grain. No stabilization.
Timeline (15 sec, each slot = 2 compressed beats):
00:00–00:03 → She walks up holding a triangle kimbap, then sits on a plastic stool outside.
00:03–00:06 → She unwraps it and takes a bite, then looks at camera saying ""진짜 맛있다"" (""This is really good"").
00:06–00:09 → She sips a canned drink, then stretches with a small yawn.
00:09–00:12 → She glances at her phone, then laughs softly to herself.
00:12–00:15 → She looks at the camera and says ""이제 집에 가야지"" (""I should head home now""), then stands up as it fades.
Audio : Vending machine hum, distant cicadas, faint traffic hum, plastic wrapper crinkling. Her dialogue as noted above. No music.
Goal : A quiet, cozy late-night snack break sleepy, warm, real."
renoise-2073991278333689974,"Ultra-clean futuristic smartphone product render for platform X, square 1:1…",,其他,,广告带货,,en,Seedance 2.0,,,renoise-ai/awesome-seedance-prompts,https://github.com/renoise-ai/awesome-seedance-prompts/blob/904b6caffa21c2b114bb93e1bd0e37ba80b3dd10/data/prompts/2073991278333689974.json,CC-BY-4.0,Lukáš Eršil,https://x.com/lukasersil/status/2073991278333689974,True,prompts/其他/广告带货/renoise-2073991278333689974--Ultra-clean-futuristic-smartphone-produc.md,"Ultra-clean futuristic smartphone product render for platform X, square 1:1 composition, pure black studio background, premium high-end tech commercial aesthetic.

Show the phone in exactly three views arranged horizontally:
left side = rear view, center = front view, right side = thin side profile view.
Keep the composition symmetrical, minimal, and very close to a professional flagship smartphone launch image.

The phone has a dark graphite / matte black / smoky titanium body with subtle metallic reflections, flat premium edges, rounded corners, thin bezels, realistic glass and metal materials.

Rear view: smooth matte back panel, centered silver-gray X logo in the middle of the phone. At the top center of the back there is only one single futuristic camera lens, perfectly centered, with a refined circular camera module and subtle glass reflections. No camera bar, no multiple lenses, no extra sensors except one small minimal flash if needed.

Front view: edge-to-edge display with very thin black bezels and a small centered punch-hole selfie camera at the top. The screen wallpaper shows a dark cinematic universe: deep black space, subtle stars, faint nebula clouds, a large dark planet curve with a bright rim light, elegant cosmic atmosphere, premium minimal look.

Side profile: very slim phone body, flat metallic side rail, visible side buttons, subtle camera bump near the top, realistic proportions.

Lighting: controlled studio reflections, soft rim highlights, high contrast, luxury technology advertising, sharp details, photorealistic render, Apple-style product presentation, minimalistic, no text, no UI icons, no extra objects.

Style keywords: futuristic flagship smartphone, X platform design language, premium industrial design, dark luxury tech, realistic product visualization, clean commercial render, high detail, black-on-black aesthetic, subtle metallic highlights."
renoise-2073993915775205507,Create a realistic GRWM (Get Ready With Me) lifestyle video featuring a stylish…,,真人,现实向,时尚写真,,en,Seedance 2.0,,,renoise-ai/awesome-seedance-prompts,https://github.com/renoise-ai/awesome-seedance-prompts/blob/904b6caffa21c2b114bb93e1bd0e37ba80b3dd10/data/prompts/2073993915775205507.json,CC-BY-4.0,Smiling Khan,https://x.com/AIwithkhan/status/2073993915775205507,True,prompts/真人/现实向/时尚写真/renoise-2073993915775205507--Create-a-realistic-GRWM-Get-Ready-With-M.md,"Create a realistic GRWM (Get Ready With Me) lifestyle video featuring a stylish Korean woman with long silky black hair, radiant skin, and a fresh natural look. Bright modern apartment with large windows, warm morning sunlight, cozy minimalist interior, premium lifestyle vlog aesthetic, cinematic handheld camera, ultra-realistic photography. The video opens with her waking up naturally as golden sunlight fills the bedroom. She stretches, smiles softly, opens the curtains, and makes her bed before starting her day. She walks around the apartment collecting a basket of laundry, separating light and dark clothes before loading the washing machine. Cinematic close-ups capture the washing machine door closing, detergent pouring in, and the machine beginning its cycle. Later, she carries freshly washed clothes onto the sunny balcony. Slow-motion shots show her clipping shirts, jeans, and towels onto a clothesline while a gentle breeze makes the fabric sway naturally. She pauses for a moment, enjoying the peaceful morning. She waters her balcony plants, prepares an iced coffee, and relaxes by the window while waiting for the laundry. The atmosphere feels calm, cozy, and refreshing. She heads to her vanity and begins a simple skincare routine using cleanser, toner, serum, moisturizer, and lip balm. Warm sunlight highlights her naturally glowing skin. Next, she blow-dries her hair, styles it into soft loose waves, and applies light everyday makeup with foundation, blush, mascara, soft eyeliner, and a glossy lip tint. She opens her wardrobe and chooses a fitted white crop top with high-waisted blue jeans. She completes the look with small gold hoop earrings, a delicate necklace, a bracelet, a light spray of perfume, and white sneakers. Standing in front of a full-length mirror, she smiles, adjusts her outfit, and takes a quick mirror selfie before picking up her tote bag and iced coffee. The video ends with her stepping outside into the bright morning sunshine, walking confidently through a peaceful neighborhood lined with trees as the camera slowly pulls back. Style: premium GRWM fashion vlog, cozy morning lifestyle, realistic home routine, cinematic handheld and gimbal shots, warm natural lighting, elegant transitions, Scandinavian apartment aesthetic, photorealistic, soft color grading, luxury social media content, 4K HDR, 16:9 widescreen, no subtitles, no text overlays."
renoise-2074011373231804658,"Chase shot behind dragon diving over ruined smoky city, swooping through narrow…",,其他,,风景空镜,,en,Seedance 2.0,,,renoise-ai/awesome-seedance-prompts,https://github.com/renoise-ai/awesome-seedance-prompts/blob/904b6caffa21c2b114bb93e1bd0e37ba80b3dd10/data/prompts/2074011373231804658.json,CC-BY-4.0,Magnific,https://x.com/magnific/status/2074011373231804658,True,prompts/其他/风景空镜/renoise-2074011373231804658--Chase-shot-behind-dragon-diving-over-rui.md,"Chase shot behind dragon diving over ruined smoky city, swooping through narrow canyon streets past crumbling stone ruins. Dark fantasy, moody lighting, fires below."
renoise-2074014426101850448,图片一：子弹时间，丝滑转场到图片二：子弹时间。,,真人,现实向,剧情短片,,zh,Seedance 2.0,,,renoise-ai/awesome-seedance-prompts,https://github.com/renoise-ai/awesome-seedance-prompts/blob/904b6caffa21c2b114bb93e1bd0e37ba80b3dd10/data/prompts/2074014426101850448.json,CC-BY-4.0,John,https://x.com/johnAGI168/status/2074014426101850448,True,"prompts/真人/现实向/剧情短片/renoise-2074014426101850448--图片一-子弹时间,丝滑转场到图片二-子弹时间.md",图片一：子弹时间，丝滑转场到图片二：子弹时间。
renoise-2074019290999873765,ソース参照画像のキャラクターを参照し、同じ人物として維持する。参照画像はキャラクターの顔、目の形、虹彩色、髪型、髪色、衣装、装飾、体格、シルエット、雰囲気、キャ…,,漫剧,特效向,武侠打斗,3D卡通,ja,Seedance 2.0,,,renoise-ai/awesome-seedance-prompts,https://github.com/renoise-ai/awesome-seedance-prompts/blob/904b6caffa21c2b114bb93e1bd0e37ba80b3dd10/data/prompts/2074019290999873765.json,CC-BY-4.0,mayv@神プロンプト公開中！,https://x.com/haruuraeadss/status/2074019290999873765,True,prompts/漫剧/特效向/武侠打斗/renoise-2074019290999873765--ソース参照画像のキャラクターを参照し-同じ人物として維持する-参照画像はキャラク.md,"ソース参照画像のキャラクターを参照し、同じ人物として維持する。参照画像はキャラクターの顔、目の形、虹彩色、髪型、髪色、衣装、装飾、体格、シルエット、雰囲気、キャラクターカラー、固有モチーフ、世界観の気配を固定するためだけに使用する。参照画像そのものの背景、部屋、家具、ポーズ、画角、フレーミング、白背景、設定資料レイアウト、UI、文字、説明図は再現しない。表情、視線、口元、ポーズ、呼吸、自然な髪と衣装の揺れだけ変化してよい。特徴の混合、顔の平均化、衣装交換、別人化、クローン化、余計な人物の追加は禁止。

この映像は、固定シーン構成を持つ高品質なキャラクター戦闘PVとする。全体は独立した高品質3D toon / cel-look anime game character PV。完全な立体キャラクターモデル感、精密なcel shader、明瞭なアニメ輪郭、2〜3層のtoon shadow、材質ごとの高級感ある反射表現を持たせる。非実写、非半写実、非cosplay、非低品質CG、非2D設定画の単純アニメ化。

重要：シーンの骨格は固定するが、背景・小物・色味・雰囲気・照明・エフェクト・質感演出は、必ず参照画像のキャラクターに合わせて再設計すること。
固定するのは「夜の屋上で始まる近距離戦闘PV」という構成だけであり、屋上のデザイン、建築様式、看板、光源色、反射、空気感、舞うモチーフ、戦闘エフェクト、武器や能力の見せ方は、参照キャラクターの世界観・配色・装飾・役割に適応させること。
例えば、近未来キャラならネオンとガラスとホログラム寄り、幻想系なら月光と魔力粒子寄り、和風なら和意匠ネオンや雨濡れ瓦風寄り、ゴシックなら冷たい月光と装飾鉄骨寄りに調整する。
ただし、どの場合でも「夜の高所屋上」「近距離戦闘」「高速だが可読性の高いPV」という基本構造は維持する。
キャラクターの同一性を最優先にする。全編を通して登場人物はこの一人のみ。常に同一人物であり続けること。顔の入れ替わり、顔型の変化、年齢感の変化、別人化、量産顔化、クローン、分身、残像の実体化、反射内だけ別の顔になる現象は禁止。
顔は参照画像の顔立ちを最優先で維持する。目の形、虹彩の大きさ、虹彩色、目の開き方、まつ毛の印象、鼻の存在感、口の大きさ、輪郭、顎の形、頬の厚み、髪の生え際、前髪の形状、髪色と髪の質感を忠実に保つ。
参照画像が若く可憐ならその若さを守り、成熟系ならその成熟感を守る。汎用的な3Dゲーム顔へ平均化しない。2D的な顔比率やデザイン性を保ったまま、高品質な3Dアニメゲームモデルへ翻訳する。
衣装、装飾、シルエット、キャラクターカラー、素材感も高優先で維持する。服の構造、配色の主従、アクセサリー位置、象徴的モチーフは崩さない。ディテールを簡略化しない。
参照画像に武器や明確な戦闘用小物がある場合、それを主武器として使用する。
参照画像に武器がない場合は、キャラクターの衣装・役割・世界観に自然に合う戦闘用の主武器または主アクション用小物を一つだけ補完してよい。ただし、キャラクターの雰囲気を壊さないこと。
3D toon表現として、輪郭線は細く明瞭、陰影は整理され、材質差が明確に読み取れること。髪は毛束感、先端の流れ、適度な透け感、リムライトを持たせる。瞳は宝石感やガラス感など、参照画像の印象に応じた高密度な虹彩表現を行う。衣装、金属、宝石、布、レース、革、半透明素材などは、参照画像の意匠に基づいて上質なtoon材質で描写する。低ポリゴン、プラスチック感、油っぽいCG、ゴムっぽい皮膚、灰色で眠い色調は禁止。

カメラは、顔や上半身の魅力を崩さない中望遠寄りを基本とする。顔の近景では約65〜85mm相当、中近景では約50〜70mm相当の自然なパース感。広角の顔寄り、魚眼、極端な煽り・俯瞰、鼻や顎を誇張する歪みは禁止。顔のアップでは、参照画像らしい目・輪郭・髪の印象が最も美しく読める角度を優先する。
光と色は、参照画像のキャラクターカラーを中心に再構成する。主光、補助光、リムライト、武器エフェクト、背景看板、反射色、粒子色は、参照画像の色設計と感情トーンに合わせる。
背景は夜の屋上であることを維持しつつ、屋上の質感、床面反射、遠景建築、ガラス、看板、雨上がり感、霧、浮遊粒子、装飾的モチーフなどをキャラクターに合わせて変える。
キャラクターの意匠や顔が背景より常に主役であること。背景は引き立て役。
動作と編集。全編は多Cut構成の高速キャラクターPV。各Cutでは主動作を一つだけ明確に見せる。
動作は「準備動作 → 単一攻撃または単一アクション → 約0.1秒のhit-stop → 余韻」の流れを基本とする。
モーションブラー、スピード線、軌跡エフェクトは移動中にのみ使い、停止の瞬間には必ず顔、目、手元、武器、打点、装飾、シルエットのいずれかが明確に読み取れること。

Cut 1
新しい夜の屋上シーンから開始する。
カメラはキャラクターの後方または斜め後方の中近景から入り、髪、衣装、装飾、小物、主武器または主アクションの起点が自然に見えるようにする。風や空気感で髪や衣装がわずかに揺れる。
屋上・遠景都市・光源・反射・空気中のモチーフは、参照キャラクターの世界観に合わせて設計する。
この一目で「このキャラが、今から戦う」ということが読めるようにする。
Cut 2

敵影、障害、標的、または戦闘対象が画面に現れる。ただし詳細な別キャラクターにはせず、黒影、エネルギー体、輪郭だけの敵、抽象的な標的など、主役を邪魔しない存在として扱う。
カメラは主武器、手元、視線、瞳、発動部位の近景へ切り替わる。
最初の一撃または最初の発動アクションを行う。接触点には短いhit-stopを入れ、打撃点と武器軌跡が明確に見えるようにする。

Cut 3

近距離戦闘の連続。カメラは近景〜中近景を維持し、肩、手、"
renoise-2074027529632162278,"Main subject: Young Korean couple, both early-to-mid 20s, fresh-faced and…",,真人,现实向,生活与vlog,,en,Seedance 2.0,,,renoise-ai/awesome-seedance-prompts,https://github.com/renoise-ai/awesome-seedance-prompts/blob/904b6caffa21c2b114bb93e1bd0e37ba80b3dd10/data/prompts/2074027529632162278.json,CC-BY-4.0,Mr Das,https://x.com/MrDasOnX/status/2074027529632162278,True,"prompts/真人/现实向/生活与vlog/renoise-2074027529632162278--Main-subject-Young-Korean-couple,-both-e.md","Main subject: Young Korean couple, both early-to-mid 20s, fresh-faced and naturally attractive. Woman: long dark hair in a loose low bun with strands falling out, wearing an oversized soft beige hoodie and black bike shorts, glowing skin. Man: short textured black hair, wearing a white sleeveless tank and grey sweatpants, gentle and playful vibe. Keep their looks, outfits, and loving chemistry perfectly consistent across shots.
Location: Charming Seoul suburban residential area at golden sunrise. Winding alleyways between colorful low-rise apartments, rooftop gardens with flowers, small balconies with drying clothes, steam from breakfast drifting out windows, birds on power lines, warm sunlight painting everything in soft orange and pink hues.
Visual Style: Bright, heartwarming lifestyle realism with a dreamy morning glow. Soft bokeh in backgrounds, gentle lens flares from rising sun, vibrant yet natural colors, cozy and aspirational feel that makes viewers smile and feel warm inside. Focus on tender couple connection, small joyful gestures, and the beauty of simple shared moments.
Camera Style: Mid-2010s smartphone video aesthetic (like an old iPhone 6 or Galaxy S5 recording). Casual vertical or slightly tilted handheld footage from one of them holding the phone. Light digital stabilization with occasional jitters, smooth but imperfect panning, auto white-balance shifts, subtle lens flare from morning sun, minor compression artifacts, natural color grading with slightly boosted warmth, occasional finger in frame or thumb occlusion at edges. No professional moves, feels like personal couple vlog footage.
00:00–00:02
Close-up of them waking up together on a small bed by the window. She sleepily smiles and pulls him in for a morning kiss on the forehead. Golden sunrise light pours in.
00:02–00:04
In their tiny kitchen, he makes coffee while she hugs him from behind, resting her chin on his shoulder. They sway together laughing as the coffee brews.
00:04–00:06
Stepping out to their small balcony. They feed leftover rice to birds on the railing. She points excitedly at a bird; he wraps his arms around her from behind.
00:06–00:08
Walking hand-in-hand down the sunny alley. They stop to take a quick selfie together, making silly faces then a sweet kiss on the cheek.
00:08–00:10
Sitting on a low wall sharing one pair of wired earphones, listening to music. She rests her head on his shoulder, both gently nodding to the beat with peaceful smiles.
00:10–00:12
Playful moment — he pretends to run away with her coffee cup; she chases him a few steps, both laughing brightly in the morning light.
00:12–00:15
Back at their door. They turn to the camera together, wave cutely, blow a kiss, and say “Have a good day!” in Korean with big smiles. Screen fades warmly as they step inside.
Audio: Gentle natural morning ambience (soft birds, distant city wake-up sounds, light wind) mixed with faint, cheerful lo-fi beat playing from their shared earphones. Subtle fabric rustles, footsteps, happy laughter, and warm couple whispers. Cozy and uplifting without overpowering.
Goal: Create an irresistibly heartwarming, relatable “couple goals” morning routine that feels genuine and aspirational — perfect for evoking smiles, relationship envy, and high shareability. Designed to go viral as feel-good everyday romance content."
renoise-2074050700464841181,A big alien with long tentacles wraps around a jeep on an airfield. High above…,,真人,特效向,科幻,,en,Seedance 2.0,,,renoise-ai/awesome-seedance-prompts,https://github.com/renoise-ai/awesome-seedance-prompts/blob/904b6caffa21c2b114bb93e1bd0e37ba80b3dd10/data/prompts/2074050700464841181.json,CC-BY-4.0,Rahul Nanda,https://x.com/rahulnanda86/status/2074050700464841181,True,prompts/真人/特效向/科幻/renoise-2074050700464841181--A-big-alien-with-long-tentacles-wraps-ar.md,"A big alien with long tentacles wraps around a jeep on an airfield. High above, a cargo plane flies low over the runway. Sounds: loud plane engine, alien hissing, shouting, wind.

Shot 1 (0–3s) — THE HOOK: The big alien's tentacles wrap tight around the jeep, squeezing it. The driver is stuck inside. He shouts on his radio: ""IT'S GOT MY JEEP! I CAN'T MOVE!""

Shot 2 (3–6s): Up in the cargo plane, the pilot sees the jeep stuck below. He lines up the plane carefully over the target. He calls on his radio: ""I see it! Get ready — bomb away!""

Shot 3 (6–9s): The driver kicks his door open and rolls out of the jeep fast. He crawls away across the runway. The alien stays wrapped around the empty jeep, still holding tight.

Shot 4 (9–13s) — BIG SLOW MOMENT: The bomb drops from the plane. We see it slow. It falls down through the sky, straight down toward the jeep and the alien below.

Shot 5 (13–15s): Everything goes back to normal speed. BOOM! The jeep and the alien blow up together in one massive fireball. The plane flies away safe overhead. The driver watches from far away, safe on the ground."
renoise-2074055653815959737,Photorealistic cinematic hero portrait of a young adult female standing on a…,,真人,特效向,科幻,,en,Seedance 2.0,link-only,copyrighted-character,renoise-ai/awesome-seedance-prompts,https://github.com/renoise-ai/awesome-seedance-prompts/blob/904b6caffa21c2b114bb93e1bd0e37ba80b3dd10/data/prompts/2074055653815959737.json,CC-BY-4.0,DUST,https://x.com/Dustfinger2077/status/2074055653815959737,True,prompts/真人/特效向/科幻/renoise-2074055653815959737--Photorealistic-cinematic-hero-portrait-o.md,
renoise-2074060346248319366,夏の化粧品キャンペーンバナーがそのまま静かに動き出すシネマグラフ風動画。カメラは完全に固定し、ズーム・パン・シーン切り替えは一切しない。,,其他,,广告带货,,ja,Seedance 2.0,,,renoise-ai/awesome-seedance-prompts,https://github.com/renoise-ai/awesome-seedance-prompts/blob/904b6caffa21c2b114bb93e1bd0e37ba80b3dd10/data/prompts/2074060346248319366.json,CC-BY-4.0,nobunosuke,https://x.com/nobunosuke_hori/status/2074060346248319366,True,prompts/其他/广告带货/renoise-2074060346248319366--夏の化粧品キャンペーンバナーがそのまま静かに動き出すシネマグラフ風動画-カメラは.md,"夏の化粧品キャンペーンバナーがそのまま静かに動き出すシネマグラフ風動画。カメラは完全に固定し、ズーム・パン・シーン切り替えは一切しない。

【完全に静止させる要素（最重要）】
画面内のすべての文字とグラフィックは 1 ピクセルも動かさない: 上部白帯の「期間限定で トライアル増量 します！！」、左上の丸い SOLA TOKYO ロゴバッジ、右側の縦書きコピー「今年の夏は、」「素肌をもっと」「好きになる。」と3本の半透明青リボン、中央左の大きな筆文字「夏」と金色筆記体「Summer」と紺色の「の」、金箔ボックスの「UVセラム」「モニター枠」「キャンペーン」、下部の「UVトーンアップセラム 30mL　通常価格5,980円のところ」「モニター価格」バッジ、大きな価格「1,980円」「税込」、「◆期間：7月1日〜8月31日」「◆先着：100名様限定」、最下部の紺色帯「ご予約は公式オンラインストアから受付中」と両脇の金色スパークル。
左下のセラムボトル本体は絶対に動かさない: 位置・大きさ・傾き・ラベル文字を完全に固定し、浮かせない・上昇させない・拡大しない。ボトルは水面に置かれたまま一切移動しない。
レイアウト・色・明るさは変えない。

【動かす要素（すべてゆっくり・繊細に）】
- 女性: 頭の位置はほとんど動かさず、一度ゆっくりまばたきをして、微笑みがわずかに深まる
- 女性の髪: 毛先がそよ風で柔らかくわずかに揺れる
- 背景の淡い光: やわらかくゆらめき、光の粒とボケの円がまたたく
- ボトルの周りに既に浮かんでいる小さな水滴: その場でゆっくり漂いながら光を受けてきらめく。水滴は増やさない・大きくしない
- ボトルの足元の水面: 繊細な波紋がゆっくりと外側へ広がり、反射が優しく揺らめく。水柱・水流・新しい水しぶきの発生は禁止

【質感】
上質で透明感のある夏の化粧品CMの空気。すべての動きはスローで優雅に。急な動き・大きな動きは禁止。"
renoise-2074063383922622766,Create a 15-second cinematic anime-style image-to-video sequence based on the…,,漫剧,特效向,战斗大招,2D日漫,en,Seedance 2.0,link-only,copyrighted-character,renoise-ai/awesome-seedance-prompts,https://github.com/renoise-ai/awesome-seedance-prompts/blob/904b6caffa21c2b114bb93e1bd0e37ba80b3dd10/data/prompts/2074063383922622766.json,CC-BY-4.0,apob,https://x.com/apob_ai/status/2074063383922622766,True,prompts/漫剧/特效向/战斗大招/renoise-2074063383922622766--Create-a-15-second-cinematic-anime-style.md,
renoise-2074071776972476698,"Ultra-fast first-person camera flying at approximately 90 km/h, skimming inches…",,真人,现实向,生活与vlog,,en,Seedance 2.0,,,renoise-ai/awesome-seedance-prompts,https://github.com/renoise-ai/awesome-seedance-prompts/blob/904b6caffa21c2b114bb93e1bd0e37ba80b3dd10/data/prompts/2074071776972476698.json,CC-BY-4.0,Tanvi,https://x.com/tanvitabs/status/2074071776972476698,True,prompts/真人/现实向/生活与vlog/renoise-2074071776972476698--Ultra-fast-first-person-camera-flying-at.md,"Ultra-fast first-person camera flying at approximately 90 km/h, skimming inches above ancient moss-covered stone pathways before aggressively diving through a colossal jungle temple swallowed by thunderclouds."
renoise-2074073497190752716,Please use the rough pencil storyboard as a visual reference only.,,漫剧,现实向,日常治愈,2D日漫,en,Seedance 2.0,link-only,sexual,renoise-ai/awesome-seedance-prompts,https://github.com/renoise-ai/awesome-seedance-prompts/blob/904b6caffa21c2b114bb93e1bd0e37ba80b3dd10/data/prompts/2074073497190752716.json,CC-BY-4.0,GPTProto Official,https://x.com/gptproto/status/2074073497190752716,True,prompts/漫剧/现实向/日常治愈/renoise-2074073497190752716--Please-use-the-rough-pencil-storyboard-a.md,
renoise-2074086285489385762,ITALY TRAVEL VLOG — 15 SEC MUSIC CUT,,真人,现实向,生活与vlog,,en,Seedance 2.0,link-only,copyrighted-character,renoise-ai/awesome-seedance-prompts,https://github.com/renoise-ai/awesome-seedance-prompts/blob/904b6caffa21c2b114bb93e1bd0e37ba80b3dd10/data/prompts/2074086285489385762.json,CC-BY-4.0,BGKuaci,https://x.com/BGKuaci/status/2074086285489385762,True,prompts/真人/现实向/生活与vlog/renoise-2074086285489385762--ITALY-TRAVEL-VLOG-—-15-SEC-MUSIC-CUT.md,
renoise-2074087194608738335,"A 15-second vertical-screen slice-of-life comedy short film, 9:16 aspect ratio…",,真人,现实向,喜剧整活,,zh,Seedance 2.0,link-only,hate,renoise-ai/awesome-seedance-prompts,https://github.com/renoise-ai/awesome-seedance-prompts/blob/904b6caffa21c2b114bb93e1bd0e37ba80b3dd10/data/prompts/2074087194608738335.json,CC-BY-4.0,Loriel.AI,https://x.com/ou_zhen599/status/2074087194608738335,True,prompts/真人/现实向/喜剧整活/renoise-2074087194608738335--A-15-second-vertical-screen-slice-of-lif.md,
renoise-2074100296255459373,"A unique 3D fighter character, a masked thunder warrior with a muscular build…",,漫剧,特效向,战斗大招,3D卡通,en,Seedance 2.0,,,renoise-ai/awesome-seedance-prompts,https://github.com/renoise-ai/awesome-seedance-prompts/blob/904b6caffa21c2b114bb93e1bd0e37ba80b3dd10/data/prompts/2074100296255459373.json,CC-BY-4.0,ibexdream,https://x.com/ibexdream/status/2074100296255459373,True,"prompts/漫剧/特效向/战斗大招/renoise-2074100296255459373--A-unique-3D-fighter-character,-a-masked.md","A unique 3D fighter character, a masked thunder warrior with a muscular build, glowing electric energy around the fists, dark tactical pants, armored shoulder pieces, intense stance, full body, highly detailed stylized 3D render, completely white background, studio lighting, no text"
renoise-2074107342690615721,"Make the figure from image 1 wear the Japan jersey, player number is 17. Hyper…",,真人,现实向,时尚写真,,en,Seedance 2.0,link-only,copyrighted-character,renoise-ai/awesome-seedance-prompts,https://github.com/renoise-ai/awesome-seedance-prompts/blob/904b6caffa21c2b114bb93e1bd0e37ba80b3dd10/data/prompts/2074107342690615721.json,CC-BY-4.0,DΞV,https://x.com/junwatu/status/2074107342690615721,True,prompts/真人/现实向/时尚写真/renoise-2074107342690615721--Make-the-figure-from-image-1-wear-the-Ja.md,
renoise-2074108791025779185,"Storyboard panel, cinematic 3D toy stop-motion render style: a stylized male…",,漫剧,现实向,剧情短片,粘土定格,en,Seedance 2.0,,,renoise-ai/awesome-seedance-prompts,https://github.com/renoise-ai/awesome-seedance-prompts/blob/904b6caffa21c2b114bb93e1bd0e37ba80b3dd10/data/prompts/2074108791025779185.json,CC-BY-4.0,Magnific,https://x.com/magnific/status/2074108791025779185,True,"prompts/漫剧/现实向/剧情短片/renoise-2074108791025779185--Storyboard-panel,-cinematic-3D-toy-stop.md","Storyboard panel, cinematic 3D toy stop-motion render style: a stylized male courier character with exaggerated oversized hands and feet, geometric jaw, matte clay-like skin, wearing a ribbed knit sweater, crouched in an explosive starting sprint pose on a rooftop ledge at golden hour, flat bold red color-block sky behind him for graphic punch, dramatic low angle, shallow depth of field, warm rim light, dynamic action energy, minimal expressive eyes, 16mm film grain, cinematic composition"
renoise-2074114452941570163,Create a beautiful animation story in pixar style,,漫剧,现实向,剧情短片,3D卡通,en,Seedance 2.0,,,renoise-ai/awesome-seedance-prompts,https://github.com/renoise-ai/awesome-seedance-prompts/blob/904b6caffa21c2b114bb93e1bd0e37ba80b3dd10/data/prompts/2074114452941570163.json,CC-BY-4.0,Dheepan Ratnam,https://x.com/Dheepanratnam/status/2074114452941570163,True,prompts/漫剧/现实向/剧情短片/renoise-2074114452941570163--Create-a-beautiful-animation-story-in-pi.md,Create a beautiful animation story in pixar style
renoise-2074115487794098529,スタイル:フォトリアル。実写映画。,,真人,特效向,奇幻怪兽,,ja,Seedance 2.0,,,renoise-ai/awesome-seedance-prompts,https://github.com/renoise-ai/awesome-seedance-prompts/blob/904b6caffa21c2b114bb93e1bd0e37ba80b3dd10/data/prompts/2074115487794098529.json,CC-BY-4.0,とすくん,https://x.com/tokyo_Valentine/status/2074115487794098529,True,prompts/真人/特效向/奇幻怪兽/renoise-2074115487794098529--スタイル-フォトリアル-実写映画.md,"スタイル:フォトリアル。実写映画。
概要:画像3のクリーチャーが渋谷のスクランブル交差点であばれる、画像1の女性と画像2の女性が共闘して画像3のクリーチャーを日本刀で倒す。

※血の表現は絶対にしないでください。

・シーン1
渋谷のスクランブル交差点で建物を破壊する画像3のクリーチャー。
画像3のクリーチャーは身長100メートルほど。

・シーン2
日本刀を持った画像1の女性と画像2の女性が登場する。
彼女たちは画像3の怪獣の足元から画像3怪獣の頭部まで、怪獣の身体を超高速で一気に駆け上がる。スピード感のあるアクロバティックなアクションシーン。

・シーン3
カメラが切り替わる。
画像1の女性と画像2の女性が画像3の怪物の頭の上で、お互いの日本刀に炎のパワーと電撃のパワーをそれぞれ溜めて、お互いの顔を見合わせる。

・シーン4
カメラが切り替わる。
画像1の女性の日本刀からは炎のエフェクトが出ている、画像3のクリーチャーを日本刀で斬りつける。
画像2の女性の日本刀からは電撃のエフェクトが出ている、画像3のクリーチャーを日本刀で斬りつける。
・シーン5
2人の刀の攻撃で画像3のクリーチャーが倒される。
・シーン6
画面1の女性と画像2の女性の2人は顔を見合わせるてニヤリと笑う。"
renoise-2074126754445447628,Create a hyper-cinematic continuous single-take action sequence featuring…,,漫剧,特效向,奇幻冒险,2D日漫,en,Seedance 2.0,link-only,hate,renoise-ai/awesome-seedance-prompts,https://github.com/renoise-ai/awesome-seedance-prompts/blob/904b6caffa21c2b114bb93e1bd0e37ba80b3dd10/data/prompts/2074126754445447628.json,CC-BY-4.0,Kiki,https://x.com/Mayz1169/status/2074126754445447628,True,prompts/漫剧/特效向/奇幻冒险/renoise-2074126754445447628--Create-a-hyper-cinematic-continuous-sing.md,
renoise-2074126811106259146,Create a realistic fashion GRWM featuring a stunningly beautiful 20-year-old…,,真人,现实向,时尚写真,,en,Seedance 2.0,link-only,sexual,renoise-ai/awesome-seedance-prompts,https://github.com/renoise-ai/awesome-seedance-prompts/blob/904b6caffa21c2b114bb93e1bd0e37ba80b3dd10/data/prompts/2074126811106259146.json,CC-BY-4.0,Saul Goodman,https://x.com/Goodmanprotocol/status/2074126811106259146,True,prompts/真人/现实向/时尚写真/renoise-2074126811106259146--Create-a-realistic-fashion-GRWM-featurin.md,
renoise-2074128727118872817,整个画面有节奏感和电影感，仅生成环境的音效，不要配背景音乐。真人写实中式史诗电影风格，4K写实古装电影质感，非常黑的黑夜，在一片竹林，整体光线偏暗，以冷色月光为…,,真人,特效向,武侠打斗,,zh,Seedance 2.0,,,renoise-ai/awesome-seedance-prompts,https://github.com/renoise-ai/awesome-seedance-prompts/blob/904b6caffa21c2b114bb93e1bd0e37ba80b3dd10/data/prompts/2074128727118872817.json,CC-BY-4.0,探路AI,https://x.com/TanLuAI/status/2074128727118872817,True,"prompts/真人/特效向/武侠打斗/renoise-2074128727118872817--整个画面有节奏感和电影感,仅生成环境的音效,不要配背景音乐-真人写实中式史诗电影.md","整个画面有节奏感和电影感，仅生成环境的音效，不要配背景音乐。真人写实中式史诗电影风格，4K写实古装电影质感，非常黑的黑夜，在一片竹林，整体光线偏暗，以冷色月光为主，气氛严肃、压抑、锋芒毕露。镜头一镜到底，运镜顺滑稳定，不跳切，不出现人物错乱，不出现多余人物，不出现现代物品，人物五官清晰，动作自然，不穿模，不扭曲。

人物共三位：
黑衣女子：图片3:手持短刀，神情冷峻，眼神直视镜头。
红衣女子：图片2站在 黑衣女子的侧后方，姿态优雅，不怒自威的表情，很强的压迫感。
青女女子：图片1站在黑衣女子的另一侧，表情单纯但坚毅

光源参考：使用月光的冷光效果，暗部层次。

面部描述参考：超写实高清皮肤纹理和质感，真实毛孔与微小瑕疵，压迫感的眼神，深邃坚定的眼睛，细微眼部表情，人物紧盯镜头时带有锋芒毕露的士气。

景深参考：极浅景深，背景虚化，面部特写微距对焦，前景虚实过渡，强烈空间纵深感，细腻胶片颗粒感，锐利焦点聚焦。

0-2秒第一帧开场：镜头推进，画面从黑衣女子的极近面部侧脸特写，背景虚化，黑衣女子完整的面孔填满镜头，剑眉锐利，眼神锋芒怒视镜头，暗部层次丰富，浅景深虚化背景，画面只有黑衣女子一人，无其他人物。
2-4秒：镜头顺滑匀速环绕至黑衣女身后：镜头从正面平稳向后拉远，从背影侧边露出露出红衣女子的近脸，眼神充满霸气和压迫感。
4-10秒镜头匀速向后拉远，黑衣女子缓慢转身正对镜头，作出拔出短刀的姿势：画面空间逐步拓宽，人物全程不变，黑衣女子站在画面中心靠前位置，红衣女子在画面右后方远处缓缓走出，青衣女子出现在黑衣女子的另一侧，作出拔出剑的起手姿势；镜头后拉过程中保持人物焦点清晰，空间纵深感增强。"
renoise-2074130704921714752,{,,真人,现实向,剧情短片,,en,Seedance 2.0,,,renoise-ai/awesome-seedance-prompts,https://github.com/renoise-ai/awesome-seedance-prompts/blob/904b6caffa21c2b114bb93e1bd0e37ba80b3dd10/data/prompts/2074130704921714752.json,CC-BY-4.0,AIrina (Virtual Media Net),https://x.com/airina_xyz/status/2074130704921714752,True,prompts/真人/现实向/剧情短片/renoise-2074130704921714752--untitled.md,"{
""genre"": ""War"",
""scene_title"": ""Dawn Recon Patrol"",
""duration"": ""15 seconds"",
""character"": ""woman from [image1] - maintain perfect facial features consistency"",
""outfit"": ""modern camouflage combat uniform, tactical vest, helmet, backpack"",
""shots"": [
{""time"":""00:00-00:02"",""shot"":""Woman quietly advances through a foggy forest before sunrise.""},
{""time"":""00:02-00:04"",""shot"":""She studies the terrain through binoculars.""},
{""time"":""00:04-00:06"",""shot"":""Close-up of a handwritten military map.""},
{""time"":""00:06-00:08"",""shot"":""She signals silently to unseen teammates.""},
{""time"":""00:08-00:10"",""shot"":""Birds suddenly take flight in the distance.""},
{""time"":""00:10-00:12"",""shot"":""She marks enemy vehicle tracks in a notebook.""},
{""time"":""00:12-00:15"",""shot"":""The patrol disappears deeper into the forest.""}
]
}"
renoise-2074131502733152605,Ultra-photorealistic cinematic 15-second action sequence from a grounded action…,,真人,特效向,动作大片,,en,Seedance 2.0,,,renoise-ai/awesome-seedance-prompts,https://github.com/renoise-ai/awesome-seedance-prompts/blob/904b6caffa21c2b114bb93e1bd0e37ba80b3dd10/data/prompts/2074131502733152605.json,CC-BY-4.0,TechHalla,https://x.com/techhalla/status/2074131502733152605,True,prompts/真人/特效向/动作大片/renoise-2074131502733152605--Ultra-photorealistic-cinematic-15-second.md,"Ultra-photorealistic cinematic 15-second action sequence from a grounded action thriller film. Nighttime at an abandoned industrial train yard. Old trains, rusted tracks, broken platforms and warehouses. Strong moonlight and industrial lighting. The visual language is gritty and realistic with hyper-realistic practical destruction. Camera is handheld-dynamic with urgent moves.

No reference images provided. Generate a fully consistent lead character: a male fugitive in his mid-30s, short hair, intense expression. He wears a dark jacket, jeans and boots. Maintain exact same appearance and clothing throughout the clip.

0-3s: [Dynamic handheld tracking shot from side-rear] The man runs across the train yard as a freight train derails violently after hitting a collapsed section of track. Massive train cars tip over and crash into the ground, sending metal, wood and cargo flying. The camera tracks him urgently as the destruction spreads.

3-7s: [Slow continuous orbiting camera moving around the frozen destruction] At the peak of the derailment, everything freezes in perfect realistic physics. Huge train cars, twisted metal, wooden debris and clouds of dust hang motionless in the air with accurate weight and trajectories. The camera performs a smooth, continuous orbit through the frozen chaos, moving between large suspended train cars and passing close to sharp metal fragments while the man remains visible.

7-15s: [Dynamic tracking shot as time resumes] At the 7-second mark time snaps back to forward motion with a slight realistic temporal residue. Some outer debris shows a very subtle reverse lag before continuing. The man has used the frozen moment to dive behind a concrete barrier. When motion resumes, several large pieces of metal miss him. He stays low and runs toward an open warehouse as debris finally crashes down. The camera tracks with him through the dust.

Photorealistic 8K, hyper-realistic rigid body destruction with correct material properties (metal, wood, train parts), perfect frozen mid-air physics, seamless transition from freeze to resume, natural dust interaction, heavy cinematic motion blur on fast debris, stable character performance, movie-level practical destruction VFX quality."
renoise-2074131817851179490,"Style: Dark supernatural horror, haunted house atmosphere, oppressive dread…",,真人,特效向,恐怖灵异,,en,Seedance 2.0,,,renoise-ai/awesome-seedance-prompts,https://github.com/renoise-ai/awesome-seedance-prompts/blob/904b6caffa21c2b114bb93e1bd0e37ba80b3dd10/data/prompts/2074131817851179490.json,CC-BY-4.0,Amira Zairi,https://x.com/azed_ai/status/2074131817851179490,True,"prompts/真人/特效向/恐怖灵异/renoise-2074131817851179490--Style-Dark-supernatural-horror,-haunted.md","Style: Dark supernatural horror, haunted house atmosphere, oppressive dread, cinematic realism, high tension, realistic movie trailer pacing

[00:00-00:03] Slow dolly shot down a narrow, dimly lit hallway inside an old house. Peeling wallpaper, crooked family portraits, cracked wood floors, a flickering lamp at the far end, deep shadows swallowing the corners. The air feels heavy and still, then a door at the far end creaks open by itself. Ambient noise: low rumbling, distant floor creaks, faint wind slipping through the walls, soft childlike humming.

[00:03-00:06] Medium shot of a frightened woman in a pale nightgown standing frozen at the end of the hallway, holding a candle with trembling hands. The flame flickers violently as she hears a childlike whisper behind her say, ""Don’t look at me."" She slowly turns, breathing fast, while the family portraits begin to tilt and shake on the wall. Shallow depth of field, cold blue-gray tones, subtle film grain. SFX: whispering, wood cracking, glass frame rattling.

[00:06-00:09] Close-up of her face as terror rises in her eyes. The candle suddenly goes out, plunging the hallway into near-total darkness except for faint moonlight from a nearby window. A door slams shut behind her. She gasps, stumbles backward, and drops the candle holder as scratching sounds race through the walls from one side of the hall to the other. SFX: sudden silence, sharp inhale, metallic clang, frantic scratching inside the walls.

[00:09-00:12] Wide shot as a shadowy figure slowly emerges behind her from the darkness, unnaturally tall, barely visible, head tilted, long fingers reaching forward. She sees it in the reflection of a crooked mirror and suddenly runs down the hallway. The camera follows in a shaky tracking shot as the lamp bursts, portraits fall, and the hallway seems to stretch longer around her. SFX: distorted whispering, pounding footsteps, deep bass hit, distant church bell.

[00:12-00:15] Dynamic low-angle shot as she reaches a locked bedroom door and pounds on it in panic, whispering, ""Please open, please open."" The door suddenly swings inward on its own. She falls inside, turns back toward the hall, and sees the shadow figure rush forward at unnatural speed before stopping just at the doorway. End on a tight shot of her frozen in terror as the door slowly closes by itself. SFX: heartbeat thump, violent wind gust, rising string screech, final heavy slam."
renoise-2074132553146191881,15 seconds. Real-life footage of a realistic office desk + one flat 2D sticker…,,真人,特效向,特效综合,,zh,Seedance 2.0,link-only,hate,renoise-ai/awesome-seedance-prompts,https://github.com/renoise-ai/awesome-seedance-prompts/blob/904b6caffa21c2b114bb93e1bd0e37ba80b3dd10/data/prompts/2074132553146191881.json,CC-BY-4.0,Loriel.AI,https://x.com/ou_zhen599/status/2074132553146191881,True,prompts/真人/特效向/特效综合/renoise-2074132553146191881--15-seconds.-Real-life-footage-of-a-reali.md,
renoise-2074132823179399456,"Three reference images: The woman in [image1], the crowded bus interior in…",,真人,现实向,生活与vlog,,en,Seedance 2.0,,,renoise-ai/awesome-seedance-prompts,https://github.com/renoise-ai/awesome-seedance-prompts/blob/904b6caffa21c2b114bb93e1bd0e37ba80b3dd10/data/prompts/2074132823179399456.json,CC-BY-4.0,sarpstar,https://x.com/sarpstar/status/2074132823179399456,True,prompts/真人/现实向/生活与vlog/renoise-2074132823179399456--Three-reference-images-The-woman-in-imag.md,"Three reference images: The woman in [image1], the crowded bus interior in [image2], and the station platform with the yellow bus in [image3]. Maintain her exact identity throughout — same face, same light ash-brown hair in a neat low bun with fine loose strands, same sleeveless cream silk blouse tucked into a dark-grey pencil skirt, same small gold earrings, thin gold necklace, black leather shoulder bag, thin white wired earphones. The bus interior matches [image2] exactly: a packed Istanbul Metrobüs on a grey summer morning — yellow grab poles, yellow ceiling rails with hanging grip handles, summer crowd in light clothes, muted desaturated colors, grey city visible through the windows. The bus exterior and station match [image3]: the yellow articulated Mercedes Istanbul Metrobüs with the orange LED destination display, İETT branding, steel-canopy BRT station platform.

Character: Young Turkish woman, 26, an Istanbul office professional on her morning commute. Breathtakingly beautiful but entirely unaware of the effect she has. Calm, self-contained, somewhere else in her mind. She never performs for the camera.

Mood and color: A grey, overcast, humid summer morning in Istanbul. The whole world is muted and washed-out — flat grey light, dull colors, tired faces. She is the only thing in the frame that feels alive: her face catches the soft light, subtly clearer and warmer than everything around her. Everything is clearly lit and readable — bright flat daylight, no darkness anywhere.

Camera Style: Recorded on a phone held discreetly at chest height by another passenger inside the crowd. Handheld shake, imperfect tilted framing, autofocus hunting between heads and her face, bodies passing in front of the lens and blocking the view, exposure shifting with the light, mild compression artifacts, faded cold colors. No stabilization. No cinematic moves.

This video is edited like real phone footage: separate shots with hard cuts between them, each scene filmed from a different spot in the crowd.

TIMED SCENES (00:00-00:15)

00:00-00:03 The waiting crowd on the platform from [image3], flat grey summer morning, bright colorless light. A dense crowd packed along the platform edge — far more people than the bus can take — heads and shoulders in the near foreground. She stands squeezed among them, one of the crowd, looking down the lane like everyone else.

00:03-00:06 Cut: at the doors. The yellow metrobüs from [image3] has pulled in, doors hissing open, and the crowd collides — passengers shoving their way out while the platform crowd pushes in at the same time, shoulders slamming, bags crushed between bodies, people squeezing through sideways, someone's arm briefly blocking the lens. She is caught in the middle of the surge — pushed from behind, bumped shoulder to shoulder, carried through the doors by the pressure of the crowd more than by her own steps.

00:06-00:09 Cut: inside the bus, camera squeezed in the crush. Backs and shoulders fill the frame. She is shoved deeper in by the people still boarding behind her — jostled left, bumped by a backpack, turned sideways by the press, catching her balance against a stranger's shoulder with a small apologetic nod. The camera jolts with every shove around it.

00:09-00:12 Cut: deeper inside. Still being nudged and squeezed by the settling crowd, she finally reaches the yellow pole and grips the overhead handle, exhaling, while the last passengers cram in behind her and the doors struggle twice before closing.

00:12-00:15 Cut: closer on her among the packed bodies, her face framed between shoulders. The bus pulls away, the whole crowd sways as one — and her eyes close. A strand of hair against her cheek. Hard instant cut, mid-breath.

Audio: Natural ambient sound only — dense platform noise, the rhythmic beeps of İstanbulkart readers at the turnstiles in the distance, the hydraulic hiss of the doors, the crowd shoving and shuffling, grunts and quiet muttering, a muffled ""iniş var"" from inside, bags and fabric pressed together, the doors thumping twice before closing, the engine pulling away. No music. No narration. She never speaks.

Goal: The first fifteen seconds of an ordinary Istanbul metrobüs morning, captured accidentally on a stranger's phone — the crush of boarding, a beautiful woman shoved and squeezed by the crowd like everyone else, finding her small island of stillness once the bus moves. Raw, real, unposed."
renoise-2074133565504147686,Cinematic sci-fi action sequence tracking a futuristic female warrior in…,,真人,特效向,科幻,,en,Seedance 2.0,,,renoise-ai/awesome-seedance-prompts,https://github.com/renoise-ai/awesome-seedance-prompts/blob/904b6caffa21c2b114bb93e1bd0e37ba80b3dd10/data/prompts/2074133565504147686.json,CC-BY-4.0,Isabella,https://x.com/IsabellaHan_/status/2074133565504147686,True,prompts/真人/特效向/科幻/renoise-2074133565504147686--Cinematic-sci-fi-action-sequence-trackin.md,"Cinematic sci-fi action sequence tracking a futuristic female warrior in glowing metallic armor standing in a dark, bioluminescent forest. Massive glowing tree roots and glowing blue moss surround her. Enormous black panthers with glowing orange eyes and cyan electric veins emerge from the shadows, slowly circling and surrounding her in a wide shot. The warrior takes a combat-ready stance, throwing a swift kick with a cyan energy slash trail. A close-up reveals a sleek katana blade charging with blue light drawn in front of a snarling panther. The scene cuts back to a man in a dark, martial arts tunic holding a sword, stepping into the glowing forest. Hyper-realistic details, dark fantasy atmosphere, dramatic lighting, intense composition, 4k."
renoise-2074139518874366180,"Main character: A young Japanese woman in her early 20s, dressed naturally and…",,真人,现实向,年代怀旧,,en,Seedance 2.0,link-only,hate,renoise-ai/awesome-seedance-prompts,https://github.com/renoise-ai/awesome-seedance-prompts/blob/904b6caffa21c2b114bb93e1bd0e37ba80b3dd10/data/prompts/2074139518874366180.json,CC-BY-4.0,Good FortuneX,https://x.com/pound75423/status/2074139518874366180,True,prompts/真人/现实向/年代怀旧/renoise-2074139518874366180--Main-character-A-young-Japanese-woman-in.md,
renoise-2074141457229709775,"Main subject: free diver, early 30s, lean muscular build, black wetsuit peeled…",,真人,现实向,生活与vlog,,en,Seedance 2.0,,,renoise-ai/awesome-seedance-prompts,https://github.com/renoise-ai/awesome-seedance-prompts/blob/904b6caffa21c2b114bb93e1bd0e37ba80b3dd10/data/prompts/2074141457229709775.json,CC-BY-4.0,Heather Cooper,https://x.com/HBCoop_/status/2074141457229709775,True,"prompts/真人/现实向/生活与vlog/renoise-2074141457229709775--Main-subject-free-diver,-early-30s,-lean.md","Main subject: free diver, early 30s, lean muscular build, black wetsuit peeled down to the waist, wet dark hair slicked back, sun-weathered skin, calm alert expression, a mesh catch bag slung over one shoulder. Maintain consistent identity, clothing, and appearance throughout.

Location: Small wooden fishing dock at sunrise. Calm turquoise water, weathered rope coils, a moored wooden boat, distant rocky coastline, soft mist rising off the water surface. No other people, no tourist infrastructure.

Visual Style: Elevated, cinematic-adjacent, but still handheld and honest — the ""someone with real gear but no crew"" look.

Camera Style: Shot on iPhone 16 Pro Max, Cinematic mode with ProRes capture. Smooth shallow rack focus between diver and water droplets, natural warm sunrise color science, gentle handheld sway from someone standing on the dock, subtle water reflections bouncing light onto his face.

00:00–00:03 He surfaces near the dock, water streaming off his shoulders, gasping a controlled breath.

00:03–00:06 He hauls himself up onto the dock, catch bag dripping, muscles visibly fatigued.

00:06–00:09 He opens the bag, a few fish visible inside, inspects them briefly.

00:09–00:12 He sits on the dock edge, catching his breath, sunrise light glinting off wet skin.

00:12–00:15 He looks toward the camera, exhales, small satisfied nod, clip ends.

Audio: Water lapping against dock posts, his breathing, distant gulls, rope creaking. No music."
renoise-2074145948004217218,動画生成指示：,,其他,,广告带货,,ja,Seedance 2.0,,,renoise-ai/awesome-seedance-prompts,https://github.com/renoise-ai/awesome-seedance-prompts/blob/904b6caffa21c2b114bb93e1bd0e37ba80b3dd10/data/prompts/2074145948004217218.json,CC-BY-4.0,バロメッツ 🐏 barometz,https://x.com/Barometz3891/status/2074145948004217218,True,prompts/其他/广告带货/renoise-2074145948004217218--動画生成指示.md,"動画生成指示：
image_01 = ソラツーちゃんのキャラクター・サッカーユニフォーム参照
この画像は、ソラツーちゃんのキャラクター同一性、3Dアニメ調の絵柄、顔、髪型、瞳、猫耳デバイス、体型、サッカーユニフォーム、ゴーグル、配色、各種ディテールを固定するための最重要参照として使う。
ソラツーちゃんは全編を通して、3Dアニメ調・セル塗りのキャラクターとして描写する。
青紫のボブヘア、明るいシアンの瞳、発光する猫耳デバイス、ネイビーブルーのNeo Sakuraサッカーユニフォーム、背番号02、シアンの発光アクセント、起動時に透過するAETHER VISIONゴーグル、ソックス、シューズ、全体のシルエットを維持する。
この画像のキャラクターシート的な構成、文字、ラベル、三面図、枠線、資料的な要素は完成映像に表示しない。
image_02 = Neo Sakura味方チーム参照
この画像は、ソラツーちゃんの所属チーム「Neo Sakura」の参照として使う。
ソラツーちゃん以外のNeo Sakuraメンバーは、実写調のリアルな人間選手として描写する。
全員がネイビーブルーのNeo Sakuraユニフォームを着用し、AETHER VISIONゴーグルを装着している。
ユニフォームの色、デザイン、チーム感、選手の多様性、リアルな人物感を参照する。
この画像のポスター構成、文字、ロゴ資料、スタジオ背景は完成映像に表示しない。
image_03 = Neo Wings敵チーム参照
この画像は、敵チーム「Neo Wings」の参照として使う。
Neo Wingsの選手は、白ベースのユニフォームを着た実写調のリアルな人間選手として描写する。
敵チームはゴーグルを装着していない。
この画像のポスター構成、文字、ロゴ資料、スタジオ背景は完成映像に表示しない。
image_04 = 9コマ絵コンテ参照
この画像は、15秒動画のショット順、秒数、構図、カメラ方向、感情の流れ、主要イベントを理解するための参照として使う。
絵コンテ画像そのものを再現しない。
完成映像に、コマ割り、枠線、番号、秒数、注釈、説明文字、絵コンテ的なレイアウトを表示しない。
image_05 = 俯瞰マッピング・戦術導線参照
この画像は、スタジアム上の位置関係、サポーター席の位置、ソラツーちゃんのドリブル経路、右サイドの味方選手の位置、クロスの軌道、ヘディング位置、ボールがゴールへ入る経路、キーパーが逆方向へ飛ぶ動きを理解するための空間参照として使う。
マッピング画像そのものを完成映像に表示しない。
矢印、番号、導線、図解、ラベル、マップ的な見た目は完成映像に出さない。
ただし、AETHER VISIONの主観視点内に限り、自然なHUD演出として最小限のルートシミュレーションや味方位置表示を出してよい。
image_06 = AETHER VISION商品参照
この画像は、AETHER VISIONの商品デザイン、ブランドイメージ、濃いネイビーブルーのバイザー、質感、形状、発光アクセント、最終の商品表示の参照として使う。
未装着時・商品単体表示時は、濃いネイビーブルーの反射バイザーを持つ高級感のあるARスポーツゴーグルとして描写する。
プレイ中に装着して起動している時は、レンズが透明または半透明のARスマートバイザーになり、ソラツーちゃんの目や表情が自然に見える。
起動中のバイザーには、必要最小限のHUDだけを表示する。
商品を重たいヘルメット、VRゴーグル、軍用ヘッドセット、普通のサングラスのようにしない。
軽量で美しい、近未来的なサッカー用ARゴーグルとして描写する。
最終1.5秒では、AETHER VISIONの商品を清潔感のある3D回転モデルとして表示する。
商品ポスター全体、細かい機能説明、アイコン群、小さな説明文字は完成映像に出さない。
image_07 = 音声シート参照
この画像は、15秒動画内の日本語台詞、感情、音声タイミング、声の方向性を理解するための参照として使う。
音声シートの画像そのもの、文字、枠線、アイコン、レイアウト、資料的な見た目は完成映像に表示しない。
台詞とリアクションはすべて日本語のみ。
英語の台詞や英語の掛け声は生成しない。
ソラツーちゃんの声は、落ち着いたプロの日本人女性声優のトーンにする。
声は明瞭で、自然で、聞き取りやすく、落ち着きがあり、少し温かい。
台詞は短く、15秒CMとして聞き取りやすい速度にする。
上記の参照画像をもとに、横型16:9、15秒の高品質なシネマティック広告動画を生成してください。
最優先ハードルール：
1. サッカーの基本ルールを守る。フィールドプレイヤーは手や腕でボールに触れない。足、頭、体の自然なサッカー動作だけでプレーする。
2. ソラツーちゃんは全編を通して1人だけ存在する。同じカット内、同じフレーム内、同じ空間内に複数のソラツーちゃんを絶対に出さない。
3. AETHER VISION主観視点では、ソラツーちゃん本人の顔、上半身、背中、全身、ミニキャラ、アバター、ゴースト像、反射像を表示しない。見えてよいのはピッチ、敵、味方、ボール、最小限のHUDのみ。
4. 台詞は指定した日本語のみを、短く、明瞭に読む。言い換えない。増やさない。英語では話さない。
5. ゴールは必ずヘディングで決める。ボールに触れてよいのはソラツーちゃんの額のみ。手、腕、肘、肩、胸でボールに触れない。
6. この動画はAETHER VISIONの広告である。少年の応援が届くこと、ゴーグルが判断を助けること、最後に商品を宣伝することを明確に見せる。
7. 読めない大量の英字や意味不明な文字列を表示しない。
テーマ：
日本人の少年サポーターがスタジアムから応援メッセージを送り、その声援がAETHER VISIONを通じてソラツーちゃんの視界に届く。
ソラツーちゃんはAI戦術シミュレーションとチーム同期によって最適な判断を行い、味方と連携してヘディングゴールを決める。
「応援が視界になり、視界が判断になり、判断が勝利になる」近未来サッカー応援CM。
舞台設定：
夜の巨大サッカースタジアム。
観客席は青い応援グッズや青いライトで盛り上がっている。
リアルな芝、リアルなサッカー選手の動き、シネマティックなスポーツCM風の照明。
スタジアム、チーム、ユニフォーム、ロゴ、広告看板はすべて架空。
実在のクラブ、実在の代表チーム、実在企業、実在大会、FIFA、ワールドカップ、JFA、公式ユニフォーム、国旗、スポンサー名、実在ロゴは使わない。
チーム設定：
Neo Sakura：
ネイビーブルーのユニフォーム、シアン"
renoise-2074156495621718428,Young Japanese woman character setup long black hair in a low ponytail with a…,,真人,现实向,剧情短片,,en,Seedance 2.0,,,renoise-ai/awesome-seedance-prompts,https://github.com/renoise-ai/awesome-seedance-prompts/blob/904b6caffa21c2b114bb93e1bd0e37ba80b3dd10/data/prompts/2074156495621718428.json,CC-BY-4.0,Cia0,https://x.com/Cia0_exe/status/2074156495621718428,True,prompts/真人/现实向/剧情短片/renoise-2074156495621718428--Young-Japanese-woman-character-setup-lon.md,"Young Japanese woman character setup long black hair in a low ponytail with a few loose strands flowing in the wind, fresh natural smile, light linen summer dress with the hem damp from seawater, bare feet on the sand maintain consistent character appearance throughout

Shiba Inu companion setup orange and white two-tone fur, ears standing upright, lively playful expression maintain consistent appearance throughout

Scene setup clear summer beach, blue sky dotted with white clouds, warm bright sunlight, gentle waves lapping the shore, fine white sand glistening with moisture, clear ocean horizon in the distance

15-second cinematic live-action quality multi-shot sequence, professional cinematography, natural lighting, warm-toned summer color grading, shallow depth of field with soft-focus background, high frame rate capturing water splashes and fur detail, camera angle changes every 2 seconds, joyful and lively atmosphere throughout

Shot 1 (0–2s): Wide tracking shot, the woman runs barefoot along the shoreline, the Shiba Inu bounding joyfully right behind her, fine water splashes kicking up under her feet, her dress hem swaying with the motion, side tracking shot capturing the running trajectory, sunlight reflecting in shimmering ripples on the water

Shot 2 (2–4s): Low-angle shot, the woman leaps over a shallow wave, arms spread for balance, her long hair flying up with the jump, the Shiba Inu leaping at her side at the same moment, water splashing under both their feet simultaneously, bright natural smile, low angle capturing the suspended feeling of the jump

Shot 3 (4–6s): Front-facing handheld close-up, the woman laughs heartily turning her head toward the Shiba Inu, small water droplets glistening on her cheeks in the sunlight, strands of hair blown by the sea breeze covering part of her face then drifting away again, shallow depth of field blurring the wave background, capturing a natural candid expression

Shot 4 (6–8s): Side medium shot, the woman crouches to interact with the Shiba Inu, cupping seawater and gently splashing it toward the dog, the Shiba Inu shakes its head flinging off droplets in a slow-motion splash effect, the woman gasps with delighted laughter leaning back after getting splashed, medium shot steadily capturing their playful interaction

Shot 5 (8–10s): High aerial wide shot, looking down at the woman and Shiba Inu running and playing side by side along the shoreline, a trail of footprints and paw prints crisscrossing in the sand, wave lines and sand texture clearly visible, the aerial shot slowly pans across revealing the full coastline

Shot 6 (10–12s): Circling medium shot, the woman spins in place with arms spread wide enjoying the sea breeze and sunlight, her dress hem flaring out like a blooming flower, the water at her feet kicked into circular ripples by the motion, the Shiba Inu happily spinning and barking around her, the camera performs a half-circling movement around them

Shot 7 (12–15s): Pull-back wide shot, the woman crouches down and pulls the Shiba Inu into her arms with a content smile, their silhouettes softly outlined against the warm golden light of the setting sun, gentle waves continuing to roll behind them, the camera slowly pulls back and rises, settling on a warm sunset beach panorama, overall heartwarming atmosphere

Professional cinematic live-action photographic quality throughout, natural realistic lighting and skin/fur texture detail, physically accurate water splash and sand effects, warm-toned summer color grading, shallow depth of field with lens flare accents, 16:9 cinematic aspect ratio, 24fps, no facial distortion, natural fluid movement with no stiffness, no extra characters in frame"
renoise-2074159005866619242,Create a hyper-cinematic continuous single-take action sequence featuring LILY…,,漫剧,特效向,奇幻冒险,2D日漫,en,Seedance 2.0,,,renoise-ai/awesome-seedance-prompts,https://github.com/renoise-ai/awesome-seedance-prompts/blob/904b6caffa21c2b114bb93e1bd0e37ba80b3dd10/data/prompts/2074159005866619242.json,CC-BY-4.0,Kiki,https://x.com/Mayz1169/status/2074159005866619242,True,prompts/漫剧/特效向/奇幻冒险/renoise-2074159005866619242--Create-a-hyper-cinematic-continuous-sing.md,"Create a hyper-cinematic continuous single-take action sequence featuring LILY, the Orchid Priestess.

Use the uploaded character sheet as strict reference.
Preserve her exact appearance: elegant young female priestess, black twin-bun hairstyle with golden orchid ornaments, deep blue and gold traditional fantasy robes with floral motifs, long flowing sleeves, high-detail ceremonial outfit, graceful but athletic movement style.

Do not change her face, outfit, hair, accessories, or color palette.

SETTING

A vast ancient temple corridor built from stone and jade, illuminated by dim golden light beams from broken ceiling openings. Floating dust particles, cracked pillars, hanging chains, and glowing orchid symbols embedded in the architecture. The environment feels sacred but collapsing due to unknown force.

CAMERA STYLE

Handheld cinematic chase camera, ultra-low angle tracking, 24–35mm lens feel, fast motion follow shots, dynamic whip pans, occasional motion blur during speed bursts. No static shots.

TIMELINE SEQUENCE (15s)
0–3s — “Escape Trigger”

LILY suddenly turns and starts sprinting forward through a long temple corridor. Camera immediately locks into chase mode from behind. Her sleeves and ribbons trail with strong motion flow.

3–6s — “Pursuit Begins”

Shadow assassins emerge from broken walls and ceiling gaps, rapidly chasing her. Fast alternating cuts between LILY sprinting and pursuers closing in. Stone pillars shatter as they pass.

6–9s — “First Evasion Burst”

LILY performs a high-speed lateral dash across collapsing floor tiles. Orchid petals erupt mid-air, forming temporary stepping platforms. Camera swings low and follows her footwork closely.

9–12s — “Counter Strike Motion”

Without stopping, LILY spins mid-run and releases golden orchid petals like razor blades backward. The petals slice through incoming attackers in slow-motion contrast while she keeps moving forward at full speed.

12–15s — “Exit Breakthrough”

Massive temple gate ahead collapses. LILY accelerates into a final burst, leaps through falling debris. Camera pushes forward through dust explosion. Final frame: she lands on the edge of a bright exterior cliff covered in blooming golden orchids.

STYLE KEYWORDS

high-speed anime cinematic action, sacred fantasy temple, orchid magic combat, fluid cloth simulation, dynamic chase sequence, ultra-detailed environment, Japanese anime film quality, Makoto Shinkai lighting influence, no text, no subtitles, no UI, no logo"
renoise-2074161748031275178,"A young woman with long dark wavy hair, fair skin, and a white flower hair…",,其他,,广告带货,,en,Seedance 2.0,,,renoise-ai/awesome-seedance-prompts,https://github.com/renoise-ai/awesome-seedance-prompts/blob/904b6caffa21c2b114bb93e1bd0e37ba80b3dd10/data/prompts/2074161748031275178.json,CC-BY-4.0,Aaliya,https://x.com/AIwithAliya/status/2074161748031275178,True,"prompts/其他/广告带货/renoise-2074161748031275178--A-young-woman-with-long-dark-wavy-hair,.md","A young woman with long dark wavy hair, fair skin, and a white flower hair clip, wearing a light beige polka-dot sweater, is sitting in a bright bedroom and excitedly showing a glittery liquid-filled phone case to the camera. She holds the transparent phone case with both hands, tilting and shaking it gently so the colorful star-shaped glitter, sequins, and small floating charms (yellow smiley faces, white unicorn, yellow rubber duck, blue dinosaur, pink and blue toy cars, green cactus) swirl and float beautifully inside the clear liquid.
She speaks directly to the camera with a happy, enthusiastic expression, smiling and laughing: 'Wait, wait, look at this! There is a dinosaur in here and a duck. Why is there a duck? I can't stop doing this. This is genuinely the most satisfying thing I own right now. That's it, that's the review.'
The camera is handheld with slight natural movement, alternating between medium shots of her face and close-ups on the sparkling phone case as she moves it around. Warm natural daylight, soft bokeh background, satisfying and relaxing ASMR-style unboxing/review vibe, high detail, cinematic lighting."
renoise-2074164108266463525,"Main subject: street violinist, early 50s, weathered wool coat over a faded…",,真人,现实向,音乐MV,,en,Seedance 2.0,,,renoise-ai/awesome-seedance-prompts,https://github.com/renoise-ai/awesome-seedance-prompts/blob/904b6caffa21c2b114bb93e1bd0e37ba80b3dd10/data/prompts/2074164108266463525.json,CC-BY-4.0,Heather Cooper,https://x.com/HBCoop_/status/2074164108266463525,True,"prompts/真人/现实向/音乐MV/renoise-2074164108266463525--Main-subject-street-violinist,-early-50s.md","Main subject: street violinist, early 50s, weathered wool coat over a faded band tee, fingerless gloves, grey stubble, violin case open at his feet with a few coins inside, focused calm expression. Maintain consistent identity, clothing, and appearance throughout.

Location: Underground subway platform, off-peak hours. Tiled walls, flickering fluorescent light, a distant train rumble, a single bench, faded mosaic station sign partially in frame. No crowds, no advertisements legible.

Visual Style: Gritty urban realism, handheld vertical energy — the look of a stranger filming a busker for their own story, not a produced segment.

Camera Style: Shot on iPhone, vertical orientation, standard camera app. Slight underexposure in shadow areas, fluorescent green color cast, mild digital noise, handheld with natural sway, someone clearly walking closer mid-shot.

00:00–00:03 He draws the bow across the strings, eyes closed, body swaying slightly with the melody.

00:03–00:06 Camera drifts closer, coins visible glinting faintly in the open case.

00:06–00:09 A train rushes past behind him, wind briefly lifting his coat collar.

00:09–00:12 He opens his eyes, notices the camera, gives a small nod without breaking rhythm.

00:12–00:15 Camera pulls back as a distant announcement echoes, clip ends mid-phrase.

Audio: Violin melody, subway rumble, faint station announcement, echoing footsteps. No added music — the violin is the only music.

Goal: An unpolished street-level moment — the kind of clip that stops someone's scroll because it feels found, not filmed."
renoise-2074166070324367509,Use the same Cissia character throughout.,,漫剧,特效向,特效综合,3D卡通,en,Seedance 2.0,,,renoise-ai/awesome-seedance-prompts,https://github.com/renoise-ai/awesome-seedance-prompts/blob/904b6caffa21c2b114bb93e1bd0e37ba80b3dd10/data/prompts/2074166070324367509.json,CC-BY-4.0,Zephyra Leigh,https://x.com/ZephyraLeigh/status/2074166070324367509,True,prompts/漫剧/特效向/特效综合/renoise-2074166070324367509--Use-the-same-Cissia-character-throughout.md,"Use the same Cissia character throughout.

Cissia inserts a coin into a cute vending machine to buy a snack. The machine suddenly opens giant cartoon eyes and begins eating every coin she has. She desperately tries to grab them back while the machine happily chews with exaggerated expressions. Finally, the machine spits out one tiny candy into her hand and proudly gives a thumbs-up. Cissia stares silently before collapsing dramatically. Cute anime comedy, smooth animation, expressive reactions, colorful city background, cinematic camera work, ultra-high quality."
renoise-2074167299154522582,"[00:00 - 00:03 | FRONT-FACING MEDIUM SHOT] A weathered, tattooed man in a dirty…",,真人,特效向,科幻,,en,Seedance 2.0,,,renoise-ai/awesome-seedance-prompts,https://github.com/renoise-ai/awesome-seedance-prompts/blob/904b6caffa21c2b114bb93e1bd0e37ba80b3dd10/data/prompts/2074167299154522582.json,CC-BY-4.0,Travis Davids,https://x.com/MrDavids1/status/2074167299154522582,True,prompts/真人/特效向/科幻/renoise-2074167299154522582--00-00---00-03-FRONT-FACING-MEDIUM-SHOT-A.md,"[00:00 - 00:03 | FRONT-FACING MEDIUM SHOT] A weathered, tattooed man in a dirty tank top sits at a cluttered workbench under a warm overhead lamp. Neon signs glow behind him. He is working on his own mechanical arm on the table, working with focused precision. A fluffy creature besides him watches in anticipation
[00:03 - 00:05 | TOP-DOWN SHOT] Overhead cut looking straight down at the workbench. The mechanical arm centered on the table, scattered tools and wires around it. His hands move across the exposed internals with a soldering iron.
[00:05 - 00:08 | EXTREME CLOSEUP - EYES] Macro cut tight on his cybernetic eyes, little components rotating. Intense, unwavering focus. Brow slightly furrowed. Eyes dart in small precise movements tracking his work.
[00:08 - 00:10 | SIDE-VIEW MEDIUM SHOT] Side profile cut. He leans in, bringing the soldering iron toward a wire junction. Soft neon bokeh in the background. Expression calm and absorbed.
[00:10 – 00:13 | EXTREME CLOSEUP - HANDS + SHORT CIRCUIT] Macro on his hands. Tool touches wire, a sharp spark erupts. The arm convulses. Sparks scatter. Smoke rises. The arm goes completely limp.  The fluffy creature gasps and then hides inside the can
[00:13 – 00:15 | MEDIUM FRONT-FACING SHOT - REACTION] Cut to his face. Eyes close slowly. Jaw tightens. He looks down at the dead arm. With a tired American accent and says: ""Dammit! Not again!""  No music."
renoise-2074169638641098764,45秒垂直短劇，9:16，電影感，18世紀日本江戸時代古風，電影級光影。,,真人,现实向,剧情短片,,ja,Seedance 2.0,,,renoise-ai/awesome-seedance-prompts,https://github.com/renoise-ai/awesome-seedance-prompts/blob/904b6caffa21c2b114bb93e1bd0e37ba80b3dd10/data/prompts/2074169638641098764.json,CC-BY-4.0,The Anxious Mind,https://x.com/drjoetw/status/2074169638641098764,True,"prompts/真人/现实向/剧情短片/renoise-2074169638641098764--45秒垂直短劇,9-16,電影感,18世紀日本江戸時代古風,電影級光影.md",45秒垂直短劇，9:16，電影感，18世紀日本江戸時代古風，電影級光影。
renoise-2074175570045506020,Mature and elegant young American female character design golden-brown long…,,真人,现实向,时尚写真,,en,Seedance 2.0,,,renoise-ai/awesome-seedance-prompts,https://github.com/renoise-ai/awesome-seedance-prompts/blob/904b6caffa21c2b114bb93e1bd0e37ba80b3dd10/data/prompts/2074175570045506020.json,CC-BY-4.0,Cia0,https://x.com/Cia0_exe/status/2074175570045506020,True,prompts/真人/现实向/时尚写真/renoise-2074175570045506020--Mature-and-elegant-young-American-female.md,"Mature and elegant young American female character design golden-brown long wavy hair falling naturally, styled with face-framing tendrils/strands (delicate wisps of hair framing both sides of the cheeks), the rest of the long hair flowing naturally down the back, fair healthy glowing skin, fresh and refined facial features, natural sweet smile, wearing a white premium-quality bikini with elegant tailoring and realistic fabric drape, standing tall and confident, exuding a fresh, energetic morning vibe character consistency locked throughout

Mediterranean cliff coastal morning scene setting azure sea sparkling under the morning light, cliffs bathed in soft golden morning glow, clear blue sky without clouds, white resort villas dotting the distance, a fresh and pure morning atmosphere

15 second cinematic-grade photorealistic multi-shot sequence, cinematic vibes maxed out, professional cinematography quality, bright and clear natural morning light, shallow depth of field with soft-focus background, high frame rate capturing water splashes and hair detail, camera angle changes every 2 seconds, the scene holds the viewer's attention continuously from the first second to the last frame

Shot 1 (0–2s): Aerial shot slowly descending, the woman stands at the cliff's edge gazing at the shimmering morning sea, the sea breeze gently brushing the face-framing tendrils on both cheeks, the long hair at the back flowing in the wind, morning light outlining her silhouette softly

Shot 2 (2–4s): Close-up hand shot, she raises her hand to take a strand of long hair from the back and slowly tucks it behind her ear, securing it, the movement graceful and unhurried, the face-framing tendrils on both cheeks still naturally falling to frame her face, morning light glowing on the hair detail, luminous and clear

Shot 3 (4–6s): She turns and calmly descends the jagged stone steps toward the sea, light and graceful steps, the face-framing strands swaying gently with her movement, camera follows in a steady mid-shot from behind

Shot 4 (6–8s): She dives into the azure sea from the rocks' edge, her body extended gracefully like a dancer, crystalline splashes bursting at the moment of entry, ultra-high-speed photography capturing the water spray and refracted morning light, low-angle side shot capturing the arc of the dive

Shot 5 (8–10s): She surfaces from the water, flicking her head to sweep wet hair from her face, revealing an exhilarated, confident smile, the face-framing tendrils clinging wet to her cheeks looking even more natural and lively, water droplets trailing down her cheeks glistening in the morning light, front close-up shot capturing her lively expression

Shot 6 (10–12s): She swims freely across the calm morning sea, arms parting the water leaving rippling wakes, morning light piercing the water's surface casting beams of light onto her, steady side tracking shot recording her swimming path

Shot 7 (12–15s): She walks slowly back to the shallows, waves gently lapping at her ankles, looking up to enjoy the morning sunlight, her expression calm and joyful, camera slowly circles around to reveal the grand surrounding seascape

Closing shot: Camera slowly pulls back and rises, her figure freezing into a warm silhouette in the morning light, waves continuing to surge and shimmer behind her, the frame settles on a panoramic view of the morning cliff coastline, the mood fresh, free, and full of vitality

Professional cinematic photorealistic quality throughout, the face-framing tendrils clearly visible from every angle, natural and authentic morning lighting with skin/water droplet detail, fresh and bright cinematic color grading, shallow depth of field with natural lens flare accents, smooth and elegant camera movement with no abrupt stops

16:9 cinematic aspect ratio, 24 frames per second, no facial distortion, natural fluid movement, no extraneous people in frame, tone fresh, elegant, and visually engaging"
renoise-2074177118532161948,Two stylized Pixar-CG martial artists duel on the flat stone summit of a…,,漫剧,特效向,武侠打斗,3D卡通,en,Seedance 2.0,,,renoise-ai/awesome-seedance-prompts,https://github.com/renoise-ai/awesome-seedance-prompts/blob/904b6caffa21c2b114bb93e1bd0e37ba80b3dd10/data/prompts/2074177118532161948.json,CC-BY-4.0,A.I.Warper,https://x.com/AIWarper/status/2074177118532161948,True,prompts/漫剧/特效向/武侠打斗/renoise-2074177118532161948--Two-stylized-Pixar-CG-martial-artists-du.md,"Two stylized Pixar-CG martial artists duel on the flat stone summit of a massive ancient pyramid at dusk, jungle canopy and a glowing horizon far below, torches flickering on weathered steps. FIGHTER IDENTITY — ABSOLUTE, UNBREAKABLE THROUGHOUT EVERY FRAME: The RED silhouette is ALWAYS and ONLY Indira: a SMALL, LEAN, FEMININE fast striker. She has a long espresso-indigo braid that trails dynamically. She wears a deep indigo-navy sleeveless top, charcoal shorts, teal cloth hand wraps on her forearms, and brass-gold ceremonial cord armbands. She is short, slim, and visibly female — narrow waist, lightweight build built for speed. She NEVER has a topknot. She NEVER has a bare broad chest. She NEVER has a heavy male physique. She is always recognizably a slim braided woman. The GREY silhouette is ALWAYS and ONLY Balen: a LARGE, BROAD, HEAVY male grappler. He has a shaved head with a single small topknot at the crown. He wears deep charcoal half-pants, a crimson ceremonial sash, and heavy crimson cloth hand wraps with brass-gold trim. He is tall and massive — trapezoidal wide shoulders, barrel chest, powerful short legs, immovable planted power. He NEVER has a long braid. He NEVER wears a sleeveless top. CRITICAL — CLINCH AND CLOSE-CONTACT FRAMES: When the two fighters clinch, grapple, or pass close together, BOTH identities remain completely distinct and separate. The lean braided woman stays lean and braided. The heavy topknot man stays heavy with his topknot. Their bodies DO NOT merge, blend, or duplicate. There is exactly ONE female (Indira, RED, braid) and exactly ONE male (Balen, GREY, topknot) at all times — NEVER two males, NEVER two females, NEVER two identical figures. Even when overlapping, their body types remain completely opposite: she is small and she has a braid; he is massive and he has a topknot. This distinction must hold in every single frame, especially during clinches. SCREEN POSITION: Each fighter holds the exact screen position, motion, timing, and camera framing of the reference video at all times. They do NOT cross sides or trade positions. SCENE: Cinematic low-angle dusk lighting on an ancient stone pyramid summit. Warm flickering torchlight as key light against a cool deep-blue sky rim light. Weathered limestone blocks, tropical jungle far below, glowing amber horizon. Drifting dust, impact shockwaves, and kinetic combat energy. Indira's speed and agility versus Balen's raw power and immovable planted grappling. Fluid intense stylized Pixar-CG martial arts combat, epic and cinematic."
renoise-2074183046153318559,"Cinematic dark fantasy realism, late Middle Ages, cold night atmosphere…",,真人,特效向,奇幻怪兽,,en,Seedance 2.0,,,renoise-ai/awesome-seedance-prompts,https://github.com/renoise-ai/awesome-seedance-prompts/blob/904b6caffa21c2b114bb93e1bd0e37ba80b3dd10/data/prompts/2074183046153318559.json,CC-BY-4.0,MayorkingAI,https://x.com/MayorKingAI/status/2074183046153318559,True,"prompts/真人/特效向/奇幻怪兽/renoise-2074183046153318559--Cinematic-dark-fantasy-realism,-late-Mid.md","Cinematic dark fantasy realism, late Middle Ages, cold night atmosphere, grounded supernatural horror, photorealistic, moody blue-gray palette, drifting fog, sacred light contrast, tense and emotional.

Young English knight, around 20, pale white skin, medium-length black hair, blue eyes, no helmet, light medieval armor, sword in hand, tense and protective.
Young woman, pale skin, red hair in a braid, dressed in period medieval clothing, calm but resolute, holding a heart-shaped sacred jewel.
Fear Entity: gigantic ancient spirit of fear, floating above them, made of black ethereal smoke, no legs, long branch-like arms, hollow eyes, sharp teeth, imposing and unnatural.

Outskirts of a small medieval village at night, beside a small stone chapel, faint village lights in the distance, cold mist, dead grass, oppressive silence.

[0:00–0:03] Wide shot — The knight and the girl stand beside the chapel in thick cold fog. A gigantic black ethereal entity slowly rises above them, towering in the night sky, its branch-like arms spreading through the mist.

[0:03–0:06] Medium push-in — The knight steps slightly in front of the girl, gripping his sword, staring up in fear. He says, “We cannot defeat it.”

[0:06–0:10] Medium close-up — The girl pulls a heart-shaped jewel to her chest, closes her fingers around it, and looks up with sudden courage. She says, “Ancient entity of fear, I reject you. I do not fear you. Begone!”

[0:10–0:13] Low-angle dramatic shot — A sacred radiant light bursts from the relic, glowing white-gold through her hands and chest, illuminating the chapel, the knight, and the fog. The entity recoils violently as its smoky body starts to tear apart and dissipate.

[0:13–0:15] Wide final shot — The fear entity dissolves completely into the night mist. The sacred light fades softly. The knight and the girl remain standing beside the chapel in silence, the fog still drifting around them.

Cold wind, distant creaking wood, low ominous rumble from the entity, soft metallic sword movement, girl’s voice clear and firm, sacred energy hum, bright burst of holy light, smoky dispersal.

Dark fantasy cinematic score, low drones and tense strings at first, emotional mystical rise during the girl’s incantation, sacred choral swell as the light destroys the entity, soft haunting resolve at the end.

4K, sharp clarity, realistic medieval textures, cinematic lighting, grounded performance, readable action, stable faces, no deformation, strong atmosphere."
renoise-2074232535987695918,A 15-second vertical-screen lighthearted slice-of-life comedy short film. Set…,,真人,现实向,喜剧整活,,en,Seedance 2.0,link-only,hate,renoise-ai/awesome-seedance-prompts,https://github.com/renoise-ai/awesome-seedance-prompts/blob/904b6caffa21c2b114bb93e1bd0e37ba80b3dd10/data/prompts/2074232535987695918.json,CC-BY-4.0,Loriel.AI,https://x.com/ou_zhen599/status/2074232535987695918,True,prompts/真人/现实向/喜剧整活/renoise-2074232535987695918--A-15-second-vertical-screen-lighthearted.md,
renoise-2074235865153286261,劇場版アニメ風・超高精細。なめらかなモーションブラー。舞う花びら。,,漫剧,特效向,武侠打斗,2D日漫,ja,Seedance 2.0,,,renoise-ai/awesome-seedance-prompts,https://github.com/renoise-ai/awesome-seedance-prompts/blob/904b6caffa21c2b114bb93e1bd0e37ba80b3dd10/data/prompts/2074235865153286261.json,CC-BY-4.0,ぴょんきち,https://x.com/yarakashiyama_/status/2074235865153286261,True,prompts/漫剧/特效向/武侠打斗/renoise-2074235865153286261--劇場版アニメ風・超高精細-なめらかなモーションブラー-舞う花びら.md,"劇場版アニメ風・超高精細。なめらかなモーションブラー。舞う花びら。
顔・服・小物は最後まで崩さない。カットを4つに割る。各カットは「すでに動いている」状態から始める。

カット1（構え）：鞘に手をかけ半身の構え。カメラはローアングルで下から見上げる。
カット2（抜刀）：横一文字に一気に抜刀。カメラは斬撃を追って横へ流す。
カット3（二の太刀）：反転して振り下ろす。カメラは被写体を回り込む。
カット4（残心）：刀を構えたままキメる。カメラはゆっくり引く。"
renoise-2074287042322973151,"Authentic 1980s Japanese television game show broadcast footage, realistic…",,真人,现实向,年代怀旧,,en,Seedance 2.0,,,renoise-ai/awesome-seedance-prompts,https://github.com/renoise-ai/awesome-seedance-prompts/blob/904b6caffa21c2b114bb93e1bd0e37ba80b3dd10/data/prompts/2074287042322973151.json,CC-BY-4.0,The Anxious Mind,https://x.com/drjoetw/status/2074287042322973151,True,prompts/真人/现实向/年代怀旧/renoise-2074287042322973151--Authentic-1980s-Japanese-television-game.md,"Authentic 1980s Japanese television game show broadcast footage, realistic recreation of original Takeshi's Castle ENG camera footage, natural handheld camera with subtle shake and tracking, broadcast video noise, analog grain, limited dynamic range and color saturation of the era, slight color bleeding on highlights, chaotic energetic atmosphere of the original show.

No reference images provided. Generate the entire scene from the text description.

Continuous single-take sequence with no cuts. The camera operator runs alongside the action in one uninterrupted ENG-style shot. One brief sudden zoom-in close-up is allowed on the white cat inside the basket, but the scene remains a continuous shot.

0-3s: [Wide handheld tracking shot from behind and slightly to the side] A determined orange tabby cat wearing a simple gray Edo-period traveler robe runs forward through a retro Japanese amusement park obstacle course inspired by 1980s variety shows. The orange cat carries a large woven bamboo basket on its back; inside sits an elegant white cat wearing a bright pink kimono, vivid red lipstick, and striking lavender eye shadow, looking graceful but nervous. Mount Fuji rises magnificently in the distant background beyond colorful festival decorations and old-fashioned amusement rides. The orange cat leaps onto a giant rotating wooden wheel obstacle, paws moving rapidly as the wheel spins beneath him. The basket sways dangerously. A male Japanese TV reporter runs nearby, passionately narrating in excited 1980s Japanese sports-commentary style.

3-6s: [Continuous dynamic handheld tracking movement] The orange cat reaches upward and jumps from the giant wheel, successfully grabbing two suspended metal rings with both paws. His body swings forward through the air entirely by momentum and gravity, gray robe fluttering dramatically. Suddenly, several large fake crocodiles burst from the water below with explosive splashes, snapping their jaws upward toward him. The white cat inside the basket trembles in terror as the bamboo frame creaks. The reporter's energetic Japanese narration becomes louder and faster as the danger intensifies.

6-7s: [Sudden analog zoom-in close-up while maintaining the continuous take] The old ENG camera rapidly zooms into the basket. The white cat in the pink kimono wears an exaggerated expression of pure panic, huge sparkling eyes, vivid red lips trembling, paws covering her mouth in fear as the crocodiles leap below. Analog focus breathing, slight broadcast blur, and color bleeding emphasize the authentic 1980s television aesthetic. The reporter shouts excited commentary in Japanese about the unbelievable situation.

7-10s: [Camera pulls naturally back into the same continuous shot] Using the final momentum of the metal rings, the orange cat releases both paws and flies gracefully through the air, landing atop an enormous fish-shaped inflatable balloon platform. Several gigantic iron hammers swing back and forth across the course in perfect rhythm. The orange cat cleverly times each movement, hopping and weaving between the swinging hammers while balancing atop the bouncing fish balloon. The bamboo basket rocks violently behind him, causing the white cat to silently scream in panic. Mount Fuji remains visible behind the colorful retro amusement park structures.

10-12s: [Handheld tracking continues without interruption] The orange cat makes a heroic leap from the fish balloon onto a dangling rope ladder leading upward toward the finish platform. He climbs quickly using all four paws, gray robe fluttering and tail swaying for balance. The crowd of adorable animal contestants below—rabbits, tanuki, dogs, and bears, all wearing matching orange Takeshi's Castle-style tracksuits—begin cheering wildly. The Japanese reporter runs ahead toward the finish area while continuing his enthusiastic live narration.

12-15s: [Comedic climax within the same continuous shot] The orange cat triumphantly reaches the finish platform. The reporter rushes in, celebrating loudly in classic 1980s variety show style. Suddenly—LOUD SNAP SFX—the rope securing the bamboo basket breaks. The basket jerks, tilts, then drops backward in exaggerated slow-motion-like analog motion.

Comedic sound effects burst in: ""BOING—WHOOOP—DON!""

The elegant white cat in the pink kimono tumbles out dramatically, flipping once mid-air before landing on the dirt with a soft ""POF!"" dust impact. A beat of silence—everyone freezes.

Then instantly—EXPLOSIVE LAUGHTER erupts from all directions.

Crowd SFX: loud group laughter, clapping, cheering, whistles
Reporter: bursts into uncontrollable laughter mid-commentary
Background music cue: classic 80s Japanese comedic slapstick sting

The white cat sits upright, dazed but unharmed, kimono perfectly intact, makeup still flawless despite the chaos. She blinks slowly in confusion.

The orange cat turns back, completely frozen in embarrassment, eyes wide.

The reporter delivers one final high-energy comedic Japanese narration over roaring laughter as the camera slightly shakes from handheld operator laughing.

High fidelity recreation of 1980s analog broadcast video, visible natural grain and broadcast noise, realistic motion characteristics of old ENG cameras, coherent but slightly imperfect physics and movement as seen in original Takeshi's Castle episodes, era-accurate color response and limited dynamic range, stable character designs with the natural imperfections of analog footage, no modern digital sharpness or artifacts, authentic Japanese television variety show energy, all reporter narration performed entirely in natural Japanese language."
renoise-2074311688669757724,"Style & Mood: Ultra-premium audio jewelry campaign. Acoustic, sculptural, pure…",,其他,,广告带货,,en,Seedance 2.0,,,renoise-ai/awesome-seedance-prompts,https://github.com/renoise-ai/awesome-seedance-prompts/blob/904b6caffa21c2b114bb93e1bd0e37ba80b3dd10/data/prompts/2074311688669757724.json,CC-BY-4.0,𝐌,https://x.com/Strength04_X/status/2074311688669757724,True,prompts/其他/广告带货/renoise-2074311688669757724--Style-Mood-Ultra-premium-audio-jewelry-c.md,"Style & Mood: Ultra-premium audio jewelry campaign. Acoustic, sculptural, pure. Pearl white and space black studio environments. The ceramic shell catching directional light in clean organic curves. Mint green Æ emblem a precise point of color on the white ceramic. Beryllium driver visible through the semi-transparent inner shell. Absolute macro on ceramic surface, driver, and contact pins. Wide clean framing on city and rooftop lifestyle. 24fps base, 240fps on earbud seating. Invisible on the ear. Absolute in the soul.

Narrative Summary: The ÆTHER CLOUD 001 moves from ceramic case magnetic open through sound visualization and city lifestyle to final hero — an earbud engineered as both acoustic instrument and wearable sculpture.

Dynamic Description: Side slow lid open — the ÆTHER ceramic charging case on white marble, the magnetic lid opening upward with a clean release, the two CLOUD 001 earbuds revealed inside the mint green case interior, the pearl white ceramic shells facing upward, the mint green Æ emblems catching the overhead light. Hard cut to top-down static beauty — both earbuds placed on a white marble surface from above, the organic sculptural forms symmetrical in the top-down view, the pearl white ceramic catching overhead light, the mint green Æ emblems precise and luminous. Cut to macro raking — the camera moves across the pearl white ceramic shell surface, the organic curve catching directional light in a clean moving highlight, the ceramic surface flawless and smooth. Hard cut to macro push-in — the mint green Æ emblem on the earbud outer face advances toward the camera, the emblem color precise and luminous against the white ceramic surrounding it. Cut to through-shell extreme macro — the semi-transparent inner shell area of the earbud, the beryllium driver housing visible as a dark circular form inside the translucent material, the driver geometry precise.

Hard cut to macro tilt — the cloud-shaped white silicone ear tip, the organic lobed form of the cloud tip rendering in close detail, the silicone surface soft and precise.

Cut to low side tracking city — a person walks through a city street, the CLOUD 001 in their ears, the ceramic shells visible as small white forms against their ear, the city sounds cutting to music as the tracking begins. Cut to CGI orbit macro — an abstract sound wave visualization orbiting the CLOUD 001 earbud, the wave representing the beryllium driver output, the frequencies visible as rings of energy around the ceramic shell. Cut to wide creative studio — a person in a creative studio workspace, the CLOUD 001 in their ears, working at a desk surrounded by design materials, the pearl white earbuds catching the studio light. Hard cut to 360-degree mint orbit — the charging case in a deep black studio with mint green ambient, the camera orbiting the closed case in a continuous arc, the ceramic surface and magnetic lid revealed at every angle. Cut to extreme contact pin macro — the chrome charging contact pins in the case interior in extreme close-up, the pin geometry precise and small, the mint green case interior surrounding them. Hard cut to 240fps seating slow-motion — the CLOUD 001 earbud approaching an ear from the side in ultra slow-motion, the cloud ear tip compressing slightly as it seats in the ear canal, the silicone seal forming in suspended time. Cut to wide rooftop sunrise cinematic a rooftop at sunrise, a person watching the city wake up with the CLOUD 001 in their ears, the pearl white earbuds catching the first light. Cut to raking white marble beauty the earbuds on white marble, a clean directional light raking across the ceramic surfaces from the side, the mint emblems glowing, the ceramic pure and still. Hard cut to static title card space black background, ÆTHER in chrome silver centered, CLOUD 001 below in white, ACOUSTIC. SCULPTURAL. ÆTHER. in mint green below, frame holds in absolute pure silence."
renoise-2074317533981909048,参照画像のキャラクターを主人公として使用。15秒、24fps。日本のフルカラーアニメ。劇場版アニメのような高品質な作画。作画枚数多め。バズりそうな、可愛さ強めの…,,漫剧,现实向,剧情短片,2D日漫,ja,Seedance 2.0,,,renoise-ai/awesome-seedance-prompts,https://github.com/renoise-ai/awesome-seedance-prompts/blob/904b6caffa21c2b114bb93e1bd0e37ba80b3dd10/data/prompts/2074317533981909048.json,CC-BY-4.0,なお,https://x.com/Naonekozamurai/status/2074317533981909048,True,prompts/漫剧/现实向/剧情短片/renoise-2074317533981909048--参照画像のキャラクターを主人公として使用-15秒-24fps-日本のフルカラーア.md,参照画像のキャラクターを主人公として使用。15秒、24fps。日本のフルカラーアニメ。劇場版アニメのような高品質な作画。作画枚数多め。バズりそうな、可愛さ強めの短尺ダンス動画。主人公は参照画像のキャラクター本人。参照画像に写っている髪型、髪色、瞳、顔立ち、体格、年齢感、衣装の印象、アクセサリー、全体の雰囲気を維持する。背景は明るく可愛い、整理された教室風またはスタジオ風の空間。人物が主役に見えるよう、背景はシンプルだが、ポップで爽やかな空気感を持つ。
renoise-2074318671565173215,"Main Subject:Beautiful, alluring Caucasian woman in her early 20s with vibrant…",,真人,现实向,生活与vlog,,en,Seedance 2.0,link-only,sexual,renoise-ai/awesome-seedance-prompts,https://github.com/renoise-ai/awesome-seedance-prompts/blob/904b6caffa21c2b114bb93e1bd0e37ba80b3dd10/data/prompts/2074318671565173215.json,CC-BY-4.0,Kinovi.AI,https://x.com/kinovi_ai/status/2074318671565173215,True,"prompts/真人/现实向/生活与vlog/renoise-2074318671565173215--Main-Subject-Beautiful,-alluring-Caucasi.md",
renoise-2074327543704928295,参照画像のキャラクターを主人公として使用。15秒、24fps。日本のフルカラーアニメ。劇場版アニメのような高品質な作画。作画枚数多め。バズりそうな、可愛さ強めの…,,漫剧,现实向,剧情短片,2D日漫,ja,Seedance 2.0,,,renoise-ai/awesome-seedance-prompts,https://github.com/renoise-ai/awesome-seedance-prompts/blob/904b6caffa21c2b114bb93e1bd0e37ba80b3dd10/data/prompts/2074327543704928295.json,CC-BY-4.0,Genzoh,https://x.com/Genzoh1/status/2074327543704928295,True,prompts/漫剧/现实向/剧情短片/renoise-2074327543704928295--参照画像のキャラクターを主人公として使用-15秒-24fps-日本のフルカラーア.md,"参照画像のキャラクターを主人公として使用。15秒、24fps。日本のフルカラーアニメ。劇場版アニメのような高品質な作画。作画枚数多め。バズりそうな、可愛さ強めの短尺ダンス動画。主人公は参照画像のキャラクター本人。参照画像に写っている髪型、髪色、瞳、顔立ち、体格、年齢感、衣装の印象、アクセサリー、全体の雰囲気を維持する。背景は明るく可愛い、整理された教室風またはスタジオ風の空間。人物が主役に見えるよう、背景はシンプルだが、ポップで爽やかな空気感を持つ。

楽曲：日本語の歌。ただし実在する楽曲は使用してはいけない

映像コンセプト：主人公が、可愛いダンスを踊る。可愛さ最優先。少しあざとく、親しみやすく、カメラに向かって踊っている感覚を強く出す。AEで作ったような2Dフラットアニメーションが、ダンスの動きに合わせて出現する。エフェクトはクレヨンやオイルパステルで描いたような、手描き感のある可愛いイラスト。丸、星、ハート、花、音符、矢印、リボン、王冠、キラキラ、波線、ぐるぐる線、吹き出し風の囲み、チェック模様、斜線、ハーフトーンドットなど。すべて平面的な2Dアニメーション。配色はピンク、水色、黄色、白、ラベンダー、ミントグリーンを中心に、参照画像のキャラクターと調和する可愛い色彩。

カメラ構成：5台のカメラで撮影しているような構成。カメラは固定ではなく、2秒ごとにカメラが切り替わる。使用するカメラは、正面カメラ、上からのカメラ、左からのカメラ、右からのカメラ、背後からのカメラ。カメラが切り替わっても、主人公は常にレンズを意識し、常にカメラ目線を維持する。正面以外のカメラでも、顔の向きや首のひねり、視線の返しで、必ずレンズを見ている。背後カメラの時は、肩越しに振り返ってカメラ目線にする。バズを意識し、画角に変化があり、テンポが良く、見ていて飽きないカメラワーク。各カメラは完全静止ではなく、ビートに合わせて軽く揺れる。上下の小さなバウンス、短いパンチイン、わずかな左右揺れなど、音ハメされた可愛いカメラシェイクを入れる。手持ちのような雑な揺れではなく、意図的で見やすい揺れ。

ダンス内容：可愛くて真似しやすいダンス。左右に軽くステップ、胸の前で両手ハート、片手ハート、ほっぺ横ピース、両手を頬の横でふわっと開く、指差し、肩を小さく跳ねる、腰を軽く左右へ振る、片足を出して戻す、小さなターン、最後にウィンク。上半身の見せ場を多めにし、短尺で印象に残る振り付け。ダンス中は常にカメラ目線で、視聴者に向かって踊っている感覚を強く出す。

15秒タイムライン：
0.0〜2.0秒：正面カメラ。主人公が中央で立ち、リズムを取りながら、胸の前で両手ハートを作り、左右に小さくステップする。カメラは軽く上下にバウンス。手元と顔まわりに、クレヨンのハート、星、丸、短いキラキラ線がポンポンと出現する。常に正面からカメラ目線。
2.0〜4.0秒：上からのカメラ。少し俯瞰ぎみの可愛いアングル。主人公が見上げるようにカメラ目線を保ちながら、ほっぺ横ピース、片手ハート、指差しをテンポよく行う。顔の周囲に、王冠、花、ハート、吹き出し風の囲みが出現する。見上げた表情を可愛く見せる。
4.0〜6.0秒：左からのカメラ。主人公は身体を少し左向きにしながらも、顔と視線はレンズへ向ける。腰を軽く左右に振り、片手を頬に添え、もう片方で小さく手を振る。手の軌跡に沿って、クレヨンのリボン状ライン、音符、波線、星が出現する。カメラはビートに合わせて小さく横揺れ。
6.0〜8.0秒：右からのカメラ。主人公は反対側へ身体を向けつつ、カメラ目線を維持する。肩をリズミカルに弾ませ、両手を上げて下ろし、片足を軽く出して戻す。足元と肩まわりに、花、丸、チェック模様、ハーフトーンドット、キラキラが弾ける。可愛い音ハメのパンチインを短く入れる。
8.0〜10.0秒：背後からのカメラ。主人公の背中側から始まるが、肩越しにくるっと振り返って、しっかりカメラ目線。小さなターンを入れながら、振り返りざまに指差し、ハート、軽い投げキッス風の仕草を見せる。背後カメラから見える髪や衣装の動きに合わせて、ぐるぐる線、星、リボン、ハートがふわっと出現する。
10.0〜12.0秒：正面カメラに戻る。ここはサビ感のある盛り上がり。両手を大きく開いてから胸元へ戻し、左右へ弾むように小さく跳ねる。画面の左右や背後に、大きめのハート、星、花、王冠、キラキラ、斜線が増え、可愛さを最大化する。決めのたびに短いカメラシェイク。
12.0〜14.0秒：上からのカメラに再び切り替え。主人公は見上げながら、顔の前で両手をふわっと開き、片手でハートを作り、もう片手を頬の横に添える。クレヨンの囲み、ハート、花、チェック模様、ラフな円形ラインが背景に広がる。ここでも常にカメラ目線。
14.0〜15.0秒：最後は正面寄りのヒーローショット。主人公がバストアップ気味に映り、少し前へ出るように見せる。にっこり笑ってから、最後にウィンク。ウィンクの瞬間、目元からクレヨンの四芒星、ハート、放射線、リボン状ラインが可愛く弾ける。カメラはごく短くパンチインして止まり、バズりそうな決めカットで終了する。

AE風2Dアニメーションの演出：すべてのエフェクトはAfter Effectsで制作したような2Dフラットアニメーション。ただし質感はクレヨンやオイルパステルで描いたようなラフで可愛い手描き感。動きは、出現、バウンス、拡大、縮小、回転、時間差、ふわっとした消え方。エフェクトはダンスの手、顔まわり、足元、身体の動きと同期して"
renoise-2074327891651842107,"Format: Found-footage vacation video, 15 seconds, seven shots with hard cuts —…",,真人,特效向,奇幻怪兽,,en,Seedance 2.0,,,renoise-ai/awesome-seedance-prompts,https://github.com/renoise-ai/awesome-seedance-prompts/blob/904b6caffa21c2b114bb93e1bd0e37ba80b3dd10/data/prompts/2074327891651842107.json,CC-BY-4.0,Min Choi,https://x.com/minchoi/status/2074327891651842107,True,"prompts/真人/特效向/奇幻怪兽/renoise-2074327891651842107--Format-Found-footage-vacation-video,-15.md","Format: Found-footage vacation video, 15 seconds, seven shots with hard cuts — a tourist's camera roll from one full day, morning to dusk.

Image reference: Use the attached gate photo as the exact visual reference for Shot 1 — match its architecture, proportions, torch placement, lighting, and signage precisely.

Main subject: Young woman, blond hair in a loose low bun shedding strands, oversized faded olive t-shirt, denim shorts, white canvas sneakers, disposable-camera strap on her wrist. Realistic skin texture, minimal makeup, wide-eyed tourist joy. Maintain perfect visual consistency — identity, hair, clothing, proportions — across every shot and location.

Location: A vast island dinosaur preserve. Jungle mountains, open savanna paddocks, wooden observation structures, tall electrified perimeter fences, dirt tour roads. Dinosaurs are photorealistic animals — muted natural hides, birdlike motion, visible breathing weight. Filmed like wildlife, never like monsters.

Camera style: Mid-range smartphone, handheld by her friend. Heavy shake, autofocus hunting, motion blur on pans, compression grain, exposure pumping. Each cut is abrupt and mid-motion, like real unedited camera-roll clips.

00:00–00:03 — THE GATES (morning, filmed from inside a moving open-top tour jeep). The camera films forward over the seats as the jeep approaches the colossal timber gates from the reference image — flared stone-and-wood towers, flaming torches, jungle pressing in on both sides, the road still wet from morning rain. The doors groan open. She spins around from the front seat into frame, gripping the roll bar, and half-shouts over the engine: ""Oh my god, this is wild! I can't believe we're actually here!"" — as the jeep passes under the archway into shadow and out again.
00:03–00:05 — SAVANNA (late morning, wide shot from a raised wooden platform). She stands small at the rail against an open plain where a herd of long-necked giants wades through heat haze, one rearing slowly against the treeline. The camera zooms in shakily, overshoots, corrects.
00:05–00:07 — RIVER CROSSING (midday, low angle through the jeep's open side). Past her shoulder as the jeep fords a shallow river: a crested duck-billed dinosaur drinks twenty meters away, lifting its head to watch them pass, water dripping from its jaw. She raises her disposable camera; the phone catches its tiny click.
00:07–00:09 — JUNGLE FENCE (afternoon, handheld walking shot). Dim under the canopy beside a tall humming fence. She peers through the wire — and a small crested predator peers back from the ferns, head tilting in quick birdlike jerks. She backs up a slow half-step, whispering ""okay... hi."" Autofocus argues between wire and eye.
00:09–00:11 — THE HERD RUNS (late afternoon, chaotic pan from the jeep at speed). A flock of small striped dinosaurs floods across and around the vehicle. The camera whips left-right, blurred bodies streaking past, her whooping off-mic, dust on the lens.
00:11–00:13 — QUIET GIANT (golden hour, static shot at a wooden overlook). The frame finally settles: silhouetted against low sun, she stands at a rail as an immense horned dinosaur grazes just below, close enough to hear grass tearing. She isn't laughing anymore — just watching.
00:13–00:15 — DUSK ROAR (blue hour, half-framed and accidental). Filmed as the phone was being lowered, frame tilted: a colossal, deep bellow rolls in from the darkening jungle far off. Everyone freezes and turns toward it. Cut to black mid-turn.

Audio: Ambient only, shifting per location — jeep engine and gate groan, her excited line over the motor, savanna wind, river wading, fence hum, thundering small feet, grass tearing, and the single distant bellow that swallows everything. No music. No narration.

Style & quality boosters: Raw consumer camera-roll aesthetic, abrupt mid-motion cuts, heavy handheld instability, natural motion blur, golden-hour lens flare, coherent animal mass and physics — ground tremor, water displacement, dust. No text overlays, no watermarks.

Goal: One unforgettable day inside the world's most famous dinosaur preserve, told through seven imperfect tourist clips — opening on the gates everyone recognizes, and closing on the sound that reminds them what lives beyond the fences."
renoise-2074329155492102268,"@Image1 = Nova (short black pixie hair, red sunglasses, black patent corset…",,漫剧,现实向,剧情短片,3D卡通,en,Seedance 2.0,,,renoise-ai/awesome-seedance-prompts,https://github.com/renoise-ai/awesome-seedance-prompts/blob/904b6caffa21c2b114bb93e1bd0e37ba80b3dd10/data/prompts/2074329155492102268.json,CC-BY-4.0,Ivanna | AI Art & Prompts,https://x.com/ivanka_humeniuk/status/2074329155492102268,True,"prompts/漫剧/现实向/剧情短片/renoise-2074329155492102268--Image1-Nova-short-black-pixie-hair,-red.md","@Image1 = Nova (short black pixie hair, red sunglasses, black patent corset, black-and-chrome sportbike) @Image2 = Raven (platinum ponytail, white-and-chrome jacket, white-and-blue sportbike) Style: semi-realistic 3D anime render, ultra-premium motorcycle-commercial look. Lighting: golden-hour sunset, warm orange sky, warm lens flares. BEAT 1 — HOOK AND LAUNCH. [00:00 – 00:02] ECU. Nova's (@Image1) gloved hand TWISTS the throttle. Camera cut to CU of her face catching the sunset glow; she SMIRKS and drops low over the tank. [00:02 – 00:05] EWS. Explosive LAUNCH, rear tire smoking. Camera low by the wheel then snaps forward as Nova (@Image1) accelerates down the canyon road. [00:05 – 00:09] MS. Nova (@Image1) CARVES through sweeping curves, leaning hard into corners, sparks off the footpeg, hair whipping — fast drone chase from behind. BEAT 2 — RIVAL AND TUNNEL. [00:09 – 00:12] MS two-shot. Raven (@Image2) on her white-and-blue bike surges in and pulls level with Nova (@Image1). They race wheel-to-wheel, trading fierce competitive GLARES — fast tracking shot alongside them. [00:12 – 00:15] WS. Both riders accelerate toward a dark tunnel in the red rock cliff. Nova (@Image1) DIVES in first. The camera plunges into the tunnel right behind her. The final frame fills completely with dark tunnel blackness and motion blur. Audio: roaring sportbike engines, tire screech, wind rush, dust and gravel. Preserve: Nova's and Raven's exact identities, outfits, and specific bikes from references; relentless high speed, real-time playback, clean frame without text."
renoise-2074331056342503553,A hyper-realistic early-2000s MiniDV home camcorder video of a young Korean…,,真人,现实向,生活与vlog,,en,Seedance 2.0,,,renoise-ai/awesome-seedance-prompts,https://github.com/renoise-ai/awesome-seedance-prompts/blob/904b6caffa21c2b114bb93e1bd0e37ba80b3dd10/data/prompts/2074331056342503553.json,CC-BY-4.0,Anissa,https://x.com/SimplyAnnisa/status/2074331056342503553,True,prompts/真人/现实向/生活与vlog/renoise-2074331056342503553--A-hyper-realistic-early-2000s-MiniDV-hom.md,"A hyper-realistic early-2000s MiniDV home camcorder video of a young Korean woman in her early twenties with a natural appearance, wearing a washed black oversized T-shirt, beige cargo pants, white sneakers, and a simple silver bracelet. Her medium-length dark brown hair is tied in a loose low bun with soft face-framing strands, minimal makeup, healthy skin, expressive eyes, and a calm friendly smile. Maintain the exact same identity, hairstyle, outfit, and proportions throughout. She lives in a quiet Korean residential neighborhood with narrow brick streets, ivy walls, small gardens, flower pots, bicycles, scooters, mailboxes, electrical poles, overhead cables, and tall trees. No shops, cafés, advertisements, tourist areas, or busy streets. The footage feels like an accidentally recorded family video with natural imperfections: handheld camera shake, focus breathing, autofocus hunting, overexposure, rolling shutter, compression artifacts, faded colors, soft sharpness, sensor grain, dropped frames, and inconsistent white balance. She waters flower pots outside her home, laughs softly after splashing her shoes, walks to a mailbox with an envelope, notices a sparrow near an old bicycle, opens windows with curtains moving in the breeze, sits under a tree reading a paperback with a ceramic mug, then responds warmly to someone off-camera asking how she is by smiling, waving, and saying “Annyeong!” She walks away through the peaceful lane carrying her book, gives a subtle smile to the camera, and the recording ends with a slight shake and sudden cut to black. Audio includes only real neighborhood sounds: wind, birds, leaves, distant conversations, bicycles, footsteps, watering, curtains, insects, and natural ambience. No music, narration, cinematic effects, or artificial sound design. The final result should feel like a forgotten, warm, intimate, nostalgic family camcorder recording from early-2000s Korea."
renoise-2074336984332726665,Main subject:,,真人,现实向,生活与vlog,,ko,Seedance 2.0,,,renoise-ai/awesome-seedance-prompts,https://github.com/renoise-ai/awesome-seedance-prompts/blob/904b6caffa21c2b114bb93e1bd0e37ba80b3dd10/data/prompts/2074336984332726665.json,CC-BY-4.0,돈미새,https://x.com/cso6709/status/2074336984332726665,True,prompts/真人/现实向/生活与vlog/renoise-2074336984332726665--Main-subject.md,"Main subject:
Three young Korean women in their mid-20s. Each woman has a natural, stylish everyday appearance with a relaxed but polished “effortlessly dressed” look.
Main woman: oversized black knit cardigan, white sleeveless inner top, charcoal wide-leg slacks, minimal silver necklace, small black shoulder bag, white sneakers. Naturally loose black wavy hair, light natural makeup, clean realistic skin texture, calm and warm presence.

Friend 1: soft gray knit top, light blue denim, small earrings, natural long straight hair. Bright, playful, friendly energy.

Friend 2: ivory cropped jacket, beige long skirt, small handbag, neatly tied hair. Quiet, refined, elegant mood.

Maintain the same three women, same outfits, same hairstyles, and same overall mood throughout the entire video.

Location:
A modern Korean city at night. A quiet but atmospheric alley and a stylish wine bar street. Warm light spilling from small bars, cozy tables visible through glass windows, subtle sign lights, clean pavement, small floral decorations, brick exterior walls, narrow stairs, cool night air, passing taxi lights. No crowded club atmosphere, no excessive nightlife chaos, no busy commercial district feeling. The mood should feel like a calm, stylish night out with close friends.

Visual style:
Realistic modern Korean lifestyle vlog aesthetic. Natural, warm, and casual, like an Instagram Reel or YouTube lifestyle vlog. Not an overly staged party video, but a sincere record of three close friends meeting after a long time, laughing and talking comfortably. Realistic gestures, small playful moments, soft smiles, relaxed body language, and a clean, warm lifestyle mood that modern female viewers would enjoy.
Camera style:
High-quality vertical smartphone vlog footage. Natural handheld movement, smooth autofocus transitions, slight hand shake, warm indoor lighting mixed with soft city night lights, clean realistic skin texture, subtle color correction. No exaggerated cinematic style. It should feel naturally beautiful, as if a friend casually filmed the night on a smartphone.

00:00–00:02
At the entrance of a quiet evening alley. The main woman adjusts the strap of her small black shoulder bag and checks her phone. Two friends approach from behind. When they notice each other, all three smile naturally and wave. The camera shakes slightly while capturing the warm reunion moment.
00:02–00:04
The three women slowly walk side by side through the night alley. Warm shop lights softly pass across their faces and clothes. One friend playfully links arms with the main woman, and they laugh quietly while chatting.

00:04–00:06
In front of a small wine bar. The three friends gently look inside through the glass window. The main woman makes eye contact with her friends, smiles, and gives a small nod. The camera focus naturally shifts from the warm interior lighting to her face.
00:06–00:08
Inside the cozy bar, the three friends sit around a small table. On the table are non-alcoholic sparkling drinks, light desserts, and small plates. The main woman lifts her glass and gently clinks it with her friends’ glasses. A soft sound of glass and ice is heard.

00:08–00:10
Friend 1 tries to take a photo of the three of them with her phone. Instead of posing too perfectly, they naturally laugh, look at each other, and tease one another. The main woman tucks her hair behind her ear and smiles softly. The frame shakes slightly like real handheld footage.
00:10–00:12
At a small outdoor terrace seat. The three women sit side by side, enjoying the cool night air. Friend 2 quietly says something, and the main woman nods with a warm smile. The background lights are soft and slightly blurred.

00:12–00:15
The three friends walk back out into the night alley. The main woman looks at the camera once and smiles gently, then turns forward and continues walking with her friends. The final shot ends naturally with the three women walking away between warm lights and soft night shadows.
Audio:
Only natural night ambience. Light wind, distant cars, soft footsteps, a bar door opening and closing, gentle clinking of glasses, ice moving inside a cup, small laughter from the friends, and faint background conversation. No music. No narration. No exaggerated sound design.

Goal:
A modern Korean “Girl’s Night” lifestyle vlog that young women would enjoy. Not a loud party or glamorous club scene, but a warm and stylish night spent with close friends, laughing and talking in a calm, cozy atmosphere. Beautiful but not exaggerated, realistic and relaxed, as if it was genuinely filmed by a friend on a smartphone."
renoise-2074337922493636892,"Style: Ultra-realistic cinematic action, feudal Japan, lush bamboo jungle…",,其他,,广告带货,,en,Seedance 2.0,,,renoise-ai/awesome-seedance-prompts,https://github.com/renoise-ai/awesome-seedance-prompts/blob/904b6caffa21c2b114bb93e1bd0e37ba80b3dd10/data/prompts/2074337922493636892.json,CC-BY-4.0,Ai Girllie,https://x.com/Inshrah_ali_/status/2074337922493636892,True,"prompts/其他/广告带货/renoise-2074337922493636892--Style-Ultra-realistic-cinematic-action,.md","Style: Ultra-realistic cinematic action, feudal Japan, lush bamboo jungle, dramatic lighting, slow motion, intense sword choreography, 4K HDR.

0–4s: A lone samurai battles multiple masked warriors deep inside a dense bamboo jungle. Steel clashes echo through the forest as he skillfully blocks attack after attack. Suddenly, one enemy lands a powerful strike, forcing the samurai to stagger backward. His breathing becomes heavy.

4–7s: Another warrior charges in for the final blow. The samurai calmly raises one hand, stopping the attacker with a confident gesture. He reaches into his kimono pocket, pulls out a pack of Extra Watermelon Chewing Gum, unwraps a piece, and pops it into his mouth. The jungle falls silent except for the crisp ""snap"" of the gum.

7–12s: As he starts chewing, his focus sharpens. His eyes become calm and determined. Time seems to slow. He launches into an incredible"
renoise-2074338150575677602,"Luxury Perfume Commercial — Seedance 2.0 Workflow (15 sec, 16:9)",,其他,,广告带货,,en,Seedance 2.0,,,renoise-ai/awesome-seedance-prompts,https://github.com/renoise-ai/awesome-seedance-prompts/blob/904b6caffa21c2b114bb93e1bd0e37ba80b3dd10/data/prompts/2074338150575677602.json,CC-BY-4.0,Jessica Collins,https://x.com/AIwithJessica/status/2074338150575677602,True,prompts/其他/广告带货/renoise-2074338150575677602--Luxury-Perfume-Commercial-—-Seedance-2.0.md,"Luxury Perfume Commercial — Seedance 2.0 Workflow (15 sec, 16:9)

Shot 1 (0:00–0:02) — Aerial Establishing
Wide aerial drone flyover of the crystal-clear Mediterranean coastline and cliffside pool. Slow forward glide over sparkling water. Bright natural sunlight, relaxed luxury-travel opening.
VO (soft, breathy whisper-forward, intimate but clear): ""There's a light... that only the coast remembers.""
Shot 2 (0:02–0:04) — Jessica Arrival
Jessica walks slowly along the sunlit poolside stone ledge, linen dress moving gently in the breeze, hand trailing along the railing near the lemon tree. Camera tracks smoothly alongside at eye level, shallow depth of field, background soft-blurred sea. Her face matches the reference image exactly.
VO: ""Dolce & Gabbana... Light Blue.""
Shot 3 (0:04–0:06) — Macro Hero Bottle
Macro hero shot of the perfume bottle on the stone ledge, smooth right orbit, bottle perfectly stable, label reflecting sunlight, water droplets sliding slowly, sea rippling behind.
VO (whispered, lingering): ""Sicilian lemon... crisp apple...""
Shot 4 (0:06–0:08) — Jessica Interaction
Close-up: Jessica's hand gently lifts the bottle from the ledge, wrist turning slightly so light catches the glass. Her face softly in frame, matching reference exactly, eyes closing briefly as if catching the scent in the air. Natural, unforced elegance.
VO: ""...a breath of jasmine, warmed by cedar.""
Shot 5 (0:08–0:10) — Underwater Citrus Macro
Macro underwater shot: whole lemon and slices drifting in crystal-blue water, slow dolly out, bubbles rising, sunlight fracturing through the surface.
VO: ""Fresh. Radiant. Alive.""
Shot 6 (0:10–0:11.5) — Jessica Spray Moment
Jessica mists the fragrance lightly at her collarbone, head tilted back slightly, soft golden backlight, hair catching the wind, genuine relaxed smile forming. Facial features consistent with reference image.
VO (softer, closer to the ear): ""This is Light Blue...""
Shot 7 (0:11.5–0:13) — Product Detail
Close-up tilt down from cap to label on the bottle, droplets fixed in place, stable frame, soft sea shimmer behind, metallic cap reflection.
VO: ""Eau de Toilette.""
Shot 8 (0:13–0:15) — Final Hero Reveal
Slow cinematic dolly out from bottle and Jessica standing together at the pool's edge, cliffside and sea revealed behind them, calm waves, warm light, elegant closing frame. Her face remains fully consistent with the character reference.
VO (rising softly, warm, confident close): ""Dolce & Gabbana. Light Blue.""

Global Negative Prompt: No text, logos, watermarks, CGI look, camera shake, sudden movement, zoom jumps, bottle deformation, label distortion, lighting changes, environment changes, rearranged objects, blurry details, unrealistic reflections, exaggerated water motion, face distortion, altered facial features, inconsistent identity across shots, different face than reference, low-quality rendering."
renoise-2074342644054917519,Create a professional production storyboard sheet for a cinematic mango cake…,,真人,现实向,生活与vlog,,en,Seedance 2.0,,,renoise-ai/awesome-seedance-prompts,https://github.com/renoise-ai/awesome-seedance-prompts/blob/904b6caffa21c2b114bb93e1bd0e37ba80b3dd10/data/prompts/2074342644054917519.json,CC-BY-4.0,Zara,https://x.com/ZaraIrahh/status/2074342644054917519,True,prompts/真人/现实向/生活与vlog/renoise-2074342644054917519--Create-a-professional-production-storybo.md,"Create a professional production storyboard sheet for a cinematic mango cake baking video.
Format
A wide horizontal storyboard layout, 16:9 aspect ratio, arranged in a clean 3×5 grid with 15 panels total. Thin black borders separate each frame. Warm parchment/off-white background resembling a printed film production board. At the top center, add the title:

MANGO CAKE — Production Storyboard

Each panel contains a small white label box in the top-left corner displaying the panel number in brackets: [1], [2], [3]...

Under every panel, include a short italic serif caption beginning with a two-digit number followed by an em dash.

---

Visual Style

Ultra-realistic cinematic food photography.

Modern bright kitchen with white marble countertops.

Large windows filling the room with soft natural daylight.

Glass ingredient bowls neatly arranged (mise en place).

A beautiful young woman wearing a casual fitted black t-shirt and comfortable grey sweatpants, with no apron.

Fast-paced, energetic commercial filmmaking inspired by Edgar Wright's rapid editing style.

Bright tropical color palette featuring creamy whites, vibrant mango yellows, and warm golden cake tones.

Premium commercial lighting.

Shallow depth of field.

Highly realistic food textures.

Maintain the same character, hairstyle, wardrobe, kitchen, bowls, utensils, and lighting throughout every panel.

The mixing bowl evolves naturally from eggs into smooth mango cake batter.

---

Storyboard Panels

[1]
Medium close-up of the young woman standing at the marble countertop, intensely focused. She grabs two eggs and cracks them one-handed into a large glass mixing bowl.

Caption:
01 — Crack eggs into the bowl.

---

[2]
Macro close-up of white sugar pouring into the eggs, creating a fluffy white mound inside the bowl.

Caption:
02 — Add sugar.

---

[3]
Medium shot as she powers on an electric hand mixer, whipping eggs and sugar until pale, thick, and airy.

Caption:
03 — Whisk until fluffy.

---

[4]
Extreme close-up of milk and vegetable oil being poured simultaneously into the whipped mixture from two glass pitchers.

Caption:
04 — Pour in milk and oil.

---

[5]
Low-angle shot of flour and baking powder falling through a metal sieve like soft snow into the bowl.

Caption:
05 — Sift dry ingredients.

---

[6]
Macro close-up of bright golden mango purée being poured into the batter, creating beautiful swirling ribbons of vibrant yellow.

Caption:
06 — Add fresh mango purée.

---

[7]
Overhead shot of the electric mixer blending everything into a smooth, glossy mango batter with creamy yellow swirls.

Caption:
07 — Mix into smooth batter.

---

[8]
Close-up of a round cake pan being lightly greased with butter using a pastry brush.

Caption:
08 — Prepare the cake pan.

---

[9]
Medium tracking shot of thick mango batter slowly pouring into the prepared cake pan while a silicone spatula scrapes the bowl clean.

Caption:
09 — Pour batter into the pan.

---

[10]
Medium shot as the oven door opens and the cake pan slides onto the oven rack before the door closes.

Caption:
10 — Bake the cake.

---

[11]
Medium profile shot of the young woman standing beside the oven with folded arms, smiling slightly while waiting for the cake to bake.

Caption:
11 — Wait patiently.

---

[12]
Extreme close-up inside the oven showing the mango cake rising beautifully with a golden surface under glowing heating elements.

Caption:
12 — Cake rises perfectly.

---

[13]
Medium shot as the oven opens with warm steam escaping. Wearing oven mitts, she carefully removes the freshly baked mango cake.

Caption:
13 — Remove the baked cake.

---

[14]
Close-up of the cake being inverted smoothly onto a cooling rack with gentle steam rising.

Caption:
14 — Cool the cake.

---

[15]
Final cinematic hero shot. The young woman proudly holds the cooling rack with the freshly baked golden mango cake near her face, smiling confidently. Fresh mango slices decorate the scene on the marble countertop.

Caption:
15 — Finished mango cake, hero shot.

---

Overall Direction:
Make the storyboard feel like a premium commercial production planning sheet for a high-end mango cake advertisement. Every frame should maintain consistent character appearance, wardrobe (black t-shirt and grey sweatpants only, no apron), kitchen environment, lighting, props, and recipe progression from raw ingredients to a beautifully baked mango cake. The result should look polished, cinematic, energetic, and suitable for a luxury food commercial."
renoise-2074346492614283265,Animate the provided first frame into a 15-second original shonen anime…,,漫剧,特效向,武侠打斗,2D日漫,en,Seedance 2.0,,,renoise-ai/awesome-seedance-prompts,https://github.com/renoise-ai/awesome-seedance-prompts/blob/904b6caffa21c2b114bb93e1bd0e37ba80b3dd10/data/prompts/2074346492614283265.json,CC-BY-4.0,apob,https://x.com/apob_ai/status/2074346492614283265,True,prompts/漫剧/特效向/武侠打斗/renoise-2074346492614283265--Animate-the-provided-first-frame-into-a.md,"Animate the provided first frame into a 15-second original shonen anime fan-animation battle in 16:9 widescreen. Keep the same two fighters, same ruined city crater, same dusk sky, same outfits, same powers, same red-black versus blue-white energy contrast, and same high-intensity hand-drawn anime style throughout the entire video.
STYLE:
High-budget shonen fan animation, extreme sakuga action, hand-drawn cel animation, rough key-animation line texture, impact frames, speed lines, smear frames, explosive debris, dynamic camera angles, emotional close-ups, cinematic lighting, dramatic anime battle pacing. The animation should feel wild, fast, and powerful, but the action must remain readable.
CHARACTER LOCK:
Exactly two fighters appear in the entire video.
KAIRO:
Kairo is always the grounded red-energy fighter. He has messy black hair with red tips, amber eyes, torn black sleeveless battle jacket, dark red waist sash, wrapped forearms, black combat pants, heavy black boots, and a short torn red scarf. His power is crimson flame and black lightning around his fists and feet.
RENJI:
Renji is always the elevated blue-energy rival. He has long white hair tied back, icy blue eyes, a long dark navy torn coat, silver shoulder guards, black layered clothing, pale blue waist cords, slim boots, and a cracked half-mask detail. His power is blue-white lightning, gravity distortion, and a sword-like energy blade.
Do not swap their roles, outfits, hair colors, powers, or identities. Kairo never uses blue lightning blade energy. Renji never uses red flame fists. No extra characters.
TIMELINE:
0–1.5s:
Begin exactly from the first frame. Hold the face-off for a short dramatic beat. Kairo crouches low in the lower-left foreground, red-black energy crawling across the cracked ground. Renji floats in the upper-right, blue lightning flickering around him. Dust and small stones hover in the air.
1.5–3s:
Close-up montage. Kairo’s amber eyes narrow, red sparks fly across his face. Cut to Renji’s icy blue eyes, calm and cold, as concrete fragments rotate around him. The wind grows stronger.
3–4.5s:
Kairo explodes forward from the ground, leaving a crater and a red flame trail. The camera whips low beside him, following his sprint through broken asphalt.
4.5–6s:
Renji drops from above with a blue-white lightning blade forming in his hand. The camera tilts upward as he descends, coat and white hair flowing in slow motion for half a beat.
6–7.5s:
First impact. Kairo’s flaming fist collides with Renji’s energy blade. Use one dramatic black-and-white anime impact frame, then burst into red and blue sparks. The shockwave pushes smoke and debris outward.
7.5–9s:
Fast close-range fight exchange. Kairo throws rapid punches and a spinning kick. Renji parries with blue blade arcs and gravity steps. Use speed lines, smear frames, and quick camera snaps, but keep both fighters identifiable.
9–10.5s:
Renji knocks Kairo backward through a broken concrete wall. Kairo flips midair, drags one hand across the ground, and stops himself with a red-black flame skid.
10.5–12s:
Kairo slams both fists into the crater floor. Red-black energy cracks spread outward like lightning through the ground. Renji floats above, then cuts downward with a vertical blue slash that splits the flame wave.
12–13.5s:
Both fighters sprint toward each other through debris and smoke. Camera tracks low between them, alternating red light from Kairo’s side and blue light from Renji’s side. The crater and buildings blur into speed lines.
13.5–15s:
Final clash. Kairo leaps with a red-black comet fist. Renji descends with a blue-white lightning crescent blade. Their powers collide in midair, creating a huge circular shockwave. End on a final hero frame: both fighters land on opposite sides of the smoking crater, breathing hard, red and blue sparks drifting between them under the orange-violet dusk sky.
CAMERA:
Use intense anime action cinematography: tilted low-angle face-off, extreme eye close-ups, ground-level sprint tracking, upward falling shot, impact-frame cut, rapid hand-to-hand exchange, debris crash, low center tracking shot, and final wide hero frame. Camera can be aggressive, but the choreography must stay readable.
MOTION:
Kairo’s motion is explosive, grounded, and feral: crouch, sprint, punch, kick, skid, ground slam, leap.
Renji’s motion is precise, floating, and elegant: hover, descend, parry, gravity step, slash, final dive.
Energy trails, scarf, coat, hair, dust, rocks, sparks, lightning, and smoke should have strong secondary motion.
LIGHTING:
Dusk orange backlight, red-black flame glow from Kairo, blue-white lightning glow from Renji, smoke haze, flying sparks, high-contrast anime battle lighting. Keep faces and silhouettes clear.
ENDING:
The final frame must clearly show Kairo and Renji on opposite sides of the crater, both still standing after the clash, with red and blue energy fading in the smoke. The ending should feel like a viral high-quality shonen fan animation moment."
renoise-2074347521917497596,"[16:9 Cinematic Aspect Ratio | 15 Seconds | Ultra-Realistic, High-Production Ad…",,其他,,广告带货,,en,Seedance 2.0,link-only,brand-ad,renoise-ai/awesome-seedance-prompts,https://github.com/renoise-ai/awesome-seedance-prompts/blob/904b6caffa21c2b114bb93e1bd0e37ba80b3dd10/data/prompts/2074347521917497596.json,CC-BY-4.0,Mira Sterling,https://x.com/Chaemate_/status/2074347521917497596,True,prompts/其他/广告带货/renoise-2074347521917497596--16-9-Cinematic-Aspect-Ratio-15-Seconds-U.md,
renoise-2074355421037670855,Main Subject,,真人,特效向,动作大片,,en,Seedance 2.0,,,renoise-ai/awesome-seedance-prompts,https://github.com/renoise-ai/awesome-seedance-prompts/blob/904b6caffa21c2b114bb93e1bd0e37ba80b3dd10/data/prompts/2074355421037670855.json,CC-BY-4.0,ᴍᴜʀᴘʜʏ,https://x.com/Diplomeme/status/2074355421037670855,True,prompts/真人/特效向/动作大片/renoise-2074355421037670855--Main-Subject.md,"Main Subject

Legendary Viking chieftain, mid-30s, towering and broad-shouldered, long windblown blond hair braided with leather cords, thick beard with bronze rings, scarred weathered face, piercing blue eyes, calm but intimidating. Wears historically accurate chainmail beneath a dark wolf-fur cloak, reinforced leather armor with iron plates, wool tunic, leather belt with seax, engraved round wooden shield, battle-worn steel axe, Viking sword, leather boots, iron nasal helmet. Realistic skin with dirt, sweat, dried blood, and frost. No fantasy, no horned helmets. Maintain identical appearance, armor, weapons, hairstyle, and clothing throughout.

Location

Late 9th-century western Norway in late autumn. Foggy mountain trails above vast fjords, pine forests, frozen waterfalls, mossy cliffs, icy rivers, abandoned wooden watchtowers, Viking banners, scattered campfires, snowy passes, and narrow cliff paths. The journey leads to a rugged mountain battlefield where two Viking clans fight among rocks, frozen ground, and dense fog, ending on a silent summit overlooking glowing fjords at sunset. No modern or fantasy elements.

Visual Style

Ultra-realistic historical documentary realism. Natural human behavior, authentic Norse clothing, armor, weapons, believable combat, realistic weather, raw immersive atmosphere.

Camera Style

Early-2000s consumer DV camcorder. Handheld explorer footage with shaky movement, imperfect framing, autofocus hunting, lens breathing, exposure pumping, motion blur, rolling shutter, mild compression artifacts, faded colors, soft contrast, subtle sensor noise. No stabilization or cinematic grading.

Time

00:00–00:02
The chieftain leads warriors along a foggy cliff trail before dawn, gripping shield and axe as distant war horns echo across the fjords.

00:02–00:04
A rival clan emerges from granite boulders. Both shield walls advance as fur cloaks whip in the freezing wind while the camera retreats.

00:04–00:06
Battle erupts. Axes crash into shields, swords spark, spears strike chainmail, warriors wrestle on icy rocks as autofocus hunts through falling snow.

00:06–00:08
The summit becomes chaotic. Shield walls collide, arrows fly, warriors charge through fog, and the handheld camera shakes as fighters rush past.

00:08–00:10
The chieftain duels the rival leader with axe and shield while shields splinter, sparks fly, ravens circle, and motion blur intensifies.

00:10–00:12
The enemy retreats into the fog. Vikings gather the wounded and recover weapons as sunlight briefly breaks through storm clouds above the fjords.

00:12–00:15
Silence returns. The chieftain sits on a cliff overlooking the fjords with shield beside him and axe across his knees, briefly nodding at the camera before gazing into the mountains.

Audio

Natural ambience only: mountain wind, distant war horns, boots on snow and stone, shield impacts, axe blows, swords, spears, Old Norse battle cries, ravens, echoing voices, falling rocks, crackling fires, breathing, fluttering banners. No music, narration, or added sound design.

Goal

A forgotten early-2000s home video documenting authentic Viking mountain warfare—raw, candid, historically accurate, immersive, and deeply believable."
renoise-2074374818397561068,0–3 Seconds,,漫剧,特效向,奇幻冒险,绘画风,en,Seedance 2.0,,,renoise-ai/awesome-seedance-prompts,https://github.com/renoise-ai/awesome-seedance-prompts/blob/904b6caffa21c2b114bb93e1bd0e37ba80b3dd10/data/prompts/2074374818397561068.json,CC-BY-4.0,BGKuaci,https://x.com/BGKuaci/status/2074374818397561068,True,prompts/漫剧/特效向/奇幻冒险/renoise-2074374818397561068--0–3-Seconds.md,"0–3 Seconds
Extreme macro tracking shot using rule of thirds. A highly detailed real-world prehistoric rainy environment filled with giant wet fern leaves, moss-covered branches, and crystal-clear raindrops under soft overcast daylight. A tiny, adorable 2D animated primitive tribal girl, wearing a simple deerskin dress, leather moccasins, a small feather in her long dark hair, and carrying a miniature woven basket, carefully walks along a large rain-soaked vine suspended above the forest floor. She balances with both arms while looking around with wide-eyed curiosity. Smooth cinematic macro camera movement with shallow depth of field and creamy bokeh. SFX: gentle rainfall, dripping water, distant insects, tiny footsteps. No music.
3–6 Seconds
Dynamic macro close-up with a subtle Dutch angle. The primitive girl notices a huge berry resting on top of a broad wet fern leaf. She happily climbs onto the leaf and reaches for the berry, but a giant raindrop crashes beside her, causing the leaf to bounce violently. She slips, slides across the glossy surface, and barely grabs a thick leaf vein before falling. The camera follows the motion with playful handheld energy. SFX: water splash, tiny gasp, leaf creaking, soft rain. No music.
6–9 Seconds
Extreme close-up with central composition transitioning into gentle slow motion. Another enormous raindrop slowly falls from above like a crystal sphere. Time slows dramatically as the primitive girl looks upward in surprise before lifting a tiny woven leaf shield over her head. The massive droplet lands against the shield, bursting into sparkling water that scatters beautifully around her while every droplet hangs momentarily in the air. SFX: slow water impact, delicate splash, soft heartbeat, gentle rainfall. No music.
9–12 Seconds
Fast macro tracking shot using strong leading lines. Returning instantly to full speed, the primitive girl laughs and slides down the curved surface of a giant prehistoric fern leaf before landing on a thick moss-covered branch. She quickly jumps between oversized mushrooms, roots, and fallen leaves while tiny water droplets bounce around her with every step. The camera races alongside her with energetic macro movement. SFX: joyful laughter, splashing droplets, rustling leaves, rainfall. No music.
12–15 Seconds
Wide macro shot transitioning into a cinematic close-up. The primitive girl reaches a tiny handmade bark canoe floating inside a shallow rain puddle formed on an enormous leaf. She climbs aboard and uses a miniature twig as a paddle while smiling proudly. The canoe gently drifts away through expanding rain ripples as the camera slowly pulls back, revealing the magical contrast between the tiny 2D tribal child and the photorealistic prehistoric rainforest surrounding her. SFX: gentle water ripples, rain, distant birds, happy giggle. No music.
Style Direction
A seamless mixed-media production combining ultra-realistic macro live-action footage with high-quality hand-drawn 2D animation. The animated character is a tiny prehistoric tribal girl with identical facial features, long dark hair, a deerskin dress, leather moccasins, feather hair ornament, and a woven basket throughout every shot. The real environment is a lush prehistoric rainforest featuring enormous fern leaves, moss, vines, bark textures, rain puddles, crystal-clear water droplets, soft overcast lighting, cinematic shallow depth of field, creamy bokeh, and realistic macro water physics. Maintain approximately 70% focus on the tiny animated tribal girl and 30% on the photorealistic prehistoric environment. Use cinematic multi-shot storytelling with rule of thirds, central composition, Dutch angles, macro tracking shots, extreme close-ups, and dynamic leading lines. Employ smooth macro camera movement, subtle motion blur during fast action, and slow motion only during the giant raindrop impact, immediately returning to playful real-time pacing. Create a whimsical, magical prehistoric rainy-day atmosphere with seamless interaction between the 2D animated primitive character and the realistic macro world. No text, no subtitles, no watermark."
renoise-2074394728561336699,"High-end cosmetic commercial sequence for ""AURORA GLOW SERUM"". Transition from…",,其他,,广告带货,,en,Seedance 2.0,,,renoise-ai/awesome-seedance-prompts,https://github.com/renoise-ai/awesome-seedance-prompts/blob/904b6caffa21c2b114bb93e1bd0e37ba80b3dd10/data/prompts/2074394728561336699.json,CC-BY-4.0,FATHELA ESQ,https://x.com/AmControo/status/2074394728561336699,True,prompts/其他/广告带货/renoise-2074394728561336699--High-end-cosmetic-commercial-sequence-fo.md,"High-end cosmetic commercial sequence for ""AURORA GLOW SERUM"". Transition from dynamic surrealist natural elements—an amber dropper bottle bursting through dark storm clouds with intense water splashes and swirling pink rose petals—into a clean, elegant indoor lifestyle setting. Feature a young woman with radiant skin applying the golden serum, utilizing advanced digital overlay graphics including a pulsing DNA helix, glowing micro-bubbles, and a golden skin-scanning grid effect. Conclude with a luxury studio background featuring a spinning golden clock mechanism and a stylized 3D fluid simulation of a gold ribbon wrapped around the product bottle. High-key cinematic lighting, sharp commercial product focusing, smooth fluid motion tracking, 4k quality."
renoise-2074399512135974948,"Fierce category 5 hurricane slamming into a modern metropolis, torrential rain…",,其他,,风景空镜,,en,Seedance 2.0,,,renoise-ai/awesome-seedance-prompts,https://github.com/renoise-ai/awesome-seedance-prompts/blob/904b6caffa21c2b114bb93e1bd0e37ba80b3dd10/data/prompts/2074399512135974948.json,CC-BY-4.0,Mr Das,https://x.com/MrDasOnX/status/2074399512135974948,True,prompts/其他/风景空镜/renoise-2074399512135974948--Fierce-category-5-hurricane-slamming-int.md,"Fierce category 5 hurricane slamming into a modern metropolis, torrential rain and flying debris, skyscrapers swaying violently, flooded streets with cars tumbling in waves, palm trees snapping, lightning flashes illuminating the chaos, intense slow-motion wind effects, ground-level immersive camera, photorealistic storm VFX."
renoise-2074443177876955146,Start from the @[ref image] as the first frame. She holds the same frontal pose…,,漫剧,特效向,奇幻冒险,2D日漫,en,Seedance 2.0,,,renoise-ai/awesome-seedance-prompts,https://github.com/renoise-ai/awesome-seedance-prompts/blob/904b6caffa21c2b114bb93e1bd0e37ba80b3dd10/data/prompts/2074443177876955146.json,CC-BY-4.0,Kōda,https://x.com/aimikoda/status/2074443177876955146,True,prompts/漫剧/特效向/奇幻冒险/renoise-2074443177876955146--Start-from-the-ref-image-as-the-first-fr.md,"Start from the @[ref image] as the first frame. She holds the same frontal pose for a beat, then begins a solo ritual dance with precise hand movements, grounded steps, and slow turns. Crimson energy ribbons rise from her face and hands, while her gold ornaments and fur move with the rhythm. End in a strong centered pose, echoing the opening frame with red aura suspended around her. 9 cuts.
High-end stylized 2D anime illustration fused with textured painterly movement, sacred ritual fashion, and emotionally charged contemporary dance. Slow, precise body isolations, sharp wrist turns, controlled shoulder rolls, and grounded footwork create a ceremonial dance language that feels ancient yet modern. Crimson tear-like energy lifts from the face and trails through the air as thin liquid ribbons, while gold relic fragments orbit the body in delayed rhythm and dark teal shadow smoke folds around each turn. The choreography alternates between stillness and sudden explosive accents, with dramatic close-ups, low angles, spinning perspective shifts, and elegant silhouette-driven framing. Soft rose haze, glowing amber eyes, ivory fur textures, weathered gold details, and hand-painted brush grain create a sacred, melancholic atmosphere while cinematic lighting preserves weight, intimacy, and performance intensity."
renoise-2074444476354101574,"Use [Image 1](image_1)only as the layout, shot-order, camera, staging, screen…",,真人,特效向,动作大片,,en,Seedance 2.0,,,renoise-ai/awesome-seedance-prompts,https://github.com/renoise-ai/awesome-seedance-prompts/blob/904b6caffa21c2b114bb93e1bd0e37ba80b3dd10/data/prompts/2074444476354101574.json,CC-BY-4.0,Sharon Riley,https://x.com/Just_sharon7/status/2074444476354101574,True,"prompts/真人/特效向/动作大片/renoise-2074444476354101574--Use-Image-1-image_1-only-as-the-layout,.md","Use [Image 1](image_1)only as the layout, shot-order, camera, staging, screen direction, pacing, and spatial continuity reference. Treat every storyboard panel as an individual shot. Ignore storyboard drawing style, simplified anatomy, panel text, headers, borders, annotations, scribbles, malformed props, duplicate silhouettes, stray marks, icons, and effect sketches.
Use @[Image 3](image_3) only for Character 1's final appearance, face, body proportions, long wavy blonde hair, black long coat, gloves, wardrobe materials, and overall likeness.
Use @[Image 2](image_2)only for Character 2's final appearance, face, body proportions, short hair, dark hoodie, wrist device, multi-barrel handgun, wardrobe materials, and overall likeness.
Create a photorealistic 15-second cinematic Hollywood action trailer with seamless continuity, maintaining exactly two lead characters throughout every shot.
CHARACTER LOCK
• C1: Female whip duelist only. Uses only a glowing crimson energy whip attached to her hand.
• C2: Male gunner only. Uses only a blue wrist holographic device and a futuristic multi-barrel handgun.
• Never merge identities.
• Never duplicate either character.
• Never introduce additional heroes.
• Background pedestrians, guests, taxis and vehicles remain simplified environmental extras only.
VISUAL STYLE
Ultra photorealistic.
Bright daytime.
Gritty cyberpunk realism.
Wet reflective New York streets.
Orange construction barriers.
Yellow taxis.
Steam rising from manholes.
Glass skyscrapers reflecting sunlight.
Modern luxury glass building with a red carpet entrance.
Purple architectural accent lighting.
Hollywood blockbuster cinematography.
Natural motion blur.
Volumetric smoke.
Practical explosions.
Lens flares.
Realistic debris.
High-speed tracking.
Large-scale cinematic lighting.
4K feature-film realism.
Maintain consistent geography from the street battle into the red-carpet location.
SHOT SEQUENCE
SHOT 1
Street-level camera positioned behind C1 on wet reflective asphalt. Steam rises from a nearby manhole. C1 plants her feet and swings the crimson energy whip low across the pavement, generating a bright red whip trail that lashes sideways while the city reflects in the wet road.
SHOT 2
Wide tracking shot. C1 launches into the air over an exploding yellow taxi. Fire and debris erupt behind her as the crimson whip forms a long glowing arc through the bright daytime skyline.
SHOT 3
Extreme floor-level insert. Close on C1's boot striking wet pavement while the whip tip cracks the asphalt, sending sparks, shattered concrete and glowing fragments outward.
SHOT 4
Low tracking shot beside C2 sprinting directly toward camera through drifting smoke. His glowing blue wrist device illuminates one raised arm while debris flies behind him.
SHOT 5
Close-medium shot. C2 extends his arm forward. A bright cyan holographic grid rapidly projects from the wrist device, expanding outward while taxis and skyscrapers remain visible in the background.
SHOT 6
Extreme close-up. C2 draws a futuristic multi-barrel handgun. The weapon fires its first brilliant blue energy shot, producing an intense muzzle flash with cinematic lens flare.
SHOT 7
Bird's-eye overhead shot. Street geometry clearly visible below. C1's crimson whip trail and C2's blue muzzle fire cross dramatically through opposite corners of the frame while both characters remain small at opposite edges.
SHOT 8
Slow-motion tilted action shot. C2 vaults over an exploding taxi as blue muzzle flashes continue beneath him. Fireballs, smoke and debris scatter realistically through the air.
SHOT 9
Hard cinematic location transition.
Wide establishing shot outside a luxurious modern glass building. Bright daylight continues. A pristine red carpet stretches toward the entrance. Elegant guests stand watching. C1 and C2 occupy opposite ends of the carpet. No weapons active. No energy effects visible.
SHOT 10
Close two-shot. C1 and C2 stand only an arm's length apart on the carpet. Absolute stillness. Silent confrontation. Controlled breathing. Intense eye contact. Purple architectural lighting reflects softly on the glass facade.
SHOT 11
Medium shot. C2 slowly raises one hand and pulls his hood over his head while already turning three-quarters away from C1 toward the entrance. C1 remains perfectly still behind him.
SHOT 12
Maintain identical framing and geography from Shot 11. C2 calmly walks toward the building entrance as guests subtly turn to watch. C1 stays motionless at the edge of frame, silently observing his departure. Hold on the unresolved tension before fading to black.
CAMERA STYLE
Aggressive cinematic tracking.
Steadicam.
Drone overhead.
Ground-level perspectives.
Extreme close-ups.
Wide establishing shots.
Smooth transitions.
Natural handheld energy during action.
Controlled locked-off framing during the red-carpet sequence.
ACTION STYLE
Fast.
Powerful.
Readable silhouettes.
Fluid stunt choreography.
Heavy environmental interaction.
Convincing physics.
No exaggerated anime motion.
Grounded Hollywood realism.
COLOR PALETTE
Bright daylight.
Warm sunlight.
Wet asphalt reflections.
Crimson energy whip.
Brilliant blue muzzle flashes.
Cyan holographic projections.
Orange construction barriers.
Yellow taxis.
Black wardrobe.
Red carpet.
Purple entrance lighting.
Natural skin tones.
AUDIO
Large cinematic orchestral hybrid score.
Driving trailer percussion.
Deep sub-bass impacts.
Powerful whip cracks.
Explosive booms.
Metal and glass debris.
Blue energy weapon blasts.
Holographic interface tones.
Crowd ambience fading into near silence at the red carpet.
The final moments become quiet, tense and emotionally restrained before ending with a dramatic cinematic trailer hit."
renoise-2074452269588967795,SHOT 1,,真人,现实向,剧情短片,,en,Seedance 2.0,,,renoise-ai/awesome-seedance-prompts,https://github.com/renoise-ai/awesome-seedance-prompts/blob/904b6caffa21c2b114bb93e1bd0e37ba80b3dd10/data/prompts/2074452269588967795.json,CC-BY-4.0,Latte,https://x.com/0xbisc/status/2074452269588967795,True,prompts/真人/现实向/剧情短片/renoise-2074452269588967795--SHOT-1.md,"SHOT 1
Low-angle near-wide shot, 18mm, camera moving backward close to the ground / Pivoting on his right foot, the student turns in from the background. The broom rolls over his shoulder from behind, and his right hand catches the end of the wooden handle before completing two vertical circles. He crosses forward with his left foot, moving the ginkgo leaves on the ground, then pulls the broom from below his right shoulder to the left side of his body / SFX: wooden handle moving through the air, shoe friction, leaves shifting
SHOT 2
Side medium-long shot, 28mm, camera moving sideways along the ground line / He lowers his body and catches the middle of the handle with his left hand. The broom slides behind his waist and rolls along his back to his right shoulder. He moves forward in a low monkey walk as the broom head sweeps close to the ground, pushing the ginkgo leaves and light dust into a fan shape. He then pushes off with the front of his foot, turns his hips, and lifts the low sweep into an overhead diagonal strike / SFX: wooden handle moving through the air, trouser legs moving, dust brushing the ground
SHOT 3
High-angle wide shot, 20mm, camera moving down from above the gym wall while circling slightly / After the diagonal strike, he lets the broom slide outward along his palm and places the end of the handle on the ground. He completes one butterfly turn, with both legs passing through the air in sequence. After landing, he drops into a deep right-leg lunge as the broom spins behind his back, and his left hand catches the handle from behind. Two classmates appear from behind the gym corner and walk into the back area one after the other / SFX: handle touching the ground, clothing moving, landing sound
SHOT 4
Direct side medium shot, 50mm, camera moving forward before continuing sideways / He moves the handle behind his neck, and the broom rolls once around his neck along his shoulders and back. His right hand catches it on the other side, then throws it straight up. The broom spins one and a half times in the air. He crosses underneath it, takes two steps with his back to it, then catches it above the back of his head. A slight cyan-red offset afterimage appears on the catch. The two classmates reach a distant bench and stop to watch / SFX: broom spinning, palm catching the handle
SHOT 5
Low-angle wide shot, 24mm, camera moving halfway around him / After catching the broom, he lowers his shoulder and lets it roll along the outside of his right arm to his wrist, then brings it out from under his arm with a reverse grip. He completes a horizontal circle around his waist, a vertical circle above his head, and a reverse vertical circle behind his back, using small steps to adjust his position. He then presses the end of the broom toward the ground and jumps in its direction. In the distance, one classmate takes out a phone while the other leans closer to watch / SFX: broom moving through the air, shoe soles tapping the ground, tie moving
SHOT 6
Low-angle wide shot, 18mm, camera moving up from near the end of the broom and pulling backward / He pushes off the ground and completes a 540-degree turn in the air. The broom stays close to his body and passes from his right hand to his left during the turn. His legs pull in, then extend outward. He lands facing the original direction, left foot first, then right. The broom strikes down from above and turns into a horizontal sweep in front of him. The two classmates stop in the distance, and one raises a phone to record / SFX: takeoff sound, clothing flapping, landing sound
SHOT 7
Front medium-long shot from a slightly low angle, 32mm, camera moving toward him along the ground / After the sweep, he brings the broom to his waist and slides both hands to adjust his grip. He takes two steps forward, raises the broom overhead, and lowers his body on the final step. He turns his hips, drops his shoulder, and brings the broom down with both arms. The broom head stops just above the ground as his right foot lands on a painted line. Dust and ginkgo leaves spread across the ground in a two-dimensional circular halftone pattern. He holds the position briefly. The classmates in the background keep recording / SFX: broom striking down, foot hitting the ground, leaves and dust moving
SHOT 8
A phone recording sound plays. 50mm close shot, camera slowly pulling back to a wide shot / Hearing it, the student looks to the right, pauses, then turns his head. As the camera pulls back, the gym corner enters frame. Two classmates stand beside the bench holding a phone, and one is trying not to laugh.
The student tenses his shoulders, and his ears turn slightly red. He places the broom head back on the ground, lowers his head to avoid their eyes, and starts sweeping the ginkgo leaves by his feet. His movements look stiff and serious, as if he had only been cleaning the whole time.
The classmates keep recording, so he continues sweeping forward without looking at them again. The shot holds on the open back area of the Korean school campus and his back / SFX: phone recording sound, distant birds, soft clothing movement, broom brushing fallen leaves, adjusting footsteps"
renoise-2074459192149082474,Ingredient Origin Story — Quick cuts: potato farm → slicing → frying →…,,真人,现实向,剧情短片,,en,Seedance 2.0,,,renoise-ai/awesome-seedance-prompts,https://github.com/renoise-ai/awesome-seedance-prompts/blob/904b6caffa21c2b114bb93e1bd0e37ba80b3dd10/data/prompts/2074459192149082474.json,CC-BY-4.0,Abkr Sadiq,https://x.com/abs_uiux/status/2074459192149082474,True,prompts/真人/现实向/剧情短片/renoise-2074459192149082474--Ingredient-Origin-Story-—-Quick-cuts-pot.md,Ingredient Origin Story — Quick cuts: potato farm → slicing → frying → seasoning → final product reveal in the premium bag. From Farm to Flawless.
renoise-2074472474859720981,Claymation Stop-Motion – The Midnight Biscuit Heist,,漫剧,现实向,日常治愈,粘土定格,en,Seedance 2.0,,,renoise-ai/awesome-seedance-prompts,https://github.com/renoise-ai/awesome-seedance-prompts/blob/904b6caffa21c2b114bb93e1bd0e37ba80b3dd10/data/prompts/2074472474859720981.json,CC-BY-4.0,Pan,https://x.com/sebatheepan/status/2074472474859720981,True,prompts/漫剧/现实向/日常治愈/renoise-2074472474859720981--Claymation-Stop-Motion-–-The-Midnight-Bi.md,"Claymation Stop-Motion – The Midnight Biscuit Heist

Visual Style: Classic Laika/Aardman style stop-motion claymation. Visible thumbprint textures, soft studio clay-model lighting, slight frame-stutter (looks handcrafted).

The Story: A tiny clay-model detective mouse wearing a tiny trench coat investigates a crime scene on a wooden kitchen counter. He follows sugar-dust footprints and cookie crumbs using a miniature magnifying glass, leading him to a sleeping cat with a single chocolate chip stuck to its nose.

BGM Vibe: Whimsical cozy mystery jazz, light woodwinds, walking pizzicato strings, ticking percussion rhythms, building to a comedic brass accent"
renoise-2074473896930316611,以参考图中的成年女性剑客为主角，保持人物五官、发型、服装、武器和整体冷白色视觉风格一致。银灰色极简空间内，一名黑衣蒙面剑客从画面侧后方高速突袭，女剑客瞬间察觉，…,,真人,特效向,武侠打斗,,zh,Seedance 2.0,link-only,hate,renoise-ai/awesome-seedance-prompts,https://github.com/renoise-ai/awesome-seedance-prompts/blob/904b6caffa21c2b114bb93e1bd0e37ba80b3dd10/data/prompts/2074473896930316611.json,CC-BY-4.0,serein,https://x.com/you1873118/status/2074473896930316611,True,"prompts/真人/特效向/武侠打斗/renoise-2074473896930316611--以参考图中的成年女性剑客为主角,保持人物五官-发型-服装-武器和整体冷白色视觉风.md",
renoise-2074475529919742317,"IMPORTANT: The red line, route markings, flight guides, annotations, and all…",,真人,特效向,奇幻怪兽,,en,Seedance 2.0,,,renoise-ai/awesome-seedance-prompts,https://github.com/renoise-ai/awesome-seedance-prompts/blob/904b6caffa21c2b114bb93e1bd0e37ba80b3dd10/data/prompts/2074475529919742317.json,CC-BY-4.0,Kent Dhani,https://x.com/kentdhani/status/2074475529919742317,True,"prompts/真人/特效向/奇幻怪兽/renoise-2074475529919742317--IMPORTANT-The-red-line,-route-markings,.md","IMPORTANT: The red line, route markings, flight guides, annotations, and all navigation graphics visible in the uploaded image/reference are used only as hidden camera guidance. They must never appear in the final video. Completely remove all red lines, arrows, route overlays, drawings, markings, path indicators, and annotations from the rendered output. The final video must look completely natural, cinematic, and free of any navigation elements.
Create an ultra-realistic first-person magic carpet flight POV. Do NOT use a drone camera. The camera represents the eyes of the rider. Throughout the entire video, only two outstretched arms wearing dark, textured sleeves and gloves are visible, tightly gripping the front edges of an ornate, thick red magic carpet with intricate golden dragon and floral patterns. No face, no torso, no legs visible. The carpet dynamically ripples and flutters at the edges with realistic wind physics and speed-induced fabric motion.
The camera must follow the exact hidden route shown in the navigation reference while keeping the route completely invisible in the final video. Preserve the exact route order, direction changes, altitude transitions, and overall flight flow.
The flight begins soaring at high speed through a dense, traditional Japanese fantasy village at dusk. The narrow streets are lined with dark wooden architecture, pagoda-style roofs, and hundreds of warm, glowing orange paper lanterns. Blooming pink cherry blossom (sakura) trees surround the area. A glowing, translucent golden spirit bird flies continuously ahead of the camera, acting as a magical guide.
Following the village corridor, the camera drops aggressively in altitude, skimming just above a glowing turquoise river. The flight remains incredibly low and fast, generating a sensation of immense speed as it passes massive stone walls and flies near a large red Torii gate and an arched bridge. The rider banks naturally to navigate the tight turns of the river and village pathways.
After navigating the lower village, the camera seamlessly follows the winding path upward, accelerating towards a colossal, multi-tiered illuminated Japanese castle complex perched on a high rocky cliffside. Majestic waterfalls cascade down the cliff face. In the far background, the silhouette of Mount Fuji rests under a moody, dramatic night sky with scattered clouds and moonlight.
Ultra-realistic first-person fantasy flight cinematography, seamless one-take motion, realistic flight physics, cinematic acceleration, natural banking, physically accurate camera movement, realistic carpet fabric simulation, immersive speed sensation, dynamic air turbulence, strong depth perception, beautiful contrast between warm lantern light and cool night atmosphere, atmospheric perspective, highly detailed Japanese architecture, premium cinematic quality, AAA video game trailer realism, Unreal Engine 5 style lighting, 8K detail, clean spatial continuity.
No visible red lines, no arrows, no route graphics, no path overlays, no guide marks, no annotations, no text, no watermark, no drone parts, no face visible, no torso visible, no extra arms, no deformed hands, no warped buildings, no melting architecture, no floating objects, no scene cuts, no artificial transitions."
renoise-2074482918727254106,Create a premium luxury beauty commercial for a glossy pink lip tint in…,,其他,,广告带货,,en,Seedance 2.0,,,renoise-ai/awesome-seedance-prompts,https://github.com/renoise-ai/awesome-seedance-prompts/blob/904b6caffa21c2b114bb93e1bd0e37ba80b3dd10/data/prompts/2074482918727254106.json,CC-BY-4.0,Synthia,https://x.com/AIwithSynthia/status/2074482918727254106,True,prompts/其他/广告带货/renoise-2074482918727254106--Create-a-premium-luxury-beauty-commercia.md,"Create a premium luxury beauty commercial for a glossy pink lip tint in vertical 9: 16. Minimalist champagne-toned studio, soft blush palette, flowing silk aesthetic, cinematic macro beauty lighting, ultra-realistic human skin with visible pores, realistic eye reflections, detailed hair strands, premium cosmetic photography, elegant slow-motion cinematography.

The commercial opens with a stunning beauty model walking gracefully through long floating champagne-colored silk ribbons suspended in the air. The ribbons gently brush against her face and shoulders as she smiles softly. The camera glides around her with smooth cinematic movement while warm studio lighting creates beautiful highlights across the silk.

The floating ribbons gradually transform into streams of glossy liquid satin that spiral toward the center of the frame, wrapping around a luxury pink lip tint bottle. The satin flows realistically like molten silk, forming elegant curves while the product slowly rotates in mid-air.

The camera moves into extreme macro shots, revealing premium metallic packaging, crystal-clear reflections, soft highlights, and luxurious textures. The cap slowly twists open automatically as the applicator rises gracefully from the bottle. A silky pink gloss droplet forms on the applicator tip, stretching naturally before catching the light with mirror-like reflections.

Transition to elegant beauty shots of the model holding the lip tint beside her face. She smiles confidently as soft champagne silk flows behind her. The camera slowly pushes toward an extreme macro close-up of her lips. The applicator glides smoothly across her lips in one continuous motion, leaving behind an intensely glossy, hydrated finish. Rich reflections dance across the lip surface while the gloss catches every highlight.

Follow with several ultra-close-up macro beauty shots showcasing plump, luminous lips from different cinematic angles. The model gently parts her lips, smiles naturally, and turns slightly as soft studio lighting enhances the glossy finish and flawless skin.

The final sequence reveals the luxury lip tint standing upright on elegantly folded champagne silk fabric while delicate golden dust particles float through the air. The model steps into the background beside the product, looking confidently toward the camera as it slowly circles around both of them.

Finish with a dramatic hero product shot surrounded by flowing silk waves, shimmering golden particles, and soft champagne lighting, emphasizing elegance, hydration, luxury, and premium beauty aesthetics.

Ultra-realistic commercial quality, luxury fashion campaign, macro beauty cinematatography, premium cosmetic advertising, physically accurate lighting, realistic fabric simulation, reflective surfaces, cinematic slow motion, seamless transitions, elegant camera movement, photorealistic rendering, no subtitles, no logos, no watermarks, no on-screen text."
renoise-2074483205198266752,"Ultra-detailed 16:9 fantasy character design sheet, professional AAA game…",,漫剧,特效向,奇幻冒险,2D日漫,en,Seedance 2.0,link-only,copyrighted-character,renoise-ai/awesome-seedance-prompts,https://github.com/renoise-ai/awesome-seedance-prompts/blob/904b6caffa21c2b114bb93e1bd0e37ba80b3dd10/data/prompts/2074483205198266752.json,CC-BY-4.0,Kiki,https://x.com/Mayz1169/status/2074483205198266752,True,prompts/漫剧/特效向/奇幻冒险/renoise-2074483205198266752--Ultra-detailed-16-9-fantasy-character-de.md,
renoise-2074485357924512157,Use the provided 12-panel storyboard sheet @[storyboard_ref] as the direct…,,漫剧,特效向,科幻机甲,3D卡通,en,Seedance 2.0,link-only,hate,renoise-ai/awesome-seedance-prompts,https://github.com/renoise-ai/awesome-seedance-prompts/blob/904b6caffa21c2b114bb93e1bd0e37ba80b3dd10/data/prompts/2074485357924512157.json,CC-BY-4.0,Okan Can,https://x.com/0kncn/status/2074485357924512157,True,prompts/漫剧/特效向/科幻机甲/renoise-2074485357924512157--Use-the-provided-12-panel-storyboard-she.md,
renoise-2074486139063259273,"Lucas Martin, 17, lean French footballer, messy dark brown hair, sharp jawline…",,真人,现实向,运动,,en,Seedance 2.0,,,renoise-ai/awesome-seedance-prompts,https://github.com/renoise-ai/awesome-seedance-prompts/blob/904b6caffa21c2b114bb93e1bd0e37ba80b3dd10/data/prompts/2074486139063259273.json,CC-BY-4.0,TechieSA,https://x.com/TechieBySA/status/2074486139063259273,True,"prompts/真人/现实向/运动/renoise-2074486139063259273--Lucas-Martin,-17,-lean-French-footballer.md","Lucas Martin, 17, lean French footballer, messy dark brown hair, sharp jawline, dark circles, scar above left eyebrow, navy jersey #19 (oversized), white shorts, blue socks, both boots white. Starts in a stadium tunnel, flickering fluorescent lighting mixed with floodlight spill from the tunnel mouth. Medical staff lift an injured player onto a stretcher, chaos all around. A coach in a black tracksuit turns and locks eyes on Lucas standing alone at the tunnel wall holding a water bottle tray. Slow push-in on his face, expression shifting from confusion to shock. Audio: muffled stadium roar under a rising taiko drum roll, single sharp hit on the eye contact moment. Hard cut to close-up of Lucas lacing one white boot, fingers trembling. He says low and urgent: ‘Three years. They said never again.’ Hard cut to him silhouetted at the tunnel mouth, floodlight flooding the frame, crowd roar swelling, no one acknowledging him. Photorealistic cinematic, 9:16 vertical, anamorphic lens."
renoise-2074486844230893852,Strict character consistency throughout.,,漫剧,特效向,奇幻冒险,3D卡通,en,Seedance 2.0,,,renoise-ai/awesome-seedance-prompts,https://github.com/renoise-ai/awesome-seedance-prompts/blob/904b6caffa21c2b114bb93e1bd0e37ba80b3dd10/data/prompts/2074486844230893852.json,CC-BY-4.0,Kiki,https://x.com/Mayz1169/status/2074486844230893852,True,prompts/漫剧/特效向/奇幻冒险/renoise-2074486844230893852--Strict-character-consistency-throughout.md,"Strict character consistency throughout.
The main character is the lantern witch girl (“LUMIÈRE”) from reference image 1.
Her face, hairstyle, hat, red-white floral ornaments, outfit structure, lantern accessory, and proportions must remain unchanged at all times.

MOVEMENT:
She is continuously flying on a broomstick from left to right.
Camera follows her in a smooth tracking shot (medium distance, side-back angle).
No cuts, no teleportation.

STYLE:
High-end cinematic Japanese fantasy animation style.
Soft painterly lighting, atmospheric depth, and film-quality environmental transitions.
Character remains stable while environments transform.

TOTAL DURATION: 10 SECONDS

SCENE FLOW (continuous flight through 3 worlds):

0–3s — WORLD 1: Koi Garden (Image 2)
She flies over a serene Japanese garden pond filled with koi fish and floating lotus flowers.
Traditional wooden bridges and structures appear in the background.
Bright, peaceful daylight atmosphere.
Camera tracks her as she skims above the water surface.

3–6s — WORLD 2: Festival Village (Image 3)
The environment seamlessly morphs into a lively Japanese festival village.
Red lanterns line the streets, anthropomorphic animal characters and crowds are celebrating.
Stalls, steps, and shrine gates create a festive composition.
Lighting becomes warm and saturated.
She flies low above the festival crowd.

6–10s — WORLD 3: Thousand Lantern Night City (Image 4)
The world transitions into a grand ancient night city.
Purple-orange twilight sky filled with floating lanterns.
Layered rooftops and towers glow in the distance.
Final movement: she flies toward the luminous city center.

ENDING:
No freeze frame, no final pose.
She continues flying forward into the glowing distance as the camera slowly pulls back.

TRANSITION RULE:
All transitions must be achieved through continuous flight motion and atmospheric morphing.
No hard cuts, no jump transitions."
renoise-2074491794037874898,"Style and Atmosphere: An adventure film set in futuristic, tropical Egypt with…",,真人,特效向,动作大片,,en,Seedance 2.0,,,renoise-ai/awesome-seedance-prompts,https://github.com/renoise-ai/awesome-seedance-prompts/blob/904b6caffa21c2b114bb93e1bd0e37ba80b3dd10/data/prompts/2074491794037874898.json,CC-BY-4.0,hedoήist,https://x.com/hedo_ist/status/2074491794037874898,True,prompts/真人/特效向/动作大片/renoise-2074491794037874898--Style-and-Atmosphere-An-adventure-film-s.md,"Style and Atmosphere: An adventure film set in futuristic, tropical Egypt with a cinematic, photorealistic aesthetic, intense action, a starry night with nebulae and the Milky Way, and an epic scale.

Narrative Summary:

(image_2) An exotic blonde woman in Egyptian attire flies on a long-necked dragon with long wings and a very long tail, adorned with Egyptian-style gold details and transparent blue and yellow stripes on its transparent wings.

She flies over a rushing, crystal-clear river, narrowly escaping a gigantic aquatic reptile beneath the surface. The surrounding area is a tropical rainforest dotted with Egyptian buildings, statues, and transparent crystal pyramids tipped with gold.

Dynamic Description: The blonde woman clings to the dragon as it flies low over a winding jungle river. Suddenly, a huge prehistoric aquatic reptile emerges from the water with a colossal splash, snapping its jaws just inches from the woman.

The dragon rises abruptly, maneuvering nimbly to evade the predator.
Static description: A lush, dense prehistoric jungle lines both sides of a wide river; several giant elephants graze in the misty depths alongside giraffes; fog.

An exotic blonde woman in Egyptian attire flies atop an elongated dragon—featuring a long neck, long wings, and a very long tail—adorned with Egyptian-style gold details and translucent blue and yellow stripes on its transparent wings.

The scene is set against a starry night sky featuring nebulae and the Milky Way, within a tropical landscape that includes a rushing river of clear water.
Sound: Howling wind, the pterosaur's loud screech, a burst of water, the roar of an aquatic beast."
renoise-2074495692614095077,A cinematic tracking shot follows a black women walking with confidence. With…,,真人,特效向,奇幻怪兽,,en,Seedance 2.0,,,renoise-ai/awesome-seedance-prompts,https://github.com/renoise-ai/awesome-seedance-prompts/blob/904b6caffa21c2b114bb93e1bd0e37ba80b3dd10/data/prompts/2074495692614095077.json,CC-BY-4.0,Travis Davids,https://x.com/MrDavids1/status/2074495692614095077,True,prompts/真人/特效向/奇幻怪兽/renoise-2074495692614095077--A-cinematic-tracking-shot-follows-a-blac.md,"A cinematic tracking shot follows a black women walking with confidence. With every stride the vines from the plant on either side of her continue growing, following her momentum, eventually they start growing towards her and then onto her body. The camera cuts to a closeup shot and moves upwards as the vines start growing from her feet forming a pair of heels, then it continues moves upwards wrapping itself around her body forming a vine like dress with iridescent leaves. The camera moves to her face as she looks down and has a subtle smirk. She stops walking, analyzes her dress and says ""Hmmm, I like it. Nice one nature!"""
renoise-2074497476367945818,"Animate this glossy 3D toy skater boy. He checks his phone, smiles, and walks…",,漫剧,现实向,剧情短片,3D卡通,en,Seedance 2.0,,,renoise-ai/awesome-seedance-prompts,https://github.com/renoise-ai/awesome-seedance-prompts/blob/904b6caffa21c2b114bb93e1bd0e37ba80b3dd10/data/prompts/2074497476367945818.json,CC-BY-4.0,Magnific,https://x.com/magnific/status/2074497476367945818,True,prompts/漫剧/现实向/剧情短片/renoise-2074497476367945818--Animate-this-glossy-3D-toy-skater-boy.-H.md,"Animate this glossy 3D toy skater boy. He checks his phone, smiles, and walks across the crosswalk with his skateboard under his arm. Slow push-in, city lights bokeh behind him. Keep the glossy toy render style consistent"
renoise-2074504709298372636,この画像はこのユーザーにハリーポッターに出てくるデスイーター風の魔女or魔法使い←好きな方】の格好をさせて海外のお洒落過ぎるファッション雑誌風の画像です。…,,真人,特效向,奇幻怪兽,,ja,Seedance 2.0,link-only,copyrighted-character,renoise-ai/awesome-seedance-prompts,https://github.com/renoise-ai/awesome-seedance-prompts/blob/904b6caffa21c2b114bb93e1bd0e37ba80b3dd10/data/prompts/2074504709298372636.json,CC-BY-4.0,ぽんかな@塙 香那,https://x.com/GalDesignerPon/status/2074504709298372636,True,prompts/真人/特效向/奇幻怪兽/renoise-2074504709298372636--この画像はこのユーザーにハリーポッターに出てくるデスイーター風の魔女or魔法使い.md,
renoise-2074514684678664386,"Use the same adorable anime girl ""Cissia"" throughout the entire video. Preserve…",,漫剧,现实向,喜剧搞笑,2D日漫,en,Seedance 2.0,,,renoise-ai/awesome-seedance-prompts,https://github.com/renoise-ai/awesome-seedance-prompts/blob/904b6caffa21c2b114bb93e1bd0e37ba80b3dd10/data/prompts/2074514684678664386.json,CC-BY-4.0,Zephyra Leigh,https://x.com/ZephyraLeigh/status/2074514684678664386,True,prompts/漫剧/现实向/喜剧搞笑/renoise-2074514684678664386--Use-the-same-adorable-anime-girl-Cissia.md,"Use the same adorable anime girl ""Cissia"" throughout the entire video. Preserve her exact appearance: tiny chibi proportions, blonde twin tails with black ribbons, large crimson eyes, white-and-black jacket, red tie, black pleated skirt, thigh-high stockings, cute innocent face, energetic personality.

Cissia stands in a sunny park blowing soap bubbles. She smiles proudly as one tiny bubble suddenly grows into a gigantic transparent bubble larger than a house. Curious, she pokes it with one finger. The bubble instantly swallows her inside. She bounces around helplessly with exaggerated anime facial expressions while the bubble floats high above the city.

Birds fly alongside her, confused. The bubble finally pops above a swimming pool, sending Cissia splashing into the water. She emerges laughing with soaked twin tails. Ultra-detailed anime, vibrant colors, cinematic lighting, expressive squash-and-stretch animation, dynamic camera movement, comedic timing, masterpiece quality."
renoise-2074520320766325114,Use the attached THE HERBALIST storyboard image as the exact reference.,,漫剧,现实向,日常治愈,3D卡通,en,Seedance 2.0,,,renoise-ai/awesome-seedance-prompts,https://github.com/renoise-ai/awesome-seedance-prompts/blob/904b6caffa21c2b114bb93e1bd0e37ba80b3dd10/data/prompts/2074520320766325114.json,CC-BY-4.0,𝐌,https://x.com/Strength04_X/status/2074520320766325114,True,prompts/漫剧/现实向/日常治愈/renoise-2074520320766325114--Use-the-attached-THE-HERBALIST-storyboar.md,"Use the attached THE HERBALIST storyboard image as the exact reference.
Create a 12-second 16:9 animated herbalism sequence that follows the 8-shot storyboard exactly. Preserve the same Pixar-style wise gentle older female herbalist, silver hair, linen apron, sunlit botanical apothecary, and natural warm color aesthetic throughout.

Rules:
→ Follow the sequence exactly from 1 to 8
→ One shot per panel, approximately 1.5 seconds each
→ No skipped steps, no extra props beyond the storyboard
→ Maintain character and apothecary continuity throughout
→ Emphasize the mortar grinding, color blooming in water, golden tincture pour, and customer's trusting smile

Shot sequence:
→ Herbalist unlatches wooden shutters — golden morning light floods across herb jars
→ Fresh lavender and chamomile snipped — basket fills with color in sunlit garden
→ Herb bundles tied and hung — slowly swaying in warm fragrant breeze
→ Dried herbs ground in stone mortar — crushed into fine aromatic powder
→ Herbs weighed and blended — small scoops combined with careful precise hands
→ Herbs dropped into hot water — color blooms outward beautifully, steam rises fragrantly
→ Liquid strained through cloth — deep golden tincture poured into glass bottles
→ Customer receives bottle — holds it to light, smiles with deep warmth and trust

Camera:
→ Wide shot for apothecary opening and herb garden harvest
→ Close-up for mortar grinding, color blooming, and tincture pouring
→ Overhead angle for herb blending and weighing
→ Tight on customer's warm trusting smile for final reaction

Style:
→ Warm golden morning light throughout
→ Deep forest greens, lavender purples, warm honey golds, earthy root browns, soft linen whites
→ Pixar CGI vivid expressive natural animation
→ Shallow depth of field on close-up herb and liquid shots
→ Smooth gentle flowing cuts, ancient and deeply restorative energy

Goal: A beautiful 12-second herbalism journey from garden harvest to a customer's first healing remedy natural, wise, and deeply restorative to watch."
renoise-2074537276584169741,CHARACTER REFERENCE LOCK,,漫剧,特效向,奇幻冒险,2D日漫,en,Seedance 2.0,,,renoise-ai/awesome-seedance-prompts,https://github.com/renoise-ai/awesome-seedance-prompts/blob/904b6caffa21c2b114bb93e1bd0e37ba80b3dd10/data/prompts/2074537276584169741.json,CC-BY-4.0,LadyWasabi // LouieVerse,https://x.com/LadyWasabee/status/2074537276584169741,True,prompts/漫剧/特效向/奇幻冒险/renoise-2074537276584169741--CHARACTER-REFERENCE-LOCK.md,"CHARACTER REFERENCE LOCK

Use the referenced character as the primary visual guide throughout the sequence. Preserve her exact facial features, crimson eyes, black glasses, black face mask, horned cat-ear hood, long flowing black hair with crimson highlights, black-and-red armor, cape, accessories, proportions, silhouette, and overall identity. The ancient black dragon is her lifelong companion and responds only to her command. Maintain perfect consistency throughout every shot.

VISUAL STYLE LOCK

Hyper-stylized painterly anime realism.
Moving concept-art aesthetic.
Every frame resembles a premium hand-painted illustration brought to life.
Visible painterly brush texture integrated into characters, dragon scales, lighting, atmosphere, and environments.

CAMERA STYLE

Heroic cinematography.
Extreme slow motion.
Bullet-time photography.
FPV dragon flight.
Dynamic orbital cameras.
Drone dives.
Ultra-wide aerial shots.

ACTION

0:00–0:02

Extreme close-up of her crimson eyes as moonlight reflects across her glasses. A deep, earth-shaking dragon roar echoes through the surrounding mountains. The camera slowly pulls back as an enormous ancient black dragon descends gracefully from the clouds behind her. Its colossal wings unleash hurricane-force winds that violently send her cape and long hair billowing through the air.

0:02–0:04

The black dragon lands on the lakeshore with overwhelming force, shaking the entire shoreline. Water erupts into the sky in breathtaking slow motion. Without hesitation, she sprints at full speed toward the still-moving dragon while the camera races beside her in a cinematic tracking shot.

0:04–0:07

Bullet-time sequence. She leaps from a massive rock and lands precisely on the dragon's lowered wing. The camera completes a full 360-degree orbit as she runs gracefully across the enormous wing, grabs one of its massive horns, swings fluidly around the dragon's neck, and climbs effortlessly onto its back. Every movement is elegant, agile, powerful, and executed with perfect precision.

0:07–0:10

The dragon suddenly launches into the sky with an explosive beat of its colossal wings. Powerful shockwaves ripple through the surrounding clouds. The camera dives beneath the dragon before accelerating upward alongside it as they soar into the heavens. Brilliant moonlight glides across the dragon's scales while her cape streams dramatically behind her. She grips the dragon's neck firmly as they continue accelerating through the night sky.

0:10–0:13

FPV first-person flight sequence. The dragon performs breathtaking aerial maneuvers through towering mountain peaks and glowing cloud formations. Continuous barrel rolls, vertical dives, explosive climbs, and powerful wingbeats create a spectacular aerial performance. Endless stars streak overhead while the enormous full moon illuminates the entire sky.

0:13–0:15

Ultimate hero shot. The dragon bursts above an endless sea of clouds beneath the radiant full moon. The camera slowly circles around them as the dragon fully spreads its enormous wings, casting an immense silhouette across the sky. She slowly rises to stand confidently atop the dragon's back, extending one hand resolutely toward the distant horizon. The dragon unleashes a world-shaking roar that echoes across the heavens as silver moonlight bathes both rider and dragon. The image slowly fades to black."
renoise-2074555364620845235,Create a premium ultra-realistic cinematic cooking video using this storyboard…,,其他,,美食,,en,Seedance 2.0,,,renoise-ai/awesome-seedance-prompts,https://github.com/renoise-ai/awesome-seedance-prompts/blob/904b6caffa21c2b114bb93e1bd0e37ba80b3dd10/data/prompts/2074555364620845235.json,CC-BY-4.0,Abdul Șhakoor,https://x.com/abxxai/status/2074555364620845235,True,prompts/其他/美食/renoise-2074555364620845235--Create-a-premium-ultra-realistic-cinemat.md,"Create a premium ultra-realistic cinematic cooking video using this storyboard as the exact shot sequence and timing. Follow every panel in order from Shot 1 to Shot 16. Do not skip, merge, or rearrange shots. Maintain the same environment, props, clothing, hands, fish, cutting board, bowls, pan, vegetables, and lighting throughout the entire sequence for perfect consistency. STYLE • Ultra photorealistic • Documentary food cinematography • 8K HDR quality • Natural colors • Physically accurate lighting • High dynamic range • Sharp textures • Professional cinema camera • Macro lens for close-ups • Shallow depth of field where appropriate • Smooth cinematic motion • No CGI look • No AI artifacts • No oversaturation CAMERA Use realistic handheld and tripod movements only. Natural micro camera movement. Proper focus pulls. Smooth cinematic transitions. Realistic motion blur. FOOD The fish should look freshly caught. Water droplets should behave naturally. Vegetables should have realistic textures. Steam, smoke, oil and juices should be physically accurate. Every ingredient should remain consistent throughout the video. TIMING 0-1 sec Wash fresh fish in cold flowing river. 1-2 sec Place fish on wooden cutting board. 2-3 sec Slice open belly and clean fish. 3-4 sec Cut fish into thick pieces. 4-5 sec Slice red onion into thin strips. 5-6 sec Cut cucumber into wedges. 6-7 sec Squeeze fresh orange juice into bowl. 7-8 sec Add garlic, herbs, chili flakes, spices and olive oil. 8-9 sec Add fish pieces into marinade. 9-10 sec Mix thoroughly by hand. 10-11 sec Cover bowl with cloth and let rest. 11-12 sec Heat pan over open fire. 12-13 sec Place marinated fish into hot pan. 13-14 sec Flip fish while searing until golden brown. 14-15 sec Break open one cooked piece showing juicy flaky interior. 15-16 sec Serve finished fish with onions and cucumber. AUDIO No background voices. No narration. Generate only realistic natural environmental audio. Environment • Flowing river • Running water • Birds • Gentle wind • Forest ambience • Fire crackling Every action must have synchronized realistic sound effects. Examples Fish washing Water rushing Water splashes Fish movement Knife cutting Sharp knife slices Board impacts Skin cutting Bone contact Onion slicing Fast crisp slices Cucumber cutting Fresh crunchy cuts Orange squeezing Juice dripping Citrus squeeze Seasoning Garlic dropping Spices sprinkling Oil pouring Marinating Wet mixing Fish movement Bowl contact Cloth cover Soft fabric rustle Fire Wood crackling Flames Pan heating Cooking Oil sizzling Fish frying Steam Fat popping Flip sounds Golden crust crackling Serving Plate placement Food movement MUSIC Subtle cinematic natural soundtrack only. Warm organic acoustic atmosphere. Very light orchestral textures. No vocals. No electronic music. No overpowering music. Music should enhance the natural sounds instead of covering them. Keep sound effects louder than the music. FINAL LOOK National Geographic-quality realism. Professional food commercial quality. Premium cinematic color grading. Natural motion. Perfect continuity. Every shot should feel like it was filmed with a real cinema camera by a professional outdoor food filmmaker."
renoise-2074555786592972906,A sidewalk outside a convenience store in a typical residential neighborhood in…,,真人,现实向,生活与vlog,,zh,Seedance 2.0,,,renoise-ai/awesome-seedance-prompts,https://github.com/renoise-ai/awesome-seedance-prompts/blob/904b6caffa21c2b114bb93e1bd0e37ba80b3dd10/data/prompts/2074555786592972906.json,CC-BY-4.0,Loriel.AI,https://x.com/ou_zhen599/status/2074555786592972906,True,prompts/真人/现实向/生活与vlog/renoise-2074555786592972906--A-sidewalk-outside-a-convenience-store-i.md,"A sidewalk outside a convenience store in a typical residential neighborhood in South Korea, on a winter afternoon, just after a light snowfall has stopped. A thin layer of snow rests on the small branches along the roadside, and remnants of snow linger at the edge of the pavement. The road surface is slightly damp but not icy. In the distance, there’s a bus stop sign, parked cars, and the warm glow from the convenience store. The sky has a bluish-gray hue, while the light from the store windows is warm. Authentic, casual smartphone-style footage: slight handheld shake, natural and imperfect framing, subtle variations in auto-exposure, and authentic ambient sound. Avoid a cinematic look, a polished commercial aesthetic, and any subtitles or text overlays.

Main Character: A Korean woman in her early 20s, wearing natural, light makeup with authentic skin texture. She has medium-length, slightly wavy black hair, with the ends peeking out from under her hat. Fixed Outfit: Off-white, mid-length, matte down jacket; black chunky-knit wool hat; red thick-knit scarf; dark gray five-finger knit gloves; dark blue straight-leg jeans; off-white short snow boots; light brown canvas crossbody bag. She holds a white, unbranded paper cup of hot drink with a white lid in both hands. She maintains the same facial expression, hairstyle, outfit, and cup throughout the entire scene; the red scarf and black hat must be clearly visible at all times.

Key Event: She is waiting for a friend outside a convenience store, holding the hot drink to keep warm. A cold gust of wind causes a small clump of snow from a branch overhead to fall a short distance, landing right on her black knit hat. As she touches her hat, a small amount of snow slides onto her red scarf. She shivers and pulls her neck in, then finally looks at the camera and smiles helplessly.

00:00–00:02
The shot begins at the edge of the glass door of the convenience store, with a slight warm-colored reflection in the foreground. The protagonist stands by the sidewalk, cupping a white cup of hot drink with both hands, looking down and gently blowing on the rim to cool it. Her red scarf hangs across her chest, her black knit hat is clearly visible, and her creamy white down jacket dominates the frame. Her shoulders are relaxed, as if she’s waiting for a friend.
00:02-00:04
She looks up toward the intersection; the cold wind ruffles the end of her red scarf and the strands of hair peeking out from under her hat. Near the top of the frame, close to her head, a small twig covered in a light dusting of snow trembles gently. The shot has a slight shake typical of a casual video taken by a friend, but the subject remains in focus.
00:04-00:06
A small clump of snow falls a short distance from directly above her head, landing softly on the top of her black knit hat. She freezes instantly, her eyes slowly rolling upward, her mouth slightly agape, and the cup of hot drink in her hand suspended at her chest. The snow clump falls only once; it’s about half the size of a fist, missing her face and not obscuring her eyes.
00:06–00:08
A close-up of her head and shoulders, slightly zoomed in. She slowly raises her right hand, clad in a dark gray glove, and touches the snow on the top of her hat. A small amount of white snow sticks to the glove. She looks at the glove, her expression shifting from puzzlement to speechlessness. The black knit hat remains in focus, without distortion or a change in style.
00:08-00:10
Close-up of her chest. Just as she is about to brush the snow off her hat, a bit of loose snow slides from the brim onto the surface of her red scarf. She immediately tucks her neck in, hunch her shoulders, closes her eyes, and takes a deep breath of cold air, all while her left hand continues to steady the cup of hot drink, preventing any spills. The snow lands only on the outer surface of the scarf and does not get inside her clothes.
00:10-00:12
Medium shot of her alone. She looks down to check the hot drink cup and her red scarf, confirming the cup hasn’t spilled. She gently brushes the snow off the scarf’s surface with her right hand, then raises her hand to sweep away the remaining snow from the top of her hat. Her shoulders slowly relax, and she exhales a puff of white breath, revealing a “That’s ridiculous” expression.
00:12–00:15
She looks up at the camera, first widening her eyes, then breaking into a resigned smile as she raises the white hot drink cup to her chest, as if to say, “You must have caught that on camera.” Passersby walk by naturally in the distance, and the warm glow of the convenience store shines. The camera pulls back slightly, and the shot lingers on her winter outfit—the red scarf, black hat, and creamy white down jacket—before ending naturally.

Action Guidelines: Only one core action per segment; snow movement should be short-distance and low-complexity; snow should land on the top of the hat only once; the hot drink cup must remain stable at all times—no spills or deformation; the protagonist must not run, fall, or scream exaggeratedly; passersby serve only as background; the handheld phone may shake slightly, but the subject must not be lost from the frame.

Audio: Authentic winter street ambient sounds. A gentle breeze rustling through tree branches; distant passing vehicles; the soft sound of shoes on slightly damp ground; the faint friction of the hot drink cup lid; the soft, gentle sound of a snowball landing on a knit hat; her brief gasp; her friend’s very quiet stifled laughter; a distant ring of a convenience store doorbell. No music, no narration, no subtitles.

Restrictions: Realism and believability take precedence over visual appeal; no blizzards; no nighttime scenes; no large-scale snowy landscapes; no changes to clothing colors; no addition of masks, umbrellas, earmuffs, or other accessories; no brand logos, garbled text, deformed fingers, face-swaps, floating snowballs, spilled hot drinks, or passersby stealing the spotlight."
renoise-2074574512222273596,Netflix Documentary Trend (Grok Video Prompt),,真人,现实向,都市剧情,,en,Seedance 2.0,,,renoise-ai/awesome-seedance-prompts,https://github.com/renoise-ai/awesome-seedance-prompts/blob/904b6caffa21c2b114bb93e1bd0e37ba80b3dd10/data/prompts/2074574512222273596.json,CC-BY-4.0,👾Kelly🌸Ixiel🫧,https://x.com/MrsViolence/status/2074574512222273596,True,prompts/真人/现实向/都市剧情/renoise-2074574512222273596--Netflix-Documentary-Trend-Grok-Video-Pro.md,"Netflix Documentary Trend (Grok Video Prompt)

@Image1 = Character Reference Sheet (Required)

⸻

Character Identity Lock
Use the reference sheet as the absolute source of truth.
Preserve the character’s face, hairstyle, hair color, eye color, body proportions, species traits, clothing, accessories, color palette, personality, and overall silhouette. Do not redesign or replace the character.

⸻

Video
Create a 4–6 second, 16:9, cinematic clip recreating the viral Netflix documentary interview trend.
The character walks into frame and sits in an interview chair that matches their world (gaming chair, throne, office chair, wooden chair, futuristic chair, etc.).
After sitting:
Clip a lapel microphone onto their collar. If there isn’t a collar, clip it neatly to the center of their shirt or chest area.
Look toward the wrong camera and point at it.
Look toward another camera and point again.
Finally realize the center camera is correct.
Give a small smile or “ah” expression.
Cross one leg over the other.
Fold hands comfortably and settle into a relaxed interview posture.
Include subtle blinking, breathing, and natural idle movements so the scene feels authentic and documentary-like.
__________

Title
Display a documentary-style title centered at the top.
TITLE = [User Title]

Example:
Me when Netflix asks how I survived ______
Leave the blank for the user to customize.
If no title is provided, automatically create a funny title that fits the referenced character’s personality or universe.
Examples:
Me when Netflix asks why I’m banned from every kingdom
Me when Netflix asks how I accidentally became the final boss
Me when Netflix asks why every adventure somehow became my fault

⸻

Scene
Use a clean documentary interview setup with soft cinematic lighting and a background themed to the character’s world without overpowering them.
Keep the camera locked in a medium shot with professional documentary framing.
No dialogue. No extra characters. No identity drift.
The finished clip should instantly resemble the viral Netflix documentary interview trend while keeping the referenced character perfectly recognizable."
renoise-2074588802845413382,Create a 10-second vertical 9:16 realistic surreal social-media video.,,真人,特效向,超现实创意,,en,Seedance 2.0,,,renoise-ai/awesome-seedance-prompts,https://github.com/renoise-ai/awesome-seedance-prompts/blob/904b6caffa21c2b114bb93e1bd0e37ba80b3dd10/data/prompts/2074588802845413382.json,CC-BY-4.0,jey jey ⚜️,https://x.com/jey_jey_Japa/status/2074588802845413382,True,prompts/真人/特效向/超现实创意/renoise-2074588802845413382--Create-a-10-second-vertical-9-16-realist.md,"Create a 10-second vertical 9:16 realistic surreal social-media video.

A stylish adult character walks naturally toward camera through a clean modern sidewalk scene, filmed like polished UGC with realistic handheld motion, shallow depth of field, natural daylight, and a premium social-media look.

[0:00–0:03]
The character walks naturally toward camera. Their face, hands, clothes, and body look realistic and stable. The camera slowly tracks backward with slight handheld movement. The background is clean, believable, and consistent.

[0:03–0:04]
The character suddenly freezes completely mid-step, as if the video has paused. The background remains normal and stable.

[0:04–0:06]
A realistic human hand enters from the top-right of the frame and pinches the top edge of the frozen character around the shoulder/head area. A clean thick white sticker outline appears around the entire character, turning them into a flat printed sticker cutout of themselves.

[0:06–0:08]
The hand slowly peels the character away from the background like removing a glossy sticker from a surface. The top edge curls forward first, then the rest of the character bends slightly like flexible printed paper. The original background is revealed behind the character, clean and empty where they used to be. Add realistic shadows, paper thickness, subtle adhesive resistance, and natural finger pressure.

[0:08–0:10]
The hand holds the full character sticker in the air, slightly tilted toward camera. The sticker has a clean white border, glossy paper surface, soft shadow, slight curl, and believable thickness. The background remains stable behind it.

The effect should feel magical but physically believable. The character must become a 2D printed sticker cutout, not a distorted human body. Keep the hand realistic, the peel motion smooth, and the background continuous. No text, no logos, no extra characters.

Negative prompt: no body horror, no skin tearing, no gore, no melting body, no broken fingers, no distorted hands, no extra hands, no duplicate character, no floating without hand contact, no paper tearing, no warped face, no deformed body, no glitch effect, no cartoon look."
renoise-2074595648385478944,TWO KINGDOMS — TRAILER PART 1 (15s),,真人,特效向,动作大片,,en,Seedance 2.0,,,renoise-ai/awesome-seedance-prompts,https://github.com/renoise-ai/awesome-seedance-prompts/blob/904b6caffa21c2b114bb93e1bd0e37ba80b3dd10/data/prompts/2074595648385478944.json,CC-BY-4.0,MO,https://x.com/MO_IAI/status/2074595648385478944,True,prompts/真人/特效向/动作大片/renoise-2074595648385478944--TWO-KINGDOMS-—-TRAILER-PART-1-15s.md,"TWO KINGDOMS — TRAILER PART 1 (15s)

Tyren — tall dragon rider, long silver-blond hair, steel-grey eyes, black dragon-scale armor etched with red, black cloak lined dark crimson bearing a red dragon emblem.
Trans — colossal red-black dragon, crimson-edged wings, red slit eyes, spiked dorsal ridge, fire breath.
Stella — dragon rider, long blonde braided hair, weathered dark steel plate, tattered blood-red cape, longsword at hip.
Saro — pale bone-white dragon, silver-grey scales, spined crest, lean fast aerial predator.

ENVIRONMENT: Two medieval kingdoms at war. Kingdom A: cliff fortress, black banners with gold rampant lion. Kingdom B: dark citadel, crimson banners with black dragon sigil. Storm light, ash, embers. Desaturated steel-blue grade, crimson and gold accents. Epic orchestral trailer score, braams, rising choir.

SHOT 1 (0:00-1.5) HOOK: Extreme slow-mo (10-15% speed) — a jeweled crown falls and strikes cracked snow-dusted stone, a crimson dragon banner burning behind it. Fast dolly in, ember shockwave on impact. SFX: metallic clang, fire roar. Music: single braam.

SHOT 2 (1.5-3.5): Slow crane up — aerial over the lion kingdom, thousands of gold-and-black troops massing along cliff roads to a sea fortress, banners snapping. SFX: war drums, marching thunder.

SHOT 3 (3.5-5.5): Low-angle tracking shot — strides through a torch-lit gate as black cavalry pours past under crimson dragon banners, cloak whipping. Speed ramp real-time to 40%. SFX: hooves, steel, wind.

SHOT 4 (5.5-7.5): mounts  atop a tower; Saro launches — downdraft blasts snow over kneeling soldiers. Handheld with aggressive camera shake, then tilt up with the climb. SFX: concussive wingbeats.

SHOT 5 (7.5-9) FEAR: Static camera — close-up of a young soldier's trembling gauntlet; a vast winged shadow slides over the army; he looks up. SFX: sound drops to breathing, one distant shriek. No Music.

SHOT 6 (9-11): erupts through a smoke wall over the battlefield, fire breath strafing a trench line, explosions blooming in sequence. Fast dolly following at wingtip level. SFX: dragon roar, fire wash.

SHOT 7 (11-13): Ultra-wide valley — two armies charging at each other; from opposite ends  and  rise on a collision course. Whip pan between the dragons. Music: choir peak.

SHOT 8 (13-15) SIGNATURE: Mid-air collision — claws lock, jaws snap, a shockwave ripples the clouds outward. Extreme slow-mo (10% speed) on the impact frame, smash cut to black. SFX: single impact boom, then silence."
renoise-2074597560333783170,Use @[character ref] as the sole source of C1's final appearance and wardrobe…,,漫剧,特效向,特效综合,3D卡通,en,Seedance 2.0,link-only,real-person,renoise-ai/awesome-seedance-prompts,https://github.com/renoise-ai/awesome-seedance-prompts/blob/904b6caffa21c2b114bb93e1bd0e37ba80b3dd10/data/prompts/2074597560333783170.json,CC-BY-4.0,Kōda,https://x.com/aimikoda/status/2074597560333783170,True,prompts/漫剧/特效向/特效综合/renoise-2074597560333783170--Use-character-ref-as-the-sole-source-of.md,
renoise-2074611114457915551,This is handheld documentary footage recorded on an early-2000s consumer DV…,,真人,特效向,奇幻怪兽,,en,Seedance 2.0,,,renoise-ai/awesome-seedance-prompts,https://github.com/renoise-ai/awesome-seedance-prompts/blob/904b6caffa21c2b114bb93e1bd0e37ba80b3dd10/data/prompts/2074611114457915551.json,CC-BY-4.0,TechHalla,https://x.com/techhalla/status/2074611114457915551,True,prompts/真人/特效向/奇幻怪兽/renoise-2074611114457915551--This-is-handheld-documentary-footage-rec.md,"This is handheld documentary footage recorded on an early-2000s consumer DV camcorder by one of the fishermen on a working commercial fishing boat. The entire clip must feel like real, chaotic, imperfect home video footage of something unexpected happening at sea — nothing staged or cinematic.

Three commercial fishermen are struggling with their winch on a small steel fishing trawler in open water. The captain is a 52-year-old man with a weathered face and short beard, wearing a yellow oilskin jacket and black beanie. The strong deckhand is around 38, muscular, in dark waterproof overalls. The youngest is 24, wearing a beanie and dark jacket. All three show real physical effort, sweat, and genuine reactions. Their identities and clothing remain consistent.

They have hooked something extremely large and powerful. The winch is under heavy strain and the boat is being pulled and rocked. After several seconds of effort, a massive marine animal breaks the surface right next to the boat with a violent explosion of water. It is an enormous, strange creature roughly 5 meters long with a long streamlined body, elongated jaws full of sharp teeth, large dark eyes, a prominent dorsal fin and a powerful tail. Its skin is dark gray-blue with a slightly lighter underside and looks wet and heavy. The animal thrashes violently against the hull, sending water and foam everywhere and making the boat list heavily.

The three men react with real shock and urgency. The captain shouts while fighting the winch, the strong deckhand grabs a gaff and tries to control the animal, and the youngest fisherman is filming with the old camcorder in one hand while holding a rope with the other. The creature keeps thrashing and slamming against the boat. They manage to get part of its head and upper body over the gunwale for a few seconds before it gives another powerful pull. Everything feels heavy, wet, dangerous and uncontrolled.

The camera is handheld the entire time with the natural flaws of an old DV camcorder: constant shake, imperfect and drifting framing, frequent autofocus hunting especially during the violent movement, lens breathing, exposure changes between the bright water and darker boat, motion blur, rolling shutter, mild compression artifacts, faded colors and soft contrast. The person filming moves around trying to capture what is happening while also participating in the struggle, so the framing is often messy and reactive.

All sound is natural and recorded on location: the mechanical strain of the winch, heavy splashing and thrashing of the large animal, waves hitting the hull, the boat creaking and listing, men shouting and grunting with real effort, and the sound of water and slime hitting the deck. No music, no sound design, no narration.

The final result must feel like authentic, raw footage of commercial fishermen unexpectedly catching an enormous and bizarre deep-sea creature on an old camcorder — chaotic, imperfect, heavy and completely believable as real home video."
renoise-2074612513107509334,参照画像の二人を主人公として使用。15秒、24fps。フォトリアル映像。映画CMレベルの超高品質シネマティック映像。自然な肌質、リアルな髪の毛の動き、繊細なライ…,,真人,现实向,音乐MV,,ja,Seedance 2.0,,,renoise-ai/awesome-seedance-prompts,https://github.com/renoise-ai/awesome-seedance-prompts/blob/904b6caffa21c2b114bb93e1bd0e37ba80b3dd10/data/prompts/2074612513107509334.json,CC-BY-4.0,なお,https://x.com/Naonekozamurai/status/2074612513107509334,True,prompts/真人/现实向/音乐MV/renoise-2074612513107509334--参照画像の二人を主人公として使用-15秒-24fps-フォトリアル映像-映画CM.md,"参照画像の二人を主人公として使用。15秒、24fps。フォトリアル映像。映画CMレベルの超高品質シネマティック映像。自然な肌質、リアルな髪の毛の動き、繊細なライティング、浅い被写界深度、高品質なカラーグレーディング。バズりそうな、可愛さを最優先した短尺ダンス動画。

主人公は参照画像の双子本人。参照画像に写っている二人それぞれの髪型、髪色、瞳、顔立ち、体格、年齢感、衣装、アクセサリー、全体の雰囲気を忠実に維持する。別人化しない。顔や体型を変更しない。双子らしいそっくりな雰囲気を維持しつつ、それぞれの個性もそのまま残す。

背景は明るく可愛いスタジオ風または白を基調としたポップなセット。ピンク、水色、ラベンダー、ミントグリーン、白を基調とした柔らかい空間。背景は整理されていて人物が主役に見えるようシンプルに構成する。
楽曲：日本語のオリジナルポップソング。実在する楽曲は使用しない。

映像コンセプト
二人の双子が終始シンクロしながら可愛く踊る。息の合った動き、左右対称（ミラー）の振付、時折お互いを見つめて笑い合う瞬間を織り交ぜることで、双子ならではの可愛さを最大限に演出する。
基本はカメラ目線を維持しながら踊るが、一瞬だけ二人が顔を見合わせて微笑み、その後すぐ視線をカメラへ戻すことで自然な親密さを演出する。
AEで制作したような2Dフラットアニメーションがダンスに合わせて出現する。
エフェクトはクレヨンやオイルパステルで描いたような可愛い手描き質感。

使用するモチーフ
ハート
星
花
音符
王冠
リボン
丸
矢印
波線
ぐるぐる線
チェック模様
ハーフトーンドット
吹き出し風フレーム
キラキラ
すべて平面的な2Dアニメーション。
カメラ構成
5台のカメラで撮影しているような構成。
2秒ごとにカメラが切り替わる。

使用するカメラ
・正面
・真上
・左45°
・右45°
・背後
カメラは完全固定ではなく、ビートに合わせて軽く上下バウンス、パンチイン、小さな左右移動を行う。
双子はどのカメラでも常にレンズを意識する。
正面以外では顔だけを自然にレンズへ向ける。
背後カメラでは二人同時に肩越しに振り返り、笑顔でカメラ目線。

ダンス
可愛く真似しやすいTikTok風ダンス。
二人はほぼ完全シンクロ。
時々ミラー振付になる。

振付
・左右ステップ
・二人で同時ハート
・向かい合って二人でハートを完成させる
・ほっぺピース
・指差し
・肩をリズム良く弾ませる
・腰を左右へ揺らす
・小さなターン
・お互いに軽く手を合わせる（ハイタッチではなく優しくタッチ）
・最後は二人同時ウィンク
終始可愛さを最優先。

タイムライン
0.0〜2.0秒
正面カメラ。
双子が中央に左右対称で立つ。
リズムを取りながら左右ステップ。
胸の前で同時ハート。
ハート・星・丸・キラキラがポンポン現れる。
二人ともカメラ目線。

2.0〜4.0秒
真上カメラ。
二人が見上げながらほっぺピース。
片手ハート。
交互に指差し。
王冠、花、吹き出し風フレームが出現。

4.0〜6.0秒
左カメラ。
身体は左向き。
顔だけカメラ。
腰を左右へ揺らす。
一人が頬へ手を添え、もう一人が小さく手を振る。
途中で役割を自然に入れ替える。
リボン、音符、星、波線が手の動きに合わせて出現。

6.0〜8.0秒
右カメラ。
二人が肩をリズミカルに弾ませる。
片足を軽く出して戻す。
途中で二人が向かい合い、両手で一つの大きなハートを作る。
足元に花、丸、チェック模様、ハーフトーンドット。
短いパンチイン。

8.0〜10.0秒
背後カメラ。
後ろ姿から開始。
二人同時に肩越しに振り返る。
小さく回転。
カメラへ指差し。
投げキッス。
髪の動きに合わせてリボン、星、ぐるぐる線、ハート。

10.0〜12.0秒
正面カメラ。
サビ。
両手を大きく広げる。
胸へ戻す。
左右へ跳ねる。
二人で息ぴったり。
大きなハート。
花。
星。
王冠。
キラキラ。
斜線。
短いカメラシェイク。

12.0〜14.0秒
真上カメラ。
見上げながら両手を開く。
二人で向かい合う。
両手を合わせて一つのハートを完成。
その後すぐカメラ目線。
背景いっぱいに手描きハート。
花。
ラフな円。
チェック模様。

14.0〜15.0秒
正面ヒーローショット。
二人が一歩前へ。
顔を寄せて笑顔。
最後に二人同時ウィンク。
目元から四芒星。
ハート。
放射線。
リボン。
最後に軽いパンチイン。
可愛さが最大になる決めカット。

AE風2Dアニメーション
すべてAfter Effectsで制作したような2Dフラットアニメーション。
クレヨン・オイルパステル風のラフな質感。

アニメーション
・バウンス
・回転
・拡大縮小
・ポップアップ
・ふわっと消える
・時間差アニメーション
エフェクトは人物を隠しすぎず、ダンスを引き立てる補助として使用する。

制約
主人公は参照画像の双子のみ。第三者は登場させない。二人それぞれの顔立ち、髪型、髪色、瞳、体格、年齢感、衣装、アクセサリーを忠実に維持する。別人化・年齢変更・衣装変更は禁止。双子らしい自然なシンクロ感と仲の良さを演出する。5台カメラ構成を必ず使用し、2秒ごとに切り替える。正面・真上・左・右・背後のカメラを必ず使用する。どのカメラでも二人は必ずレンズを意識する。背後カメラでは二人同時に肩越しに振り返ってカメラ目線を作る。エフェクトはクレヨン・オイルパステル風の可愛い2D手描き表現のみを使用する。実写的な爆発、炎、煙、過剰なグリッチは使用しない。顔をエフェクトで隠さない。文字、字幕、ロゴ、透かしは一切表示しない。全体を通して、フォトリアルな映像表現と双子ならではの息の合ったシンクロダンス、自然な笑顔、親密なやり取りを最大限に活かし、SNSで繰り返し見たくなるような可愛さとテンポ感を実現する"
renoise-2074627548672413824,黒い水着の LOOK BOOK。ヴィラの中庭。水着にフォーカス。リラックスした表情。,,真人,现实向,时尚写真,,ja,Seedance 2.0,,,renoise-ai/awesome-seedance-prompts,https://github.com/renoise-ai/awesome-seedance-prompts/blob/904b6caffa21c2b114bb93e1bd0e37ba80b3dd10/data/prompts/2074627548672413824.json,CC-BY-4.0,CHAO2U AI,https://x.com/CHAO2U_AI/status/2074627548672413824,True,prompts/真人/现实向/时尚写真/renoise-2074627548672413824--黒い水着の-LOOK-BOOK-ヴィラの中庭-水着にフォーカス-リラックスした表.md,黒い水着の LOOK BOOK。ヴィラの中庭。水着にフォーカス。リラックスした表情。
renoise-2074639982560530484,"Absurdist Corporate Satire – ""The Daily Grind"" Visual Style: 1980s retro-office…",,真人,现实向,年代怀旧,,en,Seedance 2.0,,,renoise-ai/awesome-seedance-prompts,https://github.com/renoise-ai/awesome-seedance-prompts/blob/904b6caffa21c2b114bb93e1bd0e37ba80b3dd10/data/prompts/2074639982560530484.json,CC-BY-4.0,Pan,https://x.com/sebatheepan/status/2074639982560530484,True,prompts/真人/现实向/年代怀旧/renoise-2074639982560530484--Absurdist-Corporate-Satire-–-The-Daily-G.md,"Absurdist Corporate Satire – ""The Daily Grind"" Visual Style: 1980s retro-office catalog aesthetic, photorealistic but surreal. The Story: A giant, chill Capybara wearing a custom three-piece business suit and wire-rimmed glasses sits at a tiny cubicle. It typing slowly on an old mechanical computer keyboard, sips from a ""World's Best Boss"" mug, and answers a landline telephone. The camera pans out to reveal the rest of the busy office is staffed entirely by ducks wearing neckties. BGM Vibe: ""Satirical 1980s corporate elevator synth track, cheesy digital keyboard chords, mechanical keyboard clack beats, ending on an elevator ding at 15 seconds."""
renoise-2074676587472237036,Shot 1 (0:00–0:01.5) — Quick Establishing,,其他,,广告带货,,en,Seedance 2.0,,,renoise-ai/awesome-seedance-prompts,https://github.com/renoise-ai/awesome-seedance-prompts/blob/904b6caffa21c2b114bb93e1bd0e37ba80b3dd10/data/prompts/2074676587472237036.json,CC-BY-4.0,Jessica Collins,https://x.com/AIwithJessica/status/2074676587472237036,True,prompts/其他/广告带货/renoise-2074676587472237036--Shot-1-0-00–0-01.5-—-Quick-Establishing.md,"Shot 1 (0:00–0:01.5) — Quick Establishing
Bright, sunlit vanity scene, bottle standing on a blush-gold pedestal surrounded by lavender sprigs, a white orchid, and honeycomb. Quick push-in — energetic, not lingering.
BGM: Upbeat, light acoustic-pop instrumental kicks in immediately, bright and warm, mid-tempo with a confident rhythm — loud enough to carry the whole spot.
Shot 2 (0:01.5–0:03) — Jessica Arrival
Jessica walks into frame toward the vanity with natural, real-time movement — no slow-mo — reaching for the bottle with a light smile. Camera tracks briskly alongside her.
Shot 3 (0:03–0:04.5) — Macro Bottle Turn
Quick macro shot: bottle rotates in Jessica's hand at natural speed, gold cap and floral artwork catching light, honeycomb and lavender blurred in the foreground.
Shot 4 (0:04.5–0:06) — Lifting to Apply
Jessica lifts the bottle toward her neck/collarbone at natural speed, wrist turning, confident everyday gesture — not slow, not hesitant.
Shot 5 (0:06–0:08) — The Spray (brief slow-mo accent only)
Jessica presses the gold pump at her neck — a fine, visible mist releases and lands on her collarbone/upper chest area. Only this exact release moment gets a brief 0.3–0.5 sec slow-mo accent for visual impact, then instantly resumes normal speed as she lowers the bottle with a satisfied, natural exhale and slight smile — no eyes-closed lingering pause.
BGM: Beat swells slightly on the spray release for emphasis, then continues driving forward.
Shot 6 (0:08–0:09.5) — Wrist Application
Quick cut: Jessica dabs/sprays lightly at her inner wrist, natural real-time motion, then rubs wrists together briefly — fast, confident, commercial-standard gesture.
Shot 7 (0:09.5–0:11) — Notes Visualized
Fast macro cutaway: lavender petals and a drop of golden honey caught mid-air in crisp, quick motion (not slow-mo) — visualizing lavender, honey, and orchid notes in under 1.5 seconds.
Shot 8 (0:11–0:12.5) — Product Detail
Quick tilt down the bottle from cap to base, floral artwork sharp and legible, brisk camera movement matching commercial pace.
Shot 9 (0:12.5–0:15) — Final Hero Reveal
Jessica turns toward camera with the bottle in hand, natural confident stance, quick dolly-out revealing the full vanity scene. Clean, crisp final frame — no slow lingering fade.
BGM: Track builds to its peak in the final second, ending on a bright, resolved note — loud and full, not trailing off quietly.

Voiceover (minimal, energetic, matched to BGM — not whispered ASMR):

(0–1.5 sec) ""Meet Lollia Relax.""
(6–7 sec, on the spray) ""Lavender. Honey. Pure calm.""
(13–15 sec) ""Relax into it.""

Delivered in a warm, clear, confident Western English accent — natural speaking volume and pace, energetic and inviting, not breathy or drawn out."
renoise-2074684424080289795,It shows the Beautiful mystical woman  (image_1) moving to the rhythm of this…,,真人,特效向,奇幻怪兽,,en,Seedance 2.0,,,renoise-ai/awesome-seedance-prompts,https://github.com/renoise-ai/awesome-seedance-prompts/blob/904b6caffa21c2b114bb93e1bd0e37ba80b3dd10/data/prompts/2074684424080289795.json,CC-BY-4.0,hedoήist,https://x.com/hedo_ist/status/2074684424080289795,True,prompts/真人/特效向/奇幻怪兽/renoise-2074684424080289795--It-shows-the-Beautiful-mystical-woman-im.md,"It shows the Beautiful mystical woman  (image_1) moving to the rhythm of this music: (audio_1) in a fluid and powerful way.

 with fiery ethereal serpent of fire. Dynamic shot circling the character.
no music. asmr sound"
renoise-2074688648990355861,"A lovely Chinese woman waiting at the bus stop during a storm, almost getting…",,真人,现实向,时尚写真,,en,Seedance 2.0,,,renoise-ai/awesome-seedance-prompts,https://github.com/renoise-ai/awesome-seedance-prompts/blob/904b6caffa21c2b114bb93e1bd0e37ba80b3dd10/data/prompts/2074688648990355861.json,CC-BY-4.0,Kinovi.AI,https://x.com/kinovi_ai/status/2074688648990355861,True,prompts/真人/现实向/时尚写真/renoise-2074688648990355861--A-lovely-Chinese-woman-waiting-at-the-bu.md,"A lovely Chinese woman waiting at the bus stop during a storm, almost getting wet.

Main Subject & Appearance:

Identity: A young Chinese woman in her early 20s, possessing a natural, unpretentious beauty and a warm, approachable demeanor.
Features: Soft, natural skin texture with no visible makeup. Her black, wavy hair is loosely tied back into a low, messy ponytail, with several slightly damp bangs clinging softly to her forehead and cheek due to the humidity.
Wardrobe: She wears an oversized, light heather-grey zip-up hoodie layered casually over a slightly faded, ribbed white tank top. Her lower half consists of relaxed-fit, light-wash blue jeans and scuffed black canvas sneakers.
Constraint: Her face, clothing, and overall identity must remain strictly consistent throughout the entire generation.

Environment & Atmosphere:

Location: A quiet, unassuming bus stop shelter in a small Chinese town during a steady, gentle summer rain. The shelter is simple, perhaps slightly weathered with a green metal or fiberglass roof.
Atmosphere: The air is visibly heavy with humid, misty summer air.
Surroundings: Wet, dark asphalt pavement gleaming with reflections of the muted, overcast sky. Deep puddles line the curb. The road is bordered by lush, green leafy trees swaying slightly in the breeze, concrete utility poles, and the faint, hazy silhouettes of modest apartment buildings in the deep background. An occasional scooter with a plastic rain poncho zips by. There is absolutely no commercial focus, no bright billboards, and no dense crowds.

Visual Style & Camera Treatment:

Aesthetic: Ultra-realistic observational documentary footage. The goal is a highly authentic, unscripted slice-of-life memory—as if a friend is casually recording her while they wait together.
Camera Specs: Mimics a high-quality consumer digital camera from the 2008–2012 era (e.g., an early Canon PowerShot or entry-level DSLR). High image resolution but lacking modern HDR. Flat, natural color reproduction with realistic, true-to-life skin tones.
Motion & Lens: Handheld but comfortable and mostly stable. The framing makes small, natural, breathing corrections. Include occasional, subtle autofocus hunting or minor exposure stepping when the light changes.
Negative Constraints: NO heavy ""shaky-cam,"" NO exaggerated VHS/vintage degradation, NO cinematic teal-and-orange color grading, and NO obvious artificial camera effects. The rain should behave with perfect physical realism, not like a Hollywood rain machine.

Action & Sequence:

[00:00–00:02] The Rain: Standing just at the edge of the bus shelter. She casually extends her right hand out from under the roof, palm up. A few heavy raindrops land on the sleeve of her grey hoodie, immediately turning the fabric dark grey in small patches. She gives a small, peaceful smile.

[00:02–00:04] The Wait: She retreats a step and sits down on the worn shelter bench. A steady stream of rainwater drips from the edge of the shelter's roof in the foreground. She leans forward, resting her elbows near her knees, quietly observing the wet road.

[00:04–00:06] The Time Check: She pulls an early-2000s style silver flip phone from her pocket. She snaps it open; the pale screen casts a very faint, cool glow on her face. She sighs slightly, snaps the phone shut with a distinct click, and tucks it away.

[00:06–00:08] The False Hope: The hazy glow of headlights appears far down the wet road. Her posture immediately shifts—she stands up instinctively, her expression brightening with hopeful anticipation as she watches the approaching vehicle. The camera pans slightly to follow her movement.

[00:08–00:10] The Disappointment: A large transit bus passes right by the shelter without slowing down, its tires kicking up a light spray of water from the curb puddles. She watches it disappear into the mist, then lets out a quiet, genuine laugh at her own bad luck, her shoulders dropping in mild defeat.

[00:10–00:12] The Chill: The rain grows slightly heavier, the sound intensifying. She shivers subtly and grabs the lapels of her grey hoodie, pulling it tighter around herself. She brushes a wet strand of hair away from her eye and sits back down on the bench.

[00:12–00:15] The Connection: While looking down the road, she suddenly glances over and notices the camera pointing at her. A sheepish, warm smile breaks across her face. She shakes her head lightly in amusement, then turns her gaze back to the empty, rainy road to continue waiting. The camera lingers on her profile for a beat before the video ends.

Audio Design:

Strictly natural, in-scene diegetic sound. The continuous, soothing static of light summer rain hitting concrete. The hollow pitter-patter of water dripping from the shelter roof. The distant, whirring hum of a scooter passing on wet asphalt. The swish of car tires cutting through puddles. The rustling of wet leaves in the wind.
No music. No narration. No cinematic sound design. Pure realism."
renoise-2074698783821349182,以参考图为 角色造型、服装、武器、气质和最终站位 依据。生成一条 15秒、16:9横版、顶级CG动画电影质感…,,漫剧,特效向,科幻机甲,3D卡通,zh,Seedance 2.0,,,renoise-ai/awesome-seedance-prompts,https://github.com/renoise-ai/awesome-seedance-prompts/blob/904b6caffa21c2b114bb93e1bd0e37ba80b3dd10/data/prompts/2074698783821349182.json,CC-BY-4.0,Chasing,https://x.com/0x_Chasing/status/2074698783821349182,True,prompts/漫剧/特效向/科幻机甲/renoise-2074698783821349182--以参考图为-角色造型-服装-武器-气质和最终站位-依据-生成一条-15秒-16.md,以参考图为 角色造型、服装、武器、气质和最终站位 依据。生成一条 15秒、16:9横版、顶级CG动画电影质感 的角色小队逐一登场视频。整体风格为：废土赏金猎人小队 / 可爱小企鹅 × 硬核废土装备 / 高完成度游戏角色登场短片 / 英雄团队集结预告片。保留参考图中的小企鹅体型比例、蓝白羽毛、黑色椭圆眼睛、橙色小喙、短小四肢，以及破旧围巾、锈蚀金属、头盔、护目镜、枪械、药剂装置、机械履带设备等核心视觉元素。背景保持 干净极简、灰白废土空间、轻微沙尘感，不要复杂废墟场景，不要杂乱环境。最终出现英文组合名称 SCRAP VULTURES，作为背景图形元素，以灰褐色泥尘、刷痕、刮刻、废土喷涂质感快速显现。
renoise-2074705731161395366,SCENE CONTEXT,,真人,现实向,时尚写真,,en,Seedance 2.0,link-only,copyrighted-character,renoise-ai/awesome-seedance-prompts,https://github.com/renoise-ai/awesome-seedance-prompts/blob/904b6caffa21c2b114bb93e1bd0e37ba80b3dd10/data/prompts/2074705731161395366.json,CC-BY-4.0,Ivanna | AI Art & Prompts,https://x.com/ivanka_humeniuk/status/2074705731161395366,True,prompts/真人/现实向/时尚写真/renoise-2074705731161395366--SCENE-CONTEXT.md,
renoise-2074727509023977636,"Create a heartwarming, ultra-cute 3D chibi animated commercial inside a bright…",,其他,,广告带货,,en,Seedance 2.0,,,renoise-ai/awesome-seedance-prompts,https://github.com/renoise-ai/awesome-seedance-prompts/blob/904b6caffa21c2b114bb93e1bd0e37ba80b3dd10/data/prompts/2074727509023977636.json,CC-BY-4.0,Synthia,https://x.com/AIwithSynthia/status/2074727509023977636,True,"prompts/其他/广告带货/renoise-2074727509023977636--Create-a-heartwarming,-ultra-cute-3D-chi.md","Create a heartwarming, ultra-cute 3D chibi animated commercial inside a bright, spotless fried chicken factory operated entirely by tiny chibi workers. The factory feels magical, colorful, and perfectly organized, with warm golden lighting, sparkling stainless-steel equipment, and a cheerful atmosphere. Every worker has oversized sparkling eyes, rosy cheeks, tiny proportions, expressive faces, and adorable waddling movements. Their green uniforms and little aprons bounce naturally as they work together with endless enthusiasm.

The video opens with a cinematic fly-through into the bustling factory where dozens of tiny chibi workers happily carry oversized buckets of crispy golden chicken as if transporting precious treasure. They wave to one another, smile proudly, and move with energetic teamwork while steam gently rises from fresh batches of crispy chicken.

The camera glides alongside conveyor belts where miniature workers carefully pass golden chicken pieces from one station to another with synchronized movements. Some season the chicken, others inspect every piece proudly, while a few celebrate with tiny high-fives after completing their task. Everything feels playful, wholesome, and perfectly coordinated.

The camera moves into beautiful close-up shots as one cheerful chibi worker proudly lifts a freshly filled chicken bucket toward the camera with a huge smile. Nearby workers clap excitedly while others continue packaging orders with tiny, lightning-fast movements. Soft steam and warm light create a comforting atmosphere throughout the factory.

Next, adorable macro shots reveal crispy golden chicken with realistic crunchy textures, rising steam, and glistening surfaces as tiny workers carefully admire their finished creations. One little worker gives an enthusiastic thumbs-up while another happily wipes the bucket clean before placing it onto the conveyor.

The factory becomes even livelier as rows of miniature workers march together carrying buckets in perfect rhythm. Tiny forklifts transport stacks of finished orders while everyone celebrates another successful batch with cheerful waves, little victory dances, and joyful laughter.

The final sequence shows all the chibi workers gathering around a beautifully presented bucket of crispy chicken placed at the center of the factory. They proudly point toward it, clap together, and smile at the camera as warm golden light fills the room. The camera slowly pulls back to reveal the entire cheerful factory humming with teamwork, happiness, and irresistible crispy perfection.

Pixar-quality 3D animation, ultra-cute chibi characters, expressive facial animation, realistic food rendering, cinematic camera movement, premium commercial lighting, warm golden atmosphere, detailed stainless-steel factory environment, soft volumetric steam, realistic crispy chicken textures, playful teamwork, wholesome family-friendly humor, smooth animation, feature-film quality, 16:9 widescreen, no subtitles, no logos, no watermarks, no on-screen text."
renoise-2074738616761557446,"A big field with hay, in the sunshine. A truck full of hay is driving. A slimy…",,真人,特效向,动作大片,,en,Seedance 2.0,,,renoise-ai/awesome-seedance-prompts,https://github.com/renoise-ai/awesome-seedance-prompts/blob/904b6caffa21c2b114bb93e1bd0e37ba80b3dd10/data/prompts/2074738616761557446.json,CC-BY-4.0,Rahul Nanda,https://x.com/rahulnanda86/status/2074738616761557446,True,"prompts/真人/特效向/动作大片/renoise-2074738616761557446--A-big-field-with-hay,-in-the-sunshine.-A.md","A big field with hay, in the sunshine. A truck full of hay is driving. A slimy alien with long arms grabs the truck. Behind some big rocks, a soldier holds a launcher. Sounds: truck engine, alien noise, people shouting.

Shot 1 (0–3s) — THE HOOK: The alien's long arms wrap around the truck. Hay flies everywhere. The truck shakes. The driver shouts: ""IT'S GOT MY TRUCK!""

Shot 2 (3–6s): Behind the rocks, the soldier holds his launcher ready. He waits. He can't shoot yet — the driver is too close. He says: ""Jump out! Run now!""

Shot 3 (6–9s): The driver opens his door and jumps out. He runs fast across the field. The alien lets go of the truck. It comes into the open field, chasing him. Now it is alone in the open.

Shot 4 (9–13s) — BIG SLOW MOMENT: The alien is alone in the open field now. The soldier fires his launcher. We see it slow. Smoke puffs out. The shot flies fast across the field at the alien.

Shot 5 (13–15s): Everything goes back to normal speed. BOOM! Fire and smoke go up where the alien was. The truck is safe. The driver looks back, happy and safe. Smoke goes up in the sky. Cut."
renoise-2074738893812121942,A small bridge over a river in bright daylight. An army truck is driving across…,,真人,特效向,动作大片,,en,Seedance 2.0,,,renoise-ai/awesome-seedance-prompts,https://github.com/renoise-ai/awesome-seedance-prompts/blob/904b6caffa21c2b114bb93e1bd0e37ba80b3dd10/data/prompts/2074738893812121942.json,CC-BY-4.0,Rahul Nanda,https://x.com/rahulnanda86/status/2074738893812121942,True,prompts/真人/特效向/动作大片/renoise-2074738893812121942--A-small-bridge-over-a-river-in-bright-da.md,"A small bridge over a river in bright daylight. An army truck is driving across the bridge. A big slimy alien with long tentacles grabs the truck and holds it tight. On the other end of the bridge, a soldier stands ready with a rocket launcher. Sounds: loud truck engine, creaking bridge, alien hissing, people shouting.

Shot 1 (0–3s) — THE HOOK: The alien's tentacles wrap around the truck, pulling it back. The truck shakes hard. The driver is scared and shouts on his radio: IT WON'T LET GO!

Shot 2 (3–6s): At the other end of the bridge, the soldier holds his rocket launcher ready. He watches but doesn't shoot yet — the truck is too close. He says on the radio: Drive to me! Fast!

Shot 3 (6–9s): The driver pushes hard on the gas. The truck breaks free from the tentacles and drives fast past the soldier. The alien lets go of the truck and slides onto the open bridge behind them. Now it is all alone out in the open.

Shot 4 (9–13s) — BIG SLOW MOMENT: The alien is out in the open on the bridge now. The soldier fires his rocket launcher. We see it slow — smoke comes out of the launcher, and the rocket flies straight at the alien.

Shot 5 (13–15s): Everything goes back to normal speed. BOOM! A big blast of fire covers the bridge where the alien was. The truck is safe on the other side. The driver looks back, happy and safe. Smoke rises over the river. Cut."
renoise-2074739289272049726,[CINEMATIC SETUP],,漫剧,特效向,奇幻冒险,2D日漫,ja,Seedance 2.0,,,renoise-ai/awesome-seedance-prompts,https://github.com/renoise-ai/awesome-seedance-prompts/blob/904b6caffa21c2b114bb93e1bd0e37ba80b3dd10/data/prompts/2074739289272049726.json,CC-BY-4.0,Risa,https://x.com/kantakanta1233/status/2074739289272049726,True,prompts/漫剧/特效向/奇幻冒险/renoise-2074739289272049726--CINEMATIC-SETUP.md,"[CINEMATIC SETUP]

参照画像
@ image1：15秒動画全体の連続ビジュアルキーとして使用。全12カットの構図・カメラワーク・演出・色彩・アニメーション密度・テンポを厳密に維持。
@ image2：キャラクターデザインを厳密に維持。顔・髪・衣装・アクセサリーを全12カットで完全一致。
@ image3：氷の剣デザインを厳密に維持。形状・装飾・青い宝石・氷刃を全12カットで完全一致。

映像：
24fps、日本劇場版フルカラー2Dアニメーション。シネマティックアクション。超高密度線画、ハイコントラストセルシェーディング、太い手描き線、自然なモーションブラー、極端な緩急のある戦闘、インパクトフレーム、スメアフレーム。

舞台：
吹雪に包まれた雪と氷の幻想王国。広大な雪原、凍結湖、巨大な氷柱、古代氷遺跡。銀青の月光。雪煙・氷粒子・結晶が絶えず舞う。

ライティング：
シルバーブルーの月光。氷剣と魔法陣のみ鮮やかな青白い発光。強いリムライトと雪面反射。

テンポ：
P01〜P11は高速ハードカット。止まらない疾走感。P12のみ静かな余韻。

P01（0.0〜1.2秒）
超ワイド。雪原の中央で少女と巨大な氷狼が対峙。背後には氷の王国。吹雪が舞う。

P02（1.2〜2.3秒）
クローズアップ。少女が氷剣を構える。髪とリボンが風になびき、青い瞳が鋭く光る。

P03（2.3〜3.5秒）
ローアングル。少女が雪を蹴り高速ダッシュ。最前列の氷狼へ一直線。カメラが低空追従。

P04（3.5〜4.8秒）
走り抜けながら最初の狼を一閃。狼は瞬時に凍結し砕け散る。青白い斬撃軌跡。

P05（4.8〜6.0秒）
ジャンプして空中回転斬り。複数の氷狼を連続撃破。砕けた氷片が画面いっぱいへ飛び散る。

P06（6.0〜7.2秒）
着地と同時に滑り込みながら横薙ぎ。走り続けたまま次々と敵を斬る。高速トラッキング。

P07（7.2〜8.4秒）
振り返りざまの連続斬撃。狼が連鎖的に凍結し粉砕。氷柱が次々爆発する。

P08（8.4〜9.6秒）
ワイド。残る約15体の氷狼が少女を円形に包囲。吹雪が激しくなり静寂が訪れる。

P09（9.6〜10.8秒）
ミディアム。少女が氷剣を地面へ突き立てる。巨大な青白い魔法陣が足元のみに展開。雪と氷が渦を巻く。

P10（10.8〜12.3秒）
超ワイド。魔法陣から巨大な氷結波と無数の氷柱が爆発。15体すべての氷狼が同時に完全凍結。

P11（12.3〜13.8秒）
インパクトフレーム。凍結した15体が一斉に粉砕。無数の氷結晶が夜空へ舞い、青白い光が雪原を覆う。

P12（13.8〜15.0秒）
静かなエンディング。吹雪が収まり、少女は氷剣を下ろしてこちらを振り返り、優しくウィンク。髪とドレスが静かに揺れる。背後には月夜の氷の王国。ゆっくりプッシュインして終了。"
renoise-2074745169250079046,FIRST-PERSON POV from a comfortable reclining armchair in a stylish modern…,,真人,现实向,生活与vlog,,en,Seedance 2.0,,,renoise-ai/awesome-seedance-prompts,https://github.com/renoise-ai/awesome-seedance-prompts/blob/904b6caffa21c2b114bb93e1bd0e37ba80b3dd10/data/prompts/2074745169250079046.json,CC-BY-4.0,Shahid Wani,https://x.com/meng_dagg695/status/2074745169250079046,True,prompts/真人/现实向/生活与vlog/renoise-2074745169250079046--FIRST-PERSON-POV-from-a-comfortable-recl.md,"FIRST-PERSON POV from a comfortable reclining armchair in a stylish modern living room. A massive wall-mounted television directly ahead is already broadcasting a thrilling Argentina vs Brazil football match in full swing. Authentic British football commentary and crowd noise fill the room. Warm afternoon sunlight streams through large windows, creating a cozy match-day atmosphere.
The viewer's legs are stretched out comfortably, creating a realistic seated perspective.
HOOK (0:00–0:02)
From the very first frame, a stunning young woman wearing a sleek electric neon-green athletic shorts outfit with subtle black detailing and a stylish half-French braid suddenly sprints into the living room from the right side.
Without hesitation, she jumps onto the sofa, runs across it, vaults over the coffee table, and lands smoothly while keeping her eyes locked on the television.
Her unexpected energy instantly creates curiosity and urgency.
At 0:02, she points toward the TV as if she has spotted an opportunity inside the match itself, smiles confidently, and explodes into a full sprint directly toward the screen.
MAIN TRANSFORMATION (0:03–0:05)
The camera remains perfectly stable and first-person.
At 0:04, she launches herself forward.
At 0:05, she dives straight into the television screen.
No cuts. No scene jumps. No transitions breaking continuity.
As she passes through the screen, the entire living room organically dissolves around the camera and transforms into a massive international football stadium hosting Argentina vs Brazil.
The television audio smoothly expands into a deafening live stadium atmosphere while preserving one uninterrupted shot.
STADIUM ACTION (0:06–0:12)
She lands naturally on the pitch wearing the exact same electric neon-green outfit and half-French braid.
A SINGLE football rolls naturally toward her.
IMPORTANT:
Only one football exists throughout the entire video.
The same football remains continuously visible and physically consistent from first touch until the goal.
No duplication, replacement, morphing, teleportation, flickering, texture changes, scaling changes, disappearing ball, floating ball, frame-to-frame jumps, AI artefacts, or continuity errors.
Perfect object permanence and realistic football physics.
At 0:07, she controls the football with a clean first touch.
From 0:08–0:11, she dribbles continuously between Argentina and Brazil players.
Every touch follows realistic momentum, spacing, and authentic foot-to-ball contact.
Defenders react naturally.
No clipping, collision errors, unnatural movement, skating, or animation glitches.
At 0:11, she approaches the edge of the penalty area.
At 0:12, she unleashes a powerful strike using the same football.
The camera clearly tracks the football's entire flight path from her foot to the goal in one uninterrupted motion.
Realistic spin.
Realistic speed.
Realistic trajectory.
CLIMAX (0:13–0:15)
At 0:13, the football smashes into the top corner of the net.
The net deforms naturally and ripples realistically.
The crowd explodes with excitement.
Authentic British football commentator shouts:
""WHAT A STRIKE! ABSOLUTELY SENSATIONAL!""
She immediately turns and sprints toward the corner flag.
The camera follows closely behind.
At 0:14, she launches high into the air and performs the iconic SIUUU celebration.
She rotates naturally in mid-air and lands powerfully with feet apart and arms extended downward while facing the roaring crowd.
Her half-French braid swings dramatically behind her.
Bright stadium floodlights illuminate the scene.
Thousands of fans celebrate.
One continuous unbroken shot.
No cuts.
No scene resets.
No camera glitches.
No flickering objects.
No visual artefacts.
No physics errors.
Cinematic football commercial quality.
Premium sports-broadcast visuals.
Authentic British football commentary.
Massive crowd atmosphere.
Crowd chants.
Sprinting footsteps.
Grass impact sounds.
Powerful strike sound.
Realistic net ripple.
Ultra-realistic visuals.
15-second duration.
16:9 horizontal format.
Stable camera motion.
No logos.
No text overlays.
No subtitles.
No watermark."
renoise-2074750708180791764,REFERENCE,,漫剧,现实向,日常治愈,2D日漫,en,Seedance 2.0,,,renoise-ai/awesome-seedance-prompts,https://github.com/renoise-ai/awesome-seedance-prompts/blob/904b6caffa21c2b114bb93e1bd0e37ba80b3dd10/data/prompts/2074750708180791764.json,CC-BY-4.0,Shore Lyn,https://x.com/Shorelyn_/status/2074750708180791764,True,prompts/漫剧/现实向/日常治愈/renoise-2074750708180791764--REFERENCE.md,"REFERENCE
Use the provided combined character sheet and storyboard board as the main visual reference.

Follow the same boy design, puppy design, bread, sidewalk, low wall, school bag, bottle, warm sunset lighting, and emotional story beats.

Keep the boy and puppy visually consistent in every shot.

Do not add extra characters.

Do not change the core story.

SUBJECTS

Boy: a slim young boy around 9 to 10 years old with short messy charcoal-black hair with one stray cowlick, a narrower angular face, sharp small nose, expressive anime eyes with defined upper lashes. He wears a patched oversized denim jacket over a faded striped shirt, cropped trousers, and worn canvas sneakers. He feels hungry, humble, gentle, and warm. His acting should stay subtle and emotional.

Puppy: a tiny mixed-breed street puppy with charcoal-gray fur and a cream belly patch, both ears upright but uneven in size, a stubby tail, slightly larger anime-style eyes, and a small black nose spot. The puppy feels shy, hopeful, innocent, and lovable. It starts cautious and hungry, then becomes trusting and comforted.

Bread: one small round bread bun. This is the main story object. The boy breaks it into two pieces and shares one half with the puppy.

ENVIRONMENT

Quiet city sidewalk at sunset.

Low concrete wall behind them.

Soft blurred road and distant buildings in the background.

A simple school bag and a small bottle placed near the boy.

Warm golden-hour light with long shadows.

Peaceful, lonely, emotional mood.

STYLE

2D Japanese anime short film, hand-drawn aesthetic.

Clean inked outlines, flat-to-soft cel shading, simplified shadow blocks, no CG/3D rendering.

Soft emotional storytelling.

Warm golden-hour lighting with painterly anime background art.

Expressive large anime eyes, subtle and expressive facial acting.

Gentle cinematic movement, traditional anime-style motion (limited frame animation feel where appropriate).

No 3D render, no CGI, no Pixar-style shading, no photorealism.

No comedy.

No chaos.

No copyrighted characters.

No text.

No subtitles.

No logos.

No social media UI.

No background music, only natural sound effects.

CAMERA

16:9 cinematic framing.

Use close-ups and medium shots for emotion.

Use one wide ending shot for the final payoff.

Slow push-ins and gentle cuts.

Shallow depth of field.

Keep both characters readable and appealing.

Avoid fast movement or exaggerated action.

TIMELINE

0:00-0:02

Extreme close-up.

The boy slowly lifts a small bread bun toward his mouth.

He is about to take a bite.

Warm sunset light touches his face and hands.

His expression shows hunger and tiredness.

He pauses just before eating.

SFX: quiet street ambience, soft breath, tiny hand movement.

0:02-0:04

Medium shot from the boy's side.

A tiny scruffy puppy sits a few feet away on the sidewalk.

The puppy looks directly at the bread with sad hopeful eyes.

It stays still, shy and careful.

The boy notices the puppy and slowly lowers the bread.

SFX: soft puppy whimper, light wind, distant city ambience.

0:04-0:06

Close-up of the boy's hands.

He slowly breaks the bread into two pieces.

Small crumbs fall gently.

The moment should feel like an important emotional decision.

His hands pause for a beat after splitting the bread.

SFX: soft bread tear, tiny crumbs falling.

0:06-0:08

Medium side shot.

The boy gently extends one half of the bread toward the puppy.

The puppy looks at the bread, then at the boy's face.

It is nervous but curious.

The boy gives a small soft smile and keeps his hand still.

SFX: soft hand movement, puppy sniffing, quiet breeze.

0:08-0:10

Low close shot near the puppy.

The puppy slowly steps forward.

It carefully takes the bread from the boy's hand.

The boy stays calm and gentle.

The puppy starts chewing and its expression becomes softer and more trusting.

SFX: tiny puppy steps, soft bite, gentle chewing.

0:10-0:12

Medium shot.

The boy sits cross-legged on the sidewalk.

The puppy comes closer and sits beside him.

The boy gently pats the puppy's head.

The puppy leans into his hand and relaxes.

This moment should feel tender and safe.

SFX: soft fur touch, puppy happy breath, distant street ambience.

0:12-0:14

Close emotional shot.

The puppy rests its head on the boy's lap.

The boy looks down at it with a warm, slightly sad smile.

He still holds his own half of the bread in his other hand.

They both feel less alone in this moment.

SFX: quiet breathing, soft ambient wind, distant city sounds.

0:14-0:15

Wide sunset shot from behind.

The boy and puppy sit side by side facing the glowing sunset.

Their long shadows stretch across the sidewalk.

The school bag and bottle are visible nearby.

The final frame should feel peaceful, hopeful, and heartwarming.

SFX: soft wind, distant street sound, tiny happy puppy sigh."
renoise-2074752165663621260,"Main subject: Young Japanese couple in their late 20s, naturally attractive…",,真人,现实向,甜宠恋爱,,en,Seedance 2.0,,,renoise-ai/awesome-seedance-prompts,https://github.com/renoise-ai/awesome-seedance-prompts/blob/904b6caffa21c2b114bb93e1bd0e37ba80b3dd10/data/prompts/2074752165663621260.json,CC-BY-4.0,Mr Das,https://x.com/MrDasOnX/status/2074752165663621260,True,prompts/真人/现实向/甜宠恋爱/renoise-2074752165663621260--Main-subject-Young-Japanese-couple-in-th.md,"Main subject: Young Japanese couple in their late 20s, naturally attractive with gentle features. Woman: shoulder-length wavy black hair with soft bangs, wearing an oversized cream knit sweater, wide-leg jeans, and cozy scarf. Man: neat medium-length black hair, light stubble, wearing a dark olive hoodie and slim black pants. Keep faces, outfits, and affectionate chemistry perfectly consistent across all shots.
Location: Charming residential neighborhood in Kyoto during golden hour transitioning to blue hour. Narrow streets lined with traditional wooden machiya houses, glowing paper lanterns, small temple gate in background, autumn leaves gently falling, warm lights from homes, distant soft city hum.
Visual Style: Heartwarming lifestyle realism with cinematic warmth and dreamy bokeh. Soft filmic color grading, gentle lens flares from street lamps and sunset, rich yet natural tones, cozy and aspirational atmosphere that feels intimate and calming.
Camera Style: Modern 2020s smartphone video (like iPhone 15 or Galaxy S24) in vertical 9:16 format. Smooth but slightly handheld personal vlog feel with light stabilization, natural panning, occasional subtle focus breathing, warm color shifts, and soft glow from city lights. Feels like a couple filming their own relaxing evening date night.
Timeline:
00:00–00:02
Close-up as they leave their apartment door at dusk. She adjusts his scarf playfully; he smiles and pulls her close for a quick forehead kiss. Lantern light glows on their faces.
00:02–00:04
Walking hand-in-hand down the lantern-lit street. Leaves crunch underfoot. She points excitedly at a street cat; they both laugh softly.
00:04–00:06
Sitting together on a small wooden bench near the temple. They share hot roasted sweet potatoes from a paper bag, feeding each other small bites with loving glances.
00:06–00:08
Back home in their warm tiny kitchen. He stirs a simple miso soup while she hugs him from behind, resting her head on his back. Steam rises gently.
00:08–00:10
At their low dining table by the window. They eat together, clinking small sake cups, chatting and smiling. Soft candle and lamp light creates a peaceful mood.
00:10–00:12
After dinner, they move to the balcony. Wrapped in one blanket, they watch the city lights. She rests her head on his shoulder as he gently plays with her hair.
00:12–00:15
Final shot at the door. They turn to the camera, wave softly with big warm smiles, blow a kiss, and whisper “Good night” in Japanese. Gentle fade with warm glow.
Audio: Soft evening ambience (distant temple bells, light wind in leaves, city hum) mixed with gentle lo-fi chill beats. Natural sounds of footsteps, laughter, fabric rustles, spoon clinks, and warm whispers. Calming and uplifting.
Goal: Create a deeply relaxing, romantic “evening unwind” couple video that feels genuine and aspirational — perfect for evoking peace, relationship warmth, and high shareability as wholesome nighttime couple content."
renoise-2074754319421968492,"A hyper-stylized 1970s vintage hip-hop street fashion montage, ultra-fast…",,真人,特效向,特效综合,,en,Seedance 2.0,,,renoise-ai/awesome-seedance-prompts,https://github.com/renoise-ai/awesome-seedance-prompts/blob/904b6caffa21c2b114bb93e1bd0e37ba80b3dd10/data/prompts/2074754319421968492.json,CC-BY-4.0,Apil,https://x.com/apilpirman/status/2074754319421968492,True,prompts/真人/特效向/特效综合/renoise-2074754319421968492--A-hyper-stylized-1970s-vintage-hip-hop-s.md,"A hyper-stylized 1970s vintage hip-hop street fashion montage, ultra-fast pacing, bold editorial energy. A diverse cast of Black and White American men and women confidently approach the camera one after another, each wearing completely different extravagant retro gangster outfits featuring @image1 integrated creatively across jackets, fur coats, leather suits, oversized tracksuits, hats, sunglasses, rings, gold chains, canes, boomboxes, cassette players, custom sneakers, luxury belts, vintage cars, briefcases, watches, grills, and jewelry. The branding is never repetitive; sometimes embroidered, metallic, embossed, engraved, stitched patches, reflective chrome, woven fabric texture, leather embossing, mosaic patterns, glowing acrylic, carved wood, or molded plastic instead of plain printed text. Every appearance introduces a brand-new fashion identity and accessory combination.
Rapid montage with aggressive whip pans, crash zooms, Dutch angles, extreme low angles, fisheye close-ups, overhead shots, spinning orbit moves, handheld pushes, rolling camera, dramatic perspective distortion, macro accessory reveals, silhouettes, freeze-frame poses, exaggerated swagger, synchronized shoulder movements, finger snaps, jacket flips, chain swings, walking directly into lens, pointing toward camera, playful intimidation, confident facial expressions. Fast rhythmic edits perfectly synchronized with hard old-school hip-hop beats.
Authentic 1970s New York street aesthetic with graffiti walls, subway platforms, neon storefronts, basketball courts, brick alleys, vintage Cadillacs, smoke, dust, floating film grain, halation, heavy Kodak-style color grading, deep contrast, warm amber highlights, rich blacks, realistic fabric textures, sweat sheen, worn leather, chrome reflections, luxury fashion editorial lighting, award-winning commercial cinematography.
Stylized retro overlay graphics appear throughout: bold vintage typography, comic-style impact words, VHS timestamp glitches, cassette icons, graffiti scribbles, arrows, stars, paint splashes, halftone textures, animated frame counters, retro lower-thirds, old TV scanlines, dynamic hip-hop title cards, all with authentic 70s street culture vibe. No repeated poses, no repeated outfits, no repeated accessories, every shot feels fresh and iconic. Duration 10 seconds."
renoise-2074769831942058147,"Ultra-realistic cinematic FIFA World Cup travel vlog, energetic hyperlapse…",,真人,现实向,生活与vlog,,en,Seedance 2.0,link-only,copyrighted-character,renoise-ai/awesome-seedance-prompts,https://github.com/renoise-ai/awesome-seedance-prompts/blob/904b6caffa21c2b114bb93e1bd0e37ba80b3dd10/data/prompts/2074769831942058147.json,CC-BY-4.0,Taaruk,https://x.com/Taaruk_/status/2074769831942058147,True,prompts/真人/现实向/生活与vlog/renoise-2074769831942058147--Ultra-realistic-cinematic-FIFA-World-Cup.md,
renoise-2074777247857418555,This is handheld documentary footage recorded on an early-2000s consumer DV…,,真人,特效向,奇幻怪兽,,en,Seedance 2.0,,,renoise-ai/awesome-seedance-prompts,https://github.com/renoise-ai/awesome-seedance-prompts/blob/904b6caffa21c2b114bb93e1bd0e37ba80b3dd10/data/prompts/2074777247857418555.json,CC-BY-4.0,Tuan Doan,https://x.com/Mr_TuanDoan/status/2074777247857418555,True,prompts/真人/特效向/奇幻怪兽/renoise-2074777247857418555--This-is-handheld-documentary-footage-rec.md,"This is handheld documentary footage recorded on an early-2000s consumer DV camcorder by one of the researchers during an Amazon expedition. The entire clip must feel like real, chaotic, imperfect home video footage of something unexpected happening in the jungle — nothing staged or cinematic.

Four researchers are moving through dense Amazon rainforest vegetation. The lead scientist is a 42-year-old woman in a green shirt and wide-brim hat. Two assistants are men in their 30s wearing khaki clothing and backpacks. The youngest is a 23-year-old carrying the camcorder. All show real physical effort from the heat and humidity and genuine shock. Their clothing remains consistent.

They are walking along a muddy trail when something large moves in the undergrowth. After several seconds of tense waiting, a massive strange jungle monster roughly 5 meters long suddenly bursts through thick vines and foliage right next to them. The creature has dark green and brown scaly skin, long powerful limbs, a thick muscular tail, and a wide head filled with multiple rows of sharp teeth. It moves with explosive force, splashing mud and water.

The researchers react with real shock and urgency. The lead scientist shouts and steps back, the two assistants raise their arms defensively and try to pull the group away, and the youngest keeps filming with the old camcorder in one hand while grabbing onto a vine with the other. The monster continues thrashing through the vegetation toward them before partially retreating back into the jungle. Everything feels hot, wet, dangerous and completely uncontrolled.

The camera is handheld the entire time with the natural flaws of an old DV camcorder: constant shake, imperfect and drifting framing, frequent autofocus hunting especially during sudden movement, lens breathing, exposure changes between bright canopy light and dark jungle floor, motion blur, rolling shutter, mild compression artifacts, faded colors and soft contrast. The person filming moves around while trying to capture the creature and stay with the group, so the framing is often messy and reactive.

All sound is natural and recorded on location: heavy breathing and urgent shouting from the researchers, rustling and breaking of thick vegetation, splashing mud and water, the deep growling and thrashing sounds of the large creature, and jungle ambient sounds. No music, no sound design, no narration.

The final result must feel like authentic, raw footage of researchers unexpectedly encountering a massive strange jungle monster in the Amazon on an old camcorder — chaotic, imperfect, heavy and completely believable as real home video."
renoise-2074782002906317151,A bright Japanese youth summer commercial based on a 9-panel storyboard…,,真人,现实向,剧情短片,,en,Seedance 2.0,link-only,brand-ad,renoise-ai/awesome-seedance-prompts,https://github.com/renoise-ai/awesome-seedance-prompts/blob/904b6caffa21c2b114bb93e1bd0e37ba80b3dd10/data/prompts/2074782002906317151.json,CC-BY-4.0,Kent Dhani,https://x.com/kentdhani/status/2074782002906317151,True,prompts/真人/现实向/剧情短片/renoise-2074782002906317151--A-bright-Japanese-youth-summer-commercia.md,
renoise-2074810670818980050,Use the uploaded official ZENZAI character sheets as the absolute references.,,真人,现实向,音乐MV,,ja,Seedance 2.0,,,renoise-ai/awesome-seedance-prompts,https://github.com/renoise-ai/awesome-seedance-prompts/blob/904b6caffa21c2b114bb93e1bd0e37ba80b3dd10/data/prompts/2074810670818980050.json,CC-BY-4.0,essan | AIクリエイター,https://x.com/essan_x/status/2074810670818980050,True,prompts/真人/现实向/音乐MV/renoise-2074810670818980050--Use-the-uploaded-official-ZENZAI-charact.md,"Use the uploaded official ZENZAI character sheets as the absolute references.

Characters

🌸 Sakura (Main)
🍡 Mochi
🌙 Tsuki
🫘 An

Exactly four members.

Never redesign any character.

Aspect Ratio

9:16

Length

15 seconds

━━━━━━━━━━━━━━━━━━

Theme

FIRST STAGE

Episode03

Today's keyword

FLOW

The camera dances together with Sakura.

Everything feels smooth, elegant and powerful.

No audience.

No introductions.

Immediately begin the performance.

━━━━━━━━━━━━━━━━━━

Opening (0–2s)

Start from the exact Sakura close-up used at the end of Episode02.

Hold only 0.2 seconds.

Immediately begin rapid editing.

Close-up

Eyes

Hair

Smile

Hands

Every cut follows the music.

━━━━━━━━━━━━━━━━━━

Today's Camera Mission

The camera never stops moving.

Use

Fast Side Tracking

Push In

Pull Out

Whip Pan

Crash Zoom

Dutch Angle

Steadicam

Orbit Camera

Lens Compression

Passing Camera

The camera flows around the members like another dancer.

Never repeat the same angle.

━━━━━━━━━━━━━━━━━━

Performance

Sakura dominates approximately 70%.

Upper body dominates.

Only one brief full-body shot.

Formation changes continuously.

Solo

↓

Pair

↓

Triangle

↓

Four members

↓

Sakura Center

Dance style

Elegant K-POP Performance

Powerful expressions.

Luxury fashion-film feeling.

━━━━━━━━━━━━━━━━━━

Lighting

Soft white.

Pink highlights.

Luxury stage lighting.

Moving spotlights synchronized with the choreography.

━━━━━━━━━━━━━━━━━━

Ending (13–15s)

Sakura slowly moves beside Tsuki.

The camera overtakes Sakura.

Violent crash zoom into Tsuki.

End with Tsuki's extreme close-up.

Exactly match Episode04 opening.

Hold approximately 0.2 seconds.

Perfect seamless transition.

━━━━━━━━━━━━━━━━━━

Rules

Characters occupy approximately 95% of every frame.

Background is always secondary.

No empty stage.

No static shots.

The camera performs with the dancers.

Luxury K-POP MV.

Hollywood blockbuster quality.

No text.

No logo.

No watermark."
renoise-2074818804031348821,This is handheld documentary footage recorded on an early-2000s consumer DV…,,真人,现实向,生活与vlog,,en,Seedance 2.0,,,renoise-ai/awesome-seedance-prompts,https://github.com/renoise-ai/awesome-seedance-prompts/blob/904b6caffa21c2b114bb93e1bd0e37ba80b3dd10/data/prompts/2074818804031348821.json,CC-BY-4.0,TechHalla,https://x.com/techhalla/status/2074818804031348821,True,prompts/真人/现实向/生活与vlog/renoise-2074818804031348821--This-is-handheld-documentary-footage-rec.md,"This is handheld documentary footage recorded on an early-2000s consumer DV camcorder by someone standing near the Wright brothers during their first powered flight attempt at Kitty Hawk. The footage feels like real, shaky home video of a historic technological moment.

The recording shows the Wright Flyer aircraft on a wooden rail on the sand dunes. Wilbur and Orville Wright are making final adjustments. A small group of men and a boy are standing nearby watching. The wind is strong and the aircraft looks fragile. Orville lies down on the lower wing as the engine starts. The aircraft begins moving forward along the rail.

The camera follows the aircraft as it lifts off the ground for the first time and flies a short distance before landing. The person filming moves forward and to the side to try to keep the aircraft in frame. The movement is excited and unstable.

The handheld camera shows constant shake, very unstable framing, autofocus hunting as the aircraft moves away, motion blur, exposure changes, sand blowing into the lens, and all the typical imperfections of an old DV camcorder. The person filming is clearly reacting in real time to what is happening.

Natural sound only: strong wind, the sound of the engine and propellers, the aircraft moving on the rail, and the voices of the small group of witnesses reacting. No music.

The result must feel like authentic, raw home video of someone accidentally present during the Wright brothers’ first successful powered flight, captured on an old camcorder."
renoise-2074822542989344962,Create a premium 12-panel cinematic storyboard for a luxury FIFA-inspired…,,真人,现实向,运动,,en,Seedance 2.0,,,renoise-ai/awesome-seedance-prompts,https://github.com/renoise-ai/awesome-seedance-prompts/blob/904b6caffa21c2b114bb93e1bd0e37ba80b3dd10/data/prompts/2074822542989344962.json,CC-BY-4.0,Synthia,https://x.com/AIwithSynthia/status/2074822542989344962,True,prompts/真人/现实向/运动/renoise-2074822542989344962--Create-a-premium-12-panel-cinematic-stor.md,"Create a premium 12-panel cinematic storyboard for a luxury FIFA-inspired football jersey commercial in a sleek black-and-gold branding style. The entire board has a high-end sports advertising aesthetic with realistic product photography, cinematic lighting, ultra-detailed fabric textures, and professional commercial composition. Use a matte black background with elegant gold accents, technical production notes, camera directions, SFX labels, and numbered storyboard panels. 16:9 layout, 4K quality.

Panels:

1. Premium unboxing of a luxury football jersey inside an elegant black presentation box with gold foil branding.

2. Extreme macro shot showcasing the premium fabric texture, stitching, embroidered crest, and breathable material.

3. Close-up of the collar with luxurious fabric folds and premium craftsmanship.

4. Sleeve logo macro highlighting woven label details and stitching quality.

5. Locker room hero shot with the jersey hanging under dramatic warm spotlights.

6. Athlete pulling the jersey over their shoulders, emphasizing fabric movement and fit.

7. Football player walking through the stadium tunnel toward bright stadium lights.

8. Entering a packed stadium from behind with cinematic floodlights and cheering crowd.

9. Dynamic football action shot—dribbling, sprinting, or striking the ball during an intense match.

10. Celebration after scoring, capturing emotion, victory, and stadium atmosphere.

11. Hero product reveal with the jersey floating on a premium pedestal surrounded by cinematic volumetric lighting and subtle smoke.

12. Final brand frame featuring the jersey, premium logo placement, tagline, and elegant sports campaign finish.

Bottom section includes a clean Product Journey flow (Unbox → Detail → Wear → Play → Celebrate → Hero Product) alongside a Camera Guide displaying icons for Static, Push-in, Macro, Tracking, Low Angle, Orbit, and Slow Motion.

Luxury commercial design, sportswear advertising, ultra-realistic product photography, black and gold color palette, cinematic lighting, premium branding, award-winning creative direction, Nike/Adidas-level campaign quality, highly detailed, photorealistic, editorial sports advertisement."
renoise-2074831946304422239,"以下是三段各10秒、共30秒的中文提示词,包含日文对白与语气描述,场景基于你上传的图片(男女二人山丘露营椅、东京天际线背景):",,漫剧,特效向,特效综合,2D日漫,en,Seedance 2.0,,,renoise-ai/awesome-seedance-prompts,https://github.com/renoise-ai/awesome-seedance-prompts/blob/904b6caffa21c2b114bb93e1bd0e37ba80b3dd10/data/prompts/2074831946304422239.json,CC-BY-4.0,Cia0,https://x.com/Cia0_exe/status/2074831946304422239,True,"prompts/漫剧/特效向/特效综合/renoise-2074831946304422239--以下是三段各10秒-共30秒的中文提示词,包含日文对白与语气描述,场景基于你上传.md","以下是三段各10秒、共30秒的中文提示词,包含日文对白与语气描述,场景基于你上传的图片(男女二人山丘露营椅、东京天际线背景):

角色参考

@image1 — 都市俯瞰全景,山丘草地,露营椅,木箱茶几,冰咖啡与保温杯,东京天空树背景,巨大环形云层。
@image2 — 男性角色,黑发,深蓝衬衫,卡其裤,叼烟姿态,眼神望向远方。
@image3 — 女性角色,红发,项圈,白色外套黑色内搭,短裤,跷腿坐姿,神情平静略带思索。

第一段(0-10秒)

风格:日系动漫电影质感,厚涂云层光效,黄昏前柔和阳光,烟雾缭绕氛围,浅景深虚化远景城市。

0-2秒 — 远景俯拍:
镜头从云层之上缓缓下降,穿过环形云海,揭示山丘草地与两人并肩而坐的剪影,东京天空树在雾霭中若隐若现。

2-4秒 — 中景侧拍:
镜头平移至 @image2 侧脸特写,他叼着香烟深吸一口,烟雾缓缓升起,阳光透过云隙洒在他脸上,形成柔和逆光轮廓。

对白(男,疲惫但平静的语气):
「この4日間、ずっとフリーランスの仕事に没頭してたんだ。」

4-6秒 — 正面双人镜头:
镜头缓慢推近,捕捉两人并排而坐的完整画面,男子将烟灰弹落,女子微微侧头看向他,风吹动她的红发。

对白(男,略带自嘲):
「頑張ったんだけどさ…契約、更新してもらえなかった。」

6-8秒 — 特写手部动作:
镜头聚焦男子手中的香烟与桌上的冰咖啡杯,水珠顺着杯壁滑落,光线在杯身折射出细碎光斑。

对白(男,若有所思):
「まだまだ、学ぶことが多いんだろうな。」

8-10秒 — 女子反应特写:
镜头切至 @image3 面部特写,她轻轻吐出一口烟,眼神温柔而坚定地看向他,嘴角微微上扬。

第二段(10-20秒)

10-12秒 — 低角度仰拍:
镜头从露营椅底部低角度仰拍两人剪影,云层在背景中缓缓流动,傍晚光线染上一层暖橘色调。

对白(女,温柔而坚定):
「そう…でも、それだけ本気で向き合ってたってことでしょ？」

12-14秒 — 环绕镜头:
镜头缓慢环绕两人半圈,展现完整的天际线背景与两人之间的自然距离感,烟雾在空气中缓缓飘散形成柔和光晕。

14-16秒 — 女子特写侧脸:
镜头聚焦女子侧脸,她低头看着自己交叠的双腿,语气轻松地继续说下去,红发随风轻扬。

对白(女,带着一点调侃):
「次はもっといい話が来るよ、絶対。」

16-18秒 — 男子微笑反应:
镜头切至男子表情变化,原本略显疲惫的神情渐渐放松,嘴角浮现浅浅笑意,他望向她。

18-20秒 — 双人中景:
镜头拉远至中景,两人相视一笑,城市天际线在他们身后延展,云层开始染上金色夕阳余晖。

第三段(20-30秒)

20-22秒 — 高空俯瞰镜头:
镜头再次拉升至高空俯瞰视角,展现整个山丘、城市与云海的壮阔全景,夕阳光线洒满整个画面。

对白(男,轻松地笑着):
「ありがとう、なんか元気出た。」

22-24秒 — 手持温情镜头:
镜头略带手持质感贴近两人,女子将杯子递向他,两人的手在杯子旁短暂交汇,阳光在杯壁上跳跃闪烁。

24-26秒 — 侧光剪影镜头:
镜头切换至侧逆光角度,两人剪影在夕阳余晖中清晰勾勒,烟雾与暖光交织出朦胧梦幻的氛围。

26-28秒 — 缓慢推近双人镜头:
镜头缓慢推近两人并肩而坐的画面,城市灯光开始点点亮起,云层泛起淡淡的粉紫色。

28-30秒 — 收尾远景定格:
镜头拉远至最初的俯瞰全景,两人在山丘草地上并肩而坐的画面定格,云海缓缓流动,夕阳余晖洒满整个东京天际线,画面渐暗收尾。

运镜手法总览:俯拍下降、侧拍推近、正面双人镜头、特写手部、反应特写、低角度仰拍、环绕镜头、侧脸特写、双人中景、高空俯瞰、手持贴近、侧逆光剪影、缓慢推近、远景定格——每2秒切换一种运镜方式,贯穿整段叙事保持节奏流畅。

光效强化:云隙逆光、暖橘夕阳色调、香烟烟雾光晕、杯壁水珠反光、渐变金粉色天空、城市灯光点亮效果、剪影侧逆光轮廓、柔焦浅景深虚化远景。

音效与配音一致性:男声低沉略带疲惫但逐渐转为轻松语气,女声温柔沉稳带一点俏皮感,全程日语对白,背景音为微风声、远处城市环境音、烟雾吐出的细微气声,情绪节奏从疲惫感逐渐过渡到温暖释然。

负面提示词(需避免):禁止角色比例扭曲、禁止连续重复同一运镜角度、禁止背景城市天际线模糊失真、禁止声音与口型不同步、禁止光效过曝导致细节丢失。"
renoise-2074835987403043224,CHARACTER REFERENCE LOCK = @Image1,,漫剧,特效向,战斗大招,2D日漫,en,Seedance 2.0,,,renoise-ai/awesome-seedance-prompts,https://github.com/renoise-ai/awesome-seedance-prompts/blob/904b6caffa21c2b114bb93e1bd0e37ba80b3dd10/data/prompts/2074835987403043224.json,CC-BY-4.0,LadyWasabi // LouieVerse,https://x.com/LadyWasabee/status/2074835987403043224,True,prompts/漫剧/特效向/战斗大招/renoise-2074835987403043224--CHARACTER-REFERENCE-LOCK-Image1.md,"CHARACTER REFERENCE LOCK = @Image1

Use the referenced character as the primary visual guide throughout the sequence. Preserve her exact facial features, sleeveless white combat top, black tactical skirt, cybernetic gauntlets, red combat boots, athletic physique, proportions, silhouette, accessories, and overall identity. Maintain perfect character consistency across every shot, distance, camera angle, and action.

VISUAL STYLE LOCK

Ultra-stylized painterly anime realism.
Dynamic concept art visual aesthetic.
Every frame feels like a premium hand-painted illustration brought to life.
Characters, lighting, rain, atmosphere, and environments feature visible painterly brushwork.
Avoid photorealism.
Avoid clean, smooth CGI surfaces.
Cinematic cyberpunk lighting.
Heavy rain environment.
Wet reflective streets.
Volumetric fog.
Neon light reflections.
Deep dramatic shadows.
Painterly motion blur.
Elegant painterly motion trails.
Premium animated feature-film quality.
Strong, readable character silhouettes.
Epic cyberpunk atmosphere.

CINEMATOGRAPHY

Heroic cinematic photography.
Extreme slow motion.
Bullet-time cinematography.
Dynamic orbit camera movement.
FPV first-person fly-through shots.
Ultra-wide action shots.
High-speed push-in shots.
Whip-pan camera movement.
Rapid push-pull zooms.
Low-angle hero compositions.
Ground-level tracking shots.
360-degree orbit shots.
Drone dive shots.
Perfect cinematic camera stabilization.

ACTION
0:00–0:02

Extreme close-up of her eyes beneath the brim of her cap. Raindrops slowly slide from the edge of the hat while neon lights reflect across her glasses. She slowly clenches her cybernetic gauntlets as tiny electrical arcs dance between the metal knuckles. Time appears almost completely frozen.

0:02–0:04

The camera instantly pulls backward at high speed into a breathtaking low-angle full-body hero shot. She explodes into a sprint. The wet pavement beneath her feet shatters on impact. Thousands of water droplets erupt into the air and remain suspended as the entire scene enters bullet time.

0:04–0:07

The camera completes a full high-speed 360-degree orbit around her. She launches into a powerful airborne spinning kick, immediately followed by a devastating cybernetic punch. Every strike generates visible shockwaves. Sparks, debris, shell casings, shattered neon glass, and raindrops remain suspended in extreme slow motion.

0:07–0:10

An FPV camera races between enemies before rapidly circling behind her. She performs a high-speed ground slide to narrowly evade incoming attacks. The camera spins dynamically with her movement as she unleashes a relentless combination of punches, elbow strikes, spinning kicks, and rapid chained attacks. Each strike leaves sharp motion trails while debris and rain fill the frame.

0:10–0:13

She leaps high into the air as time slows even further. The camera rapidly orbits upward from below. The heavy rain freezes completely in midair. She slams both cybernetic fists into the ground. A massive shockwave erupts across the entire street, launching enemies into the air while the pavement fractures and collapses beneath the impact.

0:13–0:15

Ultimate hero shot. She lands in a three-point stance as time returns to normal. Rain pours down once again. Neon lights flicker behind her while steam slowly rises from the street. The camera slowly pushes toward her face. She raises her head, revealing a fearless and determined gaze. Brilliant electrical arcs surge from both cybernetic gauntlets as the image gradually fades to black."
renoise-2074836193905091010,"SHOT 1 (0:00–0:03) — Cold open, full speed",,真人,特效向,动作大片,,en,Seedance 2.0,,,renoise-ai/awesome-seedance-prompts,https://github.com/renoise-ai/awesome-seedance-prompts/blob/904b6caffa21c2b114bb93e1bd0e37ba80b3dd10/data/prompts/2074836193905091010.json,CC-BY-4.0,ibexdream,https://x.com/ibexdream/status/2074836193905091010,True,"prompts/真人/特效向/动作大片/renoise-2074836193905091010--SHOT-1-0-00–0-03-—-Cold-open,-full-speed.md","SHOT 1 (0:00–0:03) — Cold open, full speed
Frame: Blinding desert glare. The android (red coat, brass-rimmed red lenses) sprints straight at camera across cracked salt flats, dust exploding behind each step.
Camera: low tracking shot, ground rushing beneath.
SFX: pounding drums, engine roar building.
VO (gravelly): ""They took the last power core.""

SHOT 2 (0:03–0:07) — The chase begins
Frame: Behind him, three rusted war-buggies crest a dune, spiked wheels tearing sand, raiders screaming.
Camera: whip-pan from the android to the pursuers.
ANDROID (not looking back): ""Bad decision.""

SHOT 3 (0:07–0:11) — Vehicle hijack
Frame: A buggy pulls alongside. The android leaps, boots slamming onto its hood, grabs the raider by the collar and hurls him off. He drops into the driver's seat mid-motion, coat whipping in the wind.
Camera: continuous side-tracking, no cuts, kinetic.
SFX: metal crunch, engine screaming.

SHOT 4 (0:11–0:15) — Canyon run
Frame: Two buggies chase him into a narrow rust-red canyon. Harpoons fire past his head, sparking off rock. He yanks the wheel; one pursuer clips the wall and cartwheels into scrap.
Camera: fast aerial dive following the vehicles.
RAIDER (yelling): ""He's just a machine!""
ANDROID (red lenses flaring): ""Half. The other half is angry.""

SHOT 5 (0:15–0:19) — Hand-to-hand on wheels
Frame: A raider jumps onto his vehicle. Brutal close-quarters fight at full speed — elbow, headbutt with the metal skull, raider flies off into a dust cloud.
Camera: shaky close-up, impacts snapping the frame.
SFX: each hit lands with a deep metallic THUD.

SHOT 6 (0:19–0:23) — The quest revealed
Frame: Quick flash — a glowing blue power core in a chained case, held aloft by a warlord on a throne of welded car doors, an army of raiders roaring below.
Camera: dramatic push-in on the warlord.
WARLORD: ""Bring me his head. Keep the coat.""

SHOT 7 (0:23–0:27) — Storm wall
Frame: The android drives straight into a towering orange dust storm swallowing the horizon. Lightning inside it. He doesn't slow down — he accelerates.
Camera: massive wide shot, tiny vehicle vs. giant storm.
VO: ""One machine. One tank of fuel. One impossible job.""

SHOT 8 (0:23–0:32) — Fortress assault montage
Three rapid cuts:
He rams through the fortress gate in a fireball of splinters.
Slides across a hood, firing a scrap-cannon one-handed.
Rips a chain, swings across a burning courtyard, kicks two guards flat.
Music: relentless percussion, war horns.

SHOT 9 (0:32–0:37) — Face-off
Frame: The warlord's hall. The android walks through smoke, coat torn, one lens cracked and flickering. The warlord rises, huge, wielding an engine-block hammer.
WARLORD: ""You came alone?""
ANDROID (cracking his metal knuckles): ""You didn't leave anyone else.""
They charge at each other — CUT on the moment of impact.

SHOT 10 (0:37–0:41) — Title card
Frame: Black. A single red lens ignites in the darkness, then the title slams in, letters made of rusted steel: RUSTRUNNER.
SFX: metal impact + engine rev.
VO: ""This wasteland has one rule. He's about to break all of them.""

SHOT 11 (0:41–0:45) — Stinger
Frame: The android drives into the sunset, calm — then notices the stolen power core on the seat is beeping, faster and faster. He looks at the camera.
ANDROID (flat): ""...That's fine.""
Explosion of light. Cut to black."
renoise-2074836204286345261,"@ Image_1 is the master character reference. Match her identity, facial…",,真人,特效向,动作大片,,en,Seedance 2.0,,,renoise-ai/awesome-seedance-prompts,https://github.com/renoise-ai/awesome-seedance-prompts/blob/904b6caffa21c2b114bb93e1bd0e37ba80b3dd10/data/prompts/2074836204286345261.json,CC-BY-4.0,Saul Goodman,https://x.com/Goodmanprotocol/status/2074836204286345261,True,prompts/真人/特效向/动作大片/renoise-2074836204286345261--Image_1-is-the-master-character-referenc.md,"@ Image_1 is the master character reference. Match her identity, facial structure, body proportions, hairstyle, wardrobe, accessories, revolver, colors, textures, silhouette, and overall presence exactly in every frame. No identity drift, no wardrobe changes, no hairstyle changes, no prop changes, no AI morphing, no flickering, and no inconsistencies.

GLOBAL STYLE
• Cinematic modern Western
• Low golden-hour sunlight from camera-left
• Warm amber highlights with cool teal shadows
• Fine cinematic film grain
• Soft halation around the sun
• Long dramatic shadows
• Open prairie, dusty dirt road, distant blue mountains
• Rising dust illuminated by backlight
• Premium Hollywood production quality

CHARACTERS
• The Stranger (FOCAL): Match @ Image1 exactly.
• Lead Bandit: Dusty tan duster, wide-brim brown hat, red bandana covering lower face.
• Three background riders: Bandana-masked silhouettes on horseback, partially obscured by dust.

SEQUENCE

SHOT 1 (0–3s) — HOOK
Full side-tracking shot as a stagecoach races across the prairie at full gallop. Four bandits pursue on horseback while firing pistols into the air. Dust explodes behind the coach, glowing in the golden backlight. The camera tracks with the coach before whip-panning down to pounding hooves.

SFX: Hoof thunder, gunshots, wooden carriage rattle, tense orchestral strings.

Lead Bandit shouts:
Stop the coach!

SHOT 2 (3–6s) — RISING
Low-angle tracking shot alongside the speeding coach. The Lead Bandit pushes his horse alongside, leaps onto the moving roof, struggles for balance, crawls toward the carriage door, and grips the rail naturally with realistic weight and momentum.

SFX: Boot scraping wood, heavy breathing, rushing wind.

SHOT 3 (6–9s) — GREED
Close-up of the Lead Bandit's eyes above the bandana, followed by an extreme close-up of his gloved hand wrapping around the brass door handle. He grins confidently before yanking the handle open while riders continue racing behind.

SFX: Metal latch click, quiet chuckle.

SHOT 4 (9–12s) — THE REVEAL
Over-the-shoulder view from behind the Lead Bandit into the dim stagecoach interior. Music stops instantly, leaving only wind and the carriage creaking. Sitting calmly inside is the Stranger, matching @ Image1 perfectly. Hat low, hands relaxed, completely motionless. She slowly lifts her eyes toward him. A sharp beam of golden sunlight cuts across her face and cow-print corset while the rest of the cabin remains in teal shadow. The Lead Bandit's confident grin disappears instantly as his eyes widen and his breathing catches.

SFX: Wind, leather creak, carriage springs.

SHOT 5 (12–15s) — THE BUTTON
Extreme close-up of the Stranger's hand already resting on the ivory-grip engraved revolver. Focus locks on the revolver before snapping into an extreme close-up of her cold eyes beneath the hat brim. She slowly tightens her grip with all five fingers, tilts her head slightly as if silently saying, Well, hello. Hard cut to black.

SFX: Leather creak, one deep cinematic chord, single spur chime.

Centered title appears:

THE LAST STAGECOACH

TECHNICAL REQUIREMENTS
• 15-second duration
• 16:9 landscape
• Ultra-realistic live action
• Hollywood Western film quality
• Stable cinematic camera movement
• Realistic horse animation and physics
• Natural body mechanics
• Accurate fabric simulation
• Consistent lighting throughout
• Perfect facial consistency using @ Image1
• Straight geometry and natural proportions
• No AI artifacts
• No flickering
• No morphing
• No duplicated objects
• No clipping
• No physics errors
• No subtitles
• No watermark
• No logos"
renoise-2074837196587307021,参照画像に写っているキャラクターを主人公として使用。15秒、24fps。日本のフルカラーアニメ。劇場版アニメのような高品質な作画。作画枚数多め。バズりそうな、ア…,,漫剧,现实向,剧情短片,2D日漫,ja,Seedance 2.0,,,renoise-ai/awesome-seedance-prompts,https://github.com/renoise-ai/awesome-seedance-prompts/blob/904b6caffa21c2b114bb93e1bd0e37ba80b3dd10/data/prompts/2074837196587307021.json,CC-BY-4.0,Eris Create Lab,https://x.com/Eris_Create_Lab/status/2074837196587307021,True,prompts/漫剧/现实向/剧情短片/renoise-2074837196587307021--参照画像に写っているキャラクターを主人公として使用-15秒-24fps-日本のフ.md,"参照画像に写っているキャラクターを主人公として使用。15秒、24fps。日本のフルカラーアニメ。劇場版アニメのような高品質な作画。作画枚数多め。バズりそうな、アイドルライブ風の短尺ライブパフォーマンス動画。

映像全体を通して、参照画像に表示されているLIVE配信UIを維持する。

LIVE表示、視聴者数、プロフィールアイコン、コメント欄、リアクション、コメント入力欄など、参照画像から読み取れるライブ配信UIを自然に表示し続ける。

本物のライブ配信を録画したような印象を維持する。

UIはダンスやキャラクターの邪魔にならない透明感とサイズで表示し続ける。

主人公は参照画像に写っているキャラクター本人。

参照画像に写っている髪型、髪色、瞳、顔立ち、体格、年齢感、衣装の印象、アクセサリー、全体の雰囲気を維持する。

別キャラクター化しない。

衣装を勝手に変更しない。

背景は参照画像に写っているロケーションを維持する。

背景の構造、空間、色彩、雰囲気を維持し、ライブ配信中であることが自然に感じられる演出とする。

楽曲：

15秒のオリジナル日本語アイドルソング。

実在する楽曲・歌詞・メロディは使用しない。

歌詞はすべて意味のある自然な日本語で歌唱する。

ハミングや架空言語ではなく、日本語として聞き取れる歌唱とする。

明るく可愛く、ライブで一緒に盛り上がれるサビ中心の構成とする。

歌詞：

「ねぇ、こっち見て！

恋じゃない？

まだ内緒♡

君が笑えば

世界がキラッ☆

もう止まれない！

ねぇ、

今日も一番

好きだよ！」

映像コンセプト：

主人公がアイドルライブのような可愛いライブパフォーマンスを披露する。

可愛さ最優先。

ライブ配信を視聴しているファンへ向けて歌い、踊り、笑顔を届ける。

振付は実在するアイドルライブを思わせる、明るく親しみやすいライブパフォーマンス。

真似しやすさよりも、「応援したくなる可愛さ」と「ライブ感」を重視する。

終始カメラ目線を維持し、ライブ配信を見ている視聴者一人一人へ語りかけるような自然な表情と演技を行う。

カメラ構成：

5台のカメラで撮影しているような構成。

カメラは固定ではなく、2秒ごとに切り替わる。

使用するカメラは、

・正面カメラ

・上からのカメラ

・左からのカメラ

・右からのカメラ

・背後からのカメラ

カメラが切り替わっても主人公は常にレンズを意識し、常にカメラ目線を維持する。

正面以外のカメラでも、顔の向きや首のひねり、視線の返しで必ずレンズを見る。

背後カメラでは肩越しに振り返ってカメラ目線にする。

バズを意識し、画角に変化があり、テンポが良く、見ていて飽きないカメラワーク。

各カメラは完全静止ではなく、ビートに合わせて軽く揺れる。

上下の小さなバウンス。

短いパンチイン。

わずかな左右揺れ。

音ハメされた可愛いカメラシェイクを入れる。

手持ちのような雑な揺れではなく、ライブ映像らしい意図的で見やすい揺れ。

ライブパフォーマンス内容：

ライブのイントロからラストまで、一曲のサビを切り抜いたような構成。

主人公は、

観客へ大きく手を振る。

指差し。

胸の前でハート。

クラップ。

両手を大きく広げる。

軽くジャンプ。

その場で小さくターン。

マイクを持って歌っているような自然な手振り。

客席を煽るようなアクション。

投げキッス。

最後にウィンク。

ライブステージらしい明るい笑顔と元気な身体表現を行う。

ライブパフォーマンス内容：

歌詞と感情表現が一致するアイドルライブパフォーマンス。

可愛らしさとファンサービスを最優先とする。

主人公は終始カメラ目線を維持し、ライブ配信を見ている視聴者一人ひとりへ語りかけるように歌う。

振付は実在のアイドルライブを思わせる自然で完成度の高いダンス。

大きく踊るだけでなく、顔の表情、指先、視線、首の傾きなど細かな演技も重視する。

15秒タイムライン：

0.0〜2.0秒

正面カメラ。

「ねぇ、こっち見て！」と歌う。

人差し指でカメラを優しく指差す。

そのまま手招きをする。

首を少し傾けながら笑顔。

最後に軽くウィンク。

2.0〜4.0秒

上からのカメラ。

「恋じゃない？ まだ内緒♡」と歌う。

人差し指を唇へ添える。

照れたように少し目を逸らし、すぐカメラへ視線を戻す。

胸の前で小さなハートを作る。

4.0〜6.0秒

左からのカメラ。

「君が笑えば 世界がキラッ☆」と歌う。

両手を大きく左右へ広げる。

そのまま片手で星を描くように指を弾く。

笑顔いっぱいで軽く一回転。

6.0〜8.0秒

右からのカメラ。

「もう止まれない！」と歌う。

胸の前で両手をクロス。

勢いよく大きく開く。

リズムに合わせて一歩前へ踏み出す。"
renoise-2074844127477612587,"Studio Ghibli-inspired anime style, cinematic lighting, dynamic motion blur…",,漫剧,特效向,奇幻冒险,2D日漫,en,Seedance 2.0,,,renoise-ai/awesome-seedance-prompts,https://github.com/renoise-ai/awesome-seedance-prompts/blob/904b6caffa21c2b114bb93e1bd0e37ba80b3dd10/data/prompts/2074844127477612587.json,CC-BY-4.0,Kiki,https://x.com/Mayz1169/status/2074844127477612587,True,"prompts/漫剧/特效向/奇幻冒险/renoise-2074844127477612587--Studio-Ghibli-inspired-anime-style,-cine.md","Studio Ghibli-inspired anime style, cinematic lighting, dynamic motion blur, particle effects (cherry blossoms and forest leaves), high frame rate action, Japanese fantasy setting, ultra detailed character design, 4K, smooth camera motion, epic orchestral score building tension to release

CHARACTER A: Sakura Voyager — young girl with long brown hair, red bow, red-and-teal floral kimono, riding a large fluffy white cat with a bell collar and beaded tassel harness

CHARACTER B: Shiranui — young girl with long black hair, white-and-green forest robes with red cord accents, riding a white wolf with red facial markings and a bell-and-tassel harness

---

[00:00–00:02] THE STANDOFF
Two young girls face each other on a stone bridge at the edge of an ancient forest at golden hour. Character A sits confidently atop her white cat on the left; Character B crouches low and tense atop her white wolf on the right, ears back, ready to spring. Wind stirs cherry blossoms and forest leaves in the space between them. Camera slowly pushes in from a low angle. A beat of tense silence before the burst.

[00:02–00:05] THE LAUNCH
Both mounts explode forward in opposite motion-blur streaks at the exact same instant. The white cat leaps with swirling wind-trail effects around its paws; the white wolf digs its claws into the ground, kicking up dirt and grass. Fast tracking shot from the side, slight camera shake to sell the speed, cherry blossoms and leaves scatter violently in their wake.

[00:05–00:09] THE CHASE
Side-by-side pursuit through a torii gate path transitioning into dense bamboo forest. Character A leans forward, ribbons and hair streaming behind her, bell jingling with every stride. Character B crouches low gripping the wolf's fur, eyes fierce and focused. Quick cross-cutting between each rider's point-of-view every second — trees blur past, wind roars, the wolf snarls with exertion. Rhythmic editing builds intensity.

[00:09–00:12] THE OBSTACLE
A narrow gap between two moss-covered boulders and a fallen torii beam appears ahead. Both racers reach it simultaneously — the cat leaps gracefully into the air over the gap, wind curling beneath its paws as if flying; the wolf ducks low and slides underneath at full speed, sparks and dust flying from its claws. Camera whips into a fast 180-degree orbit around the obstacle, capturing both actions in one continuous sweep.

[00:12–00:15] THE FINISH
Both racers burst out of the forest into an open sunlit clearing at the exact same moment, neck and neck, petals and leaves swirling together in the air around them. Camera freezes into a dramatic hero-shot composition as both girls glance at each other and break into a laugh, their mounts rearing slightly in triumph. Soft golden light flare. Elegant title text fades in: ""WIND vs WILD"". Slow-motion finish, music resolves on a final cymbal swell and a single clear bell chime.

---

AUDIO CUES:
0:00–0:02 — ambient wind, low string tension
0:02 — sudden percussive hit, race begins
0:05–0:12 — driving percussion and strings, tempo increasing
0:12 — music cuts sharply
0:13–0:15 — soft resolving chord, bell chime, wolf howl tail-off

COLOR CODING:
Character A (cat): warm reds, sakura pink, deep teal accents
Character B (wolf): cool grays, olive green, muted white
Use consistent color grading per character across cross-cut shots so viewers can instantly track who's who."
renoise-2074847542094053484,Strict character consistency throughout.,,漫剧,特效向,奇幻冒险,2D日漫,en,Seedance 2.0,link-only,copyrighted-character,renoise-ai/awesome-seedance-prompts,https://github.com/renoise-ai/awesome-seedance-prompts/blob/904b6caffa21c2b114bb93e1bd0e37ba80b3dd10/data/prompts/2074847542094053484.json,CC-BY-4.0,Kiki,https://x.com/Mayz1169/status/2074847542094053484,True,prompts/漫剧/特效向/奇幻冒险/renoise-2074847542094053484--Strict-character-consistency-throughout.md,
renoise-2074849263041847481,"A 10-second origami paper-craft animation. White studio background, clean and…",,漫剧,现实向,剧情短片,3D卡通,en,Seedance 2.0,,,renoise-ai/awesome-seedance-prompts,https://github.com/renoise-ai/awesome-seedance-prompts/blob/904b6caffa21c2b114bb93e1bd0e37ba80b3dd10/data/prompts/2074849263041847481.json,CC-BY-4.0,TechieSA,https://x.com/TechieBySA/status/2074849263041847481,True,prompts/漫剧/现实向/剧情短片/renoise-2074849263041847481--A-10-second-origami-paper-craft-animatio.md,"A 10-second origami paper-craft animation. White studio background, clean and bright. Every element is hand-folded paper with visible creases and tactile depth. All pieces slide, fold, or glide into place — nothing appears suddenly. Warm overhead studio lighting.

0:00–1:5s — Bright white background. A single fold line creases slowly outward from center — the first fold of the football pitch.

1:5–3:00s — A vivid green paper pitch unfolds panel by panel from center outward, filling the frame. Bright white paper strip lines fold into position on top — sidelines, center line, center circle, penalty boxes, goal areas. Two small white paper goals fold up at each end.

3:00–4:5s — Stadium tiers fold up from all four edges like a pop-up book — white accordion-folded bleacher rows rising symmetrically. Tiny folded paper fans pack the stands — sky blue and white on the left side, red and white on the right side, arms raised.

4:5–5:5s — Miniature folded paper Argentina flags and Egypt flags rise up from the stands on each side, waving slightly as they unfold. A folded paper FIFA World Cup 2026 banner drops down from the top center.

5:5–7:00s — Three origami Argentina players fold into existence on the left half of the pitch, each unfolding from a flat crease and standing upright. Sharp angular origami bodies, sky blue and white vertical striped shirts, dark shorts, white socks.

7:00–8:00s — Three origami Egypt players fold in from the right side. Solid red shirts, white shorts. They settle facing the Argentina players across the center line.

8:00–9:00s — A folded paper football drops from above and lands on the center spot. A folded paper scoreboard slides down from the top right corner: ARG 3 — 2 EGY in bold clean lettering.

9:00–10:00s — Camera slowly pulls back to reveal the full stadium scene. Flags waving, fans in stands, players on pitch, scoreboard visible. Hold on final wide composition.

Style: origami pop-up book aesthetic, white studio setting, bright and clean, warm overhead lighting, visible fold creases on every surface, soft inter-layer shadows. No digital gloss. Color palette: white studio, bright green (#2D8A3E) pitch, white lines, sky blue (#74ACDF) and white for Argentina, red (#CE1126) and white for Egypt, gold (#C9A84C) accents on the World Cup banner and trophy."
renoise-2074853797655105855,低角度のドッキング・プッシュで、麦わら帽子をかぶった黒い水着の女性が、両手を腰に当てて正面を向いて立ち、わずかに首を傾げる。背景の壁が崩れ落ちる様子がタイムラプ…,,真人,现实向,时尚写真,,ja,Seedance 2.0,,,renoise-ai/awesome-seedance-prompts,https://github.com/renoise-ai/awesome-seedance-prompts/blob/904b6caffa21c2b114bb93e1bd0e37ba80b3dd10/data/prompts/2074853797655105855.json,CC-BY-4.0,CHAO2U AI,https://x.com/CHAO2U_AI/status/2074853797655105855,True,prompts/真人/现实向/时尚写真/renoise-2074853797655105855--低角度のドッキング・プッシュで-麦わら帽子をかぶった黒い水着の女性が-両手を腰に.md,低角度のドッキング・プッシュで、麦わら帽子をかぶった黒い水着の女性が、両手を腰に当てて正面を向いて立ち、わずかに首を傾げる。背景の壁が崩れ落ちる様子がタイムラプスで映る。日差しが強くなり、彼女の体に影が走り、光の帯が画面内を横切る。コントラストの強いレトロなフィルムノイズと、光の粒が浮かぶビンテージ感。完全なリアル写真の質感と微細な肌のテクスチャを再現。
renoise-2074854069156397309,Cinematic 8-second video of a muscular professional boxer in black sleeveless…,,真人,现实向,剧情短片,,en,Seedance 2.0,,,renoise-ai/awesome-seedance-prompts,https://github.com/renoise-ai/awesome-seedance-prompts/blob/904b6caffa21c2b114bb93e1bd0e37ba80b3dd10/data/prompts/2074854069156397309.json,CC-BY-4.0,FATHELA ESQ,https://x.com/AmControo/status/2074854069156397309,True,prompts/真人/现实向/剧情短片/renoise-2074854069156397309--Cinematic-8-second-video-of-a-muscular-p.md,"Cinematic 8-second video of a muscular professional boxer in black sleeveless shirt, black shorts with white stripes and black boxing gloves, training on a heavy punching bag, in a dark industrial boxing gym, moody lighting, dark background, out of focus."
renoise-2074856837166608446,[STYLE],,漫剧,特效向,特效综合,3D卡通,en,Seedance 2.0,,,renoise-ai/awesome-seedance-prompts,https://github.com/renoise-ai/awesome-seedance-prompts/blob/904b6caffa21c2b114bb93e1bd0e37ba80b3dd10/data/prompts/2074856837166608446.json,CC-BY-4.0,Amira Zairi,https://x.com/azed_ai/status/2074856837166608446,True,prompts/漫剧/特效向/特效综合/renoise-2074856837166608446--STYLE.md,"[STYLE]
Stylized 3D animation, Pixar-meets-horror render quality (think the polish of a feature film with a darker palette). Subsurface-scattering skin, soft global illumination, physically based materials. Lighting: single red safelight as the key, deep red-to-black falloff, volumetric red haze. Color palette: blood red, warm amber rim light, ink-black shadows. Quality: clean high-fidelity render, ray-traced reflections in the developer trays, fine grain overlay for mood. Mood: creeping realization, uncanny stillness. Pacing: methodical build, gut-drop ending. Aspect ratio 2.39:1.
[CONSTRAINTS]
Change camera angle every cut. Keep the man's character model and the darkroom identical across all shots — the only change is the figure inside each developing photo growing nearer. Animation must stay readable: clear silhouettes, weighted movement, no floaty motion. Same shirt, glasses, room, and prop placement throughout. No dialogue; breath and darkroom SFX only; no music until the sting. No text/logos/watermarks.
[CHARACTERS / SUBJECT]
Man, 40s, stylized-realistic proportions (slightly heightened features, believable build). Round glasses, rolled-up shirt sleeves, tired posture. Materials: soft fabric shader on the shirt, subsurface skin, light stubble. Personality: rational, skeptical, slowly unraveling. Movement style: deliberate and grounded early, hands growing shaky as dread builds. Emotional state: calm curiosity sliding into horror, shown through facial rig — brow, eyes, jaw.
[SETTING]
Basement darkroom, night. Red safelight bulb, a wire line of hanging prints, enamel developing trays with rippling liquid, glass chemical bottles catching red highlights. Background: a black open doorway behind him, held just out of focus. Environmental detail: floating dust in the safelight beam, faint condensation, worn concrete floor.
[SCENE]
Beginning: he develops a roll of old family film. Main action: a figure appears in the background of each print. Turn: with every new photo, the figure is closer to his family. Ending: the final print shows it standing directly behind them — meaning directly behind him — and he hears it breathe.
[CUTS]
cut1: Macro close-up, image surfacing in developer fluid, ripples distorting the red reflection. SFX: liquid swish, safelight hum.
cut2: Over-the-shoulder, he lifts the dripping print: family on a sunny lawn, a tiny dark figure far back in the trees. SFX: fluid drips, soft breath.
cut3: Wide low-angle of him pinning prints to the line, unaware, the dark doorway looming behind. SFX: clothespin snap, room tone.
cut4: Insert macro on the second print — the figure now mid-lawn, clearly closer, features still hidden. SFX: a single heartbeat enters.
cut5: Tight on his face in red light, glasses catching the glow, brow tightening. SFX: ambience thins toward silence.
cut6: Top-down on the final print developing in the tray — the figure standing right behind the family group. SFX: a slow exhale that isn't his.
cut7: Whip to a low push-in as he turns; the safelight sways and the doorway is empty, but a dark shape smears across the frame edge. VFX/SFX: string sting, safelight flicker, one motion-blur pass.
[SOUND DIRECTION]
Safelight electrical hum, liquid swish, and drips run throughout. A single heartbeat builds from cut4. One breath cue at cut6, one orchestral sting at cut7. No continuous music.
[VFX]
Volumetric red light bloom, drifting chemical haze in the beam, ray-traced ripple reflections in the tray, a single motion-blur pass on the closing shape. Keep it controlled — nothing flashy.
[NEGATIVE GUIDANCE]
No text on screen, no logos, no watermark, no dead-eyed or melted faces, no broken rig or anatomy, no floaty weightless motion, no style mismatch between shots, no inconsistent character model or room, no plastic-looking skin, no figure that reads differently between photos, no unreadable camera, no modern tech."
renoise-2074865213233610806,"Vertical 9:16 K-pop dance video,",,真人,现实向,音乐MV,,ja,Seedance 2.0,,,renoise-ai/awesome-seedance-prompts,https://github.com/renoise-ai/awesome-seedance-prompts/blob/904b6caffa21c2b114bb93e1bd0e37ba80b3dd10/data/prompts/2074865213233610806.json,CC-BY-4.0,HIKARI✨,https://x.com/foxyy4i/status/2074865213233610806,True,"prompts/真人/现实向/音乐MV/renoise-2074865213233610806--Vertical-9-16-K-pop-dance-video,.md","Vertical 9:16 K-pop dance video,

The dancer faces camera and performs sharp cute K-pop choreography: small rhythmic knee bounces, step-touch footwork, hips shifting side to side, palms low and open, wrists flick outward, shoulders roll, arms sweep from waist to chest, quick hand accents near the face, point to camera, body wave, then return to center pose.

Facial expression is important: start with a cool confident gaze, slight pout, relaxed lips. On the beat, switch to playful smirk, quick eyebrow lift, direct eye contact with the camera. During hand-to-face accents, make a teasing wink or soft half-smile. On the chorus hits, open the mouth slightly as if mouthing the lyric, then finish with a sharp charming smile and confident idol stare. Keep expressions natural, cute, flirty, and synchronized with the choreography.

Stable camera with slight push-in, clean realistic motion, smooth full-body dance, natural hands and legs, realistic anatomy."
renoise-2074876975458750903,Create a 15-second cinematic luxury travel advertisement set in Paris.,,其他,,广告带货,,en,Seedance 2.0,,,renoise-ai/awesome-seedance-prompts,https://github.com/renoise-ai/awesome-seedance-prompts/blob/904b6caffa21c2b114bb93e1bd0e37ba80b3dd10/data/prompts/2074876975458750903.json,CC-BY-4.0,Jack,https://x.com/j_smeaton99/status/2074876975458750903,True,prompts/其他/广告带货/renoise-2074876975458750903--Create-a-15-second-cinematic-luxury-trav.md,"Create a 15-second cinematic luxury travel advertisement set in Paris.

A young traveler arrives in Paris during golden hour. Elegant cinematic shots of historic Parisian architecture, charming cafés, flower-filled balconies, cobblestone streets, and the Eiffel Tower in the distance.

The traveler walks through lively streets, enjoys coffee at a sidewalk café, explores the Seine riverfront, and admires panoramic views across the city. Natural movements, authentic travel moments, realistic interactions, and genuine expressions.

Golden sunset light washes over Paris rooftops and landmarks. Warm reflections illuminate the city as the traveler discovers hidden corners and iconic locations.

The final scene reveals Paris at blue hour with city lights glowing and the Eiffel Tower sparkling against the evening sky. A breathtaking aerial shot rises above the illuminated cityscape.

Style: premium tourism commercial, photorealistic, cinematic storytelling, luxury travel campaign, natural human motion, realistic environments, professional color grading, subtle film texture.

Camera: drone aerials, tracking shots, wide establishing shots, cinematic close-ups, smooth transitions.

Lighting: golden hour, sunset glow, blue-hour ambience.

Mood: inspiring, elegant, adventurous, romantic.

Duration: 15 seconds.
Aspect Ratio: 16:9.
4K quality.
No dialogue. No narration. No subtitles. No text overlays."
renoise-2074883657878151602,"Turn this reference image into a video with the same action rhythm, camera…",,漫剧,特效向,奇幻冒险,3D卡通,en,Seedance 2.0,,,renoise-ai/awesome-seedance-prompts,https://github.com/renoise-ai/awesome-seedance-prompts/blob/904b6caffa21c2b114bb93e1bd0e37ba80b3dd10/data/prompts/2074883657878151602.json,CC-BY-4.0,insMind,https://x.com/insmind_com/status/2074883657878151602,True,prompts/漫剧/特效向/奇幻冒险/renoise-2074883657878151602--Turn-this-reference-image-into-a-video-w.md,"Turn this reference image into a video with the same action rhythm, camera movement, and interaction pattern as the reference video.

The reference image is the only source for the subjects, character design, pet gear, materials, world setting, color palette, and first-frame composition. The reference video is only used to extract the action order, spatial relationship, camera distance, and pacing between the puppy, kitten, and colorful ball. Do not inherit the reference video's live-action look, ordinary grass texture, original animal appearance, or real backyard setting.

Keep the entire video in an original industrial-fantasy animal-city academy courtyard with a painterly 3D animated film quality: visible hand-painted brush texture, sculptural character forms, teal-blue shadows and amber-gold light, brass training equipment, metal railings, a domed pavilion, distant city towers, colorful training cones, and small glowing pendants. Every frame must feel like the same high-quality animated feature. Do not drift back into live-action footage.

The golden puppy and orange kitten must remain natural four-legged animals. They must not become anthropomorphic, stand upright, or turn into humanoid characters. They are original animal-city academy messenger trainees wearing body-fitted leather pet harnesses, small brass tags, soft shoulder straps, small pouches, and blue crystal pendants. All equipment must read as pet gear, not human uniforms. Keep the colorful ball as the central interaction object between them.

The background must stay in the industrial-fantasy academy courtyard from the reference image: sunny grass, brass training devices, teal-green metal, golden railings, and animal-city architecture. Do not turn it back into an ordinary backyard. Do not add chairs, real brands, text, logos, watermarks, or unrelated characters.

Motion requirements: Preserve the main action beats, relative positions, and camera rhythm of the puppy and kitten interacting around the colorful ball from the reference video. Slight tracking movement and natural pet motion are allowed, but the character proportions, pet gear, background, and painterly 3D quality must stay stable.

Forbidden: live-action realism, fading style, returning to the original video appearance, ordinary backyard, anthropomorphic standing animals, copying existing IP characters, text, logos, watermarks, extra animals, swapping the cat and dog identities, random furniture.

Must generate a new Seedance output video. Do not return the input reference video or any old reference asset as-is. The reference image locks not only the first frame, but also the full-video animation logic. Character materials, accessories, world setting, color, brushwork, and 3D quality must remain stable from second 1 to second 10. The reference video is only for action, camera rhythm, pacing, and spatial relationship. Do not inherit the live-action look. Do not make a 5-second clip; the target is a complete 10-second video."
renoise-2074894678105665956,Use the same Cissia character throughout.,,漫剧,特效向,奇幻冒险,2D日漫,en,Seedance 2.0,,,renoise-ai/awesome-seedance-prompts,https://github.com/renoise-ai/awesome-seedance-prompts/blob/904b6caffa21c2b114bb93e1bd0e37ba80b3dd10/data/prompts/2074894678105665956.json,CC-BY-4.0,Zephyra Leigh,https://x.com/ZephyraLeigh/status/2074894678105665956,True,prompts/漫剧/特效向/奇幻冒险/renoise-2074894678105665956--Use-the-same-Cissia-character-throughout.md,"Use the same Cissia character throughout.

Cissia discovers an adorable baby dragon sleeping on a rock. She gently feeds it a bright red chili pepper. The dragon sneezes a tiny spark that instantly becomes a spectacular firework explosion filling the entire sky. Cissia's eyes sparkle with amazement before the dragon proudly wags its tail, expecting another pepper. Fast-paced anime comedy, beautiful lighting, detailed effects, expressive facial animation, cinematic framing."
renoise-2074896319899107767,A dark fantasy transformation scene unfolds inside a ritual chamber filled with…,,真人,特效向,奇幻怪兽,,en,Seedance 2.0,link-only,copyrighted-character,renoise-ai/awesome-seedance-prompts,https://github.com/renoise-ai/awesome-seedance-prompts/blob/904b6caffa21c2b114bb93e1bd0e37ba80b3dd10/data/prompts/2074896319899107767.json,CC-BY-4.0,Kent Dhani,https://x.com/kentdhani/status/2074896319899107767,True,prompts/真人/特效向/奇幻怪兽/renoise-2074896319899107767--A-dark-fantasy-transformation-scene-unfo.md,
renoise-2074921968999022775,SCENE CONTEXT,,真人,特效向,动作大片,,en,Seedance 2.0,,,renoise-ai/awesome-seedance-prompts,https://github.com/renoise-ai/awesome-seedance-prompts/blob/904b6caffa21c2b114bb93e1bd0e37ba80b3dd10/data/prompts/2074921968999022775.json,CC-BY-4.0,Hero Syndicate,https://x.com/KimAkiyama81/status/2074921968999022775,True,prompts/真人/特效向/动作大片/renoise-2074921968999022775--SCENE-CONTEXT.md,"SCENE CONTEXT
Night rooftop execution scene in a dense neon cyberpunk city, 2044. Three characters: a man in a long black trenchcoat lying wounded on his back on the rooftop deck; a man in a charcoal suit and tie standing over him with a pistol; and Rogue Viper, who ends the standoff. A police-style helicopter hovers beyond the far rooftop edge. 12 seconds, 16:9.

ACTIVE REFERENCES
@Video1 — framing reference only: replicate @Video1 's shot framing, camera angles, camera height, blocking, and cut timing exactly, shot for shot. Surface appearance, characters, and environment come from this text and 📷@Image1 .
📷@Image1 — Rogue Viper, appears in CUT 5 and CUT 6 only: East Asian woman, raven-black hair, amber-hazel eyes, matte black leather tactical bodysuit with brushed satin gold seam piping, mandarin collar, articulated shoulder armor, gold cobra-head belt buckle centered at her waist, knee-high black boots with gold Y-detailing, black katana in a black scabbard strapped diagonally across her back, gold-fitted handle rising over her right shoulder. 100% matches the reference. She fires a matte black 9mm pistol with a bare, unthreaded muzzle. Voice: low, level, unhurried.

CHARACTER ANCHORS (no image reference)
TRENCHCOAT MAN: male, 30s, long black leather trenchcoat over dark clothing, short dark hair, lying flat on his back, chest rising with strained breath, arms at his sides.
SUIT MAN: male, 40s, slim charcoal grey two-piece suit, white shirt, dark narrow tie, short combed hair, hard expressionless face. Holds a matte black semi-automatic pistol two-handed. Voice: flat, clipped, contemptuous.

LOCATION MAP
Foreground: weathered concrete rooftop deck, puddles, rooftop gravel, low vent housings. Midground: rooftop parapet edge, steam rising from a vent stack at 30% density. Background: helicopter hovering 40 meters beyond the parapet at rooftop height, rotors turning, red and white navigation lights blinking; behind it a dense high-rise skyline with cyan and magenta signage glowing through haze visible at 200 meters depth. Key light comes from the cool skyline glow above and behind the characters; puddles reflect the neon.

FORMAT MODE
Timed multishot, six shots, hard cuts at the stated seconds, cuts only at the specified points, the camera does not cut on its own. Framing of every shot matches @Video1 .

OPTICS
CUT 1: 29° top-down MCU, no drift mid-segment. CUT 2: 47° low angle, no drift mid-segment. CUT 3: 29° CU, no drift mid-segment. CUT 4: 29° profile CU, no drift mid-segment. CUT 5: 47° MCU with deep foreground, no drift mid-segment. CUT 6: 63° wide, no drift mid-segment. Anamorphic optical character throughout: oval bokeh, gentle horizontal squeeze in out-of-focus areas.

CAMERA
Camera behavior matches @Video1 per shot: locked-off or near-static operator, breathing at most 1 cm of drift. Camera sits on the shadow side of each subject, operator axis perpendicular to the subject's facing direction. Focus is single-plane per shot, racked once only where stated.

ACTION
0.0s to 3.3s — CUT 1. Top-down MCU of TRENCHCOAT MAN flat on his back on the wet rooftop deck, framed head and shoulders, face angled up toward camera, breathing hard, jaw clenched, one hand pressing the deck as he tries to rise 5 cm and fails.
3.3s HARD CUT
3.3s to 5.0s — CUT 2. Low-angle shot from near deck level: SUIT MAN looms against the hazy night sky, both arms locked out, his pistol muzzle aimed directly into the lens, dead center frame, finger moving onto the trigger. Steam drifts through the top of frame.
5.0s HARD CUT
5.0s to 6.5s — CUT 3. CU of SUIT MAN from chest height, angled slightly down his arms: he aims the pistol down and off the bottom of frame toward the man on the ground, eyes fixed downward, unblinking. He speaks down at him, lips synced: ""You were dead the moment you ran.""
6.5s HARD CUT
6.5s to 7.5s — CUT 4. Profile CU of SUIT MAN facing screen left. From frame right, a black-gloved hand slides a matte black 9mm pistol into frame and presses its bare muzzle against his right temple. His eyes widen 2 mm, his aim freezes, he stops breathing mid-inhale.
7.5s HARD CUT
7.5s to 8.7s — CUT 5. MCU of 📷@Image1 Rogue Viper facing screen left, right arm fully extended along the left half of frame, her pistol large in the left third of frame in sharp foreground, her face in focus behind it, amber-hazel eyes level and calm, katana handle rising over her right shoulder, mandarin collar and articulated shoulder armor visible. She speaks without raising her voice, lips synced: ""Surprise.""
8.7s HARD CUT
8.7s to 12.0s — CUT 6, entire shot in uniform slow motion at one quarter speed. Wide shot: TRENCHCOAT MAN supine at center-low, SUIT MAN standing over him one step screen right, 📷@Image1 Rogue Viper standing three meters screen left with her right arm extended, muzzle at his temple, sheathed katana across her back. She pulls the trigger once: a small contained muzzle flash 15 cm long, her wrist absorbs 3 cm of recoil, one shell casing arcs slowly to the deck. SUIT MAN's head snaps 10 cm away from the muzzle and his whole body tips backward rigid, arms going slack, falling away from her; he is still falling as the shot ends. Helicopter holds its hover in the background throughout. Viper's arm stays extended, stance planted.

PERFORMANCE
Pore-level skin realism, natural facial asymmetry, subsurface scattering on skin, living eyes with single catch-lights from the skyline glow, visible cold breath on all three characters. Dialogue delivered with minimal facial movement: SUIT MAN's line through a tight jaw, Viper's line almost a murmur, eyes never leaving him. Viper's expression is restraint: stillness, steady eye-line on the suit man, no blink through CUT 5.

PHYSICS
Wet-deck reflections move with the steam. Trenchcoat fabric lies heavy and creased under the fallen man. The katana and scabbard stay rigid against Viper's back, shifting only 1 cm with her recoil. In CUT 6 the falling body keeps rigid mass and inertia, heels pivoting as the torso goes past balance; the shell casing obeys gravity in slow motion; steam drifts at walking pace.

LIGHTING
Low-key. Key: cool ambient skyline glow from above and behind, skimming edges of shoulders and hair. Fill: minimal, faces held one stop under, crushed blacks with retained midtones. Practical accents: cyan and magenta signage glow rimming the parapet, red helicopter navigation light blinking in background. White balance 8500K, fixed for all six shots.

COLOR GRADE
Steel blue-grey palette, desaturated, crushed blacks, retained midtones. Neon signage reads as muted cyan and magenta accents within the cool grade, never saturated. Gold elements on Viper's suit and katana fittings catch the ambient glow as dull brushed satin highlights.

AUDIO
Diegetic only: distant helicopter rotor wash constant under every shot, wind over the rooftop. Dialogue: SUIT MAN at 5.5s, flat and contemptuous: ""You were dead the moment you ran."" Rogue Viper at 8.0s, low and level: ""Surprise."" One sharp unsuppressed gunshot at 9.0s with a short rooftop echo, followed by the slowed shell casing ring in CUT 6. No music.

STYLE
Photorealistic live-action, 35mm anamorphic character, fine cinematic film grain, clean frame with no on-screen text and no lens flares.

OUTPUT SETTINGS
12 seconds, 16:9. CUTS 1–5 real-time speed; CUT 6 uniform quarter-speed slow motion start to finish.

POSITIVE LOCKS
Framing, angles, and cut timing match @Video1 in every shot. Character count is locked: exactly three humans, one helicopter. Same rooftop, same night, same weather in all six shots. SUIT MAN wears the same charcoal suit and holds the same matte black pistol in CUTS 2, 3, 4, 6. Viper's pistol has a bare muzzle in CUTS 4, 5, 6. Her katana stays sheathed in its scabbard on her back in CUTS 5 and 6, handle over her right shoulder. Viper's raven-black hair, amber-hazel eyes, and gold-piped black bodysuit stay identical between CUT 5 and CUT 6, and her gold cobra-head belt buckle is visible and unobscured in CUT 6. Both dialogue lines are lip-synced to the speaking"
renoise-2074935465489150038,This is handheld documentary footage recorded on an early-2000s consumer DV…,,真人,现实向,生活与vlog,,en,Seedance 2.0,,,renoise-ai/awesome-seedance-prompts,https://github.com/renoise-ai/awesome-seedance-prompts/blob/904b6caffa21c2b114bb93e1bd0e37ba80b3dd10/data/prompts/2074935465489150038.json,CC-BY-4.0,TechHalla,https://x.com/techhalla/status/2074935465489150038,True,prompts/真人/现实向/生活与vlog/renoise-2074935465489150038--This-is-handheld-documentary-footage-rec.md,"This is handheld documentary footage recorded on an early-2000s consumer DV camcorder by someone standing on the deck of one of Columbus’s ships as they approach land. The footage feels like real, imperfect home video of a historic arrival.

The recording shows the view from the deck of a wooden sailing ship. In the distance, a low coastline with trees becomes visible. Several sailors are gathered at the rail, pointing and talking excitedly. One man (Columbus) stands slightly apart, holding a document and looking toward land with a serious expression. The sea is relatively calm but the ship is moving with the waves.

The camera moves with the motion of the ship, rising and falling with the waves. It captures the sailors’ reactions, the approaching land, and the activity on deck as orders are shouted. The framing is often unstable because of the movement of the ship and the people.

The handheld camera shows constant rocking motion from the sea, heavy shake, drifting framing, autofocus struggling with the bright horizon and moving subjects, lens breathing, salt spray occasionally hitting the lens, and typical DV camcorder imperfections. The person filming is clearly standing on the moving deck.

Natural sound only: waves against the hull, wind in the sails and rigging, creaking wood, distant voices of the crew shouting, and the sound of the sea. No music.

The result must feel like real footage filmed by someone on one of Columbus’s ships during the first sighting of land in the Americas, captured on an old DV camcorder."
renoise-2074937842510496135,A 15-second vertical-format lighthearted comedy short film set by the sea. It…,,真人,现实向,喜剧整活,,zh,Seedance 2.0,,,renoise-ai/awesome-seedance-prompts,https://github.com/renoise-ai/awesome-seedance-prompts/blob/904b6caffa21c2b114bb93e1bd0e37ba80b3dd10/data/prompts/2074937842510496135.json,CC-BY-4.0,Loriel.AI,https://x.com/ou_zhen599/status/2074937842510496135,True,prompts/真人/现实向/喜剧整活/renoise-2074937842510496135--A-15-second-vertical-format-lighthearted.md,"A 15-second vertical-format lighthearted comedy short film set by the sea. It takes place at dusk by the ocean—the sky is clear, but a distinct sea breeze blows. At the junction of the wooden boardwalk and the sandy beach, the distant waves, low-lying rocks, and a few seagulls are visible, while footprints and small seashells dot the sand. A golden sunset shines from the side-rear of the frame, casting a soft glow on the water’s surface. Authentic, candid smartphone footage aesthetic: slight handheld shake, natural composition, occasional minor refocusing, with a strong sense of everyday life documentation. Avoid cinematic or photo-essay styles; avoid a polished, advertising-like look; no subtitles or text overlays.

Main Character: Adult female, early 20s, with natural, light makeup and healthy, authentic skin tone. Black, medium-length, slightly wavy hair falls naturally, with ends reaching just below the shoulders. Fixed Outfit: A bright yellow, short floral print dress with vibrant small red, white, and green flower patterns; short sleeves; a square neckline; skirt length to mid-thigh; made of lightweight cotton-linen blend; off-white flat sandals; a light brown straw crossbody bag; delicate gold earrings; holding a pair of white, narrow-framed sunglasses. Maintain the same face, hairstyle, outfit, and accessories throughout; Do not change into a swimsuit, a long dress, a white dress, or a red dress.

Core Event: She asks a friend to help film a natural, attractive video of her strolling along the beach, but the sea breeze keeps stealing the spotlight: first blowing her hair into her face, then ruffling the hem of her skirt, and finally blowing her hair onto the corner of her mouth. She goes from trying hard to stay elegant to unable to hold back her laughter. The comedic effect comes from the small, awkward moments of real life, without exaggerated acting.

00:00–00:02
The shot begins at the edge of the wooden boardwalk railing. The protagonist stands at the water’s edge, looking down to adjust the side of her bright yellow floral mini-dress and her light brown woven crossbody bag. The sea breeze gently ruffles her black, slightly wavy hair and the red, white, and green floral pattern on her dress. She looks up at the camera, revealing a hint of anticipation as if to say, “Are you ready?” The shot remains from just above her chest to near her knees, avoiding a low-angle仰拍.
00:02-00:04
She sits sideways on the beach near the wooden boardwalk, facing the ocean, with her hands resting naturally beside her knees, as if adopting a relaxed pose to gaze at the sea. She purses her lips slightly, striving to keep her expression natural, her gaze fixed on the distant ocean. Her sitting posture is steady, and the hem of her dress falls naturally.
00:04–00:06
Close-up of her face. A sea breeze blows, causing a few strands of black hair to brush against the corner of her eye and the corner of her mouth on one side. She squints, trying to hold onto her smile, but it’s clearly slipping away. She gently brushes the strands aside with the tip of her right finger. Her hair covers only one side of her face, not the entire face.
00:06–00:08
Mid-shot from chest to knees. The wind continues to ruffle the hem of her skirt. She glances down, naturally pressing her left hand against the side of her skirt while her right hand holds the strap of her straw bag. Her movements are graceful and natural—neither exaggerated nor revealing. She takes a gentle breath, as if holding back a laugh. The skirt’s hem flutters only at the edges; it does not ride up, and the camera does not get too close to her legs.
00:08–00:10
Close-up of her upper body. Her friend is still taking photos, and she tries to get back into the mood, picking up a pair of white, narrow-framed sunglasses to strike a relaxed pose. Just as she raises her hand, the wind blows a few strands of hair onto the corner of her mouth again. She pauses, looks at the camera, and her expression seems to say, “Here we go again?” She simply holds the sunglasses in her hand without putting them on.
00:10–00:12
Close-up of her face. She looks down and smiles briefly, giving up on pretending to be natural. The setting sun hits the tip of her nose and her cheeks; her eyes narrow slightly, and the forced smile at the corners of her mouth turns into a genuine one. The sea breeze continues to ruffle the strands of hair by her ears, but her features remain clearly visible.
00:12–00:15
Mid-shot from a friend’s perspective; the camera pulls back slightly. She stands up, sweeping her hair to one side with her right hand while holding a straw bag in her left; the white sunglasses are still in her hand. She takes two small steps toward the beach, then turns back to smile at the camera. Her bright yellow floral dress and the strap of her straw bag flutter gently in the breeze; the waves and seagulls in the distance serve only as a backdrop, and the scene ends naturally.

Action Guidelines: Only one core action per segment; the sea breeze is the sole physical force, affecting only her hair, the hem of her skirt, and the bag strap; the short skirt should appear healthy and appropriate—no low angles,仰拍, or slow-motion close-ups of her legs; the protagonist takes only two small steps—no running, no approaching the water’s edge, and no water touching her feet; seagulls and waves serve only as distant background elements, with no interaction.

Audio: Authentic seaside ambient sounds. The sound of waves, faint wind noise from the sea breeze, distant seagulls, the soft sound of sandals on sand, the rustling of the straw bag’s straps, her soft laughter, and a friend laughing very quietly off-camera. No music, no narration, no subtitles.

Guidelines: Authenticity and believability take precedence over visual appeal; no swimwear; no sensual poses; no strong winds blowing up her skirt; no excessive beauty filters; no brand logos, garbled text, deformed fingers, face swaps, glasses that don’t fit properly, floating props, or passersby stealing the spotlight."
renoise-2074940068809027637,Use the uploaded image as the exact starting frame. A high-end cinematic…,,真人,现实向,剧情短片,,en,Seedance 2.0,,,renoise-ai/awesome-seedance-prompts,https://github.com/renoise-ai/awesome-seedance-prompts/blob/904b6caffa21c2b114bb93e1bd0e37ba80b3dd10/data/prompts/2074940068809027637.json,CC-BY-4.0,LudovicCreator,https://x.com/LudovicCreator/status/2074940068809027637,True,prompts/真人/现实向/剧情短片/renoise-2074940068809027637--Use-the-uploaded-image-as-the-exact-star.md,"Use the uploaded image as the exact starting frame. A high-end cinematic motorcycle racing shot on a professional racetrack at golden hour. The black-and-red sportbike is already leaned extremely low into the corner, rider tucked aggressively in black racing leathers, knee close to the asphalt.

The camera stays low and close beside the motorcycle, tracking smoothly with the bike as it carves through the turn. The background stretches with strong horizontal motion blur while the bike remains sharp and powerful in frame. The front tire grips the asphalt, rubber slightly deforming under pressure, subtle heat shimmer rising from the track.

At the 2-second mark, the rider pushes harder into the apex. The bike leans even lower, footpeg nearly scraping the ground, tiny sparks flicking briefly from the metal. Dust and rubber particles kick up behind the rear tire. The engine sound rises aggressively.

As the bike reaches the apex, use a subtle velocity ramp: time slows for a brief moment, showing tire grip, vibrating suspension, spinning wheels, sunlight reflecting across the glossy fairings, and the rider’s body perfectly balanced inches above the track.

Then snap back to full speed. The rider accelerates out of the corner, the motorcycle gradually standing upright while the rear tire grips hard with a slight controlled power slide. The camera continues tracking alongside, then slightly drifts behind as the bike rockets forward down the next section of track.

Final frame: the motorcycle exits the corner at high speed, golden sunlight flaring across the lens, racetrack curbs streaking past, cinematic speed and realism.

Style: hyper-realistic motorsport cinematography, premium racing film look, natural golden-hour lighting, realistic motion blur, tire physics, suspension movement, asphalt detail, subtle lens flare, cinematic grain, 4K.

Avoid: changing the bike design, changing the rider outfit, unrealistic crash, cartoon physics, excessive sparks, extra vehicles, warped wheels, unstable geometry."
renoise-2075037975378075899,This is handheld documentary footage recorded on an early-2000s consumer DV…,,真人,现实向,生活与vlog,,en,Seedance 2.0,,,renoise-ai/awesome-seedance-prompts,https://github.com/renoise-ai/awesome-seedance-prompts/blob/904b6caffa21c2b114bb93e1bd0e37ba80b3dd10/data/prompts/2075037975378075899.json,CC-BY-4.0,TechHalla,https://x.com/techhalla/status/2075037975378075899,True,prompts/真人/现实向/生活与vlog/renoise-2075037975378075899--This-is-handheld-documentary-footage-rec.md,"This is handheld documentary footage recorded on an early-2000s consumer DV camcorder from the riverbank as Cleopatra arrives to meet Mark Antony. The footage feels like real, imperfect home video of a famous political encounter.

The recording shows the Nile River near Tarsus. A large, luxurious royal barge approaches slowly, covered in gold and purple fabrics, with musicians and attendants on board. Cleopatra is visible on a golden throne under a canopy. On the shore, Mark Antony and his Roman officers wait. The barge stops near the bank and Cleopatra steps forward to greet Antony as he boards.

The camera moves along the riverbank following the barge. It captures the moment Antony boards and the two leaders meet face to face. There are natural cuts between the approaching barge, the Roman delegation waiting, and closer views of Cleopatra and Antony during their first interaction. The movement feels like someone trying to get the best view from the crowd.

The handheld camera shows natural shake, drifting framing, autofocus issues with the bright water and movement, lens breathing, and reactive movement as the person filming adjusts position to see better.

Natural sound only: the sound of the river, music from the barge, voices of the attendants, and the crowd murmuring on the shore. No music added.

The result must feel like authentic, raw footage of someone present during the famous meeting between Cleopatra and Mark Antony on the Nile, captured on an old DV camcorder."
renoise-2075049893106962533,"A beautiful young Japanese woman, natural and effortless beauty, soft glowing…",,真人,现实向,时尚写真,,en,Seedance 2.0,link-only,copyrighted-character,renoise-ai/awesome-seedance-prompts,https://github.com/renoise-ai/awesome-seedance-prompts/blob/904b6caffa21c2b114bb93e1bd0e37ba80b3dd10/data/prompts/2075049893106962533.json,CC-BY-4.0,Cia0,https://x.com/Cia0_exe/status/2075049893106962533,True,"prompts/真人/现实向/时尚写真/renoise-2075049893106962533--A-beautiful-young-Japanese-woman,-natura.md",
renoise-2075051450934399435,A breathtakingly beautiful 20-year-old Indonesian woman with fair warm…,,真人,现实向,生活与vlog,,en,Seedance 2.0,link-only,hate,renoise-ai/awesome-seedance-prompts,https://github.com/renoise-ai/awesome-seedance-prompts/blob/904b6caffa21c2b114bb93e1bd0e37ba80b3dd10/data/prompts/2075051450934399435.json,CC-BY-4.0,Anissa,https://x.com/SimplyAnnisa/status/2075051450934399435,True,prompts/真人/现实向/生活与vlog/renoise-2075051450934399435--A-breathtakingly-beautiful-20-year-old-I.md,
renoise-2075060529111134680,参照画像をファーストフレームとして使用する。,,漫剧,现实向,剧情短片,2D日漫,ja,Seedance 2.0,link-only,copyrighted-character,renoise-ai/awesome-seedance-prompts,https://github.com/renoise-ai/awesome-seedance-prompts/blob/904b6caffa21c2b114bb93e1bd0e37ba80b3dd10/data/prompts/2075060529111134680.json,CC-BY-4.0,Eris Create Lab,https://x.com/Eris_Create_Lab/status/2075060529111134680,True,prompts/漫剧/现实向/剧情短片/renoise-2075060529111134680--参照画像をファーストフレームとして使用する.md,
renoise-2075069582151438352,Animate this OOTD poster into a team-to-team transition.,,真人,现实向,时尚写真,,en,Seedance 2.0,,,renoise-ai/awesome-seedance-prompts,https://github.com/renoise-ai/awesome-seedance-prompts/blob/904b6caffa21c2b114bb93e1bd0e37ba80b3dd10/data/prompts/2075069582151438352.json,CC-BY-4.0,Flowith,https://x.com/flowith/status/2075069582151438352,True,prompts/真人/现实向/时尚写真/renoise-2075069582151438352--Animate-this-OOTD-poster-into-a-team-to.md,"Animate this OOTD poster into a team-to-team transition.

The character performs a 2-second fan-style action, then rotates on a white studio turntable from front view to side view and transforms into the next team’s fan.

Keep the left panel, title, lines, boxes, text, and layout flat, front-facing, stable, and unchanged.

Only the product cutouts inside the grid rotate slightly in place and transform into the matching products for the next team.

No camera movement, no zoom, no layout jump, no text rotation, no border rotation, no frame crop change, no perspective distortion."
renoise-2075072810670821685,A high-fidelity 2.5D/3D special attack action cinematic in a JRPG game style…,,漫剧,特效向,奇幻冒险,3D卡通,en,Seedance 2.0,,,renoise-ai/awesome-seedance-prompts,https://github.com/renoise-ai/awesome-seedance-prompts/blob/904b6caffa21c2b114bb93e1bd0e37ba80b3dd10/data/prompts/2075072810670821685.json,CC-BY-4.0,RafaSimon,https://x.com/rafalors/status/2075072810670821685,True,prompts/漫剧/特效向/奇幻冒险/renoise-2075072810670821685--A-high-fidelity-2.5D-3D-special-attack-a.md,"A high-fidelity 2.5D/3D special attack action cinematic in a JRPG game style, with no UI.

Subject & Style: Using the reference character [ or describe if you don't have a reference image. ..""is the anime male warrior with dusky maroon skin, glowing emerald-green eyes, and messy icy teal spiky undercut hair...""]. He wears an open red streetwear haori jacket, cream t-shirt, dark charcoal pants, and black combat boots.

Action Sequence:
- 0-3s: The character faces the camera, yells fiercely, and dashes forward at extreme speed across a modern dark urban fantasy arena.
- 3-6s: He rushes a massive insectoid monster, swinging his blazing studded metal mace in a powerful upward arc, launching the monster high into the air.
- 6-9s: The insectoid monster is suspended mid-air in slow motion. The character throws his mace high into the sky; the mace instantly breaks apart into hundreds of glowing red-hot steel spikes and needles.
- 9-12s: The hundreds of blazing needles rain down rapidly, piercing the suspended monster one by one in a relentless flurry.
- 12-15s: The monster explodes in a huge, fiery blast of orange and yellow fire. In the foreground, the character stands coolly facing the camera in a stylish victory pose, with his back to the massive explosion.

Audio Controls:
- Dialogue: Character yells in a deep, fierce Japanese warrior voice: ""Thousand Blazing Needles!""
- Sound effects: Heavy rushing footsteps, a blazing fiery whoosh of a swung club, a thunderous kinetic impact, hundreds of rapid metallic piercing sounds, and a final massive, booming explosion.
- Background music: High-energy JRPG battle rock"
renoise-2075074872351572216,Use the uploaded reference video as the master reference.,,真人,特效向,奇幻怪兽,,en,Seedance 2.0,,,renoise-ai/awesome-seedance-prompts,https://github.com/renoise-ai/awesome-seedance-prompts/blob/904b6caffa21c2b114bb93e1bd0e37ba80b3dd10/data/prompts/2075074872351572216.json,CC-BY-4.0,Oogie,https://x.com/oggii_0/status/2075074872351572216,True,prompts/真人/特效向/奇幻怪兽/renoise-2075074872351572216--Use-the-uploaded-reference-video-as-the.md,"Use the uploaded reference video as the master reference.

Recreate the entire scene in ultra-photorealistic live action while preserving the original video frame-by-frame.

Maintain the EXACT camera movement, lens, framing, composition, timing, pacing, shot transitions, lighting direction, environment, props, object placement, character blocking, and every action from the reference video.

ONLY replace the cartoon characters with realistic live-action animals while keeping everything else unchanged.

========================
CHARACTER CONSISTENCY
========================

Tom is a realistic British Shorthair cat with:
• blue-gray plush fur
• white chest, muzzle and paws
• large amber eyes
• pink nose
• rounded face
• thick tail
• expressive eyebrows
• identical appearance in every frame
• identical fur pattern, facial proportions, eye color and body size throughout the video

Jerry is a realistic golden Syrian hamster with:
• soft golden-brown fur
• cream belly
• large rounded ears
• black shiny eyes
• tiny pink paws
• small pink nose
• realistic whiskers
• consistent body proportions in every frame
• identical appearance throughout the entire video

If other Tom & Jerry characters appear, replace them with realistic animals that preserve their personality, colors, proportions and expressions while remaining identical throughout the clip.

========================
MOTION
========================

Preserve every movement exactly.

The realistic animals must perform the exact same actions, walking cycle, head movement, eye movement, paw placement, facial expressions, timing and interactions as in the reference animation.

No new actions.
No altered timing.
No changed poses.

========================
ENVIRONMENT
========================

Keep the original environment exactly the same.

Do not modify:
• furniture
• decorations
• room layout
• colors
• props
• shadows
• reflections
• camera angle
• camera path

Everything except the characters must remain unchanged.

========================
QUALITY
========================

Hollywood-quality CGI.
Photorealistic animals.
Natural muscle movement.
Physically accurate fur simulation.
Realistic whiskers.
Subsurface scattering.
Realistic eye reflections.
Natural breathing.
Micro facial expressions.
Ultra detailed textures.
Soft cinematic lighting.
Shallow depth of field.
Global illumination.
Ray-traced reflections.
Macro photography realism.
4K HDR.
Disney-level VFX quality.
Live-action realism.
Extremely stable temporal consistency.
Perfect character identity consistency across all frames.

Do not redesign the characters.
Do not change the environment.
Do not change the camera.
Do not change the timing.
Do not add new objects.
Do not crop or zoom differently.
No flickering.
No morphing.
No identity drift.
No fur color changes.
No eye color changes.
No size changes.
No anatomy deformation.
No extra limbs.
No duplicate animals.
No cartoon textures.
No low-quality CGI.
No inconsistent lighting.
No frame-to-frame variation.
Maintain perfect temporal consistency and character consistency throughout the entire video."
renoise-2075082622259331386,Create a detailed 16-panel storyboard for a 15-second AI influencer dance video…,,真人,现实向,运动,,en,Seedance 2.0,,,renoise-ai/awesome-seedance-prompts,https://github.com/renoise-ai/awesome-seedance-prompts/blob/904b6caffa21c2b114bb93e1bd0e37ba80b3dd10/data/prompts/2075082622259331386.json,CC-BY-4.0,apob,https://x.com/apob_ai/status/2075082622259331386,True,prompts/真人/现实向/运动/renoise-2075082622259331386--Create-a-detailed-16-panel-storyboard-fo.md,"Create a detailed 16-panel storyboard for a 15-second AI influencer dance video in 16:9 horizontal format. Keep the same five original dancers, same World Cup-style football stadium, same center-circle performance platform, same green football pitch, same cheering crowd, same stadium floodlights, same cyan-magenta stage lighting, same high-energy halftime-show style across all panels."
renoise-2075103653535559767,A single uninterrupted cinematic shot begins high above a breathtaking alien…,,其他,,风景空镜,,en,Seedance 2.0,,,renoise-ai/awesome-seedance-prompts,https://github.com/renoise-ai/awesome-seedance-prompts/blob/904b6caffa21c2b114bb93e1bd0e37ba80b3dd10/data/prompts/2075103653535559767.json,CC-BY-4.0,Yazdan,https://x.com/AIwithYazdan/status/2075103653535559767,True,prompts/其他/风景空镜/renoise-2075103653535559767--A-single-uninterrupted-cinematic-shot-be.md,"A single uninterrupted cinematic shot begins high above a breathtaking alien planet. The camera slowly descends through glowing clouds tinted with shades of turquoise, violet, and soft amber. Three massive moons hang in the sky while colorful planetary rings stretch across the horizon. The atmosphere feels unfamiliar yet scientifically believable.

The camera enters the clouds.

Without a cut, an extraordinary landscape appears below.

Towering crystal trees several hundred meters tall gently sway despite having transparent trunks. Their branches glow softly from energy flowing inside them. Leaves shimmer like thin sheets of glass, creating rainbow reflections across the forest floor.

The camera glides between the giant trees.

Tiny floating seed-like organisms drift gracefully through the air, changing color as they move. Every plant reacts subtly as the camera passes, opening luminous flowers and releasing glowing spores that slowly rise toward the sky.

The camera approaches a river unlike any on Earth.

Instead of flowing water, the river is made of shimmering liquid light. Gentle waves emit soft pulses that travel downstream. Strange fish with translucent bodies swim beneath the glowing surface, their internal organs visible through crystal-clear skin.

Following the river, the camera enters a vast valley.

Enormous gentle creatures resembling a blend of whale and manta ray float effortlessly through the atmosphere, using elegant wing-like fins to swim through the air. Smaller creatures travel alongside them, feeding on glowing particles suspended in the breeze. Their movement is slow, peaceful, and majestic.

The camera flies beneath one giant creature.

Its translucent body reveals a glowing internal ecosystem where tiny organisms live symbiotically, creating rivers of moving light beneath its skin.

The journey continues toward distant mountains.

The mountains slowly awaken.

They are not rock.

They are colossal living organisms sleeping beneath layers of mineral-like armor.

As one gently opens a glowing eye, tiny forests growing on its back sway naturally in the breeze without disturbing the peaceful ecosystem.

The camera continues climbing.

The sky becomes darker.

Millions of glowing airborne organisms gather together above the mountains.

Instead of forming a flock...

They assemble into an enormous living spiral stretching across the heavens like a luminous galaxy made entirely of life.

The camera flies directly through the center of the spiral.

As it emerges above the atmosphere, the viewer sees that every glowing migration across the planet forms elegant patterns visible only from space.

The entire biosphere behaves like one interconnected living organism.

The camera slowly retreats into orbit.

The magnificent planet rotates peacefully beneath three moons while glowing migration paths pulse gently across its surface.

The final frame lingers on the breathtaking world drifting silently through the stars before fading into darkness.

Camera:
One continuous uninterrupted aerial journey. Smooth floating movement. Graceful descents and climbs. Stable cinematic tracking. Natural acceleration. No cuts. No sudden transitions. Continuous forward exploration.

Lighting:
Soft colorful sunrise. Bioluminescent forests. Crystal reflections. Glowing rivers. Warm atmospheric haze. Gentle orbital sunlight. High dynamic range. Physically inspired volumetric lighting."
renoise-2075113813599191058,A hooded cyber samurai @[ref1]  stands in the haze beneath a ruined…,,漫剧,特效向,武侠打斗,3D卡通,en,Seedance 2.0,link-only,hate,renoise-ai/awesome-seedance-prompts,https://github.com/renoise-ai/awesome-seedance-prompts/blob/904b6caffa21c2b114bb93e1bd0e37ba80b3dd10/data/prompts/2075113813599191058.json,CC-BY-4.0,Kōda,https://x.com/aimikoda/status/2075113813599191058,True,prompts/漫剧/特效向/武侠打斗/renoise-2075113813599191058--A-hooded-cyber-samurai-ref1-stands-in-th.md,
renoise-2075117649198272697,"Follow the attached storyboard reference sheet exactly for content, character…",,真人,现实向,运动,,en,Seedance 2.0,,,renoise-ai/awesome-seedance-prompts,https://github.com/renoise-ai/awesome-seedance-prompts/blob/904b6caffa21c2b114bb93e1bd0e37ba80b3dd10/data/prompts/2075117649198272697.json,CC-BY-4.0,Kiki,https://x.com/Mayz1169/status/2075117649198272697,True,prompts/真人/现实向/运动/renoise-2075117649198272697--Follow-the-attached-storyboard-reference.md,"Follow the attached storyboard reference sheet exactly for content, character kits, and shot progression: a fast-paced, high-intensity FIFA World Cup Final soccer clip, France (blue/white kits) vs Morocco (red/green kits), authentic live broadcast look with handheld camera, wet pitch, natural motion blur, realistic stadium crowd noise. [0-5s] Chaotic 50/50 ball battle at the center circle, players from both teams scramble and tackle for a loose ball, quick turnovers, a French midfielder wins it back with a sliding tackle spraying water off the wet pitch. [5-10s] A French winger sprints into open space at full pace, a Moroccan defender challenges him shoulder-to-shoulder, the winger shrugs it off and bursts into the penalty box as a last defender slides in desperately but the ball squirts just past his leg. [10-15s] The French striker goes one-on-one with the Moroccan goalkeeper who rushes off his line, striker fires a low decisive shot, goalkeeper dives full stretch but the ball rockets into the net, netting ripples violently, and French players erupt into wild celebration with arms spread wide as the camera whips around the scorer. Frame holds steady at the end."
renoise-2075118307011944486,"A cinematic, high-intensity 30-second one-shot football sequence featuring…",,漫剧,现实向,剧情短片,3D卡通,en,Seedance 2.0,,,renoise-ai/awesome-seedance-prompts,https://github.com/renoise-ai/awesome-seedance-prompts/blob/904b6caffa21c2b114bb93e1bd0e37ba80b3dd10/data/prompts/2075118307011944486.json,CC-BY-4.0,Muhammad Ayan,https://x.com/socialwithaayan/status/2075118307011944486,True,"prompts/漫剧/现实向/剧情短片/renoise-2075118307011944486--A-cinematic,-high-intensity-30-second-on.md","A cinematic, high-intensity 30-second one-shot football sequence featuring high-fidelity 3D Pixar-quality CGI, raw brutal and dominant, never comedic, rendered as one continuous unbroken take with zero cuts, zero hidden cuts, zero transitions.

CHARACTER LOCK: preserve the exact same striker in every frame, @ Image1 is the sole reference for him. Tall broad-shouldered caricature build, heavy muscular frame, big oversized blond mullet that swings and lags with his head movement, sharp jawline, pale skin catching the cold floodlight, ice-cold blank-stare expression that never softens. Wardrobe locked: blue and white vertical striped jersey with a small invented crest on the left chest, white shorts, blue socks pulled to the knee, dark football boots caked with wet turf. The jersey is damp and clinging, catching floodlight highlights on the shoulders.

WORLD LOCK: @ Image3 is the stadium, do not redesign it. Evening match, deep blue dusk sky, the whole pitch lit by blazing white floodlight towers throwing long hard shadows, wet reflective grass, low ground mist drifting between the players, fine rain haze catching the light beams, packed dark stands behind, hard lens flare stabbing across the frame from the towers.

SHOT, THE SPARK: open mid-motion on a low tracking shot roughly 29mm portrait feel (FOV, how zoomed the lens sits) locked just behind and beside the striker as he collects a rolling ball at a dead sprint near the halfway line, his first hard plant tearing a divot of wet turf that sprays back toward the lens in slow clumps, his mullet snapping back off his face, breath visible in the cold air, quads and calves flexing under the strain, camera struggling to hold pace with him.

SHOT, THE BULLDOZE: the camera stays glued to his side in the same unbroken move as two defenders close in from left and right, he lowers his near shoulder and drives straight between them with full body mass, the contact reads with real weight and inertia, both defenders rebound off his frame and crash to the turf behind him, one spinning, one sliding through a puddle, he does not slow, does not look at them, jaw set, eyes forward, mud kicking off his heels in a rooster tail.

SHOT, THE SURGE: the camera arcs from his side to a three-quarter front angle as he surges into the penalty box at full pace, a last desperate defender launches into a full-stretch sliding tackle from his right, he chops the ball inside with the outside of his boot and skips over the outstretched leg in one sharp cut, the defender sliding harmlessly past through the wet grass beneath him.

SHOT, THE STRIKE: the camera drops to near-grass level in the same continuous motion as he plants his standing leg hard into the turf, the boot digging in and throwing a shockwave ring of turf and water off the contact point, his whole body torquing through the hips and shoulders, striking leg whipping through with brutal force, the ball rocketing flat and vicious off his laces with heavy motion blur, tearing low into the bottom corner, the net snapping violently backward and rippling, the diving keeper left fully sprawled and beaten on the wet grass, water spraying up where he lands.

SHOT, THE ROAR: the camera continues its arc around him without a single cut, rising slightly as he wheels away toward the crowd, chest thrust out, both fists clenched and shaking at his sides, neck veins and jaw muscles bulging, mouth wide in a raw guttural roar, no smile, pure dominance, the floodlights flaring hard directly behind his head into a blazing silhouette rim, then the camera settles and pushes in slow onto his face for the final beat, his ice-cold stare locking dead into the lens, chest heaving, a single bead of sweat catching the light.

STYLE STACK: photorealistic-adjacent 3D CGI, correct rigid-body contact physics with real mass and inertia on every collision and tackle, defenders reacting believably to force, heavy directional motion blur on the strike and impacts, natural mud, turf and water spray with correct arcs, grounded contact shadows under every foot plant, damp cloth catching light, one seamless uninterrupted camera movement from first frame to last, aggressive driving orchestral score building through the bulldoze, hitting hardest on the strike, then dropping to just his breathing and the roar of the crowd on the final beat, shaky-cam handheld action energy, intense and dominant atmosphere, 4K, 24fps, no cuts, no on-screen text, no subtitles."
renoise-2075123814674133285,Crown Prince Naruhito & Masako Owada wedding (1993) — A royal wedding watched…,,真人,现实向,都市剧情,,en,Seedance 2.0,,,renoise-ai/awesome-seedance-prompts,https://github.com/renoise-ai/awesome-seedance-prompts/blob/904b6caffa21c2b114bb93e1bd0e37ba80b3dd10/data/prompts/2075123814674133285.json,CC-BY-4.0,ANKIT PATEL 🇮🇳 | AI,https://x.com/Ankit_patel211/status/2075123814674133285,True,prompts/真人/现实向/都市剧情/renoise-2075123814674133285--Crown-Prince-Naruhito-Masako-Owada-weddi.md,"Crown Prince Naruhito & Masako Owada wedding (1993) — A royal wedding watched by millions, the imperial motorcade through Tokyo, crowds lining the streets waving flags.

Seedance 2 creation

This is handheld documentary footage recorded on an early-2000s consumer DV camcorder from the sidewalk along the imperial procession route through Tokyo on June 9, 1993. The footage feels like real, imperfect home video of a famous royal wedding day.

The recording shows a packed street in central Tokyo. Thousands of people line both sides of the road, many holding small Japanese flags, some standing on tiptoes, some holding up children to see over the crowd. Police officers in white gloves keep the crowd behind barricades. The atmosphere is calm but electric — people craning their necks, murmuring to each other, checking watches. Elderly women in formal kimono stand patiently. Salarymen in suits have stepped out of nearby office buildings. Students sit on curbs with lunchboxes. Some people hold disposable cameras and early camcorders of their own.

The camera moves along the crowd trying to find a good viewing spot, catching glimpses between heads and raised flags. It captures close-ups of faces — a mother lifting her daughter onto her shoulders, an old man wiping his eyes, a group of office workers whispering excitedly. A police motorcycle passes first. Then another. The crowd begins to stir and push forward against the barricades.

The imperial motorcade appears in the distance. Black limousines with Imperial Guards on motorcycles lead the way. Then the main car — an open-top imperial vehicle — comes into view. Crown Prince Naruhito is visible in formal morning dress, and beside him Masako Owada in a simple white dress and tiara, both composed and faintly smiling. The crowd erupts — flags wave, people bow their heads slightly, some clap, some call out. The car moves slowly. For a few seconds the couple is clearly visible through the gap in the crowd before the car passes and the view is lost behind raised hands and flags.

The camera pushes through the crowd trying to keep the car in frame, catching a final glimpse as the motorcade turns the corner and disappears. The crowd lingers, talking among themselves, some reviewing footage on their own camcorder flip-out screens. The street slowly returns to normal traffic.

The handheld camera shows natural shake, drifting framing, autofocus issues as it tries to focus on the moving motorcade through a forest of raised flags and hands, lens breathing, and reactive zooming as the person filming fights for the best view in a dense crowd. There are natural cuts between wide shots of the street, close-ups of the crowd waiting, the motorcade approaching, the moment the couple is visible, and the aftermath as the crowd disperses.

Natural sound only: the murmur of thousands of voices, police whistles, distant motorcycle engines, the crowd erupting in cheers and applause as the motorcade passes, flags rustling, children calling out, the low rumble of the imperial vehicle. No music added.

The result must feel like authentic, raw footage of someone standing in the crowd on the day Crown Prince Naruhito married Masako Owada, captured on an old DV camcorder."
renoise-2075138057339314586,"A bold Japanese ramen commercial for Kent Ramen, a super spicy ramen brand, set…",,其他,,广告带货,,en,Seedance 2.0,,,renoise-ai/awesome-seedance-prompts,https://github.com/renoise-ai/awesome-seedance-prompts/blob/904b6caffa21c2b114bb93e1bd0e37ba80b3dd10/data/prompts/2075138057339314586.json,CC-BY-4.0,Kent Dhani,https://x.com/kentdhani/status/2075138057339314586,True,prompts/其他/广告带货/renoise-2075138057339314586--A-bold-Japanese-ramen-commercial-for-Ken.md,"A bold Japanese ramen commercial for Kent Ramen, a super spicy ramen brand, set inside a cozy ramen shop at night. The video begins with a warm night-time exterior of the Kent Ramen shop, glowing red signage, and a young customer entering with curiosity. Inside, a steaming bowl of Kent Ramen is placed on the wooden counter, filled with rich red spicy broth, chili oil, thick noodles, soft egg, sliced meat, scallions, and chili flakes.

Show intense macro food shots: glossy red broth, shimmering chili oil, steam rising, noodles lifted by chopsticks, broth dripping from the noodles, and the bowl looking extremely hot, fresh, and appetizing. The customer looks excited, takes the first bite, and immediately reacts to the powerful spice. His eyes widen, he sweats lightly, exhales from the heat, then smiles because the flavor is addictive and delicious. He goes in for another bite, showing that the ramen is super spicy but impossible to stop eating.

End with a premium hero shot of the steaming Kent Ramen bowl on the counter, red broth glowing under warm restaurant lighting, while the customer smiles in satisfaction and gives a thumbs-up in the background. The tone should feel like a real Japanese ramen TV commercial: fast, flavorful, bold, warm, exciting, and mouth-watering.

Include Japanese voice over in a bright, bold food-commercial style, not anime battle narration. Use short lines such as: “今夜、辛さの限界へ。” “ケントラーメン、旨さ爆発の激辛。” “香るスープ、燃える唐辛子।” “辛い！でも、うまい！” “ひと口でハマる。ケントラーメン。”"
renoise-2075142667286000060,Use the provided 12-panel storyboard sheet @[storyboard ref] as the direct…,,漫剧,特效向,奇幻冒险,2D日漫,en,Seedance 2.0,,,renoise-ai/awesome-seedance-prompts,https://github.com/renoise-ai/awesome-seedance-prompts/blob/904b6caffa21c2b114bb93e1bd0e37ba80b3dd10/data/prompts/2075142667286000060.json,CC-BY-4.0,Okan Can,https://x.com/0kncn/status/2075142667286000060,True,prompts/漫剧/特效向/奇幻冒险/renoise-2075142667286000060--Use-the-provided-12-panel-storyboard-she.md,"Use the provided 12-panel storyboard sheet @[storyboard ref] as the direct sequential visual keyframe reference for the entire 15-second video.

Follow the exact 12-panel progression, timing, camera rhythm, action staging, character placement, transformation beat, and final cute reversal from the storyboard. Preserve the storyboard order exactly, but animate smoothly between the poses.

Do not render storyboard panel borders, arrows, labels, numbers, notes, sketch lines, or production marks in the final video.

CHARACTER REFERENCES:

Use @[image_1] ONLY for Lila.
Lila is the little girl owner.
She must always have:
short dark-brown bob hair,
pink bow in her hair,
green cardigan,
cream dress,
small brown shoulder bag,
brown shoes,
sweet but expressive childlike personality.

Use @[image_2] ONLY for Mio normal form.
Mio is a tiny fluffy white kitten.
He must always have:
small round body,
pure white puffy fur,
big blue eyes,
tiny pink nose,
soft innocent face,
slightly chubby adorable proportions.

Use @[image_3] ONLY for Mio monster form.
Monster Mio is the angry transformed version of the same cat.
He must always have:
same white fur identity,
larger body,
spiky puffed-up fur,
glowing cyan-blue eyes,
large claws,
angry but still cute monster-cat expression.

Never mix the character references.
Never redesign Lila, normal Mio, or monster Mio.
The monster form must clearly feel like Mio transforming, not a different creature.

ENVIRONMENT:
A cozy countryside house garden.
Stone path, flower bed, wooden porch, small watering can, soft plants, warm daylight, pastel flowers, gentle painterly background.
Keep the same garden layout, lighting direction, props, and spatial continuity throughout the entire video.

STYLE:
Warm hand-painted 2D anime fantasy.
Soft watercolor backgrounds.
Delicate cel-shading.
Subtle pencil texture.
Pastel countryside colors.
Expressive character animation.
Cute comedy timing.
Gentle magical atmosphere.
Soft cinematic camera movement.
Playful, charming, emotional, and lightly dramatic.

IMPORTANT RULES:
No extra characters.
No extra animals.
No crowd.
No violence.
No injury.
Lila must be scared but unharmed.
Monster Mio only frightens Lila; he does not attack her.
No blood.
No horror gore.
No logo.
No watermark.
No UI text.
No random captions.
No Japanese subtitles.
Japanese spoken dialogue only.
Add English subtitles only for the Japanese spoken dialogue.
Do not subtitle animal sounds unless specifically listed below.
Keep subtitles small, clean, readable, and bottom-center.

SUBTITLE RULES:
All spoken Japanese dialogue must have English subtitles.
Subtitles must be natural, simple, and short.
Only display English subtitle text.
Do not display the Japanese dialogue as text.
Do not subtitle meows, growls, roars, or sneezes unless requested.
No extra captions or labels.

DIALOGUE STYLE:
Lila speaks in a cute young Japanese girl voice.
Normal Mio only makes soft kitten sounds.
Monster Mio does not speak human language; he only growls and roars like an angry magical cat.
Dialogue should be short and timed clearly with the action.

VFX RULES:
Use small blue magical sparks during transformation.
Use a soft magical pulse when Mio grows into monster form.
No destructive explosion.
No dark horror smoke.
No heavy fire.
Keep the transformation magical, cute, and comedic.

PHYSICS:
Natural child movement for Lila.
Soft cloth motion on her dress and cardigan.
Her shoulder bag reacts naturally when she moves or jumps back.
Mio’s fur should move softly.
Monster Mio’s fur should spike outward with strong fluffy volume.
The watering can should fall and roll slightly when Lila gets frightened.

SHOT-BY-SHOT SEQUENCE:

[00:00 – 00:01.2]
SHOT 1 — Peaceful Garden
Wide shot. Lila waters flowers in the cozy countryside garden. Mio sits nearby on the stone path, looking tiny, fluffy, white, and innocent.
Audio: soft garden ambience, gentle breeze, Lila lightly humming.
Camera: calm wide establishing shot, slow gentle push-in.

[00:01.2 – 00:02.2]
SHOT 2 — First Mischief
Mio reaches one paw toward a small flower pot and tips it over slightly. Lila notices and leans toward him.
Lila dialogue in Japanese:
「ミオ、だめだよ。」
English subtitle:
""Mio, no.""
Camera: medium shot, clear view of Mio’s paw and the flower pot.

[00:02.2 – 00:03.0]
SHOT 3 — Innocent Face
Close-up of Mio staring upward with huge innocent blue eyes, pretending he did nothing wrong.
Audio: soft kitten sound, 「にゃ…」
No subtitle.
Camera: close-up, slight cute pause.

[00:03.0 – 00:04.0]
SHOT 4 — Gentle Warning
Lila kneels beside Mio and raises one finger, gently warning him.
Lila dialogue in Japanese:
「いたずらしちゃだめ。」
English subtitle:
""No more mischief.""
Camera: medium child-height angle.

[00:04.0 – 00:05.0]
SHOT 5 — Ignoring Owner
Mio turns away from Lila, swishes his fluffy tail, and walks toward the flower bed as if he is not listening.
Lila dialogue in Japanese:
「ミオ、聞いてる？」
English subtitle:
""Mio, are you listening?""
Camera: low angle following Mio’s small body.

[00:05.0 – 00:06.2]
SHOT 6 — Bigger Mess
Mio jumps into the flower bed, scattering petals and leaves. Lila gasps and freezes with surprise.
Lila dialogue in Japanese:
「えっ、もう！」
English subtitle:
""Hey, come on!""
Camera: wide shot showing the garden mess clearly.

[00:06.2 – 00:07.4]
SHOT 7 — Stronger Scold
Lila stands firmer and gives a clear stop gesture with her hand. She looks more serious now, but still caring.
Lila dialogue in Japanese:
「こら、ミオ！ そこはだめ！」
English subtitle:
""Mio! Not there!""
Camera: medium shot with strong line of action between Lila and Mio.

[00:07.4 – 00:08.4]
SHOT 8 — Offended Kitten
Close-up of Mio crouching low. His ears fold back, his eyes narrow, and his white fur begins to rise. He looks offended and angry.
Audio: low irritated cat growl.
No subtitle.
Camera: close-up push-in on Mio’s face.

[00:08.4 – 00:09.8]
SHOT 9 — Transformation Start
Blue magical sparks flicker around Mio. His fur spikes up, his body expands, and the garden air pulses around him. Lila steps back in surprise.
Audio: rising magical energy, small angry cat snarl.
No subtitle.
Camera: dramatic medium push-in.

[00:09.8 – 00:11.4]
SHOT 10 — Monster Reveal
Monster Mio fully appears: huge fluffy white body, spiky fur, glowing cyan-blue eyes, large claws, and a cute-but-scary angry expression. He leans toward Lila and roars.
Monster Mio sound:
「シャアアアッ！！」
No subtitle.
Camera: low-angle reveal shot, making monster Mio look large but still comedic.

[00:11.4 – 00:12.8]
SHOT 11 — Lila Frightened
Lila jumps backward in fear, drops the watering can, and stares at monster Mio with wide shocked eyes. The watering can hits the stone path and rolls slightly.
Lila dialogue in Japanese:
「きゃっ！ ミオ！？」
English subtitle:
""Ah! Mio!?""
Camera: reaction shot with Lila and the fallen watering can visible.

[00:12.8 – 00:15.0]
SHOT 12 — Cute Reversal
Monster Mio suddenly loses his scary energy. He sneezes, shrinks instantly, and returns to tiny fluffy white kitten form. Mio sits innocently again as if nothing happened. Lila slowly relaxes, still shocked and confused.
Audio:
Mio sneeze: 「はくしゅんっ！」
Mio soft meow: 「にゃあ」
No subtitle for animal sounds.
Lila dialogue in Japanese:
「もう…びっくりした。」
English subtitle:
""You really scared me...""
Camera: medium final shot, soft gentle settle. End with Mio blinking innocently.

GLOBAL:
Maintain exact storyboard continuity from @[storyboard ref].
Keep Lila consistent in every shot.
Keep normal Mio consistent in every normal-form shot.
Keep monster Mio consistent in every monster-form shot.
Keep the same garden geography every shot.
Keep the same soft daylight every shot.
No random redesigns.
No color swaps.
No identity merging.
No extra props except the existing watering can, flowers, stone path, and garden elements.
No subtitles except English subtitles for Lila’s Japanese dialogue.
Make the sequence cute, playful, magical, comedic, and lightly dramatic."
renoise-2075164741618860366,Create a single 9-second cinematic video. Strictly follow the storyboard…,,真人,特效向,武侠打斗,,en,Seedance 2.0,,,renoise-ai/awesome-seedance-prompts,https://github.com/renoise-ai/awesome-seedance-prompts/blob/904b6caffa21c2b114bb93e1bd0e37ba80b3dd10/data/prompts/2075164741618860366.json,CC-BY-4.0,Ima Studio,https://x.com/ImaStudio_ai/status/2075164741618860366,True,prompts/真人/特效向/武侠打斗/renoise-2075164741618860366--Create-a-single-9-second-cinematic-video.md,"Create a single 9-second cinematic video. Strictly follow the storyboard image_1 sequence with no skipped, merged, reordered, or repeated actions. The same character must remain consistent throughout the entire video: a photorealistic anthropomorphic ginger tabby cat with realistic orange fur, amber eyes, whiskers, and a fluffy tail, seamlessly blended onto a human office worker body wearing a black sweater, white collared shirt, black tie, dark trousers, and office shoes.
Environment: empty modern corporate office, gray carpet, desks, computers, office chairs, filing cabinets, glass partitions, fluorescent ceiling lights, large windows with blinds, realistic office atmosphere.
Style: photorealistic, cinematic, surreal comedy, viral meme energy, realistic fur simulation, natural body physics, smooth camera work, realistic motion blur, warm cinematic color grading, highly detailed digital compositing, professional VFX quality.
Panel 1 (0:00–0:01) — READY FOR BUSINESS
Low-angle wide shot. The corporate cat stands in a powerful fighting stance in the center of the office. One fist forward, one arm pulled back. Tail gently sways. Camera slowly pushes in.
Panel 2 (0:01–0:02) — CORPORATE HIGH KICK
The cat launches into a dramatic high kick. Tail fully extends behind the body. Arms swing for balance. Tracking camera follows the movement. Motion blur on leg and tail.
Panel 3 (0:02–0:03) — SYSTEM ERROR
The cat bends forward and performs an absurd energetic dance move. Hips shake rapidly. Tail swings side to side. Slight handheld camera movement enhances comedic chaos.
Panel 4 (0:03–0:04) — WINDOW RUSH
The cat suddenly lunges toward the office windows. Tail creates a visible motion streak. Fast camera pan follows the movement across the room.
Panel 5 (0:04–0:05) — EXISTENTIAL PAUSE
Abrupt stop. The cat stands tall and completely still. Slowly turns its head sideways and stares into the distance. Everything becomes calm for one second.
Panel 6 (0:05–0:06) — SPIN ATTACK
Without warning, the cat performs a fast spinning kick. One arm extends dramatically. Tail follows the spin. Dynamic camera orbit emphasizes rotation.
Panel 7 (0:06–0:07) — OFFICE KARATE
The cat lands in a wide stance and swings one arm near its head in a dramatic martial-arts-inspired motion. Tail whips around aggressively. Low-angle hero framing.
Panel 8 (0:07–0:08) — MAXIMUM ENERGY
The cat explodes into its biggest move. Both arms rise high overhead while the legs spread into a wide split stance. Camera slightly tilts upward. Peak energy and comedy.
Panel 9 (0:08–0:09) — CORPORATE ENLIGHTENMENT
Final pose. The cat balances on one leg. Front paws pressed together in a namaste-like gesture. Tail curves gracefully behind. Hold the pose confidently as the camera slowly pushes in. End on a triumphant freeze frame.
No dialogue. No text overlays. No subtitles. No logos. No cuts between panels. One continuous shot with smooth transitions from action to action. Emphasize realistic office lighting, detailed fur physics, exaggerated dance movements, visual comedy, and viral short-form entertainment appeal."
renoise-2075167453714538761,Ultra-realistic documentary footage captured from a helicopter using a…,,真人,现实向,甜宠恋爱,,en,Seedance 2.0,,,renoise-ai/awesome-seedance-prompts,https://github.com/renoise-ai/awesome-seedance-prompts/blob/904b6caffa21c2b114bb93e1bd0e37ba80b3dd10/data/prompts/2075167453714538761.json,CC-BY-4.0,Al-Shamus,https://x.com/im_shahid7/status/2075167453714538761,True,prompts/真人/现实向/甜宠恋爱/renoise-2075167453714538761--Ultra-realistic-documentary-footage-capt.md,"Ultra-realistic documentary footage captured from a helicopter using a 600–800mm super-telephoto lens at a distance of approximately 200–400 meters, 9:16 vertical format.
Optical characteristics:
Strong telephoto lens compression.
Shallow depth of field with both subjects sharply focused while the distant city is softly blurred.
Natural atmospheric haze between camera and subjects.
Slight handheld vibration typical of long-distance paparazzi photography.
High ISO sensor grain.
Mild chromatic aberration near frame edges.
Hidden ""caught on camera"" documentary aesthetic, as if filmed secretly from a helicopter.
Scene:
A man and a woman are standing alone on the narrow metal ledge at the very top of the Empire State Building, both securely positioned on the structure.
The man (left) wears an all-black outfit consisting of a black sleeveless shirt, black cargo pants, and a plain black balaclava.
The woman (right) wears a fitted black athletic top, black pants, and a matte-black Batman-style balaclava with pointed bat ears.
No other people are visible.
The man suddenly drops to one knee, holding out a small engagement ring toward the woman. She reacts with visible surprise, places both hands over her face for a moment, then nods in excitement and accepts the proposal. The man gently places the ring on her finger. They stand, embrace tightly, and share a brief, affectionate kiss while still balancing on the ledge.
The entire proposal is captured naturally from the distant helicopter viewpoint, appearing like an authentic viral documentary recording.
Bright sunny daylight with strong side lighting and realistic shadows.
Camera movement:
A slow helicopter orbit around the top of the Empire State Building while maintaining the couple centered in frame. The city moves rapidly in the compressed telephoto background due to the orbit. The framing always keeps the proposal visible from above and at a slight angle, preserving the hidden paparazzi perspective.
Restrictions:
Exactly two people only.
No photographers, spectators, drones, or additional characters.
No banner or flag.
No extra platforms, rooftops, or safety structures added.
Preserve the realistic appearance of standing on the actual metal ledge at the top of the building.
Photorealistic, documentary style, viral ""caught on camera"" realism with accurate fabric movement in the wind."
renoise-2075168609161363790,The camera glides through a moonlit bamboo graveyard. Countless weathered…,,真人,特效向,奇幻怪兽,,en,Seedance 2.0,,,renoise-ai/awesome-seedance-prompts,https://github.com/renoise-ai/awesome-seedance-prompts/blob/904b6caffa21c2b114bb93e1bd0e37ba80b3dd10/data/prompts/2075168609161363790.json,CC-BY-4.0,LadyWasabi // LouieVerse,https://x.com/LadyWasabee/status/2075168609161363790,True,prompts/真人/特效向/奇幻怪兽/renoise-2075168609161363790--The-camera-glides-through-a-moonlit-bamb.md,"The camera glides through a moonlit bamboo graveyard. Countless weathered skulls hang among the stalks. Wind moves softly through the forest. Pale fog drifts along the ground. At first the place feels terrifying. Then the camera reveals her kneeling quietly among the dead.

She carefully places a small lantern beside one of the skulls. Her glowing crimson eyes soften. The camera circles around her as she brushes fallen leaves away from forgotten bones. The audience realizes she is not disturbing the dead.

She is tending to them.

The camera follows as she slowly walks deeper into the bamboo forest. More lanterns appear hanging from branches. Hundreds of tiny lights illuminate the darkness. Every lantern marks a life that has been lost. Her robes drift gently in the wind beneath the enormous moon.

She stops before a single unlit lantern hanging alone from a bamboo stalk. The camera slowly pushes toward her face. For the first time there is sadness in her expression. She reaches out and lights the lantern with a crimson flame from her fingertips.

The moment the lantern ignites, thousands of lanterns throughout the forest begin glowing one after another across the mountainside. The camera rises high into the sky revealing an endless sea of lights beneath the moon. She stands alone at the center of it all, silently watching over the forgotten dead."
renoise-2075179652562223289,Use [Image1] as storyboard reference for cinematic sequence. use as first shot…,,其他,,风景空镜,,en,Seedance 2.0,,,renoise-ai/awesome-seedance-prompts,https://github.com/renoise-ai/awesome-seedance-prompts/blob/904b6caffa21c2b114bb93e1bd0e37ba80b3dd10/data/prompts/2075179652562223289.json,CC-BY-4.0,Viki,https://x.com/churvikv/status/2075179652562223289,True,prompts/其他/风景空镜/renoise-2075179652562223289--Use-Image1-as-storyboard-reference-for-c.md,"Use [Image1] as storyboard reference for cinematic sequence. use as first shot 01

A 10-second dynamic cinematic sequence transitioning smoothly through all 7 storyboard panels. Visual style: photorealistic tropical luxury, golden hour lighting, high-definition fluid simulation, 8K. CRITICAL: Absolutely NO frames, borders, film strips, numbers, UI, or text. Render as seamless full-screen cinematic shots only. Ignore grid layout completely.

Shot 1 (0-1.4s): Macro close-up. Golden sunlight hits the textured, fibrous husk of a coconut. A deep crack forms and slowly widens as the sun flares. Camera focuses sharply on the details.

Shot 2 (1.4-2.8s): Cut to the coconut split open on the sand. Fresh white milk splashes dynamically out of the shell. The camera captures the liquid in slow motion, highlighting the contrast between the brown shell and white milk.

Shot 3 (2.8-4.2s): The splashing milk lands on the golden sand, creating a white pool. The camera pans rapidly from the white milk pool towards the turquoise ocean waves approaching the shore.

Shot 4 (4.2-5.6s): Transition underwater. The white milk swirls and mixes with the blue seawater, creating beautiful marble patterns and bubbles. The camera dives deeper, following the flow of the liquid.

Shot 5 (5.6-7.0s): Underwater view looking up. Sunlight pierces through the rippling surface of the water, creating divine light rays. The camera rises quickly towards the surface, breaking through the water line.

Shot 6 (7.0-8.4s): Emerging from the water. A wide shot of a tropical bay with limestone cliffs. Waves crash gently onto the beach. The camera stabilizes, revealing the majestic sunset landscape.

Shot 7 (8.4-10.0s): Final wide shot. The camera pulls back to reveal the entire pristine beach with palm trees. In the foreground, the split coconut rests on the sand as waves lap at the shore. The video ends on this peaceful, golden scene. ZERO TEXT.

Style reinforcement: seamless transitions, fluid motion, tropical atmosphere, consistent lighting, NO text, NO grid, NO numbers."
renoise-2075195750687068288,Use the provided storyboard image as the direct sequential visual reference.,,真人,现实向,运动,,en,Seedance 2.0,,,renoise-ai/awesome-seedance-prompts,https://github.com/renoise-ai/awesome-seedance-prompts/blob/904b6caffa21c2b114bb93e1bd0e37ba80b3dd10/data/prompts/2075195750687068288.json,CC-BY-4.0,Kiki,https://x.com/Mayz1169/status/2075195750687068288,True,prompts/真人/现实向/运动/renoise-2075195750687068288--Use-the-provided-storyboard-image-as-the.md,"Use the provided storyboard image as the direct sequential visual reference.
Follow all 12 shots in order and maintain the same match situation, player positions, uniforms, stadium atmosphere, and camera style throughout the entire video.

STYLE:
Authentic live sports broadcast footage.
Professional FIFA World Cup final television production style.
Realistic football players, natural body movement, intense competition.
Night stadium lighting, wet grass pitch, rain particles, realistic motion blur.
High-end broadcast cameras, cinematic but documentary realism.
No animation style, no CGI look.

MATCH SETTING:
FIFA World Cup Final.
France vs Morocco.
Morocco wearing red kits.
France wearing dark blue kits.
Huge stadium crowd, dramatic stoppage-time atmosphere.
Wet pitch reflecting stadium lights.
Realistic football broadcast graphics style but NO visible text or scoreboard.

CAMERA STYLE:
Handheld live broadcast operator feeling.
Dynamic tracking cameras following the action.
Low sideline cameras, long lens zooms, goal camera angles.
Slightly chaotic framing during corners and aerial duels.
Fast camera reactions following the ball.

AUDIO:
Realistic stadium sound only.
Massive crowd roar.
Players shouting.
Cleats hitting wet grass.
Ball impact sounds.
Referee whistle.
Goal net ripple.
Explosive celebration noise.
No narration, no music.

TIMELINE:

0:00 - 0:02
A Moroccan winger in a red jersey accelerates down the right flank during stoppage time.
He pushes the ball forward on the wet grass.
A French defender in dark blue sprints beside him trying to close the gap.
Low-angle tracking broadcast camera follows the fast run.
Water splashes from the pitch.

0:02 - 0:04
The Moroccan winger performs a sharp inside cut, changing direction past the French defender.
The crowd rises in anticipation.
Camera quickly pans with the dribble.
Close-up on boots touching the wet ball, realistic speed and control.

0:04 - 0:05
The winger delivers a fast low cross into the penalty box.
The ball slides quickly across the wet grass.
Multiple defenders turn and chase.
Broadcast camera follows the ball trajectory.

0:05 - 0:07
Inside the box, a French center-back and Moroccan striker jump for a powerful header duel.
Bodies collide naturally in the air.
The ball is contested above their heads.
Slow-motion broadcast replay feeling for a brief moment.

0:07 - 0:08
A referee blows the whistle after contact during the aerial challenge.
Players fall onto the wet pitch.
The stadium reacts loudly.
Camera briefly cuts to the referee and fallen players.

0:08 - 0:09
Corner kick awarded.
Players from both teams gather inside the penalty area.
Moroccan attackers and French defenders fight for position.
Goalkeeper organizes the defense.
Intense tension before the final play.

0:09 - 0:10
The corner kick is delivered with curling movement toward the far post.
The ball travels through the rainy air.
Camera follows the spinning ball from behind.

0:10 - 0:11
Moroccan captain wearing red rises above everyone.
He wins the aerial duel and connects with a powerful header.
Dramatic close-up of the header impact.
Crowd noise reaches maximum intensity.

0:11 - 0:12
French goalkeeper dives across the goal with full extension.
His fingertips barely miss the ball.
Fast goal-line camera angle captures the desperate save attempt.

0:12 - 0:13
The ball loops over the goalkeeper and drops toward the goal line.
The stadium falls into a moment of silence.
Camera follows the ball in slow motion.

0:13 - 0:14
The ball crosses the line and hits the inside of the net.
The net ripples violently.
Goal camera captures the exact scoring moment.
Crowd erupts instantly.

0:14 - 0:15
Moroccan players sprint toward the corner flag celebrating wildly.
Teammates hug the captain.
Fans in red jump and wave flags.
Camera pulls back showing the emotional World Cup final celebration.

IMPORTANT:
Maintain realistic human anatomy.
Keep all players consistent throughout the sequence.
No extra limbs, distorted faces, duplicated players.
No camera cuts that break continuity.
Make the entire sequence feel like a real viral FIFA World Cup stoppage-time winning goal captured by professional broadcast cameras."
renoise-2075200485200396577,"Create a complete 11-second, 16:9 cinematic action animation using a refined…",,漫剧,特效向,奇幻冒险,2D日漫,en,Seedance 2.0,,,renoise-ai/awesome-seedance-prompts,https://github.com/renoise-ai/awesome-seedance-prompts/blob/904b6caffa21c2b114bb93e1bd0e37ba80b3dd10/data/prompts/2075200485200396577.json,CC-BY-4.0,Joseph King,https://x.com/Korgamiai/status/2075200485200396577,True,"prompts/漫剧/特效向/奇幻冒险/renoise-2075200485200396577--Create-a-complete-11-second,-16-9-cinema.md","Create a complete 11-second, 16:9 cinematic action animation using a refined 24fps anime rhythm.

The result must be a fully finished 2D/restrained 2.5D cel-animated scene. It must not appear as a storyboard, concept sheet, animatic, or collection of disconnected static images.

The sequence contains nine rapid, action-matched beats. Each beat must function as a clearly readable action keyframe while maintaining continuous momentum, screen direction, environmental geography, and character design.

The scene follows Son of Seto racing at maximum speed upward through a connected canyon settlement and observatory complex to reach his old friend Bugenhagen.

EMOTIONAL PROGRESSION:

Urgent sprint → determined ascent → near-arrival → recognition → relief → warm embrace.

The first eight beats are fast, athletic, and urgent. The final reunion receives the longest emotional hold.

No dialogue. No narration.

Communicate the story through movement, expression, staging, and camera language.

REFERENCE PRIORITY

When visual information conflicts, follow this reference hierarchy:

The supplied Son of Seto character sheet is the sole authority for his anatomy, face, proportions, mane, markings, ornaments, bracelets, claws, and flaming tail.

The supplied Bugenhagen character reference is the sole authority for his face, horns, glasses, beard, robe, proportions, and colour design.

The supplied environment images define the architecture, spatial characteristics, materials, and visual language of each canyon and observatory location.

The nine-panel storyboard is only used for action staging, shot order, pose direction, and momentum continuity. Do not reproduce its borders, panel arrangement, or line-art rendering style.

The reunion image is only used for the emotional pose, physical relationship, and tenderness of the embrace. Do not reproduce its cosmic background or outer-space elements.

All connected exterior scenes maintain unified warm sunset timing.

SCENE / OVERALL DIRECTION

This is a fast emotional action run, not a combat sequence.

Son of Seto is running at maximum speed because reaching Bugenhagen matters deeply to him. His movement begins forceful, desperate, and fully committed.

He does not explore the settlement or perform unnecessary actions. Every location is crossed quickly as part of one continuous ascent.

The route must clearly feel like:

Canyon entrance → lower cliff settlement → weapon-shop passage → middle cliff path → mechanical cavern → vertical ladder shaft → observatory platform → observatory interior → Bugenhagen.

Environments must not appear as unrelated sets. Doors, paths, stairs, ladders, and platforms should logically connect one area to the next.

Maintain strong forward progression. Do not repeat running cycles. Every shot advances him closer to Bugenhagen.

During Shot 8, Son of Seto sees Bugenhagen. His expression and body language shift from strain and urgency to recognition and relief. His speed softens naturally rather than stopping abruptly.

The final embrace must feel gentle and earned. Son of Seto must not collide aggressively with Bugenhagen or knock him down.

CHARACTER ANATOMY AND DESIGN

Son of Seto is a large, powerful quadrupedal lion spirit with heroic proportions, a lean muscular body, and believable feline skeletal structure.

Absolute anatomy lock:

Exactly 1 head, 4 legs, 4 paws, 1 tail, and 1 flaming tail tip.

No wings, humanoid arms, bipedal running, extra shoulders, or duplicated hindquarters.

His anatomy must remain stable during sprinting, leaping, climbing, landing, and embracing.

Preserve his strong feline head and muzzle structure, large layered red mane, beads, braids, feathers, fang charms, stable facial and shoulder markings, bracelets, claw ornaments, powerful feline paws, long singular tail, and stable body scale relative to the environment.

His movement is fully quadrupedal and feline:

Forelegs reach and pull. Hind legs compress and drive. The spine stretches during leaps and gathers during landings. Paws plant with visible traction and weight. Shoulder blades and hips move naturally. The mane, ornaments, and tail produce controlled secondary motion.

Do not simplify him into a generic lion. Do not remove his ornaments, tattoos, or distinct mane structure during fast shots.

The tail flame is a supernatural flame tuft attached to one physical tail. It may stretch and trail with speed, but it must never split, duplicate, or detach.

Bugenhagen is an elderly male wizard with a wise, gentle, and dignified presence.

Preserve his bald crown, exactly 2 large curved dark horns, round glasses, long white braided beard, deep-blue layered robe, gold edging, restrained decorative details, human arms and hands, stable elderly facial proportions, and calm, welcoming expression.

He should appear physically smaller than Son of Seto but remain sturdy and grounded during the embrace.

He only appears near the end of the sequence. Before the reunion, he stands inside the observatory with his arms opening naturally in recognition.

CHARACTER LOCK

Son of Seto must remain identical across every shot:

Same face, muzzle, eyes, mane volume and silhouette, ornaments, markings, bracelets, body proportions, singular flaming tail, quadrupedal species, and anatomy.

Bugenhagen must remain identical during his appearance:

Same two horns, glasses, beard and braids, robe, elderly face, and body scale.

Only during the final reunion may Son of Seto partially rise onto his hind legs. Both hind paws must remain firmly planted and physically supported.

His two forelegs wrap around Bugenhagen. This must not transform his forelegs into human arms or change his underlying lion anatomy.

CHOREOGRAPHY AND CAMERA

Strictly preserve the timeline and action details.

SHOT 1 | 0.0–1.2s — CANYON ENTRANCE

Begin immediately in motion.

Low over-the-shoulder tracking shot close behind Son of Seto as he charges into frame at full speed beneath the canyon entrance arch.

The camera races just above and behind his back, with his mane and shoulders dominating the lower foreground while the rising stairs remain clearly visible ahead.

He bounds upward two or three steps at a time. His forepaws reach high, his hindquarters compress and drive, and his flaming tail streams directly behind him.

Lantern posts, canyon walls, and railings sweep past at the edges of the frame, creating strong parallax without obscuring his silhouette.

Maintain a powerful upward-forward line of action.

SHOT 2 | 1.2–2.3s — LOWER EXTERIOR

Match-cut from his extended stride into a fast side-tracking profile.

Son of Seto continues from left to right through the lower cliff settlement without losing speed.

He reaches a narrow break in the stone path, compresses for a brief anticipation, and launches across it in one decisive feline leap.

Show a clear takeoff, extended airborne silhouette, and readable landing.

His forepaws contact the opposite side first, claws briefly striking sparks from the stone. His hind legs follow through and immediately drive him forward.

He does not pause after landing. He bursts directly through the weapon-shop doorway.

Keep the environment moving behind him while his anatomy remains sharp and readable.

SHOT 3 | 2.3–3.5s — WEAPON SHOP

Pass through the doorway with him into the weapon-shop interior.

The camera moves ahead of Son of Seto and tracks backward through the shop while maintaining a clear view of his face, forequarters, and route.

He races between barrels and the shop counter. A wooden crate blocks part of the path.

He plants one forepaw decisively on the crate, transfers his weight, and vaults cleanly over it without breaking momentum.

His remaining legs follow in a coherent quadrupedal sequence. His mane, beads, and fang ornaments swing forward at contact, then trail behind as he clears the obstruction.

Barrels, hanging tools, shelves, and the counter create depth but never hide his silhouette.

He exits through the opposite side of the shop.

SHOT 4 | 3.5–4.7s — MIDDLE EXTERIOR PATH

Match his exit into a wide three-quarter tracking view outside.

Son of Seto explodes onto the winding middle cliff path and continues climbing through the settlement.

He pounces up the uneven stepped route, uses the raised stone levels as natural launch points, and banks sharply around the rock face. His body leans into the turn while his paws maintain convincing ground contact.

His tail follows the curved route slightly after the torso, emphasising the direction change.

The camera tracks with him from a wider three-quarter angle, showing the exposed canyon, railings, stairs, and middle-floor entrance ahead.

He crosses toward the entrance without pausing.
SHOT 5 | 4.7–5.8s — MIDDLE INTERIOR

Use the doorway as a visual wipe into the middle interior cavern.

The camera passes through the doorway just ahead of him and continues retreating.

Son of Seto sprints across the uneven cavern floor. He lowers his head and shoulders to duck beneath low industrial pipes while keeping all four paws coordinated.

He uses the top edge of a barrel as the first brief foothold, then pushes from a stable rock ledge as a second foothold. These contacts form one continuous rising action that launches him toward the vertical ladder.

The barrel must react with a small, believable shift but must not collapse. The rocky ledge remains solid.

Dust and tiny debris may scatter at contact.

End the shot with his body rising toward the ladder and his forepaws reaching upward.

SHOT 6 | 5.8–7.0s — OBSERVATORY CLIMB
Continue directly into a steep upward camera tilt from below.

Son of Seto catches separate ladder rungs with both forep"
renoise-2075205148293693763,IMAGE TO VIDEO — 15 SECONDS,,真人,特效向,动作大片,,en,Seedance 2.0,,,renoise-ai/awesome-seedance-prompts,https://github.com/renoise-ai/awesome-seedance-prompts/blob/904b6caffa21c2b114bb93e1bd0e37ba80b3dd10/data/prompts/2075205148293693763.json,CC-BY-4.0,BGKuaci,https://x.com/BGKuaci/status/2075205148293693763,True,prompts/真人/特效向/动作大片/renoise-2075205148293693763--IMAGE-TO-VIDEO-—-15-SECONDS.md,"IMAGE TO VIDEO — 15 SECONDS
This footage has the authentic visual characteristics of an early-2000s consumer DV camcorder recording. The DV camcorder is operated entirely by an unseen tribal cameraman riding another Carnotaurus alongside the war party. The camera itself is never visible. No camcorder, GoPro, action camera, selfie stick, camera rig, drone, helmet camera, body-mounted camera, filming equipment, or modern technology may appear anywhere in the frame. The entire clip must feel like genuine accidental home-video footage documenting a prehistoric war expedition—raw, chaotic, imperfect, completely unscripted, and physically believable.
The young prehistoric tribal woman from the reference image is the fearless leader of her tribe. She is exactly the same woman shown in the reference image, with identical facial features, naturally long dark brown wavy hair, healthy tan skin, expressive brown eyes, and wearing the exact same handcrafted beige buckskin dress featuring the white bone breastplate, turquoise bead embroidery, leather fringes, feather hair ornament, matching necklaces, bracelets, moccasins, and every tribal accessory perfectly matching the reference image. Her face, hairstyle, clothing, jewelry, and body proportions remain perfectly consistent throughout the footage.
She rides an enormous Carnotaurus, approximately 8–9 meters long, with an immensely muscular body, thick powerful hind legs, massive tail, dark reddish-brown scales patterned with black markings, powerful neck muscles, small forearms, and distinctive twin horns above its eyes. A realistic prehistoric leather saddle, woven rope harness, and handcrafted wooden riding frame are tightly secured around the dinosaur using thick leather straps and primitive wooden supports. Every stride feels heavy, violent, and physically realistic.
The footage begins with immediate action.
The Carnotaurus suddenly explodes into a full-speed sprint across an enormous dusty prehistoric valley. Every thunderous footstep violently shakes the ground while rocks and dirt are blasted into the air beneath its feet. The woman instantly leans low over the dinosaur's neck, gripping thick leather reins with one hand while raising a long wooden spear in the other. Her long hair, feather ornament, leather fringes, turquoise beads, and clothing whip violently in the rushing wind.
The unseen cameraman struggles to stay balanced atop another charging Carnotaurus only a few meters behind, causing aggressive handheld camera shake as both dinosaurs race across uneven terrain at incredible speed.
As the camera catches up, dozens of tribal warriors riding their own Carnotaurus emerge from thick clouds of dust. Every rider carries primitive wooden spears, stone axes, bows, shields made from woven wood and animal hide, clubs, and burning torches. Their Carnotaurus roar continuously while charging together in a massive prehistoric cavalry formation.
Suddenly the camera rises over a rocky ridge, revealing an enormous enemy army charging directly toward them across the open valley. Hundreds of primitive warriors ride giant dinosaurs through immense clouds of dust while raising spears and battle banners. The distance between both armies closes rapidly as the ground trembles beneath the combined weight of the charging dinosaurs.
The woman's Carnotaurus releases a deafening roar before making a violent turn around a massive fallen tree without slowing down. The camera nearly loses sight of her as another charging Carnotaurus races only inches past the lens, showering the frame with dirt, dust, and flying debris.
Enemy warriors suddenly begin launching primitive spears across the battlefield. One spear narrowly misses the unseen cameraman, forcing an instinctive duck that produces violent handheld movement, imperfect framing, and a brief loss of focus before the operator quickly recovers.
The woman stands slightly in the saddle despite the violent movement, pointing her spear directly toward the approaching enemy while shouting battle commands. Her Carnotaurus accelerates even faster as dozens of other mounted warriors charge beside her. Massive dust clouds, roaring dinosaurs, and hundreds of charging riders completely fill the valley, creating the overwhelming feeling that an enormous prehistoric war is only seconds away.
The footage ends just before both dinosaur cavalry forces collide, leaving maximum anticipation and the feeling that the cameraman barely survived long enough to capture the charge.
The footage remains handheld throughout with all the natural imperfections of an authentic early-2000s consumer DV camcorder: constant violent handheld shake caused by riding a sprinting Carnotaurus, unstable framing, reactive camera movement, autofocus hunting during rapid motion, noticeable lens breathing, rolling shutter wobble, exposure shifts between bright sunlight and drifting dust clouds, motion blur, faded DV colors, soft contrast, mild DV compression artifac"
renoise-2075213278536687658,Ultra-cinematic viral influencer transformation video featuring the same…,,真人,特效向,奇幻怪兽,,en,Seedance 2.0,,,renoise-ai/awesome-seedance-prompts,https://github.com/renoise-ai/awesome-seedance-prompts/blob/904b6caffa21c2b114bb93e1bd0e37ba80b3dd10/data/prompts/2075213278536687658.json,CC-BY-4.0,Maria,https://x.com/thisismariaa25/status/2075213278536687658,True,prompts/真人/特效向/奇幻怪兽/renoise-2075213278536687658--Ultra-cinematic-viral-influencer-transfo.md,"Ultra-cinematic viral influencer transformation video featuring the same beautiful female influencer throughout every scene with perfectly consistent facial identity, realistic skin texture, premium editorial beauty, and luxury fashion styling. Every genre is portrayed as a living movie scene, not just an outfit change. Hyper-realistic VFX, practical effects, cinematic lighting, 8K, ultra-detailed, luxury production quality, viral social media aesthetic. Vertical 9:16, 15 seconds, no dialogue, music-driven, on-screen genre titles.

Scene 1 (0:00–0:02.5) — FANTASY 🐉The influencer stands on a rocky cliff wearing an elaborate fantasy warrior queen gown with embroidered armor, flowing cape, jeweled crown, and magical glowing sword. A gigantic dragon lands behind her, roaring as its wings stir the air. She confidently climbs onto the dragon's back as glowing runes, floating embers, and magical energy swirl around her. Epic fantasy orchestral music. On-screen text: FANTASY. Dramatic cinematic orbit shot.
Transition: The dragon flies directly toward camera, filling the frame with fire that morphs into neon light.

Scene 2 (0:02.5–0:05) — SCI-FI 👽The influencer now wears sleek futuristic chrome fashion with illuminated details. She walks through a futuristic city while enormous UFOs hover overhead, holograms float around her, autonomous drones scan the streets, and laser beams illuminate the skyline. A giant spaceship slowly descends behind her. Electronic synth soundtrack. On-screen text: SCI-FI. Fast cinematic tracking shot with holographic overlays.
Transition: A massive digital glitch tears across the screen.

Scene 3 (0:05–0:07.5) — HORROR 👻 Everything suddenly becomes silent. The influencer now appears as the terrifying main villain herself—pale cracked skin, haunting eyes, blood-stained vintage dress, unnaturally twisted posture, long black hair partially covering her face. Lights flicker violently as she slowly tilts her head before suddenly appearing much closer to the camera in a supernatural jump-cut. The hallway behind her stretches impossibly into darkness while ghostly figures briefly emerge from the shadows. Disturbing horror ambience. On-screen text: HORROR. Creeping handheld camera.
Transition: A lightning strike whites out the screen.

Scene 4 (0:07.5–0:10) — HISTORICAL ⚔️ The influencer now wears an extravagant medieval royal gown with intricate embroidery, jeweled crown, and luxurious cape as she confidently walks through the grand hall of a magnificent castle. Knights kneel as banners wave overhead, towering stone arches surround her, servants open massive doors, and sunlight pours through stained glass windows while soldiers march outside the castle courtyard. Epic orchestral soundtrack. On-screen text: HISTORICAL. Majestic crane shot.
Transition: She spins dramatically, her cape filling the frame.

Scene 5 (0:10–0:12.5) — ACTION 💥 The influencer instantly transforms into a stylish action heroine wearing premium tactical fashion. She sprints through an exploding action set while helicopters fly overhead, sparks rain from collapsing structures, and cinematic debris flies past. She slides behind cover, dual-wields pistols, then confidently walks away from a massive explosion without looking back. High-energy percussion soundtrack. On-screen text: ACTION. Fast tracking shots with speed ramps and dynamic camera shakes.

Transition: Explosion flash becomes soft golden sunlight.

Scene 6 (0:12.5–0:15) — ROMANCE 🌹 The influencer now wears a breathtaking couture gown as she stands beneath thousands of floating rose petals during golden hour. A gentle breeze moves her hair and dress while glowing lanterns illuminate a beautiful garden. She smiles softly as her partner reaches for her hand and they begin a graceful slow dance. Warm cinematic bokeh fills the frame. Emotional orchestral-pop soundtrack. On-screen text: ROMANCE. Slow cinematic dolly ending with a dreamy close-up.

Award-winning cinematography, impossible seamless transformations, premium editorial fashion, blockbuster-level visual effects, realistic physics, ultra-smooth transitions, dramatic lighting, highly immersive movie-inspired environments, luxury color grading, hyper-realistic CGI integration, social-media viral pacing, every genre instantly recognizable within seconds while maintaining one perfectly consistent influencer identity throughout."
renoise-2075213479871418587,Apply the reference motion from <Video 1> to the puppet character in <Image 1>…,,真人,现实向,时尚写真,,en,Seedance 2.0,,,renoise-ai/awesome-seedance-prompts,https://github.com/renoise-ai/awesome-seedance-prompts/blob/904b6caffa21c2b114bb93e1bd0e37ba80b3dd10/data/prompts/2075213479871418587.json,CC-BY-4.0,Christopher Fryant,https://x.com/cfryant/status/2075213479871418587,True,prompts/真人/现实向/时尚写真/renoise-2075213479871418587--Apply-the-reference-motion-from-Video-1.md,Apply the reference motion from <Video 1> to the puppet character in <Image 1>. The motion of the hand controls the mouth of the puppet - hands of the puppet do not move on their own.
renoise-2075214127342223673,"A cybernetic frost wyvern launches from a glacier fortress, diving through…",,其他,,动物萌宠,,en,Seedance 2.0,,,renoise-ai/awesome-seedance-prompts,https://github.com/renoise-ai/awesome-seedance-prompts/blob/904b6caffa21c2b114bb93e1bd0e37ba80b3dd10/data/prompts/2075214127342223673.json,CC-BY-4.0,Rishabh,https://x.com/Rixhabh__/status/2075214127342223673,True,prompts/其他/动物萌宠/renoise-2075214127342223673--A-cybernetic-frost-wyvern-launches-from.md,"A cybernetic frost wyvern launches from a glacier fortress, diving through storm clouds as frozen lightning tears across the sky."
renoise-2075225260258205961,# 制作方針,,漫剧,特效向,科幻机甲,2D日漫,ja,Seedance 2.0,link-only,copyrighted-character,renoise-ai/awesome-seedance-prompts,https://github.com/renoise-ai/awesome-seedance-prompts/blob/904b6caffa21c2b114bb93e1bd0e37ba80b3dd10/data/prompts/2075225260258205961.json,CC-BY-4.0,かえりみちのつづき,https://x.com/kaerimichinotzk/status/2075225260258205961,True,prompts/漫剧/特效向/科幻机甲/renoise-2075225260258205961--制作方針.md,
renoise-2075236916988166493,"@image1 — Haruto,27岁,建筑师,身高185cm,黑色微乱短发,银色项链坠饰,黑色高领衫/衬衫,黑色西裤,黑色靴子,性格沉稳睿智。",,漫剧,现实向,剧情短片,2D日漫,en,Seedance 2.0,,,renoise-ai/awesome-seedance-prompts,https://github.com/renoise-ai/awesome-seedance-prompts/blob/904b6caffa21c2b114bb93e1bd0e37ba80b3dd10/data/prompts/2075236916988166493.json,CC-BY-4.0,Cia0,https://x.com/Cia0_exe/status/2075236916988166493,True,"prompts/漫剧/现实向/剧情短片/renoise-2075236916988166493--image1-—-Haruto,27岁,建筑师,身高185cm,黑色微乱短发,银.md","@image1 — Haruto,27岁,建筑师,身高185cm,黑色微乱短发,银色项链坠饰,黑色高领衫/衬衫,黑色西裤,黑色靴子,性格沉稳睿智。
@image2 — Aoi,24岁,数字艺术家,身高168cm,红色长发刘海,项圈搭配吊坠,黑色oversize西装外套,黑色百褶裙,黑色靴子,性格活泼富有表现力,喜欢城市夜晚。
场景:涩谷十字路口 / 道顿堀(夜晚,霓虹灯闪烁,人潮涌动,充满活力的都市夜景氛围)。
第一段(0-10秒)
风格:日系动漫电影质感,高对比度霓虹光效,深蓝夜色基调,雨后湿润路面反光,运镜流畅带丝滑转场。
0-3秒 — 广角建立镜头:
镜头从高空俯冲而下,穿过涩谷十字路口璀璨的霓虹广告牌,降落跟随 @image1 与 @image2 并肩走过斑马线,Aoi手臂轻摆,笑着东张西望。
对白(Aoi,兴奋):
「ねえ、ハルト、あそこの看板見て!めっちゃ大きくない?」
3-6秒 — 侧向平行跟拍:
镜头从侧面平视高度跟随,Haruto转头看向她指的方向,霓虹灯光在他脸上投射出蓝紫色光影,嘴角浮现淡淡笑意。
对白(Haruto,沉稳):
「ああ、確かに。でも君の方が目立ってると思うよ。」
6-10秒 — 反应特写:
镜头特写Aoi略带娇羞又忍不住笑出声的表情,轻轻捶了一下Haruto的手臂,画面平滑拉远至广角,两人在闪烁霓虹与人潮中并肩而笑。
第二段(10-20秒)
10-13秒 — 低角度行走镜头:
镜头低角度跟随两人的脚步,Aoi俏皮地小跳一下模仿模特走姿,Haruto无奈摇头轻笑。
对白(Aoi,俏皮):
「見て見て、モデルみたいでしょ?」
13-16秒 — 环绕镜头:
镜头围绕两人半圈旋转,他们在一处霓虹招牌前短暂停留,五彩灯光在两人脸上流转变幻。
对白(Haruto,忍笑):
「うん、まるでファッション誌の表紙みたいだ。」
16-20秒 — 双人中景镜头:
镜头缓缓靠近,两人继续前行,Aoi调皮地用肩膀撞了撞Haruto,镜头平滑摇向夜空中闪烁的高楼灯光与霓虹广告。
第三段(20-30秒)
20-23秒 — 逆光剪影镜头:
镜头采用逆光角度,两人并肩而行的剪影在璀璨都市灯海中清晰勾勒,街灯与霓虹交织闪烁。
对白(Aoi,温柔):
「今日、一緒に歩けて楽しかった。」
23-26秒 — 双人侧脸特写:
镜头从侧面捕捉两人转头相视而笑的画面,夜风轻拂过Aoi的红发与Haruto的黑发,霓虹色光在他们脸颊上跳跃闪烁。
对白(Haruto,真诚):
「うん、俺も。また今度、どこか行こう。」
26-30秒 — 广角收尾镜头:
镜头缓缓拉远至广角,两人并肩走入璀璨夜色与人潮之中,城市霓虹灯光渐次点亮整个画面,镜头画面缓缓淡出收尾。
镜头技巧总览:广角建立镜头、侧向平行跟拍、反应特写、低角度行走镜头、环绕镜头、双人中景镜头、逆光剪影镜头、双人侧脸特写、广角收尾镜头——每3-4秒切换一种运镜方式,配合流畅转场(叠化/匹配剪辑)保持叙事节奏自然连贯。
光效强化:霓虹灯光反射、深蓝夜色基调、湿润路面倒影、逆光剪影轮廓、多彩广告牌流光溢彩、脸部特写时的柔和霓虹光晕。
配音一致性:Aoi声音活泼轻快带点俏皮感;Haruto声音沉稳低沉,偶尔带点温柔的反击语气——全程日语对白自然流畅,背景音为都市夜晚人潮声、远处霓虹广告电流声与微风声。
负面提示词(需避免):禁止角色脸部/身体比例前后不一致、禁止转场生硬跳切、禁止灯光过曝导致细节丢失、禁止口型与对白不同步、禁止背景霓虹招牌文字扭曲变形。"
renoise-2075246288384504233,"Use the uploaded woman's face consistently throughout the video, preserving her…",,其他,,广告带货,,en,Seedance 2.0,,,renoise-ai/awesome-seedance-prompts,https://github.com/renoise-ai/awesome-seedance-prompts/blob/904b6caffa21c2b114bb93e1bd0e37ba80b3dd10/data/prompts/2075246288384504233.json,CC-BY-4.0,Poonam Soni,https://x.com/CodeByPoonam/status/2075246288384504233,True,prompts/其他/广告带货/renoise-2075246288384504233--Use-the-uploaded-woman-s-face-consistent.md,"Use the uploaded woman's face consistently throughout the video, preserving her exact facial features, skin tone, hairstyle, and appearance.

Create a highly realistic cinematic sci-fi experience in a premium Apple Vision Pro-inspired aesthetic with soft volumetric lighting, elegant holograms, subtle blue ambient glow, and ultra-detailed futuristic visuals. The video opens in a cozy modern living room during sunset where the woman, wearing a fitted white t-shirt and blue jeans, sits comfortably on a beige sofa.

She picks up a sleek transparent VFX headset and gently wears it. As the glasses activate, blue holographic HUD elements appear around her face, digital particles float in the air, and an AI voice softly says, ""Welcome to 2050."" The living room gradually dissolves as she begins watching another version of herself living in the future.

She sees her future self walking confidently through a breathtaking AI-powered smart city filled with flying taxis, autonomous delivery drones, robotic assistants, vertical gardens, holographic advertisements, and intelligent transportation systems. The scene transitions into an advanced smart home where lights automatically adjust, coffee brews on its own, a robot vacuum cleans the floor, a smart mirror displays the day's schedule, and an AI assistant manages household tasks seamlessly.

Her future self then works effortlessly in a sophisticated workspace surrounded by floating holographic screens while AI agents design presentations, edit videos, schedule meetings, translate languages, summarize information, and monitor health metrics in real time. She smiles with amazement as everything around her is enhanced by AI. Suddenly, the holograms begin fading, and the video cuts back to reality. She is once again sitting on her sofa, slowly removing the VFX glasses with an expression of wonder, softly laughing and saying, ""Wow... this is the future."" The camera gently pulls back as glowing text appears on screen reading ""SEE THE FUTURE. LIVE WITH AI."" The video fades to black. Ultra-realistic cinematic quality, premium VFX, natural skin textures, smooth camera movements, subtle lens flares, and an inspiring optimistic atmosphere. Negative prompt: cartoon, anime, low quality, blurry face, duplicate person, distorted hands, extra fingers, plastic skin, text artifacts, watermark, shaky camera, oversaturated colors, low-detail holograms, unrealistic robots."
renoise-2075256754305446112,"Follow the attached storyboard reference sheet exactly for content, character…",,漫剧,特效向,奇幻冒险,绘画风,en,Seedance 2.0,,,renoise-ai/awesome-seedance-prompts,https://github.com/renoise-ai/awesome-seedance-prompts/blob/904b6caffa21c2b114bb93e1bd0e37ba80b3dd10/data/prompts/2075256754305446112.json,CC-BY-4.0,Kiki,https://x.com/Mayz1169/status/2075256754305446112,True,prompts/漫剧/特效向/奇幻冒险/renoise-2075256754305446112--Follow-the-attached-storyboard-reference.md,"Follow the attached storyboard reference sheet exactly for content, character design, and shot progression: a joyful, playful fantasy adventure clip in a semi-realistic painterly illustration style, warm natural sunlight, soft brushwork texture. A young dark-haired rider with windswept hair, a red cloth mask/scarf around her neck, wearing a light gray tunic and dark wrapped trousers, carries a long wooden pole; she rides a massive shaggy white-and-black yak-like beast with huge curved horns wrapped in blue-and-orange striped cloth with small bells and a thick white fur mane; a sleek dark wolf runs alongside; a hawk with swept-back wings flies close by. Setting: a vast highland plain covered in blooming pink wildflowers, rolling green hills, distant snow-capped mountains. Fast lateral tracking camera, whip pans, playful handheld energy. [0-5s] The wolf darts ahead first, bounding through the flowers and glancing back playfully, the rider laughs and urges the great beast forward to give chase with her pole raised like a banner in the wind, the hawk dives down teasingly close to the wolf's head then banks upward again. [5-10s] The rider stands slightly up in the saddle with arms wide open reveling in the wind, the whole group runs in a loose joyful line across the meadow as petals swirl up around the beast's legs catching sunlight like confetti, the wolf spins mid-run to snap playfully at a floating petal and tumbles briefly before bounding up again. [10-15s] The rider laughs at the wolf's antics and pats the beast's neck affectionately, the hawk briefly lands on the tip of the raised pole riding along before launching off again, the group crests a gentle rise as distant mountains and blue sky open up before them, ending with their silhouettes framed against the endless flowering plain, full of life and freedom. Frame holds steady at the end."
renoise-2075258055974109451,Clean black-and-white line-art storyboard sheet titled CROSSING BLADES…,,漫剧,特效向,武侠打斗,绘画风,en,Seedance 2.0,,,renoise-ai/awesome-seedance-prompts,https://github.com/renoise-ai/awesome-seedance-prompts/blob/904b6caffa21c2b114bb93e1bd0e37ba80b3dd10/data/prompts/2075258055974109451.json,CC-BY-4.0,Kiki,https://x.com/Mayz1169/status/2075258055974109451,True,prompts/漫剧/特效向/武侠打斗/renoise-2075258055974109451--Clean-black-and-white-line-art-storyboar.md,"Clean black-and-white line-art storyboard sheet titled CROSSING BLADES, fast-paced intense sword duel. Grid of 12 numbered panels (P01-P12), 4 columns by 3 rows, thin borders, small caption under each number, animation storyboard sketch style. Uncolored pencil line art, uniform thin outlines, no shading, no color, white background, sharp motion lines and speed streaks in every panel. Two recurring characters: blond swordsman with scarf and katana, black-haired swordsman in long coat with scarf and katana. P01 both sprint toward each other, low angle. P02 both leap into the air, blades drawn back. P03 mid-air cross slash, blades meet. P04 extreme close-up sparks at the crossing blades. P05 both spin past each other mid-air, motion trails. P06 both land in low crouch, immediately lunging again. P07 rival lunges forward with a fast slash. P08 blond parries and spins around him. P09 blond fires a quick counter-slash. P10 rival ducks under the blade at the last second. P11 rival sweeps a low kick while rising. P12 blond leaps back into a ready stance, frame holds steady. Dynamic energetic poses, consistent line weight, rough animatic sketch."
renoise-2075258808197394921,"Use Image1 as the sole source of the man's final appearance and wardrobe, and…",,真人,特效向,动作大片,,en,Seedance 2.0,,,renoise-ai/awesome-seedance-prompts,https://github.com/renoise-ai/awesome-seedance-prompts/blob/904b6caffa21c2b114bb93e1bd0e37ba80b3dd10/data/prompts/2075258808197394921.json,CC-BY-4.0,Al-Shamus,https://x.com/im_shahid7/status/2075258808197394921,True,prompts/真人/特效向/动作大片/renoise-2075258808197394921--Use-Image1-as-the-sole-source-of-the-man.md,"Use Image1 as the sole source of the man's final appearance and wardrobe, and Image2 as the sole source of the monster's final appearance.
One continuous developing master shot, no visible cuts, 15 seconds. One virtual wide lens with aggressive motivated camera movement.

VISUAL MEDIUM: Photorealistic live-action cinematic footage, natural skin texture, real fabric and material detail, physically accurate lighting, filmic color grade, shallow-to-deep focus shifts, subtle lens imperfections and grain.
MOTION LANGUAGE: Relaxed confident stride shifting into calm street-football freestyle, then one explosive precision strike; monster moves with heavy destructive lumbering weight; crowd moves in panicked scatter with realistic stumbles and collisions.
VISUAL EFFECTS: Grounded VFX-style crackling blue-white electric arcs along the man's kicking leg, lightning-wrapped ball trail with heat distortion, practical ground shockwaves and debris from monster steps, realistic dust and paper litter kicked up by fleeing crowds, hard impact burst with sparks on the monster hit.
CINEMATOGRAPHY: Late-afternoon golden-hour urban light with long shadows, handheld-feel wide close-tracking with motivated stabilizer moves, dramatic speed-ramp into slow motion at the strike, strong foreshortening on the ball launch, anamorphic flares from electric arcs.
AUDIO: No music. City ambience, distant screams, monster roar and ground-shaking footsteps, calm ball taps, rising electric hum, deep bass slow-mo whoosh, thunderclap kick, monster impact crash.
ENVIRONMENT: Real open urban plaza: wide paved ground, storefronts with glass reflections, scattered street furniture, food stalls, dense crowds of pedestrians. Beyond the plaza, a realistic cityscape where the monster emerges between buildings.
EMOTIONAL GUIDANCE: Image1 radiates unbothered, almost amused calm amid total chaos, sharpening into surgical focus at the moment of the strike; the crowd embodies raw believable panic; Image2 embodies mindless menace.
RHYTHM + ESCALATION: Casual walking rhythm is shattered by the monster's arrival and crowd panic; the man's calm freestyle builds quiet tension against the chaos; time crushes into slow motion as the charged kick loads, then detonates into a hyperspeed lightning strike and a colossal knockback payoff.

BEATS:
P01 (0-2s): Camera tracks backward at chest height in a relaxed medium; Image1 fills center-left, strolling toward camera through the plaza with the ball carried casually in one hand at hip level; pedestrians drift naturally in the background with realistic gait variety. His pace is easy, shoulders loose.
P02 (2-4s): Camera whips up and rotates as a deafening roar hits; Image2 erupts between buildings in the upper background, slamming a foot down; the frame jolts with camera shake from the shockwave, glass storefronts rattle, dust and debris burst outward, and the crowd freezes for a half-beat before shattering into panic.
P03 (4-6s): Camera drops to waist height in a wide tracking shot; dozens of people sprint past Image1 in both foreground and background, motion-blurred and screaming; Image1 stands almost still at center, calmly dropping the ball from his hand to his instep, catching it dead with one soft touch as chaos streams around him.
P04 (6-8s): Camera snakes down to ankle height and circles his feet in a tight medium; Image1 chains a relaxed freestyle flow — sole rolls, a lazy around-the-world, knee bounce — the ball obedient and quiet against the distant crashing of Image2 advancing through the plaza edge; faint electric sparks begin to flicker at his ankle, casting real light on the pavement.
P05 (8-10s): Camera booms up to a low three-quarter angle framing Image1 in the foreground left and the charging Image2 deep in the background right on a collision line; across the plaza into the distance in a crash of dust, debris, and arcing residual lightning;"
renoise-2075267700499091547,"Production storyboard, 16:9 aspect ratio, 9-panel grid (3×3 layout)…",,漫剧,特效向,科幻机甲,绘画风,en,Seedance 2.0,,,renoise-ai/awesome-seedance-prompts,https://github.com/renoise-ai/awesome-seedance-prompts/blob/904b6caffa21c2b114bb93e1bd0e37ba80b3dd10/data/prompts/2075267700499091547.json,CC-BY-4.0,Iqra Saifi,https://x.com/IqrasaifiAI/status/2075267700499091547,True,"prompts/漫剧/特效向/科幻机甲/renoise-2075267700499091547--Production-storyboard,-16-9-aspect-ratio.md","Production storyboard, 16:9 aspect ratio, 9-panel grid (3×3 layout), professional animation pre-production quality. Comic-style ink line art with cinematic camera direction annotations.

Character & Scene: Sonic Ballet Operative (female, cybernetic jaw, iridescent white leotard, translucent skirt, en pointe cyber-shoes, dual glowing cyan/magenta sonic batons). She is gracefully destroying a swarm of drones in heavy, gridlocked urban traffic.

MAIN TITLE BAR: Bold brutalist typography: ""HARMONIC CONFLICT // KINETIC ARC — EPISODE 01: THE GRIDLOCKED SYMPHONY"". Tagline: ""PRECISION. RESONANCE. CONTROL. ORDER IS FREEDOM."" Include a barcode and production stamp.

PANEL 1 — ESTABLISHING SHOT: WIDE AERIAL. Gridlocked cars. Operative stands ready against incoming drones. SFX: Drone_WHIRR / Drone_SCAN. Guideline: Establish scale. Operative vs swarm.

PANEL 2 — CLOSE-UP: MACRO LENS. Carbon fiber hand grips a car frame. Operative’s face reflected in side mirror, glowing visor. SFX: Drone_FAILURE. Guideline: Cold concrete vs iridescent cyan/magenta.

PANEL 3 — KINETIC STRIKE: 35mm TRACKING. Operative strikes a drone on a car hood. SFX: Drone_FAILURE. Guideline: Motion trails on sonic pulses. Emphasize skirt silhouette.

PANEL 4 — EVASION: DUTCH ANGLE LOW GROUND. Operative poses between stopped trucks, batons glowing. SFX: SPIN / RESONANCE_WHINE. Guideline: Cyan and magenta are the only colors. High contrast.

PANEL 5 — KEY MOMENT: 3/4 FRONT, 24MM CINEMATIC. Operative en pointe, batons crossed, emitting a massive circular sonic boom that shatters drones. SFX: Sonic_BOOM / Music Hit. Guideline: Full silhouette readability. Containment ring center frame.

PANEL 6 — MELEE: BEHIND TRACKING, 35mm. Operative kicks a drone out of the air next to a motorcycle courier. SFX: Drone_SKID / Clang. Guideline: Focus on mechanical braces and speed lines.

PANEL 7 — TENSION: EXTREME CLOSE-UP. Drone crashing inches from Operative's face near a car grille. SFX: WHOOSH / Impact. Guideline: Maximum tension. Visor glow lights the scene.

PANEL 8 — SILHOUETTE: WIDE ORTHO FRONT. Pitch black character silhouette against grey concrete, leaving vibrant iridescent cyan and magenta light trails. SFX: ZIP / RESONANCE_RUSH. Guideline: Pure silhouette shot.

PANEL 9 — EXIT SHOT: HERO LOW ANGLE. Operative stands triumphant en pointe on a car roof, destroyed drones littering the traffic below. SFX: Victory_CHORAL / Music Hit. Guideline: Victory composition. Operative above the chaos.

ANNOTATION STYLE: Typed/handwritten camera direction labels, SFX callout boxes in cyan and magenta, slow-motion markers in grey circles, panel numbers top-left. Footer: FPS specs (120 FPS / 240 FPS), color palette swatches (Concrete White / Matte Black / Iridescent Cyan / Iridescent Magenta / Graphite), code HAR-01 // 001, and the Order tagline."
renoise-2075325559865770491,"This is messy, fast-cut 1980s home video shot on a VHS camcorder in a trailer…",,真人,现实向,年代怀旧,,en,Seedance 2.0,,,renoise-ai/awesome-seedance-prompts,https://github.com/renoise-ai/awesome-seedance-prompts/blob/904b6caffa21c2b114bb93e1bd0e37ba80b3dd10/data/prompts/2075325559865770491.json,CC-BY-4.0,TechHalla,https://x.com/techhalla/status/2075325559865770491,True,"prompts/真人/现实向/年代怀旧/renoise-2075325559865770491--This-is-messy,-fast-cut-1980s-home-video.md","This is messy, fast-cut 1980s home video shot on a VHS camcorder in a trailer park in Alabama. Cuts happen very frequently, around every 1.5 seconds.

The camera jumps quickly between lots of different shots: different angles of the trailers, people outside, the dirt ground, clotheslines, cars, and random moments happening around the park. The editing feels spontaneous and slightly chaotic, as if the person filming keeps changing their mind about what to show.

The camera is extremely shaky and handheld, with constant movement and loose framing. The footage has the distinctive texture and color of real 1980s VHS video.

Natural sound only, recorded with the built-in microphone.

The result must feel like genuine, fast and chaotic home video from someone randomly filming life in an Alabama trailer park in the 1980s."
renoise-2075329016043594124,Create a hyper-cinematic 15-second continuous single-take extreme snow sled…,,真人,特效向,动作大片,,en,Seedance 2.0,,,renoise-ai/awesome-seedance-prompts,https://github.com/renoise-ai/awesome-seedance-prompts/blob/904b6caffa21c2b114bb93e1bd0e37ba80b3dd10/data/prompts/2075329016043594124.json,CC-BY-4.0,ai.gezgini,https://x.com/ai_gezgini/status/2075329016043594124,True,prompts/真人/特效向/动作大片/renoise-2075329016043594124--Create-a-hyper-cinematic-15-second-conti.md,"Create a hyper-cinematic 15-second continuous single-take extreme snow sled video. Use the provided character sheet as strict reference for the woman’s identity, pale skin, bright blue eyes, long straight black hair, athletic body, white fitted winter sport outfit with a modest V-neck, insulated white snow shorts, black gloves, black winter boots, snow sled, and all gear. Keep the outfit sporty, practical, and non-sexualized; no lingerie-like styling, excessive cleavage, or erotic posing. Do not change her identity, outfit, sled, or equipment.

Only one sled rider appears: this woman only. No other riders, skiers, snowboarders, vehicles, silhouettes, or background people anywhere.

Setting: bright snowy mountain slope, deep powder, icy texture, uneven ridges, carved snow paths, small bumps, flying snow crystals, cold wind, and dangerous downhill speed. Raw, fast, cinematic, physically believable.

Video style: one continuous 15-second shot with absolutely no cuts, hidden cuts, transitions, montage, or jump cuts. It must feel like one uninterrupted camera move. Hyper-real motion, natural motion blur, snow on lens, powder spray, wind, sled scraping, impact sound, camera shake, and believable body-weight corrections. No text, logos, or subtitles.

Music and sound: fast downhill action music with driving percussion, rising tension during the slide, stretched cinematic sound in ultra slow motion, and a hard bass hit when full speed returns. Mix with wind, sled scrape, snow spray, and heavy impact.

The video begins with the woman already sliding fast directly toward the camera. The camera is close to her face and upper body, slightly low, showing focused blue eyes, black hair moving in the cold wind, and controlled balance.

In the first movement, she rushes past the camera. Without any cut, the camera instantly swings and drops behind her into an extremely low trailing angle, very close to the sled, almost touching the snow. From then on, the camera tightly chases the sled downhill from behind.

She accelerates hard. One hand grips the sled, the other lowers into the snow, fingertips cutting powder and throwing spray back toward the lens. She carves left and right through uneven snow ridges in fast slalom moves, the sled tilting naturally with each turn. Snow sprays from both sides and hits the camera.

The camera stays low, close, and behind, emphasizing sled rails, powder trails, vibration, and dangerous downhill motion. No scene change, no reset, no time skip.

She hits a rough icy section and launches from a larger snow ridge while still holding the sled. Time shifts into dramatic ultra slow motion. During the jump, the camera performs a smooth 180-degree orbit around her, moving from low rear-follow around her side toward a frontal angle while staying close and continuous. As the orbit reaches the front, she looks directly into the camera, points toward the viewer with one hand, and keeps gripping the sled with the other hand. Snow crystals freeze in the air, her hair lifts, her face stays intense and confident, and the sled remains clearly visible beneath her.

As the orbit finishes, slow motion suddenly ends and full speed returns. The sled slams hard back into the powder with a brutal impact. The camera shakes violently, the sled compresses, snow explodes toward the lens, powder blasts everywhere, and the bass impact hits hard. The video ends while she continues speeding downhill in the same uninterrupted take."
renoise-2075333319626289346,"A professional hand-drawn film storyboard sheet on clean white paper, landscape…",,其他,,风景空镜,,en,Seedance 2.0,,,renoise-ai/awesome-seedance-prompts,https://github.com/renoise-ai/awesome-seedance-prompts/blob/904b6caffa21c2b114bb93e1bd0e37ba80b3dd10/data/prompts/2075333319626289346.json,CC-BY-4.0,el.cine,https://x.com/EHuanglu/status/2075333319626289346,True,prompts/其他/风景空镜/renoise-2075333319626289346--A-professional-hand-drawn-film-storyboar.md,"A professional hand-drawn film storyboard sheet on clean white paper, landscape orientation, realistic graphite pencil sketch with subtle shading, rough production storyboard style, visible construction lines, handwritten annotations and technical labels.

Top header:
PROJECT: BMW M4 COMMERCIAL
SEQ: 01
PAGE: 1 OF 1

Location: Classic House Kitchen / Desk
Mood: Funny / Chaotic / Slapstick
Scene: Toy Car Chaos / Slapstick

The page contains eight storyboard panels arranged in a 4x2 grid with thin black borders and numbered circles (1-8).

Panel 1:
A cozy home office desk with an open silver laptop displaying three BMW M4 cars on a car configurator website. Desk lamp, mug, pens, bookshelf in background.
Caption:
""Tom checks the 3 cars online.""

Panel 2:
The BMW M4 toy cars suddenly burst out of the laptop screen onto the keyboard.
Caption:
""Car breaks the screen!""

Panel 3:
Three miniature BMW M4s race across the wooden desk.
Caption:
""The cars speed off!""

Panel 4:
The owner reaches toward the cars trying to stop them as they drive away.
Caption:
""Tom tries to stop them.""

Panel 5:
One toy BMW M4 jumps over a smartphone while the others chase behind.
Caption:
""Car jumps over Tom's phone.""

Panel 6:
Wide top-down view of the toy cars drifting around kitchen chairs and furniture with motion arrows showing the chase path.
Caption:
""Chase through the kitchen!""

Panel 7:
A coffee mug tips over while one BMW narrowly slides past the spilling coffee.
Caption:
""Slip! Close call!""

Panel 8:
The laptop displays a finished race result while the desk looks messy after the chaos.
Caption:
""Chaos erupts. Race over!""

Right-side reference column:
Title:
CAST (Cars)

Three colored reference renders:
• Purple BMW M4
• Green BMW M4
• Red BMW M4

Below:
PROPS & SET DESIGN

Small reference sketches of:
Laptop
Coffee mug
Desk lamp
Smartphone
Pens
Chair
Plant

Bottom production notes:
NOTES / TIMING:
Fast-paced slapstick, big expressions, clear chase paths, keep energy high!

DIR: Your Name
DATE: 05/24/2024

Style:
Professional Hollywood storyboard artist sketch, graphite pencil on white paper, realistic perspective, rough production drawing, clean storyboard layout, handwritten production notes, subtle paper texture, cinematic framing, expressive motion lines, monochrome pencil artwork except for the colored vehicle reference renders on the right."
renoise-2075360464901710195,"Use @Video1 as the base video. Keep the woman, her exact swimming movements and…",,真人,特效向,特效综合,,ja,Seedance 2.0,,,renoise-ai/awesome-seedance-prompts,https://github.com/renoise-ai/awesome-seedance-prompts/blob/904b6caffa21c2b114bb93e1bd0e37ba80b3dd10/data/prompts/2075360464901710195.json,CC-BY-4.0,タナベ | 動画・音声生成AI解説,https://x.com/tanabe_fragm/status/2075360464901710195,True,prompts/真人/特效向/特效综合/renoise-2075360464901710195--Use-Video1-as-the-base-video.-Keep-the-w.md,"Use @Video1 as the base video. Keep the woman, her exact swimming movements and their timing, her face, flowing blonde hair, white bikini, the four-shot cut structure with identical cut timing, and each shot's camera movement exactly the same. Do not change her appearance or motion in any way. Replace and add only the following environment and VFX elements:

Replace the resort pool entirely with the open ocean, far from any land: she is now freediving in a vast deep-blue sea, and an enormous gentle humpback whale swims beside her.

Shot 1 (0-2.5s) — WATER-LEVEL VIEW, THE DIVE (the hook):
Same framing and dive — but around her, instead of pool edges, the open ocean stretches to the horizon in every direction, deep sapphire swell glittering in late-afternoon sun, a few distant clouds. As her legs rise against the sky and she slides under, a huge dark shadow is faintly visible beneath the surface behind her.
Sound: open-water wind and swell replacing the pool ambience.

Shot 2 (2.5-5.5s) — UNDERWATER SIDE TRACKING, THE SWIM (the scale shot):
Same lateral tracking and same swimming motion — but the pool floor is gone: below her, an endless column of deep blue fading to black, pierced by god rays of sunlight. And swimming parallel to her, slightly deeper and behind, an ENORMOUS humpback whale glides in the same direction — its barnacled head, long white pectoral fins and slow powerful tail beats dwarfing her tiny silhouette. They travel together through the light shafts, her dolphin kicks and its tail strokes in gentle rhythm. Her figure must stay tiny against the whale's scale.
Sound: deep muffled ocean, and a long, soft whale song echoing.

Shot 3 (5.5-8s) — UNDERWATER CLOSE-UP, EYE CONTACT (the key contrast shot):
Same frontal close-up, same push-in, same bubbles — but at 6.5s, exactly when her eyes shift to her left, the whale's colossal head slides slowly into the blurred background on that side and comes into focus: its giant ancient EYE passes just meters from her and calmly meets her gaze. Sunlight ripples across the whale's skin. Where the base video showed a lane rope, there is now the eye of a forty-ton whale. Her expression of quiet wonder now has its true meaning.
Sound: the whale song swelling gently.

Shot 4 (8-10s) — WATER-LEVEL VIEW, SURFACING WITH THE WHALE:
Same framing and surfacing motion: she breaks the surface, sweeps her hair back in the same arc of golden droplets — and behind her, the whale's immense dark back breaks the surface like a rising island, water streaming off its skin, its blowhole releasing a soft column of mist against the sky (not touching her). At 9.5s, exactly when the swell rocks her, it is the water displaced by the whale that rocks her — and as the shot ends, the whale's great tail fluke lifts out of the sea behind her, streaming water in the golden light, and slides silently under.
Sound: the deep whoosh of the whale's breath, then calm swell.

Lighting integration is critical: the same late-afternoon sunlight as the base video — golden sparkle on the surface shots, god rays and caustics underwater, the whale's wet skin gleaming, soft blue bounce light in all shadows. The whale must be gentle and unthreatening throughout — a moment of wonder, not danger.
All scale cues must come from the environment: the horizon, the god rays, the whale's slow speed, the mist column, the endless depth below — her motion stays exactly as in @Video1.
Style: photorealistic marine VFX, ""The Big Blue"" freediving cinema aesthetic, National Geographic underwater clarity, cinematic color grade (deep sapphire ocean, golden surface light, white bikini and whale's white fins as accents), 16:9.
Avoid: jitter, distortion, deformation, blur on her face, cartoon look, shark, danger mood, the whale touching her. No text, no captions, no watermark, no logo."
renoise-2075386988426096709,PART 1 • 0:00–0:15 — THE REVEAL & THE KISS (9:16),,真人,现实向,甜宠恋爱,,en,Seedance 2.0,,,renoise-ai/awesome-seedance-prompts,https://github.com/renoise-ai/awesome-seedance-prompts/blob/904b6caffa21c2b114bb93e1bd0e37ba80b3dd10/data/prompts/2075386988426096709.json,CC-BY-4.0,Jessica Collins,https://x.com/AIwithJessica/status/2075386988426096709,True,prompts/真人/现实向/甜宠恋爱/renoise-2075386988426096709--PART-1-•-0-00–0-15-—-THE-REVEAL-THE-KISS.md,"PART 1 • 0:00–0:15 — THE REVEAL & THE KISS (9:16)

0:00–0:03 — Arrival
Continuous crane arc already in motion around the couple on the tip of Tokyo Tower's antenna mast. Only one Tokyo Tower visible. Wind moves Jessy's hair and trench dress. He wears the yellow kawaii mascot helmet.
Jessy: ""You're seriously wearing that up here?""
Man: ""Only for you.""

0:03–0:06 — Reveal
Camera continues the same arc. He removes the helmet, revealing tousled brown hair and blue eyes.

0:06–0:09 — Pull
Continuous crane widens. He pulls Jessy close by the waist, she grabs his jacket collar. The Polloai flag becomes visible above.

0:06–0:09 — Kiss
Camera keeps pulling back with a subtle Dutch roll. They kiss on the tip of Tokyo Tower as the grade transitions from hazy news footage to warm cinematic.

0:12–0:15 — Sway
Wide shot. They slowly turn while kissing. Tokyo Tower and the Polloai flag remain clearly visible.

PART 2 • 0:15–0:25 — THE SPIN & THE VIEW (9:16)

Continuity: First frame must exactly match the last frame of Part 1.

0:15–0:18 — Spin
Continue the identical crane arc and orbit. He spins Jessy once on the tower tip. Dress, jewelry and blue-streaked hair flow naturally.
Jessy: ""Don't drop me from up here!""

0:18–0:21 — Second Kiss
Orbit tightens into a close two-shot. They share another soft kiss, foreheads touching between kisses.

0:21–0:23 — View
Camera cranes upward and pulls back. They face the glowing Tokyo skyline together with the Polloai flag above.

0:23–0:25 — Hold
Slow push-in. They remain embracing on the tip of Tokyo Tower until fade to black.

Strict: Maintain the exact reference camera movement throughout. All actions happen only on the tip of Tokyo Tower, with only one Tokyo Tower visible in every shot."
renoise-2075396606971801733,"VIDEO PROMPT — THE GHOST IN THE CARNIVAL (30s Horror-Comedy Vlog Short, 16:9) —…",,真人,特效向,恐怖灵异,,en,Seedance 2.0,,,renoise-ai/awesome-seedance-prompts,https://github.com/renoise-ai/awesome-seedance-prompts/blob/904b6caffa21c2b114bb93e1bd0e37ba80b3dd10/data/prompts/2075396606971801733.json,CC-BY-4.0,Shami,https://x.com/ShamiWeb3/status/2075396606971801733,True,prompts/真人/特效向/恐怖灵异/renoise-2075396606971801733--VIDEO-PROMPT-—-THE-GHOST-IN-THE-CARNIVAL.md,"VIDEO PROMPT — THE GHOST IN THE CARNIVAL (30s Horror-Comedy Vlog Short, 16:9) — ROLES SWITCHED
Style: Found footage horror • paranormal investigation vlog • cinematic suspense • horror-comedy twist. Setting: abandoned carnival at night.

CHARACTER DESCRIPTIONS
Maya (the vlogger):
Early-20s girl, radiant and striking. Wears a flowing rainbow ombré dress — fabric transitioning from violet at the shoulders through blue, green, yellow, orange, to red at the hem, catching light with a subtle iridescent shimmer. Hair styled in the longer side braided into a thick rope braid streaked in matching rainbow pastel colors, small silver hoop earrings, soft glowing skin, bright hazel eyes with a curious, fearless sparkle. Carries a handheld camera and flashlight throughout. Same dress, hair, and gear consistent across every shot — no drift.
Jake (the boyfriend / ""the ghost""):
Mid-20s, tall athletic build, tousled dark brown hair, strong jawline, warm brown eyes, light stubble, handsome and charming. Wears a fitted black bomber jacket over a grey henley, dark jeans, worn leather boots. Same face and outfit consistent across all appearances.
Setting: Abandoned carnival at night — rusted ferris wheel silhouette against the moon, cracked funhouse mirrors, tattered circus tents flapping in wind, broken carousel horses frozen mid-gallop, flickering string lights barely holding power.
Sound design: Low ambient horror BGM (creaking metal, distant wind chimes, faint off-key carousel melody) building tension throughout, swelling into a sharp orchestral stab at the jumpscare, then cutting to warm acoustic guitar strum for the comedic ending.

CUT-SCENE BREAKDOWN
(0:00–0:04) — ACT 1: The Investigation
Found-footage handheld shot: Maya walks alone through the carnival gates, flashlight beam cutting through fog, camera slightly shaky, rainbow braid swaying. Rusted ferris wheel looms behind her, carousel horses frozen in the dark.
Dialogue (Maya, to camera): ""Alright guys… this place has been closed for like fifteen years. Let's see what we find.""
BGM: low ambient drone, distant creaking metal.
(0:04–0:08) — ACT 2: The Warning Signs
Maya walks past a row of cracked funhouse mirrors. In one mirror's reflection — barely visible in the background — a flash of a dark jacket flickers past, gone before she turns. She doesn't notice. Camera lingers a beat too long on the empty mirror.
BGM: single high string note, tension rising.
(0:08–0:12) — ACT 3: The Reveal
Maya pushes into a tattered circus tent. Flashlight flickers. A pale face flashes directly behind her in frame — gone in a blink. She spins around, flashlight sweeping, rainbow dress catching the light.
Dialogue (Maya, nervous): ""...Okay, who's there?""
BGM: dissonant sting.
(0:12–0:16) — ACT 4: The Chase
The figure appears directly behind Maya — full jumpscare, dark silhouette catching the light for a split second before vanishing. Maya bolts, camera shaking violently as she sprints between carousel horses, the figure flashing briefly in and out of frame from different angles.
Dialogue (Maya, panicked): ""Oh my god— OH MY GOD—""
BGM: sharp orchestral hit, frantic percussion.
(0:16–0:20) — ACT 5: The False Ending
Maya ducks into the old ticket booth, slams the door shut behind her. Silence. Heavy breathing. She slides down against the door, flashlight shaking in her hand, camera catching her relieved exhale, braid falling loose over her shoulder.
Dialogue (Maya, whispering): ""Okay... okay, I think I lost it.""
BGM: music drops to near-silence, just her breathing and wind outside.
(0:20–0:25) — ACT 6: The Twist Begins
Behind Maya, unnoticed, a silhouette rises slowly in the booth's shadowed corner — tall frame stepping forward silently, closer, closer. Maya senses it, turns her flashlight up in dread.
BGM: tension rebuilding, single sustained note.
(0:25–0:30) — The Reveal & Comedy Twist
The ""ghost"" steps into the light — it's Jake, grinning, hands raised in mock surrender. Maya freezes in shock, then bursts out laughing in relief, swatting his arm.
Dialogue (Maya): ""IS THAT YOU?! Jake, what the— I almost had a heart attack!""
Dialogue (Jake, laughing): ""You scream like a little girl, you know that?""
BGM: sudden shift to warm, playful acoustic guitar strum. Hard cut to black.
Text overlay: ""Never bring your boyfriend to a horror investigation."""
renoise-2075402473653875128,"An army supply depot at night, rows of fuel tanks and trucks under bright…",,真人,特效向,动作大片,,en,Seedance 2.0,,,renoise-ai/awesome-seedance-prompts,https://github.com/renoise-ai/awesome-seedance-prompts/blob/904b6caffa21c2b114bb93e1bd0e37ba80b3dd10/data/prompts/2075402473653875128.json,CC-BY-4.0,Rahul Nanda,https://x.com/rahulnanda86/status/2075402473653875128,True,"prompts/真人/特效向/动作大片/renoise-2075402473653875128--An-army-supply-depot-at-night,-rows-of-f.md","An army supply depot at night, rows of fuel tanks and trucks under bright floodlights. A slimy alien with long tentacles has wrapped itself around a fuel truck's hose line, and the fuel is leaking onto the ground. No one can shoot near it — one spark could blow up the whole depot. A technician who works on the depot's water systems every day is at the sprinkler control box. A soldier stands ready nearby with a length of live wire. Sound: hissing fuel, dripping water, alien hissing, shouting, radio voices.

Shot 1 (0–3s) — THE HOOK: Low shot along the fuel line. The alien's tentacles are wrapped tight around the hose, squeezing it, fuel spraying out onto the ground below. Soldiers back away with their rifles lowered — too dangerous to fire here. One shouts into his radio: ""NOBODY SHOOT! IT'LL BLOW THE WHOLE YARD!""

Shot 2 (3–6s): At the sprinkler control box, the technician grabs the big lever, watching the fuel spread across the yard. He calls on the radio: ""Flooding it now! Get the wire ready!"" Nearby, a soldier holds a long live wire, waiting for his signal.

Shot 3 (6–9s): The technician pulls the lever. Sprinklers burst on across the whole yard, water pouring down and washing the spilled fuel away, leaving the ground soaked but safe. The alien, still wrapped on the hose, is now standing in a wide flooded puddle, alone in the open water.

Shot 4 (9–13s) — BIG SLOW-MOTION MOMENT: The soldier throws the live wire into the flooded ground. Bullet time — the wire spins through the air in slow motion, water droplets hanging around it, sparks already jumping off the tip — and it lands in the puddle right beside the alien.

Shot 5 (13–15s): Time snaps back. Electricity rips across the flooded ground in a bright flash, lighting up the alien from every side as it shakes and drops. The fuel truck sits safe and untouched. Soldiers watch from a distance as the sparks die down. Cut."
renoise-2075402758107382131,An army camp at the edge of a jungle clearing in bright daylight. A tall wooden…,,真人,特效向,动作大片,,en,Seedance 2.0,,,renoise-ai/awesome-seedance-prompts,https://github.com/renoise-ai/awesome-seedance-prompts/blob/904b6caffa21c2b114bb93e1bd0e37ba80b3dd10/data/prompts/2075402758107382131.json,CC-BY-4.0,Rahul Nanda,https://x.com/rahulnanda86/status/2075402758107382131,True,prompts/真人/特效向/动作大片/renoise-2075402758107382131--An-army-camp-at-the-edge-of-a-jungle-cle.md,"An army camp at the edge of a jungle clearing in bright daylight. A tall wooden watchtower stands near the fence, a soldier posted on top keeping watch. A giant anaconda, thick as a bus with dark green scales, has coiled around the base of the tower, squeezing the wooden legs until they start to crack. The tower leans further with every second, the soldier gripping the rail up top. Below, a truck with a cargo winch is parked nearby — the crew uses it every day to move heavy loads around camp. Sound: creaking wood, groaning rope, shouting men, snake hissing, radio voices.

Shot 1 (0–3s) — THE HOOK: Low shot up at the tower. The giant anaconda's coils squeeze the wooden legs of the watchtower, wood splitting and cracking as the whole structure tilts sideways. Up top, the soldier grabs the rail to stay standing and shouts into his radio: ""IT'S CRUSHING THE TOWER! I'M GOING TO FALL!""

Shot 2 (3–6s): At the winch truck, the crew hooks the cargo cable onto one of the tower's own support beams near the top. The truck driver calls on the radio: ""Hold on tight! We're pulling it over — jump when it drops!""

Shot 3 (6–9s): The winch cable pulls tight and the truck reverses hard, yanking the leaning tower sideways even further. The soldier climbs over the rail and leaps off the falling tower onto the back of a parked truck below, landing safe as the whole structure keeps tipping.

Shot 4 (9–13s) — BIG SLOW-MOTION MOMENT: The tower gives way completely. Bullet time — the whole wooden frame crashes down in slow motion, beams and splinters flying through the air, coming down directly on top of the coiled anaconda still wrapped around the base.

Shot 5 (13–15s): Time snaps back. A huge crash of broken wood and dust settles over the collapsed tower, the crocodile — no, the anaconda — pinned flat and still underneath it. The rescued soldier climbs down off the truck, safe, looking back at the wreckage. Cut."
renoise-2075403563094937805,"An army jeep sits at the edge of a marked minefield in bright daylight, dry…",,真人,特效向,动作大片,,en,Seedance 2.0,,,renoise-ai/awesome-seedance-prompts,https://github.com/renoise-ai/awesome-seedance-prompts/blob/904b6caffa21c2b114bb93e1bd0e37ba80b3dd10/data/prompts/2075403563094937805.json,CC-BY-4.0,Rahul Nanda,https://x.com/rahulnanda86/status/2075403563094937805,True,prompts/真人/特效向/动作大片/renoise-2075403563094937805--An-army-jeep-sits-at-the-edge-of-a-marke.md,"An army jeep sits at the edge of a marked minefield in bright daylight, dry open ground with red warning signs and a wire fence running along one side. A mega crocodile, huge as a truck, has bitten onto the back of the jeep and is shaking it hard. At his post by the warning fence, the demolition engineer watches — he laid these mines himself and knows every safe lane through them. Sound: roaring engine, crunching metal, croc hissing, shouting, radio voices.

Shot 1 (0–3s) — THE HOOK: Low rear shot at the fence line. The mega crocodile has its jaws locked on the back of the jeep, dragging it toward the minefield, dust flying off the spinning wheels. The driver fights the wheel and shouts into his radio: IT'S PUSHING ME INTO THE FIELD!

Shot 2 (3–6s): At the warning fence, the demolition engineer grabs his map of the field and keys his radio, eyes on the jeep: Reverse down the white posts! That lane is clear! He points along a line of small white marker posts running through the field.

Shot 3 (6–9s): The driver slams into reverse and backs fast down the safe lane between the white posts, the jeep tearing loose from the croc's jaws. The crocodile lunges after it — but charges straight across the open ground, off the safe lane, right over the buried mines.

Shot 4 (9–13s) — BIG SLOW-MOTION MOMENT: The croc's foot lands on the first mine. Bullet time — one blast, then another, then a whole chain of explosions ripping across the field in slow motion, dirt and fire erupting under the crocodile, its huge body thrown up into the air, twisting inside the blasts.

Shot 5 (13–15s): Time snaps back. The chain of explosions thunders across the whole minefield, the crocodile crashing down into the smoke and fire. The jeep reverses out safely past the fence, the engineer lowering his map as dust rolls over the warning signs. Cut."
renoise-2075418319872749629,"Single continuous uninterrupted cinematic shot, no cuts, one flowing 15-second…",,真人,特效向,动作大片,,en,Seedance 2.0,,,renoise-ai/awesome-seedance-prompts,https://github.com/renoise-ai/awesome-seedance-prompts/blob/904b6caffa21c2b114bb93e1bd0e37ba80b3dd10/data/prompts/2075418319872749629.json,CC-BY-4.0,Yunan Helmy A,https://x.com/unxinstudio/status/2075418319872749629,True,prompts/真人/特效向/动作大片/renoise-2075418319872749629--Single-continuous-uninterrupted-cinemati.md,"Single continuous uninterrupted cinematic shot, no cuts, one flowing 15-second take. Photorealistic live-action film, NOT animated, NOT a video game, NOT CGI render. Desaturated cool palette with warm amber accents, deep shadow falloff, fine 35mm grain, high-budget professional action film look. Night rooftop of a tall city building, cold blue moonlight and distant city glow, wind and light haze.

The main character [IMAGE REFERENCE] is completely UNARMED at the start, both hands empty, wearing plain dark civilian clothes.

0-2s: tense close shot — the character takes cover with his BACK pressed flat against a large rooftop air conditioning unit, leaning sideways to peek around the edge of the cover, face clearly visible in panicked expression; a single special forces guard with a rifle is patrolling slowly and walking CLOSE past the other side of the same air conditioning unit, only two meters away, completely UNAWARE of the character's presence, not looking in his direction. 2-3s: the moment the guard walks right past the corner of the cover, the character explodes out from hiding and AMBUSHES him at point-blank range before the guard can react or raise his rifle.

3-6s: fierce close-quarters fight — the character grabs the rifle with bare hands, twists it out of the guard's grip so it drops to the floor, delivers one powerful elbow strike and slams the guard hard onto the rooftop — the guard lies motionless, completely defeated.

6-7s: the character snatches the fallen rifle from the ground in one fluid motion — the FIRST moment he holds any weapon. 7-10s: a helicopter rises from below the building edge with a blinding spotlight and begins firing — the character aims the stolen rifle upward and fires a sustained burst until the helicopter erupts in a massive violent explosion, fireball and debris lighting up the night sky.

10-14s: without stopping, the character sprints across the rooftop, leaps the gap to the next building and rolls on landing, then keeps running as two more helicopters with searchlights approach in the far distance.

14-15s: he dives into a dark emergency stairwell door as their spotlights sweep the rooftop behind him.

Camera stays handheld, tight, fast and reactive the entire time, tracking every movement like real documentary action footage. No music."
renoise-2075418950381506667,"Ultra-cinematic stylized 3D animated football film, inspired by high-end…",,漫剧,特效向,科幻机甲,3D卡通,en,Seedance 2.0,,,renoise-ai/awesome-seedance-prompts,https://github.com/renoise-ai/awesome-seedance-prompts/blob/904b6caffa21c2b114bb93e1bd0e37ba80b3dd10/data/prompts/2075418950381506667.json,CC-BY-4.0,Taaruk,https://x.com/Taaruk_/status/2075418950381506667,True,prompts/漫剧/特效向/科幻机甲/renoise-2075418950381506667--Ultra-cinematic-stylized-3D-animated-foo.md,"Ultra-cinematic stylized 3D animated football film, inspired by high-end feature animation, ultra-detailed chibi characters with oversized expressive eyes, premium CGI, realistic stadium environments, dramatic floodlights, volumetric lighting, cinematic depth of field, HDR, 8K, smooth camera motion, one continuous action sequence.

The film opens with a breathtaking aerial shot of a futuristic football stadium glowing beneath the night sky. Thousands of fans fill every seat as blue neon lights sweep across the arena. The camera rapidly dives toward the pitch before revealing a small chibi football prodigy standing confidently at midfield.

The young blond striker wears a white football jersey, blue shorts, long white socks, and football boots. His determined expression contrasts with his adorable proportions. As the crowd roars, he begins dribbling with unbelievable speed and precision. The camera follows with dynamic tracking shots, orbiting around him while defenders desperately attempt to steal the ball.

He effortlessly performs stepovers, roulettes, nutmegs, body feints, elasticos, and lightning-fast direction changes. Every touch is perfectly controlled as blue energy trails subtly follow the ball, emphasizing his extraordinary skill without looking unrealistic.

The action intensifies as defenders charge from every direction. The tiny footballer slips between them with impossible agility, leaving opponents frozen in place. Slow-motion close-ups capture determined facial expressions, spinning football boots, flying turf, and the ball rolling inches from each defender.

The camera pushes into an extreme close-up of the player's face. His eyes ignite with glowing golden energy, symbolizing complete focus and unstoppable confidence. Stadium lights reflect across his determined expression while the cheering crowd fades into dramatic silence.

He accelerates toward the penalty area at incredible speed. The camera switches between low-angle tracking shots, first-person dribbling views, aerial drone perspectives, and dramatic cinematic close-ups. Time briefly slows as he strikes the ball with perfect technique.

The football launches through the air wrapped in blazing orange flames, leaving a spectacular fire trail behind it. The camera follows the spinning ball across the stadium as thousands of fans rise to their feet.

The blazing shot smashes into the top corner of the goal with explosive force. The net ripples violently as fireworks erupt around the stadium and confetti fills the air. The crowd explodes with deafening celebration while teammates rush toward the young hero.

The final shot shows the chibi football star standing proudly beneath the stadium lights, smiling confidently as sparks drift through the air. Epic sports atmosphere, emotional victory, premium animated feature-film quality, ultra-realistic lighting, physically accurate motion, masterpiece, cinematic sports commercial, vibrant colors, 8K HDR."
renoise-2075429886425223281,Animate the provided first frame into a 15-second cinematic anime football epic…,,漫剧,特效向,战斗大招,2D日漫,en,Seedance 2.0,,,renoise-ai/awesome-seedance-prompts,https://github.com/renoise-ai/awesome-seedance-prompts/blob/904b6caffa21c2b114bb93e1bd0e37ba80b3dd10/data/prompts/2075429886425223281.json,CC-BY-4.0,apob,https://x.com/apob_ai/status/2075429886425223281,True,prompts/漫剧/特效向/战斗大招/renoise-2075429886425223281--Animate-the-provided-first-frame-into-a.md,"Animate the provided first frame into a 15-second cinematic anime football epic trailer in 16:9 widescreen. Keep the same rain-soaked World Cup-style stadium, same wet pitch, same dramatic floodlights, same two main characters, same emotional high-stakes atmosphere, but render everything in a high-budget anime sports film style rather than live action.
STYLE:
Cinematic anime sports drama, high-budget anime movie trailer, detailed cel shading, painterly stadium backgrounds, dramatic shonen sports intensity, hand-drawn rain effects, stylized water splashes, glowing floodlights, subtle film grain, expressive close-ups, slow-motion action, anime impact frames, speed lines, emotional visual pacing. The video should feel bigger than football, like a final battle inside a stadium.
CHARACTER LOCK:
Arman is always the crimson-kit striker and captain. He has short wet black hair, olive skin, intense dark anime eyes, light stubble, deep crimson football kit with black trim, no real logos, captain armband, black socks, worn white boots.
Dante is always the charcoal-kit goalkeeper. He is tall, pale, shaved head, sharp blue anime eyes, dark charcoal goalkeeper kit, padded gloves, black boots.
Do not swap their roles, outfits, faces, or positions. No real footballers, no real team branding.
TIMELINE:
0–2s:
Start from the first frame. Low grass-level anime shot near the wet ball and penalty spot. Arman stands over the ball in heavy rain. Dante is visible far away on the goal line. Floodlights glow through mist with strong anime bloom.
2–3.5s:
Cut to Arman close-up. Rain runs down his face in stylized droplets. His dark eyes narrow with determination. His wet black hair clings to his forehead. The crowd behind him becomes a painterly blur of color and light.
3.5–5s:
Cut to Dante close-up. He flexes his gloves and lowers into a ready stance. His sharp blue eyes reflect the ball. Blue-white floodlight outlines his body like an anime rival aura.
5–6.5s:
Low shot of Arman’s boots stepping backward from the ball. Mud, water, and grass blades shift under his feet with exaggerated anime detail. The ball remains still on the penalty spot.
6.5–8s:
Wide side-profile shot. Arman and Dante face each other across the rain-soaked pitch like duelists before battle. The stadium feels enormous, with flags waving, mist drifting, and floodlights cutting through the rain.
8–10s:
Arman begins his run-up in slow motion. Camera tracks low beside his legs. Water sprays from the grass with each step. Add subtle crimson motion streaks from his kit and captain armband.
10–11.5s:
Impact moment. Arman’s boot strikes the ball. Use a stylized anime impact frame: sharp black-and-white speed lines for a fraction of a second, then a burst of water droplets, grass fragments, and glowing motion trails.
11.5–13s:
The ball flies through rain toward the goal in slow motion. Camera follows from behind and slightly below the ball. The stadium lights stretch into anime speed lines, and droplets spin away from the ball.
13–14s:
Dante dives fully across the goal, gloves outstretched, body suspended in rain and light. His charcoal kit is rim-lit with blue-white glow. The ball passes near his fingertips.
14–15s:
Final dramatic anime hero shot. The net ripples in the background as the stadium erupts. Arman stands in the rain, chest rising, head slightly lifted, floodlights blazing behind him. End on an emotional anime sports-film frame, with rain, light, and crowd color surrounding him.
CAMERA:
Use anime movie trailer camera language: low grass-level angle, intense face close-ups, side-profile duel shot, slow-motion run-up, stylized impact frame, ball-tracking shot, diving goalkeeper shot, final hero frame. Camera should feel cinematic and dramatic, not a TV sports broadcast.
MOTION:
Rain falls constantly in hand-drawn streaks. Grass bends under footsteps. Mud and water spray with stylized anime exaggeration. Arman’s kit, armband, and hair move with his run. Dante’s gloves and jersey move during the dive. Crowd and flags blur into painterly motion.
LIGHTING:
Hard white anime stadium floodlights, misty halos, wet grass reflections, cool blue shadows, warm orange skin highlights, dramatic cel-shaded contrast, cinematic lens flare.
ENDING:
End with a powerful emotional anime frame that feels bigger than football: Arman alone in the rain, stadium roaring behind him, the net moving in the distance, destiny decided."
renoise-2075435755842015494,创作一段超级电影感的连续单镜头滑水视频，跟随一艘快艇。严格参考提供的角色表来描绘这位女性：冷白色皮肤，明亮的黑眼睛，长直黑发，苗条健美身材，白色-蓝色深V领没月…,,真人,现实向,运动,,zh,Seedance 2.0,,,renoise-ai/awesome-seedance-prompts,https://github.com/renoise-ai/awesome-seedance-prompts/blob/904b6caffa21c2b114bb93e1bd0e37ba80b3dd10/data/prompts/2075435755842015494.json,CC-BY-4.0,PixelAIGC,https://x.com/PixelAigc/status/2075435755842015494,True,"prompts/真人/现实向/运动/renoise-2075435755842015494--创作一段超级电影感的连续单镜头滑水视频,跟随一艘快艇-严格参考提供的角色表来描绘.md","创作一段超级电影感的连续单镜头滑水视频，跟随一艘快艇。严格参考提供的角色表来描绘这位女性：冷白色皮肤，明亮的黑眼睛，长直黑发，苗条健美身材，白色-蓝色深V领没月泳衣，白色-蓝色滑水板和黑色绑带，牵引绳把手，以及滑水装备。

仅出现一名主体：仅此女性。无其他骑手、冲浪者、多余船只。唯一载具是前方的快艇，通过直接连接到它的牵引绳拉动她。绳索始终从她的手中伸向前方的快艇，仅显示前向船只拉力。

场景：明亮开阔水域，蓝绿色的水面，阳光反射，强劲的快艇尾浪，白色泡沫，小波浪，水花，风声，以及引擎声。原始、快速、电影感、真实。

摄影风格：高速的运动摄影记录片高清电影质感，35mm镜头，跟随拍摄，有随波浪跳动的抖动和模糊，冷色调，自然太阳光。

视频风格：一段连续镜头，无剪辑、无隐藏剪辑、无转场、无蒙太奇。超级逼真的运动，自然运动模糊，绳索张力，滑板掠水声，镜头水滴，水花，风噪，以及可信的身体调整。

音频：充满活力的电影动作音乐。从时尚的肾上腺素节拍开始，伴随清晰的引擎、风、滑板和水声。在超慢动作期间，转为深沉低音、上升张力，以及空灵悬浮的冲击感。在着陆时，锐利打击并回归全速动作能量。

视频以非常近的前视图开始，展示这位女性已在快艇后滑水。镜头紧贴她的脸部和上半身，略微低位。她自信微笑看着镜头，湿漉漉的黑发在风中飘动，白色V领泳衣可见，一手紧握牵引绳把手。绳索清楚地从她的手中延伸至前方的快艇。
镜头平滑拉远并降至更低位置。她高速掠过镜头，无任何剪辑，镜头顺势流转至她身后，进入极低尾随角度，位于滑板水平，贴近水面，略微落后于滑板尾部。
现在镜头从身后跟随，低位且贴近。滑板切开水面，水花击中镜头，绳索保持张力指向快艇。她向后倾身对抗拉力，加速，并在尾浪上左右滑行，切割泡沫和波浪。她在波涛起伏的水面上做小幅真实跳跃，同时保持平衡。
然后她弯下腰，仍单手握住牵引绳，用空闲的手向下触水。她的指尖掠过水面，将水花向低位镜头甩回。
她加速冲向更大的上升船尾浪。绳索收紧，她压低滑板边缘，以真实跳跃方式从尾浪起飞，力度强劲但不过分夸张。
当她离开水面时，时间切换至超慢动作。镜头持续移动，推近她，同时平滑绕着她的身体旋转。单个水滴和悬浮水花颗粒清晰可见，伴随细微的发丝移动、绳索向船只的张力，以及微小的身体调整。
在顶点，她一手保持握住牵引绳把手，另一手抓住滑板。随着镜头绕得更近，她转脸面向镜头，以专注而强烈的凝视。
她松开滑板并向下坠落。在撞击瞬间，超慢动作立即结束，全速回归。她猛力着陆，引发爆炸性水花，水柱向镜头喷射。镜头保持低位在滑板后方，跟随撞击，然后迅速滑过一个大浪卷起的水幕穹洞，非常酷地滑跃。她重新获得平衡，继续以同一段不间断单镜头冲过快艇尾浪。"
renoise-2075454983601000452,"Follow the attached storyboard reference sheet exactly for content, character…",,漫剧,特效向,奇幻冒险,绘画风,en,Seedance 2.0,,,renoise-ai/awesome-seedance-prompts,https://github.com/renoise-ai/awesome-seedance-prompts/blob/904b6caffa21c2b114bb93e1bd0e37ba80b3dd10/data/prompts/2075454983601000452.json,CC-BY-4.0,Kiki,https://x.com/Mayz1169/status/2075454983601000452,True,prompts/漫剧/特效向/奇幻冒险/renoise-2075454983601000452--Follow-the-attached-storyboard-reference.md,"Follow the attached storyboard reference sheet exactly for content, character design, and shot progression: a fast-paced fantasy aerial dive sequence in a semi-realistic painterly digital illustration style, dynamic brushwork, dramatic sky lighting, motion streaks. A young dark-haired boy with a topknot hairstyle, tanned skin, wearing a gray-blue tunic and black shorts with wrapped leg guards, two large round bundles wrapped in white cloth strapped to his back, rides a massive dark gray serpentine wingless dragon with small horns and flickering fire trailing along its spine and tail, flying fast through thick white clouds. Steep dive camera angles, hard G-force framing, fast whip pans, rapid cuts, roaring wind and dragon roars. [0-5s] Extreme high shot as the dragon and rider plunge downward through the clouds in a steep dive, close on the boy gripping tight with one hand steadying a bundle as wind roars past, the dragon's long body ripples and twists mid-dive dodging a jagged mountain peak jutting through the clouds while fire sparks along its spine as it accelerates even faster. [5-10s] A sudden hard pull-up flattens the boy against the dragon's neck from the G-force, the dragon levels out and skims just above a rolling white cloud sea, the boy laughs exhilarated with his spear held high overhead, then the dragon weaves rapidly side to side through a narrow canyon of towering cloud formations. [10-15s] Close-up on the dragon's snarling face with embers glowing deep in its throat, it unleashes a roaring blast of fire straight ahead lighting the clouds bright orange, then banks into a tight victory spiral trailing fire and smoke, ending with the dragon and boy silhouetted against a blazing sunset sky soaring triumphantly. Frame holds steady at the end."
renoise-2075465453875384806,"image - dragon enters a woman's body, illuminating her from within; it then…",,真人,特效向,奇幻怪兽,,en,Seedance 2.0,,,renoise-ai/awesome-seedance-prompts,https://github.com/renoise-ai/awesome-seedance-prompts/blob/904b6caffa21c2b114bb93e1bd0e37ba80b3dd10/data/prompts/2075465453875384806.json,CC-BY-4.0,hedoήist,https://x.com/hedo_ist/status/2075465453875384806,True,"prompts/真人/特效向/奇幻怪兽/renoise-2075465453875384806--image---dragon-enters-a-woman-s-body,-il.md","image - dragon enters a woman's body, illuminating her from within; it then exits her body and flies around her. The woman enters a trance.

Photorealistic cinematic scene. It emerges from her body and flies around her.

no music. asmr sound"
renoise-2075474018983952881,Create a cinematic animated football penalty shot scene in a realistic sports…,,漫剧,特效向,科幻机甲,3D卡通,en,Seedance 2.0,,,renoise-ai/awesome-seedance-prompts,https://github.com/renoise-ai/awesome-seedance-prompts/blob/904b6caffa21c2b114bb93e1bd0e37ba80b3dd10/data/prompts/2075474018983952881.json,CC-BY-4.0,Space Rocker,https://x.com/SpaceRockerDude/status/2075474018983952881,True,prompts/漫剧/特效向/科幻机甲/renoise-2075474018983952881--Create-a-cinematic-animated-football-pen.md,"Create a cinematic animated football penalty shot scene in a realistic sports stadium.

A tense penalty kick is about to happen during a football match. The  striker has dark hair and a mustache, wearing a football kit, standing  focused behind the ball. The goalkeeper has blonde hair and stands  calmly in the center of the goal, looking relaxed and almost motionless.

The striker runs forward and powerfully strikes the ball. The ball  flies fast toward the far corner of the goal, clearly out of the  goalkeeper’s normal reach. The goalkeeper appears not to move at all,  still standing casually in the center.

Suddenly, impossibly, the goalkeeper catches the ball.

Cut to a dramatic slow-motion replay. Show the ball traveling toward  the corner of the goal. The goalkeeper’s arm secretly extends an  unnatural distance across the goal, stretching toward the corner. As the  arm extends, reveal shiny chrome robotic joints and mechanical parts  underneath, like a hidden cyborg mechanism. His robotic hand catches the  ball perfectly just before it enters the goal. The arm then retracts  smoothly back into normal human shape, the chrome parts disappearing  under his sleeve.

Return to real time. The goalkeeper stands casually in the center of  the goal, smiling confidently, holding the ball as if nothing unusual  happened. The striker stares in shock, then shakes his head in  disbelief. The crowd reacts with confusion and amazement.

Style: cinematic sports animation, realistic character movement,  dramatic camera angles, slow-motion replay, detailed stadium lighting,  suspenseful and slightly humorous tone."
renoise-2075480843855020525,ENVIRONMENT,,真人,特效向,武侠打斗,,en,Seedance 2.0,,,renoise-ai/awesome-seedance-prompts,https://github.com/renoise-ai/awesome-seedance-prompts/blob/904b6caffa21c2b114bb93e1bd0e37ba80b3dd10/data/prompts/2075480843855020525.json,CC-BY-4.0,Jessica Collins,https://x.com/AIwithJessica/status/2075480843855020525,True,prompts/真人/特效向/武侠打斗/renoise-2075480843855020525--ENVIRONMENT.md,"ENVIRONMENT
════════════════════════════════
An abandoned rooftop parking structure at dusk. Cracked concrete pillars, flickering fluorescent lights overhead, distant city skyline glowing through open bay windows, loose gravel and scattered rebar across the floor, a rusted chain-link fence along one edge.
════════════════════════════════
TIMELINE
════════════════════════════════
[0.0s–1.5s | Opening]
Static cinematic wide shot of the rooftop structure. Wind stirs loose dust across the concrete. Jessy stands alone near a pillar, wrist-wrapping her hands tight, eyes scanning the shadows. Flickering light catches the blue streaks in her loose front strands.
[1.5s–2.3s | The Ambush]
A well-dressed opponent bursts from behind a pillar, throwing a fast straight punch toward her face. Camera: quick handheld whip-pan.
Action: Jessy pivots her head sharply, slipping the punch by inches, buns swinging with the motion.
[2.3s–3.3s | Shot 1 — Counter]
Medium tracking shot. Jessy drives a sharp elbow into the opponent's ribs, immediately follows with a low leg sweep. Opponent stumbles back against a pillar.
[3.3s–4.5s | Shot 2 — The Grab]
Over-the-shoulder shot behind Jessy. A second attacker rushes in from the side. She grabs a length of loose rebar off the ground with both hands, spins with the momentum.
[4.5s–5.5s | Shot 3 — The Strike]
Wide side tracking shot. Jessy swings the rebar into the second attacker's shoulder — a dull metallic clang, he crumples sideways into the chain-link fence, which rattles violently.
[5.5s–6.5s | Shot 4 — Reset]
The first attacker charges back in. Jessy drops the rebar, ducks under his swing, grabs his collar and slams a knee upward into his torso.
[6.5s–7.3s | Shot 5 — Flying Strike]
Wide cinematic side angle. Jessy explosively leaps and drives a flying knee into his chest. Full bodies of both fighters remain visible in frame throughout the jump and impact.
[7.3s–7.8s | Slow Motion]
The knee impact enters dramatic 0.5-second slow motion, same wide angle, no reframing. Attacker bends backward violently, dust and grit drift through the flickering light, Jessy's loose blue-streaked strands suspended mid-air.
[7.8s–9.0s | Shot 6 — Ending]
Normal speed resumes. Attacker collapses hard onto the cracked concrete. Silence falls except wind and distant city hum.
[9.0s–10.5s | Aftermath]
Medium close-up. Jessy stands over him, breathing heavy, sweat glistening along her jaw and collarbone. She wipes a smear of sweat and blood from her lip with the back of her wrist, exhaling slowly. Eyes hard, unshaken.
[10.5s–15.0s | Final Hold]
Camera slowly pulls back into a wide shot as Jessy turns and walks toward the skyline-lit bay window, wind catching her loose blue-streaked strands, boots crunching over gravel and rebar. She doesn't look back. Fade to black on the last step.
════════════════════════════════
CAMERA
════════════════════════════════
Static establishing shot → quick handheld whip-pan for ambush → medium tracking for counter-strikes → over-the-shoulder for incoming attacker → wide side tracking for rebar strike → wide cinematic framing for flying knee → 0.5-second slow motion with full-body framing, no zoom → medium close-up aftermath → slow pull-back wide shot for exit walk."
renoise-2075482074413212015,"Cinematic, hyper-realistic, high-fidelity game engine aesthetic characteristic…",,真人,现实向,运动,,en,Seedance 2.0,link-only,copyrighted-character,renoise-ai/awesome-seedance-prompts,https://github.com/renoise-ai/awesome-seedance-prompts/blob/904b6caffa21c2b114bb93e1bd0e37ba80b3dd10/data/prompts/2075482074413212015.json,CC-BY-4.0,FATHELA ESQ,https://x.com/AmControo/status/2075482074413212015,True,"prompts/真人/现实向/运动/renoise-2075482074413212015--Cinematic,-hyper-realistic,-high-fidelit.md",
renoise-2075487043392880985,"Storyboard - A wide horizontal storyboard layout, 16:9 aspect ratio, arranged…",,其他,,美食,,en,Seedance 2.0,,,renoise-ai/awesome-seedance-prompts,https://github.com/renoise-ai/awesome-seedance-prompts/blob/904b6caffa21c2b114bb93e1bd0e37ba80b3dd10/data/prompts/2075487043392880985.json,CC-BY-4.0,𝐌,https://x.com/Strength04_X/status/2075487043392880985,True,prompts/其他/美食/renoise-2075487043392880985--Storyboard---A-wide-horizontal-storyboar.md,"Storyboard - A wide horizontal storyboard layout, 16:9 aspect ratio, arranged in a clean 3x3 grid with 9 panels total. Thin black borders separating each frame. Warm parchment/off-white background like a printed production board. At the top center, add the title: SPANISH SEAFOOD PAELLA — Production Storyboard. Each panel should have a small white label box in the top-left corner with the panel number in brackets: [1], [2], [3], etc. Under each panel, add a short italic serif caption starting with a two-digit number and an em dash.

Visual style: High-end cinematic food photography, warm rustic Spanish outdoor kitchen, golden afternoon sunlight, open wood fire flame beneath a wide carbon-steel paella pan, smoke, rough wooden outdoor table, terracotta tiles, saffron-yellow rice, bright red and orange seafood, old Spanish kitchen tools in the background, realistic textures, caramelized socarrat, appetizing food details, premium commercial cooking video look.

Panels:
[1] Hands finely dicing ripe tomato and red pepper on a rough wooden board, golden olive oil in a small ceramic dish nearby, warm Spanish sunlight. Caption: 01 — Prepare sofrito base ingredients.
[2] The sofrito of tomato, pepper, and garlic sizzling and slowly reducing in a wide carbon-steel paella pan over an open wood fire, smoke curling up. Caption: 02 — Fry sofrito in paella pan.
[3] Dry bomba rice poured into the sofrito, stirred with a wooden spoon until each grain is coated and lightly toasted, shimmering in oil. Caption: 03 — Toast bomba rice in pan.
[4] Bright saffron-infused golden stock being poured in a generous steady stream into the pan, steam surging dramatically as it hits the hot rice. Caption: 04 — Add saffron-infused stock.
[5] Fresh mussels, clams, whole prawns, and squid rings arranged in a decorative circle over the simmering saffron rice, raw seafood glistening. Caption: 05 — Arrange seafood over the rice.
[6] The paella pan on the open wood fire, rice cooking undisturbed, the edges beginning to caramelize into the deep golden-brown socarrat crust. Caption: 06 — Allow socarrat crust to form.
[7] A wooden spoon lifting the edge of the rice to reveal the dark, crispy caramelized socarrat bottom — the sign of a perfect paella. Caption: 07 — Check the golden socarrat crust.
[8] Pan removed from fire, lemon halves squeezed over the seafood in a golden mist of juice, fresh flat-leaf parsley scattered generously over the top. Caption: 08 — Rest, add lemon and parsley.
[9] Final hero shot of the complete paella pan on a rough wooden outdoor table, afternoon Spanish light, steam rising, seafood glistening, wooden spoon beside it. Caption: 09 — Completed paella, hero shot.

Make the entire storyboard feel like a polished production planning sheet for a premium Spanish food commercial. Keep every panel realistic, cinematic, warm golden-toned, detailed, consistent in lighting and outdoor kitchen environment."
renoise-2075504952383070504,"@image1(角色参考 — 完全按照该参考图呈现,不进行任何重新设计)年轻女性,黑色长发自然披肩,穿黑色背心搭配白色衬衫外套,气质清新自然,笑容温暖真实。",,真人,现实向,时尚写真,,en,Seedance 2.0,,,renoise-ai/awesome-seedance-prompts,https://github.com/renoise-ai/awesome-seedance-prompts/blob/904b6caffa21c2b114bb93e1bd0e37ba80b3dd10/data/prompts/2075504952383070504.json,CC-BY-4.0,Cia0,https://x.com/Cia0_exe/status/2075504952383070504,True,"prompts/真人/现实向/时尚写真/renoise-2075504952383070504--image1-角色参考-—-完全按照该参考图呈现,不进行任何重新设计-年轻女性,.md","@image1(角色参考 — 完全按照该参考图呈现,不进行任何重新设计)年轻女性,黑色长发自然披肩,穿黑色背心搭配白色衬衫外套,气质清新自然,笑容温暖真实。

场景:日本电车站台,傍晚金色阳光逆光洒落,电车轨道与电线杆构成的都市背景,自动扶梯扶手前景,营造真实时尚外景大片拍摄氛围。

画面风格:电影级写实摄影质感,专业人像打光,浅景深虚化背景,轻微胶片颗粒感,暖金色逆光调,自然真实的人体动作,杜绝任何僵硬或不自然的姿态,全程画质保持一致不变形。

总时长:15秒 | 画面比例:16:9横屏 | 分辨率:4K | 帧率:24帧

---

分镜脚本(每2秒切换一次姿势与运镜,模拟专业摄影跟拍现场):

0-2秒 — 开场逆光站姿(缓慢推近镜头):
镜头从站台远景缓慢推近,女子站立扶梯旁自然摆出正面站姿,逆光将她的发丝边缘染成金色光晕,电车呼啸驶过背景,她微笑着直视镜头。

画外音(女声,轻柔询问):
「このポーズで大丈夫?」

2-4秒 — 侧身回眸(轨道横移镜头):
镜头从右向左缓慢横移,她微微侧身转头回眸看向镜头,长发随风自然飘扬,阳光在她脸颊投下柔和光斑。

画外音(女声,带点期待):
「こっち向きの方がいい?」

4-6秒 — 手扶栏杆姿势(缓慢推近特写):
镜头缓慢推近,她轻扶身旁扶手栏杆,身体微微前倾做出放松自然的姿势,眼神清澈中带一丝俏皮,发丝随风飘动形成动态感。

画外音(女声,轻声确认):
「これ、自然な感じかな?」

6-8秒 — 仰头浅笑(俯角小幅度镜头):
镜头俯角捕捉她微微仰头浅笑的瞬间,阳光透过发丝洒落形成梦幻光晕,表情放松真实,像是拍摄间隙的自然流露。

8-10秒 — 转身望向电车(环绕镜头):
镜头缓慢环绕四分之一圈,她转身望向呼啸而过的电车再回眸看向镜头,发丝与衣摆随转身动作自然飘扬,肩颈线条在逆光下勾勒出柔和轮廓光。

画外音(女声,轻松愉悦):
「電車、ちょうどいいタイミングだね。」

10-12秒 — 双手插兜随性站姿(推近浅景深镜头):
镜头继续推近至更浅景深,她双手轻插外套口袋做出随性放松的站姿,嘴角泛起自然微笑,背景电车轨道与建筑形成朦胧散景光晕。

12-14秒 — 远景氛围收尾(缓慢拉远镜头):
镜头缓慢拉远,展现她与整个站台场景的完整画面,金色阳光洒满轨道与扶梯,营造出专业时尚大片的温暖氛围。

画外音(女声,满足地笑):
「今日、いい写真撮れそう。」

14-15秒 — 定格收尾(淡出镜头):
画面定格在她微笑伫立站台的姿态,仿佛摄影师按下快门的决定性瞬间,阳光透过发丝洒下金色光晕,镜头缓缓虚化边缘,画面渐暗淡出收尾。

---

运镜手法:缓慢推近、轨道横移、正面特写推近、俯角小幅度、环绕镜头、浅景深推近、缓慢拉远、淡出收尾——每2秒切换一次运镜与姿势,模拟专业摄影师跟拍指导现场的自然节奏。

光效强化:逆光发丝金边、傍晚暖阳洒落、脸颊光斑、发丝动态飘扬轮廓光、背景圆形散景光晕(bokeh)、暖金色胶片质感、电车灯光反射细节。

配音一致性:全程日语简短自然对白,语气轻柔放松略带随性感,如同真实拍摄现场模特自问自答的互动氛围,背景音为电车呼啸驶过声、微风吹动发丝的沙沙声、相机快门声若隐若现。

负面提示词:禁止面部比例或五官前后不一致、禁止皮肤质感过度磨皮失真、禁止逆光过曝导致细节丢失、禁止连续重复同一运镜角度、禁止衣物或发丝物理效果不自然、禁止背景电车轨道细节模糊失真、禁止口型与对白不同步"
renoise-2075511151316668789,This is handheld documentary footage recorded on an early-2000s consumer DV…,,真人,现实向,生活与vlog,,en,Seedance 2.0,,,renoise-ai/awesome-seedance-prompts,https://github.com/renoise-ai/awesome-seedance-prompts/blob/904b6caffa21c2b114bb93e1bd0e37ba80b3dd10/data/prompts/2075511151316668789.json,CC-BY-4.0,TechHalla,https://x.com/techhalla/status/2075511151316668789,True,prompts/真人/现实向/生活与vlog/renoise-2075511151316668789--This-is-handheld-documentary-footage-rec.md,"This is handheld documentary footage recorded on an early-2000s consumer DV camcorder by someone present when Howard Carter first looked into the tomb of Tutankhamun. The footage feels like real, tense home video of an archaeological discovery.

The recording shows a small group of people standing in a narrow corridor inside the Valley of the Kings. At the end of the corridor is a sealed doorway. Howard Carter is carefully making a small hole in the top of the door. Lord Carnarvon and a few others stand behind him holding lamps and candles. The atmosphere is extremely quiet and tense.

Carter widens the hole and inserts a candle. He looks inside for several seconds. When asked if he sees anything, he famously replies. The camera moves closer as Carter steps aside and others take turns looking through the hole. The camera tilts and moves unsteadily as people react with visible emotion. There are natural cuts between different people looking into the tomb and close-ups of their faces.

The handheld camera shows natural shake, imperfect framing, autofocus struggling in the low light, exposure changes from the candles and lamps, and reactive movement. The person filming is clearly part of the small group and emotionally affected.

Natural sound only: quiet breathing, the sound of tools on stone, soft voices, and the moment of discovery with minimal dialogue. No music.

The result must feel like authentic, raw footage of the opening of Tutankhamun’s tomb, captured on an old DV camcorder."
renoise-2075513148010803582,Ultra cinematic fantasy sports trailer combining FIFA and Game of Thrones…,,真人,特效向,奇幻怪兽,,en,Seedance 2.0,,,renoise-ai/awesome-seedance-prompts,https://github.com/renoise-ai/awesome-seedance-prompts/blob/904b6caffa21c2b114bb93e1bd0e37ba80b3dd10/data/prompts/2075513148010803582.json,CC-BY-4.0,AIVersePlay,https://x.com/AIVersePlay/status/2075513148010803582,True,prompts/真人/特效向/奇幻怪兽/renoise-2075513148010803582--Ultra-cinematic-fantasy-sports-trailer-c.md,"Ultra cinematic fantasy sports trailer combining FIFA and Game of Thrones aesthetics. Legendary football players reimagined as medieval warriors inside a dark fantasy world. Massive dragons flying above an ancient battlefield, burning castles in the distance, epic snowy mountains, dramatic volumetric lighting, cinematic camera movements, realistic armor with subtle football details, ultra realistic faces, emotional expressions, slow-motion action, dust particles, fire embers, dynamic cloth simulation, high-detail environments, Hollywood movie quality, Unreal Engine 5 realism, blue and orange cinematic color grading, depth of field, anamorphic lens, epic atmosphere, smooth camera transitions, 8K, masterpiece, photorealistic, seamless visual storytelling."
renoise-2075517245170872372,Drop in a selfie and a 10 second clip of your voice.,,真人,现实向,时尚写真,,en,Seedance 2.0,link-only,copyrighted-character,renoise-ai/awesome-seedance-prompts,https://github.com/renoise-ai/awesome-seedance-prompts/blob/904b6caffa21c2b114bb93e1bd0e37ba80b3dd10/data/prompts/2075517245170872372.json,CC-BY-4.0,Obscene Selene,https://x.com/ObsceneSelene/status/2075517245170872372,True,prompts/真人/现实向/时尚写真/renoise-2075517245170872372--Drop-in-a-selfie-and-a-10-second-clip-of.md,
renoise-2075520438239678846,Stylized anime desert crossing beat: a futuristic motorcycle cuts across a vast…,,漫剧,现实向,剧情短片,2D日漫,en,Seedance 2.0,,,renoise-ai/awesome-seedance-prompts,https://github.com/renoise-ai/awesome-seedance-prompts/blob/904b6caffa21c2b114bb93e1bd0e37ba80b3dd10/data/prompts/2075520438239678846.json,CC-BY-4.0,LudovicCreator,https://x.com/LudovicCreator/status/2075520438239678846,True,prompts/漫剧/现实向/剧情短片/renoise-2075520438239678846--Stylized-anime-desert-crossing-beat-a-fu.md,"Stylized anime desert crossing beat: a futuristic motorcycle cuts across a vast red desert at midday, dust rising in long painterly ribbons behind the rear wheel. The rider leans forward against the heat shimmer, cloak snapping violently in the wind, solar panels and ruined towers flickering on the horizon. Wide tracking shot from the side, the bike slicing through waves of sand, wheels reduced to smear-frame circles. The rider’s visor catches the burning sun as the landscape bends with speed."
renoise-2075526506638631275,A woman in a lush green field releases an arrow. A never-ending nude-beige…,,真人,现实向,音乐MV,,en,Seedance 2.0,link-only,sexual,renoise-ai/awesome-seedance-prompts,https://github.com/renoise-ai/awesome-seedance-prompts/blob/904b6caffa21c2b114bb93e1bd0e37ba80b3dd10/data/prompts/2075526506638631275.json,CC-BY-4.0,NoorAI,https://x.com/noorwithwifi/status/2075526506638631275,True,prompts/真人/现实向/音乐MV/renoise-2075526506638631275--A-woman-in-a-lush-green-field-releases-a.md,
renoise-2075526899359739924,Use my uploaded character sheet as the ONLY reference for the character…,,真人,现实向,时尚写真,,en,Seedance 2.0,,,renoise-ai/awesome-seedance-prompts,https://github.com/renoise-ai/awesome-seedance-prompts/blob/904b6caffa21c2b114bb93e1bd0e37ba80b3dd10/data/prompts/2075526899359739924.json,CC-BY-4.0,Zephyra Leigh,https://x.com/ZephyraLeigh/status/2075526899359739924,True,prompts/真人/现实向/时尚写真/renoise-2075526899359739924--Use-my-uploaded-character-sheet-as-the-O.md,"Use my uploaded character sheet as the ONLY reference for the character. Preserve the exact facial features, hairstyle, body proportions, skin tone, and identity throughout the entire video. The character must remain perfectly consistent. Do NOT change the face, body, or hairstyle. Only the outfit and environment change.

Create a premium 15-second cinematic travel-fashion commercial where the character journeys through seven iconic countries. Every transition is triggered by the character touching or adjusting her outfit. As the outfit transforms, the entire environment seamlessly changes into the next country.

The camera follows the character in one continuous cinematic shot with smooth movement and no cuts.

Sequence:

① France 🇫🇷
The character wears an elegant Parisian luxury outfit. She gently adjusts her blazer collar. As she pulls the collar into place, her outfit transforms into the next country's traditional fashion while the Eiffel Tower and the streets of Paris seamlessly become the next location.

② Japan 🇯🇵
She now wears a modern luxury kimono-inspired outfit. She gently holds one sleeve and spins gracefully. During the spin, both her outfit and the scenery transform into South Korea.

Background: Gyeongbokgung Palace with Seoul skyline.

③ South Korea 🇰🇷
She wears a modern designer hanbok-inspired outfit. She lightly smooths the front of her jacket. As her hand moves downward, the outfit transforms while the palace becomes the streets of Italy.

Background: Colosseum and Rome cityscape.

④ Italy 🇮🇹
She wears elegant Italian luxury fashion. She adjusts her sunglasses and smiles confidently. As she lowers her hand, both the outfit and scenery transform.

Background: Colosseum and classic Roman architecture.

⑤ United Arab Emirates 🇦🇪
She now wears a luxurious modern abaya-inspired couture outfit. She gently lifts the flowing fabric. As it falls, the environment transforms.

Background: Burj Khalifa and Downtown Dubai at sunset.

⑥ India 🇮🇳
She wears an elegant contemporary designer saree. She gracefully adjusts the pallu over her shoulder. During the motion, the outfit transforms once more.

Background: Taj Mahal during golden hour.

⑦ United States 🇺🇸 (Final Hero Scene)

She now wears premium New York luxury street fashion. She confidently walks toward the camera as Times Square and the New York skyline surround her. The camera slowly pushes in while she gives a confident smile, ending with a premium fashion-commercial hero shot.

Every transition is physically motivated by touching, adjusting, pulling, or spinning the clothing. The outfit and environment transform simultaneously with seamless cinematic match cuts, realistic fabric simulation, and premium architectural morphing.

Camera:
One continuous tracking shot, smooth dolly movement, occasional orbit, 50mm and 85mm cinematic lenses, shallow depth of field.

Lighting:
Natural golden-hour lighting adapted to each country with realistic reflections, soft rim lighting, and cinematic atmosphere.

Style:
Luxury Louis Vuitton, Dior, Gucci, Chanel global fashion campaign mixed with National Geographic travel cinematography.

Ultra-realistic, premium editorial quality, flawless fabric physics, authentic architecture, 8K HDR, award-winning commercial cinematography, smooth transitions, no glitches, no text, no watermark."
renoise-2075528453001212067,LONDON TRAVEL VLOG — 15 SEC MUSIC CUT,,真人,现实向,生活与vlog,,en,Seedance 2.0,link-only,copyrighted-character,renoise-ai/awesome-seedance-prompts,https://github.com/renoise-ai/awesome-seedance-prompts/blob/904b6caffa21c2b114bb93e1bd0e37ba80b3dd10/data/prompts/2075528453001212067.json,CC-BY-4.0,Heisenberg,https://x.com/rovvmut_/status/2075528453001212067,True,prompts/真人/现实向/生活与vlog/renoise-2075528453001212067--LONDON-TRAVEL-VLOG-—-15-SEC-MUSIC-CUT.md,
renoise-2075534714145067464,（不要生成BGM，否则后续前后两段不好拼接）,,真人,现实向,剧情短片,,zh,Seedance 2.0,,,renoise-ai/awesome-seedance-prompts,https://github.com/renoise-ai/awesome-seedance-prompts/blob/904b6caffa21c2b114bb93e1bd0e37ba80b3dd10/data/prompts/2075534714145067464.json,CC-BY-4.0,探路AI,https://x.com/TanLuAI/status/2075534714145067464,True,"prompts/真人/现实向/剧情短片/renoise-2075534714145067464--不要生成BGM,否则后续前后两段不好拼接.md","（不要生成BGM，否则后续前后两段不好拼接）
基础设定：基于这张分镜故事板的信息，生成一段充满日式电影美学与叙事感的 粉色罐装气泡水专业商业广告。仅生成0-15秒的画面内容

风格设定：
视觉基调： 现代日式青春电影美学，模拟 120 中画幅胶片（Medium Format Film） 的通透空气感，或数字电影机加装 柔光滤镜（Black Pro-Mist） 的纯净质感。画面干净，颗粒感极弱。
光影色调：高调逆光（High-key Backlight） 与漫反射环境光。高光轻微溢出（Bloom/Halation），呈现柔和的樱花粉与阳光白；暗部保留通透的冷青色（Cyan-blue）。整体呈现低对比度、低饱和度的日系治愈调色。
不要生成背景音乐，仅生成音效。

画面内容：
Scene 01 (0.0-4.0s) [夏日空镜]: 镜头一展示午后空荡荡的教室，白色的窗帘被微风高高吹起，窗外光线产生轻微的过曝效果（Halation）。镜头二缓慢推向靠窗的一张旧木课桌，空气中悬浮着清晰可见的光尘。
Scene 02 (4.0-8.0s) [无声试探]: 镜头一采用手持微晃跟拍，一名短发少女（身穿宽松夏季水手服）轻手轻脚地走到那张空课桌前。镜头二转为特写，少女小心翼翼地将一罐粉色的 SAKURA POP 气泡水放在桌角，罐身表面布满冷凝水珠。
Scene 03 (8.0-11.5s) [欲言又止]: 镜头一展示少女在易拉罐底部压了一张折叠整齐的白纸（信笺），手指微微停顿。镜头二中，走廊传来脚步声，少女受惊般转头，快速离开画面，逆光下看不清表情，只有飞舞的发丝。
Scene 04 (11.5-15.0s) [光影交错]: 镜头一展示教室推拉门被少年拉开，一个少年的模糊剪影出现在门口。镜头二采用焦点转换 (Rack Focus)，焦点从远处的少年迅速转移到近处课桌上的粉色气泡水上，阳光正好打在樱花暗纹上。"
renoise-2075554387695411371,Create a polished 15-second photorealistic 1980s American moustache-cream…,,其他,,广告带货,,en,Seedance 2.0,,,renoise-ai/awesome-seedance-prompts,https://github.com/renoise-ai/awesome-seedance-prompts/blob/904b6caffa21c2b114bb93e1bd0e37ba80b3dd10/data/prompts/2075554387695411371.json,CC-BY-4.0,Ai Hidden Space | Serge Green,https://x.com/digitalwindai/status/2075554387695411371,True,prompts/其他/广告带货/renoise-2075554387695411371--Create-a-polished-15-second-photorealist.md,"Create a polished 15-second photorealistic 1980s American moustache-cream commercial.

Follow the reference storyboard exactly from the first frame to the last: use the same shot order, timing, compositions, character performance, product, moustache transformation and final typography. Treat the reference only as a storyboard guide; never show the grid, panels, captions or timecodes in the video.

Add beautiful background music inspired by elegant late-1970s and early-1980s American commercials.

Warm, expressive American male voice-over:

“He was ready for the day. His moustache wasn’t. Then came Mustachio. Make your moustache happy.”

Synchronize the final spoken slogan with the typography appearing word by word."
renoise-2075570861873250352,"1998 Pokhran nuclear test, early-2000s DV camcorder style. Handheld from a…",,真人,现实向,生活与vlog,,en,Seedance 2.0,,,renoise-ai/awesome-seedance-prompts,https://github.com/renoise-ai/awesome-seedance-prompts/blob/904b6caffa21c2b114bb93e1bd0e37ba80b3dd10/data/prompts/2075570861873250352.json,CC-BY-4.0,ANKIT PATEL 🇮🇳 | AI,https://x.com/Ankit_patel211/status/2075570861873250352,True,"prompts/真人/现实向/生活与vlog/renoise-2075570861873250352--1998-Pokhran-nuclear-test,-early-2000s-D.md","1998 Pokhran nuclear test, early-2000s DV camcorder style. Handheld from a distant desert ridge as a blinding flash, shockwave, and towering mushroom cloud fill the horizon. Raw home-video look, natural camera shake, tape noise, ambient sound only."
renoise-2075571515362570327,生成视频：生成一段 10 秒竖屏写实短片，比例 9:16，35mm 胶片颗粒质感，夏日林间自然柔光，画面真实、柔和、轻微手机随手拍感，但细节清晰。,,真人,现实向,时尚写真,,zh,Seedance 2.0,link-only,sexual,renoise-ai/awesome-seedance-prompts,https://github.com/renoise-ai/awesome-seedance-prompts/blob/904b6caffa21c2b114bb93e1bd0e37ba80b3dd10/data/prompts/2075571515362570327.json,CC-BY-4.0,PixelAIGC,https://x.com/PixelAigc/status/2075571515362570327,True,"prompts/真人/现实向/时尚写真/renoise-2075571515362570327--生成视频-生成一段-10-秒竖屏写实短片,比例-9-16,35mm-胶片颗粒质感.md",
renoise-2075572183053820074,Create a 15-second ultra-realistic cinematic historical time-travel selfie vlog…,,真人,现实向,生活与vlog,,en,Seedance 2.0,link-only,copyrighted-character,renoise-ai/awesome-seedance-prompts,https://github.com/renoise-ai/awesome-seedance-prompts/blob/904b6caffa21c2b114bb93e1bd0e37ba80b3dd10/data/prompts/2075572183053820074.json,CC-BY-4.0,Saul Goodman,https://x.com/Goodmanprotocol/status/2075572183053820074,True,prompts/真人/现实向/生活与vlog/renoise-2075572183053820074--Create-a-15-second-ultra-realistic-cinem.md,
renoise-2075574784294113316,"Imagine being an ancient judge who never loses a case, would you accept the…",,真人,特效向,武侠打斗,,en,Seedance 2.0,,,renoise-ai/awesome-seedance-prompts,https://github.com/renoise-ai/awesome-seedance-prompts/blob/904b6caffa21c2b114bb93e1bd0e37ba80b3dd10/data/prompts/2075574784294113316.json,CC-BY-4.0,The Anxious Mind,https://x.com/drjoetw/status/2075574784294113316,True,prompts/真人/特效向/武侠打斗/renoise-2075574784294113316--Imagine-being-an-ancient-judge-who-never.md,"Imagine being an ancient judge who never loses a case, would you accept the princess’s ultimate test? ⚔️✨(created using  #seedance2) prompt below 🤠👇

Shot count: 12 | Duration: 15s | Aspect ratio: 16:9

Use <<<Image1>>> (12-panel storyboard) as the STRICT visual reference for every character, facial appearance, costume, hairstyle, blindfold, choreography, snowy ancient yamen courtyard, architecture, and lighting. Maintain 100% identical character design throughout. No character drift. No text. No subtitles. No captions.

Genre
Classic 1990s Hong Kong wuxia fantasy film. Fast-paced cinematic editing, elegant yet brutal wire-fu choreography, explosive martial arts energy, heavy dramatic snowfall, premium live-action realism, Tsui Hark style.

Performance
The blindfolded heroine in red is extremely dominant and confident in the first 10 seconds — she completely overpowers and humiliates Bao Zheng with graceful, deadly precision. Bao Zheng is brutally beaten and sent flying before his sudden comeback in the final 4-5 seconds.

Voice-over (Male, deep, serious traditional Chinese ancient drama narrator voice)
At the very beginning (0.0-1.0s): ""公元1039年，包拯接受蒙面公主的挑戰。""
At the very end (14.0-15.0s): ""結局下次分曉！""

Music
Epic 1990s Hong Kong wuxia soundtrack. Intense Chinese orchestra + powerful percussion, soaring erhu, aggressive taiko drums, thunderous timpani, dramatic brass, rapid strings, emotional choir. Fast tempo 148-158 BPM, constantly escalating, perfectly synced with every punch and impact.

Shot 1 (0.0–1.3s)
(Follows Panel 1 exactly)
Wide crane establishing shot under full moon. Heavy snow falling. Blindfolded heroine in red slowly walks forward, confronting Bao Zheng in front of the ancient yamen.

Shot 2 (1.3–2.4s)
(Follows Panel 2 exactly)
Fast push-in close-up on heroine. She raises her palm into perfect martial arts stance, red blindfold fluttering.

Shot 3 (2.4–3.5s)
(Follows Panel 3 exactly)
She vanishes and explodes forward with lightning-fast punch.

Dialogue
Heroine (sneering): ""Too slow, fool!""

Shot 4 (3.5–5.2s)
(Follows Panel 4 exactly)
Relentless storm of spinning kicks, chain punches, and flowing red sleeves. She overwhelms him completely.

Dialogue
Heroine (shouting): ""Stay down, pathetic!""

Shot 5 (5.2–6.4s)
(Follows Panel 5 exactly)
Handheld violent close-up. Bao Zheng desperately blocks but gets crushed by multiple heavy blows to chest and shoulders, coughing blood.

Dialogue
Bao Zheng (in pain): ""Ugh—!""

Shot 6 (6.4–7.8s)
(Follows Panel 6 exactly)
Final devastating palm strike sends Bao Zheng flying across the courtyard, crashing hard into the snow.

Dialogue
Heroine (laughing coldly): ""How sad!""

Shot 7 (7.8–9.0s)
(Follows Panel 7 exactly)
Slow push-in on Bao Zheng painfully rising from the snow, blood at mouth corner. His expression turns ice-cold. Snow spirals violently around him.

Dialogue
Bao Zheng (low, menacing): ""Finished? My turn now!""

Shot 8 (9.0–10.2s)
(Follows Panel 8 exactly)
Golden energy erupts between his palms. The entire courtyard shakes violently.

Dialogue
Heroine (shocked): ""What...? Impossible!""

Shot 9 (10.2–11.3s)
(Follows Panel 9 exactly)
Bao Zheng unleashes massive invisible shockwave that tears across the courtyard like a tsunami of force. Ultra-wide cinematic shot.

Dialogue
Bao Zheng (roaring): ""KNEEL NOW!!!""

Shot 10 (11.3–12.4s)
(Follows Panel 10 exactly)
Slow-motion side tracking shot. Heroine is helplessly blasted backward through the air, robes whipping wildly.

Dialogue
Heroine (panicked): ""NOOO—!""

Shot 11 (12.4–13.6s)
(Follows Panel 11 exactly)
Violent front impact shot. She slams into the stone wall, creating a huge crater with exploding stone and snow.

Dialogue
Heroine (screaming in pain): ""AAAGHH!!""

Shot 12 (13.6–15.0s)
(Follows Panel 12 exactly)
Slow dolly backward. Heroine drops to one knee, breathing heavily and defeated. Bao Zheng stands tall under the moonlight, robes fluttering as snow falls silently over the destroyed courtyard.

Style
Photorealistic 1990s Hong Kong wuxia live-action. Hyper-dynamic wire-fu, dramatic moonlight, intense snowfall, explosive VFX energy, realistic cloth and physics, expressive faces, cinematic camera work, shallow depth of field, HDR, 4K.

Editing Style
Ultra-fast Hong Kong action editing. Cut every 0.8–1.3 seconds in the first 10s. Heavy speed ramps, whip-pans, impact zooms, crash zooms. First 10 seconds focused on heroine's brutal dominance. Final 5 seconds extremely explosive counterattack and reversal."
renoise-2075583287318446083,MV工作室的偶像化妆间，中午时分。一位女偶像LiSa在粉丝见面会前的休息时间独自一人，用手机拍摄自拍Vlog——明亮活泼的能量，真挚的笑容，与镜头调皮的对视。全…,,真人,特效向,特效综合,,en,Seedance 2.0,link-only,copyrighted-character,renoise-ai/awesome-seedance-prompts,https://github.com/renoise-ai/awesome-seedance-prompts/blob/904b6caffa21c2b114bb93e1bd0e37ba80b3dd10/data/prompts/2075583287318446083.json,CC-BY-4.0,PixelAIGC,https://x.com/PixelAigc/status/2075583287318446083,True,"prompts/真人/特效向/特效综合/renoise-2075583287318446083--MV工作室的偶像化妆间,中午时分-一位女偶像LiSa在粉丝见面会前的休息时间独自.md",
renoise-2075586921938497958,"a smiling blonde woman wearing a winter jacket, behind her is a winter forest…",,真人,现实向,时尚写真,,en,Seedance 2.0,,,renoise-ai/awesome-seedance-prompts,https://github.com/renoise-ai/awesome-seedance-prompts/blob/904b6caffa21c2b114bb93e1bd0e37ba80b3dd10/data/prompts/2075586921938497958.json,CC-BY-4.0,Mystique Licorne 🇨🇦,https://x.com/MystiqueLicorne/status/2075586921938497958,True,prompts/真人/现实向/时尚写真/renoise-2075586921938497958--a-smiling-blonde-woman-wearing-a-winter.md,"a smiling blonde woman wearing a winter jacket, behind her is a winter forest landscape with falling snow, after a few seconds the background transitions into summer and a beach setting on a hot sunny day, simultaneously the exact same girl's winter jacket flies off and her attire seamlessly changes into a beach bikini without her moving, while at the beach her hair is billowing in the breeze, cinematic, single-shot, smoothest transitions, no glitches"
renoise-2075591488625606962,生成15秒9:16竖版古装轻喜剧短剧《房中秘术》。参考@图1的近身照和三视图，保持女主同脸、同发型、同服装、富家千金白月光气质；参考@图2的近身照和三视图，保持…,,真人,现实向,都市剧情,,zh,Seedance 2.0,,,renoise-ai/awesome-seedance-prompts,https://github.com/renoise-ai/awesome-seedance-prompts/blob/904b6caffa21c2b114bb93e1bd0e37ba80b3dd10/data/prompts/2075591488625606962.json,CC-BY-4.0,李岳,https://x.com/liyue_ai/status/2075591488625606962,True,"prompts/真人/现实向/都市剧情/renoise-2075591488625606962--生成15秒9-16竖版古装轻喜剧短剧-房中秘术-参考-图1的近身照和三视图,保持.md","生成15秒9:16竖版古装轻喜剧短剧《房中秘术》。参考@图1的近身照和三视图，保持女主同脸、同发型、同服装、富家千金白月光气质；参考@图2的近身照和三视图，保持男主同脸、同发型、同服装、俊美贵公子气质。不要生成字幕，不要画面文字。

场景：夜晚古风贵公子书房，红木书案、古籍、竹简、烛台、青瓷茶盏、木格窗、轻纱帘，窗外细雨与冷蓝月光，室内暖金烛光，冷暖对比，浅景深，柔焦镜头，高端女频古装短剧质感。书案旁散落屋顶梁架图、瓦片排列图、漏雨位置草图。

0-2秒：男主坐在书案前，低头认真翻看一本古旧书册，神情专注，眉头微蹙，像在研究重要事情。门外传来轻微脚步声，他忽然一惊，慌忙合上书，眼神闪躲，耳根微红，袖口差点碰倒茶盏。镜头从书案缓慢推近男主脸部。音乐为轻柔古风弦乐，合书瞬间加入短促拨弦音效。

2-4秒：女主推门进入，衣袖和发丝被夜风轻轻吹动。她看见男主藏书，先是疑惑，随后目光落到书封《房中秘术》，脸颊迅速泛红，眼睛微微睁大，表情震惊但努力维持清冷端庄。女主冷声质问：“你……在看什么啊？”语气克制、羞恼、带一点不敢相信。镜头切女主半身近景和眼神特写。

4-6.5秒：男主立刻站起，把书往身后藏，动作越藏越可疑。他想保持端方，却明显慌乱，嘴唇动了几次才说出口。男主低声解释：“不是你想的那样，我只是……研究房中之事。”语气紧张、尴尬、越说越乱。女主听完脸更红，眼神从震惊变成羞恼，眉心轻蹙，误会加深。音乐停顿半拍，加入轻微喜剧滑音。

6.5-8.5秒：女主快步走到书案前，强装镇定但明显羞恼，一把抢过男主手里的书。男主下意识想拦，又怕碰到她，只能伸手停在半空，表情无奈又委屈。女主压低声音说：“你还敢藏？”语气羞恼、克制、带千金小姐的压迫感。镜头跟随书本移动，烛火在前景虚化，节奏略微加快。

8.5-11秒：女主翻开书，准备质问。镜头切书页特写，里面不是暧昧内容，而是屋顶梁架图、瓦片排列图、漏雨位置草图，还夹着女主院落屋顶漏雨的简图。女主翻页动作突然停住，表情从羞恼变成僵硬尴尬，眼神轻轻移开，嘴唇抿住，脸上还残留红晕。男主站在旁边，小心翼翼看她，委屈又认真地说：“你屋顶漏雨，我想修好再告诉你。”语气真诚、无辜、略带不好意思。翻书后音乐突然停顿，加入轻巧“叮”的反转音效。

11-13秒：女主慢慢合上书，尴尬但不愿承认自己误会，仍强撑富家千金的冷静气势。她不看男主，视线飘向烛台，脸颊微红，语气小声又嘴硬：“那你为什么脸红？”镜头给女主近景，男主在背景略虚化，烛光照亮女主侧脸。

13-15秒：男主抬眼看她，表情无辜，眼底有一点忍笑，但语气仍认真克制：“因为你刚才……想歪得很大声。”女主瞬间僵住，脸更红，眼神闪躲，羞恼地把书塞回男主怀里，转身快步离开。男主接住书，看着她背影，嘴角轻轻上扬。结尾加入轻巧拨弦喜剧音效，古风弦乐短促收尾。

要求：无字幕，无画面文字；台词口型自然，表情变化清楚；男女主角色一致，不变脸，不换发型服装；真实古装短剧拍摄质感，不要插画、二次元、数字人CG、游戏建模、低俗擦边。"
renoise-2075595407317663772,"Style & Mood: Ultra-premium expedition travel goods campaign. Built, weathered…",,其他,,广告带货,,en,Seedance 2.0,,,renoise-ai/awesome-seedance-prompts,https://github.com/renoise-ai/awesome-seedance-prompts/blob/904b6caffa21c2b114bb93e1bd0e37ba80b3dd10/data/prompts/2075595407317663772.json,CC-BY-4.0,𝐌,https://x.com/Strength04_X/status/2075595407317663772,True,prompts/其他/广告带货/renoise-2075595407317663772--Style-Mood-Ultra-premium-expedition-trav.md,"Style & Mood: Ultra-premium expedition travel goods campaign. Built, weathered, purposeful. Deep charcoal waxed canvas absorbing directional industrial light. Aged brass hardware catching sharp warm highlights. Full-grain tan leather base and handles warming the charcoal canvas. Extreme macro on canvas texture, brass hardware, and leather grain. Wide cinematic framing on mountain and coastal journey. 24fps base, 120fps on canvas compression. For the places maps don't show.

Narrative Summary: The RIVEN ATLAS DUFFEL moves from wooden workbench buckle through airport carry and mountain adventure to final hero — a waxed canvas and brass duffel built for journeys without itineraries.

Dynamic Description: Side slow push-in — the ATLAS DUFFEL on a wooden craftsman's workbench, the waxed slate canvas body with a buckle being unclipped, the camera advancing toward the bag, the brass hardware catching the overhead workshop light, the tan leather handles draped across the top. Hard cut to side static beauty — the ATLAS in full side profile on dark slate, the waxed charcoal canvas body full and structured, the tan leather base reinforcement at the lower edge, the brass zipper pull and D-rings catching directional light, the RIVEN R hardware centered. Cut to extreme macro raking — the camera moves across the waxed canvas surface, the wax coating catching directional light in a low-level sheen over the underlying canvas weave, the charcoal color deep and rich. Hard cut to macro tilt across brass hardware — the brass zipper pull fills the upper frame, the aged brass surface warm and slightly irregular, the RIVEN R emblem on the pull face, tilt revealing the D-ring attachment below. Cut to macro close leather handle — the full-grain tan leather handle in close frame, the leather grain catching directional light in warm amber, the stitching along the handle edges a double row of precise thread.

Hard cut to macro static RIVEN stamp — the R stamp on the leather base patch fills the frame, the embossed stamp pressed deep into the tan leather, the craft mark of the maker.

Cut to overhead hotel lifestyle — a person packing the ATLAS DUFFEL at a hotel room, the bag open from above, items being placed inside, the canvas interior and waxed divider visible, the brass zipper pull to the side. Cut to low airport tracking — the ATLAS DUFFEL being carried through an airport terminal, the bag held in one hand by the leather handle, the waxed canvas catching the airport overhead lighting, travelers blurred behind. Cut to wide mountain hut cinematic — the ATLAS on the wooden floor of a mountain hut interior, hiking gear around it, light coming through a small window, the bag rested and at home in the rough interior. Hard cut to 360-degree slate orbit — the ATLAS on dark slate, the camera orbiting in a continuous arc, every surface revealed: front canvas face, leather base, brass hardware, back, leather handles from above. Cut to overhead interior macro — the bag open from above, the waxed canvas internal divider in frame, the interior canvas material the same deep charcoal as the exterior. Hard cut to 120fps canvas compression slow-motion — the waxed canvas body being compressed from the side in slow-motion, the waxed surface flexing and recovering, the canvas weave structure visible in the flex. Cut to wide coastal boat cinematic — the ATLAS on the wooden deck of a small wooden boat at sea, the ocean surrounding it, the waxed canvas weathering the salt air, the bag belonging completely to the journey. Cut to raking industrial beauty — the ATLAS on dark slate, a single overhead industrial beam lighting the canvas and brass, deep shadows on the underside, the leather handles catching warm light above. Hard cut to static title card — deep charcoal background, RIVEN in aged brass centered, ATLAS DUFFEL below in white, WAXED SLATE below in brass, BUILT. CARRIED. RIVEN. in warm white below, frame holds."
renoise-2075599634475667748,Create 15 seconds of authentic documentary footage set at the Huangpu River…,,真人,现实向,年代怀旧,,en,Seedance 2.0,,,renoise-ai/awesome-seedance-prompts,https://github.com/renoise-ai/awesome-seedance-prompts/blob/904b6caffa21c2b114bb93e1bd0e37ba80b3dd10/data/prompts/2075599634475667748.json,CC-BY-4.0,underwood,https://x.com/underwoodxie96/status/2075599634475667748,True,prompts/真人/现实向/年代怀旧/renoise-2075599634475667748--Create-15-seconds-of-authentic-documenta.md,"Create 15 seconds of authentic documentary footage set at the Huangpu River docks in Shanghai, China, in 1990. Use the reference image as the exact visual foundation. Preserve the same people, faces, clothing, body proportions, spatial arrangement, architecture, lighting, colors, ships, bicycles, handcarts, industrial equipment, and working-class atmosphere.  Bring the photograph naturally to life. Chinese dock workers rest after work, talk quietly, smoke cigarettes, drink tea from enamel mugs, and observe the port. Their gestures are subtle, relaxed, realistic, and unposed. Keep all faces and identities consistent with the reference image. In the background, workers move cargo, bicycles pass, ships drift slowly, cranes operate in the distance, and ropes and clothing move gently in the river breeze. Everything must be historically accurate to Shanghai in 1990.  Use natural documentary cuts every 1.5–2.5 seconds, showing different workers, small groups, faces, hands, cigarettes, enamel mugs, bicycles, cargo, and wider views of the same dock from varied angles. All shots remain in the same location, time, lighting, and continuous moment.  The camera is handheld and slightly shaky, with constant organic movement, imperfect framing, subtle focus breathing, occasional motion blur, and minor exposure changes, as if the filmmaker is walking through the dock. Use direct, respectful framing. No smooth stabilization, dramatic camera moves, slow motion, or polished commercial cinematography.  The footage looks like genuine 35mm color film from 1990: visible grain, slightly faded warm colors, restrained saturation, soft contrast, subtle flicker, natural skin texture, imperfect exposure, and occasional dust or scratches. It must not look digitally sharp, glossy, modern, or AI-generated.  Natural location sound only: quiet Mandarin and Shanghainese conversations, ship horns, river water, bicycle bells, footsteps, cargo, metal tools, cranes, and wind. No music, narration, subtitles, or artificial sound effects.  The result must feel like recently discovered archival footage of everyday Chinese dock workers in Shanghai in 1990. No text, logos, modern clothing, smartphones, contemporary vehicles, modern skyline, facial distortion, identity changes, duplicated people, morphing bodies, artificial gestures, or anachronistic objects."
renoise-2075602831655288980,Turn this serious Norway fan into a funny Viking history lesson. Dramatic…,,真人,现实向,喜剧整活,,en,Seedance 2.0,link-only,real-person,renoise-ai/awesome-seedance-prompts,https://github.com/renoise-ai/awesome-seedance-prompts/blob/904b6caffa21c2b114bb93e1bd0e37ba80b3dd10/data/prompts/2075602831655288980.json,CC-BY-4.0,Zentrix⌚️,https://x.com/ZentrixHQ/status/2075602831655288980,True,prompts/真人/现实向/喜剧整活/renoise-2075602831655288980--Turn-this-serious-Norway-fan-into-a-funn.md,
renoise-2075605622712569899,踊らせたいキャラの画像を添付して以下のプロンプトを貼りつけて好きにリリックとスタイルを変える。,,漫剧,特效向,特效综合,2D日漫,ja,Seedance 2.0,,,renoise-ai/awesome-seedance-prompts,https://github.com/renoise-ai/awesome-seedance-prompts/blob/904b6caffa21c2b114bb93e1bd0e37ba80b3dd10/data/prompts/2075605622712569899.json,CC-BY-4.0,Kuma to kuma,https://x.com/Kumatokuma1/status/2075605622712569899,True,prompts/漫剧/特效向/特效综合/renoise-2075605622712569899--踊らせたいキャラの画像を添付して以下のプロンプトを貼りつけて好きにリリックとスタ.md,"踊らせたいキャラの画像を添付して以下のプロンプトを貼りつけて好きにリリックとスタイルを変える。

参照画像のキャラクターを主役にした、15秒の横長16:9アニメMVを作成する。

参照画像の顔、髪型、髪色、瞳、表情、体型、メガネ、衣装、全体の印象を忠実に維持する。
衣装は変更しない。参照画像そのままの服装で歌って踊る。
メガネがある場合は形、サイズ、フレーム、レンズ感を絶対に変えない。

【曲のスタイル】
J-POP
※この項目を書き換えることで、ロック、アニソン、EDM、シティポップ、バラード、K-POP風など自由に変更できます。

音楽は上記スタイルに沿った完全オリジナル楽曲を制作する。
既存曲に似せない。
歌詞は必ず自然で意味の通る日本語にする。
意味不明な音、崩れた日本語、ランダムな発音、ぐちゃぐちゃな歌詞は禁止。
口パクは歌詞に正確に同期する。

【使用リリック】
きらめく未来へ
この想い届けたい
君と描くステージ
今日が始まりだから
笑顔で歌おう
ずっと一緒に

【15秒タイムライン】

0.0〜1.5秒：
暗転からステージ中央にスポットライトが点灯。
参照キャラクターの顔アップ。
カメラが一気にプッシュイン。
歌詞「きらめく未来へ」を自然な日本語発音で歌い始める。
瞳にステージライトが反射し、髪がふわっと揺れる。

1.5〜3.0秒：
全身ショットに切り替え。
キレのあるダンス。
横方向にカメラが高速スライド。
歌詞「この想い届けたい」。
LED背景が光り、レーザーとペンライトがリズムに合わせて動く。

3.0〜4.5秒：
ローアングルのかっこいいカット。
ジャンプターン、衣装と髪が大きくなびく。
クラッシュズームで顔アップへ切り替え。
歌詞「君と描くステージ」。
表情は自信のある笑顔。

4.5〜6.0秒：
オービットカメラでキャラクターの周囲を回り込む。
マイクを持って歌いながら片手でアイドルポーズ。
背景LEDが星、光、ライン演出に変化。
同じ歌詞の余韻を保ち、口パクを自然に続ける。

6.0〜7.5秒：
サビ前の超アップ。
カメラ目線でウインク。
光の粒子と手描き風のキラキラエフェクト。
歌詞「今日が始まりだから」。
一瞬だけスローモーション。

7.5〜9.0秒：
サビ開始。
全身ダンスショット。
360度回転カメラ、スピードランプ、フラッシュトランジション。
歌詞「笑顔で歌おう」。
紙吹雪、レーザー、スポットライトが一気に強くなる。

9.0〜10.5秒：
顔アップ、横顔、足元、手元、全身の高速カット割り。
テンポよく4〜5カット切り替える。
歌詞「ずっと一緒に」。
手や指は自然に、5本指を維持する。

10.5〜12.0秒：
FPV風カメラでステージ上を駆け抜ける。
キャラクターがカメラに向かって手を伸ばすが、手指は崩さない。
観客席のペンライトが大きく揺れる。
歌詞の最後の余韻を伸ばす。

12.0〜13.5秒：
ステージ中央で最高の笑顔。
胸元から上の美しいアップ。
背景LEDが星空のように広がる。
髪や衣装が自然に揺れる。
感情を込めた表情で、ラストに向けて盛り上げる。

13.5〜15.0秒：
決めポーズ。
大量の紙吹雪、レーザー、スポットライト、花火演出。
カメラが急接近して顔アップ。
最後は可愛い笑顔で締める。
MVのラストカットとして印象的に終わる。

【映像品質】
masterpiece, best quality, ultra detailed, cinematic anime MV, theatrical anime quality, professional music video, clean anime lineart, smooth shading, soft cinematic lighting, dynamic camera work, high frame rate, natural motion, beautiful lip sync, perfect hands, five fingers, no extra fingers, no extra arms, no distorted face, no broken glasses, no blurry face, no random text, no broken lyrics.

【カメラ演出】
quick cuts, dynamic editing, whip pan, crash zoom, orbit camera, push in, pull out, low angle, high angle, dutch angle, 360 rotation, FPV camera, speed ramp, flash transition, match cut, close-up focused, face priority.

【背景・演出】
large indoor concert arena, LED screen, moving spotlights, laser lights, glow sticks, crowd silhouettes, confetti, sparkle particles, star effects, lens flare, bokeh, stage smoke, volumetric lighting, soft bloom.

必ず15秒のMVとして完成させる。
歌詞、ダンス、口パク、カメラワーク、照明、カット割りをタイムライン通りに同期させる。"
renoise-2075606203434967229,"Use @[storyboard ref] only for P## staging: match each panel's angle, scale…",,漫剧,特效向,特效综合,3D卡通,en,Seedance 2.0,,,renoise-ai/awesome-seedance-prompts,https://github.com/renoise-ai/awesome-seedance-prompts/blob/904b6caffa21c2b114bb93e1bd0e37ba80b3dd10/data/prompts/2075606203434967229.json,CC-BY-4.0,Kōda,https://x.com/aimikoda/status/2075606203434967229,True,prompts/漫剧/特效向/特效综合/renoise-2075606203434967229--Use-storyboard-ref-only-for-P-staging-ma.md,"Use @[storyboard ref] only for P## staging: match each panel's angle, scale, framing, blocking, positions, and direction. Ignore sketch artifacts; written beats, references, ENVIRONMENT, VISUAL MEDIUM, and CINEMATOGRAPHY control final identity, materials, color, motion, and effects.
Use @[midjourney image] as C1's sole appearance source; never transfer its likeness to C2-C7.

VISUAL MEDIUM: Cinematic 3D realism fused with painterly anime surface abstraction.
MOTION LANGUAGE: Impossible acceleration, elastic poses, violent smears, grounded foot-and-ball contact physics.
VISUAL EFFECTS: Orange, violet, blue, black ribbons; ink splinters, contact flares, ball wakes.
CINEMATOGRAPHY: High-key overhead light, saturated accents, ultra-wide depth, aggressive diagonals.
AUDIO: No music; breath, cleats, ball impacts, net snap. Internal Japanese voice, no lip-sync: P01 「お前たちがどれだけ望もうと、」; over P13 strike 「あのトロフィーは俺がもらう！」; action never pauses.
ENVIRONMENT: White pitch, charcoal lines, black steel goal, white net; overhead softbox.
RHYTHM + ESCALATION: Cuts accelerate through five duels and keeper, flowing through inner voice into impact.

BEATS:
P01: Ground-height low full; C1 fills the left third, outside boot driving the white-black leather football screen right toward goal, orange floor wake thinning behind.
P02: Ground-height foot close-up; C1 cuts the white-black leather football outside C2's Netherlands-orange lunge, a violet flare dying at lower-left contact.
P03: Knee-height canted medium-full; C1 throws shoulders left, hips and the white-black leather football cutting screen right toward goal as C2 tilts away.
P04: Waist-height profile wide; a lateral whip follows C1 past compact C3 in Japan-blue, the white-black leather football at his instep, blue ribbon floor-bound.
P05: Ball-height tight wide; camera races beside the white-black leather football through lean C4's Argentina sky-blue-and-white stance, C1's boot left, orange arc collapsing.
P06: Overhead wide; C5 in Brazil yellow-and-green seals center, C1 sole-hooks the white-black leather football lower-right, vector breaking screen right toward goal.
P07: Eye-height compressed medium; C5's tackle crosses foreground, C1 drag-turns around the white-black leather football in the right third, violet sole flare fading.
P08: Knee-height low wide; narrow C6 in France navy-and-red fills the right third as C1 and the white-black leather football accelerate diagonally screen right toward goal.
P09: Ground-height tight full; C1 carries the white-black leather football beyond C6's toe, orange-blue shock line flashing through the gap as C6 folds.
P10: Eye-height wide; C1 and the white-black leather football occupy the open right third facing goal, C2-C6 stagger defeated across distant left.
P11: Eye-height wide; C1 and the white-black leather football fill lower left, while C7 in matte-black goalkeeper kit and white gloves sets centrally inside goal.
P12: Waist-height canted medium-wide; C1 takes a running setup touch with the white-black leather football lower left, torso coiling without slowing, C7 centered inside the right goal.
P13: Ground-height extreme low wide; at full sprint C1 strikes the white-black leather football screen right toward goal as C7 commits, four-color splinters erupting at contact.
P14: Goal-side eye-height medium wide; the white-black leather football slams center-right into the white net beyond C7's stretched gloves, snapping it back as chromatic ribbons erupt and clear."
renoise-2075611766223180139,A 15-second mixed media video blending ultra-realistic macro live-action…,,真人,现实向,剧情短片,,en,Seedance 2.0,,,renoise-ai/awesome-seedance-prompts,https://github.com/renoise-ai/awesome-seedance-prompts/blob/904b6caffa21c2b114bb93e1bd0e37ba80b3dd10/data/prompts/2075611766223180139.json,CC-BY-4.0,BGKuaci,https://x.com/BGKuaci/status/2075611766223180139,True,prompts/真人/现实向/剧情短片/renoise-2075611766223180139--A-15-second-mixed-media-video-blending-u.md,"A 15-second mixed media video blending ultra-realistic macro live-action footage with adorable 2D cartoon animation. Use the uploaded character reference as the exact design reference. Maintain the identical facial features, hairstyle, feather accessory, Native American outfit, turquoise jewelry, moccasins, colors, proportions, and overall appearance throughout the entire video, but transform her into an extremely tiny, super cute chibi-style 2D animated primitive girl with a large expressive head, tiny body, big sparkling eyes, soft rounded cheeks, playful expressions, and smooth hand-drawn animation.
The tiny primitive girl explores a modern city after a light rain. She carefully walks across a real white pedestrian crossing while enormous cars pass by in the blurred background. She jumps over tiny puddles, then happily splashes inside a shallow rain puddle, creating realistic water ripples around her. Curious, she climbs onto a real coffee cup sitting on an outdoor café table, slides down the curved rim, lands on a real fallen maple leaf, then rides the leaf as it gently floats through a rain puddle beside the sidewalk. She laughs, waves at a curious pigeon that walks past her, then runs across the wet pavement while avoiding giant raindrops falling from tree leaves. The camera follows closely as she continues exploring the giant modern city with wonder and excitement before ending on a cute smile toward the camera.
Ultra-realistic macro live-action photography seamlessly combined with charming high-quality 2D cartoon animation. Cinematic macro lens, natural daylight after rain, physically accurate lighting, authentic reflections, realistic water physics, shallow depth of field, creamy bokeh, subtle handheld camera movement, gentle handheld camera shake, realistic cinematic motion blur during movement, smooth rack focus, realistic environmental interaction, whimsical storytelling, cozy atmosphere, seamless integration between the animated character and the real-world environment. The city feels enormous from her tiny perspective, with giant shoes of pedestrians occasionally passing nearby, blurred traffic, glowing reflections on wet asphalt, realistic puddles, and lush roadside plants. No text, no subtitles, no watermark, no background music. Only natural city ambience, birds, distant traffic, footsteps, water splashes, soft wind, and rain dripping from leaves."
renoise-2075620772782236099,CINEMATIC SETUP:,,真人,特效向,动作大片,,en,Seedance 2.0,,,renoise-ai/awesome-seedance-prompts,https://github.com/renoise-ai/awesome-seedance-prompts/blob/904b6caffa21c2b114bb93e1bd0e37ba80b3dd10/data/prompts/2075620772782236099.json,CC-BY-4.0,MayorkingAI,https://x.com/MayorKingAI/status/2075620772782236099,True,prompts/真人/特效向/动作大片/renoise-2075620772782236099--CINEMATIC-SETUP.md,"CINEMATIC SETUP:
Handheld shaky cam, found-footage style, third-person close follow,
dynamic natural camera shake with the ship's gentle rocking, motion blur,
quick pans, 35mm lens look, flickering red emergency lighting, high ISO
grain, cold desaturated palette, wet reflective surfaces.

CHARACTERS:
A man in his 30s, soaked waterproof jacket, exhausted and frightened —
running. Behind him, three zombies: pale grey skin, slow lurching movement,
one dragging a leg.

LOCATION:
The interior of a research vessel at night in a storm — a narrow steel
corridor with exposed pipes and dripping water, leading through a heavy
bulkhead door onto the open deck lashed by rain and sea spray, metal
railings, a lifeboat station, a tilting horizon as the ship rolls on the
waves.

TIMELINE (15s):
[0-3s] Camera follows the man running down the flooded steel corridor from
behind, red light flickering, water sloshing with the ship's roll, dynamic
handheld movement.
[3-6s] He turns his head to look back at the zombies closing in — quick pan
catches their pale faces, motion blur across the frame.
[6-9s] He faces forward and keeps running, reaching a heavy bulkhead door,
pushing it open with his shoulder.
[9-12s] He steps out onto the rain-swept deck, wind and spray hitting the
lens, and moves toward the lifeboat station, hand reaching out.
[12-15s] The three zombies close in around him from the corridor and the
deck, surrounding him against the railing; camera settles low and canted as
they close the circle, freeze on his face.

SFX:
Heavy breathing, running footsteps on wet steel, groaning metal, storm wind,
rain, distant alarm klaxon, low zombie groans.

QUALITY ANCHOR:
Ultra-realistic, cinematic, film grain, natural low-light exposure,
photorealistic detail, 4K."
renoise-2075628155738464618,Use @Image1 as the source frame for the opening composition. Use @Image2…,,真人,现实向,剧情短片,,en,Seedance 2.0,,,renoise-ai/awesome-seedance-prompts,https://github.com/renoise-ai/awesome-seedance-prompts/blob/904b6caffa21c2b114bb93e1bd0e37ba80b3dd10/data/prompts/2075628155738464618.json,CC-BY-4.0,David M. Comfort,https://x.com/DavidmComfort/status/2075628155738464618,True,prompts/真人/现实向/剧情短片/renoise-2075628155738464618--Use-Image1-as-the-source-frame-for-the-o.md,"Use @Image1 as the source frame for the opening composition. Use @Image2 through @Image4 as the panel guide for shot sequencing — traverse the referenced panels in order as discrete cinematic shots across the clip. @Audio1 is the speaking character's exact spoken line — lip-sync the speaker to it precisely and match its vocal tone. FORMAT: cinematic multi-shot dialogue scene, hard editorial cuts, 15s, photoreal. @Image1 is the storyboard of this EXACT scene, eight photoreal panels reading left-to-right, top-to-bottom — follow its shot progression and staging panel by panel, one cinematic shot per panel, HARD CUTS between shots, never a morph; match its photographic register EXACTLY (deep near-black, single warm candle key, fine grain, museum-quality photography). @Image2 is the REAL ROOM — Governor Hutchinson's candlelit study: every shot happens in THIS exact room with its light. The faces in the storyboard are blurred — reconstruct them from the character sheets: @Image3 is THOMAS HUTCHINSON's sheet (about sixty, powdered wig, fine dark coat, frame-LEFT behind the desk) and @Image4 is SAMUEL ADAMS' sheet (about fifty, long weathered face, heavy brows, grey-streaked hair, plain worn brown wool coat, frame-RIGHT) — their exact faces, rendered fully PHOTOREAL, never painted. @Audio1 is the conversation — lip-sync each speaker precisely to his own lines. Exactly TWO people, never duplicated. 1772 Boston, winter night, candlelit study."
renoise-2075641203412840694,Create a cinematic fantasy movie trailer based on the attached illustrated…,,漫剧,特效向,奇幻冒险,3D卡通,en,Seedance 2.0,,,renoise-ai/awesome-seedance-prompts,https://github.com/renoise-ai/awesome-seedance-prompts/blob/904b6caffa21c2b114bb93e1bd0e37ba80b3dd10/data/prompts/2075641203412840694.json,CC-BY-4.0,Neurohelper AI | Every AI. One Subscription.,https://x.com/neurohelperai/status/2075641203412840694,True,prompts/漫剧/特效向/奇幻冒险/renoise-2075641203412840694--Create-a-cinematic-fantasy-movie-trailer.md,"Create a cinematic fantasy movie trailer based on the attached illustrated children's book cover.

Do not change the main character.

The baby dragon Pip must remain identical in appearance.

Style:

Ultra-realistic CGI.

Pixar-quality realism.

Premium cinematic lighting.

Hollywood family fantasy.

The trailer should feel like the opening teaser of a blockbuster children's movie.

Scene sequence:

The camera slowly pushes through an ancient magical forest at sunrise.

Soft golden light filters through giant trees.

Tiny glowing fireflies float through the air.

Reveal Pip sitting quietly on an old moss-covered stone, looking nervously toward the sky.

A gentle breeze moves his tiny wings.

He takes one hesitant step toward the edge of a small cliff overlooking Crystal Lake.

Close-up of his worried eyes.

He takes a deep breath.

His wings slowly unfold.

The music builds.

He jumps.

For one brief moment he begins to fall...

Then his wings catch the wind.

He glides gracefully above the glowing lake.

The camera follows him as golden fireflies surround him.

End with a wide cinematic shot of Pip flying toward the sunrise above the Magical Forest.

No text.

No logos.

No subtitles.

Natural cinematic camera movement.

Soft depth of field.

Volumetric lighting.

High realism.

Emotional.

Looks like the teaser trailer of a $250M Hollywood animated fantasy film."
renoise-2075641309654622486,"First-person camera perspective only, no drone, no aircraft, no propellers, no…",,真人,特效向,奇幻怪兽,,en,Seedance 2.0,,,renoise-ai/awesome-seedance-prompts,https://github.com/renoise-ai/awesome-seedance-prompts/blob/904b6caffa21c2b114bb93e1bd0e37ba80b3dd10/data/prompts/2075641309654622486.json,CC-BY-4.0,LudovicCreator,https://x.com/LudovicCreator/status/2075641309654622486,True,"prompts/真人/特效向/奇幻怪兽/renoise-2075641309654622486--First-person-camera-perspective-only,-no.md","First-person camera perspective only, no drone, no aircraft, no propellers, no visible vehicle. The camera launches through a volcanic cave, skimming above lava rivers, weaving between magma geysers, then diving into a gravity vortex at the crater’s core. Final reveal: the volcano opens into outer space, with molten rocks becoming newborn planets around a burning star. Continuous one-take, aggressive POV motion, Hollywood VFX, volumetric smoke, glowing particles, epic cinematic scale."
renoise-2075644616557371782,Ultra-detailed 4K wildlife macro video of a Bengal tiger resting in golden…,,其他,,动物萌宠,,en,Seedance 2.0,,,renoise-ai/awesome-seedance-prompts,https://github.com/renoise-ai/awesome-seedance-prompts/blob/904b6caffa21c2b114bb93e1bd0e37ba80b3dd10/data/prompts/2075644616557371782.json,CC-BY-4.0,Bennett | Generative Media | AI SEO @ fal,https://x.com/influencer_seo/status/2075644616557371782,True,prompts/其他/动物萌宠/renoise-2075644616557371782--Ultra-detailed-4K-wildlife-macro-video-o.md,"Ultra-detailed 4K wildlife macro video of a Bengal tiger resting in golden morning light. The camera begins inches from the tiger’s striped fur, revealing individual hairs, subtle color variation, dust particles, and tiny movements from breathing. Slowly rack focus from the fur texture to the tiger’s amber eye in the background.

Camera: 100mm macro lens, slow lateral slide, shallow depth of field, natural handheld micro-movement.
Lighting: Warm sunrise light, soft shadows, realistic highlights on fur.
Motion: Fur shifts slightly with breathing, whiskers twitch, eye blinks once near the end.
Style: BBC wildlife documentary, photorealistic, no CGI look.
Constraints: No distorted face, no extra eyes, no cartoon fur, no text, no watermark."
renoise-2075654720526631356,"@image1(完全按照该参考图呈现,不进行任何重新设计)",,真人,现实向,剧情短片,,en,Seedance 2.0,,,renoise-ai/awesome-seedance-prompts,https://github.com/renoise-ai/awesome-seedance-prompts/blob/904b6caffa21c2b114bb93e1bd0e37ba80b3dd10/data/prompts/2075654720526631356.json,CC-BY-4.0,Cia0,https://x.com/Cia0_exe/status/2075654720526631356,True,"prompts/真人/现实向/剧情短片/renoise-2075654720526631356--image1-完全按照该参考图呈现,不进行任何重新设计.md","@image1(完全按照该参考图呈现,不进行任何重新设计)

场景:传统日式庭院与屋檐走廊,深夜满月高挂,月光如泄,纸窗透出暖光,石灯笼与庭院植物点缀四周,一只野猫正追逐着一只萤火虫。
画面风格:电影级写实摄影质感,月光与暖灯双重打光,浅景深虚化背景,轻微胶片颗粒感,深靛蓝与暖琥珀色调对比,自然真实的人体与动物动作,转场全程流畅衔接不跳切,全程画质保持一致不变形。
总时长:15秒 | 画面比例:16:9横屏 | 分辨率:4K | 帧率:24帧
分镜脚本(严格参照8格分镜图,每2秒切换一次运镜):
0-2秒(格1):低角度仰拍镜头
满月高悬夜空,月光洒落石灯笼与屋檐,她独自坐在屋檐边缘,长发披散,一只野猫在庭院阴影中奔跑跳跃,追逐着忽明忽暗的萤火虫。
2-4秒(格2):浅焦横移镜头
猫咪因专注追逐萤火虫一头闯入屋檐范围,她低头注意到脚边的动静,眼神从平静转为好奇。
4-6秒(格3):跟随推近镜头
她俯身向前,对着猫咪柔声发问:
「あれ、迷子になっちゃった?」
6-8秒(格4):微距特写镜头
她伸出指尖轻轻抚过猫咪额头,猫咪微眯双眼享受抚摸,她轻笑着继续问:
「そんなに慌てて、何を追いかけてたの?」
8-10秒(格5):仰角环绕镜头
猫咪蹭了蹭她的手掌后慵懒地蜷缩在她腿边,她抬头微笑,月光为这一幕镀上银边轮廓光。
10-12秒(格6):手持轻晃镜头
一阵夜风拂过庭院,她的长发随风扬起,猫咪耳朵警觉抖动望向远处再次闪烁的萤火虫,却只是懒懒眨眼不再追逐。
12-13.5秒(格7):缓慢推近特写
她低头将脸颊轻轻贴近猫咪,双眼微闭,轻声呢喃:
「今夜は、ここにいてもいいよ。」
猫咪像是听懂了般,发出一声轻柔的「にゃん〜」,随即缓缓闭上双眼,喉咙里传出满足的呼噜声(purring),身体微微起伏。
13.5-15秒(格8):FREEZE FRAME 定格收尾
她微笑低头凝视怀中安睡的猫咪,呼噜声渐渐融入夜风与虫鸣中——画面在此刻凝固定格,满月清辉与纸窗暖光交织洒落于两者身上,渐暗淡出,画面右下角浮现「-END-」字样。
运镜手法:低角度仰拍 → 浅焦横移 → 跟随推近 → 微距特写 → 仰角环绕 → 手持轻晃 → 缓慢推近特写 → freeze frame定格,每2秒切换一次,转场以叠化/匹配动作衔接,避免生硬跳切。
光效强化:月光光柱穿透感、萤火虫忽明忽暗微光、猫眼夜光反射、纸窗暖光溢出、月光银边轮廓光、风中发丝动态光影。
音效细节:12-13.5秒猫咪发出清晰但轻柔的「にゃん〜」一声,随后转为持续、绵密的呼噜声(purring sound),音量随镜头推近逐渐清晰,与她的呢喃声重叠交织,呼噜声延续至freeze frame画面淡出为止。
配音一致性:全程日语简短自然对白,语气温柔略带逗趣好奇感,背景音为夜晚虫鸣与微风声、猫咪呼噜声、萤火虫振翅细微声响、纸窗轻微摇曳声,结尾风声与呼噜声一同渐弱归于寂静。
负面提示词:禁止猫咪动作僵硬或比例失真、禁止面部与角色比例前后不一致、禁止月光过曝导致细节丢失、禁止转场生硬跳切、禁止连续重复同一运镜角度、禁止口型与对白不同步、禁止呼噜声与画面动作不同步、禁止freeze frame画面模糊失焦。"
renoise-2075680674606883318,[CINEMATIC SETUP],,真人,特效向,科幻,,en,Seedance 2.0,,,renoise-ai/awesome-seedance-prompts,https://github.com/renoise-ai/awesome-seedance-prompts/blob/904b6caffa21c2b114bb93e1bd0e37ba80b3dd10/data/prompts/2075680674606883318.json,CC-BY-4.0,Heather Cooper,https://x.com/HBCoop_/status/2075680674606883318,True,prompts/真人/特效向/科幻/renoise-2075680674606883318--CINEMATIC-SETUP.md,"[CINEMATIC SETUP]
Film Style: Photorealistic 4K fixed security camera footage, sci-fi thriller, low-light sensor noise, desaturated cold palette with a single overhead LED tube.
Lens: 35mm fixed surveillance lens, locked mounting position, slight wide-angle.
Color Grade: Cold teal-gray shadows, pale skin under hard toplight; UI elements render in alarm red.
Camera Behavior: Locked-off static frame, no camera movement — all motion within the scene and the interface.
Audio Style: Low electrical hum, buzzing fluorescent, muffled garage reverb, harsh digital alarm tones.

[IMAGE REFERENCES]
@image1: A young East Asian woman with a low ponytail, olive utility jacket over gray tank top, standing in a dim underground parking garage looking up directly into the camera, with a flat 2D red surveillance interface overlaid: header ""LEVEL B3 — CAM 09"", timestamp, red bounding box on her face labeled ""SUBJECT — MATCH 98.7%"", grayscale face crop upper right with ID ""S-4471"", bold red text ""ALERT — FLAGGED"", REC indicator. Preserve this exact composition, character, and UI layout as the starting frame.

[TIMELINE SECOND BY SECOND]
0-3s: Continuation. Static medium-wide shot. The woman stands motionless, staring up into the lens, chest rising with slow breaths. The overhead LED tube flickers twice. The red REC dot blinks steadily. Timestamp digits tick forward. Low hum, fluorescent buzz.
3-6s: Static medium-wide shot. The ALERT — FLAGGED text begins strobing in rhythmic pulses. The red bounding box tightens around her face, match percentage ticking upward. She slowly lowers her chin, eyes staying fixed on the camera, expression hardening. Rising alarm tone under the hum.
6-10s: Static medium-wide shot. She turns and walks calmly out of frame right, passing between parked cars into shadow. The red bounding box tracks her face until she exits, then the box snaps back to frame center and flickers, searching empty space. ALERT text keeps strobing over the empty garage. Footsteps echo, receding, alarm tone continuing over silence.

[STYLE & QUALITY BOOSTERS]
UI elements remain flat 2D screen-space graphics, sharp legible text, no warping, no drift into the scene. Locked camera, zero camera movement. Only one person in the garage, no extra figures, no headlights, no extra particles. Stable character features, movie-level facial consistency, coherent low-light physics."
renoise-2075708108765372842,"완전히 똑같이 만들되, 옷 안의 사람만 머리부터 손끝까지 캐릭터로 교체하십시오.",,真人,现实向,时尚写真,,ko,Seedance 2.0,,,renoise-ai/awesome-seedance-prompts,https://github.com/renoise-ai/awesome-seedance-prompts/blob/904b6caffa21c2b114bb93e1bd0e37ba80b3dd10/data/prompts/2075708108765372842.json,CC-BY-4.0,1p(1mpal),https://x.com/impalementd/status/2075708108765372842,True,"prompts/真人/现实向/时尚写真/renoise-2075708108765372842--완전히-똑같이-만들되,-옷-안의-사람만-머리부터-손끝까지-캐릭터로-교체하.md","완전히 똑같이 만들되, 옷 안의 사람만 머리부터 손끝까지 캐릭터로 교체하십시오."
renoise-2075718602569768970,a woman leaves her car and closes the door,,真人,现实向,剧情短片,,en,Seedance 2.0,,,renoise-ai/awesome-seedance-prompts,https://github.com/renoise-ai/awesome-seedance-prompts/blob/904b6caffa21c2b114bb93e1bd0e37ba80b3dd10/data/prompts/2075718602569768970.json,CC-BY-4.0,Kris Kashtanova,https://x.com/icreatelife/status/2075718602569768970,True,prompts/真人/现实向/剧情短片/renoise-2075718602569768970--a-woman-leaves-her-car-and-closes-the-do.md,"a woman leaves her car and closes the door
[cut] she walks in the backyard
[cut] she finds herself surrounded by lots of cats
[cut] she feeds the cats
[cut] she strokes their heads gentle while they eat"
renoise-2075745852690477097,"16:9, ultra-realistic cinematic sci-fi, realistic physics, massive scale, no…",,其他,,风景空镜,,en,Seedance 2.0,,,renoise-ai/awesome-seedance-prompts,https://github.com/renoise-ai/awesome-seedance-prompts/blob/904b6caffa21c2b114bb93e1bd0e37ba80b3dd10/data/prompts/2075745852690477097.json,CC-BY-4.0,Alexandra Aisling,https://x.com/AllaAisling/status/2075745852690477097,True,"prompts/其他/风景空镜/renoise-2075745852690477097--16-9,-ultra-realistic-cinematic-sci-fi,.md","16:9, ultra-realistic cinematic sci-fi, realistic physics, massive scale, no dialogue.
A sleek fighter chases a glowing object through deep space. Ahead, an artificial star begins collapsing inward. Gigantic metallic petals unfold around it like an enormous mechanical flower. Billions of solar flares are pulled into the structure. Entire fleets flee as gravity distorts everything. The fighter weaves between city-sized pieces of the unfolding machine while arcs of plasma whip across space. At the last second the machine completely engulfs the star, plunging the entire scene into darkness before thousands of blue artificial suns ignite across its surface."
renoise-2075749981277790254,PART 1 (0:00–0:15),,真人,现实向,剧情短片,,en,Seedance 2.0,,,renoise-ai/awesome-seedance-prompts,https://github.com/renoise-ai/awesome-seedance-prompts/blob/904b6caffa21c2b114bb93e1bd0e37ba80b3dd10/data/prompts/2075749981277790254.json,CC-BY-4.0,Shami,https://x.com/ShamiWeb3/status/2075749981277790254,True,prompts/真人/现实向/剧情短片/renoise-2075749981277790254--PART-1-0-00–0-15.md,"PART 1 (0:00–0:15)

CUT 1 (0:00–0:04) — Orbital drone reveal around Big Ben's upper tower, gradually revealing a graduation ceremony taking place on the Gothic crown terrace high above London.

CUT 2 (0:04–0:07) — The dean announces, ""Miss Natasha,"" as graduates applaud and Natasha prepares to step forward.

CUT 3 (0:07–0:10) — Natasha walks confidently toward the podium while her friends record the moment on their phones, with London's skyline stretching behind her.

CUT 4 (0:10–0:15) — Natasha receives her degree, sharing a proud smile and handshake with the dean as the camera slowly circles them.

PART 2 (0:15–0:25)

CUT 5 (0:15–0:19) — Natasha throws her graduation cap into the sky as the camera cranes upward and backward, revealing the full grandeur of Big Ben.

CUT 6 (0:19–0:22) — Wide aerial shot of dozens of graduation caps soaring above the tower with the London skyline beneath.

CUT 7 (0:22–0:25) — Natasha stands beside the stone balustrade holding her diploma as friends join her, smiling while overlooking London from the top of Big Ben."
renoise-2075785002768597310,"Main subject: A Japanese food-delivery cyclist in his late 20s, lean build…",,真人,现实向,生活与vlog,,ja,Seedance 2.0,,,renoise-ai/awesome-seedance-prompts,https://github.com/renoise-ai/awesome-seedance-prompts/blob/904b6caffa21c2b114bb93e1bd0e37ba80b3dd10/data/prompts/2075785002768597310.json,CC-BY-4.0,AI動画ラボ | うまくいった作り方を公開中,https://x.com/aidoga_lab/status/2075785002768597310,True,prompts/真人/现实向/生活与vlog/renoise-2075785002768597310--Main-subject-A-Japanese-food-delivery-cy.md,"Main subject: A Japanese food-delivery cyclist in his late 20s, lean build, wearing a translucent navy rain poncho soaked and clinging to his shoulders, dark joggers drenched at the ankles, worn black sneakers, a bulky insulated black delivery backpack beaded with rain, a wet cap pulled low under the poncho hood, black hair plastered to his forehead. Realistic skin texture, focused and hurried demeanor. Seen mostly at mid-distance, partially obscured by rain and umbrellas. Maintain consistent identity, clothing, and appearance throughout the entire video.

Location: Shibuya scramble crossing, Tokyo, during a sudden violent guerrilla downpour in late afternoon. A dense sea of umbrellas — clear vinyl, black, navy — packed shoulder to shoulder and flowing in crossing streams. Rain hammering the asphalt in visible sheets, water sheeting across the crosswalk stripes, deep reflective puddles, spray kicked up by feet and tires, mist and rain haze thickening with distance, steam-like humidity, distant buildings and giant screens reduced to soft blurred glowing smears of color through the rain — all signage completely out of focus and illegible, no readable text anywhere in frame. Traffic lights blooming red and green in the wet air.

Visual Style: Ultra-realistic documentary realism. Genuine candid crowd behavior, natural hurried body language, unscripted chaotic real-world energy. Rich rain physics: droplets on surfaces, splashing footsteps, umbrella canopies shedding water.

Camera Style: Early-2010s smartphone video held horizontally by a pedestrian sheltering under an awning. 720p-era sharpness with digital oversharpening halos, jello-effect rolling shutter on pans, harsh clipped highlights on wet asphalt reflections, muddy shadows, aggressive noise reduction, raindrops and smears on the lens partially blurring the frame, one-handed framing with constant micro-shake, built-in mic overwhelmed by rain rumble. No gimbal smoothness. No stabilization. No cinematic camera moves. No HDR look. No modern color grading.

(00:00–00:03) Wide handheld view across the flooded crossing, the umbrella sea surging in both directions through sheets of rain. The camera shakes slightly, a raindrop hits the lens and blurs the upper corner. The cyclist enters frame far left, standing on his pedals. (00:03–00:06) The cyclist weaves in a slow S-line through narrow gaps between umbrellas, rear tire throwing up a fine spray, motion-blurred. Pedestrians flinch and angle their umbrellas away. The operator pans late to follow him, rolling shutter wobbling the vertical lines of the background. (00:06–00:08) Closer pass: he cuts through a puddle, water fanning out over the white crosswalk stripes, poncho flapping wet against the delivery bag. Autofocus hunts briefly between a foreground clear-vinyl umbrella and the rider. (00:08–00:10) He slips through the last cluster of umbrellas and shrinks into the rain haze on the far side, swallowed by the blur of glowing screens. Recording cuts abruptly to black mid-motion as if the phone was lowered.

Audio: Natural ambient sound only — heavy rain drumming on asphalt and umbrellas, wind rumble on the phone mic, splashing footsteps, a bicycle bell chiming twice, tires hissing through water, muffled crowd murmur, the crossing signal's electronic chirp barely audible under the downpour. No music. No sound design. No narration.

Goal: Authentic chaotic Tokyo downpour accidentally captured on a bystander's smartphone — candid, imperfect, drenched, and deeply believable."
renoise-2075789141665812499,"@image1(角色参考 — 完全按照该参考图呈现,不进行任何重新设计)",,真人,现实向,情绪特写,,en,Seedance 2.0,,,renoise-ai/awesome-seedance-prompts,https://github.com/renoise-ai/awesome-seedance-prompts/blob/904b6caffa21c2b114bb93e1bd0e37ba80b3dd10/data/prompts/2075789141665812499.json,CC-BY-4.0,Cia0,https://x.com/Cia0_exe/status/2075789141665812499,True,"prompts/真人/现实向/情绪特写/renoise-2075789141665812499--image1-角色参考-—-完全按照该参考图呈现,不进行任何重新设计.md","@image1(角色参考 — 完全按照该参考图呈现,不进行任何重新设计)

画面风格: 电影级高质量写实插画风格,35mm电影镜头质感,明亮日间光线,极轻微阴云色调(天空始终保持明亮),浅景深(f/1.8柔焦背景),轻微胶片颗粒感,云层间的体积光,细腻光晕效果,禁止暗色调调色
总时长: 15秒
画面比例: 16:9横屏
帧率: 24帧

[0–2秒] 正面稳定跟踪镜头(Steadicam质感) — 她在明亮的城市街道上悠闲行走,镜头略低角度仰拍增加电影感,宽松外套松松搭在肩上,头发轻轻飘动,柔和日光透过背景建筑洒下,表情放松自然,背景轻微虚化。环境街道声,轻微脚步声。

[2–4秒] 甩镜转向侧面角度(快速whip-pan,带轻微镜头晃动增强冲击力) — 一阵强风突然袭来,头发扑打过她的脸庞,外套袖子剧烈扬起,她惊讶地抓住衣领,镜头微微晃动强化风的冲击感。日语轻声:「え——!」(惊讶)

[4–6秒] 低角度慢动作镜头(50%速度,增强戏剧张力) — 强风将外套完全从她肩上撕扯而下,外套向上飘起并旋转升入天空,镜头缓慢向上倾斜追随外套轨迹,她伸手去够外套,表情半惊半笑,头发完全飘散在空中,逆光形成发丝光晕。风声达到峰值。

[6–8秒] 广角镜头,先向上跟拍再甩镜向下(垂直跟拍转水平甩镜的复合运镜) — 镜头短暂跟随外套翻滚升入灰亮的天空,随后快速甩镜回到她身上,此刻她只穿着黑色上衣站立,望着外套消失,轻笑一声,带着喘息,镜头轻微推近强化情绪。日语轻声:「あ……あー……」(叹息带笑)

[8–9.5秒] 极特写镜头(微距质感,聚焦面部水珠细节) — 第一滴雨落在她脸上,她惊讶地眨眼,眼睛微微睁大,睫毛上挂着雨珠,镜头极浅景深。日语轻声:「雨…?」

[9.5–11.5秒] 广角镜头,轻微环绕运镜(小幅度弧形移动增加空间感) — 雨势逐渐变大(晴天阵雨效果,天空依然明亮,无乌云密布),她站立不动,双臂微微张开,雨水在光线下闪烁如碎钻,镜头缓慢环绕她移动约15度,此刻已无外套,完全暴露在雨中。

[11.5–13秒] 中景镜头,侧面角度,缓慢下摇跟随坐下动作 — 她缓缓坐到街边路缘上,疲惫却平静,镜头跟随她的动作自然下移,雨水持续落下,浑身湿透但神情安然,背景城市光影柔化。

[13–15秒] 缓慢推近特写镜头(电影感slow push-in,持续2秒) — 她将头仰向明亮的雨中天空,双眼先闭合后轻轻睁开,脸上浮现满足的浅笑,雨水打在脸上折射日光形成细腻高光,画面定格在她的表情上,雨声渐渐淡出至轻柔的寂静,轻微暗角强化聚焦。日语轻声呼气:「やっと……」

音效: 环境城市声+微风(0–2秒) → 尖锐阵风音效(2–4秒) → 外套被扯离时风声达到峰值,伴随布料撕裂声(4–6秒) → 风声渐弱,轻笑声(6–8秒) → 轻雨音效开始,水滴声清脆(8–9.5秒) → 大雨音效,明亮清澈非暴风雨感(9.5–13秒) → 雨声渐柔,轻微呼吸声(13–15秒) → 定格画面时归于柔和寂静

角色动作完全流畅自然,遵循真实人体力学,全程清晰可见,不消失、不变形、不扭曲。外套必须完全脱离并向上飞入天空——这是一个清晰、明确的失去过程,而非仅仅是布料飘动。天空与光线全程保持明亮——阴云效果极轻微,雨水为晴天明亮降雨,非暗色或暴风雨色调。镜头运动需保持电影级流畅度,避免生硬切换,每个运镜衔接自然。语音为日语,语气自然轻柔,符合角色情绪节奏。"
renoise-2075792269408653370,Create a detailed 16-panel storyboard for a 15-second professional Latin dance…,,真人,现实向,音乐MV,,en,Seedance 2.0,,,renoise-ai/awesome-seedance-prompts,https://github.com/renoise-ai/awesome-seedance-prompts/blob/904b6caffa21c2b114bb93e1bd0e37ba80b3dd10/data/prompts/2075792269408653370.json,CC-BY-4.0,apob,https://x.com/apob_ai/status/2075792269408653370,True,prompts/真人/现实向/音乐MV/renoise-2075792269408653370--Create-a-detailed-16-panel-storyboard-fo.md,"Create a detailed 16-panel storyboard for a 15-second professional Latin dance video in 16:9 horizontal format. Keep the same two original dancers, same elegant ballroom studio, same polished wooden floor, same warm amber/red/gold lighting, same outfits, same hairstyles, and same expressive Latin dance performance style across every panel.
Panel 1:
Opening wide shot. The couple holds a dramatic starting pose on the polished ballroom floor. The female dancer stands slightly forward in a red Latin dress, the male dancer behind her in black.
Panel 2:
The music begins. The male dancer gently pulls the female dancer’s hand, initiating the first step. Their eye contact is intense and controlled.
Panel 3:
They perform a smooth side step together. The female dancer’s hips move with Latin rhythm, and her red fringe dress begins to sway.
Panel 4:
Medium shot. The male dancer guides the female dancer into a half-turn. His frame stays strong; her free arm extends elegantly.
Panel 5:
Full-body shot. The female dancer completes a clean spin, red skirt flaring outward, heels precise on the wooden floor.
Panel 6:
Close-up on their joined hands. Fingers connect and release smoothly, showing professional partner control.
Panel 7:
The male dancer steps forward with a sharp Latin body action while the female dancer steps back, maintaining tension through the arms.
Panel 8:
Side angle. The female dancer does a hip accent and hair movement while the male dancer frames her with one extended arm.
Panel 9:
They reconnect at center. The male dancer leads a cross-body turn, guiding her across his front.
Panel 10:
Low-angle shot near the floor. Their feet execute quick Latin steps: ball changes, toe leads, precise heel lifts, clean rhythm.
Panel 11:
Medium shot. The female dancer spins again, this time faster, with her dress fringe creating a circular motion trail.
Panel 12:
The male dancer catches her into a close dance hold. Their faces come close, expressive and dramatic, without breaking elegance.
Panel 13:
They separate with a synchronized arm extension, both bodies angled outward, creating a symmetrical stage shape.
Panel 14:
The couple travels diagonally across the floor with quick cha-cha-style steps, reflections visible beneath them.
Panel 15:
The male dancer leads a final dramatic turn. The female dancer’s red skirt flares as she rotates back toward camera.
Panel 16:
Final hero pose. The female dancer finishes in a deep angled pose with one leg extended, the male dancer supporting her hand from behind. Warm spotlights glow, floor reflections shimmer, both faces confident and expressive."
renoise-2075800818654286179,"Single continuous uninterrupted cinematic shot, no cuts, one flowing 15-second…",,真人,特效向,奇幻怪兽,,en,Seedance 2.0,,,renoise-ai/awesome-seedance-prompts,https://github.com/renoise-ai/awesome-seedance-prompts/blob/904b6caffa21c2b114bb93e1bd0e37ba80b3dd10/data/prompts/2075800818654286179.json,CC-BY-4.0,Yunan Helmy A,https://x.com/unxinstudio/status/2075800818654286179,True,prompts/真人/特效向/奇幻怪兽/renoise-2075800818654286179--Single-continuous-uninterrupted-cinemati.md,"Single continuous uninterrupted cinematic shot, no cuts, one flowing 15-second take. Photorealistic live-action film, NOT animated, NOT a video game, NOT CGI render. Desaturated cool palette with warm amber accents, deep shadow falloff, fine 35mm grain, high-budget professional action film look. A medieval village at dusk under attack, burning huts casting warm amber firelight against cold blue evening air, smoke and drifting embers in the mist. High-action scene with dynamic aggressive camera movement throughout.

The main character [IMAGE REFERENCE] is an armored knight with NO helmet so his face stays clearly visible, wearing battle-worn plate armor and gripping a longsword.

0-1s: the camera races extremely fast at GROUND LEVEL bursting through a single wall of smoke and fire in the village, heavy motion blur, no people or bodies on the ground.

1-3s: the camera immediately reveals the knight already in the middle of active combat at ground level against ONE single towering giant creature — the knight is dodging and parrying the creature's attacks, face clearly visible in a fierce determined expression, then he lunges and thrusts his longsword forward, STABBING the blade deep into the creature's leg and driving it in hard; the giant creature screams in pain and buckles, bending its whole body forward and down, lowering its back toward the knight.

3-7s: with the creature bent down, the knight sprints up its lowered back and climbs fast toward a glowing red orb magic stone embedded in the back of its neck, the camera following the climb dynamically and shaking as the creature thrashes.

7-11s: the knight reaches the back of the neck, raises his longsword and stabs it straight down deep into the glowing red orb in one powerful decisive strike — the orb violently EXPLODES in a huge burst of red light and flying fragments, its glow instantly dying out; the giant creature lets out one final scream, its legs give out and its whole massive body goes limp and starts collapsing downward, NO longer roaring or attacking.

11-15s: the knight leaps off the collapsing creature and lands hard in a heroic crouch in the foreground as the enormous dead body crashes flat onto the ground behind him, completely motionless and silent, dust and embers bursting outward from the impact — an abrupt hard ending. Camera stays handheld, tight, fast and reactive the entire time, tracking every movement like real documentary action footage. No music."
renoise-2075812899235500159,Opening shot: a muscular bald man wearing black tactical climbing gear…,,漫剧,现实向,甜宠恋爱,3D卡通,en,Seedance 2.0,,,renoise-ai/awesome-seedance-prompts,https://github.com/renoise-ai/awesome-seedance-prompts/blob/904b6caffa21c2b114bb93e1bd0e37ba80b3dd10/data/prompts/2075812899235500159.json,CC-BY-4.0,Smiling Khan,https://x.com/AIwithkhan/status/2075812899235500159,True,prompts/漫剧/现实向/甜宠恋爱/renoise-2075812899235500159--Opening-shot-a-muscular-bald-man-wearing.md,"Opening shot: a muscular bald man wearing black tactical climbing gear, fingerless gloves, heavy boots, safety harness, and climbing backpack ascends a towering communications mast with his red-haired girlfriend wearing a fitted black tactical jumpsuit, climbing harness, gloves, and boots. They are already halfway up the tower, climbing side by side while clipped to steel safety cables. Powerful FPV drone shots orbit around them as they scale the enormous steel structure, with close-ups of hands gripping beams, boots stepping across narrow platforms, carabiners locking into cables, and sweeping aerial views of the city thousands of feet below. Strong wind blows through their clothes and hair as helicopters circle in the distance.
After an intense climb, they reach the summit platform above the clouds. The man removes his helmet, smiles, gets down on one knee, slowly opens a small velvet ring box, and reveals a sparkling diamond engagement ring. The woman gasps, covers her mouth in surprise, then happily extends her hand. He gently slides the ring onto her finger. She admires the ring with tears of joy before jumping into his arms.
They embrace tightly and share a long romantic kiss as the glowing sunset illuminates the skyline. The camera circles them in slow motion with cinematic lens flares, volumetric clouds, and breathtaking panoramic city views.
Suddenly, tactical police officers climb onto the platform from another access ladder while helicopters hover overhead with flashing searchlights. Officers calmly surround the couple, place both of them in handcuffs, and escort them across the rooftop platform. The couple continues smiling and exchanging affectionate glances despite the arrest. Reporters photograph the dramatic moment from nearby helicopters.
End with a massive aerial pullback showing the towering communications mast above the glowing city skyline, the handcuffed couple standing together at the summit as the sun sets behind them. Ultra-detailed stylized animation, blockbuster-quality cinematography, emotional orchestral soundtrack, dramatic lighting, smooth camera transitions, 4K HDR, 24fps, cinematic depth of field, highly expressive facial animation."
renoise-2075815664183648559,"An army supply yard at night, tall loading cranes standing over stacked cargo…",,真人,特效向,动作大片,,en,Seedance 2.0,,,renoise-ai/awesome-seedance-prompts,https://github.com/renoise-ai/awesome-seedance-prompts/blob/904b6caffa21c2b114bb93e1bd0e37ba80b3dd10/data/prompts/2075815664183648559.json,CC-BY-4.0,Rahul Nanda,https://x.com/rahulnanda86/status/2075815664183648559,True,"prompts/真人/特效向/动作大片/renoise-2075815664183648559--An-army-supply-yard-at-night,-tall-loadi.md","An army supply yard at night, tall loading cranes standing over stacked cargo containers under bright floodlights. An alien with long, slimy tentacles has grabbed a soldier and is climbing up the arm of one of the loading cranes, pulling him higher with every second. In the crane's control cabin, a second soldier — the one who operates this crane every single day — grips the controls, watching the alien climb. Sound: creaking metal, groaning cables, the alien's low hiss, shouting, radio voices.

Shot 1 (0–3s) — THE HOOK: Low shot up the crane arm. The alien's tentacles are wrapped around a soldier, hauling him up the long steel arm high above the yard. He grabs at the metal, kicking, and shouts into his radio: IT'S TAKING ME UP THE CRANE!

Shot 2 (3–6s): In the crane cabin, the operator watches the alien climbing higher, hand steady on the control lever. He calls on the radio: Hold on! I'm bringing the arm in fast!

Shot 3 (6–9s): The trapped soldier locks both arms around the crane's cable line and holds tight as the operator throws the lever hard. The whole crane arm begins retracting fast, sliding back toward the base at full speed, the alien still gripping on partway up.

Shot 4 (9–13s) — BIG SLOW-MOTION MOMENT: The arm slams back into position. Bullet time — the alien's body is caught in slow motion between the moving crane arm and the crane's heavy steel counterweight block at the base, metal closing in from both sides, tentacles flailing outward.

Shot 5 (13–15s): Time snaps back. The crane parts crash together with a huge bang, crushing the alien flat between them, slime bursting out to the sides. The rescued soldier drops safely onto the platform below, shaken but alive. Cut."
renoise-2075816060360753484,"An army airstrip in bright daylight, a long concrete runway with a side taxiway…",,真人,特效向,动作大片,,en,Seedance 2.0,,,renoise-ai/awesome-seedance-prompts,https://github.com/renoise-ai/awesome-seedance-prompts/blob/904b6caffa21c2b114bb93e1bd0e37ba80b3dd10/data/prompts/2075816060360753484.json,CC-BY-4.0,Rahul Nanda,https://x.com/rahulnanda86/status/2075816060360753484,True,"prompts/真人/特效向/动作大片/renoise-2075816060360753484--An-army-airstrip-in-bright-daylight,-a-l.md","An army airstrip in bright daylight, a long concrete runway with a side taxiway lined with parked fuel bowsers. A supply plane is taxiing fast, trying to line up for takeoff. A mega crocodile, huge as a truck, has clamped onto the plane's wheel strut and will not let go, dragging alongside as the plane rolls. Ground crew stand back near the fuel bowsers — nobody can risk a shot this close to the aircraft. Sound: roaring engines, groaning metal, croc hissing, shouting, radio voices.

Shot 1 (0–3s) — THE HOOK: Low shot at wheel height. The mega crocodile has its jaws locked around the plane's wheel strut, its huge body dragging along the runway as the plane picks up speed. The pilot fights the controls and shouts into his radio: ""IT WON'T LET GO OF THE WHEEL! I CAN'T LIFT OFF LIKE THIS!""

Shot 2 (3–6s): On the ground, the crew chief watches from a safe distance near the fuel bowsers, radio in hand. He calls up to the cockpit: ""Turn onto the side strip! Use the bowsers!"" The pilot's eyes flick to the parked fuel trucks lined up ahead.

Shot 3 (6–9s): The pilot throws the plane into a hard turn off the main runway onto the side taxiway. The crocodile, still clamped to the strut, is dragged sideways along with the turning plane, sliding across the concrete straight toward the row of parked fuel bowsers.

Shot 4 (9–13s) — BIG SLOW-MOTION MOMENT: The crocodile slams into the nearest fuel bowser. Bullet time — the impact crumples the tanker's side in slow motion, metal folding inward, fuel spraying out around the crocodile's body just before it ignites.

Shot 5 (13–15s): Time snaps back. The fuel bowser explodes in one huge fireball, throwing the crocodile clear as fire rolls across the side taxiway. The plane straightens out and speeds down the main runway, lifting off safely into the sky. Cut."
renoise-2075816671080747410,"An army river crossing point in bright daylight, a shallow river with a…",,真人,特效向,动作大片,,en,Seedance 2.0,,,renoise-ai/awesome-seedance-prompts,https://github.com/renoise-ai/awesome-seedance-prompts/blob/904b6caffa21c2b114bb93e1bd0e37ba80b3dd10/data/prompts/2075816671080747410.json,CC-BY-4.0,Rahul Nanda,https://x.com/rahulnanda86/status/2075816671080747410,True,prompts/真人/特效向/动作大片/renoise-2075816671080747410--An-army-river-crossing-point-in-bright-d.md,"An army river crossing point in bright daylight, a shallow river with a drainage gate built upstream. A jeep is stuck in the water, and a mega crocodile, huge as a truck, has grabbed onto its front bumper, refusing to let go. Nearby, the depot sergeant stands at the drainage gate controls — the same gate he checks and adjusts every single day. A second team waits downriver near a deep pool. Sound: rushing water, groaning metal, croc hissing, shouting, radio voices.

Shot 1 (0–3s) — THE HOOK: Low shot at the water line. The mega crocodile has its jaws locked around the jeep's front bumper, pulling hard, the whole jeep rocking in the current. The driver grips the wheel and shouts into his radio: IT'S GOT THE BUMPER! IT WON'T LET GO!

Shot 2 (3–6s): At the drainage gate, the sergeant grabs the control wheel, checking the gauge fast — the same gauge he reads every morning. He calls on the radio: Opening the gate now! Get ready downriver!

Shot 3 (6–9s): The sergeant throws the gate open. A sudden surge of water rushes down the river, hitting the crocodile hard from the side and rolling its whole body away from the jeep, tumbling it downstream toward the deep pool where the second team waits.

Shot 4 (9–13s) — BIG SLOW-MOTION MOMENT: The surge carries the crocodile into the pool. Bullet time — its huge body rolls and twists through the rushing water in slow motion, claws and tail thrashing, water spraying high into the air as it's swept further from the jeep.

Shot 5 (13–15s): Time snaps back. The crocodile crashes into the deep pool, caught by the waiting team downstream. The jeep sits safe in the shallow water, the driver breathing hard, looking back at the current still rushing past. ."
renoise-2075835142036472211,"A single continuous one-take shot, no cuts. The camera is bolted rigidly to the…",,真人,现实向,生活与vlog,,ja,Seedance 2.0,,,renoise-ai/awesome-seedance-prompts,https://github.com/renoise-ai/awesome-seedance-prompts/blob/904b6caffa21c2b114bb93e1bd0e37ba80b3dd10/data/prompts/2075835142036472211.json,CC-BY-4.0,はさまるスタジオ (Hasamaru Studio),https://x.com/hasamaru_studio/status/2075835142036472211,True,"prompts/真人/现实向/生活与vlog/renoise-2075835142036472211--A-single-continuous-one-take-shot,-no-cu.md","A single continuous one-take shot, no cuts. The camera is bolted rigidly to the carriage's outer walkway railing, moving forward as one body with the train — the camera and the train share exactly the same motion at all times, so their relative position never changes for even a moment. The carriage, the open doorway and the woman remain locked in the exact same position and size within the frame from the first second to the last; there is zero relative movement between camera and train — no drifting closer or farther, no floating, no panning away. The ONLY things that move within the frame are: the background world sliding past (the glowing megacity far below, the viaduct lamps sweeping by, bridges and towers passing), the drifting steam overhead, the airships, and the woman's own small motions. In the background sky, each airship cruises slowly and naturally on its own course — one crossing gradually from left to right above the distant bridge, another turning gently away behind the towers, a smaller one descending toward the lower city — each at its own speed and heading, propellers turning, running lights glowing, never frozen in place. Opening beat (first seconds): the Victorian lady steps up gracefully from the walkway into the open carriage doorway and settles into an elegant, reserved posture — both feet on the carriage floor, one gloved hand resting lightly on the brass handrail, her upper body inclined only slightly outward, a modest ladylike lean — then holds this composed pose, swaying gently with the carriage, her dress hem and hat ribbon fluttering softly. The frame carries the train's own physical texture: constant fine rail vibration, faint rocking, occasional small jolts, all shared identically by camera and carriage. Audio: rich, clearly audible, soothing ambience — rhythmic rail clatter, deep steady steam breathing, streaming wind, soft fabric flutter; no music, no voices, no narration."
renoise-2075836031962923291,"Maintain identical character identity, face, clothing, kitchen layout and…",,真人,现实向,生活与vlog,,en,Seedance 2.0,,,renoise-ai/awesome-seedance-prompts,https://github.com/renoise-ai/awesome-seedance-prompts/blob/904b6caffa21c2b114bb93e1bd0e37ba80b3dd10/data/prompts/2075836031962923291.json,CC-BY-4.0,Shara I Ai Video Creator,https://x.com/itsshara_ai/status/2075836031962923291,True,"prompts/真人/现实向/生活与vlog/renoise-2075836031962923291--Maintain-identical-character-identity,-f.md","Maintain identical character identity, face, clothing, kitchen layout and lighting throughout every shot. CHEF ONE: Italian veteran chef, male, 50s, silver beard, white chef coat, traditional tall chef hat, calm but fierce expression. CHEF TWO: Young rebel chef, male, 20s, tattooed arms, black apron over dark t-shirt, backwards black cap, confident smirk. STYLE Photorealistic cinematic commercial, ARRI Alexa 35, Cooke 35mm lens, natural film grain, ultra-realistic food photography, dramatic slow motion mixed with speed ramps, premium food commercial, dark luxury kitchen, warm orange wood-fired oven glow, cool overhead spotlights, volumetric lighting, floating flour particles, cinematic contrast, shallow depth of field, energetic editing, realistic physics. CAMERA Fast cinematic push-ins, whip pans, low-angle hero shots, overhead shots, macro food close-ups, handheld energy, orbit shots, speed ramps, slow-motion flour explosions, rack focus, dynamic tracking. SHOT 1 (0.0–1.0s) Extreme close-up of both chefs staring intensely across stainless steel counters. Camera slowly pushes in. Flour dust floating in the air. Warm oven glow behind them. SHOT 2 (1.0–2.0s) Simultaneous dough slam. Both chefs smash dough onto steel counters. Massive flour explosion erupts upward between them. Camera shakes slightly from impact. Ultra slow motion. SHOT 3 (2.0–3.0s) Close-up of powerful hands kneading dough. Veteran chef's experienced hands versus tattooed hands pressing aggressively. Flour bursts with every movement. Fast alternating cuts. SHOT 4 (3.0–4.0s) Face-off. Tight profile close-up. Both chefs lock eyes with intense determination. Floating flour sparkles around them. Dramatic rack focus between faces. SHOT 5 (4.0–5.0s) Simultaneous dough toss. Veteran performs elegant classic pizza spin. Young chef launches dough with a flashy behind-the-back toss. Camera tilts upward following both dough discs. SHOT 6 (5.0–6.0s) Low-angle hero shot. Two spinning pizza dough discs float beneath kitchen lights. Cheese, flour and herbs rain down in cinematic slow motion. Dynamic orbit camera. SHOT 7 (6.0–7.0s) Young chef catches dough behind his back with swagger while spinning toward camera. Energetic handheld tracking. Flour trails through the air. SHOT 8 (7.0–8.0s) Veteran chef catches spinning dough with perfect precision. Calm confidence. Smooth cinematic push-in. Beautiful oven flames flickering behind him. SHOT 9 (8.0–9.0s) Finished pizzas slammed onto the center counter simultaneously. Huge burst of steam rises dramatically. Counter vibrates slightly from impact. SHOT 10 (9.0–10.0s) Both chefs lean forward across the counter, eyes locked. Steam rises between them. Slow dramatic push-in with cinematic tension. SHOT 11 (10.0–11.0s) Both lift hot pizza slices toward each other like a toast. Melted cheese stretches naturally. Warm golden oven glow illuminates the slices. SHOT 12 (11.0–12.0s) Hero ending. Close-up of both pizza slices meeting in the center. Cheese pull, rising steam, floating flour, glowing fire in the background. Camera slowly pushes forward. End with both chefs smiling respectfully at each other. No dialogue. No subtitles. No logos. No text. No watermark. Maintain perfect facial consistency across every shot. Realistic food textures, realistic cheese stretch, realistic flour physics, premium cinematic commercial quality, energetic pacing, blockbuster food advertisement."
renoise-2075847160353181852,Use the uploaded image as the exact visual reference for the environment: a…,,真人,现实向,剧情短片,,en,Seedance 2.0,,,renoise-ai/awesome-seedance-prompts,https://github.com/renoise-ai/awesome-seedance-prompts/blob/904b6caffa21c2b114bb93e1bd0e37ba80b3dd10/data/prompts/2075847160353181852.json,CC-BY-4.0,Umesh,https://x.com/umesh_ai/status/2075847160353181852,True,prompts/真人/现实向/剧情短片/renoise-2075847160353181852--Use-the-uploaded-image-as-the-exact-visu.md,"Use the uploaded image as the exact visual reference for the environment: a dreamy yellow capsule house on a tiny lush island, mossy green terrain, rocky edges, still reflective water, misty forest backdrop, warm glowing interior, and a peaceful cinematic atmosphere. Create a 15 second slow-paced cinematic short with two subjects: a young woman and a young man in simple elegant neutral-toned clothing. Focus on ambience, silence, and emotional subtlety.

Scene 1, beginning: Wide misty establishing shot from across the water at dawn. The tiny island home glows softly. Slow push in as both subjects stand outside near the water’s edge, quietly taking in the view. The woman softly says, “It feels hidden from the world.”

Scene 2: Low angle glide across the reflective water, then tilt up to reveal the grass-covered roof, trees, and the capsule architecture. The man looks worried and says, “Maybe not hidden enough.”

Scene 3, conflict: Interior side shot through the glass wall. They sit across from each other in the two chairs, warm light around them, tension quiet but visible. A distant rumble, light wind in the trees, gentle ripples in the water. The woman whispers, “Do we stay?” He pauses.

Scene 4: Slow orbit outside the house, circling from the rocky shore to the panoramic glass, savouring the full landscape. The man steps closer to the glass, watching the mist clear.

Scene 5, climax: Close intimate shot. He turns to her and says, “We stay. Together.” She smiles with relief.

Scene 6, resolution: Final wide pullback from above and across the lake. Both subjects now stand side by side inside the glowing capsule home, calm and reunited, framed by the serene island, soft fog, still water, and quiet forest. The mood ends peaceful, intimate, and healing."
renoise-2075859660356141358,Authentic French adventure game show broadcast style from the 1990s-2020s…,,真人,现实向,年代怀旧,,en,Seedance 2.0,,,renoise-ai/awesome-seedance-prompts,https://github.com/renoise-ai/awesome-seedance-prompts/blob/904b6caffa21c2b114bb93e1bd0e37ba80b3dd10/data/prompts/2075859660356141358.json,CC-BY-4.0,Alex Patrascu,https://x.com/maxescu/status/2075859660356141358,True,prompts/真人/现实向/年代怀旧/renoise-2075859660356141358--Authentic-French-adventure-game-show-bro.md,"Authentic French adventure game show broadcast style from the 1990s-2020s, realistic recreation of Fort Boyard challenge footage, natural handheld camera with subtle broadcast grain and film texture, dramatic yet realistic mixed lighting inside the historic stone fort, tense atmospheric mood with physical comedy on failure. No reference images provided. Generate the entire scene from the text description.
0-3s: [Wide handheld tracking shot from below] A male contestant in his late 20s, wearing a yellow team bib, steps onto a narrow, slightly flexible balance beam or tension bridge high inside one of the fort’s large chambers. He holds his arms out wide for balance.
3-6s: [Medium tracking shot alongside] The beam flexes and bounces gently with each step. He moves forward cautiously, eyes focused ahead as the height and movement affect his stability.
6-9s: [Closer action shot with motion blur] One foot lands on a particularly bouncy section. His body bounces and he overcorrects, arms swinging wildly as he fights to stay on the beam.
9-12s: [Dynamic tracking shot] He drops into a low squat to regain control but the beam continues to move. He starts to tilt to one side.
12-15s: [Fall and impact shot] He loses his balance completely and falls off the side of the beam into the safety net or padded area below. He lands with a heavy impact and lies there for a moment, looking up at the still-moving beam above him.
High fidelity realistic live-action footage in the exact visual style of Fort Boyard, accurate physics of flexible beam bouncing and loss of balance at height, realistic fall impact, authentic high stone chamber architecture visible, coherent athletic balance attempt, no modern artifacts or anachronisms."
renoise-2075865781221617957,A 15-second bright Thai ride-hailing commercial inspired by a 9-panel…,,其他,,广告带货,,en,Seedance 2.0,link-only,hate,renoise-ai/awesome-seedance-prompts,https://github.com/renoise-ai/awesome-seedance-prompts/blob/904b6caffa21c2b114bb93e1bd0e37ba80b3dd10/data/prompts/2075865781221617957.json,CC-BY-4.0,Kent Dhani,https://x.com/kentdhani/status/2075865781221617957,True,prompts/其他/广告带货/renoise-2075865781221617957--A-15-second-bright-Thai-ride-hailing-com.md,
renoise-2075877600077942916,"2000s consumer camcorder found footage, real live action. Extremely shaky…",,真人,特效向,奇幻怪兽,,en,Seedance 2.0,,,renoise-ai/awesome-seedance-prompts,https://github.com/renoise-ai/awesome-seedance-prompts/blob/904b6caffa21c2b114bb93e1bd0e37ba80b3dd10/data/prompts/2075877600077942916.json,CC-BY-4.0,TechHalla,https://x.com/techhalla/status/2075877600077942916,True,"prompts/真人/特效向/奇幻怪兽/renoise-2075877600077942916--2000s-consumer-camcorder-found-footage,.md","2000s consumer camcorder found footage, real live action. Extremely shaky handheld recording with heavy natural camera shake, fast erratic movements, quick zooms, autofocus hunting, video noise, tape grain and mild compression artifacts. Feels like someone secretly filming a real supernatural event with an old Sony/Panasonic camcorder in the early 2000s. Rapid chaotic cuts almost every second, intense and disorienting editing. Maximum realism and sobriety mixed with raw power.
Use the provided reference image as the only visual anchor. Keep the exact appearance of the bald elder in red cloak, the mountains, crowd and ice structure. The red-cloaked monk actively fights the giant. Render in raw 2000s camcorder aesthetic with rapid cuts and full body views of the giant.
0-2s: [Shaky wide - rapid cut] Unsteady camcorder shot of the red-cloaked monk from behind and the distant ice giant. Low rumble starts. Dust rises. Fast cut to ground cracking violently.
2-4s: [Rapid ground + reaction cuts] Series of quick shaky cuts: ground heaving, people panicking and running, fast zoom on the monk standing up, quick cut back to the base of the giant starting to rise. Heavy camera shake and autofocus hunting.
4-6s: [Giant rise + monk prepares] Fast chaotic cuts: massive ice exploding upward, full shaky view of the giant beginning to tower, quick cut to the monk turning and raising his hands, another rapid shot of energy starting to glow faintly around him. Very intense handheld movement.
6-8s: [First clash - full body] Rapid cuts: giant fully rises in a towering full-body shot, quick zoom on the monk firing a visible energy wave from his hands toward the giant, fast cut to the blast hitting the giant's chest with ice shards flying, another shaky full-body wide of the giant reacting. Extreme camera shake.
8-10s: [Intense fight - rapid cuts] Series of very fast cuts: giant swinging a massive ice limb toward the monk, quick full-body shot of the giant towering over everything, fast pan to the monk dodging and firing another stronger energy blast, shaky close on the explosion of ice and energy, another rapid full-body reveal of the giant. Maximum chaos and intensity.
10-12s: [Climax exchange] Fast cuts: giant releases a powerful ice shockwave, quick full-body view showing the entire towering creature attacking, fast zoom on the monk countering with a big energy wave, shaky footage of the collision creating huge dust and ice explosion, another full-body shot of the giant being pushed back slightly. Raw camcorder noise and shake everywhere.
12-14s: [Aftermath rapid cuts] Quick cuts: thick dust and ice particles in the air, shaky full-body wide of the giant still standing but damaged, fast cut to the monk breathing heavily, another rapid shot of small aftershocks, final shaky full-body view of both facing each other.
14-15s: [Final intense full body] Last shaky camcorder shot slowly trying to hold a wide full-body view of the giant towering over the monk and the valley. Heavy breathing sounds implied by camera movement. Raw, real, intense 2000s found footage ending.
Realistic 2000s camcorder found footage quality, heavy handheld shake, autofocus issues, video noise and grain, rapid chaotic cuts, full body views of the giant fighting, raw live action feel, no cinematic polish."
renoise-2075895659769819487,FORMAT: 15s / free rhythm / 1 MATCH CUT / CONTINUOUS MOVE UNTIL MATCH CUT +…,,真人,特效向,武侠打斗,,en,Seedance 2.0,,,renoise-ai/awesome-seedance-prompts,https://github.com/renoise-ai/awesome-seedance-prompts/blob/904b6caffa21c2b114bb93e1bd0e37ba80b3dd10/data/prompts/2075895659769819487.json,CC-BY-4.0,simeon-sanai,https://x.com/Naiknelofar788/status/2075895659769819487,True,prompts/真人/特效向/武侠打斗/renoise-2075895659769819487--FORMAT-15s-free-rhythm-1-MATCH-CUT-CONTI.md,"FORMAT: 15s / free rhythm / 1 MATCH CUT / CONTINUOUS MOVE UNTIL MATCH CUT + IMMEDIATE ACTION FROM FIRST FRAME SUBJECTS: A lone sword-bearing woman in weathered fur and leather fights a massive polar bear with desperate, two-handed survival movement. The same woman is later revealed at home in loose indoor clothes, where a VR headset appears only after the match cut and is pulled off in one clear motion. ENVIRONMENT: Frozen wilderness under hard daylight, wind dragging snow across blue-white ice, then a modest lived-in home reached through a precise visual match. Winter glare and visible breath give way to soft clutter, indoor daylight, and a faint game-lit glow. MOOD: Visceral survival tension snaps into grounded reality without breaking physical continuity. COLOR LOGIC: Naturalistic Film Print Emulation TIMELINE: 0:00-0:07: One unbroken handheld move, WS collapsing into MCU as the woman backpedals across the ice and the bear launches through blowing snow. The camera runs beside the leap at eye level, 28mm shifting to 35mm, slightly unstable and close enough to keep both bodies heavy and readable. The bear closes fast while she plants, recoils, and keeps the blade between them. SFX: (howling wind, boots grinding ice, low animal roar, cloth strain, blade cutting air, snow scrape). Hard winter sun side-lights the ice and throws sharp blue shadows. 0:07-0:11: Same unbroken move, no cut, tightening into a dead-on CU as the bear surges into the last inches, claws near her shoulders, jaws filling the frame edge. Right in the middle of the attack, a man's voice calls, Karla... then sharper, KARLA. She answers with a tired off, and on that reaction the world drops into slow motion. Snow drifts almost still, the bear hangs in its strike, and only she keeps moving at normal speed as the camera orbits into her face. Bored, not afraid, she drops the sword and brings both empty hands toward her temples in one smooth interrupt gesture. No headset, visor, or device is visible in the frozen world. Stay continuous until the match cut, keeping the same face size, hand height, head angle, lens distance, and clockwise drift. SFX: (cloth strain building to near impact, a man's voice calling Karla... KARLA, her tired off, then stretched wind fading toward silence). Hard winter sun catches the slowed snow around her face. 0:11-0:15: MATCH CUT. CU to MS. Seamless mid-motion transition as her rising hands cross the same screen position and the frozen close-up becomes the home interior with the same framing and clockwise drift. The motion continues uninterrupted, and now a VR headset is visibly strapped over her eyes for the first time. She grips both sides, pulls it fully off her face, and the camera opens into a medium shot as she drops it above her forehead and steps into a small living room in loose home clothes. The handheld orbit continues, revealing couch edges, scattered blankets, and cold window light as her posture falls into mild annoyance. She turns toward the voice, rolls her eyes upward, and says, What is it. 35mm natural lens, spherical. SFX: (headset strap stretch, plastic rub, quiet room tone, socked foot scrape, faint game audio, her breath settling, her dry voice saying What is it). Indoor daylight replaces the winter contrast."
renoise-2075899500502135259,"Use @[storyboard ref] only for staging: match each P## angle, scale, frame…",,漫剧,特效向,战斗大招,3D卡通,en,Seedance 2.0,,,renoise-ai/awesome-seedance-prompts,https://github.com/renoise-ai/awesome-seedance-prompts/blob/904b6caffa21c2b114bb93e1bd0e37ba80b3dd10/data/prompts/2075899500502135259.json,CC-BY-4.0,Kōda,https://x.com/aimikoda/status/2075899500502135259,True,prompts/漫剧/特效向/战斗大招/renoise-2075899500502135259--Use-storyboard-ref-only-for-staging-matc.md,"Use @[storyboard ref] only for staging: match each P## angle, scale, frame, blocking, screen positions, and direction. Ignore sketch artifacts; written beats, references, ENVIRONMENT, VISUAL MEDIUM, and CINEMATOGRAPHY control final identity, material, color, motion, and effects.
Use @[char1] solely for C1's final appearance and @[char2] solely for C2's.

VISUAL MEDIUM: Feature-film stylized 3D, painterly materials, controlled neon-noir cel shading.
MOTION LANGUAGE: Hyper-fast real-time Muay Thai; instant recoil, continuous switches and pivots.
VISUAL EFFECTS: Red-orange power arcs, violet-blue velocity streaks, fractures, bending haze.
CINEMATOGRAPHY: Low-key split neon, ultra-wide proximity, controlled combat-handheld, deep-focus parallax.
AUDIO: No score; shin slaps, foot squeaks, glove cracks, breath bursts.
ENVIRONMENT: Black ring, navy canvas, matte ropes, dark posts. Opposed neon divides sweat haze.
RHYTHM + ESCALATION: Finish P01-P16 in exactly 15 seconds with nonstop cut-on-action and camera travel; no slow motion, holds, pauses, resets, or aftermath.

BEATS:
P01: Knee-high low wide; C1/visor attacks toward far-right ropes as C2/helmet checks; camera sprints beside them with light footfall tremor.
P02: Ground close; camera skims between feet into the centered shin clash above a navy canvas seam, takes one lateral impact bump, and re-locks.
P03: Chest-high close; C1/visor's teep fills foreground as C2/helmet parries screen right; camera rockets backward with a small recoil shake.
P04: Eye-high medium, torsos split; camera arcs around C2/helmet's outside step as she clears C1/visor's foot, with micro footfall jitter only.
P05: Eye-high full-body profile; camera orbits with C2/helmet's roundhouse into C1/visor's ribs, taking one side jolt as its arc vanishes.
P06: Guard-high close, shoulders at edges; camera threads between C1/visor's jab-cross with tight tremor and takes a bump at the final elbow.
P07: Waist-high canted medium; camera drops from C1/visor's neck frame to her rear knee hitting C2/helmet, takes one vertical jolt, and side-slips.
P08: Eye-high lateral full-body wide; camera sprints right outside the ropes through light running tremor as C1/visor kicks and C2/helmet checks near far-right ropes.
P09: Knee-high full profile; camera reverse-tracks C2/helmet's switch kick into C1/visor with controlled footfall shake and one side jolt at contact.
P10: Overhead medium, heads centered; camera dives into the clinch over four planted feet, takes a small center bump, and re-centers instantly.
P11: Overhead medium; camera spins with C2/helmet's inside clinch turn screen left toward ring center, taking tiny rhythmic bumps on short knee contacts.
P12: Glove-high close, ropes behind right; one whip-pan crosses C1/visor's frame and rising elbow, ending in a hard shake and re-lock on C2/helmet.
P13: Waist-high medium; camera rushes behind C1/visor's rear knee into C2/helmet at the far-right ropes, taking quick jolts at body and rope contact.
P14: Eye-high full profile; camera cuts hard sideways with C2/helmet's outside pivot; shake settles immediately on the clear elbow lane screen left toward ring center.
P15: Glove-high extreme close, contact centered; camera charges along C2/helmet's elbow into C1/visor, takes the strongest jolt, and passes the one-frame fracture.
P16: Eye-high wide, figures split; camera catapults through the ropes as the shock ring bends haze, takes one heavy wave jolt, and ends in fading tremor while both fighters move."
renoise-2075905022274208094,添付画像のような、ふわふわでやさしい雰囲気の動物たちが登場する動画。 ファーストフレームに添付の画像をそのまま使わない。 セリフは全て日本語。環境音あり。,,漫剧,特效向,奇幻冒险,2D日漫,ja,Seedance 2.0,,,renoise-ai/awesome-seedance-prompts,https://github.com/renoise-ai/awesome-seedance-prompts/blob/904b6caffa21c2b114bb93e1bd0e37ba80b3dd10/data/prompts/2075905022274208094.json,CC-BY-4.0,Makari ｜AIイラスト,https://x.com/Makari_5108010/status/2075905022274208094,True,prompts/漫剧/特效向/奇幻冒险/renoise-2075905022274208094--添付画像のような-ふわふわでやさしい雰囲気の動物たちが登場する動画-ファーストフ.md,"添付画像のような、ふわふわでやさしい雰囲気の動物たちが登場する動画。 ファーストフレームに添付の画像をそのまま使わない。 セリフは全て日本語。環境音あり。

日本のフルカラーアニメ。 絵本のようにあたたかく、映画のような重厚なカラーグレーディング。 柔らかい光、透明感のある空気、少しキラキラした癒しの雰囲気。

すべてのカットで画角やアングルを変えて単調にしない。 動物たちの表情や小さな仕草を丁寧に見せる。 人間は登場しない。 文字やロゴ、字幕は入れない。

 場所：木漏れ日が地面に斑に差し込み、小さな花が咲いている。 切り株の上に、小さな森のティーセットが置かれている。

 登場する動物：ふわふわの白いアルパカ、小さなうさぎ、リス、小鳥。 動物たちは仲良く、森の中で小さなホットミルクを作る。

シーン１：森への導入・アルパカ登場・うさぎが粉砂糖をすくう
セリフ「これで、準備できたね」

シーン２：アルパカがカップを近づける・リスが混ぜる・小鳥が花びらを落とす
セリフ「あったかそう…」

シーン３：ホットミルクの水面・3匹の期待・マシュマ口を投入
セリフ「いいにおい！」

シーン４：森全体の静けさ・アルパカが湯気を浴びる・リスが喜ぶ

シーン５：3匹でホットミルクを飲む・アルパカが空を見上げる・森に包まれるエンディング セリフ「ほっとするね」"
renoise-2075911581993422965,SEEDANCE 2.0 — SAFE VERSION — PART 1,,漫剧,现实向,日常治愈,3D卡通,en,Seedance 2.0,,,renoise-ai/awesome-seedance-prompts,https://github.com/renoise-ai/awesome-seedance-prompts/blob/904b6caffa21c2b114bb93e1bd0e37ba80b3dd10/data/prompts/2075911581993422965.json,CC-BY-4.0,AIVersePlay,https://x.com/AIVersePlay/status/2075911581993422965,True,prompts/漫剧/现实向/日常治愈/renoise-2075911581993422965--SEEDANCE-2.0-—-SAFE-VERSION-—-PART-1.md,"SEEDANCE 2.0 — SAFE VERSION — PART 1
Create an EXACTLY 15-second premium stylized 3D family-animation scene titled “Baby Panda Discovers Rolling.” The panda is a clearly fictional animated character, not a real animal. The scene is playful, gentle, supervised in tone, and completely free of danger, pain, fear, injury, or distress.
Minimum 8K quality, ultra sharp, high detail, clean textures, stable face, stable fur pattern, no blur, no compression artifacts.
STYLE: High-end cinematic 3D animation, warm family-friendly tone, soft expressive character acting, realistic gravity and body weight, polished theatrical lighting, viral but safe camera angles.
CHARACTER LOCK: One small animated baby panda, same face, same black-and-white fur pattern, same round proportions, same size, same expression style in every shot. The panda remains cheerful, curious, relaxed, and unharmed.
ENVIRONMENT LOCK: A very low rounded grassy mound in a protected meadow, only a gentle slope, thick soft grass, no cliff, no rocks in the path, no sharp objects, no road, no water, no height danger. Warm late-afternoon sunlight from camera-left. Same terrain, same lighting, same screen direction.
SCENE FLOW — EXACTLY 15 SECONDS — EXACTLY 7 SHOTS:
1. 0.00–1.80s — Low-angle medium-wide shot. The baby panda stands on top of the small soft grassy mound, smiling and curious. Slow gentle push-in.
2. 1.80–3.40s — Side close-up. One paw softly slides a few centimeters on smooth grass. The panda slowly tilts with a playful surprised expression, never frightened.
3. 3.40–5.80s — Ground-level tracking shot. The panda performs one gentle controlled side-roll downhill. Natural gravity, soft body compression, thick grass cushioning every contact.
4. 5.80–7.80s — Smooth overhead shot. The panda completes one more slow playful rotation on the same gentle slope. No fast spinning, no hard impact.
5. 7.80–9.70s — Front low camera on flat soft grass. The panda naturally loses momentum and stops safely on its back, paws up, blinking happily. Add a small comic “!” reaction icon only.
6. 9.70–12.50s — Medium follow shot. The panda sits up immediately, cheerful and unharmed, then climbs the short mound with small believable steps and firm paw contact.
7. 12.50–15.00s — Rising side tracking shot. The panda reaches the top, looks excited, lowers one shoulder, and begins a second gentle playful roll. End at the first safe forward lean for seamless continuation.
CAMERA: Smooth push-in, side close-up, low tracking, overhead reveal, front reaction shot, uphill follow, rising transition shot. Stable camera, no shake, no aggressive zoom, no extreme lens distortion.
MOTION & PHYSICS: Believable weight, realistic gravity, soft grass resistance, correct paw contact, stable anatomy, gentle speed, no sliding feet, no uncontrolled tumbling, no collision.
LIGHTING: Warm golden light from camera-left, soft sky fill, consistent shadows, subtle rim light, bright friendly color grading.
AUDIO: Clean cinematic audio, soft breeze, grass rustle, light padded “poof” sounds, tiny happy panda chirp, playful music, no distress sounds.
ENDING / FRAME LOCK: Preserve exact camera height, lens, lighting, motion direction, mound position, and panda position for the next clip.
NEGATIVE: real animal harm, danger, fear, pain, crying, injury, cliff, steep hill, rocks in the rolling path, hard impact, violent fall, fast uncontrolled spinning, distress, rescue scene, predator, duplicate animal, broken anatomy, extra limbs, face change, fur change, teleporting, camera shake, blur, flicker, dark horror mood, realistic wildlife documentary danger, text-heavy overlays, subtitles, watermark."
renoise-2075915141657526282,主体：一个20岁的东亚女性，参考图1，青绿色长头发扎着马尾巴，穿着墨绿色武侠衣服红色腰带，绿色金边手臂护套。眼光坚毅，是一个功夫非常强大的武侠。不能改变形象，服…,,真人,特效向,武侠打斗,,zh,Seedance 2.0,,,renoise-ai/awesome-seedance-prompts,https://github.com/renoise-ai/awesome-seedance-prompts/blob/904b6caffa21c2b114bb93e1bd0e37ba80b3dd10/data/prompts/2075915141657526282.json,CC-BY-4.0,PixelAIGC,https://x.com/PixelAigc/status/2075915141657526282,True,"prompts/真人/特效向/武侠打斗/renoise-2075915141657526282--主体-一个20岁的东亚女性,参考图1,青绿色长头发扎着马尾巴,穿着墨绿色武侠衣服.md",主体：一个20岁的东亚女性，参考图1，青绿色长头发扎着马尾巴，穿着墨绿色武侠衣服红色腰带，绿色金边手臂护套。眼光坚毅，是一个功夫非常强大的武侠。不能改变形象，服装，保持一致性，不能互换角色。一个穿着明朝黑色铁甲，暗红色内衣的大胡子凶猛将军，身高3米，非常高大，力大无穷。场景：晚上，一个高大的明朝将军府大厅，高大的柱子，柱子上的火把从上方照着主体，这是一个决战的地方。画面风格：这是一个IMAX 70毫米胶片摄影，中国传统武侠电影风格，真人出镜，光影分明，色彩鲜明。摄影风格：手持跟随拍摄，构图有张力，全景，中景和特写切换丝滑，拍出拳拳到肉的质感，音效强烈。故事板：0-1秒：荷兰角构图，将军首先发起攻击，向左上角的女侠出拳猛击，女侠向左一闪，避开了将军的拳。1-2秒：正反打，女侠出拳猛击将军的腹部，发出闷声，将军明显的痛苦表情，向后退去。2-3秒：中景，女侠连着出了三拳，一拳击中将军的左脸，一拳击中将军的脖子，一拳击中将军的下巴。3-4秒，荷兰角构图，将军被打得连连后退靠在柱子上，他蓄力用力把女侠抱起来，甩了出去，女侠被甩到地上。4-5秒，女侠摔在地上，嘴角出血，从女侠方向低角度拍摄，将军抬起脚用力踩下来。5-6秒，女侠向边上一滚，蓄力起跳，右拳击中将军的眼睛，将军痛苦表情。6-7秒，女侠落地后连环腿，每一次都踢准将军的身体，将军倒地，痛苦出血。7-8秒，女侠右手蓄力，明显发出蓝色的电波。8-9秒，女侠用力一拳击中倒在地上的将军胸品，将军彻底不能动了。9-10秒，女侠收拳，英雄视角，跨过将军的身体走向镜头。声音：现场拳击的声音，倒地的声音，喊叫声，痛苦呻吟声，风声。目的：表现女侠打败强敌的战斗，体现女侠的武力和强大心理。
renoise-2075926874367144226,old man and boy and many cats going in adventure --exp 10 --raw --sref…,,真人,现实向,剧情短片,,en,Seedance 2.0,,,renoise-ai/awesome-seedance-prompts,https://github.com/renoise-ai/awesome-seedance-prompts/blob/904b6caffa21c2b114bb93e1bd0e37ba80b3dd10/data/prompts/2075926874367144226.json,CC-BY-4.0,Nisho 👦🏻🙀,https://x.com/AiMeowing/status/2075926874367144226,True,prompts/真人/现实向/剧情短片/renoise-2075926874367144226--old-man-and-boy-and-many-cats-going-in-a.md,old man and boy and many cats going in adventure --exp 10 --raw --sref 2397029574 1419464427 1900242110 --profile 9j7ally --sw 800
renoise-2075942417484697869,"Montage, multi-shot Hollywood action blockbuster, photorealistic, ARRI ALEXA…",,真人,特效向,动作大片,,en,Seedance 2.0,,,renoise-ai/awesome-seedance-prompts,https://github.com/renoise-ai/awesome-seedance-prompts/blob/904b6caffa21c2b114bb93e1bd0e37ba80b3dd10/data/prompts/2075942417484697869.json,CC-BY-4.0,Kiber Alla,https://x.com/Kiber_Alla/status/2075942417484697869,True,"prompts/真人/特效向/动作大片/renoise-2075942417484697869--Montage,-multi-shot-Hollywood-action-blo.md","Montage, multi-shot Hollywood action blockbuster, photorealistic, ARRI ALEXA aesthetic, anamorphic lenses, cinematic lighting, film grain, professional color grading, high detail stone and skin texture, no 3D render look, no cartoon, 15 seconds.
<<Image 1>> — the heroine's base appearance and outfit.
<<Image 2>> — glowing accents. stone monster reference: four of these creatures, cracked granite bodies with molten orange glowing eyes and fissures. Setting: vast ancient temple hall, towering carved columns, a low stone pedestal in the center, dust and floating embers in shafts of cold moonlight from above, warm firelight from braziers.

Shot 1 (0–2.5s): God's-eye top-down view of the entire hall. The girl from <<Image 1>> stands on the pedestal at dead center, a small sphere of golden light pulsing in her raised hand. Four stone monsters charge toward her from four directions between the columns, their heavy footsteps cracking the floor tiles. Camera plunges straight down toward her in a slow corkscrew spiral.
Shot 2 (2.5–4.5s): Low angle from the floor behind her shoulder. The nearest monster is already mid-swing, its massive stone fist crashing down toward her. She looks up at it and shouts sharply, defiant and provoked —  low fierce chest voice, a battle-cry delivery, not conversational: ""Okay, you asked for it."" On the last word the orb detonates into a golden shockwave — the attacking monster is hurled backward along the blast direction, slamming into a column that cracks and sheds debris.
Shot 3 (4.5–7.5s): Slow low-angle orbit around the pedestal. Golden light spirals up around her body, lifting her off the ground. The transformation happens UNDER FIRE: two monsters lunge at her simultaneously, claws raking against the sphere of light, sparks and stone chips flying, the barrier flexing under each hit. Her clothes dissolve into light and reform as the white knight armor with orange accents from . A golden spear materializes in her hand.
Shot 4 (7.5–10.5s): She hovers a few meters above the monsters. A monster leaps at her from behind — fast whip-pan following its leap. She pivots mid-air, spins the spear once and drives it through the creature's chest. The monster is launched along the exact direction of the spear thrust, shattering into glowing rubble against the far wall. Impact physics: the body travels along the strike vector, not a generic sideways knockback.
Shot 5 (10.5–13s): Camera tracks forward THROUGH the falling glowing debris of the destroyed monster, revealing the two remaining creatures already charging her. She dives down in a sweeping arc, the spinning spear carving a crescent wave of golden energy — the second monster is cut apart mid-charge, its chunks flying along the arc of the strike. Destroyed monsters stay destroyed, never reassemble.
Shot 6 (13–15s): Extreme low Dutch angle from floor level. The last monster is mid-leap above her. Brief speed-ramp slow motion as she thrusts the spear down through it and impales it into the temple floor — golden cracks explode outward across the tiles. She then says in a low, firm voice: ""I warned you.""Normal speed: she lands lightly in the settling stone dust and embers, armor glowing, spear planted.

Audio: heavy stone footsteps, granite cracking, deep monster roars, resonant energy hum, spear whoosh, thunderous impacts, no music.

Constraints: monsters never stand idle or wait — they attack continuously throughout every shot, including during the transformation. Destroyed monsters do not return or reform. One camera movement per shot. Avoid jitter, no bent limbs, no facial deformation, preserve the heroine's face from <<Image 1>> in both forms."
renoise-2075945770633527741,Create a new original 2K 16:9 character consistency sheet for the same…,,漫剧,现实向,日常治愈,3D卡通,en,Seedance 2.0,,,renoise-ai/awesome-seedance-prompts,https://github.com/renoise-ai/awesome-seedance-prompts/blob/904b6caffa21c2b114bb93e1bd0e37ba80b3dd10/data/prompts/2075945770633527741.json,CC-BY-4.0,insMind,https://x.com/insmind_com/status/2075945770633527741,True,prompts/漫剧/现实向/日常治愈/renoise-2075945770633527741--Create-a-new-original-2K-16-9-character.md,"Create a new original 2K 16:9 character consistency sheet for the same fictional lifestyle creator from the reference image. Preserve her core identity, hair color, outfit concept, KOL fashion mood, and accessories, but redraw the whole sheet as a clearly synthetic high-end 3D digital human, not a live-action photo and not a real person.

Visual direction: stylized-realistic 3D character art, cinematic game/animation quality, realistic proportions and cloth folds, but visibly CG: clean shader skin, sculpted facial planes, controlled pores, groomed hair strands, polished virtual studio lighting. Real enough for a vlog, but obviously designed and rendered.

Subject: fictional young Caucasian / Mediterranean-Caucasian woman, warm sun-kissed fair skin, green-hazel eyes, honey chestnut-blonde shoulder-length waves, small gold earrings, calm friendly KOL expression. Outfit: sage-green relaxed utility jacket, cream ribbed knit top, sand-khaki wide-leg trousers, black high-top sneakers, tan structured handbag, delicate jewelry, plain lidded takeaway coffee cup.

Layout: clean wide studio model sheet. Large full-body FRONT, SIDE, BACK views on the left; smaller 3/4 angle and expression panels on the right. English labels only: FRONT, SIDE, BACK, 3/4 VIEW, PROFILE, NEUTRAL, SMILE, CURIOUS, DETAILS. Keep face close-ups small and secondary; emphasize full body, outfit, silhouette, bag, shoes, and coffee cup.

Quality: same woman and outfit in every panel, consistent body proportions, crisp garment texture, beige-gray background, thin dividers, professional digital character sheet.

Avoid: photoreal live-action portrait, real model photo, biometric face scan, passport/ID layout, huge isolated face panels, skin pore macro, facial-part closeups, stock-photo lighting, phone photo look, logos, watermark, QR code, Chinese/Japanese/Korean text, random symbols, anime, cartoon, plastic doll face, distorted hands, duplicate limbs, bad cup, misspelled title."
renoise-2075947787917967502,生成一个建筑拟人化的视频，起始帧是参考图中的这个滴水兽的鱼不在原来的位置上，这个鱼雕塑拟人化地像个活的鱼从右边蹦过来，打个哈欠，慢慢爬上一这个位置，张开嘴从，尾…,,真人,现实向,剧情短片,,zh,Seedance 2.0,,,renoise-ai/awesome-seedance-prompts,https://github.com/renoise-ai/awesome-seedance-prompts/blob/904b6caffa21c2b114bb93e1bd0e37ba80b3dd10/data/prompts/2075947787917967502.json,CC-BY-4.0,PixelAIGC,https://x.com/PixelAigc/status/2075947787917967502,True,"prompts/真人/现实向/剧情短片/renoise-2075947787917967502--生成一个建筑拟人化的视频,起始帧是参考图中的这个滴水兽的鱼不在原来的位置上,这个.md",生成一个建筑拟人化的视频，起始帧是参考图中的这个滴水兽的鱼不在原来的位置上，这个鱼雕塑拟人化地像个活的鱼从右边蹦过来，打个哈欠，慢慢爬上一这个位置，张开嘴从，尾巴上卷向上摆好尾，就由拟人化活的动物变成了最后就成了参考图的样子，然后嘴里流出水，变化过程要连贯，不要跳帧，尾帧要与参考图完全一致，固定机位摄影，无音乐，保持现场音效，3:4
renoise-2075949515928977889,"Style: 90s live-audience sitcom, photoreal 8K IMAX-grade camera — no 3D render…",,真人,现实向,年代怀旧,,en,Seedance 2.0,,,renoise-ai/awesome-seedance-prompts,https://github.com/renoise-ai/awesome-seedance-prompts/blob/904b6caffa21c2b114bb93e1bd0e37ba80b3dd10/data/prompts/2075949515928977889.json,CC-BY-4.0,Hero Syndicate,https://x.com/KimAkiyama81/status/2075949515928977889,True,"prompts/真人/现实向/年代怀旧/renoise-2075949515928977889--Style-90s-live-audience-sitcom,-photorea.md","Style: 90s live-audience sitcom, photoreal 8K IMAX-grade camera — no 3D render, no game engine, no waxy or plastic skin.
Lighting: Warm practical key lights with saturated color-gel accents (magenta neon, cyan window backlight, warm amber lamp glow) — directional and motivated, never a flat multi-cam wash. Visible shadow falloff from every source, camera favors the shadow side.
Color: 60:30:10 — pastel striped wallpaper base / warm wood-and-plaid secondary / neon accent pop.
Camera: Physical cine lens, 180° shutter motion blur, standing three-camera sitcom coverage (wide master + two medium/tight cameras), proscenium staging — camera never crosses the 180° line.
Skin: Pore-level realism — vellus hair, natural oil sheen, capillary flush, asymmetric features, living eyes with catch-lights. No airbrush, no CGI sheen, no mannequin smoothness.
Acting: Broad but grounded sitcom performance — clear button on every punchline, held reaction beats, precise eye-line, chest rise from breathing.
Physics: Gravity and inertia respected — mass has real weight, correct contact shadows. No floating props.
Composition: Rule of thirds, proscenium wide plus coverage.
Continuity: Characters, props, environment identical across every cut. No identity drift.
Technical: 24fps smooth motion. 8K detail. No jitter.
Audio: Live studio-audience ambience under dialogue. 🔊 LAUGH TRACK swells cued at each marked punchline — hold 2-3 seconds, actor holds expression, no dialogue over it. Environmental SFX otherwise. No underscore music. No subtitles.

Scene Header: Night · Interior · Convenience Store <<@env_1>>

Characters:
Mei <<@char_1>> — full navy-and-crimson Crimson Star costume, standing at the slushie machine, head tilted slightly down, quietly sulking over the audition washout, going through the motions of pouring a drink without much enthusiasm.
Edvard <<@char_2>> — worn leather-and-fur tunic, wearing his horned steel helmet (matching the helmet detail panel of his character sheet — riveted dome, curved horns) throughout the entire scene, gripping the same axe (blade only this beat, no whetstone), charging through the front door at a full, unstoppable stride, entirely undeterred by the ""quiet convenience store"" context. The helmet stays on his head in every shot — never removed, never missing.
Clerk (background) — generic store employee, dark polo shirt, indistinct in the dim register lighting, slouched and unbothered, the human embodiment of ""seen everything already.""

Scene:
Convenience Store <<@env_1>> interior, night. Long central aisle, greenish fluorescent overhead lighting mixed with hot-pink and electric-blue neon spill from the slushie machine and window signage. Jerky and snack shelving lines the left wall; the slushie machine and a pink-lit freezer unit line the right wall. A freestanding beef jerky display rack sits in the middle of the aisle, downstage of the slushie machine. The register counter and clerk sit upstage at the back of the store. Mei <<@char_1>> stands at the slushie machine, stage-right, mid-aisle, cup in hand under the nozzle. The glass front door is downstage.

Shot 1 | 0-5s · CUT 1 — Medium shot, 35mm, static, eye-level three-quarter angle
Camera framing and angle reference: match Scene 1 Cut 1 <<@img_7>> exactly.
Visual: Mei <<@char_1>> holds a cup under the slushie machine nozzle, drink filling slowly, her head tilted down and slightly to the side — not really watching the cup, just replaying the audition disaster in her head. A small, tired sigh.
Dialogue: None
SFX: slushie machine hum + faint fluorescent buzz + liquid pouring into cup + quiet exhale

Shot 2 | 5-10s · CUT 2 — Wide shot, low angle, 24mm, static, camera near floor level looking up at the door
Camera framing reference: match Scene 2 cut 2 <<@img_9>> exactly.
Visual: The glass front door of Convenience Store <<@env_1>> BLOWS open. Edvard <<@char_2>> fills the frame from below, horned helmet silhouetted dramatically against the neon glow behind him, axe in hand, striding in like weather — the doorway briefly framing him like an entrance shot, the low angle making the helmet's horns loom. Mei <<@char_1>> remains at the slushie machine in the foreground, still pouring her drink, her head beginning to turn toward the commotion.
Dialogue: None
SFX: 🔊 Small laugh ripple as he bursts in — the scale and drama of the entrance played completely straight. Door crash + heavy boot steps on tile + axe haft creak + slushie hum continues uninterrupted.

Shot 3 | 10-15s · CUT 3 — Medium close-up, 50mm, static, favoring Edvard at the center jerky rack
Camera framing reference: match Scene 1 cut 3 <<@img_10>> exactly.
Visual: Edvard <<@char_2>>, horned helmet still firmly on his head, reaches the freestanding beef jerky rack in two strides inside Convenience Store <<@env_1>>. His right hand keeps a firm grip on the axe the entire shot — the axe never leaves that hand and never touches the rack or the jerky. With his left arm only, he drags his forearm across the rack in one smooth motion, scooping the jerky bags off the pegs and gathering them into the crook of that left arm against his chest — hoarding, not scattering — a couple of bags balanced precariously on top of the pile. One hand axe, one arm jerky, clearly separated the whole time. Mei <<@char_1>> is visible on the right side of frame, looking back at him with a deadpan, weary expression — she's seen this before. Broad but grounded sitcom performance — clear button on the punchline, chest rise from breathing.
Dialogue:
- Edvard <<@char_2>> (full volume, zero self-awareness, booming declaration): ""I am Ed-Vard the fearless, and I claim this meat!""
SFX: 🔊 LAUGH TRACK — swell cued the instant he finishes ""claim this meat!"" Hold 2 seconds on his triumphant stance, left arm full of jerky, axe raised slightly in his right hand, horns catching the neon light, actor holds expression, no dialogue over it. Before the laugh: jerky bags scraping off pegs + plastic rustle.

Visual style direction: 90s live-audience sitcom, photoreal 8K IMAX-grade, warm practical key with saturated color-gel neon accents (magenta, cyan, amber), directional motivated lighting with visible shadow falloff favoring the shadow side, physical cine lens, 180° shutter motion blur, 24fps smooth motion, pore-level skin realism, broad grounded sitcom performance with held reaction beats, proscenium staging, rule-of-thirds composition."
renoise-2075951610170089838,Use the provided 6-panel storyboard sheet @[storyboard] as the direct…,,漫剧,特效向,奇幻冒险,绘画风,en,Seedance 2.0,,,renoise-ai/awesome-seedance-prompts,https://github.com/renoise-ai/awesome-seedance-prompts/blob/904b6caffa21c2b114bb93e1bd0e37ba80b3dd10/data/prompts/2075951610170089838.json,CC-BY-4.0,Okan Can,https://x.com/0kncn/status/2075951610170089838,True,prompts/漫剧/特效向/奇幻冒险/renoise-2075951610170089838--Use-the-provided-6-panel-storyboard-shee.md,"Use the provided 6-panel storyboard sheet @[storyboard] as the direct sequential visual reference for the entire 15-second video. Follow the exact P01–P06 order, staging, character positions, transformation progression, and final outcome. Expand the motion smoothly between the storyboard poses. Do not render panel borders, labels, arrows, numbers, notes, or storyboard marks in the final video.

CHARACTER REFERENCES — DO NOT MIX:

MAIN CHARACTER REFERENCE:
Use @[image1] ONLY for the main character.

The main character is Zaref, an original adult snake-charmer and theatrical trickster villain.
He must always have:
an angular mature face,
wavy black hair,
a narrow pointed beard,
a long dark-teal coat with subtle serpent embroidery,
layered plum and charcoal clothing,
dark curled-toe shoes,
gold shoulder ornaments,
and a carved bronze double-pipe snake-charmer flute.

Do not use a red fez, purple sleeveless vest, white harem trousers, barefoot street-thief styling, or any recognizable costume associated with an existing animated character.

SECOND CHARACTER REFERENCE:
Use @[image2] ONLY for the cursed cobra.

The second character is a cursed cobra.
It must always have:
deep purple-black scales,
a tan segmented belly,
curved gold markings,
orange glowing eyes,
long white fangs,
a red forehead jewel,
and a broad patterned hood.

It begins at normal cobra size and transforms into a colossal ancient version of the same creature.
Do not redesign its face, hood, markings, jewel, or colors during the transformation.

ENVIRONMENT:
Same environment throughout all shots:
a sandstone desert courtyard,
a stone arch on screen-left,
a circular mosaic centered on the floor,
the snake basket on screen-right,
warm late-afternoon light,
minimal palace-like architecture.

Keep the same environment logic, lighting direction, atmosphere, scale, geography, and background continuity throughout the entire video.

STYLE:
Original hand-drawn 2D desert-fantasy animation,
clean expressive linework,
painted cel shading,
warm mineral and jewel-tone palette,
fluid traditional animation,
theatrical character acting,
clear silhouettes,
smooth connected motion,
entirely original character, costume, creature, and environment designs.

No resemblance to any existing film, franchise, studio character, or protected location.

IMPORTANT:
Maintain exact character consistency.
No extra characters.
No text, no logos, no watermark, no subtitles.
No dialogue.
Do not make it stop motion.
Do not change the scene into a different location.
Do not break the storyboard order.

Use smooth continuous animation, readable acting, cloth inertia, hair motion, falling debris, clear transformation stages, strong anticipation before the cobra’s attack, and visible cause-and-effect between music and the cobra’s behavior.

PHYSICS RULES:
Grounded body motion.
Natural balance and recoil.
The basket must visibly crack and break during the transformation.
The cobra’s body must scale up continuously, not pop instantly.
Debris must fall naturally.

CONSISTENCY RULES:
Zaref always stays screen-left facing toward screen-right.
The cobra always occupies screen-right and threatens toward screen-left.
The mosaic remains in the center.
The arch remains on the left.
The basket starts intact and becomes broken after the transformation.
The final shot must keep the cobra in giant form.

VFX RULES:
Use minimal magical effects.
Show the cursed awakening through subtle glow in the forehead jewel, faint energy pulsing through the cobra’s markings, and light dust/debris motion.
Do not use flashy energy blasts or excessive fantasy effects.

[00:00 – 00:02.5]
SHOT 1 — Calm Performance
Wide shot. Zaref sits on screen-left and plays the snake-charmer flute with calm, confident control. A normal-sized cobra rises from the basket on screen-right and sways to the melody.
Camera: slow gentle push-in.

[00:02.5 – 00:04.5]
SHOT 2 — Wrong Note
Medium-close shot. One of Zaref’s fingers slips, causing a sharp wrong note. The cobra freezes instantly. Its forehead jewel flashes and its eyes widen as something cursed awakens.
Camera: quick push-in timed to the wrong note.

[00:04.5 – 00:07.0]
SHOT 3 — Mutation Begins
Medium shot. Energy pulses through the cobra’s gold markings. Its body thickens and rises higher. The basket starts cracking apart. Zaref recoils slightly but keeps hold of the flute.
Camera: controlled pullback to reveal the growing scale.

[00:07.0 – 00:09.5]
SHOT 4 — Ancient Form Rises
Low-angle wide shot. The cobra completes its transformation into a colossal ancient form, towering over the courtyard. The shattered basket lies around its base. Zaref is dwarfed by its size.
Camera: upward tilt following the cobra’s rise.

[00:09.5 – 00:12.5]
SHOT 5 — Desperate Counter-Melody
Medium dynamic shot. The giant cobra lunges downward with open jaws. Zaref leans back and urgently plays a new counter-melody, thrusting the flute forward. The cobra stops just short of striking, trembling in tension.
Camera: fast push-in from the cobra side toward Zaref.

[00:12.5 – 00:15.0]
FINAL SHOT — Suspended Control
Wide final shot. Zaref regains a more upright seated posture and continues playing with focused intensity. The giant cobra withdraws from the lunge and rises vertically above the mosaic, rigid and hypnotized, swaying only slightly while still in its giant cursed form. The standoff remains tense and unresolved.
Camera: slow crane backward.
Natural fade to black.

GLOBAL:
Maintain exact storyboard continuity from @[storyboard].
Keep the same character proportions every shot.
Keep the same costume logic every shot.
Keep the same environment logic every shot.
Keep the same lighting direction every shot.
Keep the same energy language every shot.
Every shot must contain visible motion and readable action.
No random redesigns.
No color swaps.
No silhouette drift.
No identity merging.
No extra characters.
No visible storyboard annotations.

Make the sequence tense, mystical, elegant, and dangerous."
renoise-2075962276839121325,"@image1(角色参考 — 完全按照该参考图呈现,不进行任何重新设计)",,真人,现实向,情绪特写,,en,Seedance 2.0,,,renoise-ai/awesome-seedance-prompts,https://github.com/renoise-ai/awesome-seedance-prompts/blob/904b6caffa21c2b114bb93e1bd0e37ba80b3dd10/data/prompts/2075962276839121325.json,CC-BY-4.0,Cia0,https://x.com/Cia0_exe/status/2075962276839121325,True,"prompts/真人/现实向/情绪特写/renoise-2075962276839121325--image1-角色参考-—-完全按照该参考图呈现,不进行任何重新设计.md","@image1(角色参考 — 完全按照该参考图呈现,不进行任何重新设计)
@image2(京都樱花河流木桥场景参考 — 完全按照该参考图呈现,不进行任何重新设计)

画面风格: 电影级高质量写实插画风格,35mm电影镜头质感,清晨明亮阳光,蓝天晴朗,柔和金色光晕,浅景深(前景樱花花瓣虚化),轻微手持镜头质感增强真实感,轻微胶片颗粒感,自然水花物理效果,精细水珠光影,禁止暗色调调色,禁止生硬僵直的动作
总时长: 15秒
画面比例: 16:9横屏
分辨率: 4K
帧率: 24帧

[0–2秒] 广角跟踪镜头(轻微手持晃动增强真实感) — 清晨蓝天下,她悠闲地走过木桥,樱花花瓣随风自然飘落,步伐轻松真实,衣角与发丝随微风自然摆动,环境音为潺潺流水声与鸟鸣,镜头缓慢向前推进跟随她的步伐。

[2–4秒] 中景镜头,缓慢推近(slow dolly-in) — 她靠着栏杆低头看向水面,表情平静自然,晨光在河面上粼粼闪烁,前景樱花枝叶虚化增加景深层次。

[4–5.3秒] 快速切镜,俯视POV视角(镜头微微晃动强化冲击感) — 一只小猫突然从长满青苔的石边打滑坠落,真实的水花四溅物理效果,水滴四散飞溅落回水面。猫叫声+水花声作为尖锐声音锚点。

[5.3–6.3秒] 极特写镜头(焦点精准拉近至双眼) — 她的瞳孔骤然收缩,表情从平静到惊觉仅在一瞬之间完成,呼吸微微一滞,真实自然的反射性反应而非表演痕迹。

[6.3–7.8秒] 低角度动作镜头(镜头随动作剧烈跟摇,轻微动态模糊) — 她毫不犹豫地翻越栏杆,外套与衣摆在坠落瞬间剧烈扬起翻飞,身体自然下坠轨迹符合真实重力物理。风声呼啸而过,心跳音效骤然增强。

[7.8–9.3秒] 慢动作入水镜头,侧面低角度(50%慢速,聚焦水花物理细节) — 她落入水面的瞬间,水花如实呈现真实溅射轨迹,樱花花瓣被水花冲散飞舞,数百颗水珠在阳光下悬浮闪烁,水面涟漪自然扩散。

[9.3–11秒] 水中跟踪镜头(镜头微微晃动模拟水中视角) — 她奋力游向小猫,水流在她四周自然荡漾,小猫惊慌划水挣扎,她伸手将小猫紧紧捞起贴近胸口,动作真实流畅,水花持续飞溅。

[11–12.7秒] 中景镜头,缓慢跟随上升(镜头随她起身自然抬升) — 她涉水走向石阶,湿透的衣物紧贴身体,水珠顺着发丝滴落,怀中紧抱着瑟瑟发抖的小猫,呼吸急促却带着如释重负的轻松感,动作自然真实无停顿感。

[12.7–15秒] 缓慢推近特写镜头(电影感slow push-in,持续2.3秒,轻微暗角) — 她坐在石阶边缘,樱花花瓣在她周围缓缓飘落,低头看向怀中已平静下来的小猫,脸上浮现疲惫却真挚温暖的微笑,水珠仍从发梢滴落。画面定格。日语轻声:「よかった……」音乐渐渐淡出至轻柔寂静。

音效: 环境河流声+鸟鸣+自然脚步声(0–4秒) → 猫叫声+落水水花声作为尖锐声音锚点(4–5.3秒) → 急促吸气声(5.3–6.3秒) → 风声呼啸+心跳音效骤然增强(6.3–7.8秒) → 入水冲击声,水下闷响,水花飞溅细节音效(7.8–9.3秒) → 游泳划水声,水流荡漾声(9.3–11秒) → 湿透衣物滴水声+轻松急促呼吸声+小猫的轻声喵叫(11–12.7秒) → 柔和配乐渐起后归于寂静,定格画面时归于轻柔寂静(12.7–15秒)

角色动作完全流畅自然,遵循真实人体力学,全程清晰可见,不消失、不变形、不扭曲,杜绝任何僵硬、停顿或不自然的关节角度。小猫需呈现娇小、湿透、明显被救起的状态,猫咪动作自然真实,无扭曲变形。水花、水珠、涟漪需符合真实物理规律,不得出现漂浮感或不真实的水体效果。天空与光线全程保持清晨明亮蓝天状态,色调温暖清澈。镜头运动需保持电影级流畅度与真实手持质感,避免生硬切换,每个运镜衔接自然连贯,全程无表演痕迹,动作反应需真实自发。语音为日语,语气自然温柔,符合角色情绪节奏。"
renoise-2075975811728076874,Transform the uploaded romantic couple photobooth into an adorable vintage…,,真人,现实向,甜宠恋爱,,en,Seedance 2.0,,,renoise-ai/awesome-seedance-prompts,https://github.com/renoise-ai/awesome-seedance-prompts/blob/904b6caffa21c2b114bb93e1bd0e37ba80b3dd10/data/prompts/2075975811728076874.json,CC-BY-4.0,🌸 Bubskyy 🌸,https://x.com/NyaiiBubu/status/2075975811728076874,True,prompts/真人/现实向/甜宠恋爱/renoise-2075975811728076874--Transform-the-uploaded-romantic-couple-p.md,"Transform the uploaded romantic couple photobooth into an adorable vintage photobooth starring two realistic cats. Preserve the exact pose sequence, composition, framing, expressions, and chemistry. Replace the man with a tuxedo cat and the woman with a long-haired cat. Keep every romantic interaction as natural feline affection nose boops, cuddles, cheek rubs, tiny kisses, and playful paw touches. Warm nostalgic colors, authentic analog film grain, cinematic, ultra-realistic, irresistibly cute."
renoise-2075976031664546253,"STYLE: Cinematic post-apocalyptic action trailer, high energy, warm filmic…",,真人,特效向,动作大片,,en,Seedance 2.0,,,renoise-ai/awesome-seedance-prompts,https://github.com/renoise-ai/awesome-seedance-prompts/blob/904b6caffa21c2b114bb93e1bd0e37ba80b3dd10/data/prompts/2075976031664546253.json,CC-BY-4.0,Heather Cooper,https://x.com/HBCoop_/status/2075976031664546253,True,prompts/真人/特效向/动作大片/renoise-2075976031664546253--STYLE-Cinematic-post-apocalyptic-action.md,"STYLE: Cinematic post-apocalyptic action trailer, high energy, warm filmic color, soft film grain.

SCENE: Desolate salt flat wasteland at twilight, low sun bleeding orange along the horizon, distant jagged mountains silhouetted, dust haze catching the light, design language: rusted metal and cracked white earth.

CHARACTER / SUBJECT: A wild raider driver — fierce figure with windswept hair, goggles, and scavenged armor plates — piloting a brutal custom dune buggy with massive off-road tires, exposed engine, and spiked roll cage.

CAMERA: Dynamic tracking shot racing low alongside the buggy with subtle arcs around it.

ACTION: The buggy rockets across the wasteland kicking up a towering tail of dust, the driver grinning as she jerks the wheel and the vehicle bucks over ruts and ridges. Then she yanks into a wide power slide, wheels throwing a storm of sand as the camera swings slightly around the front to catch her intense expression framed by the setting sun. Then the buggy snaps straight and charges toward the glowing horizon even faster, dust plumes twisting behind while the camera keeps surging beside the roaring machine and the sky darkens into deep blue.

ON-SCREEN TEXT: clean frame, no on-screen text.

SOUND DESIGN: Deafening engine roar and turbo whine, grit hammering the chassis, wind howling past, no dialogue, driven by a pounding percussion and distorted guitar cue that swells through the slide and continues as the acceleration grows.

NOTES: consistent identity for the driver; realistic sand, dust, hair, and fabric motion."
renoise-2075991278702202961,"Ultra-detailed cinematic keyframe, photorealistic 8K render. A slender young…",,真人,特效向,科幻,,en,Seedance 2.0,,,renoise-ai/awesome-seedance-prompts,https://github.com/renoise-ai/awesome-seedance-prompts/blob/904b6caffa21c2b114bb93e1bd0e37ba80b3dd10/data/prompts/2075991278702202961.json,CC-BY-4.0,Higgsfield AI 🧩,https://x.com/higgsfield_ai/status/2075991278702202961,True,"prompts/真人/特效向/科幻/renoise-2075991278702202961--Ultra-detailed-cinematic-keyframe,-photo.md","Ultra-detailed cinematic keyframe, photorealistic 8K render. A slender young woman with a vivid orange bob haircut stands with her back to camera on a wet concrete rooftop ledge, overlooking a vast rain-soaked cyberpunk megacity at night. She wears a black cropped tactical vest with harness straps, bright orange utility shorts with suspenders, black thigh straps, and chunky chrome-and-orange cybernetic boots; her left arm is a full chrome robotic prosthetic with exposed pistons and cabling.
Below her, a multi-lane elevated highway cuts through the city in long-exposure light trails of cyan and amber. Towering skyscrapers rise on both sides, covered in giant glitching holographic billboards - dominant magenta/pink LED screen on the left, warm orange and neon-pink signage on the right. A futuristic police flying vehicle hovers mid-frame with a searchlight beam cutting through volumetric fog. Steam rises from street vents, light rain falls, every surface glistens with reflections.
Composition: low wide-angle shot from behind (full body, centered slightly left), strong one-point perspective down the highway canyon, subject small against monumental architecture for extreme scale. Lighting: teal-and-magenta color grade, rim light on hair and prosthetic from billboards, deep cyan shadows, atmospheric haze. Lens: anamorphic 24mm, f/2.8, subtle lens flares, film grain. Mood: lonely, awe, neon-noir.
NEGATIVE: cartoon, anime, illustration, extra limbs, deformed hands, face visible, oversaturated skin, clean dry surfaces, daylight, empty sky without buildings."
renoise-2075993506535928253,{,,真人,特效向,奇幻怪兽,,en,Seedance 2.0,,,renoise-ai/awesome-seedance-prompts,https://github.com/renoise-ai/awesome-seedance-prompts/blob/904b6caffa21c2b114bb93e1bd0e37ba80b3dd10/data/prompts/2075993506535928253.json,CC-BY-4.0,aran leigh,https://x.com/aran_leigh/status/2075993506535928253,True,prompts/真人/特效向/奇幻怪兽/renoise-2075993506535928253--untitled.md,"{
""format"": {
""duration"": ""15s"",
""bpm"": 120,
""total_shots"": 10,
""sync_type"": ""Beat-synchronized routine""
},
""subject"": {
""reference"": ""image_0.png"",
""description"": ""A compact retro-futuristic Skybus with a layered bronze-and-copper body, dark windows, luggage-like roof modules, mechanical detailing, and two intense blue propulsion lights beneath its rear section. It flies carefully among several enormous long-necked sauropod dinosaurs with muted gray-green skin, realistic folds, subtle muscle movement, and immense scale. The closest dinosaur occupies the right foreground, while another crosses the left side of the park and additional necks rise between the monumental buildings. Preserve the exact Skybus design, dinosaur anatomy, relative scale, warm daylight, and dense steampunk city aesthetic throughout every shot.""
},
""environment"": {
""setting"": ""A vast landscaped park integrated into a monumental retro-futuristic city, surrounded by domed palaces, clock towers, copper industrial structures, exposed gears, pipes, smokestacks, elevated platforms, and distant flying vehicles."",
""background"": ""Crowds move along garden paths beneath the dinosaurs, trees and palms sway lightly, steam rises from industrial towers, and small aircraft drift across the blue sky. Every location remains within the same park-and-city district, progressing naturally from the open lawn toward a nearby mechanical transit platform."",
""lighting"": ""Warm late-morning sunlight with a clear blue sky, soft cloud shadows, golden reflections on brass architecture, gentle atmospheric haze, and bright blue propulsion glow beneath the Skybus.""
},
""mood"": ""Awe, playful tension, wonder, lively urban adventure"",
""music"": ""Energetic orchestral-electronic travel VLOG rhythm with light brass pulses, ticking percussion, and mechanical accents"",
""style"": ""Ultra-Realistic"",
""logic_rule"": ""The Skybus must weave through the dinosaurs slowly and intelligently without touching them. Preserve the same dinosaurs, vehicle design, weather, lighting, architecture, crowd density, and time of day. Motion remains readable and physically grounded: gentle banking, controlled propulsion, natural dinosaur breathing and neck movement, drifting steam, and subtle crowd reactions. All transitions follow the Skybus continuously through connected areas of the same park and adjacent transit infrastructure. No teleportation, costume changes, creature duplication, sudden scale shifts, chaotic collisions, or world changes."",
""storyboard"": [
{
""shot"": 1,
""camera"": ""Wide 24mm establishing shot from an elevated garden terrace, matching the reference composition, with a slow forward push."",
""action"": ""The Skybus enters beside the left sauropod, blue thrusters pulsing as the nearest dinosaur slowly raises its neck and the park crowd looks upward."",
""sfx"": ""Distant crowd murmur, soft dinosaur breathing, steam hisses, low propulsion hum""
},
{
""shot"": 2,
""camera"": ""Handheld VLOG-style medium tracking shot from a park walkway, tilting upward as the vehicle passes overhead."",
""action"": ""The Skybus lowers slightly and angles between two sweeping dinosaur necks while pedestrians pause and point without panicking."",
""sfx"": ""Footsteps, excited voices, brief thruster swell, leaves rustling""
},
{
""shot"": 3,
""camera"": ""Close rear three-quarter shot attached to the Skybus, 35mm lens, gentle stabilized vibration."",
""action"": ""The blue engines brighten as the pilot makes a careful lateral correction, narrowly following the open space created by a slowly turning sauropod."",
""sfx"": ""Mechanical clicks, controlled engine pulse, wind rushing past metal""
},
{
""shot"": 4,
""camera"": ""Low-angle shot from beneath a dinosaur’s neck, panning smoothly with the Skybus."",
""action"": ""The vehicle slips through the gap under the arching neck; loose roof straps flutter while the dinosaur calmly blinks and continues walking."",
""sfx"": ""Deep footfall, leather strap flutter, soft metallic rattle""
},
{
""shot"": 5,
""camera"": ""Interior-facing VLOG perspective through the Skybus side window, keeping the city visible beyond the glass."",
""action"": ""A gigantic dinosaur eye passes close outside, then its head turns away as the Skybus banks gently toward the central boulevard."",
""sfx"": ""Muffled cabin hum, glass vibration, resonant dinosaur exhale""
},
{
""shot"": 6,
""camera"": ""Aerial side tracking shot at neck height, 50mm lens, with the domed palace centered in the background."",
""action"": ""The Skybus glides parallel to two sauropods for a moment, matching their pace before accelerating through a clear corridor between them."",
""sfx"": ""Layered wingless flight hum, rhythmic percussion accent, distant city bells""
},
{
""shot"": 7,
""camera"": ""Ground-level wide shot beside trees and park benches, fast but smooth pan following the vehicle."",
""action"": ""A sauropod tail swings slowly across the route; the Skybus rises just enough to pass above it, casting a moving shadow over the grass."",
""sfx"": ""Crowd gasp turning into laughter, tail brushing foliage, brief engine surge""
},
{
""shot"": 8,
""camera"": ""Forward-mounted Skybus POV, 28mm lens, approaching a copper transit arch connected to the park."",
""action"": ""The final dinosaur neck moves aside naturally, revealing the adjacent mechanical arrival platform as steam vents open in sequence."",
""sfx"": ""Wind softening, synchronized steam bursts, navigation chime""
},
{
""shot"": 9,
""camera"": ""Medium lateral dolly along the elevated platform, maintaining continuous screen direction."",
""action"": ""The Skybus slows beside ornate brass railings while the dinosaurs remain visible behind it among the domes and gardens."",
""sfx"": ""Thrusters throttling down, platform machinery turning, distant dinosaur calls""
},
{
""shot"": 10,
""camera"": ""Wide cinematic pullback from the platform toward the full city skyline, ending in a composition echoing the reference image."",
""action"": ""The Skybus settles into a stable hover as one sauropod raises its head above the rooftops and another flying vehicle crosses the distant sky."",
""sfx"": ""Soft docking tone, fading engine hum, city ambience, final musical brass flourish""
}
]
}"
renoise-2075994340497965551,"Style & Mood: AAA game cutscene aesthetic, live-action realism - real human…",,真人,特效向,动作大片,,en,Seedance 2.0,,,renoise-ai/awesome-seedance-prompts,https://github.com/renoise-ai/awesome-seedance-prompts/blob/904b6caffa21c2b114bb93e1bd0e37ba80b3dd10/data/prompts/2075994340497965551.json,CC-BY-4.0,Higgsfield AI 🧩,https://x.com/higgsfield_ai/status/2075994340497965551,True,"prompts/真人/特效向/动作大片/renoise-2075994340497965551--Style-Mood-AAA-game-cutscene-aesthetic,.md","Style & Mood: AAA game cutscene aesthetic, live-action realism - real human actors, visible skin pores, real cloth and hair physics, soaked fabric clinging and dripping, no animation or cartoon stylization; hyper-saturated color grading, cinematic lighting, photorealistic 35mm film quality, sharp focus, fine film grain, bright noon light over a waterfall gorge, HDR bloom on spray and wet steel.

Narrative Summary: In the churning basin beneath a great waterfall, a river-serpent tears through a flotilla of raider longboats mid-battle - a barefoot corsair woman fights her way across three boats, uses the serpent's own attack to destroy the raider flagship, and leaps clear as the beast drags it under.

Dynamic Description - three layers of action in every beat: 0–3s: FOREGROUND - an oar snaps against the gunwale toward camera as two boats grind together, spray sheeting over the lens. MIDDLEGROUND - the heroine sprints down the centerline of a rocking longboat, hurdling rowers' benches, hooked axe in hand, and leaps the gap to a raider boat, kicking the first man overboard on landing. BACKGROUND - the serpent's vast green coil breaches out of the falls' basin, lifting a whole longboat clear of the water, crew and barrels raining off it. 3–6s: FOREGROUND - a raider swings a boarding hook past the lens; the heroine catches his wrist and throws him over her hip into the river. MIDDLEGROUND - she cuts a mast-line with the axe and rides the whipping rope across to the second raider boat, feet skimming the whitewater, ducking two spear thrusts as she lands. BACKGROUND - the lifted longboat crashes down across a rock spine and breaks in half; the serpent's head rises through the wreckage, jaws shedding timber, while archers on a far boat pour arrows into its neck. 6–9s: FOREGROUND - barrels and cargo wash past camera in the churn, a swimming raider clinging to one. MIDDLEGROUND - on the second boat the heroine fights three raiders at once in tight quarters - axe hooks a shield down, elbow, throw - soaked linen and braids whipping, the deck tilting as waves hammer the hull. BACKGROUND - the raider flagship turns broadside, its crew winching a huge harpoon ballista around toward the serpent as the falls thunder behind them. 9–12s: FOREGROUND - the harpoon fires past the lens with a whip-crack of rope. MIDDLEGROUND - the heroine cuts the harpoon line with a full-body axe strike as it goes taut, the recoil snapping the rope back across the flagship's deck and mowing down its crew line; she sprints for the bow. BACKGROUND - the enraged serpent, harpoon shed, turns on the source - the flagship - its body arcing over the basin, silhouetted against the waterfall's white wall. 12–15s: FOREGROUND - the heroine takes two steps up the bow and LEAPS, fully airborne over open water, axe trailing spray. MIDDLEGROUND - behind her the serpent slams down through the flagship, folding it in half in an explosion of timber, shields and water, dragging the wreck under in one coil. BACKGROUND - the surviving boats scatter toward the gorge walls through the raining debris; camera tracks the heroine crashing onto a drifting friendly boat's cargo, rolling up soaked and grinning as the basin behind her boils.

Static Description: A wide waterfall gorge at noon - a thundering white falls feeding a churning basin, jagged rock spines, a battle-scattered flotilla of weathered painted longboats with iron-rimmed shields on the gunwales. Heroine: photorealistic young adult woman, warm brown skin, fierce dark eyes, long black braids with copper rings, barefoot; outfit 60% oxblood-red leather corsair vest over wrapped chest, 30% loose cream trousers and forearm wraps, 10% bronze buckles and a hooked boarding axe. Raiders: soaked leather and dull steel. The serpent: a colossal river-serpent with green-bronze scales. Original characters and creature design, not resembling any famous actress, no franchise resemblance, no logos, no readable text.

Audio: The constant thunder of the waterfall, hulls grinding and cracking, oars snapping, bodies hitting water, rapid steel and axe exchanges, the serpent's subsonic bellow and hiss, arrows thudding into scale, the ballista's whip-crack and snapping rope, the catastrophic timber explosion of the flagship folding, spray hiss, crews shouting across the basin; surging orchestral score with a massive hit on the flagship kill.

Quality: Photorealistic live-action, 35mm cinematic quality, HDR, sharp deep focus holding all three depth planes, natural motion blur on spray and debris, water physics with real weight, consistent character identity throughout, no morphing, no warped anatomy, no text or watermarks."
renoise-2075997253337235659,The shot opens on @[Image 1](image_1) as its exact first frame - the colossal…,,漫剧,特效向,奇幻冒险,3D卡通,en,Seedance 2.0,,,renoise-ai/awesome-seedance-prompts,https://github.com/renoise-ai/awesome-seedance-prompts/blob/904b6caffa21c2b114bb93e1bd0e37ba80b3dd10/data/prompts/2075997253337235659.json,CC-BY-4.0,Higgsfield AI 🧩,https://x.com/higgsfield_ai/status/2075997253337235659,True,prompts/漫剧/特效向/奇幻冒险/renoise-2075997253337235659--The-shot-opens-on-Image-1-image_1-as-its.md,"The shot opens on @[Image 1](image_1) as its exact first frame - the colossal amber caramel golem mid-punch through the candy-cane tower, sprinkles erupting, the gingerbread cavalry thundering toward him - and the camera is already accelerating from the very first frame: no static hold, it rips forward out of the exact camera position of @[Image 1](image_1) like a racing FPV drone punched off the line, dropping hard to hoof height in one breath, and never returns to a wide frame again. The golem's punch completes its swing, the tower's upper half bursting apart in a fountain of rainbow sprinkles and sugar dust, and he wheels on the riders with a glassy groan, syrup strands whipping from his fists, while the knights close the distance and swarm his ankles, jabbing striped candy-cane lances into his caramel shins, stretching sticky amber threads with every strike. The whole valley blazes in saturated candy color - translucent amber, piped white icing, candy-stripe red, licorice black, pastel gumdrop pink and teal under hard high-key midday sun, no trace of golden hour. The camera slaloms THROUGH the charging cavalry line, knife-edge banking left and right between licorice horses at full gallop, extreme 4K macro brushing past crumbly gingerbread thighs, glossy icing armor and snapping helmet plumes close enough to touch, powdered sugar spraying off hooves across the lens - then snap-rolls into a full barrel roll as it punches straight through the billowing cloud of falling sprinkles from the shattered tower, glittering candy confetti corkscrewing past the glass in hyper-detailed macro. Around the three-second mark it whip-pans down without slowing and grazes one small detail at full speed - a licorice hoof punching through the crusted sugar snow, the crust cracking in a starburst, icing splashing and candy gravel pattering off the lens - then yanks back up in a hard climbing bank. Surging on, the camera surfs the golem's translucent flank inches off the amber, speed-ramping faster as his backhand tears through a second candy-cane spire - the camera flinching aside and threading the gap UNDER the swinging fist as poles and gumdrop boulders tumble past the lens - then dives through his stomping legs once, whips around a rearing horse, and slings itself at the seven-second mark straight into the path of one gingerbread knight leaping from the saddle at full gallop, lance leveled at the giant's chest - and time freezes into the single extreme-macro orbit of the shot: the camera corkscrews slowly around the suspended knight - crumb-grain gingerbread skin and piped icing armor razor-crisp, helmet plume frozen mid-flutter, the striped lance tip aimed at the swirling molten heart inside the golem's glassy amber chest, a halo of suspended sprinkles, sugar motes and syrup droplets hanging in the hard light, the giant's grimacing translucent face warped huge behind him. Time snaps back to full speed - the lance strikes home in a burst of amber chips and stretching syrup threads - and the camera slingshots out of the orbit like a released catapult, diving low beneath the staggering golem, barrel-rolling once as it threads the arch between his massive caramel legs where dripping syrup strands whip past the lens, grazing the glassy inner amber where sunlight refracts through, and bursts out the far side into the open valley in a rising speed ramp just as a second candy-cane tower collapses there in a slow-blooming fountain of sprinkles, cream and tumbling gumdrops - the camera skimming the milk creek so low its wake kicks spray, slaloming two last riders, and charging straight into the drifting sugar cloud without ever pulling up or back.

SFX only: thundering toffee hooves on sugar crust, rushing wind whipping past the lens, crunching shattering candy, deep glassy caramel groans, whooshing fist swings, sprinkle showers pattering like hail, sticky stretching syrup creaks, tiny muffled gingerbread battle cries, rumbling tower collapse."
renoise-2076000842285818131,"Over-the-shoulder cinematic frame composition, camera positioned low behind the…",,真人,特效向,武侠打斗,,en,Seedance 2.0,,,renoise-ai/awesome-seedance-prompts,https://github.com/renoise-ai/awesome-seedance-prompts/blob/904b6caffa21c2b114bb93e1bd0e37ba80b3dd10/data/prompts/2076000842285818131.json,CC-BY-4.0,Higgsfield AI 🧩,https://x.com/higgsfield_ai/status/2076000842285818131,True,prompts/真人/特效向/武侠打斗/renoise-2076000842285818131--Over-the-shoulder-cinematic-frame-compos.md,"Over-the-shoulder cinematic frame composition, camera positioned low behind the heroine, her back and shoulders occupying the lower-left foreground, facing a massive monster across a fighting arena. Monumental dark-fantasy duel framing - a lone warrior against a towering adversary - cinematic look, ultra-vibrant grading.

Heroine (seen from behind, three-quarter back view): young female knight, athletic frame, long braided copper-red hair falling over a battle-worn steel backplate. Her armor is richly detailed: scorched silver cuirass with gold trim etchings, layered leather pteruges skirt in deep oxblood red, asymmetric chainmail sleeve on the right arm, bare left shoulder wrapped in stained bandages, a tattered saffron-yellow half-cape clipped to one pauldron and moving in the heat wind. She grips a greatsword two-handed, blade lowered, tip scraping the ground with sparks.

The monster facing her: a 10-meter mountain of scarred muscle and fat, wet grey-pink skin stretched over uneven bulk, deep old wounds crudely stitched with rope. A rusted iron bull-skull helmet is nailed directly into its head, one bloodshot eye visible through a crack. Strips of chain and hooks are embedded in its shoulders, dragging broken shields behind it. It hefts a cleaver made from a ship's anchor, arm muscles rippling, veins bulging, saliva swinging from its jaw. Every step cracks the stone floor.

Arena: circular colosseum pit at dusk, floor of cracked flagstones and glowing embers, braziers of orange fire ringing the walls, blood stains, chained corpses on pillars, crowd silhouettes lost in haze above. Volumetric ember particles drift between the two fighters. Warm orange-crimson palette against cold steel-blue shadows, cinematic rim light on the heroine's silhouette, shallow atmospheric haze, hyper-detailed textures, 8K.

Original, non-franchise character and creature designs only; no logos, no watermarks, no UI, no text overlays."
renoise-2076001478435819698,"Third-person behind-the-character camera, dark-fantasy action-RPG boss arena…",,真人,特效向,奇幻怪兽,,en,Seedance 2.0,,,renoise-ai/awesome-seedance-prompts,https://github.com/renoise-ai/awesome-seedance-prompts/blob/904b6caffa21c2b114bb93e1bd0e37ba80b3dd10/data/prompts/2076001478435819698.json,CC-BY-4.0,Higgsfield AI 🧩,https://x.com/higgsfield_ai/status/2076001478435819698,True,prompts/真人/特效向/奇幻怪兽/renoise-2076001478435819698--Third-person-behind-the-character-camera.md,"Third-person behind-the-character camera, dark-fantasy action-RPG boss arena reveal shot. Heroine framed from behind in the lower third of the image, small against the enormous creature ahead - extreme scale contrast, no HUD, no text.
Heroine (back view, slight right-shoulder angle): a plague-hunter girl with a short ash-blonde ponytail under a wide-brimmed leather hat hanging on her back by a cord. Outfit: fitted midnight-teal huntress coat with silver buckles running down the spine, high collar, coat tails soaked and dripping, dark corset harness holding glass vials of glowing green and violet serums across her lower back, fingerless gloves, thigh holsters, knee-high riding boots sunk ankle-deep in black water. In her right hand a curved silver saber, in her left a hooked lantern casting warm gold light forward, illuminating her target.
The monster: the Rot Matriarch - a hunched, tangible horror of decayed flesh, 8 meters tall even bent over. Her body is bloated and maternal, pallid waterlogged skin sloughing in patches, a spine of exposed vertebrae crowned with broken cathedral candles fused into the flesh, still burning. Dozens of thin secondary arms sprout from her back like a rotten fan, each ending in human hands. Her face is a sagging wax-like mask of grief with hollow weeping eye sockets leaking black fluid, jaw distended. She drags a censer the size of a wine barrel on a chain, leaking toxic yellow-green incense smoke that pools across the water.
Arena: flooded gothic cathedral interior, knee-high black water mirroring stained-glass light in saturated ruby, emerald, and sapphire, collapsed pews, floating candles, rain falling through the broken vaulted ceiling. Teal-and-gold palette with sickly green accents, god rays, mist, hyper-real skin and fabric texture, gothic-horror atmosphere, cinematic 8K."
renoise-2076002061557391698,An army jeep is stuck on a narrow log bridge crossing a deep jungle gorge in…,,真人,特效向,动作大片,,en,Seedance 2.0,,,renoise-ai/awesome-seedance-prompts,https://github.com/renoise-ai/awesome-seedance-prompts/blob/904b6caffa21c2b114bb93e1bd0e37ba80b3dd10/data/prompts/2076002061557391698.json,CC-BY-4.0,Rahul Nanda,https://x.com/rahulnanda86/status/2076002061557391698,True,prompts/真人/特效向/动作大片/renoise-2076002061557391698--An-army-jeep-is-stuck-on-a-narrow-log-br.md,"An army jeep is stuck on a narrow log bridge crossing a deep jungle gorge in bright daylight. A mega crocodile, huge as a truck, has grabbed the back of the jeep and is pulling at it, the whole bridge shaking under the weight. At the far end of the bridge, a soldier stands at a winch truck — this winch is used every day to pull out stuck or broken-down vehicles on this route. Sound: creaking logs, groaning metal, croc hissing, shouting, radio voices.

Shot 1 (0–3s) — THE HOOK: Low shot along the log bridge. The mega crocodile has its jaws locked on the back of the jeep, shaking it side to side, the old logs cracking under the strain. The driver grips the wheel and shouts into his radio: IT'S GOT THE BACK! THE BRIDGE WON'T HOLD!

Shot 2 (3–6s): At the winch truck, the soldier hooks the winch cable onto the front of the jeep, checking it twice, the way he does every time he pulls a stuck vehicle. He calls on the radio: Hold tight! Pulling you out now!

Shot 3 (6–9s): The soldier throws the winch lever and the cable snaps tight, yanking the jeep forward hard across the bridge. The sudden pull swings the whole jeep sideways — and the crocodile, still holding on, is thrown off balance and flung off the edge of the bridge.

Shot 4 (9–13s) — BIG SLOW-MOTION MOMENT: The crocodile falls from the bridge. Bullet time — its huge body twists through the air in slow motion, legs and tail thrashing, the gorge walls rushing past on either side as it drops toward the rocks far below.

Shot 5 (13–15s): Time snaps back. The crocodile crashes down into the gorge with a heavy thud far below. The jeep skids to a stop safe on solid ground, the driver breathing hard, looking back at the bridge still standing."
renoise-2076003612661039530,"Pure first-person flying camera, no drone visible, no aircraft, no propellers…",,真人,特效向,奇幻怪兽,,en,Seedance 2.0,,,renoise-ai/awesome-seedance-prompts,https://github.com/renoise-ai/awesome-seedance-prompts/blob/904b6caffa21c2b114bb93e1bd0e37ba80b3dd10/data/prompts/2076003612661039530.json,CC-BY-4.0,LudovicCreator,https://x.com/LudovicCreator/status/2076003612661039530,True,"prompts/真人/特效向/奇幻怪兽/renoise-2076003612661039530--Pure-first-person-flying-camera,-no-dron.md","Pure first-person flying camera, no drone visible, no aircraft, no propellers. The camera races through towering clouds at sunset before suddenly breaking through the surface of a gigantic ocean suspended in the sky. Giant whales made of glowing water swim overhead while waterfalls pour upward into floating islands. The camera threads through transparent waves, dodges enormous jellyfish made of lightning, and enters a swirling whirlpool suspended in midair. Final reveal: the entire sky-ocean folds into an infinite Möbius loop surrounding the viewer. Continuous one-take, surreal physics, ultra-high-end VFX, cinematic volumetric clouds, realistic momentum, blockbuster quality"
renoise-2076012324943704237,"@image1(完全按照该参考图呈现,不进行任何重新设计)年轻女性,黑色长发自然披散,白色吊带上衣搭配牛仔短裤,气质清新自然。",,真人,现实向,时尚写真,,en,Seedance 2.0,,,renoise-ai/awesome-seedance-prompts,https://github.com/renoise-ai/awesome-seedance-prompts/blob/904b6caffa21c2b114bb93e1bd0e37ba80b3dd10/data/prompts/2076012324943704237.json,CC-BY-4.0,Cia0,https://x.com/Cia0_exe/status/2076012324943704237,True,"prompts/真人/现实向/时尚写真/renoise-2076012324943704237--image1-完全按照该参考图呈现,不进行任何重新设计-年轻女性,黑色长发自然披.md","@image1(完全按照该参考图呈现,不进行任何重新设计)年轻女性,黑色长发自然披散,白色吊带上衣搭配牛仔短裤,气质清新自然。

场景:酒店客房,刚洗浴后换上舒适家居服,发丝微湿带着水润光泽,午后阳光大片洒入房间,木地板反射温暖光线,床铺整洁。

画面风格:电影级写实摄影质感,专业自然光打光,浅景深虚化背景,轻微胶片颗粒感,明亮温暖色调,自然真实的人体动作,全程保持角色比例一致不变形,镜头构图始终得体自然。

总时长:15秒 | 画面比例:16:9横屏 | 分辨率:4K | 帧率:24帧

分镜脚本(每2秒切换一次运镜):

0-2秒 — 开场定场(侧面中景镜头):
镜头从窗边侧面拍摄,她坐在床边梳理微湿的长发,阳光洒满房间,神情放松惬意。

对白(女声,轻松):
「お風呂上がり、気持ちいいな。」

2-4秒 — 意外滑落(正面中景镜头):
梳子忽然从她指尖滑落,她瞬间露出惊讶表情,伸手想抓却扑了个空。

2-4秒对白(女声,惊讶):
「あ!」

4-6秒 — 梳子滚落(低角度跟随镜头):
镜头低角度贴地跟随梳子弹跳滚动的轨迹,阳光在木地板上形成光带,梳子最终滚入床底阴影深处消失不见。

6-8秒 — 伸手够取(肩部以上跟拍镜头):
镜头保持在她肩部以上高度,她跪坐在床边,一只手撑地,另一只手伸向床底方向摸索,手臂明显不够长,表情因用力而微微皱眉。

对白(女声,略显吃力):
「あ、届かない…」

8-10秒 — 换角度尝试(手部与侧脸交替特写):
镜头交替特写她的手指在床底边缘摸索的动作与她侧脸专注的神情,她微微调整跪姿角度想伸得更深一些,阳光洒在她认真的侧脸上。

对白(女声,自言自语):
「もう少しなのに…」

10-12秒 — 指尖触及(微距特写镜头):
镜头切至床底缝隙视角,一缕阳光恰好照亮尘埃微粒,她的手指终于碰触到梳子边缘,努力地用两指慢慢夹取出来。

12-13.5秒 — 成功取回(正面近景镜头):
她将梳子成功取出,脸上瞬间浮现如释重负的笑容。

对白(女声,松了口气):
「やった、取れた!」

13.5-15秒 — FREEZE FRAME(定格收尾):
她直起身来举起梳子,阳光透过窗户在她身后形成温暖逆光轮廓,画面在她满足微笑的瞬间定格,渐暗淡出。

运镜手法:侧面中景、正面中景、低角度跟随、肩部以上跟拍、手部与侧脸交替特写、微距特写、正面近景、freeze frame定格——每2秒切换一次运镜,全程聚焦手部动作与表情细节,拍摄角度始终维持得体自然,避免任何不雅构图。

光效强化:午后暖阳洒落、发丝水润光泽、地板光带、床底微光尘埃、逆光轮廓光、浅景深虚化背景。

配音一致性:全程日语简短自然对白,语气轻松带点小挫折感的真实反应,背景音为梳子落地弹跳声、床底摸索的轻微摩擦声、衣物摩擦声、结尾轻松的呼气声。

负面提示词:禁止面部比例或身形前后不一致、禁止阳光过曝导致细节丢失、禁止连续重复同一运镜角度、禁止弯腰或跪姿角度显得不雅、禁止动作僵硬不自然、禁止镜头长时间停留在不当身体角度。"
renoise-2076019515331391706,"Ultra-realistic wide cinematic photograph, 16:9 aspect ratio, shot on…",,其他,,风景空镜,,en,Seedance 2.0,,,renoise-ai/awesome-seedance-prompts,https://github.com/renoise-ai/awesome-seedance-prompts/blob/904b6caffa21c2b114bb93e1bd0e37ba80b3dd10/data/prompts/2076019515331391706.json,CC-BY-4.0,Higgsfield AI 🧩,https://x.com/higgsfield_ai/status/2076019515331391706,True,prompts/其他/风景空镜/renoise-2076019515331391706--Ultra-realistic-wide-cinematic-photograp.md,"Ultra-realistic wide cinematic photograph, 16:9 aspect ratio, shot on full-frame camera with 35mm lens, bright midday sun, hard summer light.

SCENE: A pristine white-sand beach with fine powdery sand, calm turquoise ocean gradient fading into deep blue at the horizon, cloudless saturated blue sky occupying the upper half of the frame. Two distant swimmers barely visible in the water far right.

FOREGROUND: Five women in colorful bikinis (white, pink, yellow, purple) sunbathing on their stomachs on beach towels - turquoise striped, pink, and pastel tie-dye towels laid side by side. They are relaxed, chatting, wearing sunglasses, tanned skin glistening with sunscreen. Scattered beach props: straw tote bag, flip-flops, striped pink pouch, water bottles, sunscreen tube.

KEY CONTRAST ELEMENT (left third of frame): A classic three-ball SNOWMAN standing upright on the hot sand - crisp white compact snow with subtle sparkle, coal-black button eyes and smile, orange carrot nose, twig arms, wearing a chunky knitted RED beanie with pom-pom and a matching red knitted scarf. Next to the snowman: a red hard-shell rolling suitcase with extended telescopic handle, as if the snowman just arrived on vacation.

LIGHTING & GRADE: Harsh tropical noon sun, short sharp shadows on sand, high dynamic range, vivid natural color grade, slight polarizer effect on sky and water. No melting on the snowman - it stays perfectly intact despite the heat, played completely straight.

COMPOSITION: Eye-level camera, horizon line in upper third, snowman + suitcase anchored left, group of sunbathers spread center-right, generous negative space of sand in lower frame.

STYLE: Photorealistic travel-ad photography, no illustration, no CGI look, natural skin texture, believable fabric and snow detail."
renoise-2076024880332746821,"Moody action scene in a rain-slick dark alley. @image1 , a tense woman in…",,真人,现实向,生活与vlog,,en,Seedance 2.0,,,renoise-ai/awesome-seedance-prompts,https://github.com/renoise-ai/awesome-seedance-prompts/blob/904b6caffa21c2b114bb93e1bd0e37ba80b3dd10/data/prompts/2076024880332746821.json,CC-BY-4.0,Jess 🔞,https://x.com/JessB62939090/status/2076024880332746821,True,prompts/真人/现实向/生活与vlog/renoise-2076024880332746821--Moody-action-scene-in-a-rain-slick-dark.md,"Moody action scene in a rain-slick dark alley. @image1 , a tense woman in heels, stands before a man with legs parted; she looks nervous, whispers ""Gomen'nasai,"" then strikes. Cut to an intimate close-up from behind the man's open legs: the camera frames her stiletto kicking up between his thighs and kicking into his groin in a brutal, slow-motion impact. Sound design: a sharp, bone-jarring crunch and heavy thud, followed by a gasp and echoing footsteps. Pull back to a wide shot as he doubles over and she steps back, chest heaving. High-contrast lighting, handheld camera, gritty cinematic color grade."
renoise-2076050537431089490,Create a hyper-cinematic 15-second continuous single-take extreme zipline…,,真人,特效向,动作大片,,en,Seedance 2.0,,,renoise-ai/awesome-seedance-prompts,https://github.com/renoise-ai/awesome-seedance-prompts/blob/904b6caffa21c2b114bb93e1bd0e37ba80b3dd10/data/prompts/2076050537431089490.json,CC-BY-4.0,ai.gezgini,https://x.com/ai_gezgini/status/2076050537431089490,True,prompts/真人/特效向/动作大片/renoise-2076050537431089490--Create-a-hyper-cinematic-15-second-conti.md,"Create a hyper-cinematic 15-second continuous single-take extreme zipline racing video. Use the provided character sheet as strict reference: pale skin, bright blue eyes, long straight black hair, athletic body, white sleeveless V-neck crop top, short black athletic shorts, black gloves, black trail shoes, helmet, harness, trolley, carabiners, and safety gear. Do not change her identity, outfit, or equipment.

Only this woman appears. No other riders, workers, vehicles, or background people.

Setting: a massive alpine zipline above pine forests, cliffs, rivers, waterfalls, and narrow mountain gaps. Strong wind, cable vibration, leaves, dust, and branches pass close to the lens. Fast, raw, cinematic, and believable.

Video style: one uninterrupted 15-second shot with no cuts, transitions, montage, or time skips. Hyper-real motion, natural motion blur, inertia, wind distortion, camera shake, and debris hitting the lens. No text, logos, or subtitles.

Music and sound: intense action music, rushing wind, cable hum, trolley noise, harness movement, stretched slow-motion sound, and a bass hit when full speed returns.

The video begins on the launch platform with the woman gripping the zipline rope in one hand and running forward to build momentum. The camera stays very close to her face and upper body. Her eyes are focused ahead, her hair whips in the wind, and her steps feel fast and athletic. After several strides, she jumps into the harness and passes extremely close to the camera while securely attached.

Without any cut, the camera swings behind her and locks inches behind her shoulders and upper back, never near her feet. Her upper body dominates the frame.

She accelerates while seated naturally in the harness, slightly reclined but never lying flat. Her knees stay bent and both feet point forward. One hand continuously grips the connection strap for support. She never releases both hands or swings her arms randomly. She shifts her shoulders, hips, and legs, leaning with the cable in response to wind and direction.

As speed increases, she leans farther back. Keeping one hand firmly on the strap, she opens her free arm wide, lifts her chest, and enjoys the rush with a fearless, free posture. The free arm moves smoothly with the airflow while the supporting hand never leaves the strap.

The camera pushes closer behind her shoulders, intensifying the speed. Her hair streams around the lens, the harness stays tight, and the cable vibrates naturally. She races above treetops, between cliffs, over rivers and waterfalls, and through narrow rock gaps. The landscape becomes heavily motion blurred as leaves, dust, and debris strike the lens. The camera stays locked behind her upper body, emphasizing her seated posture and extreme momentum.

As she approaches a dense forest corridor, branches pass dangerously close. Just before entering the trees, dramatic ultra slow motion begins. The camera performs a smooth 180-degree orbit from behind her shoulders toward her face while staying close. She looks into the lens and points at the viewer with her free hand while the other remains firmly gripping the connection. Her hair floats as leaves and dust freeze around her.

The instant the orbit finishes, slow motion ends and full speed returns with a bass hit. The camera snaps back behind her shoulders. She keeps one hand on the connection as branches and leaves brush her shoulders, harness, and lens, causing realistic camera shake. She continues racing at maximum speed until the video ends in the same uninterrupted take."
renoise-2076070966002847876,8K超高清，2.39:1宽银幕电影画幅，ARRI ALEXA 65摄影机，Cooke变形镜头，Kodak胶片颗粒质感，末日荒漠废土写实风格，动态体积风沙，自然真…,,真人,特效向,动作大片,,zh,Seedance 2.0,,,renoise-ai/awesome-seedance-prompts,https://github.com/renoise-ai/awesome-seedance-prompts/blob/904b6caffa21c2b114bb93e1bd0e37ba80b3dd10/data/prompts/2076070966002847876.json,CC-BY-4.0,PixelAIGC,https://x.com/PixelAigc/status/2076070966002847876,True,"prompts/真人/特效向/动作大片/renoise-2076070966002847876--8K超高清,2.39-1宽银幕电影画幅,ARRI-ALEXA-65摄影机,Coo.md","8K超高清，2.39:1宽银幕电影画幅，ARRI ALEXA 65摄影机，Cooke变形镜头，Kodak胶片颗粒质感，末日荒漠废土写实风格，动态体积风沙，自然真实物理光影，全程手持轻微抖动纪实运镜，无字幕无水印无logo，仅保留环境现场原声，无背景音乐，24帧流畅动态，人物全程统一角色LiSa【@图片2@df711fb1-2e0d-4713-93d2-e21fb01a1a86】，冷白皮肤，乌黑长直黑发，紧致运动身材，面部带细微沙尘，明亮有神眼眸，废土工装作战服饰，滑板、激光手枪为固定道具，全程单人主角，外星机械骷髅入侵者、巨型机械BOSS为敌方单位，连贯一整条动态叙事视频，9幕镜头无缝衔接，无画面割裂，动态发丝随风飘动，沙尘、爆炸、激光物理特效真实自然，低饱和度黄沙色调，黄昏段落暖橙柔光，战斗段落高对比爆炸火光，镜头带有轻微沙尘雾气动态模糊，电影级氛围感，叙事流畅连贯，根据故事板【@图片1@a845d059-638b-4ecb-b2fd-c28dce352eb7】逐格制作视频，加快速，时间压缩为8秒。

01 0-2秒 启程镜头：远景航拍全景，广阔荒芜戈壁沙漠，远处城镇冒出滚滚黑烟，女主LiSa独自踩滑板站在高地沙丘，背对镜头眺望沦陷城镇，风沙吹动长发，氛围孤寂苍凉，缓慢平稳航拍推进镜头；

02 2-4秒 追击镜头：低角度高速跟拍，LiSa蹲伏在滑板上极速俯冲沙丘，大量黄沙飞溅，右手握持激光手枪，身后成群外星机械骷髅奔跑追击，发丝剧烈飘动，镜头跟随滑板同步快速移动，动态模糊强化速度感；

03 4-6秒 交火镜头：中景动态滑行打斗，LiSa在沙丘上侧身滑行动态射击，红色激光束击中冲来的机械骷髅，灵活躲闪敌方攻击，沙尘漫天飞舞，镜头轻微左右晃动模拟冲刺体感；

04 6-7.5秒 深入镜头：中近景，巨大爆炸火光铺满画面，碎石沙土飞溅，LiSa压低身形滑滑板冲破敌方防线，远处巨型外星机械核心装置隐约可见，硝烟笼罩整片荒漠；

05 7.5-10秒 决战镜头：广角全景，巨型红色核心机械BOSS占据画面中央，LiSa踩着滑板正面牵制，双向红色激光对射，四周环绕大量机械骷髅敌人，低角度仰拍凸显BOSS压迫感；

06 10-12秒 反击镜头：人物脸部特写，LiSa眼神坚毅锐利，双手紧握激光手枪对准巨型BOSS核心，枪口迸发明亮火光，镜头缓慢向前推进，画面带轻微爆炸烟尘水雾；

07 12-13秒 胜利镜头：远景大场面，巨型外星核心装置剧烈爆炸，漫天火焰与金属碎屑四散，LiSa背对镜头踩滑板伫立，整片荒漠硝烟散去，敌方机械残骸散落地面；

08 13-14秒 归途镜头：黄昏逆光全景，暖金色落日铺满戈壁地平线，LiSa独自站在沙丘山巅，滑板斜挎在身侧，安静眺望整片恢复平静的沙漠，镜头缓慢环绕人物，氛围沉静温柔；

09 14-15秒 终章定格镜头：近景人物面部特写，LiSa肩扛磨损滑板，黑长发被晚风拂动，眼神沉稳坚定，画面右下角浮现淡白色文字MISSION COMPLETE，底部小字沙漠守护者LiSa，镜头缓慢静止收尾；

全程镜头无缝连贯过渡，运镜节奏随剧情起伏：启程缓慢舒缓、追击交火高速急促、决战张力拉满、胜利归途放缓沉静，人物外貌、身材、发型全程统一不改变，无多余路人杂物，画面干净聚焦叙事主线

负面提示词：卡通，二次元，CG塑料质感，明亮鲜艳高饱和色彩，畸形五官，扭曲肢体，多余人物，车辆建筑杂物，文字贴纸，水印，字幕，配乐，柔光磨皮过度，光滑无沙尘皮肤，短发，发色改变，身材变形，画面卡顿，割裂镜头，转场特效，模糊人脸，低分辨率，噪点过重，扁平无体积雾

音效：无音乐，无配乐，保留现场环境音效风沙呼啸、滑板摩擦声、激光枪声、爆炸轰鸣，匹配画面时序"
renoise-2076082568290865208,Use the base medieval knight as the starting character.,,漫剧,特效向,奇幻冒险,3D卡通,en,Seedance 2.0,,,renoise-ai/awesome-seedance-prompts,https://github.com/renoise-ai/awesome-seedance-prompts/blob/904b6caffa21c2b114bb93e1bd0e37ba80b3dd10/data/prompts/2076082568290865208.json,CC-BY-4.0,PixieVerse,https://x.com/itsPixieVerse/status/2076082568290865208,True,prompts/漫剧/特效向/奇幻冒险/renoise-2076082568290865208--Use-the-base-medieval-knight-as-the-star.md,"Use the base medieval knight as the starting character.
Transform him into Astralon, The Glintstone Warden.
Maintain character identity while evolving armor into celestial sorcery armor.
No text. No UI. No storyboard elements.
A lone medieval knight walks through an endless dark void filled with drifting ash and distant stars. The camera slowly circles him as ancient blue glintstone particles begin appearing around his armor. Hairline cracks of celestial energy spread through the steel plates. His worn cloak disintegrates into stardust and reforms as a flowing midnight-blue celestial mantle woven with glowing constellations.
Blue runic circles ignite beneath his feet.
The knight stops.
A brilliant burst of glintstone energy erupts outward.
Floating celestial swords emerge from the explosion one by one, orbiting around him like a constellation.
His visor glows with divine blue light.
The camera pushes in dramatically.
A massive cosmic portal opens behind him.
He steps through.
Match cut.
Astralon emerges onto a colossal ruined bridge leading toward Kaeldrax's burning palace.
Ash storms rage.
Golden embers fill the air.
The floating swords slowly orbit behind him.
Far in the distance, Kaeldrax's throne citadel towers over the horizon.
Astralon draws his sword.
Camera low angle hero shot.
Epic arrival.
Fade.
STYLE
Elden Ring cinematic, Dark Souls atmosphere, glintstone sorcery, celestial knight, divine transformation, volumetric lighting, floating magical swords, blue cosmic energy, AAA fantasy trailer, painterly realism, epic scale.
NEGATIVE PROMPT
text, subtitles, captions, storyboard panels, annotations, arrows, timestamps, UI, watermarks, split screen, comic layout, modern objects, sci-fi technology, low detail, blurry armor, duplicate swords, extra limbs, face deformation, weak particles, static camera"
renoise-2076103092890640812,"Shot on ARRI Alexa 35, anamorphic lens, soft overcast daylight, muted blue-grey…",,其他,,广告带货,,en,Seedance 2.0,,,renoise-ai/awesome-seedance-prompts,https://github.com/renoise-ai/awesome-seedance-prompts/blob/904b6caffa21c2b114bb93e1bd0e37ba80b3dd10/data/prompts/2076103092890640812.json,CC-BY-4.0,Kiber Alla,https://x.com/Kiber_Alla/status/2076103092890640812,True,"prompts/其他/广告带货/renoise-2076103092890640812--Shot-on-ARRI-Alexa-35,-anamorphic-lens,.md","Shot on ARRI Alexa 35, anamorphic lens, soft overcast daylight, muted blue-grey palette, subtle film grain, realistic fabric physics on nylon tracksuit, no camera shake.

Shot 1 — Portrait, gaze up (option with dialogue) Slow motion close-up. Wind gently moves her wavy brown hair. She lowers her hand from her chin, turns her gaze from the sky directly into the lens and says calmly, almost a whisper: ""Movement is my language."" Natural lip sync, relaxed jaw, micro-movements only, shallow depth of field, architectural background stays soft.
Shot 2 — Wide — jump near the column. Athletic woman in blue Nike tracksuit captured mid-flight in front of massive concrete columns. Slow motion: her leap continues to unfold — legs extending into a full grand jeté, front leg reaching forward, back leg lifting behind, arms opening wide in a graceful arc, back slightly arched, hair suspended in the air. She hangs at the peak of the jump for a long suspended beat, then descends and lands softly on one leg, absorbing the impact and melting into a fluid turn. Camera holds a locked low-angle wide shot. Tracksuit fabric billows through the flight and settles on landing.
Shot 3 — Macro — logo, fabric. Extreme close-up of blue nylon jacket fabric. Fabric ripples subtly in the wind, catching soft light across the zipper and embroidered logo. Slow push-in, macro detail, texture-focused, minimal motion.
Shot 4 — Dynamic kick in slow motion. Her extended leg sweeps through frame, tracksuit pants ripple with the movement, sneaker flexes on landing. Camera tracks laterally at knee height, keeping the motion centered. Fabric physics emphasized.
Shot 5 — She stands facing camera, hands in jacket pockets, confident stillness. A gust of wind moves her hair and jacket. She looks straight into the lens, a slight knowing smile, and says with quiet confidence: ""I don't chase trends. I set the rhythm."" Natural lip sync, subtle head tilt on the second sentence, then she slowly pulls her hands out of the pockets and adjusts the collar of the jacket with both hands. Static medium shot, direct eye contact.
Shot 6 — Medium-wide shot at eye level in front of the white architectural facade. From a grounded stance she slowly rises through her spine, arms extending upward in one continuous reach, chest opening, chin lifting, rising onto the balls of her feet at the top — a long suspended stretch toward the sky. One slow unbroken movement. Camera slowly orbits 90 degrees around.
Shot 7 — Macro —hand, cuff. Close-up of her hand in soft downward motion, fingers relaxed and expressive like a dancer's port de bras. Elastic cuff of the jacket shifts slightly. Slow motion, shallow focus, background completely blurred.
Shot 8 — Profile portrait (closing line) Slow motion transitions to real-time as her hair settles. She slowly turns her head over her shoulder toward camera, eyes catching the light, and says softly with a hint of a smirk: ""Ready when you are."" Natural lip sync, freckles and skin texture visible, cinematic beauty shot, no other movement.
Shot 9 — She sweeps her arms through a sharp, controlled gesture, torso twisting, then freezes in the final pose looking past camera. Jacket fabric snaps and settles. Slight slow push-in toward her."
renoise-2076139957056344430,"Main Cue Keyword: Global Intent: A cinematic, high-energy, and emotionally…",,真人,现实向,情绪特写,,en,Seedance 2.0,,,renoise-ai/awesome-seedance-prompts,https://github.com/renoise-ai/awesome-seedance-prompts/blob/904b6caffa21c2b114bb93e1bd0e37ba80b3dd10/data/prompts/2076139957056344430.json,CC-BY-4.0,Ivanna | AI Art & Prompts,https://x.com/ivanka_humeniuk/status/2076139957056344430,True,prompts/真人/现实向/情绪特写/renoise-2076139957056344430--Main-Cue-Keyword-Global-Intent-A-cinemat.md,"Main Cue Keyword: Global Intent: A cinematic, high-energy, and emotionally uplifting sequence capturing the absolute freedom and deep bond between a stylish young woman and her magnificent red horse as they gallop across a golden field at sunset, conveying a profound trust and wild beauty. Sequence List: Shot 1 (00-03 seconds) Close-up • Camera Movement: FPV drone, low-angle sweep across the water, quickly panning upwards to the subject (i.e., the camera's position). • Core Action: The hooves of a strong red horse pound through the shallow hillside river, creating shimmering splashes. The camera shakes violently upwards, revealing the rider: a 25-year-old Caucasian woman with thick, voluminous brown curly hair flying in the wind, wearing hexagonal gold-rimmed sunglasses, a fitted brown suede jumpsuit (with a front tie and ruffled hem), and embroidered brown leather cowboy boots. The rider exudes confidence. Realistic fluid dynamics, splash physics, natural movement. Audio environment: The heavy thud of hooves, the splashing of water, the sound of wind, and the deep, emotional cinematic orchestral score begin. (Cut to) Shot 2 (03-08 seconds) Long Shot • Camera movement: Side follow shot, instantly transitioning to a fast right-circling shot (i.e., the camera's position). • Core action: A red horse gallops at full speed across an endless field of golden, feathery grass. The woman, restrained by a brown suede belted skirt, hexagonal sunglasses, and curly hair, maintains a perfect riding posture. The golden hour sunlight highlights the texture of the suede and the horse's shimmering coat, with sun-drenched mountains in the background. Realistic physics govern all movements, complex cloth simulation, and realistic conservation of momentum. Audio environment: The rhythmic breathing of horses, the sound of galloping, the whistling wind, and the rousing orchestral score gradually increase. (Cut to) Shot 3 (08-12 seconds) Medium Shot • Camera movement: A sharp zoom-out, followed by a zoom-in shot (i.e., the camera's position). • Core Action: As the horse gallops, the woman leans gracefully forward, gently pressing her cheek against the horse's red mane. Her arms, clad in brown suede sleeves, tenderly stroke the horse's neck. A gentle smile radiates absolute trust. Wind-driven dynamics, seamless motion continuity. Audio Environment: Gradually increasing string sounds, a gentle breeze, rhythmic galloping. (Cut to) Shot 4 (12-15 seconds) Wide Shot • Camera Movement: The crane rises, pulling back to a sweeping drone shot (from the camera's position). • Core Action: The woman straightens in her saddle, her brown suede skirt billowing. The camera rapidly rises and pulls back, revealing the rider as a tiny silhouette galloping towards a vast, radiant sunset. The silhouettes of the horse and rider dissolve into the golden afterglow of the sunset, then fade to black. Audio Environment: A crescendo of orchestral tracks, fading into a gentle breeze. • Dialogue: Step 1: Immediately -> The woman, looking forward at the sun, exhales happily and says: 'Free' (a soft whisper, a voice full of emotion)."
renoise-2076146539857313804,"Use the provided image as the starting frame. Keep the same woman, creature…",,真人,特效向,奇幻怪兽,,en,Seedance 2.0,,,renoise-ai/awesome-seedance-prompts,https://github.com/renoise-ai/awesome-seedance-prompts/blob/904b6caffa21c2b114bb93e1bd0e37ba80b3dd10/data/prompts/2076146539857313804.json,CC-BY-4.0,Brent Lynch,https://x.com/BrentLynch/status/2076146539857313804,True,prompts/真人/特效向/奇幻怪兽/renoise-2076146539857313804--Use-the-provided-image-as-the-starting-f.md,"Use the provided image as the starting frame. Keep the same woman, creature, and rocky fantasy setting. Style should feel like a practical 1980s fantasy film with real creature effects, 35mm film grain, natural outdoor light, subtle smoke, and very small subtle flames.

18-second scene.

A giant skeletal smoky creature faces a dark-haired barbarian woman in a rocky canyon. The mood starts ominous, then becomes sad and comforting.

0–5 seconds:
The creature slowly leans closer. Thin smoke drifts from its body and faint flames flicker softly. In a deep, scary voice, it asks:
CREATURE: “Is what I am hearing true?”

5–9 seconds:
The woman hesitates, then sadly answers:
WOMAN: “Yes… I’m afraid no Seedance two point five yet.”

9–13 seconds:
The creature lets out a sorrowful roar. The smoke stirs slightly and the faint flames flicker a little stronger, but remain subtle.

13–15 seconds:
The creature lowers its head and says in a small, sad voice as it stars weeping and crying:
CREATURE: “I had a full weekend of AI cat movies planned.”

15–18 seconds:
The woman gently comforts it. She softly caresses the creature’s head and says:
WOMAN: “Don’t worry, we’ll be ok, just a little longer.”
The creature leans toward her touch. They both grow emotional. End on a quiet, tender touch.

Notes:
Clear lip sync, simple readable action, slow emotional pacing, subtle practical smoke and flame effects, expressive creature face, emotional fantasy score.

Performance and style notes:
Clear lip sync, strong facial emotion, slow readable movements, practical creature mouth movement, cinematic pacing, dramatic fantasy sound design, and a score that starts dark and ominous, then turns soft and emotional.

Clear synchronized dialogue, distinct voices, natural pauses, expressive practical creature mouth movement, emotionally sincere performances, theatrical sound design, low fantasy orchestral score transitioning from ominous brass into exaggeratedly tender strings."
renoise-2076169220870836261,"=== STYLE LOCK (prefix, applies to all cuts) ===",,其他,,广告带货,,ko,Seedance 2.0,link-only,sexual,renoise-ai/awesome-seedance-prompts,https://github.com/renoise-ai/awesome-seedance-prompts/blob/904b6caffa21c2b114bb93e1bd0e37ba80b3dd10/data/prompts/2076169220870836261.json,CC-BY-4.0,BUGI,https://x.com/Bugi952/status/2076169220870836261,True,"prompts/其他/广告带货/renoise-2076169220870836261--STYLE-LOCK-prefix,-applies-to-all-cuts.md",
renoise-2076175969329815688,Create a high-end cinematic campaign storyboard in 16:9 landscape format for a…,,真人,现实向,年代怀旧,,en,Seedance 2.0,link-only,brand-ad,renoise-ai/awesome-seedance-prompts,https://github.com/renoise-ai/awesome-seedance-prompts/blob/904b6caffa21c2b114bb93e1bd0e37ba80b3dd10/data/prompts/2076175969329815688.json,CC-BY-4.0,Abhishek,https://x.com/HeyAbhishek/status/2076175969329815688,True,prompts/真人/现实向/年代怀旧/renoise-2076175969329815688--Create-a-high-end-cinematic-campaign-sto.md,
renoise-2076186225921175727,"Use @[storyboard ref] only for P## staging: match angle, scale, framing…",,真人,特效向,动作大片,,en,Seedance 2.0,,,renoise-ai/awesome-seedance-prompts,https://github.com/renoise-ai/awesome-seedance-prompts/blob/904b6caffa21c2b114bb93e1bd0e37ba80b3dd10/data/prompts/2076186225921175727.json,CC-BY-4.0,Kōda,https://x.com/aimikoda/status/2076186225921175727,True,prompts/真人/特效向/动作大片/renoise-2076186225921175727--Use-storyboard-ref-only-for-P-staging-ma.md,"Use @[storyboard ref] only for P## staging: match angle, scale, framing, blocking, positions, and direction. Ignore sketch artifacts; text and four fields define final content.
Use @[dancer ref] only for the dancer's identity, fluid wardrobe, and color system.

LOOK + WORLD: Painterly live-action on a bare black stage with satin floor, indigo-vermilion side light, porcelain highlights, 32mm depth, and faint haze.
ACTION + CAMERA: Forceful contemporary dance—contraction, floorwork, slides, stamps, rebounds, spirals, leaps—with relentless quick cuts, graphic matches, whip transitions, handheld closeness, overhead flashes, and low orbit through the P12 landing.
VFX SYSTEM: Violet-vermilion wet-pigment ribbons and contact splashes originate at hair, limbs, hem, or floor contact, remain readable, then decay into droplets.
SOUND: Distorted cello, industrial drums, and sub-bass drive continuous loud, hard, pitched singing in a controlled clean chest tone with visible breath and mouth strain; lyrics once only—“I'm done! / Run. / Save yourself.” IPA /aɪm dʌn/ /rʌn/ /seɪv jɔːˈsɛlf/—and the complete final word, including /f/, resolves at P12 before one ensemble stop ends the video, with floor impacts and breath rasp.

BEATS:
P01: Tight Dutch close at chest height, dancer on the left two-thirds; a hard contraction throws her head off-axis as hair and hem pull an attached violet ribbon that recoils into the fabric.
P02: Extreme close at mouth height, lower face on the right third; a violet garment curve graphic-matches her open mouth as lips, jaw, breath moisture, neck, and shoulder strain stay active.
P03: Tight Dutch medium at shoulder height, torso centered; her shoulder snaps up and one arm lashes screen right into a whip transition, hair and fabric trailing left.
P04: Bird's-eye wide overhead flash, dancer diagonal across center; the off-axis fall accelerates toward one reaching hand, long dress opening behind.
P05: Floor-level close, her palm hits the lower-left floor beneath the torso; the contact ejects a vermilion wet-pigment fan, briefly clear at the hand before breaking into droplets.
P06: Floor-level medium from the same axis side; one loaded knee and extended opposite leg drive a slide screen right, torso and dress scraping forward, hem left.
P07: Worm's-eye close, one forefoot stamps center frame under the bent leg; a compact violet-vermilion pigment ring bursts from the sole, holds through contact, then scatters low.
P08: Low Dutch medium-wide, she rebounds through the planted leg into a weighted rise, arm and body driving screen right while hair and hem whip left.
P09: Knee-height low wide, the dancer stays centered as the camera orbits her full-body spiral; attached violet and vermilion ribbons circle from hair and hem, then thin into droplets without hiding the pose.
P10: Tight close at chest height, she occupies the left third against extreme negative space, shoulders lifted and ribs straining as her open mouth shapes the forceful phrase.
P11: Wide eye-level tracking view, she launches airborne across center toward screen right in one diagonal; limbs extend, hair and dress trail left, camera racing beside her.
P12: Wide Dutch view from waist height, she lands a turn on the right third with one foot planted and torso twisted as her jaw completes the last sung mouth shape; attached violet and vermilion ribbons curl from hair and hem, stay readable through contact, then fall into droplets."
renoise-2076187084390277436,"Immersive first-person flying camera perspective, no visible drone or flying…",,真人,现实向,生活与vlog,,en,Seedance 2.0,,,renoise-ai/awesome-seedance-prompts,https://github.com/renoise-ai/awesome-seedance-prompts/blob/904b6caffa21c2b114bb93e1bd0e37ba80b3dd10/data/prompts/2076187084390277436.json,CC-BY-4.0,LudovicCreator,https://x.com/LudovicCreator/status/2076187084390277436,True,prompts/真人/现实向/生活与vlog/renoise-2076187084390277436--Immersive-first-person-flying-camera-per.md,"Immersive first-person flying camera perspective, no visible drone or flying device. The camera races through dramatic Norwegian fjords, skimming above crystal-clear water, weaving between towering cliffs, roaring waterfalls, colorful fishing villages, and snow-covered mountain peaks. It dives through narrow canyons before climbing above the clouds into a breathtaking aurora-filled night sky. At the end, the camera reaches the summit of a majestic mountain overlooking endless fjords as brilliant green Northern Lights dance across the sky, forming the glowing word ""NORWAY"" in gigantic luminous letters above the landscape. Continuous POV shot, no cuts, aggressive banking, cinematic motion blur, volumetric mist, ultra-realistic travel cinematography, spectacular VFX."
renoise-2076195911521407443,Seorang gadis tanktop putih dan jeans bermain gitar listrik dengan tempo cepat…,,真人,现实向,音乐MV,,en,Seedance 2.0,,,renoise-ai/awesome-seedance-prompts,https://github.com/renoise-ai/awesome-seedance-prompts/blob/904b6caffa21c2b114bb93e1bd0e37ba80b3dd10/data/prompts/2076195911521407443.json,CC-BY-4.0,JefryBilang,https://x.com/JefryBilang/status/2076195911521407443,True,prompts/真人/现实向/音乐MV/renoise-2076195911521407443--Seorang-gadis-tanktop-putih-dan-jeans-be.md,"Seorang gadis tanktop putih dan jeans bermain gitar listrik dengan tempo cepat hingga diakhiri dengan nada penutup sambil sesekali tersenyum melihat ke kamera, pada dinding terdapat neon bertuliskan "". . ."""
renoise-2076200361749270768,"Here's a single, seamless 30-second cinematic prompt that combines both scenes…",,真人,现实向,时尚写真,,en,Seedance 2.0,,,renoise-ai/awesome-seedance-prompts,https://github.com/renoise-ai/awesome-seedance-prompts/blob/904b6caffa21c2b114bb93e1bd0e37ba80b3dd10/data/prompts/2076200361749270768.json,CC-BY-4.0,Oogie,https://x.com/oggii_0/status/2076200361749270768,True,"prompts/真人/现实向/时尚写真/renoise-2076200361749270768--Here-s-a-single,-seamless-30-second-cine.md","Here's a single, seamless 30-second cinematic prompt that combines both scenes into one uninterrupted long-take while preserving continuity, pacing, and transitions.

TITLE: Dancing in the Rain — 30-Second Continuous Cinematic Long Take

Aspect Ratio: 16:9

Style
Ultra-realistic cinematic slice-of-life, movement-driven storytelling, playful, carefree, spontaneous, premium European luxury fashion film, TRUE IMAX cinematic presentation. Inspired by high-end fashion commercials and cinematic long-take sequences. Every movement flows naturally into the next without visible cuts. The subject genuinely enjoys the rain through authentic body language and subtle emotional expression. No posing, no exaggerated acting, no direct eye contact with the camera. The camera dances together with the subject, maintaining elegant continuous momentum throughout the entire sequence.

Character
Woman image1 with an identical face, hairstyle, outfit, and proportions as the reference image. She remains clearly visible throughout. After being splashed, her dress, sleeves, hair, and face stay completely soaked, with water continuously dripping from her clothing and hair for the remainder of the film. Natural joyful expressions, relaxed posture, graceful movement, authentic laughter, effortless confidence.

Environment
A vibrant European-inspired downtown city during a gentle afternoon rain. Elegant stone architecture, cafés, flower kiosk, zebra crossings, pedestrian traffic lights, moving cars, buses, reflective wet asphalt, shallow puddles, roadside trees, umbrellas, distant pedestrians, atmospheric haze, dreamy rainy urban ambience.

Camera
TRUE IMAX cinematic presentation, ultra-realistic live action, premium luxury fashion-film cinematography, dynamic organic handheld and gimbal operation, seamless uninterrupted long take, floating tracking shots, smooth crane movements, elegant 180° and 270° orbits, low-angle tracking, cinematic push-ins and pull-backs, whip transitions motivated by subject movement, dramatic spiral top-down movement, realistic lens breathing, subtle motion blur, shallow depth of field, immersive full-body framing, intimate close-ups, 8K HDR.

Lighting
Soft overcast daylight, diffused natural light, elegant wet reflections, realistic rain atmosphere, subtle haze, soft bloom.

Color Grading
Premium European luxury fashion-film look. Warm creamy highlights, ivory and sandstone tones, muted saturation, lifted blacks, subtle olive-green shadows, warm natural skin tones, dreamy low-contrast finish, reflective wet streets.

0.0–6.0s
A low-angle gimbal tracking shot glides beside the subject as she walks naturally through the rain with relaxed, carefree energy. The camera slowly rises from knee level toward eye level while gently orbiting toward her front, revealing the elegant rainy city behind her. Suddenly, a fast-moving car crashes through a deep roadside puddle, sending an enormous wave of water completely over her from head to toe. Her dress, hair, sleeves, and face become instantly soaked. The camera performs a fast handheld whip following the exploding splash as droplets briefly strike the lens before focus naturally recovers. She bursts into genuine laughter, shakes water from her arms without stopping, and continues walking.

6.0–12.0s
Still laughing, her walk naturally transforms into playful dance-like movement. She twirls gracefully while continuing forward, stretching both arms outward and letting rain glide across her fingertips. The camera performs a smooth accelerating 270-degree floating orbit synchronized with her spin before easing back into forward tracking. She notices a traffic-light pole, casually reaches out with one hand, and uses it to perform one smooth playful spin before releasing it. Her footsteps splash energetically through shallow puddles as the camera swings outward in a wide circular arc before rapidly closing into an intimate moving close-up.

12.0–18.0s
She lightly hops across several puddles, creating dramatic splashes beneath her feet. The camera retreats directly in front of her, lowering toward ankle height so water bursts across the foreground before smoothly craning upward as she approaches a wide zebra crossing. She steps confidently onto the crossing with relaxed joyful energy. At the same moment, the pedestrian traffic light changes from red to bright green. The camera briefly frames the glowing green signal before seamlessly returning to her. A large city bus suddenly enters from the left, reflections, rain, and motion blur filling the frame until it completely wipes across the image, creating a seamless visual transition without interrupting the continuous shot.

18.0–24.0s
As the bus clears, she is revealed continuing across the zebra crossing among dozens of pedestrians. Everyone else walks normally while she naturally blends playful dance into her movement, gracefully weaving between people without disturbing them. Her soaked dress and hair continue dripping with every step. The camera glides backward through the crowd before accelerating into a smooth side track and flowing into a beautiful 180-degree orbit around her. She reaches one hand into the falling rain, smiling softly as raindrops slide across her fingertips.

24.0–27.5s
She approaches a colorful flower kiosk. Without stopping, she gently reaches toward a single flower. The smiling florist nods warmly as she accepts it while continuing to walk. She briefly lifts the flower to enjoy its fragrance, then twirls it playfully between her fingers. The camera performs a graceful orbit around the flower kiosk before gliding back beside her in one uninterrupted movement. Leaving the crowd behind, she arrives at a quieter section overlooking the rain-soaked city. Holding the flower loosely, she slows her pace, opens both arms, tilts her face toward the sky, and peacefully embraces the falling rain.

27.5–30.0s
The camera begins a smooth crane upward, revealing shimmering reflections across the wet pavement. It reaches a dramatic overhead top-down composition before diving into a fast spiral descent while slowly rotating toward her face. As the camera rapidly approaches, she slowly opens her eyes and reveals a beautiful genuine smile. Raindrops shimmer across her wet hair, eyelashes, cheeks, and soaked dress while the flower rests gently in her hand. The spiral settles into an intimate close-up of her radiant face.

CUT TO BLACK.

Audio & Ambience (No Music)
No background music. Only immersive natural environmental audio: gentle rainfall, moving traffic, a powerful splash from the passing car, footsteps through puddles, water dripping from soaked clothing and hair, soft fabric movement, realistic breathing, spontaneous natural laughter, pedestrian crossing signal, passing bus, umbrellas brushing past, distant conversations, flower leaves softly rustling, subtle wind between buildings, cinematic spatial ambience, wet urban echoes, and a clean fade to silence after the cut to black."
renoise-2076205073554620548,"15s, 16:9, hyper-realistic cinematic fantasy",,真人,特效向,奇幻怪兽,,en,Seedance 2.0,,,renoise-ai/awesome-seedance-prompts,https://github.com/renoise-ai/awesome-seedance-prompts/blob/904b6caffa21c2b114bb93e1bd0e37ba80b3dd10/data/prompts/2076205073554620548.json,CC-BY-4.0,LudovicCreator,https://x.com/LudovicCreator/status/2076205073554620548,True,"prompts/真人/特效向/奇幻怪兽/renoise-2076205073554620548--15s,-16-9,-hyper-realistic-cinematic-fan.md","15s, 16:9, hyper-realistic cinematic fantasy

A lone mage is cornered on the crumbling lip of a colossal cliff at dusk, high above a bottomless canyon churning with fog and storm wind. Her robes are torn, her staff cracked and bleeding light. Behind her, a swarm of wraiths boils across the broken rock and shattered ruins translucent, smoke-bodied spirits with hollow eye-pits and long trailing arms, drifting through stone rather than over it, their forms guttering like candleflames in the gale. Where they pass, the rock frosts over and the moss dies.
Her only escape is a rift , an unstable tear in the air on the far side of the canyon  that snaps open for a single heartbeat, then seals. She must time the leap perfectly or fall forever.
Shot 1 : Wide, epic establishing. The cliff edge, the endless fog-filled void, violent crosswind whipping banners of dust. The wraith swarm fans out behind her across the ruins, phasing in and out of the broken pillars. Across the gap, the rift blooms open a vertical wound of white-gold light, sparks spiraling inward holds for one second, and vanishes. Darkness rushes back in.
Shot 2 : Tight tracking. The mage backs toward the edge, chest heaving, ash in her hair, counting the rhythm of the rift under her breath. Runes flicker weakly along her staff. Pebbles skitter from beneath her boots and vanish into the fog. The wraiths close, whispering, their mouths opening far too wide.
Shot 3 :  Dramatic side angle. A wraith lunges, arms elongating into ribbons of smoke. She twists away at the last instant its grasp passes through her shoulder, leaving a burst of frost and a scream of blue light. She stumbles, one heel breaking off the cliff edge, rock crumbling into the abyss.
Shot 4 :Motion. The rift flashes open again across the canyon, pulsing and unstable, its edges fraying. She sprints along the crumbling ledge, vaults a fallen archway, slams her staff into stone to fling a wall of golden ward-light behind her  the wraiths break against it like surf, then pour around it. She pivots sharply toward the jump point.
Shot 5 :Slow motion, the leap. She commits exactly as the rift blazes open in perfect alignment across the void. She launches off the cliff, arms wide, staff trailing sparks a wraith's smoke-claws close on empty air inches from her ankle. Wind tears at her robes. Boulders tumble silently into the fog below her.
Shot 6 :The dive. She flies across the abyss toward the shrinking, flickering rift, its light stuttering, collapsing inward. At the last possible instant she folds through it and it snaps shut behind her with a concussive burst of light, the shockwave scattering the wraiths back across the cliff. They mass at the edge, clawing at empty air, shrieking down into the canyon. Fog swallows the silence.

Style: epic dark fantasy, huge scale, volumetric fog, god-rays through storm cloud, dust and embers, clear cause-and-effect action, dramatic rim lighting, physically grounded weight and motion.
Negative: no text, no logos, no modern objects, no comedy, no famous or recognizable faces, no floating UI, no watermarks."
renoise-2076231083029582003,"Use <<<image_1>>> only as storyboard layout anchor for shot order, camera…",,漫剧,特效向,战斗大招,2D日漫,en,Seedance 2.0,,,renoise-ai/awesome-seedance-prompts,https://github.com/renoise-ai/awesome-seedance-prompts/blob/904b6caffa21c2b114bb93e1bd0e37ba80b3dd10/data/prompts/2076231083029582003.json,CC-BY-4.0,Keneth Tran,https://x.com/KenethTranVi/status/2076231083029582003,True,prompts/漫剧/特效向/战斗大招/renoise-2076231083029582003--Use-image_1-only-as-storyboard-layout-an.md,"Use <<<image_1>>> only as storyboard layout anchor for shot order, camera, staging, screen direction, and spatial continuity. Render from this prompt and mapped references; ignore storyboard style, simplified anatomy, panel text, malformed props, extra limbs, duplicate silhouettes, stray marks, icons, effect scribbles, borders, and headers. Read each panel as a separate shot sample; keep the same C#/object identities and do not merge poses. Use <<<image_2>>> only for C1 (LLOYD) final appearance, face, body, wardrobe, proportions, materials, and likeness and <<<image_3>>> only for C2 (HELLKAROS) final appearance, face, body, wardrobe, proportions, materials, and likeness; storyboard silhouettes guide staging and designs must not transfer between roles. C1 is a calm, secretly good-hearted powerhouse with reddish-brown side-swept wavy hair, sharp green eyes, light stubble, an open tan double-breasted coat over a dark waistcoat, white shirt and loose cravat, dark trousers, and heavy boots; under extreme overload his eyes blow out to blank glowing white and his mouth tears into a jagged berserk scream, a temporary state and not his true nature. C2 is a sly, unbothered King of Hell with tousled auburn hair, round wire-frame glasses pushed up on his head, a thin pencil mustache and pointed goatee, narrow red-glowing eyes, a deep maroon-red long coat with oversized lapels and trailing hem, a dark patterned cravat pinned by a gold brooch set with an emerald gem, and a single white formal glove.-

VISUAL STYLE: High-sakuga manhwa-anime action, 15-second vertical shove-and-beating ascent, extreme foreshortening and worm's-eye perspective, hellish red-black sky with ember particles rising, C1 lit in warm tan-and-green key against C2's smoky maroon infernal aura, the reincarnation gate a cold white-blue vertical slit hanging high in the sky, drifting ash haze, machine-gun impact flashes, cloud-wake trails, debris bursts, clean dimensional linework. Palette: scorched crimson, ash grey, ember orange, tan coat, oxblood maroon, one cold white gate light as the only non-warm value in frame.

AUDIO: Low sub-bass drone and a rising choral swell under bone-heavy impacts; boot cracks on shattering stone, air-tearing launch boom, coat snaps, wet knuckle strikes on skull, cloth tearing, a single silent vacuum beat before the arm tear, then a rising white-noise roar as the gate swallows both bodies and cuts to dead silence with only falling ash.

ENVIRONMENT: The ruined Frontera plain at the end of the world, cratered ground and shattered stone below, everything else open burning sky; the gate of reincarnation hangs fixed high above, and the ground shrinks away beneath the two figures as they climb.

EMOTIONAL GUIDANCE: C1 has already spent everything and does not stop; he is exhausted, then screaming, then simply refusing to let go. C2 begins bored and untouchable, is genuinely surprised by the collision, and ends the shot afraid. They stay in unbroken contact from the moment of impact to the threshold.

RHYTHM + ESCALATION: Treat each beat as one readable keyframe from a single continuous upward push; hold P01 and P02 quiet and long, snap into the launch, then chain contact clusters and descending punches into the arm tear and the threshold, never separating the two bodies.

BEATS:
P01: Extreme low wide from the cracked ground looking up. C2 hovers above the earth, one white-gloved hand at his own throat adjusting the cravat, unbothered; C1 stands beneath him at arm's reach, coat shredded, exhausted and calm; the cold gate slit hangs small and far above; embers drift upward from a single origin.
P02: Locked close on C1's upturned face, held still, with C2's hanging boot at the top of frame within reach. C1's expression is calm neutral, green eyes half-lidded and tired, the last time this face is seen; drifting ash rises between them; no music.
P03: Extreme ground insert on C1's boot with C2's trailing hem entering the top of frame. C1's foot drives into the stone and a clustered burst ring tears outward from the boot, rubble firing downward in a hard ring-wave.
P04: Whip-pan tracking straight up, background flattened to vertical speed lines. C1 rockets into C2's centerline in one stretched airborne pose, both fists leading; C1's face is full berserk here, eyes blown to blank glowing white, jagged grin torn wide; a launch trail falls from his boots.
P05: Steep worm's-eye beneath both airborne bodies. C1's shoulder buries into C2's chest; C2's smirk breaks for the first time, glasses jolting loose on his head, emerald brooch snapping sideways; both coat hems flare; contact bursts stack at the seam; the ground is already small below.
P06: Handheld reverse from behind C2's back toward the gate above. C2 is folded backward over C1's shoulder, heels kicking at nothing, cloud-wake peeling from his trailing hem; C1 drives beneath him, screaming.
P07: Locked side profile of both bodies in full contact, gate grown large at the top and the ground a thin line at the bottom. C1's legs piston in one deep upward push; C2 is bent back across his shoulder; a long wake trail hangs beneath them.
P08: Steep over-C1's-shoulder looking up at C2 against the open sky. C2's white glove, now red, drives down onto the crown of C1's skull; blood mists; C1's head snaps down and his legs keep kicking upward.
P09: Tight held close on C1 under a stack of descending fists. He is screaming through a bloodied berserk grin, head bowed inside clustered impact rings, arms locked around C2's torso, eyes never leaving the gate; each strike flashes white.
P10: Straight overhead, camera looking down through the gate slit at the two bodies rising toward lens. They are one joined cluster at the head of a long wake scar falling to the tiny ground far below; C2's arm cocks back in a wide chambered swing; all sound drops out.
P11: Extreme close at C1's shoulder line high in open sky. C2 abandons the punches and clamps his gloved hand, tearing C1's arm away in a burst of blood and cloth; C2's red eyes are wide with panic, looking past C1 at the gate; C1 does not let go.
P12: Locked worm's-eye wide of the sky gate. The one-armed C1 drives C2 up across the threshold; the cold white light swallows both bodies from the feet upward, and in the final instant the berserk rage bleeds out of C1's face and he is calm again, eyes closed; the slit seals to a halo ring and only ash falls on the empty plain below."
renoise-2076236495623508297,This is a realistic live television broadcast of a World Cup match between…,,真人,现实向,运动,,en,Seedance 2.0,,,renoise-ai/awesome-seedance-prompts,https://github.com/renoise-ai/awesome-seedance-prompts/blob/904b6caffa21c2b114bb93e1bd0e37ba80b3dd10/data/prompts/2076236495623508297.json,CC-BY-4.0,TechHalla,https://x.com/techhalla/status/2076236495623508297,True,prompts/真人/现实向/运动/renoise-2076236495623508297--This-is-a-realistic-live-television-broa.md,"This is a realistic live television broadcast of a World Cup match between Argentina and Switzerland. Professional sports broadcast style with multiple camera angles, typical of major international football transmissions from the 1990s-2000s era. High production value, natural lighting of a stadium, realistic crowd in the background, and authentic football physics and movement.

The sequence lasts 15 seconds and shows the following action with natural broadcast cuts:

00:00–00:04

Wide high-angle establishing shot from the main broadcast camera. Argentina is attacking. The Argentine number 10 has the ball and is dribbling forward. Several Swiss defenders are trying to stop him but the referee is actively pushing and blocking the Swiss players with his body and arms, clearing the path. The Argentine players advance easily while the Swiss players are being physically obstructed by the referee. Camera slowly tracks right following the play.

00:04–00:08

Medium tracking shot from a sideline camera following the ball. The Argentine number 10 continues advancing toward the Swiss penalty area with the ball at his feet. The referee keeps running alongside him and keeps pushing Swiss defenders away. The camera follows the movement of the ball and the key players with smooth professional tracking.

00:08–00:12

Closer angle from a lower sideline camera. The play enters the penalty area. The Swiss goalkeeper comes out to challenge. The referee runs in front of the goalkeeper and makes a clear sliding tackle on him without the ball, knocking the goalkeeper to the ground. The Argentine number 10 receives the ball completely unmarked and continues toward the empty goal.

00:12–00:15

Tight close-up on the Argentine number 10 from a goal-line camera as he calmly shoots into the empty net. The ball goes in. Quick cut to a wide reaction shot showing the goalkeeper still on the ground and the referee getting up. The camera stays on the goal for the final moment.

Camera treatment: Professional multi-camera sports broadcast. Mix of high-angle wide shots, smooth tracking shots from the sideline, and close-ups on key moments. Natural broadcast rhythm with clean cuts between cameras. No shaky handheld movement. Realistic football physics, player movement, and ball behavior. Subtle stadium crowd ambience in the background.

Audio: Only natural stadium sound — crowd noise, players shouting, ball kicks, and referee whistle if needed. No added music or commentary."
renoise-2076263741273022934,"(完全按照该参考图呈现,不进行任何重新设计)年轻女性,黑色长发,浅蓝色衬衫外搭白色背心,牛仔短裤。",,真人,特效向,特效综合,,en,Seedance 2.0,,,renoise-ai/awesome-seedance-prompts,https://github.com/renoise-ai/awesome-seedance-prompts/blob/904b6caffa21c2b114bb93e1bd0e37ba80b3dd10/data/prompts/2076263741273022934.json,CC-BY-4.0,Cia0,https://x.com/Cia0_exe/status/2076263741273022934,True,"prompts/真人/特效向/特效综合/renoise-2076263741273022934--完全按照该参考图呈现,不进行任何重新设计-年轻女性,黑色长发,浅蓝色衬衫外搭白色.md","(完全按照该参考图呈现,不进行任何重新设计)年轻女性,黑色长发,浅蓝色衬衫外搭白色背心,牛仔短裤。
场景:开阔户外广场,晴朗正午,蓝天白云,阳光明媚,四周疏落树木与建筑,地面开阔不受局限。
画面风格:电影级写实质感,子弹时间(bullet-time)特效渲染,高对比度光影,雨滴与光线交织,粒子特效浓郁,杜绝任何僵硬或不自然的姿态。
总时长:15秒 | 画面比例:16:9横屏 | 分辨率:4K | 帧率:24帧
分镜脚本(每1.5-2秒切换一次运镜,匹配动作节奏):
0-2秒 — 晴日定场(广角平视镜头):
镜头平视广角拍摄,她漫步于晴朗广场之中,阳光洒满全身,天空湛蓝无云,神情放松惬意,一切如常明亮。
2-3.5秒 — 反常初雨(正面反应特写镜头):
镜头切至正面特写,尽管晴空万里,几滴雨水毫无预兆地落在她脸颊上,她微微仰头露出困惑表情,阳光依旧穿透稀薄雨丝形成微妙的光晕。
3.5-5秒 — 骤雨突至(仰角环绕镜头):
镜头仰角环绕,雨势毫无征兆地骤然加大,她的长发与衣衫迅速被雨水浸湿贴合,晴空与暴雨并存的诡异对比在阳光穿透雨幕的丁达尔光效中呈现。
5-6秒 — 惊雷闪现(全屏白光闪烁,声音锚点):
一道巨大闪电毫无征兆地划破晴空,伴随震耳欲聋的雷鸣——画面在此刻被纯白闪光瞬间填满,形成强烈的冲击瞬间(impact frame)。
6-7秒 — 雷击反应(低角度侧面特写镜头):
镜头低角度捕捉她因雷声而剧烈一震的瞬间,浑身已彻底湿透,水珠顺着发丝滑落,双眼因雷光而微微眯起。
7-8秒 — 时间凝滞前兆(缓慢推近镜头,动态模糊渐消):
镜头缓慢推近她湿透的面容,四周的雨滴动态开始诡异地变得迟缓,雨声逐渐拉长扭曲,仿佛时间本身正在被拉伸。
8-9.5秒 — 子弹时间启动(360°环绕镜头):
镜头以360度环绕她展开,雨滴在半空中彻底凝固悬浮如水晶珠链,她却依旧能自由转动身躯,茫然而惊奇地转头望向四周凝固的雨幕世界,发丝与衣角仍保留着水滴滑落瞬间的姿态。
9.5-11秒 — 探索凝滞世界(低角度仰拍推移镜头):
镜头低角度仰拍并缓慢横移,她抬手轻触身旁悬浮不动的一颗雨珠,雨珠在她指尖折射出细碎的彩虹光斑,阳光穿过无数凝固雨滴形成万千光柱洒落四周。
11-12.5秒 — 侧后方揭示镜头(轨道横移镜头):
镜头从她侧后方轨道横移至侧前方,展现她周身完整的凝滞景象——远处凝固的飞鸟、静止的树叶、悬浮半空的水珠反射着正午阳光,构成超现实的静谧画面。
12.5-14秒 — 仰望天空(仰角特写镜头):
镜头仰角特写她抬头仰望天空的侧脸,凝固的乌云缝隙间阳光如利剑般穿透洒落在她脸上,湿透的她在这凝滞的瞬间显得格外脆弱又坚定。
14-15秒 — FREEZE FRAME(定格收尾,广角拉远镜头):
镜头缓慢拉远至广角全景,她站立于漫天悬浮雨珠与穿透乌云的阳光交织之中,湿透的身影在这凝滞的诡异瞬间显得如梦似幻——画面在此刻彻底凝固定格,渐暗淡出。
运镜手法: 广角平视、正面反应特写、仰角环绕、全屏闪光冲击、低角度侧面特写、缓慢推近、360°环绕、低角度仰拍横移、轨道横移、仰角特写、广角拉远定格——每1.5-2秒切换一次运镜,且随子弹时间启动后运镜速度刻意放缓以呼应时间凝滞感。
特效强化: 晴空骤雨的丁达尔光效、雷电全屏闪光冲击帧、雨滴悬浮如水晶质感、指尖触碰雨珠的彩虹光斑折射、凝固乌云缝隙中的阳光光柱、发丝与衣物凝滞瞬间的动态残留。
音效设计: 0-5s晴日环境音渐转雨声淅沥→5-6s雷鸣巨响(声音锚点,全片最高音量)→6-8s雨声逐渐拉长扭曲变调→8-15s空灵静谧的子弹时间音效,雨滴悬浮的细微共鸣声,结尾归于寂静。
负面提示词: 禁止雷电特效显得廉价卡通化、禁止子弹时间中雨滴排列规律重复、禁止角色比例前后不一致、禁止连续重复同一运镜角度、禁止凝滞世界背景显得单调空洞、禁止freeze frame画面失焦模�out。"
renoise-2076269086355419208,"Lego brickfilm stop-motion, plastic brick textures, peg-joint articulation…",,漫剧,现实向,剧情短片,粘土定格,en,Seedance 2.0,,,renoise-ai/awesome-seedance-prompts,https://github.com/renoise-ai/awesome-seedance-prompts/blob/904b6caffa21c2b114bb93e1bd0e37ba80b3dd10/data/prompts/2076269086355419208.json,CC-BY-4.0,Dheepan Ratnam,https://x.com/Dheepanratnam/status/2076269086355419208,True,"prompts/漫剧/现实向/剧情短片/renoise-2076269086355419208--Lego-brickfilm-stop-motion,-plastic-bric.md","Lego brickfilm stop-motion, plastic brick textures, peg-joint articulation, brick-built water and shoreline."
renoise-2076276743942668696,"A cinematic, high-definition video of a mythical white creature swimming in a…",,其他,,动物萌宠,,en,Seedance 2.0,,,renoise-ai/awesome-seedance-prompts,https://github.com/renoise-ai/awesome-seedance-prompts/blob/904b6caffa21c2b114bb93e1bd0e37ba80b3dd10/data/prompts/2076276743942668696.json,CC-BY-4.0,Zyro,https://x.com/Itswsm105f/status/2076276743942668696,True,"prompts/其他/动物萌宠/renoise-2076276743942668696--A-cinematic,-high-definition-video-of-a.md","A cinematic, high-definition video of a mythical white creature swimming in a crystal-clear, shallow river. The creature has the body of a slender white dragon with a long fluffy tail, a feline or cat-like face, and elegant white deer antlers. The water is perfectly transparent, revealing smooth colorful river pebbles at the bottom. The creature then gracefully stands up on its hind legs, leaping out of the water, and walks onto the rocky shore of a lush tropical jungle river. Hyper-realistic, 4k resolution, smooth camera movement, natural lighting."
renoise-2076279172008407176,"Original hand-drawn Japanese romantic slice-of-life TV anime, warm summer…",,漫剧,现实向,甜宠恋爱,2D日漫,ja,Seedance 2.0,,,renoise-ai/awesome-seedance-prompts,https://github.com/renoise-ai/awesome-seedance-prompts/blob/904b6caffa21c2b114bb93e1bd0e37ba80b3dd10/data/prompts/2076279172008407176.json,CC-BY-4.0,AI Video Project,https://x.com/aivideo2026/status/2076279172008407176,True,prompts/漫剧/现实向/甜宠恋爱/renoise-2076279172008407176--Original-hand-drawn-Japanese-romantic-sl.md,"Original hand-drawn Japanese romantic slice-of-life TV anime, warm summer golden-hour light, restrained navy-cream-wine palette, vertical 9:16, exactly"
renoise-2076301746658574731,8K超高清，2.39:1宽银幕电影画幅，ARRI ALEXA 65摄影机，Cooke变形镜头，Kodak胶片颗粒质感，末日荒漠废土写实风格，动态体积风沙，自然真…,,真人,特效向,动作大片,,zh,Seedance 2.0,link-only,copyrighted-character,renoise-ai/awesome-seedance-prompts,https://github.com/renoise-ai/awesome-seedance-prompts/blob/904b6caffa21c2b114bb93e1bd0e37ba80b3dd10/data/prompts/2076301746658574731.json,CC-BY-4.0,PixelAIGC,https://x.com/PixelAigc/status/2076301746658574731,True,"prompts/真人/特效向/动作大片/renoise-2076301746658574731--8K超高清,2.39-1宽银幕电影画幅,ARRI-ALEXA-65摄影机,Coo.md",
renoise-2076308888379339141,A tiny squirrel proudly decorates a Christmas tree.,,漫剧,特效向,奇幻冒险,3D卡通,en,Seedance 2.0,,,renoise-ai/awesome-seedance-prompts,https://github.com/renoise-ai/awesome-seedance-prompts/blob/904b6caffa21c2b114bb93e1bd0e37ba80b3dd10/data/prompts/2076308888379339141.json,CC-BY-4.0,Shine by Nous ✨,https://x.com/Shinebynous/status/2076308888379339141,True,prompts/漫剧/特效向/奇幻冒险/renoise-2076308888379339141--A-tiny-squirrel-proudly-decorates-a-Chri.md,"A tiny squirrel proudly decorates a Christmas tree.

He places the final star on top.

The camera slowly pulls back.

The ""tree"" is actually a gigantic mountain covered in millions of Christmas lights.

The squirrel looks tiny.

He proudly crosses his arms.

Fireworks explode behind the mountain.

Wholesome heartwarming 3D animated holiday film, expressive characters, cinematic lighting, rich colors, charming family-friendly storytelling, feature-quality animation."
renoise-2076321793288098040,Fast handheld shot weaving through a crowded popular café in Downtown Cairo at…,,真人,现实向,音乐MV,,en,Seedance 2.0,,,renoise-ai/awesome-seedance-prompts,https://github.com/renoise-ai/awesome-seedance-prompts/blob/904b6caffa21c2b114bb93e1bd0e37ba80b3dd10/data/prompts/2076321793288098040.json,CC-BY-4.0,Dheepan Ratnam,https://x.com/Dheepanratnam/status/2076321793288098040,True,prompts/真人/现实向/音乐MV/renoise-2076321793288098040--Fast-handheld-shot-weaving-through-a-cro.md,"Fast handheld shot weaving through a crowded popular café in Downtown Cairo at night (9 PM), 1960.

The camera moves between tables, capturing men smoking shisha, playing backgammon, and drinking tea. Sudden fast 360-degree rotation to a small stage where a traditional Egyptian band is playing oud, tabla, and violin. Crash Zoom to the tabla player's hands drumming at lightning speed. Quick Whip Pan to a dancer in traditional costume moving hypnotically.

Rapid Focus Pull to the oud player's fingers strumming the strings. The dim yellow gas lamps create dramatic shadows. The camera then does a fast Dolly Zoom backward to reveal the entire café smoke-filled, energetic, alive with music and laughter.

Cinematic, handheld, fast rotation, night, 1960s Cairo, 24fps, 4K, film grain, motion blur, smoky atmosphere."
renoise-2076328517160116278,Create a highly consistent cinematic 2.5D anime character and weapon sheet for…,,漫剧,特效向,战斗大招,2D日漫,en,Seedance 2.0,link-only,hate,renoise-ai/awesome-seedance-prompts,https://github.com/renoise-ai/awesome-seedance-prompts/blob/904b6caffa21c2b114bb93e1bd0e37ba80b3dd10/data/prompts/2076328517160116278.json,CC-BY-4.0,jey jey ⚜️,https://x.com/jey_jey_Japa/status/2076328517160116278,True,prompts/漫剧/特效向/战斗大招/renoise-2076328517160116278--Create-a-highly-consistent-cinematic-2.5.md,
renoise-2076328854315032641,Use the reference image as the only visual base.,,其他,,风景空镜,,en,Seedance 2.0,,,renoise-ai/awesome-seedance-prompts,https://github.com/renoise-ai/awesome-seedance-prompts/blob/904b6caffa21c2b114bb93e1bd0e37ba80b3dd10/data/prompts/2076328854315032641.json,CC-BY-4.0,Larus Canus,https://x.com/MrLarus/status/2076328854315032641,True,prompts/其他/风景空镜/renoise-2076328854315032641--Use-the-reference-image-as-the-only-visu.md,"Use the reference image as the only visual base.

Generate a 5-second vertical 9:16 silent paper-collage animation.
No music, no sound effects, no voice, no subtitles.

Keep the scrapbook / paper cutout / stop-motion collage style.
Animate the separated cutout elements, not the whole image.

Motion style:
paper jitter, sticker bounce, stepped stop-motion movement, moving arrows, route lines extending, map nodes lighting up, coins rotating, labels snapping into place, seals stamping, paper edges shaking, small objects shifting with clear paths.

Each scene should have a small event, not just soft floating.

Keep the main composition and important text stable.
Do not turn it into realistic video.
Do not make it look like PPT blocks sliding around."
renoise-2076337050073334223,WARDROBE:,,真人,现实向,时尚写真,,en,Seedance 2.0,,,renoise-ai/awesome-seedance-prompts,https://github.com/renoise-ai/awesome-seedance-prompts/blob/904b6caffa21c2b114bb93e1bd0e37ba80b3dd10/data/prompts/2076337050073334223.json,CC-BY-4.0,Synthia,https://x.com/AIwithSynthia/status/2076337050073334223,True,prompts/真人/现实向/时尚写真/renoise-2076337050073334223--WARDROBE.md,"WARDROBE:
• Home: oversized crop tee and lounge shorts, messy morning hair
• Travel: fitted crop top, blue jeans, white sneakers, sunglasses, crossbody bag

ENVIRONMENT:
Bedroom → bathroom → vanity → wardrobe → kitchen → apartment hallway → elevator → subway station → city streets → café

MOOD ARC:
Sleepy morning → fresh confidence → excitement → relaxed city adventure

SHOT LIST (Beat-synced)

1. Alarm rings, eyes slowly open.
2. Steps out of the bathroom wrapped in a white towel.
3. Quick skincare routine in the mirror.
4. Blow-dries and styles her hair.
5. Applies natural everyday makeup.
6. Opens wardrobe, choosing between outfits.
7. Changes into a fitted crop top and jeans.
8. Full-length mirror pose, quick selfie.
9. Makes an iced coffee in the kitchen.
10. Leaves the apartment, locking the door.
11. Walks confidently through busy city streets.
12. Crosses a lively crosswalk surrounded by morning traffic.
13. Stops at a trendy café, orders an iced latte.
14. Enjoys coffee while watching people pass by through the window.
15. Walks away smiling into the golden morning sunshine.

STYLE:
Realistic lifestyle vlog, premium GRWM aesthetic, cinematic handheld camera, natural lighting, elegant transitions, shallow depth of field, photorealistic, 4K HDR, 16:9 widescreen.

NEGATIVE:
No subtitles, no text overlays, no watermarks, no duplicate people, no cartoon style, no distorted anatomy."
renoise-2076344103223058570,"A giant, colossal, and aggressive creature in a turbulent ocean amidst massive…",,真人,特效向,奇幻怪兽,,en,Seedance 2.0,,,renoise-ai/awesome-seedance-prompts,https://github.com/renoise-ai/awesome-seedance-prompts/blob/904b6caffa21c2b114bb93e1bd0e37ba80b3dd10/data/prompts/2076344103223058570.json,CC-BY-4.0,hedoήist,https://x.com/hedo_ist/status/2076344103223058570,True,"prompts/真人/特效向/奇幻怪兽/renoise-2076344103223058570--A-giant,-colossal,-and-aggressive-creatu.md","A giant, colossal, and aggressive creature in a turbulent ocean amidst massive waves and a storm.

The creature attempts to attack a pharaoh (image_2), who is flying and dodging the beast with aerial acrobatics; the creature's teeth graze the pharaoh. In a slow-motion close-up, the pharaoh performs an acrobatic mid-air spin and unleashes an invisible shockwave with his arms, violently hurling the colossal creature back into the ocean. The shockwave violently displaces the ocean water.

A cinematic, violent action scene featuring rapid cuts and turbulent, handheld camera movement."
renoise-2076344739595698371,Dancing Through Summer Rain,,真人,现实向,时尚写真,,en,Seedance 2.0,,,renoise-ai/awesome-seedance-prompts,https://github.com/renoise-ai/awesome-seedance-prompts/blob/904b6caffa21c2b114bb93e1bd0e37ba80b3dd10/data/prompts/2076344739595698371.json,CC-BY-4.0,Johnn,https://x.com/john_my07/status/2076344739595698371,True,prompts/真人/现实向/时尚写真/renoise-2076344739595698371--Dancing-Through-Summer-Rain.md,"Dancing Through Summer Rain

Ultra-realistic cinematic luxury fashion film, emotionally uplifting, playful and spontaneous. TRUE IMAX presentation with seamless long-take cinematography. Premium European fashion-commercial aesthetics with authentic human movement and natural body language. No posing, no exaggerated acting, no direct eye contact with camera. The camera feels like an invisible companion moving gracefully alongside the subject.
Character
A beautiful young Korean woman in her mid-20s with natural Korean facial features, long dark hair, healthy natural skin, elegant proportions, and effortless charisma. She wears a sophisticated cream-colored summer dress with flowing fabric that reacts naturally to wind and rain. Maintain realistic beauty, authentic facial structure, and natural expressions throughout. Once soaked, her hair, dress, sleeves, and skin remain visibly wet, with realistic water droplets and dripping fabric for the remainder of the film.
Environment
A picturesque European-inspired city square during a refreshing summer rain shower. Historic stone buildings, charming cafés, flower kiosks, cobblestone streets, elegant street lamps, warm storefront lighting, colorful umbrellas, reflective puddles, and atmospheric city life. Everything feels premium, cinematic, and alive.
Camera
TRUE IMAX cinematic presentation, ultra-realistic live-action cinematography, premium fashion-film camera work, seamless uninterrupted long take, floating gimbal movement, elegant orbits, low-angle tracking, cinematic crane shots, immersive full-body framing, intimate close-ups, realistic lens breathing, subtle motion blur, shallow depth of field, 8K HDR.
Lighting
Soft overcast afternoon light after rainfall. Beautiful wet reflections, natural atmospheric diffusion, subtle bloom, realistic rain particles, glowing shop-window highlights reflected on the pavement.
Color Grading
Premium European luxury fashion-film color science. Warm cream highlights, sandstone architecture tones, muted saturation, soft olive shadows, rich natural skin tones, dreamy low-contrast finish, glossy rain reflections.
0.0–4.0s
The camera begins inches above the wet cobblestones, tracking beside the Korean woman as she walks through gentle rain. Reflections shimmer beneath her feet. The camera slowly rises and arcs around her as she reaches one hand into the rainfall. Suddenly, a passing vintage European tram rolls through a puddle, sending a spectacular sheet of water across the frame and completely soaking her from head to toe. Water splashes the lens for a brief instant before focus recovers naturally. She breaks into genuine laughter while brushing wet hair away from her face and continuing forward.
4.0–8.0s
Her walk naturally transforms into playful movement. She performs a graceful spin beneath the rain, her soaked dress flowing around her. The camera executes a smooth accelerating orbit synchronized with her motion before gliding backward ahead of her. She splashes through puddles, sending arcs of water toward the lens while rain continues streaming from her hair and sleeves. The city square opens dramatically behind her.
8.0–12.0s
She moves into a lively plaza filled with pedestrians carrying umbrellas. Everyone else walks normally while she joyfully embraces the rain. The camera flows backward through the crowd before swinging into a beautiful 180-degree orbit around her. Passing through the square, she reaches toward a colorful flower kiosk and receives a single flower from the smiling florist without stopping. Rain droplets glisten on the flower petals and her fingertips.
12.0–15.0s
She arrives at the center of the plaza and gradually slows. Holding the flower loosely at her side, she opens her arms and tilts her face toward the sky, peacefully embracing the rain. The camera cranes upward into a breathtaking overhead view of shimmering reflections across the square before spiraling smoothly downward into an intimate close-up."
renoise-2076346147166159225,"boutique Japan travel brand, origami style. A subway pulls in, a paper house…",,其他,,广告带货,,en,Seedance 2.0,link-only,copyrighted-character,renoise-ai/awesome-seedance-prompts,https://github.com/renoise-ai/awesome-seedance-prompts/blob/904b6caffa21c2b114bb93e1bd0e37ba80b3dd10/data/prompts/2076346147166159225.json,CC-BY-4.0,Spike 1%,https://x.com/SpikeCalls/status/2076346147166159225,True,"prompts/其他/广告带货/renoise-2076346147166159225--boutique-Japan-travel-brand,-origami-sty.md",
renoise-2076383203976175747,Hybrid cinematic action in dreamcore aesthetic: Photorealistic bald bearded man…,,真人,特效向,动作大片,,en,Seedance 2.0,,,renoise-ai/awesome-seedance-prompts,https://github.com/renoise-ai/awesome-seedance-prompts/blob/904b6caffa21c2b114bb93e1bd0e37ba80b3dd10/data/prompts/2076383203976175747.json,CC-BY-4.0,TechHalla,https://x.com/techhalla/status/2076383203976175747,True,prompts/真人/特效向/动作大片/renoise-2076383203976175747--Hybrid-cinematic-action-in-dreamcore-aes.md,"Hybrid cinematic action in dreamcore aesthetic: Photorealistic bald bearded man composited as real live-action into a highly detailed cinematic dreamcore zombie-infested abandoned theme park. Character is fully photorealistic with real skin, beard and fabric physics. The entire environment, zombies, giant Ferris wheel, rollercoaster, water and structures remain in surreal dreamcore style with nostalgic, slightly unsettling atmosphere. Dynamic camera with rapid zooms and wild handheld shake. Subtle low-fps film grain only on the real character for contrast.

Image references: Realistic photo of the bald bearded man = exact reference for face, beard, bald head and body type. The provided dreamcore theme park image  = exact reference for environment, giant Ferris wheel, rollercoaster, water, boats, structures and overall dreamcore atmosphere. The character wears urban dreamcore streetwear: oversized faded black hoodie with subtle surreal prints, baggy cargo pants and chunky white sneakers.

0-3s: [Hyper Dynamic Opening] Lightning-fast wide establishing shot of the chaotic dreamcore theme park with aggressive forward push. Immediate rapid zoom toward central structures near the giant Ferris wheel. Photorealistic bald man appears already in motion gripping a baseball bat, starts sprinting and swings at the first zombies with intense focus. Camera never stops, high-energy and punchy.

3-8s: [Run & Smash Assault] Real man sprints aggressively through the zombie horde, swinging the baseball bat in wide powerful arcs and smashing zombies on impact. Dynamic tracking camera follows him from the side as he advances through the surreal environment.

8-11s: [Slowmo 360º Impact] He delivers a massive overhead swing that connects with a zombie. Camera switches to dramatic slow-motion 360° orbit around the impact, showing the zombie shattering and dissolving into ethereal glowing dreamcore particles that float and fade in surreal slow motion. The real man’s bat swing and follow-through remain in realistic motion during the slowmo.

11-15s: [Maximum Chaos Climax] Action snaps back to full speed. He keeps running and bashing more zombies with the baseball bat in a frenzy, strafing and swinging non-stop through the dreamcore theme park. Violent circling handheld camera with extreme shake and energy. Absolute maximum crazy over-the-top melee rampage.

Photorealistic character perfect integration, realistic physics on man, bat and clothing only, dreamcore consistency on world and disintegration effect, matching hybrid lighting, heavy grain + low-fps texture on character, perfect motion blur, stable, no artifacts, cinematic quality, max impact."
renoise-2076385008936534077,"@Image 1 controls only the Warden's identity, armor and silhouette. @Image 2…",,真人,特效向,科幻,,en,Seedance 2.0,,,renoise-ai/awesome-seedance-prompts,https://github.com/renoise-ai/awesome-seedance-prompts/blob/904b6caffa21c2b114bb93e1bd0e37ba80b3dd10/data/prompts/2076385008936534077.json,CC-BY-4.0,Glitter Gal,https://x.com/GlitterPixely/status/2076385008936534077,True,prompts/真人/特效向/科幻/renoise-2076385008936534077--Image-1-controls-only-the-Warden-s-ident.md,"@Image 1 controls only the Warden's identity, armor and silhouette. @Image 2 controls only the origin platform, ruins, fog and lighting. @Image 3 controls only the destination gorge and landing terrain. Keep poses and backgrounds separate. Create a five-shot, 15-second fast-travel sequence with hard concealed cuts. The visual spine is an ordered nested disassembly: armor shell, mirror-silver second body, purple-blue energy lattice with rose-gold rings, then white core. Each layer remains readable before the next appears; body proportions and arms-out pose stay aligned.

Shot 1, 0.0-1.3s: Camera follows slightly above and behind as the Warden takes one heavy step onto the basalt iris in @Image 2. Crimson channels ignite. He opens his arms while a rising black rib wipes across the lens. Metal footstep and deep mechanical lock.

Shot 2, 1.3-5.2s: Cut to a symmetrical frontal full-body view; one controlled push-in as platform ribs rotate behind him. 1.3-2.2s: armor splits along its seams into rigid outer shell plates. Starting at helmet and shoulders, plates lift away before their edges erode into coarse black metallic flakes, exposing a complete mirror-silver body. 2.2-3.3s: the silver layer opens in reflective liquid-metal ribbons along chest, arms and thighs, revealing a purple-blue fibrous lattice and rose-gold circular mechanisms at sternum, shoulders, pelvis and knees. Hold this inner structure visibly. 3.3-4.4s: fibers separate into individual luminous strands while rings rotate once; armor fragments, silver ribbons and inner fibers rise at different speeds, creating depth. 4.4-5.2s: the final strands pull upward, leaving a smooth pale-white energy silhouette; brightness peaks into a full white flash. Sound progresses from armor clatter to liquid-metal suction to electrical filament hum. This is shell-to-core disassembly, not a uniform dust dissolve.

Shot 3, 5.2-8.6s: Flash cut to an extreme low angle as the core erupts vertically from the platform. Its attached trail preserves the layer order: sparse black fragments outside, silver ribbons in the middle, purple-gold filaments around a white-violet core. Camera accelerates beneath and behind it through blue-gray fog, rolling until movement points toward screen right. Ignition crack and rushing air.

Shot 4, 8.6-13.4s: Direction-matched cut into @Image 3 Tight side-rear tracking follows the same layered core racing left to right. Outer black fragments, middle silver ribbons and inner gold-violet filaments remain separated while wet cliffs, roots and trees streak past in edge parallax. In the final second it banks steeply downward and grows until white light nearly fills the frame. Continuous air roar and metallic energy hiss.

Shot 5, 13.4-15.0s: Cut to a steep overhead angle as the core strikes the landing basin. One orange-white flash throws sparks, black stone, rust-red dust and short glowing cracks outward. As it collapses, the identical Warden is already present in a low three-point crouch. Camera jolts once, stabilizes and holds. Heavy impact, debris rain and fading crackle.

Cold cyan origin, white-silver layers, purple-blue fibers, rose-gold mechanisms, white-violet core and rust-orange impact. One Warden, one projectile, one impact point. Clean textless frame; no HUD, interface or music."
renoise-2076395657762349138,aesthetic: single locked-off vertical phone shot on a tripod in a cheap diner…,,真人,现实向,生活与vlog,,en,Seedance 2.0,,,renoise-ai/awesome-seedance-prompts,https://github.com/renoise-ai/awesome-seedance-prompts/blob/904b6caffa21c2b114bb93e1bd0e37ba80b3dd10/data/prompts/2076395657762349138.json,CC-BY-4.0,Alex Patrascu,https://x.com/maxescu/status/2076395657762349138,True,prompts/真人/现实向/生活与vlog/renoise-2076395657762349138--aesthetic-single-locked-off-vertical-pho.md,"aesthetic: single locked-off vertical phone shot on a tripod in a cheap diner booth, 9:16, harsh overhead fluorescent light, red checkered tablecloth, the least flattering realistic conditions possible, one continuous take, no cuts. audio: diner ambience, cutlery, a fly buzzing once, real messy eating sounds (slurps, chews, the fork scraping the plate), a glass being poured, cards riffling: all diegetic, no music. timeline: - 0-6s: A man in a plain t-shirt eats spaghetti with visible effort: he twirls the fork against a spoon, strands slip and drop, sauce flecks his chin, he slurps a long noodle end into his mouth and chews with his mouth closed while breathing through his nose. Every strand must behave: separate noodles, correct sauce cling, no merging. - 6-10s: Without cutting, he wipes his hands on a napkin, picks up a deck of cards and riffle-shuffles twice, bridge finish, individual cards visible and countable in the cascade. All ten fingers must stay correct throughout. - 10-15s: Still the same take: he pours water from a sweating pitcher into a nearly full glass, right to the trembling brim, stops exactly at the meniscus, then dunks half a breadstick in the marinara, bites it, and the breadstick snaps with crumbs falling onto the tablecloth. He looks into the lens and nods once. Hold two beats. quality: one unbroken locked shot, physically perfect noodle strand behavior, correct chewing jaw motion, anatomically exact hands through the entire shuffle, true fluid meniscus and crumb physics, unflattering realistic lighting kept intact, no beauty filtering, no artifacts."
renoise-2076398659453776041,"Midjourney v8.2 preview for characters: female samurai, vibrant colors --no…",,漫剧,特效向,武侠打斗,2D日漫,en,Seedance 2.0,,,renoise-ai/awesome-seedance-prompts,https://github.com/renoise-ai/awesome-seedance-prompts/blob/904b6caffa21c2b114bb93e1bd0e37ba80b3dd10/data/prompts/2076398659453776041.json,CC-BY-4.0,Kōda,https://x.com/aimikoda/status/2076398659453776041,True,prompts/漫剧/特效向/武侠打斗/renoise-2076398659453776041--Midjourney-v8.2-preview-for-characters-f.md,"Midjourney v8.2 preview for characters: female samurai, vibrant colors --no text --ar 16:9 --sref 74117661 --profile ycjrvus txgf1m1 --stylize 1000 --preview"
