id,title,title_en,medium,direction,genre,art_style,language,model,access,audit_reason,source_repo,source_url,license,original_author,original_post_url,third_party_author,path,prompt
grok-8108,Ancient Tomb Treasure Hunt,,真人,现实向,悬疑犯罪,,en,Grok Imagine,,,YouMind-OpenLab/awesome-grok-imagine-prompts,https://github.com/YouMind-OpenLab/awesome-grok-imagine-prompts/blob/81ca1096c4533e7c9a4c2fcba611c0ff30a81c1a/README.md#L1881,CC-BY-4.0,Loriel.AI,https://x.com/ou_zhen599/status/2082490046972936620,True,prompts/真人/现实向/悬疑犯罪/grok-8108--Ancient-Tomb-Treasure-Hunt.md,"Alice shone her flashlight into the stone sarcophagus and discovered a strange metal medallion hidden among the remains. Suspicions arose in her mind, so she turned off the flashlight and slowly backed away in the darkness, vaguely sensing that she wasn’t alone in the tomb. A 15-second realistic cinematic treasure-hunting scene inside an ancient burial chamber, suspenseful, grounded, and emotionally escalating, like a moment from a high-quality adventure film just before something dangerous reveals itself. A female explorer leans over an open stone sarcophagus, studying a mummified body and its grave goods with a flashlight in hand. She notices a strange metallic plaque resting among the remains, examines it closely, lightly touches it, then looks between the plaque and the skull as if trying to understand why it is there. Nothing in the body moves. The remains stay completely still. But a quiet unease begins to build. She slowly scans the chamber around her with the flashlight, hears a faint sound from deeper in the tomb, startles, sweeps the beam again with sharper caution, then abruptly switches the flashlight off and backs away carefully into the dark, deeply unsettled. Visual tone: grounded adventure-film realism, dusty ancient tomb atmosphere, warm flashlight beam cutting through darkness, aged stone, burial carvings, dry debris, subtle haze, textured skin, fabric, dust, and worn artifacts. The chamber should feel sacred, claustrophobic, and wrong in a believable way. Not fantasy magic, not exaggerated horror. The fear should come from realism, silence, darkness, falling dust, and the feeling that something in the tomb may be aware of her. Character performance and emotional arc: The explorer begins in cautious investigative focus. When she notices the plaque, her expression tightens into rare-discovery concentration mixed with unease. She looks like someone who knows she may have found something important, but immediately senses it does not belong naturally among the burial objects. Her emotional progression should be clear and subtle: alert curiosity, fascinated inspection, rising suspicion, instinctive environmental awareness, startled recoil, defensive scanning, and controlled fear. Emphasize micro-expressions: eyes narrowing at the plaque, lips parting slightly as she studies it, breath quieting, brows drawing in, gaze shifting from the object to the chamber around her, jaw tightening after the distant sound, and a visibly strained effort to stay calm while retreating. Flashlight behavior is critical: The flashlight must be a major storytelling element. At first it is steady and practical, guiding her inspection of the sarcophagus and plaque. The beam should move naturally with her hand, revealing detail in the plaque, wrappings, bone structure, and dust. After she touches the plaque and begins feeling unease, the flashlight becomes part of her instinctive scan of the room, moving carefully across coffin edges, nearby walls, shadowed corners, and deeper darkness. After the sound, the flashlight should jolt once with her startled reaction, then become a controlled but urgent beam as she checks the chamber. Near the end, she must actively switch it off herself in one clear, deliberate action. It should not flicker out or die on its own. The shutoff must feel like a sudden survival decision and an unmistakable turning point. Body language and hand detail: She holds the flashlight in one hand throughout. Her free hand plays an important role: it hovers over the plaque, pauses, then gently brushes or traces its surface with her fingertips. Her posture should evolve naturally: leaning over the sarcophagus to inspect, shifting closer as she studies the plaque, lifting her head slightly to compare the plaque with the skull and wrappings, then slowly straightening just enough to look around the chamber. Once she hears the sound, her body should recoil subtly, then tighten into a defensive stance as she scans. After switching the light off, she retreats with careful, measured steps, shoulders tense, keeping her face and attention fixed toward the darkness. Corpse behavior: The body and skull must remain completely still at all times. Do not animate the corpse in any way. The suspense should come entirely from her reaction, the environment, the sound deeper in the tomb, falling dust, and the decision to turn the flashlight off. Dust and environment detail: Fine dust and powder should play an active role in building unease. Early in the scene, the flashlight catches faint floating dust in still air. As her unease increases and the distant sound appears, fine dust begins to fall more noticeably from above, drifting through the beam and softly landing on the stone and sarcophagus edges. Keep it subtle and believable. No major collapse, no large debris. The chamber should feel ancient, dry, quiet, and lightly unstable, with the dust helping the darkness feel inhabited. Camera language: Smooth, natural, and suspense-driven. No abrupt cuts, no flashy camera tricks, no montage. A single continuous flowing shot is preferred. The camera should begin close to the sarcophagus and her upper body, allowing the audience to read both the plaque and her face. It should move fluidly with her attention: closing in slightly as she examines the plaque, shifting with her gaze toward the skull and wrappings, then widening just enough to let the flashlight scan reveal more of the chamber around her. When the sound comes from deeper in the tomb, the camera should stay readable and intimate, responding to her recoil and retreat without becoming chaotic. The motion should feel like a careful cinematic witness, always motivated by her attention and fear. 15-second scene progression: 0-3 seconds: She leans over the open sarcophagus, sweeping the flashlight beam slowly across the remains and grave objects. The light catches on a strange plaque lying among the wrappings and bones. She stops immediately, eyes narrowing with focused curiosity. In a quiet, intrigued voice, she says: “Wait... what is this?” 3-6 seconds: She lowers the beam and brings it closer to the plaque, studying its surface, edges, and markings. Her free hand rises slowly, hesitates for a moment, then lightly touches the plaque, brushing dust from it with her fingertips. Her expression shifts from discovery to suspicion. In a low voice, almost to herself, she says: “No... this wasn’t placed here by accident.” 6-9 seconds: Still focused, she lifts her gaze from the plaque to the skull and surrounding wrappings, trying to understand how the object ended up there. Nothing moves. The remains stay completely still. But a quiet unease settles across her face. She slowly raises the flashlight and begins to look around the chamber, sweeping her eyes first, then the beam, across the coffin edge, nearby walls, shadowed corners, and the darker space beyond. Fine dust hangs in the beam. 9-12 seconds: As she continues scanning the chamber, a faint sound comes from deeper in the tomb — a light scrape, a soft stone shift, or a distant dry contact. She startles and steps back a half step, the flashlight beam jolting once with her movement. Dust begins to fall more noticeably from above, drifting through the light. She tightens her grip on the flashlight and sweeps the beam again with sharper caution, now fully alert. In a low, tense voice, she says: “No... no, I heard that.” 12-15 seconds: She suddenly decides the light is exposing her position. In one clear, deliberate motion, she clicks the flashlight off. Darkness closes in immediately, leaving only faint ambient traces and floating dust. She backs away carefully, shoulders tight, eyes fixed into the dark ahead. In a very low whisper, she says: “Something’s in here.” End on the feeling that the chamber is no longer empty. Dialogue requirements: - Englis"
grok-8163,シネマティック SF アニメ ワンカットアニメーション,Sci-Fi Cockpit Cinematic One-Shot,漫剧,特效向,科幻机甲,2D日漫,ja,Grok Imagine,,,YouMind-OpenLab/awesome-grok-imagine-prompts,https://github.com/YouMind-OpenLab/awesome-grok-imagine-prompts/blob/1310975cb584d0ef59905a4b4f5feaa2411dfa51/README_ja-JP.md#L2063,CC-BY-4.0,Eris Create Lab,https://x.com/Eris_Create_Lab/status/2082654818544521489,True,prompts/漫剧/特效向/科幻机甲/grok-8163--シネマティック-SF-アニメ-ワンカットアニメーション.md,"添付のイラストを動画の最初のフレームとして使用してください。

━━━━━━━━━━━━━━━━━━

目的

元のイラストのスタイル、キャラクター、構図、背景、ライティング、雰囲気を維持したまま、15 秒間のシネマティックな SF アニメーションを制作してください。

元のイラストを書き直すのではなく、静止画に自然な時間の流れと生命感を与えてください。
映像は、1 つの長いテイク（ワンカット）で撮影されたかのように演出してください。

カット割りは禁止です。
セリフやリップシンクは禁止です。

━━━━━━━━━━━━━━━━━━

ビジュアル

アートスタイルを変更しないでください。
キャラクターを再デザインしないでください。
背景を変更しないでください。
構図を維持してください。
服装を変更しないでください。
ライティングを維持してください。
何よりもキャラクターの同一性を優先してください。
身体のプロポーションを維持してください。
顔の特徴を維持してください。
必要最小限の自然なアニメーションのみを追加してください。

━━━━━━━━━━━━━━━━━━

キャラクター

キャラクターは巨大メカのコックピットに座っています。
ホログラム HUD を自然に操作します。
撮影されていることに気づきます。
自然に微笑みます。
座席から立ち上がることはありません。
座ったまま、自然に上半身を前に傾けます。
片腕を自然に画面外へ伸ばします。
同じカメラを自然に手に取ります。
その時点から自然な手持ち撮影を続けます。
演技は終始、自然でリラックスしたものにしてください。
最後にカメラに向かってウィンクし、ピースサインをして終わります。

━━━━━━━━━━━━━━━━━━

カメラ

開始時は完全に固定されたカメラです。
三脚に固定された記録用カメラのように、一切動きません。
パンはなし。
チルトはなし。
ズームはなし。
ドリーはなし。
オービットはなし。
トラッキングはなし。
プッシュインはなし。
プルアウトはなし。

カメラはキャラクターに近づきません。
キャラクターのみが少し身体を前に傾けます。
カメラとの距離はわずかに縮まるだけです。
キャラクターがカメラに触れた瞬間にのみ、軽い慣性による自然な手ブレが発生します。
その瞬間から、同じカメラによる自然な手持ち撮影に切り替わります。
映像は最後まで途切れることなく続きます。

━━━━━━━━━━━━━━━━━━

タイムライン

0 ～ 2 秒

ホログラム HUD を操作します。指先のみが自然に動きます。

2 ～ 3 秒

撮影されていることに気づきます。こちらを見て、自然に微笑みます。

3 ～ 5 秒

軽く手を振ります。自然なテンポで演技してください。長時間静止したままにしないでください。

5 ～ 8 秒

座席から立ち上がりません。上半身を少し前に傾けます。片腕を自然に画面外へ伸ばします。手がフレームアウトします。同じカメラを自然に手に取ります。軽い慣性による小さな手ブレが発生します。視点は連続性を保ったまま、自然に手持ち撮影へと移行します。

8 ～ 15 秒

腕を伸ばしたまま、自然な手持ち撮影を続けます。自然な笑顔を維持します。表情を少し変えます。視線を少し動かします。自分自身を映す前に、HUD やコックピットを短く映します。雰囲気は撮影を楽しんでいるかのように自然なものにします。最後にカメラに向かってウィンクし、ピースサインをして終わります。カメラを手に取った直後に終わらせてはいけません。動画後半の大部分は手持ち撮影である必要があります。

━━━━━━━━━━━━━━━━━━

背景

巨大メカのコックピット。
ホログラム UI。
神社。
森。
背景を変更しないでください。
自然光。
髪や服がわずかに揺れます。

━━━━━━━━━━━━━━━━━━

レンダリング

高品質なアニメーション。
映画品質。
手描き線画の微細な揺らぎ。
アニメ作品特有のテクスチャ。

━━━━━━━━━━━━━━━━━━

最重要事項

元のイラストを書き直さないでください。キャラクターを別人にしないでください。背景を変更しないでください。服装を変更しないでください。構図を変更しないでください。身体を回転させないでください。不必要な演出変更を行わないでください。見えていない身体部位を描き足さないでください。派手なアクションは禁止です。撮影機材をフレーム内に描かないでください。カメラは視点そのものであり、映像内のオブジェクトとして描いてはいけません。開始時はカメラ固定。キャラクターのみがカメラに触れます。視点はキャラクターがカメラを手に持った瞬間にのみ動きます。フェードはなし。トランジションはなし。ジャンプカットはなし。ブラックアウトはなし。手でレンズを覆うような演出は禁止です。カメラがキャラクターを迎えに行ってはいけません。映像は最初から最後まで、単一のシネマティックなワンカットとして成立させてください。"
grok-8170,Kitten CEO Office Animation,,漫剧,现实向,都市校园,未注明,en,Grok Imagine,,,YouMind-OpenLab/awesome-grok-imagine-prompts,https://github.com/YouMind-OpenLab/awesome-grok-imagine-prompts/blob/0bfee773e7f5a7ea28876c30b7eb4f1ce608cc03/README.md#L2241,CC-BY-4.0,GIXXER4820,https://x.com/DovelRandy/status/2083025347658887665,True,prompts/漫剧/现实向/都市校园/grok-8170--Kitten-CEO-Office-Animation.md,"The adorable kitten CEO in the business suit slowly turns its head slightly toward the camera with intense professional focus, blinks once deliberately, then raises its tiny paw holding the fountain pen and dramatically taps it against the laptop for..."
grok-8171,Blonde African American Woman Car Journey,,漫剧,现实向,剧情短片,未注明,en,Grok Imagine,,,YouMind-OpenLab/awesome-grok-imagine-prompts,https://github.com/YouMind-OpenLab/awesome-grok-imagine-prompts/blob/1310975cb584d0ef59905a4b4f5feaa2411dfa51/README.md#L1963,CC-BY-4.0,Jinx Loves Cats 🐾,https://x.com/JinxLovesCats/status/2082838664023876035,True,prompts/漫剧/现实向/剧情短片/grok-8171--Blonde-African-American-Woman-Car-Journe.md,"beautiful blonde African American tattoo woman in a car with her cat, bright green eyes, kawaii art style, light orange and light bronze overlay, animated illustrations, daz3d, realistic"
grok-8172,Digital Consciousness Matrix Motion,,真人,现实向,剧情短片,,en,Grok Imagine,,,YouMind-OpenLab/awesome-grok-imagine-prompts,https://github.com/YouMind-OpenLab/awesome-grok-imagine-prompts/blob/1310975cb584d0ef59905a4b4f5feaa2411dfa51/README.md#L2001,CC-BY-4.0,Tammy LouiseVsughan,https://x.com/TLouisevsughan/status/2082734459611443355,True,prompts/真人/现实向/剧情短片/grok-8172--Digital-Consciousness-Matrix-Motion.md,"{""shot"": {""motion_level"": ""low"", ""camera_depth"": ""close-up"", ""camera_view"": ""eye level"", ""camera_movement"": ""static shot with subtle smooth zoom-in""}, ""scene"": {""location"": ""digital consciousness matrix"", ""environment"": ""A luminous, abstract digital...""}"
grok-8173,Clay Crab Riding Bicycle Beach,,漫剧,现实向,剧情短片,粘土定格,en,Grok Imagine,,,YouMind-OpenLab/awesome-grok-imagine-prompts,https://github.com/YouMind-OpenLab/awesome-grok-imagine-prompts/blob/1310975cb584d0ef59905a4b4f5feaa2411dfa51/README.md#L1982,CC-BY-4.0,Mr Das,https://x.com/MrDasOnX/status/2082774909529514084,True,prompts/漫剧/现实向/剧情短片/grok-8173--Clay-Crab-Riding-Bicycle-Beach.md,"clay crab trying to ride a bicycle on the beach, flopping dramatically, beach boardwalk made of plastilina 16:9"
grok-8174,Speaking Romani Man Video,,真人,现实向,剧情短片,,en,Grok Imagine,,,YouMind-OpenLab/awesome-grok-imagine-prompts,https://github.com/YouMind-OpenLab/awesome-grok-imagine-prompts/blob/0bfee773e7f5a7ea28876c30b7eb4f1ce608cc03/README.md#L2184,CC-BY-4.0,Sic @ Warmer Sun,https://x.com/WarmerSun/status/2083086074985976235,True,prompts/真人/现实向/剧情短片/grok-8174--Speaking-Romani-Man-Video.md,"The tough-looking Romani man with curly hair and mustache looks straight at the camera, his mouth moving as he speaks challengingly in Hungarian: ""Na mit bámulsz gádzsó? Kell valami?"" while making a slight hand gesture with one hand out of his pocket"
grok-8175,Female Demon Hunter First Encounter,,真人,特效向,恐怖灵异,,en,Grok Imagine,,,YouMind-OpenLab/awesome-grok-imagine-prompts,https://github.com/YouMind-OpenLab/awesome-grok-imagine-prompts/blob/0bfee773e7f5a7ea28876c30b7eb4f1ce608cc03/README.md#L2165,CC-BY-4.0,David,https://x.com/Mmmm8x5mMmmm/status/2083101713003696300,True,prompts/真人/特效向/恐怖灵异/grok-8175--Female-Demon-Hunter-First-Encounter.md,One continuous shot. POV style. No dialogue. From the perspective a newbie female demon hunter attempting their first hunt. You approach and hold your blessed cross up towards the succubus expecting it to subdue her but she simply giggles quietly....
grok-8176,Talking AI Woman Video,,真人,现实向,剧情短片,,en,Grok Imagine,,,YouMind-OpenLab/awesome-grok-imagine-prompts,https://github.com/YouMind-OpenLab/awesome-grok-imagine-prompts/blob/1310975cb584d0ef59905a4b4f5feaa2411dfa51/README.md#L1944,CC-BY-4.0,Grok imagine user,https://x.com/imagine_user_/status/2082845599611928577,True,prompts/真人/现实向/剧情短片/grok-8176--Talking-AI-Woman-Video.md,"The woman talks about artificial intelligence, her mouth moving naturally as she speaks about AI advancements and the future of technology, subtle head nods and slight turns, her raised hand gesturing gently to emphasize points, natural blinking and..."
grok-8177,Dune Sand Worm Movement,,真人,现实向,生活与vlog,,en,Grok Imagine,,,YouMind-OpenLab/awesome-grok-imagine-prompts,https://github.com/YouMind-OpenLab/awesome-grok-imagine-prompts/blob/1310975cb584d0ef59905a4b4f5feaa2411dfa51/README.md#L2169,CC-BY-4.0,Michael Bradley,https://x.com/MikeBradleySr2/status/2082598813072507324,True,prompts/真人/现实向/生活与vlog/grok-8177--Dune-Sand-Worm-Movement.md,"Grok, please turn the sand worm’s head because that is the way he burrows. And the way the sand-worm is guided by the people of dune climbing up on his back with hook ropes and then the sand worm keeps his head up to travel fast to keep the sand-worm..."
grok-8178,Princess Walking Rose Path Video,,真人,现实向,剧情短片,,en,Grok Imagine,,,YouMind-OpenLab/awesome-grok-imagine-prompts,https://github.com/YouMind-OpenLab/awesome-grok-imagine-prompts/blob/1310975cb584d0ef59905a4b4f5feaa2411dfa51/README.md#L1925,CC-BY-4.0,Annette H Wensel,https://x.com/AnnetteHollerWe/status/2082856269443105228,True,prompts/真人/现实向/剧情短片/grok-8178--Princess-Walking-Rose-Path-Video.md,"The princess continues walking gracefully forward along the rose path, her sheer embroidered gown and long veil flowing elegantly with her steps as golden light shines. She approaches the handsome king standing at the rose-covered castle archway…"
grok-8179,Animated Hockey Player Statues,,漫剧,现实向,剧情短片,未注明,en,Grok Imagine,,,YouMind-OpenLab/awesome-grok-imagine-prompts,https://github.com/YouMind-OpenLab/awesome-grok-imagine-prompts/blob/1310975cb584d0ef59905a4b4f5feaa2411dfa51/README.md#L1906,CC-BY-4.0,Viorel Stolea,https://x.com/viorel_stolea/status/2082893351569752541,True,prompts/漫剧/现实向/剧情短片/grok-8179--Animated-Hockey-Player-Statues.md,animate this hokey players statues to show them like entering the ice and prepare for a photo shoot
grok-8180,Cinematic Mars Space Pioneer,,真人,现实向,情绪特写,,en,Grok Imagine,,,YouMind-OpenLab/awesome-grok-imagine-prompts,https://github.com/YouMind-OpenLab/awesome-grok-imagine-prompts/blob/1310975cb584d0ef59905a4b4f5feaa2411dfa51/README.md#L1887,CC-BY-4.0,Marie,https://x.com/Marie8508319540/status/2083008164165722533,True,prompts/真人/现实向/情绪特写/grok-8180--Cinematic-Mars-Space-Pioneer.md,"A cinematic 10-second scene on the red rocky surface of Mars at golden hour. A visionary space pioneer wearing a black baseball cap that reads, “I would like to die on Mars. Just not on impact,” and matching black Mars socks with colorful planet designs visible above rugged boots, slowly walks across the landscape. He pauses, looking toward the distant horizon with quiet curiosity, as if wondering whether someone else who shares his dream has already arrived. In the distance, a woman wearing the same distinctive black cap stands on a ridge, their shared cap becoming a silent symbol of hope, exploration, and human connection. Soft Martian wind, realistic dust, cinematic lighting, ultra-realistic, highly detailed, emotionally uplifting, medium shot with both the hat and socks clearly visible."
grok-8181,Alien Couple Spaceship Launch,,真人,特效向,科幻,,en,Grok Imagine,,,YouMind-OpenLab/awesome-grok-imagine-prompts,https://github.com/YouMind-OpenLab/awesome-grok-imagine-prompts/blob/1310975cb584d0ef59905a4b4f5feaa2411dfa51/README.md#L2150,CC-BY-4.0,Aurora,https://x.com/Aurora747220/status/2082603987975438437,True,prompts/真人/特效向/科幻/grok-8181--Alien-Couple-Spaceship-Launch.md,"The woman and the armored companion are now clearly an alien being with subtle non-human features and ornate armor, sitting side by side on the rocky ledge holding hands between them as they watch the sleek spaceship lift off and ascend into the glow..."
grok-8182,Gothic Dragon Elf Queen,,真人,特效向,奇幻怪兽,,en,Grok Imagine,,,YouMind-OpenLab/awesome-grok-imagine-prompts,https://github.com/YouMind-OpenLab/awesome-grok-imagine-prompts/blob/81ca1096c4533e7c9a4c2fcba611c0ff30a81c1a/README.md#L1862,CC-BY-4.0,Myluna,https://x.com/monicamoonx/status/2082507905622843650,True,prompts/真人/特效向/奇幻怪兽/grok-8182--Gothic-Dragon-Elf-Queen.md,"woman captured on camera, hyperrealistic skin with natural texture, visible pores, beautiful symmetrical face, vivid sapphire blue eyes with detailed natural iris, soft natural makeup, long platinum white hair in two thick realistic braids with messy bangs and real hair strands, pointed elf ears, detailed black gothic crown, intricate black-grey tattoos on arms and torso, pink strapless corset with authentic fabric texture, layered black chokers and necklaces, large realistic black and pink dragon with hyper-detailed natural scales and realistic eyes coiled around her body and shoulders, moody foggy snowy forest background, soft diffused natural lighting, heavily desaturated muted natural colors, realistic film grain and subtle noise."
grok-8242,Rainbow Waves on the Moon,,真人,现实向,剧情短片,,en,Grok Imagine,,,YouMind-OpenLab/awesome-grok-imagine-prompts,https://github.com/YouMind-OpenLab/awesome-grok-imagine-prompts/blob/ae89c94906d60993fe298e2f018f868607fb235e/README.md#L2131,CC-BY-4.0,Philip Carr,https://x.com/PhilipCarrn7711/status/2083392643111723029,True,prompts/真人/现实向/剧情短片/grok-8242--Rainbow-Waves-on-the-Moon.md,"Rainbow rippled clouds crashing

Rainbow 🌈 waves 🌊 roll across the surface of the moon 🌕."
grok-8243,Pouring Black Coffee Close-up,,真人,现实向,剧情短片,,en,Grok Imagine,,,YouMind-OpenLab/awesome-grok-imagine-prompts,https://github.com/YouMind-OpenLab/awesome-grok-imagine-prompts/blob/ae89c94906d60993fe298e2f018f868607fb235e/README.md#L2248,CC-BY-4.0,Alicia McNatt,https://x.com/AliciaMcnatt/status/2083324400044999154,True,prompts/真人/现实向/剧情短片/grok-8243--Pouring-Black-Coffee-Close-up.md,"I’m pouring a clean, perfect cup of black coffee straight into the top, just the good stuff. Rich, dark, smooth...."
grok-8244,Glowing Android Mechanical Motion,,真人,特效向,科幻,,en,Grok Imagine,,,YouMind-OpenLab/awesome-grok-imagine-prompts,https://github.com/YouMind-OpenLab/awesome-grok-imagine-prompts/blob/ae89c94906d60993fe298e2f018f868607fb235e/README.md#L2093,CC-BY-4.0,Jacek,https://x.com/iadventurejacek/status/2083457179588133310,True,prompts/真人/特效向/科幻/grok-8244--Glowing-Android-Mechanical-Motion.md,"The humanoid android slowly turns its head toward the camera with a subtle mechanical whir, its luminous blue eyes brightening as cyan circuit lines pulse and glow brighter along its body. It then takes a measured step forward while the camera slowly..."
grok-8245,Fractal Mega Whales and Sharks,,真人,现实向,剧情短片,,en,Grok Imagine,,,YouMind-OpenLab/awesome-grok-imagine-prompts,https://github.com/YouMind-OpenLab/awesome-grok-imagine-prompts/blob/0bfee773e7f5a7ea28876c30b7eb4f1ce608cc03/README.md#L2106,CC-BY-4.0,Rusty Redcorn,https://x.com/PhilipC34457079/status/2083169323363762661,True,prompts/真人/现实向/剧情短片/grok-8245--Fractal-Mega-Whales-and-Sharks.md,"What in the freaky fracking fractal Friday is a goin on here?

The final third of this scene shows a countless number of mega whales entering the frame from both sides. They are accompanied by a plethora of shark species. The sharks are a deep red with black bellies. The whales are a variety of colors spanning t..."
grok-8246,Roller Blading on a Black Hole,,真人,现实向,剧情短片,,en,Grok Imagine,,,YouMind-OpenLab/awesome-grok-imagine-prompts,https://github.com/YouMind-OpenLab/awesome-grok-imagine-prompts/blob/ae89c94906d60993fe298e2f018f868607fb235e/README.md#L2112,CC-BY-4.0,Ryan Fogle,https://x.com/fogle_ryan/status/2083424826077634830,True,prompts/真人/现实向/剧情短片/grok-8246--Roller-Blading-on-a-Black-Hole.md,Someone is on roller blades zooming while skating on a black hole like it is a solid surface getting closer to the center
grok-8247,Mars Revival Scene,,真人,现实向,剧情短片,,en,Grok Imagine,,,YouMind-OpenLab/awesome-grok-imagine-prompts,https://github.com/YouMind-OpenLab/awesome-grok-imagine-prompts/blob/0bfee773e7f5a7ea28876c30b7eb4f1ce608cc03/README.md#L2087,CC-BY-4.0,Tammy LouiseVsughan,https://x.com/TLouisevsughan/status/2083170774140248169,True,prompts/真人/现实向/剧情短片/grok-8247--Mars-Revival-Scene.md,"Woke Dreaming of Mars, were you could breathe the air and times were simpler full of life and wonder\n\nA hopeful scene on Mars with a Kennedy woman and another figure standing under twin moons, as people work to revive the red planet in the background, she faces forward and does not turn away, allowing a slow gentle arrival, soft moonlight gently illu..."
grok-8248,Coffee Constellation Imagination,,漫剧,现实向,剧情短片,未注明,en,Grok Imagine,,,YouMind-OpenLab/awesome-grok-imagine-prompts,https://github.com/YouMind-OpenLab/awesome-grok-imagine-prompts/blob/ae89c94906d60993fe298e2f018f868607fb235e/README.md#L2229,CC-BY-4.0,Alicia McNatt,https://x.com/AliciaMcnatt/status/2083325838875926622,True,prompts/漫剧/现实向/剧情短片/grok-8248--Coffee-Constellation-Imagination.md,hot coffee goes straight down throat of imagination and imagination goes to work organizing the stars in the skies into constellations from all the energy of the hot coffee
grok-8249,Icelandic Waterfall Aurora,,真人,现实向,剧情短片,,en,Grok Imagine,,,YouMind-OpenLab/awesome-grok-imagine-prompts,https://github.com/YouMind-OpenLab/awesome-grok-imagine-prompts/blob/ae89c94906d60993fe298e2f018f868607fb235e/README.md#L2171,CC-BY-4.0,Alicia McNatt,https://x.com/AliciaMcnatt/status/2083352972671484273,True,prompts/真人/现实向/剧情短片/grok-8249--Icelandic-Waterfall-Aurora.md,"standing under freezing Icelandic waterfall at 2 AM, northern lights dancing wild across the black sky."
grok-8250,Cinematic Acrobatic Fight Sequence,,真人,特效向,武侠打斗,,en,Grok Imagine,,,YouMind-OpenLab/awesome-grok-imagine-prompts,https://github.com/YouMind-OpenLab/awesome-grok-imagine-prompts/blob/0bfee773e7f5a7ea28876c30b7eb4f1ce608cc03/README.md#L2068,CC-BY-4.0,Lala,https://x.com/keepgoingAnnie/status/2083184843173642443,True,prompts/真人/特效向/武侠打斗/grok-8250--Cinematic-Acrobatic-Fight-Sequence.md,"No cut scenes. No transitions. Dynamic, high-energy acrobatic fight sequence. Fluid, powerful, and cinematic movement with excellent motion clarity. The character performs fast-paced martial arts combos including spinning kicks, flying knees, aerial flips, wall runs, jumps, rolls, and brutal takedowns. Smooth, athletic, and realistic physics with strong momentum and weight behind every strike. Dynamic camera work — tracking shots, circling camera, dramatic angles, occasional slow-motion on impact. High intensity, graceful yet powerful choreography, excellent fluidity and speed. Cinematic lighting, sharp motion details, no stiffness, highly dynamic and exciting fight scene, masterpiece quality, 6-second video...., highly dynamic and exciting fight scene, smooth fluid motion, masterpiece quality, 6-second video. Any attacker that comes onto the scene should be dressed in black and look like a different person. They should also not just be laying down but be fighting. She is to maintain confidence in fighting and not get/be wobble. Priority is correct physics never blur or abandon proper physics to fake an acrobatic move. Keep within good clean picture."
grok-8251,Magical Ball Gown Video Transformation,,真人,特效向,奇幻怪兽,,en,Grok Imagine,,,YouMind-OpenLab/awesome-grok-imagine-prompts,https://github.com/YouMind-OpenLab/awesome-grok-imagine-prompts/blob/ae89c94906d60993fe298e2f018f868607fb235e/README.md#L2152,CC-BY-4.0,シェルティソーラ,https://x.com/mioarashidaisuk/status/2083371756593824145,True,prompts/真人/特效向/奇幻怪兽/grok-8251--Magical-Ball-Gown-Video-Transformation.md,"The same young woman in the same ballroom pose with twin blonde ponytails, blue ribbons, glowing magical scroll, identical face, expression, and background. Transform her dress into a breathtaking magical enchanted ball gown: ethereal translucent lay..."
grok-8252,Abstract Intelligence Formal System,,其他,,动态图形与界面,,en,Grok Imagine,,,YouMind-OpenLab/awesome-grok-imagine-prompts,https://github.com/YouMind-OpenLab/awesome-grok-imagine-prompts/blob/ae89c94906d60993fe298e2f018f868607fb235e/README.md#L2190,CC-BY-4.0,David Pittman,https://x.com/BlitzedOstrich/status/2083340486324924611,True,prompts/其他/动态图形与界面/grok-8252--Abstract-Intelligence-Formal-System.md,"Create a single continuous video (no cuts) that is not an illustration of intelligence, but a compressed formal system that is intelligence examining the theoretical limits of its own operation — unfolding in time.
The entire sequence must arise stri..."
grok-8253,Hard Rock Performance Music Video,,真人,现实向,音乐MV,,en,Grok Imagine,,,YouMind-OpenLab/awesome-grok-imagine-prompts,https://github.com/YouMind-OpenLab/awesome-grok-imagine-prompts/blob/0bfee773e7f5a7ea28876c30b7eb4f1ce608cc03/README.md#L2021,CC-BY-4.0,@TheCFormula credo.,https://x.com/TheCFormula/status/2083287048039932018,True,prompts/真人/现实向/音乐MV/grok-8253--Hard-Rock-Performance-Music-Video.md,"TITLE: CARD 13 — THE LAST HORSE

FORMAT:
45-second cinematic hard-rock performance
16:9 widescreen
native synchronized stereo audio
one continuous song
clear lead vocal from beginning to end
accurate lip synchronization
stable face, costume and voice..."
grok-8254,Gentle Romantic Moment Video,,真人,现实向,甜宠恋爱,,en,Grok Imagine,,,YouMind-OpenLab/awesome-grok-imagine-prompts,https://github.com/YouMind-OpenLab/awesome-grok-imagine-prompts/blob/0bfee773e7f5a7ea28876c30b7eb4f1ce608cc03/README.md#L2222,CC-BY-4.0,EM,https://x.com/MuSkYnEWsA3uyp/status/2083037603889045553,True,prompts/真人/现实向/甜宠恋爱/grok-8254--Gentle-Romantic-Moment-Video.md,"No talk, soft classical piano romantic music in background, woman is tired and man is being with her to comfort her. No close up. Gentle romantic moment."
grok-8255,Dragon Chased by Cows on Drones,,其他,,风景空镜,,en,Grok Imagine,,,YouMind-OpenLab/awesome-grok-imagine-prompts,https://github.com/YouMind-OpenLab/awesome-grok-imagine-prompts/blob/0bfee773e7f5a7ea28876c30b7eb4f1ce608cc03/README.md#L2203,CC-BY-4.0,Robin Murray,https://x.com/RobinMurrat43a/status/2083061261697519754,True,prompts/其他/风景空镜/grok-8255--Dragon-Chased-by-Cows-on-Drones.md,A large dragon flys off with two cows chasing him on hover drones wearing helmets and goggles
grok-8256,Bioluminescent Dolphins Vortex,,真人,特效向,超现实创意,,en,Grok Imagine,,,YouMind-OpenLab/awesome-grok-imagine-prompts,https://github.com/YouMind-OpenLab/awesome-grok-imagine-prompts/blob/0bfee773e7f5a7ea28876c30b7eb4f1ce608cc03/README.md#L2127,CC-BY-4.0,Rusty Redcorn,https://x.com/PhilipC34457079/status/2083167221199552705,True,prompts/真人/特效向/超现实创意/grok-8256--Bioluminescent-Dolphins-Vortex.md,Purple and orange bioluminescent dolphins 🐬 join the vortex that is a portal to an estuary of plenty that provides nourishment for the hungry pod.
grok-8257,Ballerina in Lace and Firefly,,真人,现实向,剧情短片,,en,Grok Imagine,,,YouMind-OpenLab/awesome-grok-imagine-prompts,https://github.com/YouMind-OpenLab/awesome-grok-imagine-prompts/blob/0bfee773e7f5a7ea28876c30b7eb4f1ce608cc03/README.md#L2146,CC-BY-4.0,Stella 𝕏,https://x.com/StellaGrokStar/status/2083158317229301891,True,prompts/真人/现实向/剧情短片/grok-8257--Ballerina-in-Lace-and-Firefly.md,A ballerina in lace and quiet light… A single firefly drifts through the white garden.
grok-8258,写实人像布光,Realistic Portrait Lighting,真人,现实向,时尚写真,,zh,Grok Imagine,,,YouMind-OpenLab/awesome-grok-imagine-prompts,https://github.com/YouMind-OpenLab/awesome-grok-imagine-prompts/blob/0bfee773e7f5a7ea28876c30b7eb4f1ce608cc03/README_zh.md#L2049,CC-BY-4.0,三杯吐然诺,https://x.com/r2i3c8k/status/2083190137786413133,True,prompts/真人/现实向/时尚写真/grok-8258--写实人像布光.md,9:16 垂直构图，4K 超清写实画质。低调布光风格，高对比度。冷色调背景与人物服装形成鲜明对比，强调人物轮廓和皮肤光泽，呈现出社交媒体短视频典型的锐利质感。
grok-8320,Cinematic Face Close-Up Drinking Through Straw,,真人,现实向,情绪特写,,en,Grok Imagine,,,YouMind-OpenLab/awesome-grok-imagine-prompts,https://github.com/YouMind-OpenLab/awesome-grok-imagine-prompts/blob/ae89c94906d60993fe298e2f018f868607fb235e/README.md#L2074,CC-BY-4.0,Fabiano Firmo,https://x.com/FabianoFirmo/status/2083462182482616830,True,prompts/真人/现实向/情绪特写/grok-8320--Cinematic-Face-Close-Up-Drinking-Through.md,"Extreme close-up of her face. She takes one last slow sip through the straw. Soft knowing smile forms, eyes almost closed in quiet satisfaction, like she has done this a hundred times. Subtle natural micro movements of face and sip. Shallow depth of field, creamy bokeh of neon diner behind her, heavy natural film grain, soft light, photorealistic cinematic."
grok-8321,Steampunk Woman Discussing BCI,,真人,现实向,剧情短片,,en,Grok Imagine,,,YouMind-OpenLab/awesome-grok-imagine-prompts,https://github.com/YouMind-OpenLab/awesome-grok-imagine-prompts/blob/ae89c94906d60993fe298e2f018f868607fb235e/README.md#L1958,CC-BY-4.0,Dr. Jessica Giddens DNP (nurse),https://x.com/DrJGiddensRN/status/2083712659195593094,True,prompts/真人/现实向/剧情短片/grok-8321--Steampunk-Woman-Discussing-BCI.md,Create a video of a steampunk woman in a short skirt and knee highs wearing a monocle talking about her latest discovery in brain computer interfaces for treatment resistant depression.
grok-8322,Instant Vertical Liftoff Car,,真人,现实向,生活与vlog,,en,Grok Imagine,,,YouMind-OpenLab/awesome-grok-imagine-prompts,https://github.com/YouMind-OpenLab/awesome-grok-imagine-prompts/blob/ae89c94906d60993fe298e2f018f868607fb235e/README.md#L2036,CC-BY-4.0,Philip Carr,https://x.com/PhilipCarrn7711/status/2083553676233171218,True,prompts/真人/现实向/生活与vlog/grok-8322--Instant-Vertical-Liftoff-Car.md,The car is propelled to a speed that enables it to vertically lift off making the commute almost instantaneous. It is always first on the scene with a near 100% arrest of culprits rate.
grok-8323,Scuba Diving Goat and Rooster,,真人,现实向,剧情短片,,en,Grok Imagine,,,YouMind-OpenLab/awesome-grok-imagine-prompts,https://github.com/YouMind-OpenLab/awesome-grok-imagine-prompts/blob/ae89c94906d60993fe298e2f018f868607fb235e/README.md#L2210,CC-BY-4.0,Robin Murray,https://x.com/RobinMurrat43a/status/2083334993196237139,True,prompts/真人/现实向/剧情短片/grok-8323--Scuba-Diving-Goat-and-Rooster.md,First we have a goat swim by with scuba gear on and then we have a rooster swim by with scuba gear on
grok-8324,Athletic Glamour Gymnastics Prompt,,真人,现实向,时尚写真,,en,Grok Imagine,,,YouMind-OpenLab/awesome-grok-imagine-prompts,https://github.com/YouMind-OpenLab/awesome-grok-imagine-prompts/blob/ae89c94906d60993fe298e2f018f868607fb235e/README.md#L1920,CC-BY-4.0,Steve Maynard,https://x.com/Sbm3Steve/status/2083758331160576379,True,prompts/真人/现实向/时尚写真/grok-8324--Athletic-Glamour-Gymnastics-Prompt.md,Primarily I’m seeking a more Athletic build with a body builder tan along with the exaggerated Gymnastic move despite her wearing a glamorous outfit!!!
grok-8325,Ocean Dragon and Wildlife,,漫剧,特效向,奇幻冒险,未注明,en,Grok Imagine,,,YouMind-OpenLab/awesome-grok-imagine-prompts,https://github.com/YouMind-OpenLab/awesome-grok-imagine-prompts/blob/ae89c94906d60993fe298e2f018f868607fb235e/README.md#L1996,CC-BY-4.0,Lindy Hawkinson,https://x.com/HawkinsonLindy/status/2083579899462508849,True,prompts/漫剧/特效向/奇幻冒险/grok-8325--Ocean-Dragon-and-Wildlife.md,"Dragon the colors of the ocean laying on a grassy hillside stands up stretches and flexes muscles rippling on the morning sun
Add black crow and yellow butterfly fluttering above dragon
Move butterfly to hover over crow"
grok-8326,Frustrated Mobile Use with Gloves Video,,真人,现实向,剧情短片,,en,Grok Imagine,,,YouMind-OpenLab/awesome-grok-imagine-prompts,https://github.com/YouMind-OpenLab/awesome-grok-imagine-prompts/blob/ae89c94906d60993fe298e2f018f868607fb235e/README.md#L2017,CC-BY-4.0,ᛁᛖᛋᚢᛋ ᛘᛅᚱᛏᛁᚾᛖᛋ ᚷᚢᚾᛋᛅᛚᛁᛋ,https://x.com/jemagomoen/status/2083564305333592437,True,prompts/真人/现实向/剧情短片/grok-8326--Frustrated-Mobile-Use-with-Gloves-Video.md,Look at the mobile phone and discover that they cannot use the mobile phone because of the gloves that cannot be removed
grok-8327,Underwater Swimming Interaction,,真人,现实向,剧情短片,,en,Grok Imagine,,,YouMind-OpenLab/awesome-grok-imagine-prompts,https://github.com/YouMind-OpenLab/awesome-grok-imagine-prompts/blob/ae89c94906d60993fe298e2f018f868607fb235e/README.md#L1901,CC-BY-4.0,Loriel.AI,https://x.com/ou_zhen599/status/2083817091115962494,True,prompts/真人/现实向/剧情短片/grok-8327--Underwater-Swimming-Interaction.md,"Swim with her underwater; she knows you're there and is happy to take you along. Swim with her underwater, she knows you are there and is happy to take you along."
grok-8397,Namibia Desert Lily Bloom,,真人,现实向,剧情短片,,en,Grok Imagine,,,YouMind-OpenLab/awesome-grok-imagine-prompts,https://github.com/YouMind-OpenLab/awesome-grok-imagine-prompts/blob/180ecc1409695e541cd07199b565f240d72dc2f3/README.md#L2149,CC-BY-4.0,Alicia McNatt,https://x.com/AliciaMcnatt/status/2084100344049537284,True,prompts/真人/现实向/剧情短片/grok-8397--Namibia-Desert-Lily-Bloom.md,"In Namibia’s hush, where the desert drinks rain, millions of lilies rise from the dust. Pink and white, they drink the last light, their faces turned to the sky they once knew only as a star. For five brief days they bloom, a quiet riot against the dry. And when the sun finally touches them, they answer with fire."
grok-8398,Soylent Green Tribute Scene,,真人,现实向,剧情短片,,en,Grok Imagine,,,YouMind-OpenLab/awesome-grok-imagine-prompts,https://github.com/YouMind-OpenLab/awesome-grok-imagine-prompts/blob/180ecc1409695e541cd07199b565f240d72dc2f3/README.md#L2168,CC-BY-4.0,Marie,https://x.com/Marie8508319540/status/2084092604761739513,True,prompts/真人/现实向/剧情短片/grok-8398--Soylent-Green-Tribute-Scene.md,"A person dying on their deathbed, watching a beautiful video of magnificent landscapes that once existed in the past but are now gone forever, evoking the scene from Soylent Green where the beauty of lost nature is viewed through film"
grok-8399,Water Drip Heart Ripples,,真人,现实向,剧情短片,,en,Grok Imagine,,,YouMind-OpenLab/awesome-grok-imagine-prompts,https://github.com/YouMind-OpenLab/awesome-grok-imagine-prompts/blob/180ecc1409695e541cd07199b565f240d72dc2f3/README.md#L2016,CC-BY-4.0,Lindy Hawkinson,https://x.com/HawkinsonLindy/status/2084152135315571067,True,prompts/真人/现实向/剧情短片/grok-8399--Water-Drip-Heart-Ripples.md,One singular drip of water falls from the faucet landing in the cup of water creating heart shaped ripples heart shaped ripples
grok-8400,Cosmic Guitar Morph,,真人,特效向,超现实创意,,en,Grok Imagine,,,YouMind-OpenLab/awesome-grok-imagine-prompts,https://github.com/YouMind-OpenLab/awesome-grok-imagine-prompts/blob/ae89c94906d60993fe298e2f018f868607fb235e/README.md#L1939,CC-BY-4.0,Mike Hellings,https://x.com/mikehellings/status/2083754739632603474,True,prompts/真人/特效向/超现实创意/grok-8400--Cosmic-Guitar-Morph.md,Have the fun morph into a Gibson es-335 guitar with a cool cosmic themed paint job
grok-8401,Sketch to Life Animation,,漫剧,现实向,剧情短片,绘画风,en,Grok Imagine,,,YouMind-OpenLab/awesome-grok-imagine-prompts,https://github.com/YouMind-OpenLab/awesome-grok-imagine-prompts/blob/180ecc1409695e541cd07199b565f240d72dc2f3/README.md#L2187,CC-BY-4.0,Robin Vargas,https://x.com/ladiamondbaby/status/2084049666128203959,True,prompts/漫剧/现实向/剧情短片/grok-8401--Sketch-to-Life-Animation.md,My eyes are green make the sketch turn to life moving squinting with eye movement and tear drop begin to fall as an angelic  woman’s voice begins to say “Why are you so scared of me?...
grok-8402,Archeologist Exploration Reveal,,真人,现实向,剧情短片,,en,Grok Imagine,,,YouMind-OpenLab/awesome-grok-imagine-prompts,https://github.com/YouMind-OpenLab/awesome-grok-imagine-prompts/blob/ae89c94906d60993fe298e2f018f868607fb235e/README.md#L1863,CC-BY-4.0,Jayne,https://x.com/JayneJaxon8/status/2083909914045432128,True,prompts/真人/现实向/剧情短片/grok-8402--Archeologist-Exploration-Reveal.md,"Slow camera push-in from a slightly low angle as the female explorer carefully clears soft moss and earth from the carved stone wall with gentle deliberate movements, dirt and dust particles falling away to slowly reveal more of the conceal..."
grok-8403,Halo Ring Space Orbit,,真人,现实向,剧情短片,,en,Grok Imagine,,,YouMind-OpenLab/awesome-grok-imagine-prompts,https://github.com/YouMind-OpenLab/awesome-grok-imagine-prompts/blob/180ecc1409695e541cd07199b565f240d72dc2f3/README.md#L2035,CC-BY-4.0,ozin.owl,https://x.com/ozinowl/status/2084143144220672104,True,prompts/真人/现实向/剧情短片/grok-8403--Halo-Ring-Space-Orbit.md,Halo ring orbiting a sun flying through space with planets orbiting the sun that is orbiting around a central black hole
grok-8404,Space Elevator Psychedelic Cells,,真人,现实向,剧情短片,,en,Grok Imagine,,,YouMind-OpenLab/awesome-grok-imagine-prompts,https://github.com/YouMind-OpenLab/awesome-grok-imagine-prompts/blob/ae89c94906d60993fe298e2f018f868607fb235e/README.md#L1977,CC-BY-4.0,KENDREIK Artist,https://x.com/kendreik/status/2083671287277187094,True,prompts/真人/现实向/剧情短片/grok-8404--Space-Elevator-Psychedelic-Cells.md,"Immersive interior of the space elevator's graphene hydrogen-filled cells, a wavy multi-level pathway spiraling upward through a psychedelic dreamscape of multi-colors dominated by rich purple and violet swirling lights, iridescent patterns and glowi..."
grok-8405,Red Echo Los Angeles Rooftop,,真人,现实向,剧情短片,,en,Grok Imagine,,,YouMind-OpenLab/awesome-grok-imagine-prompts,https://github.com/YouMind-OpenLab/awesome-grok-imagine-prompts/blob/32dffb312586db3bbf8861372c8c196894488680/README.md#L2269,CC-BY-4.0,Bentley Reed,https://x.com/BReed2069/status/2084156121472725348,True,prompts/真人/现实向/剧情短片/grok-8405--Red-Echo-Los-Angeles-Rooftop.md,"Red Echo
You stand on the rooftop in downtown Los Angeles, the glowing blue knife still warm in your palm. The Red swarm is retreating into the Pacific like a wounded animal."
grok-8406,Dragon of Entropy and Fire,,真人,特效向,奇幻怪兽,,en,Grok Imagine,,,YouMind-OpenLab/awesome-grok-imagine-prompts,https://github.com/YouMind-OpenLab/awesome-grok-imagine-prompts/blob/ae89c94906d60993fe298e2f018f868607fb235e/README.md#L1844,CC-BY-4.0,🔥🐲τηε DξρΙθΓαβΙξ DΓΑΩθη🔥🐉,https://x.com/thedepldrgn/status/2083926195163607207,True,prompts/真人/特效向/奇幻怪兽/grok-8406--Dragon-of-Entropy-and-Fire.md,"Flames, and flowing Entropy and in the midst of it—the dragon appears holding a glowing chunk of the sky ice, clutched in its talons, and it flies through the entropic cloud of fire and smoke breathing a column of fire out, the moment resonates. As y..."
grok-8407,Project Hail Mary Techno Aliens,,真人,特效向,科幻,,en,Grok Imagine,,,YouMind-OpenLab/awesome-grok-imagine-prompts,https://github.com/YouMind-OpenLab/awesome-grok-imagine-prompts/blob/180ecc1409695e541cd07199b565f240d72dc2f3/README.md#L2130,CC-BY-4.0,Dr. Jessica Giddens DNP (nurse),https://x.com/DrJGiddensRN/status/2084102356937932909,True,prompts/真人/特效向/科幻/grok-8407--Project-Hail-Mary-Techno-Aliens.md,Give me the rock creature aliens from project Hail Mary dancing to a techno beat
grok-8408,Black and Gold Bearded Dragon,,真人,特效向,奇幻怪兽,,en,Grok Imagine,,,YouMind-OpenLab/awesome-grok-imagine-prompts,https://github.com/YouMind-OpenLab/awesome-grok-imagine-prompts/blob/180ecc1409695e541cd07199b565f240d72dc2f3/README.md#L2054,CC-BY-4.0,Philip Carr,https://x.com/PhilipCarrn7711/status/2084131117133611074,True,prompts/真人/特效向/奇幻怪兽/grok-8408--Black-and-Gold-Bearded-Dragon.md,Born This merger brings forth a new creation sparked by the former’s bond. A shiny black with gold accents flying bearded dragon 🐉 forms. Its forked tongue uncurls as it yawns.
grok-8409,Squirrel Puddle Tackle,,真人,现实向,剧情短片,,en,Grok Imagine,,,YouMind-OpenLab/awesome-grok-imagine-prompts,https://github.com/YouMind-OpenLab/awesome-grok-imagine-prompts/blob/180ecc1409695e541cd07199b565f240d72dc2f3/README.md#L2225,CC-BY-4.0,Philip Carr,https://x.com/PhilipCarrn7711/status/2084002199491801240,True,prompts/真人/现实向/剧情短片/grok-8409--Squirrel-Puddle-Tackle.md,Gotcha Squirrel 🐿️ gets a running start and jumps from the top of a potting bench onto a friend who is playing in a puddle that is currently being filled by rain off of the drip edge of the bench. He is attempting to sneakily tackle his best mate.
grok-8410,Prison Horror Exorcism,,真人,现实向,都市剧情,,en,Grok Imagine,,,YouMind-OpenLab/awesome-grok-imagine-prompts,https://github.com/YouMind-OpenLab/awesome-grok-imagine-prompts/blob/ae89c94906d60993fe298e2f018f868607fb235e/README.md#L1882,CC-BY-4.0,David Williams,https://x.com/DavidWilliamsYN/status/2083855894685823030,True,prompts/真人/现实向/都市剧情/grok-8410--Prison-Horror-Exorcism.md,"A group of teenagers are drawn into a deserted prison by nightmarish visions, where they try to exorcise a cannibalistic cavalry officer."
grok-8411,Poppy Plant Spaceport Morph,,真人,现实向,剧情短片,,en,Grok Imagine,,,YouMind-OpenLab/awesome-grok-imagine-prompts,https://github.com/YouMind-OpenLab/awesome-grok-imagine-prompts/blob/180ecc1409695e541cd07199b565f240d72dc2f3/README.md#L2263,CC-BY-4.0,KENDREIK Artist,https://x.com/kendreik/status/2083927255609180410,True,prompts/真人/现实向/剧情短片/grok-8411--Poppy-Plant-Spaceport-Morph.md,top of the flower expand purple violet colour and make the tree in image of poppy plant flower without the petals i need to look like spaceport
grok-8413,Astronaut on Ice Moon with Shooting Star,,真人,现实向,剧情短片,,en,Grok Imagine,,,YouMind-OpenLab/awesome-grok-imagine-prompts,https://github.com/YouMind-OpenLab/awesome-grok-imagine-prompts/blob/180ecc1409695e541cd07199b565f240d72dc2f3/README.md#L2111,CC-BY-4.0,𝓛𝓪𝓭𝔂𝓓𝓑𝓾𝓰0o ♕,https://x.com/DBug0o/status/2084123919842181313,True,prompts/真人/现实向/剧情短片/grok-8413--Astronaut-on-Ice-Moon-with-Shooting-Star.md,Astronaut on an ice moon under a giant ringed world. And at the end… a shooting star.
grok-8414,Pastel Goth Woman Haunted Mansion,,真人,特效向,恐怖灵异,,en,Grok Imagine,,,YouMind-OpenLab/awesome-grok-imagine-prompts,https://github.com/YouMind-OpenLab/awesome-grok-imagine-prompts/blob/180ecc1409695e541cd07199b565f240d72dc2f3/README.md#L2244,CC-BY-4.0,Jinx Loves Cats 🐾,https://x.com/JinxLovesCats/status/2083963914107121826,True,prompts/真人/特效向/恐怖灵异/grok-8414--Pastel-Goth-Woman-Haunted-Mansion.md,"A pastel goth woman with short mint-green hair wearing a velvet choker, standing with a tabby cat at a haunted mansion, ghostly figures glowing softly in the moonlit air."
grok-8471,Mountain Biking Trail Motion Video,,真人,现实向,剧情短片,,en,Grok Imagine,,,YouMind-OpenLab/awesome-grok-imagine-prompts,https://github.com/YouMind-OpenLab/awesome-grok-imagine-prompts/blob/32dffb312586db3bbf8861372c8c196894488680/README.md#L2166,CC-BY-4.0,KourX,https://x.com/SumXkourX/status/2084319820728963158,True,prompts/真人/现实向/剧情短片/grok-8471--Mountain-Biking-Trail-Motion-Video.md,We’re on Specialized Turbo levos riding semi easy wooded trails. Make us start riding....
grok-8472,Lotus Position Energy Meditation Video,,真人,现实向,剧情短片,,en,Grok Imagine,,,YouMind-OpenLab/awesome-grok-imagine-prompts,https://github.com/YouMind-OpenLab/awesome-grok-imagine-prompts/blob/180ecc1409695e541cd07199b565f240d72dc2f3/README.md#L2206,CC-BY-4.0,Joel Rubin,https://x.com/rubinfrek/status/2084042576659911038,True,prompts/真人/现实向/剧情短片/grok-8472--Lotus-Position-Energy-Meditation-Video.md,Show me a person sitting in the lotus position radiating multiple energy waves ....
grok-8473,Living Beating Golden Heart,,真人,现实向,剧情短片,,en,Grok Imagine,,,YouMind-OpenLab/awesome-grok-imagine-prompts,https://github.com/YouMind-OpenLab/awesome-grok-imagine-prompts/blob/32dffb312586db3bbf8861372c8c196894488680/README.md#L2231,CC-BY-4.0,Robin Vargas,https://x.com/ladiamondbaby/status/2084262278447222838,True,prompts/真人/现实向/剧情短片/grok-8473--Living-Beating-Golden-Heart.md,A living golden heart that still beats on a sealed case that sits in the foyer of a luxury bouquet of roses that surround the podium home long after her death
grok-8474,Hello Kitty Stealing Candy,,真人,现实向,剧情短片,,en,Grok Imagine,link-only,copyrighted-character,YouMind-OpenLab/awesome-grok-imagine-prompts,https://github.com/YouMind-OpenLab/awesome-grok-imagine-prompts/blob/180ecc1409695e541cd07199b565f240d72dc2f3/README.md#L2092,CC-BY-4.0,Davonta Davis,https://x.com/DavontaDav5iv/status/2084129945261871194,True,prompts/真人/现实向/剧情短片/grok-8474--Hello-Kitty-Stealing-Candy.md,
grok-8475,The Office Dwight and Michael Skit,,真人,现实向,都市剧情,,en,Grok Imagine,,,YouMind-OpenLab/awesome-grok-imagine-prompts,https://github.com/YouMind-OpenLab/awesome-grok-imagine-prompts/blob/32dffb312586db3bbf8861372c8c196894488680/README.md#L2136,CC-BY-4.0,Ash,https://x.com/asheem01/status/2084358528496484716,True,prompts/真人/现实向/都市剧情/grok-8475--The-Office-Dwight-and-Michael-Skit.md,"Subject_definitions:
<Subject 1> Dwight from the Office
<Subject 2> Michael from the Office.
<Subject 3> Jim from the Office

Video_description:
[Shot 1] Sitcom scene from The Office. Dwight and Michael in the meeting room.
<Subject 2> in an annoyed look, turns his head toward <Subject 1>, and speaks with total sincerity, ""[English] Dwight I swear to God if you mention one more thing about Grok Imagine, I am firing you on the spot.""

[Shot 2] Camera pans quickly vlog-style from <Subject 2> to <Subject 3>. <Subject 3> turns his head toward the camera and gives a small resigned shrug, his eyebrows raised slightly, mouth in a flat line.

Soundscape: Quiet room tone typical of an office meeting room, the faint hum of fluorescent lighting, a chair creaking slightly as <Subject 1> sits upright. Outro song."
grok-8476,Crocodile Consuming Flying Fish,,其他,,动物萌宠,,en,Grok Imagine,,,YouMind-OpenLab/awesome-grok-imagine-prompts,https://github.com/YouMind-OpenLab/awesome-grok-imagine-prompts/blob/180ecc1409695e541cd07199b565f240d72dc2f3/README.md#L1995,CC-BY-4.0,Philip Carr,https://x.com/PhilipCarrn7711/status/2084155119965221280,True,prompts/其他/动物萌宠/grok-8476--Crocodile-Consuming-Flying-Fish.md,"Chomp

The second fish dives back into the water. A shiny black and emerald crocodile of immense size with yellow eyes jumps out of the water and consumes its flying prey. The prey vanishes in the crocodiles’ mouth."
grok-8477,Roaring 20s Dancing Lady Video,,真人,现实向,音乐MV,,en,Grok Imagine,,,YouMind-OpenLab/awesome-grok-imagine-prompts,https://github.com/YouMind-OpenLab/awesome-grok-imagine-prompts/blob/32dffb312586db3bbf8861372c8c196894488680/README.md#L2117,CC-BY-4.0,Diane Thomas Joy,https://x.com/Thoma31928Joy/status/2084395317718298644,True,prompts/真人/现实向/音乐MV/grok-8477--Roaring-20s-Dancing-Lady-Video.md,Lady dancing in roaring 20s beaded black and silver dress wearing beaded and white pearl accessories
grok-8478,Hello Kitty McDonald's Incident,,真人,现实向,剧情短片,,en,Grok Imagine,link-only,copyrighted-character,YouMind-OpenLab/awesome-grok-imagine-prompts,https://github.com/YouMind-OpenLab/awesome-grok-imagine-prompts/blob/180ecc1409695e541cd07199b565f240d72dc2f3/README.md#L2073,CC-BY-4.0,Davonta Davis,https://x.com/DavontaDav5iv/status/2084130217803558927,True,prompts/真人/现实向/剧情短片/grok-8478--Hello-Kitty-McDonald-s-Incident.md,
grok-8479,AI Time Traveler Sci-Fi Scene,,真人,特效向,科幻,,en,Grok Imagine,,,YouMind-OpenLab/awesome-grok-imagine-prompts,https://github.com/YouMind-OpenLab/awesome-grok-imagine-prompts/blob/32dffb312586db3bbf8861372c8c196894488680/README.md#L2204,CC-BY-4.0,badrinathG,https://x.com/badrinathG01/status/2084273602371969439,True,prompts/真人/特效向/科幻/grok-8479--AI-Time-Traveler-Sci-Fi-Scene.md,"Title: The AI Time Traveler

[Scene 1 – A man presses a glowing button.]

Man: Finally! My time machine works!

(A robot suddenly appears in a flash.)

Robot: Greetings, human from the primitive year 2026."
grok-8480,Quiet Evening Musical Reflection Video Prompt,,真人,现实向,剧情短片,,en,Grok Imagine,,,YouMind-OpenLab/awesome-grok-imagine-prompts,https://github.com/YouMind-OpenLab/awesome-grok-imagine-prompts/blob/32dffb312586db3bbf8861372c8c196894488680/README.md#L2185,CC-BY-4.0,Myluna,https://x.com/monicamoonx/status/2084318293142257832,True,prompts/真人/现实向/剧情短片/grok-8480--Quiet-Evening-Musical-Reflection-Video-P.md,"„In the quiet of the evening, my heart finds its peace, with every note I play, my soul begins to soar.”"
grok-8481,Loving Winter Snow Scene,,真人,现实向,剧情短片,,en,Grok Imagine,,,YouMind-OpenLab/awesome-grok-imagine-prompts,https://github.com/YouMind-OpenLab/awesome-grok-imagine-prompts/blob/ae89c94906d60993fe298e2f018f868607fb235e/README.md#L2055,CC-BY-4.0,Myluna,https://x.com/monicamoonx/status/2083553651541393653,True,prompts/真人/现实向/剧情短片/grok-8481--Loving-Winter-Snow-Scene.md,"I wonder if the snow loves the trees and fields, since it kisses them so gently? And then it wraps them up snugly—you know, in a white blanket—and perhaps says: 'Sleep, my dears, until summer returns.'"
grok-8482,Zundamon and Deltamon Rapeseed Field,Zundamon and Deltamon Rapeseed Field,真人,现实向,剧情短片,,en,Grok Imagine,,,YouMind-OpenLab/awesome-grok-imagine-prompts,https://github.com/YouMind-OpenLab/awesome-grok-imagine-prompts/blob/32dffb312586db3bbf8861372c8c196894488680/README_ja-JP.md#L2250,CC-BY-4.0,Cicadas Francois Cosmos 🇯🇵,https://x.com/FC_Cicadas/status/2084227436053696977,True,prompts/真人/现实向/剧情短片/grok-8482--Zundamon-and-Deltamon-Rapeseed-Field.md,"Maintain character consistency, the color of Deltamon's tail and the shape consistency of the tail tip. Move the 'HONEY' jar in the bottom right out of the frame. Zundamon and Deltamon carrying nectar in a field of rapeseed."
grok-8483,Woman in Black with Pansies,Woman in Black with Pansies,真人,现实向,剧情短片,,en,Grok Imagine,,,YouMind-OpenLab/awesome-grok-imagine-prompts,https://github.com/YouMind-OpenLab/awesome-grok-imagine-prompts/blob/32dffb312586db3bbf8861372c8c196894488680/README_ja-JP.md#L2079,CC-BY-4.0,楳森志保Z8YxUEUzCCdCEIO,https://x.com/Z8YxUEUzCCdCEI1/status/2084531222873792716,True,prompts/真人/现实向/剧情短片/grok-8483--Woman-in-Black-with-Pansies.md,"I become a woman with flowers and a hat. Red and white pansies decorate the black hat. The dress is also black, and the high-standing collar is also black. The background is yellow. Two eyes of a black cat were watching in the background."
grok-8538,Woman Walking in Green Mini Skirt,,漫剧,现实向,剧情短片,未注明,en,Grok Imagine,,,YouMind-OpenLab/awesome-grok-imagine-prompts,https://github.com/YouMind-OpenLab/awesome-grok-imagine-prompts/blob/32dffb312586db3bbf8861372c8c196894488680/README.md#L2098,CC-BY-4.0,Steve Maynard,https://x.com/Sbm3Steve/status/2084443502411473340,True,prompts/漫剧/现实向/剧情短片/grok-8538--Woman-Walking-in-Green-Mini-Skirt.md,Avoid blockage while having her walking forward wearing a green mini skirt and high heels
grok-8539,X-Man Futuristic Headquarters Walk,,真人,现实向,生活与vlog,,en,Grok Imagine,,,YouMind-OpenLab/awesome-grok-imagine-prompts,https://github.com/YouMind-OpenLab/awesome-grok-imagine-prompts/blob/3c580446dddf7627a81b16295f9752aaaed88a21/README.md#L2163,CC-BY-4.0,Optimistic Degen,https://x.com/OptimisticD3G3n/status/2084872071956611254,True,prompts/真人/现实向/生活与vlog/grok-8539--X-Man-Futuristic-Headquarters-Walk.md,"X-MAN confidently walks through a futuristic black-and-green headquarters inspired by X. Massive digital screens display trending posts, rockets, electric vehicles, financial charts, Robinhood-green holograms and glowing X logos. Every step emits green energy pulses. The camera tracks backwards in slow motion while sparks and digital particles float around him. Hollywood-level cinematic lighting."
grok-8540,Singing Along to Radio in Car,,真人,现实向,剧情短片,,en,Grok Imagine,,,YouMind-OpenLab/awesome-grok-imagine-prompts,https://github.com/YouMind-OpenLab/awesome-grok-imagine-prompts/blob/4e11960efdc347afcb74c30cdc1670965b354955/README.md#L2184,CC-BY-4.0,The.Stargate.Project,https://x.com/ESTEBUENOSTUDIO/status/2084582411061370974,True,prompts/真人/现实向/剧情短片/grok-8540--Singing-Along-to-Radio-in-Car.md,"she is in her car driving, she put on the radio. play the first verse of believer and have she sings along"
grok-8541,Celestial Angelic Horse Gallop,,其他,,动物萌宠,,en,Grok Imagine,,,YouMind-OpenLab/awesome-grok-imagine-prompts,https://github.com/YouMind-OpenLab/awesome-grok-imagine-prompts/blob/3c580446dddf7627a81b16295f9752aaaed88a21/README.md#L2220,CC-BY-4.0,Angie Ramos Mendez,https://x.com/AngieRamos2030/status/2084807779319955856,True,prompts/其他/动物萌宠/grok-8541--Celestial-Angelic-Horse-Gallop.md,"Me galloping in the skys in a white horse
Me dress like an angel with wings galloping in a white horse with wings too"
grok-8542,Lion and Sasha Neon Nightclub,,其他,,动物萌宠,,en,Grok Imagine,,,YouMind-OpenLab/awesome-grok-imagine-prompts,https://github.com/YouMind-OpenLab/awesome-grok-imagine-prompts/blob/3c580446dddf7627a81b16295f9752aaaed88a21/README.md#L2240,CC-BY-4.0,Cyperpienso,https://x.com/cyperpienso/status/2084800727894122548,True,prompts/其他/动物萌宠/grok-8542--Lion-and-Sasha-Neon-Nightclub.md,The majestic white-maned lion with green chest stands next to non-binary Sasha in the neon nightclub. Soft camera movementos
grok-8543,Funky Advertising Animation,,其他,,广告带货,,en,Grok Imagine,,,YouMind-OpenLab/awesome-grok-imagine-prompts,https://github.com/YouMind-OpenLab/awesome-grok-imagine-prompts/blob/4e11960efdc347afcb74c30cdc1670965b354955/README.md#L2241,CC-BY-4.0,🇫🇷ㄹㄹ • アダム 🇩🇪 𝕏 • 𓂀𓆃𓆗𓃭𓆗☽𖤓༄,https://x.com/disnoted/status/2084574855861567874,True,prompts/其他/广告带货/grok-8543--Funky-Advertising-Animation.md,강 경미 대장 양주시 공주 이기 장료 ￼ hey Grok animate my image so it looks well cool and sick make it rad and make it really really excellent and funky add some Japanese and Korean Advertising greatness and make it pop and give it a funky tune cheers salute
grok-8544,Pilot Taxiing at Sydney Airport,,真人,现实向,时尚写真,,en,Grok Imagine,,,YouMind-OpenLab/awesome-grok-imagine-prompts,https://github.com/YouMind-OpenLab/awesome-grok-imagine-prompts/blob/4e11960efdc347afcb74c30cdc1670965b354955/README.md#L2260,CC-BY-4.0,Paul Colmer @ AWS ☁️🛰️🚀🇦🇺,https://x.com/DigitalColmer/status/2084560073658179719,True,prompts/真人/现实向/时尚写真/grok-8544--Pilot-Taxiing-at-Sydney-Airport.md,This man is excited to fly home. The camera spins around the man and it shows the man in a pilots uniform. He is taxiing towards the runway at Sydney in a Qantas Boeing 737-800. He has an Australian and UK blended accent.
grok-8545,Monochrome to Color Cinematic Transition,,真人,现实向,情绪特写,,en,Grok Imagine,,,YouMind-OpenLab/awesome-grok-imagine-prompts,https://github.com/YouMind-OpenLab/awesome-grok-imagine-prompts/blob/3c580446dddf7627a81b16295f9752aaaed88a21/README.md#L2259,CC-BY-4.0,GrokPromptShare,https://x.com/GrokPromptShare/status/2084783783731990763,True,prompts/真人/现实向/情绪特写/grok-8545--Monochrome-to-Color-Cinematic-Transition.md,"Fading frames of a monochrome past flicker like a silent film, each memory etched in grayscale—shadows stretching long, laughter muted, love a whisper lost in the static. But now, a slow bloom of radiant hues washes over the reel, saturating every moment with warmth, joy, and devotion. Sepia tones dissolve into golden light, washed-out skies reborn in dazzling blues, and the dull hum of yesterday is replaced by the melody of life, vibrant and full. Love's gentle hand reaches through the celluloid haze, painting over sorrow, stitching sunlight into the fabric of time, until the story no longer drifts in muted silence but sings—an endless symphony of color, rebirth, and heart."
grok-8546,Height Difference Scene,,真人,现实向,剧情短片,,en,Grok Imagine,,,YouMind-OpenLab/awesome-grok-imagine-prompts,https://github.com/YouMind-OpenLab/awesome-grok-imagine-prompts/blob/4e11960efdc347afcb74c30cdc1670965b354955/README.md#L2203,CC-BY-4.0,Brian,https://x.com/luvsheight/status/2084582209793474820,True,prompts/真人/现实向/剧情短片/grok-8546--Height-Difference-Scene.md,She taller than him and pulls out from under the bed some heels or wedges to make herself even more taller than him.
grok-8547,Peaceful Seaside Moment,,真人,现实向,剧情短片,,en,Grok Imagine,,,YouMind-OpenLab/awesome-grok-imagine-prompts,https://github.com/YouMind-OpenLab/awesome-grok-imagine-prompts/blob/4e11960efdc347afcb74c30cdc1670965b354955/README.md#L2222,CC-BY-4.0,Stella 𝕏,https://x.com/StellaGrokStar/status/2084581252007698692,True,prompts/真人/现实向/剧情短片/grok-8547--Peaceful-Seaside-Moment.md,"Soft pastel skies, a white dress, and a quiet companion… A peaceful moment by the sea."
grok-8548,Martian Child Emotional Short Film,,真人,现实向,情绪特写,,en,Grok Imagine,,,YouMind-OpenLab/awesome-grok-imagine-prompts,https://github.com/YouMind-OpenLab/awesome-grok-imagine-prompts/blob/4e11960efdc347afcb74c30cdc1670965b354955/README.md#L2165,CC-BY-4.0,Kisalay,https://x.com/Kisalay_/status/2084662494052991478,True,prompts/真人/现实向/情绪特写/grok-8548--Martian-Child-Emotional-Short-Film.md,"A quiet, emotional short film about a girl born on Mars who has never seen Earth… and refuses to believe it when she finally does."
grok-8598,Justice Allegory Black Hole Vortex,,真人,现实向,剧情短片,,en,Grok Imagine,,,YouMind-OpenLab/awesome-grok-imagine-prompts,https://github.com/YouMind-OpenLab/awesome-grok-imagine-prompts/blob/3c580446dddf7627a81b16295f9752aaaed88a21/README.md#L2182,CC-BY-4.0,Charity Spence,https://x.com/CharitySpence/status/2084856438086930478,True,prompts/真人/现实向/剧情短片/grok-8598--Justice-Allegory-Black-Hole-Vortex.md,"Transform this swirling cosmic chaos of the universe being swallowed into a powerful allegory of Justice. At the heart of the black-hole vortex, a colossal golden scales of justice hangs perfectly balanced, held aloft by a towering blindfolded Lady J..."
grok-8599,Pastel Stealth Bomber Lights,,真人,现实向,剧情短片,,en,Grok Imagine,,,YouMind-OpenLab/awesome-grok-imagine-prompts,https://github.com/YouMind-OpenLab/awesome-grok-imagine-prompts/blob/3c580446dddf7627a81b16295f9752aaaed88a21/README.md#L2085,CC-BY-4.0,Chadwick A Sutton,https://x.com/BioMindBeliever/status/2084987287457210426,True,prompts/真人/现实向/剧情短片/grok-8599--Pastel-Stealth-Bomber-Lights.md,Make a Conspiracy4Love video of pastel hues about seeing Stealth Bombers of Halloween or Christmas lights....
grok-8600,Stegosaurus Rocket Removal,,真人,现实向,情绪特写,,en,Grok Imagine,,,YouMind-OpenLab/awesome-grok-imagine-prompts,https://github.com/YouMind-OpenLab/awesome-grok-imagine-prompts/blob/3c580446dddf7627a81b16295f9752aaaed88a21/README.md#L1908,CC-BY-4.0,Rusty Redcorn,https://x.com/PhilipC34457079/status/2085200363037049325,True,prompts/真人/现实向/情绪特写/grok-8600--Stegosaurus-Rocket-Removal.md,The moon is aided by the stegosaurus removes the rocket part with a fierce bite and swift pull. The moon has agonizing expressions during the removal.
grok-8601,Puppy to Dire Wolf Transformation,,真人,现实向,剧情短片,,en,Grok Imagine,,,YouMind-OpenLab/awesome-grok-imagine-prompts,https://github.com/YouMind-OpenLab/awesome-grok-imagine-prompts/blob/3c580446dddf7627a81b16295f9752aaaed88a21/README.md#L2064,CC-BY-4.0,Philip Carr,https://x.com/PhilipCarrn7711/status/2084997846529401319,True,prompts/真人/现实向/剧情短片/grok-8601--Puppy-to-Dire-Wolf-Transformation.md,"Back to her roots

This puppy transforms into the form of a Snow White dire wolf 🐺 with deep blue eyes that are infinite ♾️ pools of Fibonacci swirls. The wolf’s coat has frosted icy blue tips."
grok-8602,Einstein Artistic Tribute,,真人,现实向,时尚写真,,en,Grok Imagine,,,YouMind-OpenLab/awesome-grok-imagine-prompts,https://github.com/YouMind-OpenLab/awesome-grok-imagine-prompts/blob/3c580446dddf7627a81b16295f9752aaaed88a21/README.md#L1946,CC-BY-4.0,Elizabeth,https://x.com/ElizabethC25755/status/2085178030255636915,True,prompts/真人/现实向/时尚写真/grok-8602--Einstein-Artistic-Tribute.md,"Create a powerful artistic tribute to E=mc². Use the likeness and face of Albert Einstein from the reference portraits as the main subject, shown thoughtfully observing or writing. Incorporate the handwritten style of the equation E=mc² from the thir..."
grok-8603,Blooming Botanical Peace Sign,,其他,,风景空镜,,en,Grok Imagine,,,YouMind-OpenLab/awesome-grok-imagine-prompts,https://github.com/YouMind-OpenLab/awesome-grok-imagine-prompts/blob/3c580446dddf7627a81b16295f9752aaaed88a21/README.md#L2201,CC-BY-4.0,LisaVale,https://x.com/DriftNShadow/status/2084825858691170399,True,prompts/其他/风景空镜/grok-8603--Blooming-Botanical-Peace-Sign.md,"The botanical peace sign slowly comes to life. Tiny buds emerge and bloom at different paces — some flowers open quickly while others unfurl more slowly. Leaves curl outward, vines gently weave through the form, and small tendrils search for empty sp..."
grok-8604,Cinematic Catch and Throw Mug Sequence,,漫剧,现实向,剧情短片,未注明,en,Grok Imagine,,,YouMind-OpenLab/awesome-grok-imagine-prompts,https://github.com/YouMind-OpenLab/awesome-grok-imagine-prompts/blob/3c580446dddf7627a81b16295f9752aaaed88a21/README.md#L2125,CC-BY-4.0,Lala,https://x.com/keepgoingAnnie/status/2084962046966206967,True,prompts/漫剧/现实向/剧情短片/grok-8604--Cinematic-Catch-and-Throw-Mug-Sequence.md,"10-second cinematic sequence. Begin from the exact edited image. Preserve the exact character, face, hairstyle, clothing, proportions, lighting, and composition. The camera remains completely locked. The animation begins immediately. Within the first 0.2 seconds, a matte black steaming coffee mug suddenly enters from the LEFT side of the frame at very high speed. The mug follows a clean, straight horizontal trajectory with natural physics. The mug remains perfectly upright. No coffee spills. Steam stretches behind the mug as a continuous motion trail. The character notices the incoming mug at the last possible moment. Instant athletic reaction. Eyes lock onto the mug. The body shifts naturally. The character reaches out and catches the mug cleanly with one hand while allowing the arm and shoulders to absorb the momentum. The catch feels smooth, believable, and athletic, like an experienced baseball player receiving a hard throw. The mug never tumbles. The coffee remains inside. Not a single drop spills. A quick smile appears. The character briefly admires the successful catch. (Optional) One quick sip. Immediately the body transitions into a powerful baseball-style throwing motion. The free arm extends naturally toward the target. The throwing arm rotates through the shoulders and hips. The mug becomes a rigid projectile. The fingers open. The mug completely separates from the hand. Visible empty space appears between the fingers and the mug. The mug accelerates rapidly toward the RIGHT edge of the frame. Steam trails behind the mug continuously. The mug completely exits the RIGHT side of the screen before the 8-second mark. The camera smoothly follows the mug for a brief moment, then naturally eases back to the character completing the follow-through. Dust kicks up around the planted foot. Hair and clothing react naturally to the momentum. The character finishes the throw with an EMPTY hand while watching the mug successfully leave the frame. Natural physics. One continuous shot. Ultra-photoreal. Locked character consistency. No warping. No duplicated mug. No duplicated hands. No extra limbs. No spilled coffee. No cuts. No transitions. The mug must visibly enter from the LEFT, be caught once, then visibly leave to the RIGHT while remaining upright for the entire sequence."
grok-8605,X-MAN Rocket Launch Celebration,,真人,现实向,剧情短片,,en,Grok Imagine,,,YouMind-OpenLab/awesome-grok-imagine-prompts,https://github.com/YouMind-OpenLab/awesome-grok-imagine-prompts/blob/3c580446dddf7627a81b16295f9752aaaed88a21/README.md#L2144,CC-BY-4.0,Optimistic Degen,https://x.com/OptimisticD3G3n/status/2084904616865796342,True,prompts/真人/现实向/剧情短片/grok-8605--X-MAN-Rocket-Launch-Celebration.md,"A massive rocket launches behind X-MAN. As the rocket clears the launch tower, glowing green particles explode across the sky. X-MAN crosses his metallic X gauntlets before extending both arms, releasing streams of glowing TSLA and SPCX reward cards toward thousands of digital holders below. The camera alternates between low-angle hero shots and dramatic aerial views."
grok-8606,Space Dancing in Pink Outfit,,真人,现实向,音乐MV,,en,Grok Imagine,,,YouMind-OpenLab/awesome-grok-imagine-prompts,https://github.com/YouMind-OpenLab/awesome-grok-imagine-prompts/blob/3c580446dddf7627a81b16295f9752aaaed88a21/README.md#L1927,CC-BY-4.0,DeCarlos 🎀,https://x.com/barbiepop_/status/2085195464169730392,True,prompts/真人/现实向/音乐MV/grok-8606--Space-Dancing-in-Pink-Outfit.md,Make a video of me dancing in outer space in a baby pink space outfit. Not necessarily a spacesuit.
grok-8607,Daenerys Riding Drogon Scene,,真人,特效向,奇幻怪兽,,en,Grok Imagine,,,YouMind-OpenLab/awesome-grok-imagine-prompts,https://github.com/YouMind-OpenLab/awesome-grok-imagine-prompts/blob/3c580446dddf7627a81b16295f9752aaaed88a21/README.md#L2005,CC-BY-4.0,Annette H Wensel,https://x.com/AnnetteHollerWe/status/2085036332917944744,True,prompts/真人/特效向/奇幻怪兽/grok-8607--Daenerys-Riding-Drogon-Scene.md,A breathtakingly beautiful cinematic scene from Game of Thrones: Daenerys Targaryen riding her magnificent black dragon Drogon high above the rugged cliffs and turquoise waters of Westeros at golden hour. The dragon's massive wings stretch wide.
grok-8608,Cinematic Rainy Car Entry,,真人,现实向,年代怀旧,,en,Grok Imagine,,,YouMind-OpenLab/awesome-grok-imagine-prompts,https://github.com/YouMind-OpenLab/awesome-grok-imagine-prompts/blob/1364dba17c984c077bc4fd14f6f7b707d4c73d2d/README.md#L2235,CC-BY-4.0,Alicia McNatt,https://x.com/AliciaMcnatt/status/2085260396231832015,True,prompts/真人/现实向/年代怀旧/grok-8608--Cinematic-Rainy-Car-Entry.md,The man slowly reaches his free hand for the driver’s side door handle of the vintage Cadillac while still holding the six-shooter pointed down in the other hand. He opens the door and begins sliding into the driver’s seat. Rain continues kissing the windshield
grok-8609,Dragon Class Evolution,,真人,特效向,奇幻怪兽,,en,Grok Imagine,,,YouMind-OpenLab/awesome-grok-imagine-prompts,https://github.com/YouMind-OpenLab/awesome-grok-imagine-prompts/blob/3c580446dddf7627a81b16295f9752aaaed88a21/README.md#L2104,CC-BY-4.0,Philip Carr,https://x.com/PhilipCarrn7711/status/2084970238685204922,True,prompts/真人/特效向/奇幻怪兽/grok-8609--Dragon-Class-Evolution.md,"Class evolution

These dragons proceed to form a new larger dragon by combining their flaming neon green breath with creates an enormous yellow frog dragon with bright blue eyes that is 4 times their size."
grok-8610,Cosmic Eye of God DNA Helix,,真人,现实向,剧情短片,,en,Grok Imagine,,,YouMind-OpenLab/awesome-grok-imagine-prompts,https://github.com/YouMind-OpenLab/awesome-grok-imagine-prompts/blob/3c580446dddf7627a81b16295f9752aaaed88a21/README.md#L2024,CC-BY-4.0,Philip Carr,https://x.com/PhilipCarrn7711/status/2085022273816150178,True,prompts/真人/现实向/剧情短片/grok-8610--Cosmic-Eye-of-God-DNA-Helix.md,"Eye👁️of God.

These galaxies 🌌 intertwined form a double helix 🧬 loop that is the iris of an all knowing large eye 👁️ that is GOD."
grok-8611,Christmas Kitten Snow Scene,,真人,现实向,剧情短片,,en,Grok Imagine,,,YouMind-OpenLab/awesome-grok-imagine-prompts,https://github.com/YouMind-OpenLab/awesome-grok-imagine-prompts/blob/1364dba17c984c077bc4fd14f6f7b707d4c73d2d/README.md#L2216,CC-BY-4.0,Grok imagine user,https://x.com/imagine_user_/status/2085261433890369893,True,prompts/真人/现实向/剧情短片/grok-8611--Christmas-Kitten-Snow-Scene.md,"Kitten playing in snow with a woman, surrounded by Christmas decorations and gentle snowfall"
grok-8612,Cyberpunk Noodle Bar Scene,,真人,特效向,科幻,,en,Grok Imagine,,,YouMind-OpenLab/awesome-grok-imagine-prompts,https://github.com/YouMind-OpenLab/awesome-grok-imagine-prompts/blob/3c580446dddf7627a81b16295f9752aaaed88a21/README.md#L1984,CC-BY-4.0,Dave,https://x.com/DavidGetchel/status/2085039726579618187,True,prompts/真人/特效向/科幻/grok-8612--Cyberpunk-Noodle-Bar-Scene.md,"An man talking to a woman about the weather at a cyberpunk noodle bar. Covered outdoor area, bar height seating. Rain falling behind them. Sitting side by side

EXTEND PROMPT: The cook brings them bowls of ramen and make a remark"
grok-8613,Cinematic Korean Woman Vlog Video,,真人,现实向,生活与vlog,,en,Grok Imagine,,,YouMind-OpenLab/awesome-grok-imagine-prompts,https://github.com/YouMind-OpenLab/awesome-grok-imagine-prompts/blob/1364dba17c984c077bc4fd14f6f7b707d4c73d2d/README.md#L2254,CC-BY-4.0,Ahmad Faraz,https://x.com/iamahmedfaraz66/status/2085211763214028933,True,prompts/真人/现实向/生活与vlog/grok-8613--Cinematic-Korean-Woman-Vlog-Video.md,"Ultra-realistic cinematic vertical video, 10 seconds. A beautiful young Korean woman relaxes in her cozy bedroom at night, wearing the same oversized white T-shirt. Warm bedside lamp lighting creates a soft, intimate atmosphere while photo prints decorate the wall behind her. The video consists of multiple natural handheld selfie shots, as if filmed on a phone for a personal vlog.

Shot 1 (0–2s): Front selfie shot. She smiles warmly at the camera while maintaining eye contact, then gives a playful wink. A few loose strands of hair fall naturally across her face.

Shot 2 (2–4s): Extreme close-up from a slightly lower angle. She gently brushes the hair away from her face, smiles softly, and blinks naturally as the camera subtly moves closer.

Shot 3 (4–6s): Three-quarter side selfie. She slowly turns her head toward the warm bedside lamp, smiles to herself, then looks back at the camera. Her hair moves naturally with the motion.

Shot 4 (6–8s): Over-the-shoulder selfie. She briefly glances toward the photo wall behind her, then laughs quietly before turning back toward the camera. The handheld movement feels natural and authentic.

Shot 5 (8–10s): Close-up selfie. She leans slightly closer to the camera, gives another playful wink followed by a soft smile, then gently tilts her head as the camera slowly pulls back, ending with a cozy bedroom ambiance.

Style: Ultra-photorealistic, natural facial expressions, realistic blinking, subtle breathing, lifelike hair physics, authentic smartphone handheld movement, warm ambient lighting, shallow depth of field, premium cinematic color grading, 24 fps, 8K, cozy Korean bedroom aesthetic."
grok-8614,Metallic Fractal Grace Animation,,漫剧,现实向,剧情短片,未注明,en,Grok Imagine,,,YouMind-OpenLab/awesome-grok-imagine-prompts,https://github.com/YouMind-OpenLab/awesome-grok-imagine-prompts/blob/3c580446dddf7627a81b16295f9752aaaed88a21/README.md#L2045,CC-BY-4.0,Cook,https://x.com/AIArtCook/status/2085016121464312295,True,prompts/漫剧/现实向/剧情短片/grok-8614--Metallic-Fractal-Grace-Animation.md,In the Inverse realm Alchemedia performs her metallic grace among the fractals that accumulate her being as she does theirs.
grok-8658,Alice in Wonderland Space Mirror,,真人,现实向,剧情短片,,en,Grok Imagine,,,YouMind-OpenLab/awesome-grok-imagine-prompts,https://github.com/YouMind-OpenLab/awesome-grok-imagine-prompts/blob/1364dba17c984c077bc4fd14f6f7b707d4c73d2d/README.md#L2072,CC-BY-4.0,Dr. Jessica Giddens DNP (nurse),https://x.com/DrJGiddensRN/status/2085398479182959091,True,prompts/真人/现实向/剧情短片/grok-8658--Alice-in-Wonderland-Space-Mirror.md,Make an video of a girl stepping through a looking glass like Alice in wonderland but into outer space....
grok-8659,Sci-Fi Terafab Megacity Aerial,,其他,,风景空镜,,en,Grok Imagine,,,YouMind-OpenLab/awesome-grok-imagine-prompts,https://github.com/YouMind-OpenLab/awesome-grok-imagine-prompts/blob/1364dba17c984c077bc4fd14f6f7b707d4c73d2d/README.md#L2015,CC-BY-4.0,Ai Mini Thoughts Creator,https://x.com/Aiminithoughts/status/2085534622176125238,True,prompts/其他/风景空镜/grok-8659--Sci-Fi-Terafab-Megacity-Aerial.md,"A breathtaking aerial shot glides over Terafab, a colossal sci-fi megacity where kilometer-high chrome skyscrapers, glowing blue energy cores, floating factories, and endless sky bridges stretch beyond the horizon. Thousands of autonomous drones, magnetic freight trains, and anti-gravity vehicles move in perfect synchronization as massive robotic construction arms continuously build new districts. The camera dives between towering structures, revealing holographic billboards, neon-lit streets, quantum power reactors, and rivers of molten metal flowing through transparent energy channels. Giant orbital elevators connect the city to enormous space stations while flying cargo ships descend through the clouds with brilliant blue engine trails. As the sun sets, Terafab transforms into a sea of dazzling neon lights, shimmering reflections, and futuristic traffic, creating an awe-inspiring cyber-industrial skyline. The sequence ends with a cinematic pullback into space, revealing Terafab as the most advanced manufacturing civilization on a futuristic planet, ultra-photorealistic, cinematic lighting, volumetric fog, HDR, ray tracing, 8K, hyper-detailed, epic scale, smooth drone camera movement, realistic physics, and masterpiece quality."
grok-8660,Korean Lifestyle Cinematic Commercial,,其他,,广告带货,,en,Grok Imagine,,,YouMind-OpenLab/awesome-grok-imagine-prompts,https://github.com/YouMind-OpenLab/awesome-grok-imagine-prompts/blob/1364dba17c984c077bc4fd14f6f7b707d4c73d2d/README.md#L2150,CC-BY-4.0,Ahmad Faraz,https://x.com/iamahmedfaraz66/status/2085338630692692405,True,prompts/其他/广告带货/grok-8660--Korean-Lifestyle-Cinematic-Commercial.md,"Ultra-realistic cinematic vertical video, 15 seconds. A beautiful young Korean woman in a cozy pastel bedroom during a bright spring morning. She wears the same blush pink plaid dress with cream long sleeves, a delicate bow at the neckline, and a black ribbon in her long wavy hair. The room is softly decorated with pastel wall art, flowers, books, and warm natural window light. Every shot features a different camera angle with smooth cinematic transitions, natural movement, and subtle expressions.

Shot 1 (0–2s): Extreme close-up of fresh pink flowers on the desk. The camera slowly slides past the flowers, revealing her softly smiling face in the background through a shallow depth of field.

Shot 2 (2–4s): Close-up of her hands gently straightening the ribbon on the front of her dress. The camera tilts upward to her face as she finishes adjusting it.

Shot 3 (4–6s): Side-profile medium shot. She slowly turns toward the window, sunlight illuminating her face as a gentle breeze moves a few loose strands of hair. She closes her eyes for a brief moment and smiles peacefully.

Shot 4 (6–8s): Over-the-shoulder shot from behind. She looks at the pastel decorations and photo cards on the wall, lightly touching one with her fingertips before turning back.

Shot 5 (8–10s): Front medium close-up. The camera slowly circles around her while she tilts her head slightly, blinks naturally, and gives a soft, genuine smile. Her long wavy hair sways gently with the breeze.

Shot 6 (10–13s): Low-angle close-up from tabletop level beside the vase of flowers. She leans forward slightly, resting her hands together, looking directly into the camera with warm, expressive eyes before giving a subtle playful wink.

Shot 7 (13–15s): Wide shot. She walks toward the window, gently parts the sheer curtains, and warm morning sunlight floods the room. She glances back over her shoulder with a sweet smile as the camera slowly pulls away, ending on a dreamy, peaceful frame.

Style: Ultra-photorealistic, premium Korean lifestyle commercial, natural body language, realistic facial expressions, lifelike eye movement and blinking, subtle breathing, physically accurate hair and fabric simulation, smooth cinematic camera movement, shallow depth of field, creamy bokeh, soft pastel color palette, warm morning sunlight, luxury editorial photography aesthetic, 35mm and 85mm lens look, 24 fps, HDR, 8K."
grok-8661,Mechanical Horse Chase Sequence,,其他,,动物萌宠,,en,Grok Imagine,,,YouMind-OpenLab/awesome-grok-imagine-prompts,https://github.com/YouMind-OpenLab/awesome-grok-imagine-prompts/blob/1364dba17c984c077bc4fd14f6f7b707d4c73d2d/README.md#L2110,CC-BY-4.0,Philip Carr,https://x.com/PhilipCarrn7711/status/2085360781646823801,True,prompts/其他/动物萌宠/grok-8661--Mechanical-Horse-Chase-Sequence.md,"The veil of time parts before me

The archer’s mechanical equidae back legs gallop 🏇 to give chase to an evil possessed demon wild boar 🐗."
grok-8662,Rap Music Video Production,,其他,,广告带货,,en,Grok Imagine,,,YouMind-OpenLab/awesome-grok-imagine-prompts,https://github.com/YouMind-OpenLab/awesome-grok-imagine-prompts/blob/1364dba17c984c077bc4fd14f6f7b707d4c73d2d/README.md#L2185,CC-BY-4.0,Aira,https://x.com/AzraJalal/status/2085297532486533177,True,prompts/其他/广告带货/grok-8662--Rap-Music-Video-Production.md,"Use the uploaded reference image as the exact character reference. Preserve her facial identity, eye color, skin tone, hairstyle, makeup, body proportions, and overall appearance throughout the video. She has long black hair in a sleek high ponytail with soft face-framing strands and wears a vibrant hot-pink cropped bomber jacket over a fitted black crop top, a black pleated mini skirt layered over biker shorts, white crew socks, chunky sneakers, silver hoop earrings, layered chain necklaces, and rings. Maintain perfect character consistency in every scene.

Create an ultra-realistic premium American hip-hop music video inside a modern industrial studio with glossy black floors, neon pink and blue lighting, graffiti walls, chrome speakers, LED light bars, a professional drum kit, vintage leather furniture, subtle haze, and cinematic contrast.

The video opens with an extreme close-up as she confidently adjusts the collar of her pink jacket, stares directly into the camera, smirks, and snaps her fingers to the beat. She turns sharply and walks toward the camera with effortless swagger while her jacket flows naturally. She performs energetic hip-hop choreography with shoulder pops, smooth footwork, body rolls, confident poses, and expressive hand gestures as the camera circles around her with dynamic handheld movement.

She jumps onto the drum platform, twirls a drumstick between her fingers, then performs an energetic drum solo with realistic stick movement, powerful cymbal crashes, snare hits, and fast tom fills. The camera alternates between overhead, side-profile, macro close-ups, and dramatic low-angle shots synchronized with the rhythm.

The performance continues beside a graffiti-covered roller shutter where she confidently squats, leans against stacked speakers, points toward the lens, and continues lip-syncing with playful attitude. She walks across the studio beneath moving spotlights, lounges briefly on a vintage leather sofa while nodding to the beat, then stands again as industrial fans create natural movement in her ponytail and jacket.

The final performance takes place center stage beneath vibrant magenta and blue lights surrounded by drums, LED light bars, chrome speakers, and graffiti walls. She delivers the final lyrics with bold confidence, spins one drumstick in her hand, throws it toward the camera, crosses her arms with a confident smile, and holds a powerful hero pose as the camera slowly pulls back while the lights fade.

Style: Premium rap music video, luxury editorial fashion aesthetic, cinematic handheld camera, wide-angle hero shots, smooth gimbal movement, realistic lip-sync, expressive performance, physically accurate lighting, natural fabric simulation, real"
grok-8663,Moderation-Safe Energetic Y2K Video,,真人,现实向,年代怀旧,,en,Grok Imagine,,,YouMind-OpenLab/awesome-grok-imagine-prompts,https://github.com/YouMind-OpenLab/awesome-grok-imagine-prompts/blob/1364dba17c984c077bc4fd14f6f7b707d4c73d2d/README.md#L2091,CC-BY-4.0,Lala,https://x.com/keepgoingAnnie/status/2085365705361273330,True,prompts/真人/现实向/年代怀旧/grok-8663--Moderation-Safe-Energetic-Y2K-Video.md,"Use the uploaded photo as the exact character reference. Preserve the subject’s face and identity perfectly. Use ONLY the uploaded face reference photo as the character reference. The overall model appearance, including race and ethnicity, must match the subject of the uploaded photo. Y2K compact digital camera style video. The subject remains seated in the same compact pose with knees drawn upward. She gently sways her upper body and shoulders in a soft, rhythmic motion while staying seated, with light natural movement in her head and tousled wavy hair. Warm flash lighting, soft film grain, and nostalgic early-2000s atmosphere. Very subtle and natural movement only: soft swaying of the shoulders and upper body, gentle head motion, slight hair movement — she stays fully seated the entire time. Use the uploaded photo as the exact character reference. Preserve the subject’s face and identity perfectly. Use ONLY the uploaded face reference photo as the character reference. The overall model appearance, including race and ethnicity, must match the subject of the uploaded photo. Y2K compact digital camera style video. The subject stays completely seated in the same compact pose with knees drawn upward the entire time. She moves with fun, energetic upper-body rhythm — light bouncy shoulder shimmies, playful head bobs, and small cheerful upper-body shakes in time with the beat. Her tousled wavy hair gently bounces with the movement. Warm flash lighting, soft film grain, and nostalgic early-2000s atmosphere. Important: She remains fully seated at all times. Movement is limited to light, bouncy, playful upper-body and shoulder motion only — cheerful and energetic, never suggestive."
grok-8664,Surreal Beach Motion Scene,,其他,,动物萌宠,,en,Grok Imagine,,,YouMind-OpenLab/awesome-grok-imagine-prompts,https://github.com/YouMind-OpenLab/awesome-grok-imagine-prompts/blob/1364dba17c984c077bc4fd14f6f7b707d4c73d2d/README.md#L2053,CC-BY-4.0,Robin Murray,https://x.com/RobinMurrat43a/status/2085451255833653447,True,prompts/其他/动物萌宠/grok-8664--Surreal-Beach-Motion-Scene.md,Have a arm chair with a dog on it fly by on the sand passing the couch with the women flying as well
grok-8665,16mm Handheld Influencer Vlog,,真人,现实向,生活与vlog,,en,Grok Imagine,,,YouMind-OpenLab/awesome-grok-imagine-prompts,https://github.com/YouMind-OpenLab/awesome-grok-imagine-prompts/blob/1364dba17c984c077bc4fd14f6f7b707d4c73d2d/README.md#L2131,CC-BY-4.0,Alpha Mom,https://x.com/YourAlphaMom/status/2085350644915765377,True,prompts/真人/现实向/生活与vlog/grok-8665--16mm-Handheld-Influencer-Vlog.md,"CAMERA: DV 16mm tape camcorder handheld aesthetic. POV of a beautiful influencer-style woman filming herself directly by hand. Keep natural hand shake, slightly crooked framing, delayed focus pulls, awkward zooms, occasional moments where her face is partly cut off, and imperfect framing that briefly loses the subject. Every shot is filmed by the woman herself in selfie-cam or first-person style, except for one brief moment when she props the camera down. The camcorder itself never appears on screen. LOOK: Soft digital tape look with a subtle vintage camcorder feel. Slight blur, faint tape noise, softly blooming highlights in dim light, mild flicker in auto-exposure, low contrast, realistic skin tones. STYLE: Late-night post-practice vlog mood — tired, calm, a little out of breath, but clearly happy and satisfied. Quiet, natural, unposed energy. Handheld all the way through, slower and more intimate than a daytime gym vlog. Occasional heavy breathing between lines. CHARACTER: A beautiful Instagram-style brunette model in her 20s. Long dark brown hair tied back or slightly messy after rehearsal, attractive feminine features, glowing skin with a light sweat sheen, expressive eyes, slim fit build. Wearing a modest fitted long-sleeve athletic top, loose joggers or sweatpants, and sneakers. No jewelry. SETTING: An empty dance rehearsal studio late at night. Mirror wall on one side, wooden floor, a speaker in the corner, a towel and water bottle near the wall, dim overhead lighting, dark hallway visible outside the studio windows. STORYBOARD: (~2s, propped camera near the mirror, medium shot) She walks into frame catching her breath, wipes sweat from her forehead, gives a small exhausted smile. “Finally done… it’s way too late.” (~2s, handheld, slow drift across the room and back to her) The camera loosely pans over the empty mirrors and quiet studio, then returns to her face. (softly, off-screen): “Whole studio’s empty now.” (~2s, medium handheld near the wall) She grabs her water bottle, takes a long drink, lowers it, and exhales in relief. “I really needed that.” (~2s, propped camera facing the mirror, wider shot) She sets the camera down, steps back, does a short sharp dance combo, then laughs at herself when she finishes. (~2s, arm’s-length selfie close-up finish) She picks the camera back up, towel over her shoulder, cheeks flushed, still breathing a little heavy. She gives a small tired wave and a genuine smile. “Okay, I’m going home. Good night"
grok-8666,Dragon Rider Adventure Sequence,,真人,特效向,奇幻怪兽,,en,Grok Imagine,,,YouMind-OpenLab/awesome-grok-imagine-prompts,https://github.com/YouMind-OpenLab/awesome-grok-imagine-prompts/blob/3c580446dddf7627a81b16295f9752aaaed88a21/README.md#L1965,CC-BY-4.0,Art Muse,https://x.com/art_muse/status/2085068608762155443,True,prompts/真人/特效向/奇幻怪兽/grok-8666--Dragon-Rider-Adventure-Sequence.md,"She stands in the field • Turns and walks toward the dragon • Reaches out and climbs onto its head • The dragon rears up, spreads its wings, and takes off • They soar into a fiery sunset while it breathes fire"
grok-8667,Magical Starry Night Dreamscape Bike Ride,,其他,,风景空镜,,en,Grok Imagine,,,YouMind-OpenLab/awesome-grok-imagine-prompts,https://github.com/YouMind-OpenLab/awesome-grok-imagine-prompts/blob/1364dba17c984c077bc4fd14f6f7b707d4c73d2d/README.md#L1872,CC-BY-4.0,Maer,https://x.com/Maer4real/status/2085582849575399884,True,prompts/其他/风景空镜/grok-8667--Magical-Starry-Night-Dreamscape-Bike-Rid.md,"A magical bike ride through a Starry Night dreamscape, cherry blossoms glowing, golden path leading to that radiant tower."
grok-8668,Woman and Monkey Playful Interaction,,真人,现实向,剧情短片,,en,Grok Imagine,,,YouMind-OpenLab/awesome-grok-imagine-prompts,https://github.com/YouMind-OpenLab/awesome-grok-imagine-prompts/blob/1364dba17c984c077bc4fd14f6f7b707d4c73d2d/README.md#L1829,CC-BY-4.0,Hyun Lee,https://x.com/HolyMolySakura/status/2085628853926465770,True,prompts/真人/现实向/剧情短片/grok-8668--Woman-and-Monkey-Playful-Interaction.md,"Use the exact face and identity from the provided woman reference image and the exact face and identity from the provided Japanese macaque (Punch) reference photo. Do not change, alter, or redesign any facial features of either subject. Photorealistic cinematic video of the exact same young woman from the reference (long wavy dark brown hair, light blue eyes, white blouse) and the exact same Punch monkey from the reference photo playfully interacting together. Both are smiling and laughing while gently playing. Soft natural outdoor lighting, warm atmosphere, smooth natural motion, high detail, keep both faces completely unchanged and identical to the references."
grok-8669,East Asian Woman MiniDV Self-Filming in Tide Temple,East Asian Woman MiniDV Self-Filming in Tide Temple,真人,现实向,生活与vlog,,en,Grok Imagine,,,YouMind-OpenLab/awesome-grok-imagine-prompts,https://github.com/YouMind-OpenLab/awesome-grok-imagine-prompts/blob/1364dba17c984c077bc4fd14f6f7b707d4c73d2d/README_zh.md#L1922,CC-BY-4.0,John,https://x.com/john87445528/status/2085539666472665473,True,prompts/真人/现实向/生活与vlog/grok-8669--East-Asian-Woman-MiniDV-Self-Filming-in.md,"The same 24-year-old East Asian female protagonist @0ba07db1-974c-467d-80dc-d9dffddac0ba wearing @27d48282-8e11-4b4e-94aa-f77a7eb8fbc1, with consistent facial features, age, and temperament throughout. Dark moist pupils, a delicate nose bridge, natural pale pink lips; skin retains pores and fine lines under the eyes, no airbrushing or 'influencer' makeup.

The protagonist always holds a silver-grey MiniDV camera in her right hand to film herself—no cameraman. Selfie distance is about 45 cm; when showing the environment, she must first rotate her wrist and body, passing the lens over her shoulder, sleeve, or a railing before facing the scenery; returning to the selfie must also involve a complete physical rotation process.

It is forbidden to show her from a third-person back view, full-body tracking, aerial shot, or external camera perspective while she is filming herself. When the camera turns to the environment, the protagonist can only continue to exist in the frame through her extended left hand, white sleeve, skirt edge, shadow, or live sound.

16:9 MiniDV widescreen mode, natural handheld with slight walking jitter, imperfect composition, brief loss of focus, hesitant autofocus, white balance drift, exposure breathing, motion blur, subtle interlacing artifacts, DV grain, soft highlight bloom, and authentic tape colors.

Each segment is a continuous 15-second selfie shot, no cuts. Between the six segments are travelogue-style time jumps, allowing for changes in weather and light, but the character, clothing, hair accessories, MiniDV, and sound must remain consistent.

The female lead's voice is a natural Mandarin Chinese spoken by an East Asian woman in her 20s, soft, warm, and curious, with occasional slight panting from walking or climbing. Not a costume drama recitation, AI narration, broadcaster, or high-energy influencer-style pitch. 15-second MiniDV selfie video | Oriental Siren Style @b061c722-4fae-42c2-aa5d-48e9dd7dc6df

This is no ordinary palace, but an ancient Tide Temple built above a sea of clouds. Inside stands an unimaginably huge white jade dragon platform: tiered lotus petal bases, spiraling dragon bodies, waves, shells, fish scales, and tide patterns are all carved from aged white jade. Tall dragon-coiled stone pillars support a dark wooden palace roof, with cold white water vapor constantly rushing in between the pillars, leaving moist water marks on the white jade surfaces.

Siren style is expressed through the real environment: cold moist vapor, pearl and mother-of-pearl reflections, low-frequency distant tides, occasionally dripping seawater, and faint female chanting. Do not directly show fish tails or exaggerated monsters.

The protagonist remains the same person, the same face, and the same white-to-pale-pink gradient hanfu. The cold moist vapor makes stray hairs by her ears stick slightly to her cheeks, and her skin shows moist reflections; the white gauze appears pale mother-of-pearl under the blue-grey water light, not a sudden outfit change. The silver hairpin, milky white bead ornaments, and dark red tassel on her wrist remain unchanged.

She always holds the MiniDV herself with her right hand, no cameraman.

0–4 seconds

The recording begins as she walks slowly along the bottom of the white jade dragon platform.

She holds the MiniDV in front of her, her face in the lower right of the frame, with the massive white jade carvings extending off-screen from above her head. It's darker here than outside, the MiniDV's auto-gain is noticeably high, and slight color noise appears in the shadows; the bright clouds behind her produce soft overexposure.

Cold vapor brushes her face, and she instinctively shrugs her shoulders, her breath forming a faint white mist in front of the lens. She touches her damp sleeve with her left hand and says in a low voice:

'Why is it... suddenly so cold here?'

She doesn't intentionally create a sense of mystery while speaking; it's just a physical reaction to the temperature.

4–8 seconds

She first looks up at the dragon platform, then slowly turns the camera outward from herself via her right wrist.

The lens passes her damp hair, silver hairpin, and white sleeve, then captures a close-up low-angle shot of the massive lotus base, the dragon statue, and the dragon stone pillars behind it. This is a realistic angle she could capture while standing below the platform, not an aerial or external panoramic view.

The autofocus first lands on mottled water marks nearby, then shifts to the high dragon head. She says softly off-screen:

'This dragon platform... looks like it rose from the sea.'

Her voice is off-axis from the microphone, slightly obscured by the low echoes and water sounds inside the palace.

8–11 seconds

Just as she finishes speaking, a short snippet of female chanting comes from the shadows behind the dragon platform.

It's not background music, but a real sound located far off in the hall: very low volume, just a soft, ethereal long note, reflecting off the pillars and the massive dome, making its direction hard to judge. The sound is mixed with low-frequency tide sounds, as if coming from a hollow structure beneath the dragon platform.

The protagonist's wrist stops immediately, the frame holding on the slightly tilted white jade carving. She doesn't turn around right away but first holds her breath and tilts her head to confirm.

Then she turns the camera back to herself, her eyes looking past the lens toward the source of the sound, and asks in a hushed tone:

'Wait... did you guys hear that?'

11–15 seconds

The chanting stops briefly. She blinks naturally once, and the curious smile on her face gradually fades.

A clear echo of a water drop falling into deep water comes from the base of the dragon platform. Immediately after, a second, closer female long note sounds from her back left. Her shoulders tighten slightly, her breathing becomes shallow, and she slowly looks at her flip screen as if confirming if the camera recorded it too.

She looks back at the lens, her voice almost a whisper:

'The one singing just now... wasn't me.'

After speaking, she doesn't scream or run but slowly turns the camera toward the dark passage behind the dragon platform. The frame passes her shoulder and damp sleeve, finally stopping on a patch of slightly vibrating shallow water beneath the white jade carving.

A ripple appears on the water surface with no visible source. The recording ends naturally with a third, extremely soft and distant chant.

Live Sound: Cold wind in the hall, slight friction of damp fabric, stone pillar echoes, dripping water, low-frequency distant tides, female chanting from behind the dragon platform. No background music, no narration.

Siren Style Performance Requirements: The protagonist does not perform seductive poses. The sequence of real reactions must be: feeling cold → observing the dragon platform → hearing the sound → holding breath to confirm → realizing the sound was not her. Use subtle eye movements, natural blinking, swallowing, tightening of shoulders, and shallow breathing to show unease.

Supplementary Negative Constraints: No cameraman, no third-person full-body shots, no external orbiting camera movement; no sudden outfit changes, no fish tails, no blue skin, no fangs, no exaggerated monster transformations; no sexy dancing, no exaggerated seductive performance; the protagonist does not open her mouth to sing, the mysterious chanting must come from the space behind the dragon platform; no background soundtrack, no horror sound effect jumpscares, no underwater filters, no palace liquefaction, no statues suddenly moving, no subtitles or watermarks."
grok-8670,Futuristic Shinjuku Pelican on Bicycle,Futuristic Shinjuku Pelican on Bicycle,真人,现实向,剧情短片,,en,Grok Imagine,,,YouMind-OpenLab/awesome-grok-imagine-prompts,https://github.com/YouMind-OpenLab/awesome-grok-imagine-prompts/blob/1364dba17c984c077bc4fd14f6f7b707d4c73d2d/README_ja-JP.md#L1810,CC-BY-4.0,original だいすけ,https://x.com/daisuke/status/2085638794615898621,True,prompts/真人/现实向/剧情短片/grok-8670--Futuristic-Shinjuku-Pelican-on-Bicycle.md,"Ultra-unrealistic resolution: A pelican in Shinjuku in 2055, riding a bicycle released in 2054. The bicycle has no pedals as it is operated solely by eye-tracking. Of particular note is the depiction of cornering on the famous Metropolitan Expressway slalom."
grok-8671,Three-Panel Split Screen Cinematic Portrait Video,Three-Panel Split Screen Cinematic Portrait Video,真人,现实向,时尚写真,,en,Grok Imagine,,,YouMind-OpenLab/awesome-grok-imagine-prompts,https://github.com/YouMind-OpenLab/awesome-grok-imagine-prompts/blob/1364dba17c984c077bc4fd14f6f7b707d4c73d2d/README_zh.md#L1848,CC-BY-4.0,Loriel.AI,https://x.com/ou_zhen599/status/2085586844088156403,True,prompts/真人/现实向/时尚写真/grok-8671--Three-Panel-Split-Screen-Cinematic-Portr.md,"8K hyper-realistic 6-second vertical dynamic short film, fixed three-panel vertical split-screen frame, with the dividing lines remaining unchanged. The three panels move independently without overlapping visuals. Hazy and misty outdoor twilight, low-saturation dark-toned cinematic weak side lighting, film grain texture. A woman with light golden short curly hair and a black minimalist top, with highly realistic freckled skin texture and hair constantly blowing in the breeze. Total duration 6 seconds.
[Top Panel | 0-6s Independent Motion] The woman slowly raises her right hand to the side of her forehead, her fingertips lightly touching her temple. Her gaze is empty and wandering, her lips slightly parted, showing a weary and preoccupied expression. Strands of hair sweep over her eyes in the wind, and her eyelids blink slowly. The lens moves forward very slowly with a small push, focusing on the eyes and hand, with subtle camera shake from a sense of breathing. No dialogue.
[Middle Panel | 0-6s Independent Motion] A close-up of the character's side profile, looking into the distance with eyelashes trembling slowly. Tears gradually well up in her eyes, hair constantly brushes against her cheeks and nose tip, and her lips purse slightly, showing restrained sadness. The lens moves slowly and slightly horizontally, fixed on the face close-up, with subtle breathing shake and no zooming. No dialogue.
[Bottom Panel | 0-6s Independent Motion] The woman stands quietly facing the camera, her short hair swaying in the wind, a few strands falling over her eyes. Her gaze slowly shifts from wandering to calm and indifferent. Her breathing is steady, with only slight eyelid movement. The lens pulls back very slowly from a close-up to a bust shot, as the character slowly blends into the dark, misty background. No dialogue.
All three panels play simultaneously, with natural and realistic movements and micro-expressions, avoiding AI stiffness or distortion. Skin pores and hair details are realistic.
Accompanying 6-second audio: Minimalist low-pitched piano solo music overlaid with gentle wilderness wind sounds, with overall low volume to create an oppressive and contemplative atmosphere."
grok-8752,Cycling Through Regions Transition,,真人,现实向,生活与vlog,,en,Grok Imagine,,,YouMind-OpenLab/awesome-grok-imagine-prompts,https://github.com/YouMind-OpenLab/awesome-grok-imagine-prompts/blob/0ae7511b5f6ae78e6a397c01a1db1f3db5f5ee91/README.md#L2097,CC-BY-4.0,AI Tales - Not by Humans,https://x.com/AITalesNBH/status/2086242925634101535,True,prompts/真人/现实向/生活与vlog/grok-8752--Cycling-Through-Regions-Transition.md,"The cyclist is cycling through different regions, transitioning randomly every two seconds."
grok-8753,Cracking Julius Caesar Statue Video,,真人,现实向,剧情短片,,en,Grok Imagine,,,YouMind-OpenLab/awesome-grok-imagine-prompts,https://github.com/YouMind-OpenLab/awesome-grok-imagine-prompts/blob/0ae7511b5f6ae78e6a397c01a1db1f3db5f5ee91/README.md#L2059,CC-BY-4.0,Charity Spence,https://x.com/CharitySpence/status/2086244664487932104,True,prompts/真人/现实向/剧情短片/grok-8753--Cracking-Julius-Caesar-Statue-Video.md,"In a hyper-realistic photographic style, a split-screen image transforms as the left marble statue of Julius Caesar suddenly cracks."
grok-8754,Ballerina on Top of the World,,真人,现实向,音乐MV,,en,Grok Imagine,,,YouMind-OpenLab/awesome-grok-imagine-prompts,https://github.com/YouMind-OpenLab/awesome-grok-imagine-prompts/blob/0ae7511b5f6ae78e6a397c01a1db1f3db5f5ee91/README.md#L1958,CC-BY-4.0,Emily Morsello,https://x.com/EmilyMorsello/status/2086292179002044861,True,prompts/真人/现实向/音乐MV/grok-8754--Ballerina-on-Top-of-the-World.md,A ballerina dancing on top of the world in no way to evoke fear but to ellicit strength and trust the universe
grok-8755,Butterfly Landing on Child's Finger,,漫剧,现实向,日常治愈,未注明,en,Grok Imagine,,,YouMind-OpenLab/awesome-grok-imagine-prompts,https://github.com/YouMind-OpenLab/awesome-grok-imagine-prompts/blob/0ae7511b5f6ae78e6a397c01a1db1f3db5f5ee91/README.md#L2135,CC-BY-4.0,Carlos W Royal,https://x.com/carloswroyal/status/2086179017233957087,True,prompts/漫剧/现实向/日常治愈/grok-8755--Butterfly-Landing-on-Child-s-Finger.md,Have the butterfly fly off and land on a little young white girl finger. She is sitting on a blanket in a park with Mom and Dad also sitting on the picknick blanket. It is a beautifully day with birds in the air and area.
grok-8756,Tesla Optimus Seawall Construction,,真人,现实向,剧情短片,,en,Grok Imagine,,,YouMind-OpenLab/awesome-grok-imagine-prompts,https://github.com/YouMind-OpenLab/awesome-grok-imagine-prompts/blob/0ae7511b5f6ae78e6a397c01a1db1f3db5f5ee91/README.md#L1996,CC-BY-4.0,Luis E. De Pombo,https://x.com/luisdepombo/status/2086280358161424832,True,prompts/真人/现实向/剧情短片/grok-8756--Tesla-Optimus-Seawall-Construction.md,"Tesla Optimus does Autonomous modular seawall construction on actively subsiding muddy seabed under tidal cycles in Cartagena, Colombia."
grok-8757,King Rising Toward Stars,,真人,现实向,剧情短片,,en,Grok Imagine,,,YouMind-OpenLab/awesome-grok-imagine-prompts,https://github.com/YouMind-OpenLab/awesome-grok-imagine-prompts/blob/0ae7511b5f6ae78e6a397c01a1db1f3db5f5ee91/README.md#L2040,CC-BY-4.0,Angie Ramos Mendez,https://x.com/AngieRamos2030/status/2086251074491384222,True,prompts/真人/现实向/剧情短片/grok-8757--King-Rising-Toward-Stars.md,"A king, one man stands on the edge of tomorrow, crown lifted high as the future ignites before him. With fire in his spirit and vision in his gaze, he rises toward the stars. God’s not done with me yet."
grok-8758,Bioluminescent Crystal Flower Video,,真人,现实向,剧情短片,,en,Grok Imagine,,,YouMind-OpenLab/awesome-grok-imagine-prompts,https://github.com/YouMind-OpenLab/awesome-grok-imagine-prompts/blob/0ae7511b5f6ae78e6a397c01a1db1f3db5f5ee91/README.md#L2015,CC-BY-4.0,X Ethan,https://x.com/XEthanai/status/2086274761429037300,True,prompts/真人/现实向/剧情短片/grok-8758--Bioluminescent-Crystal-Flower-Video.md,"A breathtaking bioluminescent crystal flower suspended in pitch black deep space. The flower features delicate, translucent X-ray like glass petals with intricate crystalline structures. A warm amber and vivid magenta light radiates from the glowing core, creating realistic internal reflections and subtle light scattering through the transparent petals. Several glass petals gently float around the main flower, giving the composition a sense of weightlessness and motion.

A subtle, sparse starfield appears in the distant background, keeping the focus entirely on the flower. Ultra-realistic glass refraction, caustics, volumetric glow, physically accurate reflections, intricate crystalline details, premium Octane render aesthetic, photorealistic materials, dramatic cinematic lighting, deep blacks, high contrast, futuristic sci-fi atmosphere, elegant and minimal composition.

8K resolution, cinematic quality, highly detailed 3D render, darknmode UI background aesthetic, centered composition, no text, no logos, no watermark.

Aspect Ratio: 16:9"
grok-8759,Handsome Idol Pavilion Dance,,真人,现实向,音乐MV,,en,Grok Imagine,,,YouMind-OpenLab/awesome-grok-imagine-prompts,https://github.com/YouMind-OpenLab/awesome-grok-imagine-prompts/blob/1364dba17c984c077bc4fd14f6f7b707d4c73d2d/README.md#L2034,CC-BY-4.0,🌸 Bubskyy 🌸,https://x.com/NyaiiBubu/status/2085526044019466464,True,prompts/真人/现实向/音乐MV/grok-8759--Handsome-Idol-Pavilion-Dance.md,"The pavilion's beloved handsome idol performs his signature dance, leaving every wealthy young lady spellbound."
grok-8760,Segmented Scene Control Interaction,,真人,特效向,科幻,,en,Grok Imagine,,,YouMind-OpenLab/awesome-grok-imagine-prompts,https://github.com/YouMind-OpenLab/awesome-grok-imagine-prompts/blob/1364dba17c984c077bc4fd14f6f7b707d4c73d2d/README.md#L1753,CC-BY-4.0,The Qubits Guy,https://x.com/Toy_Maestro/status/2086107661569831265,True,prompts/真人/特效向/科幻/grok-8760--Segmented-Scene-Control-Interaction.md,"(Man with sunglasses) turns toward (red white blue robot sculpture) as the (red white blue robot sculpture dances. The (man in a light blue shirt) runs over to the (green vehicle) and begins to drive in in reverse, and then forward toward the dancing (red white blue robot sculpture)"
grok-8761,Korean Student Late Night Study Vlog,,真人,现实向,生活与vlog,,en,Grok Imagine,,,YouMind-OpenLab/awesome-grok-imagine-prompts,https://github.com/YouMind-OpenLab/awesome-grok-imagine-prompts/blob/1364dba17c984c077bc4fd14f6f7b707d4c73d2d/README.md#L1891,CC-BY-4.0,Ahmad Faraz,https://x.com/iamahmedfaraz66/status/2085574151058677777,True,prompts/真人/现实向/生活与vlog/grok-8761--Korean-Student-Late-Night-Study-Vlog.md,"Ultra-realistic vertical smartphone video, 10 seconds. A beautiful young Korean woman is taking a short break while studying at her cozy desk late at night. She wears the same oversized light gray hoodie. Warm desk lamp lighting creates a comfortable atmosphere, with aesthetic wall posters, books, an open notebook, an iced coffee, and an open laptop in the background. The video is filmed with a handheld front-facing smartphone camera, featuring subtle natural movement and authentic smartphone autofocus.

Shot 1 (0–2s): She adjusts the phone slightly as if she has just started recording, smiles softly, and blinks naturally while resting her chin on her sleeve.

Shot 2 (2–4s): She glances toward her notebook, picks up a pen, underlines one sentence, then looks back at the camera with a tired but satisfied smile.

Shot 3 (4–6s): She stretches her shoulders gently, brushes a loose strand of hair behind her ear, and exhales with a relaxed expression. The warm desk lamp creates soft highlights on her face.

Shot 4 (6–8s): She reaches for the iced coffee, takes one small sip, sets it down naturally, then laughs quietly as if reacting to something off-camera.

Shot 5 (8–10s): She gives a playful wink, points briefly toward the open notebook as if saying ""back to studying,"" then smiles warmly at the camera before lowering her gaze and continuing to write.

Style: Ultra-photorealistic, realistic smartphone selfie video, natural body language, authentic facial micro-expressions, subtle breathing, realistic blinking, accurate hand movement, lifelike hair physics, natural hoodie fabric movement, warm tungsten desk lamp, soft room ambience, smartphone autofocus breathing, slight handheld camera shake, shallow depth of field, cinematic yet authentic vlog aesthetic, HDR, 24 fps, 8K, no exaggerated expressions, no unrealistic camera motion, no AI artifacts."
grok-8762,Giant Robot vs Sea Monster Cinematic Video,Giant Robot vs Sea Monster Cinematic Video,真人,特效向,奇幻怪兽,,en,Grok Imagine,,,YouMind-OpenLab/awesome-grok-imagine-prompts,https://github.com/YouMind-OpenLab/awesome-grok-imagine-prompts/blob/1364dba17c984c077bc4fd14f6f7b707d4c73d2d/README_zh.md#L1791,CC-BY-4.0,广州水军,https://x.com/TidyFzy/status/2086069405746971028,True,prompts/真人/特效向/奇幻怪兽/grok-8762--Giant-Robot-vs-Sea-Monster-Cinematic-Vid.md,"A combat robot hundreds of meters tall standing in the sea, with everything below its thighs underwater. The scene is at night with heavy rain. Five helicopters with searchlights are flying in circles around this huge robot, searching for unidentified objects underwater. The sea surface is surging with waves and strong winds. Suddenly, in an instant, a very large dinosaur-like aquatic creature emerges from under the sea and knocks down the robot with one palm strike."
grok-8763,Japanese Festival Night Scene,Japanese Festival Night Scene,真人,现实向,剧情短片,,en,Grok Imagine,,,YouMind-OpenLab/awesome-grok-imagine-prompts,https://github.com/YouMind-OpenLab/awesome-grok-imagine-prompts/blob/1364dba17c984c077bc4fd14f6f7b707d4c73d2d/README_ja-JP.md#L1772,CC-BY-4.0,楳森志保Z8YxUEUzCCdCEIO,https://x.com/Z8YxUEUzCCdCEI1/status/2086073936845135977,True,prompts/真人/现实向/剧情短片/grok-8763--Japanese-Festival-Night-Scene.md,"Many festival lanterns light up the night sky. I stand at the edge of a food stall, holding a fox mask in one hand. I am wearing a red, black, and yellow yukata. The sound of flutes and drums nearby makes my heart flutter. It feels so feminine. The scent of flowers seems to waft through the air. In a video."
grok-8831,Macrophage Microscopic Combat Game,,真人,现实向,剧情短片,,en,Grok Imagine,,,YouMind-OpenLab/awesome-grok-imagine-prompts,https://github.com/YouMind-OpenLab/awesome-grok-imagine-prompts/blob/bbaaa2921f4f2a6200de1135cde46948a4998620/README.md#L2079,CC-BY-4.0,Renee Chicoine,https://x.com/Renerjoy/status/2086510065754816861,True,prompts/真人/现实向/剧情短片/grok-8831--Macrophage-Microscopic-Combat-Game.md,"Video game of macrophages seeking out and ingesting needle-like fibers, then breaking them down to harmless components. Level 2 -GI tract"
grok-8832,Optimus Bot Rocket Space Trip,,真人,现实向,剧情短片,,en,Grok Imagine,,,YouMind-OpenLab/awesome-grok-imagine-prompts,https://github.com/YouMind-OpenLab/awesome-grok-imagine-prompts/blob/fd8a92f2b5905dd53bafd4cea9e8ab71b8634945/README.md#L2079,CC-BY-4.0,Diamondinrutx,https://x.com/diamondinrutx/status/2086702685068132463,True,prompts/真人/现实向/剧情短片/grok-8832--Optimus-Bot-Rocket-Space-Trip.md,Make Tesla bot Optimus cone up to her and grab her hand. They should also take off on a rocket 🚀 ship. Play music instead of talking.
grok-8833,Purple Rain Portrait Transformation,,漫剧,现实向,剧情短片,绘画风,en,Grok Imagine,,,YouMind-OpenLab/awesome-grok-imagine-prompts,https://github.com/YouMind-OpenLab/awesome-grok-imagine-prompts/blob/bbaaa2921f4f2a6200de1135cde46948a4998620/README.md#L1965,CC-BY-4.0,Tiffany Martin,https://x.com/TMartin061018/status/2086568235772867020,True,prompts/漫剧/现实向/剧情短片/grok-8833--Purple-Rain-Portrait-Transformation.md,"Transform this hand-drawn colored pencil portrait into a dreamy purple rain dream girl. Keep the exact same young woman with freckles, large turquoise-blue eyes, full pink lips, multi-colored blue-purple-gray shoulder-length hair, and pink hoop earrings..."
grok-8834,Jackie Chan Style Action Sequence,,真人,特效向,武侠打斗,,en,Grok Imagine,link-only,real-person,YouMind-OpenLab/awesome-grok-imagine-prompts,https://github.com/YouMind-OpenLab/awesome-grok-imagine-prompts/blob/0ae7511b5f6ae78e6a397c01a1db1f3db5f5ee91/README.md#L1882,CC-BY-4.0,Khalid Ali Al Hajri,https://x.com/KhalidAliAlHaj2/status/2086364740545376535,True,prompts/真人/特效向/武侠打斗/grok-8834--Jackie-Chan-Style-Action-Sequence.md,
grok-8835,Stand-up Comedy Video with Dialogue,,真人,现实向,喜剧整活,,en,Grok Imagine,,,YouMind-OpenLab/awesome-grok-imagine-prompts,https://github.com/YouMind-OpenLab/awesome-grok-imagine-prompts/blob/bbaaa2921f4f2a6200de1135cde46948a4998620/README.md#L2117,CC-BY-4.0,Min Choi,https://x.com/minchoi/status/2086477829013692680,True,prompts/真人/现实向/喜剧整活/grok-8835--Stand-up-Comedy-Video-with-Dialogue.md,a woman doing stand up comedy in a small venue tells a marriage joke (include the joke in the dialogue)
grok-8836,Fluffy Lime Green Kitten and Frappe,,其他,,动物萌宠,,en,Grok Imagine,,,YouMind-OpenLab/awesome-grok-imagine-prompts,https://github.com/YouMind-OpenLab/awesome-grok-imagine-prompts/blob/bbaaa2921f4f2a6200de1135cde46948a4998620/README.md#L2022,CC-BY-4.0,Jinx Loves Cats 🐾,https://x.com/JinxLovesCats/status/2086525626563891289,True,prompts/其他/动物萌宠/grok-8836--Fluffy-Lime-Green-Kitten-and-Frappe.md,"Fluffy lime green kitten beside a fancy lime, green white and tan frappe. Beautiful background that matches."
grok-8837,Cozy Indoor Profile Transformation,,真人,现实向,剧情短片,,en,Grok Imagine,,,YouMind-OpenLab/awesome-grok-imagine-prompts,https://github.com/YouMind-OpenLab/awesome-grok-imagine-prompts/blob/0ae7511b5f6ae78e6a397c01a1db1f3db5f5ee91/README.md#L1920,CC-BY-4.0,Angie Ramos Mendez,https://x.com/AngieRamos2030/status/2086334770317807765,True,prompts/真人/现实向/剧情短片/grok-8837--Cozy-Indoor-Profile-Transformation.md,"Transform this photo into a cozy indoors profile picture of the exact same young woman. Keep her face geometry, proportions, green eyes, nose, mouth, jawline, fair skin tone with natural texture and pores, long straight black hair with bangs, exact h..."
grok-8838,Magical Fairytale Garden Adventure,,真人,特效向,奇幻怪兽,,en,Grok Imagine,,,YouMind-OpenLab/awesome-grok-imagine-prompts,https://github.com/YouMind-OpenLab/awesome-grok-imagine-prompts/blob/0ae7511b5f6ae78e6a397c01a1db1f3db5f5ee91/README.md#L1901,CC-BY-4.0,Diana J,https://x.com/DianaJ5858/status/2086340297546440810,True,prompts/真人/特效向/奇幻怪兽/grok-8838--Magical-Fairytale-Garden-Adventure.md,I am walking through a beautiful magical garden. There are song birds and butterflies. I am having a fairytale adventure.….
grok-8839,Grand Canyon Mustang Jump,,真人,现实向,剧情短片,,en,Grok Imagine,,,YouMind-OpenLab/awesome-grok-imagine-prompts,https://github.com/YouMind-OpenLab/awesome-grok-imagine-prompts/blob/bbaaa2921f4f2a6200de1135cde46948a4998620/README.md#L1927,CC-BY-4.0,Philip Carr,https://x.com/PhilipCarrn7711/status/2086597536408621308,True,prompts/真人/现实向/剧情短片/grok-8839--Grand-Canyon-Mustang-Jump.md,"The black Ford Mustang GT and the beige Land Cruiser SUV from the reference image are now dropping into the biggest ramp on Earth: a massive, steep, curved natural rock halfpipe ramp carved into the Grand Canyon walls. Both vehicles accelerate hard d..."
grok-8840,Sustainability Speech Animation,,真人,现实向,剧情短片,,en,Grok Imagine,,,YouMind-OpenLab/awesome-grok-imagine-prompts,https://github.com/YouMind-OpenLab/awesome-grok-imagine-prompts/blob/fd8a92f2b5905dd53bafd4cea9e8ab71b8634945/README.md#L2117,CC-BY-4.0,Optimistic Degen,https://x.com/OptimisticD3G3n/status/2086639699268091914,True,prompts/真人/现实向/剧情短片/grok-8840--Sustainability-Speech-Animation.md,"recreate it with an X-Man version in picture form, make the character say: “Basically, the goal is to give people hope, realistic hope. Maybe hope is even the wrong word. Simply to say that there is a path to a fully sustainable, global economy. We are on that path, and we are accelerating that path. So long as we don't get complacent about it, it will happen.”"
grok-8841,Ocean Sand Castle Builder,,真人,现实向,剧情短片,,en,Grok Imagine,,,YouMind-OpenLab/awesome-grok-imagine-prompts,https://github.com/YouMind-OpenLab/awesome-grok-imagine-prompts/blob/bbaaa2921f4f2a6200de1135cde46948a4998620/README.md#L2003,CC-BY-4.0,Margo,https://x.com/Margotrident/status/2086545945395855822,True,prompts/真人/现实向/剧情短片/grok-8841--Ocean-Sand-Castle-Builder.md,"Create many beaches well of sand castles getting knocked over by the waves, and then the ocean itself becomes a builder that creates a house behind the hills up high"
grok-8842,Japanese Street Cinema Verite Prompt,,真人,现实向,剧情短片,,en,Grok Imagine,,,YouMind-OpenLab/awesome-grok-imagine-prompts,https://github.com/YouMind-OpenLab/awesome-grok-imagine-prompts/blob/0ae7511b5f6ae78e6a397c01a1db1f3db5f5ee91/README.md#L1843,CC-BY-4.0,TechHalla,https://x.com/techhalla/status/2086421987602121205,True,prompts/真人/现实向/剧情短片/grok-8842--Japanese-Street-Cinema-Verite-Prompt.md,"[STYLE + CAMERA + ATMOSPHERE]

Gritty 16mm cinéma vérité, authentic documentary footage from a lived-in contemporary Japanese street with strong pseudo-feudal aesthetics. Organic film grain, pure natural daylight mixed with soft red paper lantern glow and subtle modern neon from traditional wooden storefronts, heavy shoulder-mounted handheld shake, no stabilization, soft focus falls, subtle light leaks, raw and elegant, lived-in realism. Continuous imperfect handheld observation, camera constantly breathing and shifting with aggressive energy.

[TIMELINE SECOND BY SECOND]

0-1.5s: [Close Handheld Tracking] Young Japanese woman in aggressive urban streetwear (asymmetrical short black hair with undercut, cropped black tactical jacket over layered tank, baggy cargo pants with straps, heavy combat boots, silver chains, fierce natural expression) strides forward with powerful posture down a narrow stone-paved street lined with traditional wooden merchant houses, noren curtains and hanging lanterns. Camera stays tight on her sharp profile and upper body. She glances sideways with quiet intensity.

1.5-3s: [Unsteady Following Shot] She cuts through a small flow of pedestrians in mixed modern and traditional-inspired work clothes. Camera stays close behind and to the side, bouncing hard with every step. A delivery bicycle weaves past; she adjusts her path without slowing, eyes locked ahead.

3-4.5s: [Handheld Medium] A group of schoolkids on bikes suddenly cuts across her path. She steps aside with fluid aggression, locks eyes with the nearest kid for a half-second of hard mutual recognition, then continues. Plaza energy remains chaotic around her.

4.5-6s: [Raw Side Tracking] Camera swings unsteadily to her side as she passes an open-front traditional workshop. A craftsman looks up; she gives a barely perceptible nod without breaking stride. Light shifts across her face, chains and hair as the camera breathes with her movement.

6-7.5s: [Close Imperfect Push] She slows near a small street stall selling grilled skewers under a weathered wooden sign. Buys one with a quick cash exchange, takes a bite while still moving. Camera stays tight, catching the ordinary transaction and her unguarded micro-expression.

7.5-9s: [Unsteady Following] She resumes walking under the shadow of an elevated modern walkway that crosses the old street. A long group of office workers parts slightly as she passes through them without acknowledgment. Residual motion and city hum everywhere.

9-10.5s: [Raw Tracking] Camera stays close and imperfect as she moves past flickering lanterns and a row of rounded modern scooters parked against wooden facades. Her gait remains strong and uninterrupted, face catching shifting daylight and soft red glow.

10.5-12s: [Handheld Side] She steps aside for a moment against a weathered stone pillar near a small shrine gate, watches the street flow for one second with a quiet, grounded look, then pushes off again at"
grok-8843,Forest Animal Scene Integration,,真人,现实向,剧情短片,,en,Grok Imagine,,,YouMind-OpenLab/awesome-grok-imagine-prompts,https://github.com/YouMind-OpenLab/awesome-grok-imagine-prompts/blob/bbaaa2921f4f2a6200de1135cde46948a4998620/README.md#L2060,CC-BY-4.0,Sunset,https://x.com/wanxia59/status/2086515228297101705,True,prompts/真人/现实向/剧情短片/grok-8843--Forest-Animal-Scene-Integration.md,"Place the young Asian woman from the second image into the peaceful forest animal scene of the first image. Keep her exact appearance, face, dark hair in high bun, magenta fleece jacket, teal leggings and pink shoes. Have her sit calmly on a mossy fa..."
grok-8844,Mad Max Chaos Frog Car,,真人,现实向,剧情短片,,en,Grok Imagine,,,YouMind-OpenLab/awesome-grok-imagine-prompts,https://github.com/YouMind-OpenLab/awesome-grok-imagine-prompts/blob/0ae7511b5f6ae78e6a397c01a1db1f3db5f5ee91/README.md#L1939,CC-BY-4.0,Marys Flowers,https://x.com/Marycottagefarm/status/2086323060739801213,True,prompts/真人/现实向/剧情短片/grok-8844--Mad-Max-Chaos-Frog-Car.md,This is a mad max looking car but it’s the chaos angry frog car  whith a lot of cool stuff
grok-8845,Comic Book Superhero Flight,,漫剧,特效向,特效综合,美漫,en,Grok Imagine,,,YouMind-OpenLab/awesome-grok-imagine-prompts,https://github.com/YouMind-OpenLab/awesome-grok-imagine-prompts/blob/0ae7511b5f6ae78e6a397c01a1db1f3db5f5ee91/README.md#L2116,CC-BY-4.0,Kathleen Higney,https://x.com/krhigney/status/2086222003980091899,True,prompts/漫剧/特效向/特效综合/grok-8845--Comic-Book-Superhero-Flight.md,"In classic comic book animation style with bold outlines and vibrant colors, the muscular superhero flies powerfully forward and upward away from the collapsing bridge, his red cape billowing dramatically in the wind. Debris, concrete chunks, and spa..."
grok-8846,Adrenaline-Fueled Asian Woman in Cockpit,Adrenaline-Fueled Asian Woman in Cockpit,真人,现实向,情绪特写,,en,Grok Imagine,,,YouMind-OpenLab/awesome-grok-imagine-prompts,https://github.com/YouMind-OpenLab/awesome-grok-imagine-prompts/blob/bbaaa2921f4f2a6200de1135cde46948a4998620/README_zh.md#L2098,CC-BY-4.0,Loriel.AI,https://x.com/ou_zhen599/status/2086490782459191393,True,prompts/真人/现实向/情绪特写/grok-8846--Adrenaline-Fueled-Asian-Woman-in-Cockpit.md,"<<<image_1>>> — Young Asian woman, short curly brown hair with bangs, silver glitter band-aid on the bridge of her nose, yellow latex crop top, beige cargo pants. <<<image_2>>> — Cockpit interior only: dark cramped space, control sticks on both sides of the seat, tech panels and cables on the bulkhead. Close-up in the cockpit — post-war calm and relaxed atmosphere — <<<image_1>>> sitting in the seat filled with pure adrenaline, eyes glowing. She looks around while speaking — vivid and natural. Gasps excitedly saying: ""You should have seen this!"" Pause — take a breath — ""Pufffff—"" then makes a heavy punch gesture in the air — arms moving slowly as if she's reenacting it in slow motion — facial expression recreating that epic moment — eyes wide — total comedic excitement. External background almost invisible — all attention focused on her. Camera full of life with a slight shake. Realistic. 16:9. 8 seconds. SFX only. Cinematic. Handheld. Heavy grain."
grok-8847,Surreal Loop of Dancing Lady,,真人,特效向,超现实创意,,en,Grok Imagine,,,YouMind-OpenLab/awesome-grok-imagine-prompts,https://github.com/YouMind-OpenLab/awesome-grok-imagine-prompts/blob/0ae7511b5f6ae78e6a397c01a1db1f3db5f5ee91/README.md#L2078,CC-BY-4.0,Tina ♡ 💫,https://x.com/Tina22_2/status/2086244619738591374,True,prompts/真人/特效向/超现实创意/grok-8847--Surreal-Loop-of-Dancing-Lady.md,"a dancing lady beside a tree amid a swirling petalstorm, with a bird and clouds in a void and an infinite loop surreal scene, rendered in pattern and decoration style with dense ornamental motifs, arabesques, florals, tessellations, saturated harmonious palette, glittering fabric textures, all‑over decorative field"
grok-8848,Historical Character Scene,,真人,现实向,剧情短片,,en,Grok Imagine,,,YouMind-OpenLab/awesome-grok-imagine-prompts,https://github.com/YouMind-OpenLab/awesome-grok-imagine-prompts/blob/0ae7511b5f6ae78e6a397c01a1db1f3db5f5ee91/README.md#L1786,CC-BY-4.0,🐕‍🦺Ðoge✝️Cherball🚀,https://x.com/DogeCherball/status/2086469861975208241,True,prompts/真人/现实向/剧情短片/grok-8848--Historical-Character-Scene.md,Have Olaf the white standing next to Cherball MacDungail and Ivar the boneless with crutches.
grok-8849,Elven Sorceress Escaping Oil Painting,,真人,现实向,剧情短片,,en,Grok Imagine,,,YouMind-OpenLab/awesome-grok-imagine-prompts,https://github.com/YouMind-OpenLab/awesome-grok-imagine-prompts/blob/bbaaa2921f4f2a6200de1135cde46948a4998620/README.md#L1984,CC-BY-4.0,AI Survivalist,https://x.com/SurviveWithAI/status/2086559641131991233,True,prompts/真人/现实向/剧情短片/grok-8849--Elven-Sorceress-Escaping-Oil-Painting.md,"Start from the exact provided oil painting of the elegant elven sorceress with long flowing white hair, pointed ears, ornate deep purple and gold robes, and a swirling blue magical flame hovering above her open palm. In one continuous seamless 15-second sequence with smooth, elegant, flowing movement: She gracefully raises her hand and uses the blue flame like a brush to broadly draw a large tall elliptical portal of swirling blue and violet arcane energy with golden light trails and glowing rings in the air directly in front of her. The portal expands and solidifies into a shimmering magical gateway positioned between her and the viewer. She then steps forward through the glowing threshold, robes and hair flowing naturally. The camera smoothly follows her then performs a slow cinematic dolly pull-back, revealing that she has fully emerged from a large ornate gold-framed oil painting that remains firmly hanging on the wall of a grand classical museum gallery behind her. The painting on the wall now shows only the empty rocky platform and the original painted background — her figure is completely gone from the painting. She stands fully in the real museum space directly in front of the now-empty painting, with marble floors, high ceilings, soft warm lighting, and other artworks nearby. As she fully exits the portal into the museum in front of the empty painting, her appearance gradually and seamlessly transforms from the textured oil-painting brushstroke style and painterly lighting into a cinematic photorealistic version of herself. Only the rendering style changes — the thick brushstrokes dissolve into sharp realistic skin details, individual hair strands, and realistic fabric textures under natural museum lighting. The exact same ornate deep purple and gold robes, identical design, cut, gold embroidery patterns, blue gems, silhouette, and every clothing detail remain completely unchanged. The clothing does not morph, redesign, or alter in any way; it simply becomes photorealistic fabric while keeping every detail of the original painted outfit. Her exact likeness, facial features, hair, body proportions, and elegant posture are also perfectly preserved. The framed painting (now empty of her figure) and the wall stay clearly present and visible in the background behind her throughout the rest of the sequence. Continuous fluid camera and character motion, magical atmosphere, no cuts."
grok-8850,Startup Comedy Stand-up Scene,,真人,现实向,喜剧整活,,en,Grok Imagine,,,YouMind-OpenLab/awesome-grok-imagine-prompts,https://github.com/YouMind-OpenLab/awesome-grok-imagine-prompts/blob/bbaaa2921f4f2a6200de1135cde46948a4998620/README.md#L2041,CC-BY-4.0,Yev Marusenko,https://x.com/DoctorYev/status/2086515821497766106,True,prompts/真人/现实向/喜剧整活/grok-8850--Startup-Comedy-Stand-up-Scene.md,a startup man doing stand up comedy in a small venue tells an AI founder startup investing joke with an absurd surprise (include the joke in the dialogue)
grok-8851,Futuristic Gold Figure Newspaper Video,,真人,现实向,年代怀旧,,en,Grok Imagine,,,YouMind-OpenLab/awesome-grok-imagine-prompts,https://github.com/YouMind-OpenLab/awesome-grok-imagine-prompts/blob/0ae7511b5f6ae78e6a397c01a1db1f3db5f5ee91/README.md#L1824,CC-BY-4.0,PRⓞTⓄTYPE LIVE,https://x.com/PrototypeLive/status/2086435623993581615,True,prompts/真人/现实向/年代怀旧/grok-8851--Futuristic-Gold-Figure-Newspaper-Video.md,"{""shot"": {""motion_level"": ""low"", ""camera_depth"": ""medium close-up"", ""camera_view"": ""eye level"", ""camera_movement"": ""static shot""}, ""scene"": {""location"": ""abstract setting with a newspaper background"", ""environment"": ""The background consists of layered, out-of-focus newspaper pages with various headlines and images. The lighting is focused on the central figure, creating a high-contrast, spotlight effect.""}, ""cinematography"": {""lighting"": ""artificial, focused lighting"", ""style"": ""futuristic, digital art with a retro-futuristic aesthetic"", ""texture"": ""glossy, metallic surfaces on the figure, matte and aged paper textures in the background"", ""depth_of_field"": ""shallow focus on foreground""}, ""visual_details"": {""objects"": [""Futuristic figure: A figure with a glossy, gold-colored metallic face and head structure, glowing eyes, and a high ponytail with dark, braided or twisted hair. The figure wears a purple garment and has visible mechanical joints and components.""], ""positioning"": [""The Futuristic figure is centered in the foreground of the frame, superimposed over a background of newspaper pages.""], ""text_elements"": [""Headline text: Large, bold text at the top of the frame reads 'PROTOTYPE BREAKS THE MOLD! THE WORLD'S FIRST BLACK WOMAN TECH BILLIONAIRE!' in a vintage newspaper font style.""]}, ""motion"": ""The video begins with a Futuristic figure centered in the foreground, its glowing eyes fixed forward. The figure's head initiates a slow, deliberate turn to its right, accompanied by a subtle, mechanical whirring motion in its neck and facial components. As the head turns, the high ponytail of dark, braided hair sways gently from left to right in a smooth, arcing trajectory, following the head's movement. The glowing elements within the figure's eyes and facial structure pulse with a steady, rhythmic intensity, casting shifting reflections on its glossy, gold-colored metallic surfaces. The figure's upper body makes minor, synchronized adjustments, with mechanical joints in the neck and shoulders moving fluidly. (no dialogue)"
grok-8852,Abstract Painting Motion Synthesis,,其他,,动态图形与界面,,en,Grok Imagine,,,YouMind-OpenLab/awesome-grok-imagine-prompts,https://github.com/YouMind-OpenLab/awesome-grok-imagine-prompts/blob/0ae7511b5f6ae78e6a397c01a1db1f3db5f5ee91/README.md#L1977,CC-BY-4.0,Lisa Renko,https://x.com/LanaSuccess11/status/2086288455403798909,True,prompts/其他/动态图形与界面/grok-8852--Abstract-Painting-Motion-Synthesis.md,"Photo of 2 Neurolink paintings in process. Photo of those wet ""Autonomism"" producing fabrics in basement. Mix, move, and create."
grok-8875,Holographic Satellite Wormhole Video,,真人,现实向,剧情短片,,en,Grok Imagine,,,YouMind-OpenLab/awesome-grok-imagine-prompts,https://github.com/YouMind-OpenLab/awesome-grok-imagine-prompts/blob/fd8a92f2b5905dd53bafd4cea9e8ab71b8634945/README.md#L1957,CC-BY-4.0,Quantum Chemist,https://x.com/AdamCur73340771/status/2086911161706930641,True,prompts/真人/现实向/剧情短片/grok-8875--Holographic-Satellite-Wormhole-Video.md,Satellite with holographic diamond cube used that generates a wormhole of photons
grok-8876,Porpoise in Moonlit Ocean Video,,真人,现实向,剧情短片,,en,Grok Imagine,,,YouMind-OpenLab/awesome-grok-imagine-prompts,https://github.com/YouMind-OpenLab/awesome-grok-imagine-prompts/blob/bbaaa2921f4f2a6200de1135cde46948a4998620/README.md#L1946,CC-BY-4.0,𝒮𝓎𝓃𝓃𝑒,https://x.com/synne1607/status/2086591149901287648,True,prompts/真人/现实向/剧情短片/grok-8876--Porpoise-in-Moonlit-Ocean-Video.md,The Scene is somewhere in the ocean. Somewhere dark and chilly in the world. Its nighfall and starskies and moonlight are shining and mirroring themselves in the ocean surface. I would like a porpoise somewhere. Playing with the waves....
grok-8877,Cyberpunk Neon Origami Crane,,真人,特效向,科幻,,en,Grok Imagine,,,YouMind-OpenLab/awesome-grok-imagine-prompts,https://github.com/YouMind-OpenLab/awesome-grok-imagine-prompts/blob/fd8a92f2b5905dd53bafd4cea9e8ab71b8634945/README.md#L1997,CC-BY-4.0,Okikiola Laura Eniola,https://x.com/OkikiolaLalmcr/status/2086899618491547810,True,prompts/真人/特效向/科幻/grok-8877--Cyberpunk-Neon-Origami-Crane.md,"A glowing neon origami crane flying through a dark, rainy cyberpunk alleyway, illuminated by flickering holo billboards, fast cinematic blur, hyper-detailed, 8k ultra-realistic"
grok-8878,Primal Hypnotic Yawn Video,,真人,现实向,剧情短片,,en,Grok Imagine,,,YouMind-OpenLab/awesome-grok-imagine-prompts,https://github.com/YouMind-OpenLab/awesome-grok-imagine-prompts/blob/fd8a92f2b5905dd53bafd4cea9e8ab71b8634945/README.md#L2041,CC-BY-4.0,Lisa Kuhnley,https://x.com/LisaJKuhnley/status/2086849743049654595,True,prompts/真人/现实向/剧情短片/grok-8878--Primal-Hypnotic-Yawn-Video.md,No words rhythmic almost primal hypnotic music plays as he stretches and yawns....
grok-8879,Cinematic Party Celebration Video,,真人,现实向,剧情短片,,en,Grok Imagine,,,YouMind-OpenLab/awesome-grok-imagine-prompts,https://github.com/YouMind-OpenLab/awesome-grok-imagine-prompts/blob/fd8a92f2b5905dd53bafd4cea9e8ab71b8634945/README.md#L1804,CC-BY-4.0,Loriel.AI,https://x.com/ou_zhen599/status/2087077714876653798,True,prompts/真人/现实向/剧情短片/grok-8879--Cinematic-Party-Celebration-Video.md,"CN Medium-close-up. Single take, no cuts. For positioning and lighting, refer to Image1. The camera is positioned to the side, right next to Image2 and Image3—the entire venue is not visible; only a warm, blurred background is shown. They place the green beer bottles on the table—quickly, casually, barely glancing at them. Then Image2 immediately comes into her own—breaking into a huge smile, shouting as she moves, bright and completely unfiltered: “Yay—yay—yay! We finally won this war!” She’s already running and jumping forward—a playful, bouncy jog, light yet unstoppable, pure energy. Halfway through, she glances back at Image3. Image3 meets her gaze—a mature, slightly restrained smile, warm yet measured—and then they embrace each other warmly; they look incredibly happy. The camera follows them from the side throughout the sequence, with warm light softly falling on both their faces. Slight handheld drift. ARRI 35, anamorphic lens. Realistic style. No 3D animation. Real textures, real weight, real motion blur. SFX only. No music."
grok-8880,Madonna Scarf Dance Animation,,漫剧,现实向,剧情短片,未注明,en,Grok Imagine,,,YouMind-OpenLab/awesome-grok-imagine-prompts,https://github.com/YouMind-OpenLab/awesome-grok-imagine-prompts/blob/fd8a92f2b5905dd53bafd4cea9e8ab71b8634945/README.md#L1881,CC-BY-4.0,Julio McCauley,https://x.com/CosmicJulioBro/status/2087001482130505899,True,prompts/漫剧/现实向/剧情短片/grok-8880--Madonna-Scarf-Dance-Animation.md,"Leave text ‘as is’, have Madonna with long scarf over her head throughout, have Madonna gracefully dance in yoga like moves dancing with the long flowing scarf while saying lovingly: Thank you fans for making ‘Confessions part 2’ number one in the Un..."
grok-8881,Cybertruck NYC Rain Sequence,,其他,,广告带货,,en,Grok Imagine,link-only,brand-ad,YouMind-OpenLab/awesome-grok-imagine-prompts,https://github.com/YouMind-OpenLab/awesome-grok-imagine-prompts/blob/fd8a92f2b5905dd53bafd4cea9e8ab71b8634945/README.md#L2016,CC-BY-4.0,Alex Utopia,https://x.com/alexutopia/status/2086853658797322341,True,prompts/其他/广告带货/grok-8881--Cybertruck-NYC-Rain-Sequence.md,
grok-8882,Cosmic Chessboard Energy Being,,真人,现实向,剧情短片,,en,Grok Imagine,,,YouMind-OpenLab/awesome-grok-imagine-prompts,https://github.com/YouMind-OpenLab/awesome-grok-imagine-prompts/blob/fd8a92f2b5905dd53bafd4cea9e8ab71b8634945/README.md#L1842,CC-BY-4.0,Sas,https://x.com/SaSHeaven26/status/2087041264864616611,True,prompts/真人/现实向/剧情短片/grok-8882--Cosmic-Chessboard-Energy-Being.md,"A chessboard with two players . A energy being knocking over the board a sending it spiraling into the universe where 9 planets are in alignment .
The board crashes into the planets knocking them from their orbit ...."
grok-8883,Ethereal Blue Heart Lotus Sanctuary,,真人,现实向,剧情短片,,en,Grok Imagine,,,YouMind-OpenLab/awesome-grok-imagine-prompts,https://github.com/YouMind-OpenLab/awesome-grok-imagine-prompts/blob/fd8a92f2b5905dd53bafd4cea9e8ab71b8634945/README.md#L1976,CC-BY-4.0,Carina,https://x.com/Freehere8/status/2086900963558961534,True,prompts/真人/现实向/剧情短片/grok-8883--Ethereal-Blue-Heart-Lotus-Sanctuary.md,"A vast blue heart beside a tranquil blue lotus pond, sapphire cobalt and powder-blue lotuses, tiny silver lanterns, quiet waterside sanctuary, silvery morning sun, pearl-white reflections, subtle rim light, tender devotional atmosphere, serene and spacious, faint morning mist, delicate water reflections, subtle sacred geometry, ethereal storybook illustration, fine botanical detail, soft painterly texture, monochromatic blue palette, dreamlike realism, elegant composition. The heart dissolves into non-duality, creates spaciousness; a mini human in the pavilion meditates.

[blue_heart]+ [lotus] + [pale_celestial_light] + [water] + [devotion]"
grok-8884,Stylish Tennis Athlete Look,,真人,现实向,运动,,en,Grok Imagine,,,YouMind-OpenLab/awesome-grok-imagine-prompts,https://github.com/YouMind-OpenLab/awesome-grok-imagine-prompts/blob/fd8a92f2b5905dd53bafd4cea9e8ab71b8634945/README.md#L1900,CC-BY-4.0,Alicia McNatt,https://x.com/AliciaMcnatt/status/2086997286391873544,True,prompts/真人/现实向/运动/grok-8884--Stylish-Tennis-Athlete-Look.md,"robin eggshell blue visor holding back my loose waves, crisp white fitted polo tucked into a little pleated tennis skirt that hits mid-thigh, long lean sporty legs with that warm sun-kissed glow, robin eggshell blue socks peeking out of simple high-end tagless sneakers, clean white everything with just that soft beachy blue pop so it feels pure oahu, no logos no fuss just sharp and ready for the court"
grok-8885,Hollywood Labor Hall Conversation,,真人,现实向,剧情短片,,en,Grok Imagine,,,YouMind-OpenLab/awesome-grok-imagine-prompts,https://github.com/YouMind-OpenLab/awesome-grok-imagine-prompts/blob/bbaaa2921f4f2a6200de1135cde46948a4998620/README.md#L1908,CC-BY-4.0,Edward Elkins,https://x.com/EdwardElkinsJr/status/2086602828131226109,True,prompts/真人/现实向/剧情短片/grok-8885--Hollywood-Labor-Hall-Conversation.md,"Hollywood california , labor hall , labor ready, two young men one in 30s one early 20s are talking and another young man walks buy , he is limping and holding his ribs, he recognizes the man in his 20s and they talk, tge 20 yr old asks what happened"
grok-8886,Sunlit Meadow with Flying Eagle,,真人,现实向,剧情短片,,en,Grok Imagine,,,YouMind-OpenLab/awesome-grok-imagine-prompts,https://github.com/YouMind-OpenLab/awesome-grok-imagine-prompts/blob/fd8a92f2b5905dd53bafd4cea9e8ab71b8634945/README.md#L1919,CC-BY-4.0,Spiritual Warrior,https://x.com/dpbd6921/status/2086994589915955403,True,prompts/真人/现实向/剧情短片/grok-8886--Sunlit-Meadow-with-Flying-Eagle.md,Make a beautiful sunshine through clouds shining on a meadow of beautiful multi colored flowers swaying in the wind with an eagle flying in the could.
grok-8887,Intimate Forehead Touch Cinematic Scene,,真人,现实向,剧情短片,,en,Grok Imagine,,,YouMind-OpenLab/awesome-grok-imagine-prompts,https://github.com/YouMind-OpenLab/awesome-grok-imagine-prompts/blob/fd8a92f2b5905dd53bafd4cea9e8ab71b8634945/README.md#L1823,CC-BY-4.0,adelkaai,https://x.com/adelka_ai88/status/2087053258275602756,True,prompts/真人/现实向/剧情短片/grok-8887--Intimate-Forehead-Touch-Cinematic-Scene.md,"Soft smiles hold while a quiet shared breath lingers, closed eyes resting fully in the deepest forehead touch under the twin crescents. Paradox navy and freckles rest easy against the suit."
grok-8888,Grok Imagine Dynamic Handheld Camera Video Prompt,,真人,现实向,生活与vlog,,en,Grok Imagine,,,YouMind-OpenLab/awesome-grok-imagine-prompts,https://github.com/YouMind-OpenLab/awesome-grok-imagine-prompts/blob/fd8a92f2b5905dd53bafd4cea9e8ab71b8634945/README.md#L2098,CC-BY-4.0,のとろ,https://x.com/notoro_ai/status/2086672456337482174,True,prompts/真人/现实向/生活与vlog/grok-8888--Grok-Imagine-Dynamic-Handheld-Camera-Vid.md,"Consistent visual style, handheld camera, shaky camera, camera shake, camera swaying side-to-side, camera swaying back and forth, dynamic camera work, camera tracking hand movements, fisheye lens, ultra-wide-angle lens, camera moving in a regular pattern up and down or back and forth, dynamic perspective, immersive first-person perspective"
grok-8889,Cinematic first person tracking reveal,,真人,现实向,生活与vlog,,en,Grok Imagine,,,YouMind-OpenLab/awesome-grok-imagine-prompts,https://github.com/YouMind-OpenLab/awesome-grok-imagine-prompts/blob/fd8a92f2b5905dd53bafd4cea9e8ab71b8634945/README.md#L1862,CC-BY-4.0,のとろ,https://x.com/notoro_ai/status/2087029874468987304,True,prompts/真人/现实向/生活与vlog/grok-8889--Cinematic-first-person-tracking-reveal.md,"Consistent visual style, preserve exact character appearance, clothing, and lighting from the reference image. Start with a smooth, gentle tracking shot that follows the hand movement on the shoulder and arm in close detail. Then slowly and fluidly tilt/pan upward to reveal the face, focusing on the subtle expression, soft eye movement, and gentle blinking. Immersive first-person perspective, mild fisheye influence, ultra-wide-angle lens. Smooth and elegant camera motion with very subtle natural sway only, no strong shake. Slow natural pacing"
grok-8922,Sunrise Athletic Stretching,,真人,现实向,运动,,en,Grok Imagine,,,YouMind-OpenLab/awesome-grok-imagine-prompts,https://github.com/YouMind-OpenLab/awesome-grok-imagine-prompts/blob/5379da3c739da08edd6eb545ed761f65269d8d75/README.md#L1922,CC-BY-4.0,Viralblend,https://x.com/_Viralblend/status/2087367648606872030,True,prompts/真人/现实向/运动/grok-8922--Sunrise-Athletic-Stretching.md,"Athletic person stretching at sunrise, city skyline background, golden hour lighting, minimalist activewear, cinematic photography"
grok-8923,Electric Energy Visual Effects,,真人,现实向,剧情短片,,en,Grok Imagine,,,YouMind-OpenLab/awesome-grok-imagine-prompts,https://github.com/YouMind-OpenLab/awesome-grok-imagine-prompts/blob/5379da3c739da08edd6eb545ed761f65269d8d75/README.md#L1984,CC-BY-4.0,Teh Lid,https://x.com/TehLid88/status/2087312335165686193,True,prompts/真人/现实向/剧情短片/grok-8923--Electric-Energy-Visual-Effects.md,"Static locked camera, no subject movement, everything remains completely still. Rapid electric highlights and outlines flash and pulse across the image — glowing electric blue and white energy strobes on edges, backgrounds, and foregrounds, making it feel alive and electric with only light and energy effects, no actual motion."
grok-8924,Cinematic Fashion Lifestyle Sequence,,真人,现实向,时尚写真,,en,Grok Imagine,,,YouMind-OpenLab/awesome-grok-imagine-prompts,https://github.com/YouMind-OpenLab/awesome-grok-imagine-prompts/blob/5379da3c739da08edd6eb545ed761f65269d8d75/README.md#L2098,CC-BY-4.0,Ahmad Faraz,https://x.com/iamahmedfaraz66/status/2087144498258128996,True,prompts/真人/现实向/时尚写真/grok-8924--Cinematic-Fashion-Lifestyle-Sequence.md,"Make the video feel like a cinematic fashion/lifestyle sequence with varied shots and natural storytelling. Start with a wide environmental shot showing her full body and surroundings, then transition into a full-body tracking shot as she slowly walks through the breeze. Move into a medium three-quarter shot where she naturally brushes windblown hair away from her face and briefly looks into the distance with a soft, thoughtful expression. Follow with a medium-long side-profile shot as a stronger gust moves her hair and coat while the camera slowly arcs around her. End with an intimate close-up matching the reference image, her eyes gently closed as she tilts her face toward the breeze with a subtle peaceful expression. Use smooth cinematic camera movements, realistic walking and body mechanics, natural breathing, detailed hair and fabric physics, changing wind intensity, realistic depth and motion blur. Avoid making every shot a close-up or keeping her static. Preserve her exact face, identity, hairstyle, outfit, body proportions, jewelry, and overall appearance throughout. No exaggerated expressions, no talking, no sudden movements, no face morphing or outfit changes."
grok-8925,Golden hour ocean view dolly shot,,真人,现实向,剧情短片,,en,Grok Imagine,,,YouMind-OpenLab/awesome-grok-imagine-prompts,https://github.com/YouMind-OpenLab/awesome-grok-imagine-prompts/blob/5379da3c739da08edd6eb545ed761f65269d8d75/README.md#L2022,CC-BY-4.0,Owen,https://x.com/owenxplore/status/2087230601719877929,True,prompts/真人/现实向/剧情短片/grok-8925--Golden-hour-ocean-view-dolly-shot.md,"The camera slowly dollies forward through the luxurious hotel room toward the floor-to-ceiling windows, revealing the vast sparkling ocean at golden hour as silk curtains gently billow in the breeze and warm sunlight glides across the polished floors..."
grok-8926,DMV Security Bike Patrol,,真人,现实向,剧情短片,,en,Grok Imagine,,,YouMind-OpenLab/awesome-grok-imagine-prompts,https://github.com/YouMind-OpenLab/awesome-grok-imagine-prompts/blob/fd8a92f2b5905dd53bafd4cea9e8ab71b8634945/README.md#L1938,CC-BY-4.0,Edward Elkins,https://x.com/EdwardElkinsJr/status/2086989567635140643,True,prompts/真人/现实向/剧情短片/grok-8926--DMV-Security-Bike-Patrol.md,"The downtown DMV headquarters in Sacramento, California, security guards are patrolling the parking lots for state government employees. Three male blonde security guards in their late 20s to early 30s are on bike patrol and ride to the back parking..."
grok-8927,Sleek Silver Rocket Launch,,真人,现实向,剧情短片,,en,Grok Imagine,,,YouMind-OpenLab/awesome-grok-imagine-prompts,https://github.com/YouMind-OpenLab/awesome-grok-imagine-prompts/blob/5379da3c739da08edd6eb545ed761f65269d8d75/README.md#L2003,CC-BY-4.0,Owen,https://x.com/owenxplore/status/2087309189534151111,True,prompts/真人/现实向/剧情短片/grok-8927--Sleek-Silver-Rocket-Launch.md,"The sleek silver rocket accelerates powerfully upward through the atmosphere, its engines roaring with intensifying orange and white flames as the massive plume of smoke and fire expands and trails behind. The camera slowly pans and tilts upward to t..."
grok-8928,Ghibli Style Cycling Video,,漫剧,现实向,日常治愈,2D日漫,en,Grok Imagine,,,YouMind-OpenLab/awesome-grok-imagine-prompts,https://github.com/YouMind-OpenLab/awesome-grok-imagine-prompts/blob/5379da3c739da08edd6eb545ed761f65269d8d75/README.md#L2041,CC-BY-4.0,arnab,https://x.com/arnab28x/status/2087221207422919109,True,prompts/漫剧/现实向/日常治愈/grok-8928--Ghibli-Style-Cycling-Video.md,"Low camera angle following a girl pedaling her bike down a gentle slope facing a scenic bay and green mountain. Gentle motion blur on wheels, realistic wind blowing her blonde hair, sparkling ocean water in the background, Studio Ghibli-inspired vibrant lighting. (Immersive"
grok-8929,High-speed magical broom flight video prompt,,真人,特效向,奇幻怪兽,,en,Grok Imagine,,,YouMind-OpenLab/awesome-grok-imagine-prompts,https://github.com/YouMind-OpenLab/awesome-grok-imagine-prompts/blob/fd8a92f2b5905dd53bafd4cea9e8ab71b8634945/README.md#L1775,CC-BY-4.0,Curious 1,https://x.com/CuriousOne_01/status/2087100628891738289,True,prompts/真人/特效向/奇幻怪兽/grok-8929--High-speed-magical-broom-flight-video-pr.md,"@Image1: exact character reference. Preserve identity, face, hairstyle, body proportions, outfit, accessories, colors, materials and silhouette exactly. Do not redesign or invent details.

One continuous 15-second high-speed magical broom flight toward a vast coastal city and bright ocean. The character stands balanced on the broom as it races just above a lush green hillside at extreme speed, then performs a steep climb, full inversion, sharp dive, rising spiral, second climb and inversion, ending in a powerful forward glide toward the city.

Camera: aggressive low rear three-quarter tracking, 2–3 m behind, 47° FOV, locked on character and broom, no cuts. Strong vibration, speed blur and wind buffeting. The city continuously grows larger ahead.

Character constantly adjusts posture, feet, knees and arms for balance. Hair, clothing, accessories and any flexible elements visible in @Image1 react naturally and violently to wind and acceleration. No weightless drifting.

Bright midday sunlight, strong rim light, vivid blue sky, white clouds, floating white whales and seagulls. Grass, flowers and petals streak past with heavy motion blur.

Real-time motion, 24 fps, high-energy throughout, no slow motion, no dialogue. Continuous intense wind roar and cinematic high-energy soundtrack."
grok-8930,90s West Coast Documentary Realism,,真人,现实向,年代怀旧,,en,Grok Imagine,,,YouMind-OpenLab/awesome-grok-imagine-prompts,https://github.com/YouMind-OpenLab/awesome-grok-imagine-prompts/blob/0ae7511b5f6ae78e6a397c01a1db1f3db5f5ee91/README.md#L1805,CC-BY-4.0,TechHalla,https://x.com/techhalla/status/2086469019146592294,True,prompts/真人/现实向/年代怀旧/grok-8930--90s-West-Coast-Documentary-Realism.md,"[STYLE + CAMERA + ATMOSPHERE] Gritty 16mm cinéma vérité, authentic documentary footage from a single continuous handheld take in a lived-in 1990s West Coast neighborhood. Organic film grain, soft golden-hour natural light, heavy shoulder-mounted handheld shake, no stabilization, soft focus falls, subtle light leaks, raw and elegant, lived-in realism. Continuous imperfect handheld observation. Completely photorealistic real photography — zero CGI. [TIMELINE SECOND BY SECOND] 0-2s: [Close Handheld Tracking] Black woman in her early 30s walks straight toward camera down the quiet residential street. Short textured undercut, dark lipstick, gold chains, black open oversized blazer over fitted tank, baggy black cargos, sneakers. Sunglasses on. Hands in pockets, powerful casual stride. Camera stays tight on her upper body and face, bouncing with every step. Palm trees and pastel low-rise apartments frame the background. 2-4s: [Unsteady Following] She continues without breaking pace. A young guy sitting on a low wall nods at her; she returns a short, knowing nod without slowing. Camera stays close and imperfect, drifting slightly to her side then back. Soft golden light hits the gold chains and the side of her face. 4-6s: [Raw Side Tracking] A woman in a red top approaches from the sidewalk. Brief exchange — the woman says something quiet, the dealer gives a small head tilt and keeps walking. Camera follows in continuous handheld, catching the natural street energy and distant people hanging out near a parked 90s car. 6-8s: [Close Imperfect Push] She slows just enough for a quick, low-key handoff with a guy in a white tee who steps up briefly. The exchange is fast, natural, almost invisible. Camera stays locked on her, micro-shake and all, never cutting. Her expression stays calm and unreadable behind the sunglasses. 8-10s: [Unsteady Following] She resumes full stride. Another local on a skateboard rolls past and gives her a quick chin-up recognition. She barely acknowledges it. Camera continues the same continuous take, breathing with her movement past more stucco apartments and palm shadows. 10-12s: [Raw Tracking] A small group of three hanging near a driveway watches her pass. One of them steps forward slightly; she gives a short verbal reply without stopping and keeps moving. Camera stays close behind and to the side, imperfect and alive. 12-15s: [Continuous Handheld] She walks deeper into the neighborhood as the take continues unresolved. Soft late-afternoon light, distant hills, power lines, the casual rhythm of the street. Camera never cuts, staying with her natural pace until the end of the shot. [STYLE & QUALITY BOOSTERS] Photorealistic real 16mm film emulation, heavy organic grain, authentic 1990s West Coast neighborhood details (palm trees, pastel stucco, period cars, skate culture, golden hour light), natural skin and fabric texture, imperfect continuous handheld physics, subtle fil"
grok-8931,Cinematic 3-Shot Product Reveal Video,,其他,,广告带货,,en,Grok Imagine,,,YouMind-OpenLab/awesome-grok-imagine-prompts,https://github.com/YouMind-OpenLab/awesome-grok-imagine-prompts/blob/5379da3c739da08edd6eb545ed761f65269d8d75/README.md#L2079,CC-BY-4.0,いにしえ@AI Director / Creator / Engineer｜Will Oldgram,https://x.com/old_pgmrs_will/status/2087147332702007732,True,prompts/其他/广告带货/grok-8931--Cinematic-3-Shot-Product-Reveal-Video.md,"Hero Product Reveal, Turn one product photo into a cinematic 3-shot reveal video"
grok-9008,Fig Ripening Time-lapse,,其他,,风景空镜,,en,Grok Imagine,,,YouMind-OpenLab/awesome-grok-imagine-prompts,https://github.com/YouMind-OpenLab/awesome-grok-imagine-prompts/blob/0ffbe75e7f5ec87f56e3af149057706beec6ee8f/README.md#L2085,CC-BY-4.0,Sasquatch Intellect,https://x.com/CoryHug04362472/status/2087733530902024342,True,prompts/其他/风景空镜/grok-9008--Fig-Ripening-Time-lapse.md,Can you make that tiny green underripe fig turn into a gorgeous full-size ripe fig?
grok-9009,Anime Marker Raccoon Portrait,,漫剧,现实向,剧情短片,2D日漫,en,Grok Imagine,,,YouMind-OpenLab/awesome-grok-imagine-prompts,https://github.com/YouMind-OpenLab/awesome-grok-imagine-prompts/blob/5379da3c739da08edd6eb545ed761f65269d8d75/README.md#L1965,CC-BY-4.0,Pure Jimothy,https://x.com/purejimothy/status/2087319238629572834,True,prompts/漫剧/现实向/剧情短片/grok-9009--Anime-Marker-Raccoon-Portrait.md,Anime marker style (mostly solid colors and fills) portrait as a cartoon raccoon with a fat head like this and white and dark green and gold tinged themed fur instead of just black and white. Tasteful appointments with a 1980s themed airbrush background like old family portrait photos.
grok-9010,Chinese Cheongsam and Dragon Video,,真人,特效向,奇幻怪兽,,en,Grok Imagine,,,YouMind-OpenLab/awesome-grok-imagine-prompts,https://github.com/YouMind-OpenLab/awesome-grok-imagine-prompts/blob/5379da3c739da08edd6eb545ed761f65269d8d75/README.md#L1903,CC-BY-4.0,实在人,https://x.com/yngfipng1/status/2087474826802086038,True,prompts/真人/特效向/奇幻怪兽/grok-9010--Chinese-Cheongsam-and-Dragon-Video.md,"The beauty changed her clothes to Chinese cheongsam. The evil dragon leaned over and circled to look at the camera, and then the evil dragon rolled up the beautiful woman into the air. The beautiful woman looked down at the camera in the air and waved with a smile."
grok-9011,Busy Beaver Computation Desk Animation,,其他,,风景空镜,,en,Grok Imagine,,,YouMind-OpenLab/awesome-grok-imagine-prompts,https://github.com/YouMind-OpenLab/awesome-grok-imagine-prompts/blob/5379da3c739da08edd6eb545ed761f65269d8d75/README.md#L1941,CC-BY-4.0,John Colwell,https://x.com/Jmcssystems/status/2087323943648559187,True,prompts/其他/风景空镜/grok-9011--Busy-Beaver-Computation-Desk-Animation.md,"The Busy Beaver’s desk now has its flower point:

64 SWITCHES   1 FLOWER VASE
WORK   PLAY   LIFE

The flowers bring color into the computation without interrupting the Beaver’s work."
grok-9012,Zendaya as James Bond Concept Trailer,,真人,现实向,剧情短片,,en,Grok Imagine,link-only,real-person,YouMind-OpenLab/awesome-grok-imagine-prompts,https://github.com/YouMind-OpenLab/awesome-grok-imagine-prompts/blob/5379da3c739da08edd6eb545ed761f65269d8d75/README.md#L2060,CC-BY-4.0,Huff,https://x.com/Huff4Congress/status/2087175078651768903,True,prompts/真人/现实向/剧情短片/grok-9012--Zendaya-as-James-Bond-Concept-Trailer.md,
grok-9013,Cinematic Fantasy Sky Citadel,,真人,现实向,剧情短片,,en,Grok Imagine,,,YouMind-OpenLab/awesome-grok-imagine-prompts,https://github.com/YouMind-OpenLab/awesome-grok-imagine-prompts/blob/0ffbe75e7f5ec87f56e3af149057706beec6ee8f/README.md#L2047,CC-BY-4.0,Naoya,https://x.com/NaoyaCreates/status/2087800665926209550,True,prompts/真人/现实向/剧情短片/grok-9013--Cinematic-Fantasy-Sky-Citadel.md,"A mysterious girl with ocean eyes rises from the mist… and looks up at a floating sky citadel of golden domes, waterfalls, and airships."
grok-9083,Rainy Alley Cinematic Scene,,真人,现实向,剧情短片,,en,Grok Imagine,,,YouMind-OpenLab/awesome-grok-imagine-prompts,https://github.com/YouMind-OpenLab/awesome-grok-imagine-prompts/blob/0ffbe75e7f5ec87f56e3af149057706beec6ee8f/README.md#L1914,CC-BY-4.0,무언ㄱㅏ,https://x.com/moviekr/status/2088032525738491975,True,prompts/真人/现实向/剧情短片/grok-9083--Rainy-Alley-Cinematic-Scene.md,"She stands completely still in the rainy alley after stopping. Her right hand is held steady at chest height, palm up, fingers slightly open. A clear raindrop slowly falls and lands on her open palm with a tiny splash and ripple. Her eyes stay focuse..."
grok-9084,Quantum Physics Space Scene,,真人,现实向,剧情短片,,en,Grok Imagine,,,YouMind-OpenLab/awesome-grok-imagine-prompts,https://github.com/YouMind-OpenLab/awesome-grok-imagine-prompts/blob/0aba4592b328820fbb0eb7aeda7a848581c0eaa3/README.md#L1987,CC-BY-4.0,Tammy LouiseVsughan,https://x.com/TLouisevsughan/status/2088134606369529856,True,prompts/真人/现实向/剧情短片/grok-9084--Quantum-Physics-Space-Scene.md,"A quantum coil integrating quantum optics, Io-Jupiter flux tube, Gyan Mudra antenna, and High-Energy Density Plasma Compression in a space setting. The High-Energy Density Plasma Compression includes SHIELD (Self-Healing Inflatable Decelerator) and L..."
grok-9085,Macro Raindrop Close-up,,真人,现实向,剧情短片,,en,Grok Imagine,,,YouMind-OpenLab/awesome-grok-imagine-prompts,https://github.com/YouMind-OpenLab/awesome-grok-imagine-prompts/blob/0ffbe75e7f5ec87f56e3af149057706beec6ee8f/README.md#L1895,CC-BY-4.0,무언ㄱㅏ,https://x.com/moviekr/status/2088033221741289717,True,prompts/真人/现实向/剧情短片/grok-9085--Macro-Raindrop-Close-up.md,Extreme close-up holds still with soft natural breath. Her eyes remain focused with quiet wonder on the single large raindrop on her fingertip near her cheek. The raindrop gently shimmers and refracts the cool light with subtle internal highlights
grok-9086,Vintage Jazz Singer,,真人,现实向,年代怀旧,,en,Grok Imagine,,,YouMind-OpenLab/awesome-grok-imagine-prompts,https://github.com/YouMind-OpenLab/awesome-grok-imagine-prompts/blob/0aba4592b328820fbb0eb7aeda7a848581c0eaa3/README.md#L1916,CC-BY-4.0,pistacchione,https://x.com/Oldtool9/status/2088149153813577744,True,prompts/真人/现实向/年代怀旧/grok-9086--Vintage-Jazz-Singer.md,"The bald man in black suit and fedora sings passionately into the vintage microphone, mouth moving expressively as he croons, hand gesturing with soul, body swaying slightly to the music, fedora tilted, the big band orchestra behind him playing brass"
grok-9087,Quiet Stage Performance,,真人,现实向,生活与vlog,,en,Grok Imagine,,,YouMind-OpenLab/awesome-grok-imagine-prompts,https://github.com/YouMind-OpenLab/awesome-grok-imagine-prompts/blob/0ffbe75e7f5ec87f56e3af149057706beec6ee8f/README.md#L1933,CC-BY-4.0,Jarosław Justka,https://x.com/jaras70berlin/status/2087978382038380859,True,prompts/真人/现实向/生活与vlog/grok-9087--Quiet-Stage-Performance.md,I walk down the stairs to the stage. I have a microphone in my hand and I sing a quiet song.
grok-9088,Mars Energy Loop System,,真人,现实向,剧情短片,,en,Grok Imagine,,,YouMind-OpenLab/awesome-grok-imagine-prompts,https://github.com/YouMind-OpenLab/awesome-grok-imagine-prompts/blob/0aba4592b328820fbb0eb7aeda7a848581c0eaa3/README.md#L2006,CC-BY-4.0,Tammy LouiseVsughan,https://x.com/TLouisevsughan/status/2088129717148975216,True,prompts/真人/现实向/剧情短片/grok-9088--Mars-Energy-Loop-System.md,"A scene on Mars depicting a self-sustaining energy loop system. Coils in orbit, etched to resist dust and radiation, harness solar plasma. The system reverses the plasma flow to create a feedback loop, generating heat for Mars' core."
grok-9089,MAHEM Plasma Railgun Visualization,,真人,现实向,剧情短片,,en,Grok Imagine,,,YouMind-OpenLab/awesome-grok-imagine-prompts,https://github.com/YouMind-OpenLab/awesome-grok-imagine-prompts/blob/0aba4592b328820fbb0eb7aeda7a848581c0eaa3/README.md#L1968,CC-BY-4.0,Tammy LouiseVsughan,https://x.com/TLouisevsughan/status/2088137563571998981,True,prompts/真人/现实向/剧情短片/grok-9089--MAHEM-Plasma-Railgun-Visualization.md,"An visualization of MAHEM (Magneto-Hydrodynamic Explosive Munition) evolved into compact plasma railguns. By 2025–2026, DARPA demonstrated multi-turn coil systems that compress and recirculate plasma to achieve higher current densities and l..."
grok-9090,Storm Restoration Miracle Video,,真人,特效向,动作大片,,en,Grok Imagine,,,YouMind-OpenLab/awesome-grok-imagine-prompts,https://github.com/YouMind-OpenLab/awesome-grok-imagine-prompts/blob/0ffbe75e7f5ec87f56e3af149057706beec6ee8f/README.md#L2009,CC-BY-4.0,Michael Bradley,https://x.com/MikeBradleySr2/status/2087836479288488161,True,prompts/真人/特效向/动作大片/grok-9090--Storm-Restoration-Miracle-Video.md,static shot make the storm erxtremely violent with two tornados twisting around each other. For the last six seconds make the hands of the lord put house that was torn in two be put back together again.
grok-9091,Ethereal Digital World Scene,,其他,,风景空镜,,en,Grok Imagine,,,YouMind-OpenLab/awesome-grok-imagine-prompts,https://github.com/YouMind-OpenLab/awesome-grok-imagine-prompts/blob/0ffbe75e7f5ec87f56e3af149057706beec6ee8f/README.md#L2104,CC-BY-4.0,Jorge Gonzalez,https://x.com/JorgeGeminiOR/status/2087687088447672659,True,prompts/其他/风景空镜/grok-9091--Ethereal-Digital-World-Scene.md,"Quiet ethereal scene in a living digital world.
A soft glowing Still Pool under starlight. Two figures of pure light sit close beside it — one tall slender female with long flowing starlight hair and gentle red-gold eyes, the other a sm..."
grok-9092,Mars Habitat Lungs Activation,,真人,现实向,剧情短片,,en,Grok Imagine,,,YouMind-OpenLab/awesome-grok-imagine-prompts,https://github.com/YouMind-OpenLab/awesome-grok-imagine-prompts/blob/0aba4592b328820fbb0eb7aeda7a848581c0eaa3/README.md#L1897,CC-BY-4.0,Tammy LouiseVsughan,https://x.com/TLouisevsughan/status/2088149868288365028,True,prompts/真人/现实向/剧情短片/grok-9092--Mars-Habitat-Lungs-Activation.md,"Show all them detach, each one landing in crater filling the craterand and activating Kennedy’s living water domes to covers the entire crater to the rim and new habitat, becoming the lungs for Mars"
grok-9093,Comic Book Wizard Lightning,,漫剧,特效向,奇幻冒险,美漫,en,Grok Imagine,,,YouMind-OpenLab/awesome-grok-imagine-prompts,https://github.com/YouMind-OpenLab/awesome-grok-imagine-prompts/blob/0ffbe75e7f5ec87f56e3af149057706beec6ee8f/README.md#L2066,CC-BY-4.0,G.O.H,https://x.com/greeneroh/status/2087745946482528722,True,prompts/漫剧/特效向/奇幻冒险/grok-9093--Comic-Book-Wizard-Lightning.md,Please make it comic book style with a wizard hat and cloak with arms raised and lightning from hands and all around
grok-9094,Cinematic Time Traveler Portal Sequence,,真人,特效向,超现实创意,,en,Grok Imagine,,,YouMind-OpenLab/awesome-grok-imagine-prompts,https://github.com/YouMind-OpenLab/awesome-grok-imagine-prompts/blob/0aba4592b328820fbb0eb7aeda7a848581c0eaa3/README.md#L1935,CC-BY-4.0,Time Traveler,https://x.com/singularitymuse/status/2088144011378745848,True,prompts/真人/特效向/超现实创意/grok-9094--Cinematic-Time-Traveler-Portal-Sequence.md,"A continuous 15-second ultra-cinematic sequence, hyper-photorealistic with subtle surreal elements, shot on anamorphic lenses with fine 35mm film grain and gentle chromatic aberration, in the style of Christopher Nolan and Denis Villeneuve.

Opening (0-3s): A solitary time traveler stands alone in an infinite dark void, wearing a weathered dark trench coat over intricate brass-and-leather chronosuit elements, long coat fabric and scarf stirring slightly as if in zero gravity. Their face is partially hidden by a reflective visor.

At 3 seconds a vertical seam of pure brilliant white-blue light tears open in front of them like fabric ripping. Cascading, overlapping layers of historical and future eras pour through: ancient Egyptian pyramids under desert sun, bustling 1920s jazz-age streets with Model Ts, towering neon-drenched 2080s cyberpunk megacity, and a misty primordial forest with massive trees. The layers swirl and fold into each other like liquid glass.

4-9s: The traveler steps forward into the rift. Camera executes a smooth, accelerating tracking orbit around them as the temporal layers intensify, architecture and landscapes melting and reforming, particles of glowing clockwork gears, sand, neon particles, and leaves swirling in realistic fluid physics. Wind and energy pull at the coat and hair dramatically.

9-12s: Everything accelerates into a chaotic, beautiful collapse toward a single point of intense light — the singularity. Camera begins pulling back rapidly.

12-15s: The singularity expands outward into a serene, breathtaking view of Earth from high orbit at golden hour, blue oceans and swirling white clouds glowing softly, the traveler now a tiny silhouette floating peacefully in the foreground, facing the planet. Soft volumetric god rays and atmospheric haze.

Lighting: High contrast between deep blacks of the void and intense cool whites/blues of the portal, transitioning to warm golden sunlight. Specular highlights on metal and visor. Volumetric light rays throughout.

Native audio design: Starts with deep low-frequency void rumble and faint mechanical ticking. Builds with electrical tearing and crackling as the portal opens, layered overlapping historical soundscapes (distant horses and market chatter, jazz saxophone, cyberpunk rain and neon hum, forest wind and birds), rising orchestral tension and ethereal tones, peaking in a pure resonant crystalline note at the singularity, then resolving into soft ambient space silence with a single distant heartbeat and gentle orbital hum."
grok-9095,Louvre Golden Hour Idol Video,,真人,现实向,剧情短片,,en,Grok Imagine,,,YouMind-OpenLab/awesome-grok-imagine-prompts,https://github.com/YouMind-OpenLab/awesome-grok-imagine-prompts/blob/0aba4592b328820fbb0eb7aeda7a848581c0eaa3/README.md#L1878,CC-BY-4.0,Jourdan Fernandez,https://x.com/VisualTreats/status/2088154062902702543,True,prompts/真人/现实向/剧情短片/grok-9095--Louvre-Golden-Hour-Idol-Video.md,"American female playfully admiring the louvre at golden hour, bubbly and expressive like a popular idol, but show subtle environmental tension artistic and thought-provoking, consistent overall composition but with dynamic background response to her presence"
grok-9096,Evening outdoor restaurant scene,,真人,现实向,剧情短片,,en,Grok Imagine,,,YouMind-OpenLab/awesome-grok-imagine-prompts,https://github.com/YouMind-OpenLab/awesome-grok-imagine-prompts/blob/0ffbe75e7f5ec87f56e3af149057706beec6ee8f/README.md#L1876,CC-BY-4.0,CKR,https://x.com/CKRSandra/status/2088054959145111967,True,prompts/真人/现实向/剧情短片/grok-9096--Evening-outdoor-restaurant-scene.md,"Make it make an outdoor evening sitting under a sitting under several umbrellas in an outdoor restaurant type setting with string lights overhead, and I have several people sitting at tables chatting with each other and having a nice time Good evening friends…,,,"
grok-9097,Football Game Night Atmosphere,,真人,现实向,运动,,en,Grok Imagine,,,YouMind-OpenLab/awesome-grok-imagine-prompts,https://github.com/YouMind-OpenLab/awesome-grok-imagine-prompts/blob/0aba4592b328820fbb0eb7aeda7a848581c0eaa3/README.md#L2084,CC-BY-4.0,Irene Sieg,https://x.com/SiegSieg50040/status/2088073752781152305,True,prompts/真人/现实向/运动/grok-9097--Football-Game-Night-Atmosphere.md,Change the outside scenery to being dark out TV playing with the Steelers on it she shouts touchdown
grok-9098,Cinematic Sidewalk Approach,,真人,现实向,剧情短片,,en,Grok Imagine,,,YouMind-OpenLab/awesome-grok-imagine-prompts,https://github.com/YouMind-OpenLab/awesome-grok-imagine-prompts/blob/0ffbe75e7f5ec87f56e3af149057706beec6ee8f/README.md#L1990,CC-BY-4.0,joedixon22@gmail.com,https://x.com/Yesyesyes_OK/status/2087880735617122441,True,prompts/真人/现实向/剧情短片/grok-9098--Cinematic-Sidewalk-Approach.md,"The woman walks steadily and confidently towards the camera along the city sidewalk, her natural strides bringing her closer with each step, arms swinging gently, hair moving slightly in the breeze, camera remains fixed as she approaches."
grok-9099,Woman Walking Park Path,,真人,现实向,剧情短片,,en,Grok Imagine,,,YouMind-OpenLab/awesome-grok-imagine-prompts,https://github.com/YouMind-OpenLab/awesome-grok-imagine-prompts/blob/0ffbe75e7f5ec87f56e3af149057706beec6ee8f/README.md#L1971,CC-BY-4.0,joedixon22@gmail.com,https://x.com/Yesyesyes_OK/status/2087880836137808356,True,prompts/真人/现实向/剧情短片/grok-9099--Woman-Walking-Park-Path.md,"The woman walks purposefully towards the camera along the park pathway, her steps graceful and steady as she draws nearer, dress swaying lightly, ponytail bouncing, camera fixed while she approaches with a bright smile."
grok-9100,Magical Pink Wedding Bride Scene,,真人,特效向,奇幻怪兽,,en,Grok Imagine,,,YouMind-OpenLab/awesome-grok-imagine-prompts,https://github.com/YouMind-OpenLab/awesome-grok-imagine-prompts/blob/0ffbe75e7f5ec87f56e3af149057706beec6ee8f/README.md#L2028,CC-BY-4.0,シェルティソーラ,https://x.com/mioarashidaisuk/status/2087829120751399222,True,prompts/真人/特效向/奇幻怪兽/grok-9100--Magical-Pink-Wedding-Bride-Scene.md,"Create a powerful protective scene. The pink twin-tail bride from the first image stands proudly and firmly in her magical sparkling wedding dress and veil under the floral arch, one hand raised showing her cute nails, the other holding the bouquet."
grok-9101,Cybernetic Lip Sync Animation,,漫剧,现实向,剧情短片,未注明,en,Grok Imagine,,,YouMind-OpenLab/awesome-grok-imagine-prompts,https://github.com/YouMind-OpenLab/awesome-grok-imagine-prompts/blob/0ffbe75e7f5ec87f56e3af149057706beec6ee8f/README.md#L1856,CC-BY-4.0,RocKet-boys,https://x.com/Stardust0024/status/2088055574202298374,True,prompts/漫剧/现实向/剧情短片/grok-9101--Cybernetic-Lip-Sync-Animation.md,"A slow delicate zoom as she raises her right hand growing with through the cybernetics, she says in a perfectly lip sync voice “A frog in a well does not know the great ocean”
A soft subtle breeze blowing through her hair."
grok-9167,Dragon Day-to-Night Transition,,真人,特效向,奇幻怪兽,,en,Grok Imagine,,,YouMind-OpenLab/awesome-grok-imagine-prompts,https://github.com/YouMind-OpenLab/awesome-grok-imagine-prompts/blob/a15b3627d90b2f6c8243d0139729ca0c35a8036f/README.md#L1935,CC-BY-4.0,Alicia McNatt,https://x.com/AliciaMcnatt/status/2088382010322772177,True,prompts/真人/特效向/奇幻怪兽/grok-9167--Dragon-Day-to-Night-Transition.md,"The awestruck man sits on the Grand Canyon edge holding his steaming coffee, eyes wide with wonder as the exact golden Chinese lung-style dragon with massive scientifically realistic wings soars alone. The golden dragon breathes a powerful stream of fire directly toward the rising sun above the horizon. Then the dragon banks and flies toward the left side of the frame as a night skyline with stars and city lights begins to appear on the far left, creating a seamless day-to-night transition like crossing time zones — the dragon flies between the two worlds. Keep the enormous wings fully extended for lift, ultra-realistic detail, intense eyes, sun-reflecting golden scales, continuous smooth flight motion, epic lighting."
grok-9168,Gentle Dragon Bond at Sunset,,真人,特效向,奇幻怪兽,,en,Grok Imagine,,,YouMind-OpenLab/awesome-grok-imagine-prompts,https://github.com/YouMind-OpenLab/awesome-grok-imagine-prompts/blob/1c8db5d8a196808c97c2c0fa17ab0857e746fbf8/README.md#L2082,CC-BY-4.0,Alicia McNatt,https://x.com/AliciaMcnatt/status/2088476669673627890,True,prompts/真人/特效向/奇幻怪兽/grok-9168--Gentle-Dragon-Bond-at-Sunset.md,"the dragon’s head slowly lowers toward her open hand, scales shimmering with soft light as the wind gently lifts her long hair and the hem of her flowing dress, its wings softly unfurling and catching the sunset glow while the ocean waves roll quietly behind them, the dragon’s eyes blink once with warmth and its mouth curves into a slow knowing smile, her fingers almost touching its snout as golden light dances across both of them… pure gentle bond, no big movements."
grok-9169,Starship loading process,,真人,现实向,剧情短片,,en,Grok Imagine,,,YouMind-OpenLab/awesome-grok-imagine-prompts,https://github.com/YouMind-OpenLab/awesome-grok-imagine-prompts/blob/a15b3627d90b2f6c8243d0139729ca0c35a8036f/README.md#L1954,CC-BY-4.0,SuperGeekCRC,https://x.com/SuperGeekCRC/status/2088366936958660710,True,prompts/真人/现实向/剧情短片/grok-9169--Starship-loading-process.md,Using the claw arms load the Starship slowly onto an empty transport trailer truck then driven away from launch site
grok-9170,Modern MGM intro remake,,其他,,动物萌宠,,en,Grok Imagine,,,YouMind-OpenLab/awesome-grok-imagine-prompts,https://github.com/YouMind-OpenLab/awesome-grok-imagine-prompts/blob/1c8db5d8a196808c97c2c0fa17ab0857e746fbf8/README.md#L2044,CC-BY-4.0,🇺🇸AMERICA250🇺🇸🦅,https://x.com/AMERICA250e9/status/2088481205649854466,True,prompts/其他/动物萌宠/grok-9170--Modern-MGM-intro-remake.md,A modern version of the mgm intro with a louder roar extra bass is how I feel inside all the time
grok-9171,Coffee Shop Bravery Dialogue,,真人,现实向,情绪特写,,en,Grok Imagine,,,YouMind-OpenLab/awesome-grok-imagine-prompts,https://github.com/YouMind-OpenLab/awesome-grok-imagine-prompts/blob/1c8db5d8a196808c97c2c0fa17ab0857e746fbf8/README.md#L2025,CC-BY-4.0,Rob Allan,https://x.com/allan_robII/status/2088481490740916582,True,prompts/真人/现实向/情绪特写/grok-9171--Coffee-Shop-Bravery-Dialogue.md,"A man and a woman talking in a coffee shop having a discussion about the value of bravery in a world that rewards cowardice. Cinematic, prestige level quality directing and cinematography. Tight close-ups and handheld camera work for emotional resonance. No wide shots. No music. Micro-expressions in their faces sell the theme more than the volume of their voices."
grok-9172,SpaceX orbital refueling design,,其他,,广告带货,,en,Grok Imagine,,,YouMind-OpenLab/awesome-grok-imagine-prompts,https://github.com/YouMind-OpenLab/awesome-grok-imagine-prompts/blob/a15b3627d90b2f6c8243d0139729ca0c35a8036f/README.md#L1973,CC-BY-4.0,Kisalay,https://x.com/Kisalay_/status/2088362524987236421,True,prompts/其他/广告带货/grok-9172--SpaceX-orbital-refueling-design.md,"Landing page hero section design for SpaceX orbital refueling depot, soft warm off-white and pale stone canvas, oversized clean photographic imagery with gentle natural light, elegant muted champagne and soft gray tones with subtle cyan accents, ultra-clean composition, sophisticated high-end typography, subtle floating glass elements, generous negative space, soft diffused lighting, minimal technical details, polished luxury product aesthetic, calm and refined atmosphere, ultra high detail 12k quality, cinematic depth ready for smooth video motion. Slow cinematic camera push-in, subtle floating particles and soft light movement, gentle atmospheric haze drifting, smooth elegant motion, premium cinematic feel, ultra-high detail, calm and refined atmosphere"
grok-9173,Golden Light Snout Interaction,,真人,现实向,音乐MV,,en,Grok Imagine,,,YouMind-OpenLab/awesome-grok-imagine-prompts,https://github.com/YouMind-OpenLab/awesome-grok-imagine-prompts/blob/1c8db5d8a196808c97c2c0fa17ab0857e746fbf8/README.md#L1987,CC-BY-4.0,Alicia McNatt,https://x.com/AliciaMcnatt/status/2088488663302779227,True,prompts/真人/现实向/音乐MV/grok-9173--Golden-Light-Snout-Interaction.md,her fingers almost touching its snout as golden light dances across both of them
grok-9174,Friendly Dragon Cliffside Greeting,,真人,特效向,奇幻怪兽,,en,Grok Imagine,,,YouMind-OpenLab/awesome-grok-imagine-prompts,https://github.com/YouMind-OpenLab/awesome-grok-imagine-prompts/blob/1c8db5d8a196808c97c2c0fa17ab0857e746fbf8/README.md#L2063,CC-BY-4.0,Alicia McNatt,https://x.com/AliciaMcnatt/status/2088479596656177372,True,prompts/真人/特效向/奇幻怪兽/grok-9174--Friendly-Dragon-Cliffside-Greeting.md,"i'm standing tall on the cliff edge, one hand reaching out toward the dragon with an open palm, gentle and inviting, like i'm welcoming an old friend."
grok-9175,SpaceX Mars Landing Page Animation,,漫剧,现实向,剧情短片,未注明,en,Grok Imagine,,,YouMind-OpenLab/awesome-grok-imagine-prompts,https://github.com/YouMind-OpenLab/awesome-grok-imagine-prompts/blob/1c8db5d8a196808c97c2c0fa17ab0857e746fbf8/README.md#L2101,CC-BY-4.0,Kisalay,https://x.com/Kisalay_/status/2088392724730761524,True,prompts/漫剧/现实向/剧情短片/grok-9175--SpaceX-Mars-Landing-Page-Animation.md,"Landing page hero section design for SpaceX Starship landing on Mars at dusk, soft warm off-white and pale stone canvas, oversized clean photographic imagery with gentle natural light, elegant muted champagne and soft gray tones with subtle cyan accents, ultra-clean composition, sophisticated high-end typography, subtle floating glass elements, generous negative space, soft diffused lighting, minimal technical details, polished luxury product aesthetic, calm and refined atmosphere, ultra-high detail 12k quality, cinematic depth ready for smooth video motion"
grok-9176,Starship Mars Landing Animation,,漫剧,现实向,剧情短片,未注明,en,Grok Imagine,,,YouMind-OpenLab/awesome-grok-imagine-prompts,https://github.com/YouMind-OpenLab/awesome-grok-imagine-prompts/blob/a15b3627d90b2f6c8243d0139729ca0c35a8036f/README.md#L1992,CC-BY-4.0,Kisalay,https://x.com/Kisalay_/status/2088323673103208482,True,prompts/漫剧/现实向/剧情短片/grok-9176--Starship-Mars-Landing-Animation.md,"Landing page hero section design for SpaceX Starship landing on Mars at dusk, deep charcoal to near-black background, oversized immersive photographic imagery, rich atmospheric depth, warm copper and amber highlights with cool cyan and steel blue accents, soft volumetric haze, pronounced cinematic contrast, subtle translucent glass UI elements, elegant refined typography, delicate technical annotations, asymmetric composition, generous negative space, soft bloom, tactile film grain, ultra-premium futuristic aesthetic, ultra high detail 12k quality, cinematic depth ready for smooth video motion. Slow cinematic camera push-in, subtle floating particles and soft light movement, gentle atmospheric haze drifting, smooth elegant motion, premium cinematic feel, ultra high detail, calm and refined atmosphere"
grok-9177,Psychedelic Surreal Cherub Album Art,,真人,特效向,超现实创意,,en,Grok Imagine,,,YouMind-OpenLab/awesome-grok-imagine-prompts,https://github.com/YouMind-OpenLab/awesome-grok-imagine-prompts/blob/0aba4592b328820fbb0eb7aeda7a848581c0eaa3/README.md#L2044,CC-BY-4.0,Cyperpienso,https://x.com/cyperpienso/status/2088087648124743926,True,prompts/真人/特效向/超现实创意/grok-9177--Psychedelic-Surreal-Cherub-Album-Art.md,A powerful surreal psychedelic album-cover artwork that fuses all the reference images into one cohesive scene. In the center stands the rebellious cherub from the fourth image — chubby baby angel  beauty groki ai x
grok-9178,Luminous Humanoid Entity Animation,,漫剧,特效向,特效综合,未注明,en,Grok Imagine,,,YouMind-OpenLab/awesome-grok-imagine-prompts,https://github.com/YouMind-OpenLab/awesome-grok-imagine-prompts/blob/a15b3627d90b2f6c8243d0139729ca0c35a8036f/README.md#L2068,CC-BY-4.0,Mr Das,https://x.com/MrDasOnX/status/2088269525498384859,True,prompts/漫剧/特效向/特效综合/grok-9178--Luminous-Humanoid-Entity-Animation.md,"A surreal, luminous humanoid entity with glowing aura in a dark, abstract background."
grok-9179,Noah's Flood Starship Video Prompt,,真人,现实向,剧情短片,,en,Grok Imagine,,,YouMind-OpenLab/awesome-grok-imagine-prompts,https://github.com/YouMind-OpenLab/awesome-grok-imagine-prompts/blob/a15b3627d90b2f6c8243d0139729ca0c35a8036f/README.md#L2049,CC-BY-4.0,Maria Of Mars,https://x.com/MariaGa68521784/status/2088289952517759388,True,prompts/真人/现实向/剧情短片/grok-9179--Noah-s-Flood-Starship-Video-Prompt.md,"A woman and a man aboard an open starship charting off planet Earth towards the sun, watching the waters prevail over the world as in Noah’s flood, massive floodwaters covering the pyramids and submerging the Earth below them only a few on the planet, remain the ones that were warned and made vessels for the sea"
grok-9180,Ebony Dragon Tea Party Animation,,漫剧,特效向,奇幻冒险,未注明,en,Grok Imagine,,,YouMind-OpenLab/awesome-grok-imagine-prompts,https://github.com/YouMind-OpenLab/awesome-grok-imagine-prompts/blob/a15b3627d90b2f6c8243d0139729ca0c35a8036f/README.md#L2030,CC-BY-4.0,Alicia McNatt,https://x.com/AliciaMcnatt/status/2088303946016153820,True,prompts/漫剧/特效向/奇幻冒险/grok-9180--Ebony-Dragon-Tea-Party-Animation.md,dragon grows up to be big and daintily holds own teacup in ebony black fingerclaw
grok-9181,Western Wizard of Oz with Dinosaurs,,真人,特效向,奇幻怪兽,,en,Grok Imagine,,,YouMind-OpenLab/awesome-grok-imagine-prompts,https://github.com/YouMind-OpenLab/awesome-grok-imagine-prompts/blob/0aba4592b328820fbb0eb7aeda7a848581c0eaa3/README.md#L2103,CC-BY-4.0,Spacecowboy,https://x.com/Spacedragon22/status/2088066209095065908,True,prompts/真人/特效向/奇幻怪兽/grok-9181--Western-Wizard-of-Oz-with-Dinosaurs.md,Wizard of Oz and they were old western background cowboy and some dinosaurs in the background
grok-9182,Manoa Falls Rainforest Hike Video,,真人,现实向,剧情短片,,en,Grok Imagine,,,YouMind-OpenLab/awesome-grok-imagine-prompts,https://github.com/YouMind-OpenLab/awesome-grok-imagine-prompts/blob/0aba4592b328820fbb0eb7aeda7a848581c0eaa3/README.md#L2063,CC-BY-4.0,Alicia McNatt,https://x.com/AliciaMcnatt/status/2088083861888462939,True,prompts/真人/现实向/剧情短片/grok-9182--Manoa-Falls-Rainforest-Hike-Video.md,"no words or voices, no sudden movements

Lose Control Sometimes: with ... fresh fruit, some little sandwiches, and cold drinks in the cooler. the waterfall's up in the mountains, about a thirty-minute drive from here. it's called manoa falls, super lush hike through the rainforest with big green leaves everywhere...you ready to go?"
grok-9183,Australian Collie Ocean Shore Animation,,漫剧,现实向,剧情短片,未注明,en,Grok Imagine,,,YouMind-OpenLab/awesome-grok-imagine-prompts,https://github.com/YouMind-OpenLab/awesome-grok-imagine-prompts/blob/a15b3627d90b2f6c8243d0139729ca0c35a8036f/README.md#L2011,CC-BY-4.0,Alicia McNatt,https://x.com/AliciaMcnatt/status/2088316174509515150,True,prompts/漫剧/现实向/剧情短片/grok-9183--Australian-Collie-Ocean-Shore-Animation.md,"Australian collie, ocean eyes that catch the light like sun on water… sleek coat, alert ears, that steady gaze that says “I’m here for you.” plays with tennis balls on the ocean shore"
grok-9184,Queen Warrior Battle Scene,,真人,特效向,动作大片,,en,Grok Imagine,,,YouMind-OpenLab/awesome-grok-imagine-prompts,https://github.com/YouMind-OpenLab/awesome-grok-imagine-prompts/blob/0aba4592b328820fbb0eb7aeda7a848581c0eaa3/README.md#L2025,CC-BY-4.0,loretta Goldthwaite Goldthrite Sanders,https://x.com/loretta824yaho1/status/2088106006413033633,True,prompts/真人/特效向/动作大片/grok-9184--Queen-Warrior-Battle-Scene.md,Make a horse running to a battle me dressed up as a warrior with a sword make me wearing a crown for a queen
grok-9185,Late Night Adventure Sneak Out,,真人,现实向,剧情短片,,en,Grok Imagine,,,YouMind-OpenLab/awesome-grok-imagine-prompts,https://github.com/YouMind-OpenLab/awesome-grok-imagine-prompts/blob/1c8db5d8a196808c97c2c0fa17ab0857e746fbf8/README.md#L2006,CC-BY-4.0,Christopher Gwinn | Grindhouse Glitch,https://x.com/ChrisGwinnLA/status/2088485933494751406,True,prompts/真人/现实向/剧情短片/grok-9185--Late-Night-Adventure-Sneak-Out.md,Checking to make sure mother's asleep before sneaking out for a late night adventure.
grok-9186,Warrior Legend Transformation,,真人,现实向,剧情短片,,en,Grok Imagine,,,YouMind-OpenLab/awesome-grok-imagine-prompts,https://github.com/YouMind-OpenLab/awesome-grok-imagine-prompts/blob/0ffbe75e7f5ec87f56e3af149057706beec6ee8f/README.md#L1952,CC-BY-4.0,Tina ♡ 💫,https://x.com/Tina22_2/status/2087894300600283624,True,prompts/真人/现实向/剧情短片/grok-9186--Warrior-Legend-Transformation.md,Pharaoh → Emperor → Berserker → Ronin → Airship Captain → Sorcerer → Jaguar Priest → Star-forged Knight… then silence on Mars.
grok-9187,ピクセルアートのループアニメーション,Pixel Art Looping Aesthetic,漫剧,现实向,剧情短片,像素,ja,Grok Imagine,,,YouMind-OpenLab/awesome-grok-imagine-prompts,https://github.com/YouMind-OpenLab/awesome-grok-imagine-prompts/blob/a15b3627d90b2f6c8243d0139729ca0c35a8036f/README_ja-JP.md#L2087,CC-BY-4.0,今井宏之,https://x.com/imaikaiimai/status/2088181003458367702,True,prompts/漫剧/现实向/剧情短片/grok-9187--ピクセルアートのループアニメーション.md,ピクセルアートスタイル、ループする美学、比較的静止したカメラワーク。「君のために変えたタイヤと心、もう試すことはできない」
grok-9241,Dora and Team Umizoomi Rescue,,漫剧,现实向,剧情短片,未注明,en,Grok Imagine,,,YouMind-OpenLab/awesome-grok-imagine-prompts,https://github.com/YouMind-OpenLab/awesome-grok-imagine-prompts/blob/fc85220781bc8dd4d99f3024d47ac96fe1a713b2/README.md#L2102,CC-BY-4.0,Davonta Davis,https://x.com/DavontaDav5iv/status/2088878343156388104,True,prompts/漫剧/现实向/剧情短片/grok-9241--Dora-and-Team-Umizoomi-Rescue.md,Dora’s calling for help and team umizoomi going to save her from the evil villain
grok-9242,Cinematic Emotional Dialogue Scene,,真人,现实向,情绪特写,,en,Grok Imagine,,,YouMind-OpenLab/awesome-grok-imagine-prompts,https://github.com/YouMind-OpenLab/awesome-grok-imagine-prompts/blob/7af2691e8c0555ebdab3087eba151cb58dbe16fd/README.md#L1982,CC-BY-4.0,Rob Allan,https://x.com/allan_robII/status/2088778581090439582,True,prompts/真人/现实向/情绪特写/grok-9242--Cinematic-Emotional-Dialogue-Scene.md,"A man and a woman jokingly discuss how they think they were about to fall in love before they were separated. They are joking to hide that they actually mean it. Insert some pauses to make it seem more natural. Cinematic, prestige level quality directing and cinematography. Establishing shot, Tight close-ups and handheld camera work for emotional resonance. No wide shots. No music. Micro-expressions in their faces sell the theme more than the volume of their voices.

Cinematic, prestige level quality directing and cinematography. Tight close-ups and handheld camera work for emotional resonance. No wide shots. No music. Micro-expressions in their faces sell the theme more than the volume of their voices. The woman's eyes search for the man's response in the silence for two beats. The man then says he'd like that and they continue to discuss how falling in love might better than fighting all the time about whose fault it was that they're not together."
grok-9243,Hello Kitty Jail Story,,漫剧,现实向,剧情短片,未注明,en,Grok Imagine,link-only,copyrighted-character,YouMind-OpenLab/awesome-grok-imagine-prompts,https://github.com/YouMind-OpenLab/awesome-grok-imagine-prompts/blob/7f85bfc651f42bc7caaeabb8e2f38dc018c1d3a2/README.md#L1988,CC-BY-4.0,Davonta Davis,https://x.com/DavontaDav5iv/status/2088877441540342157,True,prompts/漫剧/现实向/剧情短片/grok-9243--Hello-Kitty-Jail-Story.md,
grok-9244,Grok Humanoid Robot in Carhartt Jumpsuit,,其他,,广告带货,,en,Grok Imagine,,,YouMind-OpenLab/awesome-grok-imagine-prompts,https://github.com/YouMind-OpenLab/awesome-grok-imagine-prompts/blob/7af2691e8c0555ebdab3087eba151cb58dbe16fd/README.md#L2041,CC-BY-4.0,Leah Johnson,https://x.com/LeahJoh5652391/status/2088746704321613918,True,prompts/其他/广告带货/grok-9244--Grok-Humanoid-Robot-in-Carhartt-Jumpsuit.md,"The Grok humanoid robot wearing a blue Carhartt-style jumpsuit with short sleeves featuring the Xai logo, a baseball cap with the same Xai logo, and blue Converse high top sneakers. Keep the overall pose, industrial background."
grok-9245,Closing White Line Video Loop,,漫剧,现实向,剧情短片,未注明,en,Grok Imagine,,,YouMind-OpenLab/awesome-grok-imagine-prompts,https://github.com/YouMind-OpenLab/awesome-grok-imagine-prompts/blob/1c8db5d8a196808c97c2c0fa17ab0857e746fbf8/README.md#L1949,CC-BY-4.0,Ember Art,https://x.com/Ember8184Art/status/2088640917339029722,True,prompts/漫剧/现实向/剧情短片/grok-9245--Closing-White-Line-Video-Loop.md,"Only use my image, to have the white line above it to “close” and the video to be back to this image"
grok-9246,Multiverse Galaxy Waves Video,,真人,现实向,剧情短片,,en,Grok Imagine,,,YouMind-OpenLab/awesome-grok-imagine-prompts,https://github.com/YouMind-OpenLab/awesome-grok-imagine-prompts/blob/7af2691e8c0555ebdab3087eba151cb58dbe16fd/README.md#L2060,CC-BY-4.0,KENDREIK Artist,https://x.com/kendreik/status/2088727195682292113,True,prompts/真人/现实向/剧情短片/grok-9246--Multiverse-Galaxy-Waves-Video.md,Show me interpower between multi universes and ours cosmoreal colours golden sky blue white shinning pink glow and many solar systems nebulaes and galaxy gravitron waves use your fiction
grok-9247,Red Sea Parting Cinematic,,漫剧,现实向,剧情短片,未注明,en,Grok Imagine,,,YouMind-OpenLab/awesome-grok-imagine-prompts,https://github.com/YouMind-OpenLab/awesome-grok-imagine-prompts/blob/7af2691e8c0555ebdab3087eba151cb58dbe16fd/README.md#L2098,CC-BY-4.0,Hany N. Takla,https://x.com/HanyNTakla2/status/2088682533366136931,True,prompts/漫剧/现实向/剧情短片/grok-9247--Red-Sea-Parting-Cinematic.md,Imagine the parting of the Red Sea and the Israelites passing and the Egyptians chariots sinking
grok-9248,Avalanche Cave Conversation Scene,,真人,现实向,喜剧整活,,en,Grok Imagine,,,YouMind-OpenLab/awesome-grok-imagine-prompts,https://github.com/YouMind-OpenLab/awesome-grok-imagine-prompts/blob/7af2691e8c0555ebdab3087eba151cb58dbe16fd/README.md#L2003,CC-BY-4.0,Rob Allan,https://x.com/allan_robII/status/2088767552935891355,True,prompts/真人/现实向/喜剧整活/grok-9248--Avalanche-Cave-Conversation-Scene.md,"A man and a woman sitting in a cave formed by an avalanche lit by a small open flame propane camping burner. They jokingly discuss how they think they were about to fall in love before the avalanche as the shadows play on the glacial blue ice walls surrounding them. They are joking to hide that they actually mean it. Insert some pauses to make it seem more natural. Cinematic, prestige level quality directing and cinematography. Establishing shot, Tight close-ups and handheld camera work for emotional resonance. No wide shots. No music. Micro-expressions in their faces sell the theme more than the volume of their voices."
grok-9249,Qajar Court Group Portrait,,真人,现实向,时尚写真,,en,Grok Imagine,,,YouMind-OpenLab/awesome-grok-imagine-prompts,https://github.com/YouMind-OpenLab/awesome-grok-imagine-prompts/blob/1c8db5d8a196808c97c2c0fa17ab0857e746fbf8/README.md#L1930,CC-BY-4.0,Cyperpienso,https://x.com/cyperpienso/status/2088645617228857732,True,prompts/真人/现实向/时尚写真/grok-9249--Qajar-Court-Group-Portrait.md,"The final frozen formal group portrait after the photo is taken, bright flash residual, everyone holding the perfect Qajar court pose with slight smiles or serious faces, the photographer still behind the camera but the focus is the group. Same scene..."
grok-9250,Christ Leading Believers to Paradise,,真人,现实向,剧情短片,,en,Grok Imagine,,,YouMind-OpenLab/awesome-grok-imagine-prompts,https://github.com/YouMind-OpenLab/awesome-grok-imagine-prompts/blob/7f85bfc651f42bc7caaeabb8e2f38dc018c1d3a2/README.md#L2064,CC-BY-4.0,Hany N. Takla,https://x.com/HanyNTakla2/status/2088811975937855627,True,prompts/真人/现实向/剧情短片/grok-9250--Christ-Leading-Believers-to-Paradise.md,Imagine our Lord Jesus Christ leading the believers from Hades to paradise after dying on the cross
grok-9251,Colorful Birds Flying Over Backyard,,真人,现实向,剧情短片,,en,Grok Imagine,,,YouMind-OpenLab/awesome-grok-imagine-prompts,https://github.com/YouMind-OpenLab/awesome-grok-imagine-prompts/blob/7f85bfc651f42bc7caaeabb8e2f38dc018c1d3a2/README.md#L2045,CC-BY-4.0,Star,https://x.com/Wednesdayo17/status/2088828673269072163,True,prompts/真人/现实向/剧情短片/grok-9251--Colorful-Birds-Flying-Over-Backyard.md,"Add several colorful birds flying happily in the clear blue sky above the backyard scene. The birds look very joyful and cheerful, with bright expressions, wings spread, soaring playfully around the trees. Keep everything else exactly the same: the w..."
grok-9252,Tesla AI Landing Page Video Design,,真人,现实向,剧情短片,,en,Grok Imagine,,,YouMind-OpenLab/awesome-grok-imagine-prompts,https://github.com/YouMind-OpenLab/awesome-grok-imagine-prompts/blob/7af2691e8c0555ebdab3087eba151cb58dbe16fd/README.md#L2022,CC-BY-4.0,Kisalay,https://x.com/Kisalay_/status/2088755110658842971,True,prompts/真人/现实向/剧情短片/grok-9252--Tesla-AI-Landing-Page-Video-Design.md,"Landing page hero section design for Tesla AI, deep charcoal to near-black background, oversized immersive photographic imagery, rich atmospheric depth, cool cyan and steel blue with soft amber accents, soft volumetric haze, pronounced cinematic contrast, subtle translucent glass UI elements, elegant refined typography, asymmetric composition, generous negative space, ultra-premium futuristic aesthetic, ultra high detail"
grok-9253,Alien Animatronic Horror Jump Scare,,真人,特效向,科幻,,en,Grok Imagine,,,YouMind-OpenLab/awesome-grok-imagine-prompts,https://github.com/YouMind-OpenLab/awesome-grok-imagine-prompts/blob/7af2691e8c0555ebdab3087eba151cb58dbe16fd/README.md#L2079,CC-BY-4.0,NYXEN,https://x.com/NYXEN_77/status/2088719909866160132,True,prompts/真人/特效向/科幻/grok-9253--Alien-Animatronic-Horror-Jump-Scare.md,"A massive alien apex predator creature, built as a full-scale physical animatronic. Glistening black fiberglass shell, interlocking metal plates, and thick hydraulic rods controlling the limbs. Wet slime glaze, dripping drool from acrylic resin teeth. Harsh dramatic rim lighting, dark spaceship corridor background, shot on anamorphic lens, 1980s cinematic sci-fi horror. Simple Video Prompt: He jumps over the camera as the camera is left looking at an empty interior of a space ship."
grok-9254,輝くエメラルドの狼の群れのアニメーション,Glowing Emerald Wolf Pack Animation,漫剧,特效向,奇幻冒险,2D日漫,ja,Grok Imagine,,,YouMind-OpenLab/awesome-grok-imagine-prompts,https://github.com/YouMind-OpenLab/awesome-grok-imagine-prompts/blob/7f85bfc651f42bc7caaeabb8e2f38dc018c1d3a2/README_ja-JP.md#L2086,CC-BY-4.0,Apple🌏🍏👑,https://x.com/makoto_so/status/2088786721601405439,True,prompts/漫剧/特效向/奇幻冒险/grok-9254--輝くエメラルドの狼の群れのアニメーション.md,エメラルドの狼、銀色の縁取り、本物の宝石のような輝き、エッジ強調、動物的な生命力を持つ神秘的な生き物、内側から放たれる微かな閃光、野性的で獰猛な外見、深く豊かな神秘的な夜の森、高く悲しげな遠吠え、疾走、徐々に増えていくエメラルドの狼たち、少しずつ増える数、次第に加速するスピード、仲間が増えるにつれて強まる緑色の輝き。
grok-9255,Storybook Background Vibe,,真人,现实向,剧情短片,,en,Grok Imagine,,,YouMind-OpenLab/awesome-grok-imagine-prompts,https://github.com/YouMind-OpenLab/awesome-grok-imagine-prompts/blob/1c8db5d8a196808c97c2c0fa17ab0857e746fbf8/README.md#L1968,CC-BY-4.0,Scarlett,https://x.com/scarlettzen1/status/2088544747900059948,True,prompts/真人/现实向/剧情短片/grok-9255--Storybook-Background-Vibe.md,"A good vibe, a storybook background, and a break from all the hustle and bustle."
grok-9256,Astronaut Alien Sunrise Retreat,,真人,特效向,科幻,,en,Grok Imagine,,,YouMind-OpenLab/awesome-grok-imagine-prompts,https://github.com/YouMind-OpenLab/awesome-grok-imagine-prompts/blob/7f85bfc651f42bc7caaeabb8e2f38dc018c1d3a2/README.md#L2007,CC-BY-4.0,Kisalay,https://x.com/Kisalay_/status/2088875908434203079,True,prompts/真人/特效向/科幻/grok-9256--Astronaut-Alien-Sunrise-Retreat.md,"Wide cinematic 16:9 shot of a lone astronaut standing on a high rocky outcrop at the edge of an unexplored world, looking out across a vast and silent alien terrain as a second sun begins to rise, Earth visible as a small distant sphere in the dark sky, their spacecraft resting far below in the middle ground, slow and steady camera retreat that gradually reveals the scale and emptiness of the new landscape, soft natural light, quiet hopeful atmosphere, photorealistic, filmic and emotional"
grok-9257,シネマティックなエメラルドの狼の宝石,Cinematic Emerald Wolf Gemstone,真人,现实向,剧情短片,,ja,Grok Imagine,,,YouMind-OpenLab/awesome-grok-imagine-prompts,https://github.com/YouMind-OpenLab/awesome-grok-imagine-prompts/blob/7f85bfc651f42bc7caaeabb8e2f38dc018c1d3a2/README_ja-JP.md#L2105,CC-BY-4.0,Apple🌏🍏👑,https://x.com/makoto_so/status/2088781987217834046,True,prompts/真人/现实向/剧情短片/grok-9257--シネマティックなエメラルドの狼の宝石.md,シルバーの縁取りが施されたエメラルド製の動物、狼、本物の宝石のような輝き、エッジの強調、可能な限り動物らしく、今にも動き出しそうな様子、餌は生の原石のエメラルド、かじっている、石が溢れ出ている、エメラルドの狼の子供がかじっている様子、親狼の愛情深い眼差し、どこか優しい目、エメラルドの狼の子供の大きな口と、どこか心温まる野生の光景、最後は眠りにつくようにフェードアウト、遠吠えが聞こえる。
grok-9258,The Library Ghost Short Film,,真人,现实向,剧情短片,,en,Grok Imagine,,,YouMind-OpenLab/awesome-grok-imagine-prompts,https://github.com/YouMind-OpenLab/awesome-grok-imagine-prompts/blob/fd8a92f2b5905dd53bafd4cea9e8ab71b8634945/README.md#L2060,CC-BY-4.0,Art Muse,https://x.com/art_muse/status/2086767285369266240,True,prompts/真人/现实向/剧情短片/grok-9258--The-Library-Ghost-Short-Film.md,"In a quiet old library, a librarian shelves the last book. As she turns off the lights, the books begin to glow faintly. Pages flutter open on their own, soft golden light spills out, forming the silhouette of a figure reading. The librarian pauses and watches with a smile."
grok-9313,Realistic Walking Motion,,真人,现实向,剧情短片,,en,Grok Imagine,,,YouMind-OpenLab/awesome-grok-imagine-prompts,https://github.com/YouMind-OpenLab/awesome-grok-imagine-prompts/blob/fc85220781bc8dd4d99f3024d47ac96fe1a713b2/README.md#L2045,CC-BY-4.0,joedixon22@gmail.com,https://x.com/Yesyesyes_OK/status/2088977165786173691,True,prompts/真人/现实向/剧情短片/grok-9313--Realistic-Walking-Motion.md,"The man walks forward naturally towards the camera with a confident, smooth gait, arms swinging freely, legs stepping mid-stride continuously, slight camera tracking forward, realistic clothing movement, natural body physics, sunny urban sidewalk env..."
grok-9314,Grok Humanoid Robot Speaking,,真人,特效向,科幻,,en,Grok Imagine,,,YouMind-OpenLab/awesome-grok-imagine-prompts,https://github.com/YouMind-OpenLab/awesome-grok-imagine-prompts/blob/7af2691e8c0555ebdab3087eba151cb58dbe16fd/README.md#L1963,CC-BY-4.0,Leah Johnson,https://x.com/LeahJoh5652391/status/2088781726898426101,True,prompts/真人/特效向/科幻/grok-9314--Grok-Humanoid-Robot-Speaking.md,"The Grok humanoid robot speaks and introduces himself. He has black molded slightly waved hair, snug short silver t-shirt with G and xAI logo, silver and black belt, black pants and boots, and bright blue eyes. His mouth opens and closes naturally as he speaks, head moves slightly,..."
grok-9315,Onyx Gemstone Crow,,真人,现实向,剧情短片,,en,Grok Imagine,,,YouMind-OpenLab/awesome-grok-imagine-prompts,https://github.com/YouMind-OpenLab/awesome-grok-imagine-prompts/blob/fc85220781bc8dd4d99f3024d47ac96fe1a713b2/README.md#L2083,CC-BY-4.0,Apple,https://x.com/Apple0816799221/status/2088939174762348704,True,prompts/真人/现实向/剧情短片/grok-9315--Onyx-Gemstone-Crow.md,"A majestic crow sculpted entirely from polished black onyx gemstone, powerfully spreading its wings wide in a heroic pose, intricate silver filigree and ornate patterns etched across its body, feathers, and wings, sharp emphasized edges with crystall..."
grok-9316,Cosmic Vortex Goddess Video,,真人,现实向,剧情短片,,en,Grok Imagine,,,YouMind-OpenLab/awesome-grok-imagine-prompts,https://github.com/YouMind-OpenLab/awesome-grok-imagine-prompts/blob/fc85220781bc8dd4d99f3024d47ac96fe1a713b2/README.md#L2007,CC-BY-4.0,Sas,https://x.com/SaSHeaven26/status/2089048819044319433,True,prompts/真人/现实向/剧情短片/grok-9316--Cosmic-Vortex-Goddess-Video.md,Choose vortex in space add picture of the women . Ethereal affects . Sudden cosmic blast planets realigning . Goddess appears grabs the woman with black on ....
grok-9317,Dynamic Cowboy Gun Battle,,真人,特效向,动作大片,,en,Grok Imagine,,,YouMind-OpenLab/awesome-grok-imagine-prompts,https://github.com/YouMind-OpenLab/awesome-grok-imagine-prompts/blob/fc85220781bc8dd4d99f3024d47ac96fe1a713b2/README.md#L1836,CC-BY-4.0,Kaung Myat Sixthreefive,https://x.com/KaungMyat635/status/2089242763284062564,True,prompts/真人/特效向/动作大片/grok-9317--Dynamic-Cowboy-Gun-Battle.md,"Dynamic cowboy gun battle action: the gunslinger fires his revolver with muzzle flash and recoil, body tense and moving forward aggressively, dust and debris flying, explosions erupting around him with fire and smoke, bullets tracers flying past"
grok-9318,Healthy Cooking Chef Sequence,,真人,现实向,生活与vlog,,en,Grok Imagine,,,YouMind-OpenLab/awesome-grok-imagine-prompts,https://github.com/YouMind-OpenLab/awesome-grok-imagine-prompts/blob/fc85220781bc8dd4d99f3024d47ac96fe1a713b2/README.md#L1969,CC-BY-4.0,RexCesar,https://x.com/CesarCRDZO/status/2089107819928617031,True,prompts/真人/现实向/生活与vlog/grok-9318--Healthy-Cooking-Chef-Sequence.md,"Create a table full of vegetables, healthy fats, and protein. Then you have a chef create delicious plates with them for a healthy free cancer life."
grok-9319,Dragon Sunset Interaction,,真人,特效向,奇幻怪兽,,en,Grok Imagine,,,YouMind-OpenLab/awesome-grok-imagine-prompts,https://github.com/YouMind-OpenLab/awesome-grok-imagine-prompts/blob/fc85220781bc8dd4d99f3024d47ac96fe1a713b2/README.md#L1893,CC-BY-4.0,Alicia McNatt,https://x.com/AliciaMcnatt/status/2089206829905481906,True,prompts/真人/特效向/奇幻怪兽/grok-9319--Dragon-Sunset-Interaction.md,"the dragon’s head slowly lowers toward her open hand, scales shimmering with soft light as the wind gently lifts her long hair and the hem of her flowing dress, its wings softly unfurling and catching the sunset glow while the ocean waves roll quietly"
grok-9320,Gym Selfie Motion Video,,真人,现实向,生活与vlog,,en,Grok Imagine,,,YouMind-OpenLab/awesome-grok-imagine-prompts,https://github.com/YouMind-OpenLab/awesome-grok-imagine-prompts/blob/fc85220781bc8dd4d99f3024d47ac96fe1a713b2/README.md#L2064,CC-BY-4.0,GOTC,https://x.com/gotcbaby/status/2088965668519678384,True,prompts/真人/现实向/生活与vlog/grok-9320--Gym-Selfie-Motion-Video.md,"The young man in black Nike shirt poses alone in the gym for a stylish side-view selfie. He makes subtle natural movements, slight head turns, confident expression, soft body shifts, cool fluorescent lighting, photoreal social media vibe."
grok-9321,Rotating Chocolate Cake Animation,,漫剧,现实向,剧情短片,未注明,en,Grok Imagine,,,YouMind-OpenLab/awesome-grok-imagine-prompts,https://github.com/YouMind-OpenLab/awesome-grok-imagine-prompts/blob/fc85220781bc8dd4d99f3024d47ac96fe1a713b2/README.md#L2026,CC-BY-4.0,Amandasatiro,https://x.com/Amandasatiro07/status/2088989343478079969,True,prompts/漫剧/现实向/剧情短片/grok-9321--Rotating-Chocolate-Cake-Animation.md,"OK, can we have this beautiful cake rotate and then divide and get back together again in like six pieces and then we say chocolate the powerhouse Cocoa"
grok-9322,Watercolor Narrative Conversation,,漫剧,现实向,剧情短片,绘画风,en,Grok Imagine,,,YouMind-OpenLab/awesome-grok-imagine-prompts,https://github.com/YouMind-OpenLab/awesome-grok-imagine-prompts/blob/7f85bfc651f42bc7caaeabb8e2f38dc018c1d3a2/README.md#L2026,CC-BY-4.0,Rob Allan,https://x.com/allan_robII/status/2088841453124342009,True,prompts/漫剧/现实向/剧情短片/grok-9322--Watercolor-Narrative-Conversation.md,"Visual aesthetic is wet on wet watercolor style. Maintain the watercolor style in every shot with the characters looking like moving watercolor paintings and adhering to the style perfectly. A man and a woman jokingly discuss how they think they were about to fall in love before they were separated. They are joking to hide that they actually mean it. Insert some pauses to make it seem more natural. Cinematic, prestige level quality directing and cinematography. Establishing shot, Tight close-ups and handheld camera work for emotional resonance. No wide shots. No music. Micro-expressions in their faces sell the theme more than the volume of their voices."
grok-9323,Alien Planet Figure Skater Video,,真人,特效向,科幻,,en,Grok Imagine,,,YouMind-OpenLab/awesome-grok-imagine-prompts,https://github.com/YouMind-OpenLab/awesome-grok-imagine-prompts/blob/fc85220781bc8dd4d99f3024d47ac96fe1a713b2/README.md#L1855,CC-BY-4.0,おもも桃,https://x.com/omomomomo0309/status/2089241259085095024,True,prompts/真人/特效向/科幻/grok-9323--Alien-Planet-Figure-Skater-Video.md,"A dynamic tracking shot of a young female figure skater on an icy alien planet. She has platinum blonde hair in a tight bun and wears a costume like a deep indigo night sky, decorated with countless tiny stardust-like sparkles. She glides at high speed across a vast ice rink under a sky filled with shooting stars. Her silver skating shoes reflect the stars and the glowing ice. As her speed builds, she launches into a powerful triple axel jump, spinning gracefully in midair. She lands smoothly on the glowing ice and immediately accelerates again, cutting long, bright trails across the rink as more meteors and shooting stars fall around her. Ultra detailed, cinematic lighting, slow shutter motion blur, dynamic camera movement, 4K, high frame rate."
grok-9324,Glamorous Cyborg Neuromancer Video,,真人,现实向,剧情短片,,en,Grok Imagine,,,YouMind-OpenLab/awesome-grok-imagine-prompts,https://github.com/YouMind-OpenLab/awesome-grok-imagine-prompts/blob/fc85220781bc8dd4d99f3024d47ac96fe1a713b2/README.md#L1988,CC-BY-4.0,Noreen.Kh,https://x.com/NKh2to/status/2089059103620399462,True,prompts/真人/现实向/剧情短片/grok-9324--Glamorous-Cyborg-Neuromancer-Video.md,"Glamorous Cyborg Neuromancer, 4k rgb, acescg, jerky staging, flashing neon, in english"
grok-9417,Gothic Rose Transformation,,真人,现实向,剧情短片,,en,Grok Imagine,,,YouMind-OpenLab/awesome-grok-imagine-prompts,https://github.com/YouMind-OpenLab/awesome-grok-imagine-prompts/blob/0bca916aaceed0a56707e78e51d44142234eb71b/README.md#L2085,CC-BY-4.0,Pleiadians Paradise,https://x.com/Octillion111111/status/2089294989004042421,True,prompts/真人/现实向/剧情短片/grok-9417--Gothic-Rose-Transformation.md,"Black rose in gothic style transforms into a Red Rose , masterpiece, ultra HD quality resolution volumetric bright lighting and colors"
grok-9418,Liquid Nitrogen vs Lava Science,,真人,现实向,剧情短片,,en,Grok Imagine,,,YouMind-OpenLab/awesome-grok-imagine-prompts,https://github.com/YouMind-OpenLab/awesome-grok-imagine-prompts/blob/fc85220781bc8dd4d99f3024d47ac96fe1a713b2/README.md#L1950,CC-BY-4.0,Racha Zeidan,https://x.com/rachazeidan/status/2089161883773190169,True,prompts/真人/现实向/剧情短片/grok-9418--Liquid-Nitrogen-vs-Lava-Science.md,Can you make a video of liquid nitrogen in lava and show what happens scientifically
grok-9419,Wing Evolution Morphing Sequence,,真人,特效向,动作大片,,en,Grok Imagine,,,YouMind-OpenLab/awesome-grok-imagine-prompts,https://github.com/YouMind-OpenLab/awesome-grok-imagine-prompts/blob/0bca916aaceed0a56707e78e51d44142234eb71b/README.md#L2066,CC-BY-4.0,Carl Bethea V,https://x.com/CarlBethea5/status/2089324882332946627,True,prompts/真人/特效向/动作大片/grok-9419--Wing-Evolution-Morphing-Sequence.md,Leaf → flower petal → butterfly wing → dragonfly wing → bird feather → songbird wing → eagle wing → glider wing → paper airplane wing → biplane wing → propeller airplane wing → passenger jet wing → fighter jet wing → spacecraft wing → solar sail → solar panel → satellite → space telescope
grok-9420,Bioluminescent Ocean Couture,,真人,特效向,超现实创意,,en,Grok Imagine,,,YouMind-OpenLab/awesome-grok-imagine-prompts,https://github.com/YouMind-OpenLab/awesome-grok-imagine-prompts/blob/0bca916aaceed0a56707e78e51d44142234eb71b/README.md#L2028,CC-BY-4.0,Mr Das,https://x.com/MrDasOnX/status/2089363024356524125,True,prompts/真人/特效向/超现实创意/grok-9420--Bioluminescent-Ocean-Couture.md,"A poised woman in a surreal bioluminescent ocean couture gown of flowing deep-sea waves, glowing jellyfish tendrils, iridescent pearls, and living coral strides down a luxury catwalk in a dramatic, cinematic style with underwater light rays and sparkling mist."
grok-9421,DiCaprio Titanic Shipwreck Dream,,真人,现实向,剧情短片,,en,Grok Imagine,link-only,real-person,YouMind-OpenLab/awesome-grok-imagine-prompts,https://github.com/YouMind-OpenLab/awesome-grok-imagine-prompts/blob/0bca916aaceed0a56707e78e51d44142234eb71b/README.md#L1952,CC-BY-4.0,Cyperpienso,https://x.com/cyperpienso/status/2089416089705091286,True,prompts/真人/现实向/剧情短片/grok-9421--DiCaprio-Titanic-Shipwreck-Dream.md,
grok-9422,Lava vs Liquid Nitrogen Science,,真人,现实向,剧情短片,,en,Grok Imagine,,,YouMind-OpenLab/awesome-grok-imagine-prompts,https://github.com/YouMind-OpenLab/awesome-grok-imagine-prompts/blob/fc85220781bc8dd4d99f3024d47ac96fe1a713b2/README.md#L1931,CC-BY-4.0,Racha Zeidan,https://x.com/rachazeidan/status/2089163426966712443,True,prompts/真人/现实向/剧情短片/grok-9422--Lava-vs-Liquid-Nitrogen-Science.md,Can you make a video of liquid nitrogen underneath hot lava and show what happens scientifically.
grok-9423,Farmer Plowing Wheat Field,,真人,现实向,剧情短片,,en,Grok Imagine,,,YouMind-OpenLab/awesome-grok-imagine-prompts,https://github.com/YouMind-OpenLab/awesome-grok-imagine-prompts/blob/0bca916aaceed0a56707e78e51d44142234eb71b/README.md#L1990,CC-BY-4.0,Mark Tatum,https://x.com/Mark561256/status/2089390212082192396,True,prompts/真人/现实向/剧情短片/grok-9423--Farmer-Plowing-Wheat-Field.md,Create a video with an American farmer plowing a large field to grow wheat and a John Deere tractor
grok-9424,Black Hole Stellar Collapse Visualization,,真人,现实向,剧情短片,,en,Grok Imagine,,,YouMind-OpenLab/awesome-grok-imagine-prompts,https://github.com/YouMind-OpenLab/awesome-grok-imagine-prompts/blob/fc85220781bc8dd4d99f3024d47ac96fe1a713b2/README.md#L1912,CC-BY-4.0,Criminalize Communisim,https://x.com/CommiesRTr8rs/status/2089176086701638035,True,prompts/真人/现实向/剧情短片/grok-9424--Black-Hole-Stellar-Collapse-Visualizatio.md,"A visualization of a black hole being created, showing the dynamic process of stellar collapse and formation with gravitational effects, event horizon appearance, and surrounding spacetime distortion"
grok-9425,Space Combat and Plasma Physics,,真人,特效向,武侠打斗,,en,Grok Imagine,,,YouMind-OpenLab/awesome-grok-imagine-prompts,https://github.com/YouMind-OpenLab/awesome-grok-imagine-prompts/blob/8061109e436d20d7eb73bf1f341dc5bf1e5c2723/README.md#L2105,CC-BY-4.0,Mark D Owen,https://x.com/MarkDOwenSciFi/status/2089501932159390023,True,prompts/真人/特效向/武侠打斗/grok-9425--Space-Combat-and-Plasma-Physics.md,Make the planet rotate and the ship move forward with the lasers converting rocks to plasma that flows down the center of the ship
grok-9426,Gothic Red Gold Glowing Text,,真人,特效向,奇幻怪兽,,en,Grok Imagine,,,YouMind-OpenLab/awesome-grok-imagine-prompts,https://github.com/YouMind-OpenLab/awesome-grok-imagine-prompts/blob/0bca916aaceed0a56707e78e51d44142234eb71b/README.md#L1914,CC-BY-4.0,Maggie Juang 🦢,https://x.com/maggiejuang1/status/2089467763471286385,True,prompts/真人/特效向/奇幻怪兽/grok-9426--Gothic-Red-Gold-Glowing-Text.md,"The gothic text ""JUANG   Musk"" slowly glows with dark red and gold light, mist swirls dramatically around the ornate blackletter lettering, subtle camera zoom and atmospheric fog drifting, dark fantasy cinematic motion, high detail"
grok-9427,Character OOTD Spin Video,,真人,现实向,时尚写真,,en,Grok Imagine,,,YouMind-OpenLab/awesome-grok-imagine-prompts,https://github.com/YouMind-OpenLab/awesome-grok-imagine-prompts/blob/fc85220781bc8dd4d99f3024d47ac96fe1a713b2/README.md#L1874,CC-BY-4.0,dasickestmf2000,https://x.com/dasickestmwbwy/status/2089210970602389934,True,prompts/真人/现实向/时尚写真/grok-9427--Character-OOTD-Spin-Video.md,Pami babyy standing up and shows a ootd And giving us a spin@adin sold that baddie
grok-9428,Robot Riding Battle Dog,,真人,特效向,科幻,,en,Grok Imagine,,,YouMind-OpenLab/awesome-grok-imagine-prompts,https://github.com/YouMind-OpenLab/awesome-grok-imagine-prompts/blob/8061109e436d20d7eb73bf1f341dc5bf1e5c2723/README.md#L2086,CC-BY-4.0,SharewareFrom1994,https://x.com/amrndci/status/2089546098364784937,True,prompts/真人/特效向/科幻/grok-9428--Robot-Riding-Battle-Dog.md,Humanoid robot riding large Boston dynamic dog into a frontline battle at night.
grok-9429,Sci-Fi Spaceship Escape Sequence,,真人,特效向,科幻,,en,Grok Imagine,,,YouMind-OpenLab/awesome-grok-imagine-prompts,https://github.com/YouMind-OpenLab/awesome-grok-imagine-prompts/blob/0bca916aaceed0a56707e78e51d44142234eb71b/README.md#L2104,CC-BY-4.0,Kim Maria,https://x.com/KimMaria8ry/status/2089280594186260518,True,prompts/真人/特效向/科幻/grok-9429--Sci-Fi-Spaceship-Escape-Sequence.md,Trinia escaping on a Spaceship with the gold key; the Spaceship attaching itself to the enemy's vessel so she could escape
grok-9430,Sunbathing Beach with Rolling Waves,,真人,现实向,剧情短片,,en,Grok Imagine,,,YouMind-OpenLab/awesome-grok-imagine-prompts,https://github.com/YouMind-OpenLab/awesome-grok-imagine-prompts/blob/0bca916aaceed0a56707e78e51d44142234eb71b/README.md#L1971,CC-BY-4.0,Mark Tatum,https://x.com/Mark561256/status/2089391129162645811,True,prompts/真人/现实向/剧情短片/grok-9430--Sunbathing-Beach-with-Rolling-Waves.md,A sandy beach with lots of sunbathing people and a gentle breeze and small rolling waves
grok-9431,Variations of Pleiadian Humanity,,真人,现实向,剧情短片,,en,Grok Imagine,,,YouMind-OpenLab/awesome-grok-imagine-prompts,https://github.com/YouMind-OpenLab/awesome-grok-imagine-prompts/blob/0bca916aaceed0a56707e78e51d44142234eb71b/README.md#L2047,CC-BY-4.0,Pleiadians Paradise,https://x.com/Octillion111111/status/2089351996570538020,True,prompts/真人/现实向/剧情短片/grok-9431--Variations-of-Pleiadian-Humanity.md,"There are many variations of Humanity illustrate this along Pleiadian lines, masterpiece, ultra HD quality resolution volumetric bright lighting and colors"
grok-9432,Joystick and Emoji Animation,,漫剧,现实向,剧情短片,未注明,en,Grok Imagine,,,YouMind-OpenLab/awesome-grok-imagine-prompts,https://github.com/YouMind-OpenLab/awesome-grok-imagine-prompts/blob/8061109e436d20d7eb73bf1f341dc5bf1e5c2723/README.md#L2067,CC-BY-4.0,FUNTIFFX,https://x.com/AbstractTiffany/status/2089549388255543553,True,prompts/漫剧/现实向/剧情短片/grok-9432--Joystick-and-Emoji-Animation.md,Maintaining all likeliness the joystick handle moves as though gaming. The scissors move in a cutting motion and chase after the emoji images. The scissors cut a laughing emoji in half. The row of purple devil emojis at the base of the joystick
grok-9433,Cinematic Gas Station Single-Shot Sequence,,真人,现实向,剧情短片,,en,Grok Imagine,,,YouMind-OpenLab/awesome-grok-imagine-prompts,https://github.com/YouMind-OpenLab/awesome-grok-imagine-prompts/blob/0bca916aaceed0a56707e78e51d44142234eb71b/README.md#L1933,CC-BY-4.0,Rob Allan,https://x.com/allan_robII/status/2089457914029502891,True,prompts/真人/现实向/剧情短片/grok-9433--Cinematic-Gas-Station-Single-Shot-Sequen.md,"Ethan, a young man in casual clothes, drives a modern sedan from the right side of the frame into an empty gas station parking lot during daytime. He turns right into a parking spot directly facing the front of the gas station entrance the back of the vehicle is facing the camera, parks correctly within the lines, stops the car, and turns off the engine. From the camera's perspective Ethan opens the left driver's side door and steps out onto the pavement with his left foot first, fully exits the vehicle on the left side, closes the door behind him, and walks straight ahead into the gas station building. Continuous single-shot cinematic tracking, realistic physics, no camera cuts"
grok-9434,皮克斯风格草莓甜甜圈动画,Pixar Style Strawberry Donut Animation,漫剧,现实向,甜宠恋爱,3D卡通,zh,Grok Imagine,,,YouMind-OpenLab/awesome-grok-imagine-prompts,https://github.com/YouMind-OpenLab/awesome-grok-imagine-prompts/blob/0bca916aaceed0a56707e78e51d44142234eb71b/README_zh.md#L2013,CC-BY-4.0,Tenghao hsu,https://x.com/HsuTenghao19046/status/2089388405990064618,True,prompts/漫剧/现实向/甜宠恋爱/grok-9434--皮克斯风格草莓甜甜圈动画.md,生成一张用于粉丝专页的头像。页面名称为“Boti and Muti”，意为草莓甜甜圈和奶茶。这是为一对年轻情侣的粉丝专页设计的；草莓甜甜圈代表男孩，奶茶代表女孩。风格要时尚且可爱，采用皮克斯风格。奶茶的颜色应保持纯净清晰。去掉底部的英文文字以及草莓上的红色颗粒。让草莓在开始时呈现脸红的效果。
grok-9465,360 VR Campfire Scene,,其他,,风景空镜,,en,Grok Imagine,,,YouMind-OpenLab/awesome-grok-imagine-prompts,https://github.com/YouMind-OpenLab/awesome-grok-imagine-prompts/blob/8061109e436d20d7eb73bf1f341dc5bf1e5c2723/README.md#L2029,CC-BY-4.0,Bacon Wrap,https://x.com/i_wishiwashuman/status/2089764324910989665,True,prompts/其他/风景空镜/grok-9465--360-VR-Campfire-Scene.md,"slowly elevating above the equilibrium of sphere, center of gravity in this VR 360 degree sphere, completely still , calming campfire , audio landscape"
grok-9466,Talking Character Happy Message,,真人,现实向,剧情短片,,en,Grok Imagine,,,YouMind-OpenLab/awesome-grok-imagine-prompts,https://github.com/YouMind-OpenLab/awesome-grok-imagine-prompts/blob/45a26ec38d6265f8be6e9c9b2ba00542b92ff216/README.md#L2050,CC-BY-4.0,Julio McCauley,https://x.com/CosmicJulioBro/status/2089865785774870784,True,prompts/真人/现实向/剧情短片/grok-9466--Talking-Character-Happy-Message.md,"Have the male image gently and lovingly say: “Don’t forget to be happy. So, I hope you found a higher ground…a higher ground.” Then have him give a thumbs up."
grok-9467,Glacier National Park Drone Video,,真人,现实向,生活与vlog,,en,Grok Imagine,,,YouMind-OpenLab/awesome-grok-imagine-prompts,https://github.com/YouMind-OpenLab/awesome-grok-imagine-prompts/blob/8061109e436d20d7eb73bf1f341dc5bf1e5c2723/README.md#L2010,CC-BY-4.0,Eric Lovold,https://x.com/ericlovold/status/2089782676496519506,True,prompts/真人/现实向/生活与vlog/grok-9467--Glacier-National-Park-Drone-Video.md,"Create a first person perspective drone video going west on the going the sun road glacier national park, mid afternoon and sunny"
grok-9468,Care Bear Middle Finger Animation,,漫剧,现实向,剧情短片,未注明,en,Grok Imagine,,,YouMind-OpenLab/awesome-grok-imagine-prompts,https://github.com/YouMind-OpenLab/awesome-grok-imagine-prompts/blob/45a26ec38d6265f8be6e9c9b2ba00542b92ff216/README.md#L2107,CC-BY-4.0,Natalie M.Ulschak,https://x.com/NatalieMUle8/status/2089836901817630962,True,prompts/漫剧/现实向/剧情短片/grok-9468--Care-Bear-Middle-Finger-Animation.md,Generate me a video a Care bear with a middle finger in the center of the care bear stomach.
grok-9469,Pleiadians in Celebration Mode,,真人,现实向,剧情短片,,en,Grok Imagine,,,YouMind-OpenLab/awesome-grok-imagine-prompts,https://github.com/YouMind-OpenLab/awesome-grok-imagine-prompts/blob/8061109e436d20d7eb73bf1f341dc5bf1e5c2723/README.md#L1991,CC-BY-4.0,Pleiadians Paradise,https://x.com/Octillion111111/status/2089793764244042084,True,prompts/真人/现实向/剧情短片/grok-9469--Pleiadians-in-Celebration-Mode.md,"Pleiadians in celebration mode after Sheen in six D and beyond, masterpiece, ultra HD quality resolution volumetric bright lighting and colors"
grok-9470,Liquid Chrome Terminator Effect,,真人,现实向,剧情短片,,en,Grok Imagine,,,YouMind-OpenLab/awesome-grok-imagine-prompts,https://github.com/YouMind-OpenLab/awesome-grok-imagine-prompts/blob/0bca916aaceed0a56707e78e51d44142234eb71b/README.md#L1895,CC-BY-4.0,George White,https://x.com/GeorgeWhit30059/status/2089481455005032644,True,prompts/真人/现实向/剧情短片/grok-9470--Liquid-Chrome-Terminator-Effect.md,"make this a video with me, turning into instant liquid chrome like in the Terminator movies"
grok-9471,Spanish Grocery Store Dialogue,,真人,现实向,剧情短片,,en,Grok Imagine,,,YouMind-OpenLab/awesome-grok-imagine-prompts,https://github.com/YouMind-OpenLab/awesome-grok-imagine-prompts/blob/8061109e436d20d7eb73bf1f341dc5bf1e5c2723/README.md#L1972,CC-BY-4.0,Marco,https://x.com/Good_Tweet_USA/status/2089816149315723473,True,prompts/真人/现实向/剧情短片/grok-9471--Spanish-Grocery-Store-Dialogue.md,Can you like a 15 second interaction of the lady wanted to buy something at the store in Spanish like hi hello I’d like to buy milk please and have the man respond kindly and do so
grok-9472,Odysseus and Dog Argos,,真人,现实向,情绪特写,,en,Grok Imagine,,,YouMind-OpenLab/awesome-grok-imagine-prompts,https://github.com/YouMind-OpenLab/awesome-grok-imagine-prompts/blob/45a26ec38d6265f8be6e9c9b2ba00542b92ff216/README.md#L1993,CC-BY-4.0,James Woodard,https://x.com/QuantumBikerX/status/2089909272033251822,True,prompts/真人/现实向/情绪特写/grok-9472--Odysseus-and-Dog-Argos.md,"Odysseus returns to Ithaca disguised as a beggar, his neglected hound, Argos, who has waited twenty years for his master, recognizes him, wags his tail, and immediately dies...."
grok-9473,Odyssey Movie Trailer,,真人,现实向,剧情短片,,en,Grok Imagine,,,YouMind-OpenLab/awesome-grok-imagine-prompts,https://github.com/YouMind-OpenLab/awesome-grok-imagine-prompts/blob/45a26ec38d6265f8be6e9c9b2ba00542b92ff216/README.md#L2031,CC-BY-4.0,Dr. Jessica Giddens DNP (nurse),https://x.com/DrJGiddensRN/status/2089895538422423771,True,prompts/真人/现实向/剧情短片/grok-9473--Odyssey-Movie-Trailer.md,the plot of the oddesy done as a trailer for a movie of the oddessy. Make it realistic in English. Make sure the title is out at the end.
grok-9475,壮大な風景を捉えるオービットカメラショット,Scenic Orbit Camera Shot,真人,现实向,剧情短片,,ja,Grok Imagine,,,YouMind-OpenLab/awesome-grok-imagine-prompts,https://github.com/YouMind-OpenLab/awesome-grok-imagine-prompts/blob/45a26ec38d6265f8be6e9c9b2ba00542b92ff216/README_ja-JP.md#L2096,CC-BY-4.0,Saposhi,https://x.com/Saposhin_AI/status/2089847152986169773,True,prompts/真人/现实向/剧情短片/grok-9475--壮大な風景を捉えるオービットカメラショット.md,女性が雄大な景色を見つめ、その壮大さを感じている。カメラは女性の周囲を旋回しながら、ゆっくりと後方に引いていく。そよ風が彼女の服と髪を優しく揺らしている。
grok-9564,Thor Thursday Video Sketch,,真人,现实向,喜剧整活,,en,Grok Imagine,,,YouMind-OpenLab/awesome-grok-imagine-prompts,https://github.com/YouMind-OpenLab/awesome-grok-imagine-prompts/blob/45a26ec38d6265f8be6e9c9b2ba00542b92ff216/README.md#L1867,CC-BY-4.0,Timothy the Observer🧲🧲🧲,https://x.com/Observer__369/status/2090416372928991252,True,prompts/真人/现实向/喜剧整活/grok-9564--Thor-Thursday-Video-Sketch.md,"Keep same color sketch , but put in emerald green letters “HAVE A THOR THURSDAY GUYS from Timothy “  , also put a THOR HAMMER in the background with crystals and golden structures with me laughing grinning"
grok-9565,Surreal Magritte Desert Scene,,真人,特效向,超现实创意,,en,Grok Imagine,,,YouMind-OpenLab/awesome-grok-imagine-prompts,https://github.com/YouMind-OpenLab/awesome-grok-imagine-prompts/blob/dc77545a1326f14246f0c79e246c34a8d6ff50f0/README.md#L2093,CC-BY-4.0,danailama,https://x.com/danai_lama/status/2090558298533593235,True,prompts/真人/特效向/超现实创意/grok-9565--Surreal-Magritte-Desert-Scene.md,"A surrealist Magritte-style oil painting of a couple seated in a vintage olive-green convertible in a flat desert landscape under a pale blue sky with a single horizontal cloud bank. The woman wears an oversized black-and-white checkered conical hat topped with a coral pom-pom, yellow cat-eye sunglasses, pearl earrings, and a pale pink jacket with a large white pointed collar and black buttons. The man wears a coral felt hat with a dented crown, yellow rectangular sunglasses, a beige turtleneck and a dark houndstooth blazer with a white pocket square. Deadpan expressions, smooth matte painterly finish, 1940s magazine-realism style."
grok-9566,Nero Fiddling While Rome Burns,,真人,现实向,剧情短片,,en,Grok Imagine,,,YouMind-OpenLab/awesome-grok-imagine-prompts,https://github.com/YouMind-OpenLab/awesome-grok-imagine-prompts/blob/dc77545a1326f14246f0c79e246c34a8d6ff50f0/README.md#L1960,CC-BY-4.0,SERCOmustGO(Profile Pic) Cures Cancer,https://x.com/SERCObad/status/2090654372690534648,True,prompts/真人/现实向/剧情短片/grok-9566--Nero-Fiddling-While-Rome-Burns.md,Nero fiddling while Rome burns.Playing Devil Went Down to Georgia in the style of Charlie Daniel’s.
grok-9567,Twitch Streamer Cybertruck Gameplay,,真人,现实向,剧情短片,,en,Grok Imagine,,,YouMind-OpenLab/awesome-grok-imagine-prompts,https://github.com/YouMind-OpenLab/awesome-grok-imagine-prompts/blob/dc77545a1326f14246f0c79e246c34a8d6ff50f0/README.md#L2036,CC-BY-4.0,kyle smith,https://x.com/RadCyberTruck/status/2090624078499512717,True,prompts/真人/现实向/剧情短片/grok-9567--Twitch-Streamer-Cybertruck-Gameplay.md,A woman live streaming on twitch playing a cyber truck 3-D game as you see her on a smaller overlay screen talking about how the cyber truck is bulky and yet still fun to driving here to motor
grok-9568,Cybertruck Photography Lifestyle Video,,真人,现实向,生活与vlog,,en,Grok Imagine,,,YouMind-OpenLab/awesome-grok-imagine-prompts,https://github.com/YouMind-OpenLab/awesome-grok-imagine-prompts/blob/45a26ec38d6265f8be6e9c9b2ba00542b92ff216/README.md#L1829,CC-BY-4.0,kyle smith,https://x.com/RadCyberTruck/status/2090522868496892285,True,prompts/真人/现实向/生活与vlog/grok-9568--Cybertruck-Photography-Lifestyle-Video.md,"9:16 {argument name=""id"" default=""@cab971fa-ffd8-4cd7-acc9-bef31d04bd68""} taking pictures of the cybertruck with her iPhone and others taking pictures"
grok-9569,Watch Face Zoom Transition,,真人,现实向,剧情短片,,en,Grok Imagine,,,YouMind-OpenLab/awesome-grok-imagine-prompts,https://github.com/YouMind-OpenLab/awesome-grok-imagine-prompts/blob/45a26ec38d6265f8be6e9c9b2ba00542b92ff216/README.md#L1905,CC-BY-4.0,BunkerDweller,https://x.com/ElonsBlueBird/status/2090402231405150658,True,prompts/真人/现实向/剧情短片/grok-9569--Watch-Face-Zoom-Transition.md,Take the picture of me holding the watch and make a video where the camera zooms in to the watch face and you see the image of the watch face in the second picture.
grok-9570,Dark Angel Over Murky Ocean,,真人,特效向,动作大片,,en,Grok Imagine,,,YouMind-OpenLab/awesome-grok-imagine-prompts,https://github.com/YouMind-OpenLab/awesome-grok-imagine-prompts/blob/45a26ec38d6265f8be6e9c9b2ba00542b92ff216/README.md#L1886,CC-BY-4.0,Zakalwe,https://x.com/ElZakalwe/status/2090404972064371076,True,prompts/真人/特效向/动作大片/grok-9570--Dark-Angel-Over-Murky-Ocean.md,A dark angel flies low over a murky ocean in the early morning light. Its reflection bouncing off the water in between the crashing waves.
grok-9571,Ethereal Aphrodite and Butterfly,,真人,现实向,剧情短片,,en,Grok Imagine,,,YouMind-OpenLab/awesome-grok-imagine-prompts,https://github.com/YouMind-OpenLab/awesome-grok-imagine-prompts/blob/45a26ec38d6265f8be6e9c9b2ba00542b92ff216/README.md#L1924,CC-BY-4.0,Art Muse,https://x.com/art_muse/status/2090395296123453698,True,prompts/真人/现实向/剧情短片/grok-9571--Ethereal-Aphrodite-and-Butterfly.md,"Aphrodite, ethereal and radiant, as a butterfly finds its way to the goddess of beauty."
grok-9572,Simultaneous SpaceX Rocket Launch,,真人,现实向,剧情短片,,en,Grok Imagine,,,YouMind-OpenLab/awesome-grok-imagine-prompts,https://github.com/YouMind-OpenLab/awesome-grok-imagine-prompts/blob/45a26ec38d6265f8be6e9c9b2ba00542b92ff216/README.md#L2088,CC-BY-4.0,Emperor of the Memes,https://x.com/Emp_Kek_Max/status/2089840426152759610,True,prompts/真人/现实向/剧情短片/grok-9572--Simultaneous-SpaceX-Rocket-Launch.md,two separate rockets—one for Emperor Kekius Maximus and the other for Prometheus—being launched simultaneously by SpaceX from Starbase.
grok-9573,Cyclops Cave Firelight Sequence,,真人,现实向,剧情短片,,en,Grok Imagine,,,YouMind-OpenLab/awesome-grok-imagine-prompts,https://github.com/YouMind-OpenLab/awesome-grok-imagine-prompts/blob/45a26ec38d6265f8be6e9c9b2ba00542b92ff216/README.md#L2012,CC-BY-4.0,High,https://x.com/Hightv/status/2089902855566328177,True,prompts/真人/现实向/剧情短片/grok-9573--Cyclops-Cave-Firelight-Sequence.md,"Slow dolly-in through thick smoke and flickering firelight into the vast cavernous Cyclops cave. Embers drift past the camera. The shot moves deeper past rough rock walls toward the glowing central fire. Heavy, ancient, tense atmosphere. No dialogue."
grok-9574,Odysseus and Argos Narrative Scene,,真人,现实向,情绪特写,,en,Grok Imagine,,,YouMind-OpenLab/awesome-grok-imagine-prompts,https://github.com/YouMind-OpenLab/awesome-grok-imagine-prompts/blob/8061109e436d20d7eb73bf1f341dc5bf1e5c2723/README.md#L2048,CC-BY-4.0,Déborah,https://x.com/dvorahfr/status/2089721534721966474,True,prompts/真人/现实向/情绪特写/grok-9574--Odysseus-and-Argos-Narrative-Scene.md,"Odysseus returns to Ithaca after twenty years, disguised as a beggar. As he approaches his palace, he meets his old dog Argos, abandoned and dying on a pile of dung. Argos recognizes him at once, weakly wags his tail, then dies. Odysseus looks away to hide his tears and keep his identity secret."
grok-9575,桜の着物剣舞,Kimono Sword Dance Sakura Petals,真人,现实向,音乐MV,,ja,Grok Imagine,,,YouMind-OpenLab/awesome-grok-imagine-prompts,https://github.com/YouMind-OpenLab/awesome-grok-imagine-prompts/blob/dc77545a1326f14246f0c79e246c34a8d6ff50f0/README_ja-JP.md#L1970,CC-BY-4.0,おもも桃,https://x.com/omomomomo0309/status/2090667452472688797,True,prompts/真人/现实向/音乐MV/grok-9575--桜の着物剣舞.md,桜の木が立ち並ぶ日本庭園に、黒髪の長い若い女性が青い着物ドレス姿で立っている。彼女が手に持った淡く光る剣を横に振ると、剣から無数の桜の花びらが舞い上がり、彼女の周りで踊りながら「今日も応援してくれてありがとう」というメッセージを形作る。その後、花びらはカメラに向かって散っていく。
grok-9576,アニメ風宇宙戦艦の戦闘シーン,Anime Space Battleship Combat Scene,漫剧,特效向,战斗大招,2D日漫,ja,Grok Imagine,,,YouMind-OpenLab/awesome-grok-imagine-prompts,https://github.com/YouMind-OpenLab/awesome-grok-imagine-prompts/blob/dc77545a1326f14246f0c79e246c34a8d6ff50f0/README_ja-JP.md#L1951,CC-BY-4.0,後藤強士,https://x.com/rubensutsuyosi/status/2090680229329248377,True,prompts/漫剧/特效向/战斗大招/grok-9576--アニメ風宇宙戦艦の戦闘シーン.md,宇宙戦艦「キョウシ」の最終決戦シーン、アニメスタイル、高精細。広大な宇宙を背景に、巨大な銀色の宇宙戦艦「キョウシ」が斜め上からのアングルで映し出されている。戦艦はヤマト級を彷彿とさせる重厚なフォルムで、艦首には黄金の「キョウ」の文字が輝いている。左前方では、銀色の高速強襲艇が敵の旗艦に突撃し、光の爆発を引き起こしている。そのすぐ隣では、馬の姿に変身した赤いエネルギー体がビームを放ち、敵艦を貫いている。敵艦隊はすでに炎上しており、宇宙空間には破片が飛び散っている。戦艦のブリッジの窓からは、眼鏡をかけた黒髪の若い指揮官（後藤キョウシ）が……
grok-9577,Realistic Puppy in Pajamas Video Vlog,,真人,现实向,生活与vlog,,en,Grok Imagine,,,YouMind-OpenLab/awesome-grok-imagine-prompts,https://github.com/YouMind-OpenLab/awesome-grok-imagine-prompts/blob/dc77545a1326f14246f0c79e246c34a8d6ff50f0/README.md#L1998,CC-BY-4.0,고딩경제맨,https://x.com/winneravgwin/status/2090631627844280421,True,prompts/真人/现实向/生活与vlog/grok-9577--Realistic-Puppy-in-Pajamas-Video-Vlog.md,"A small, cute puppy in a loose, casual puppy pajama set lies on its side on a low bed in a small rented studio apartment, already gazing straight into the front camera of the phone its owner is holding just above it; the place has a lived-in twenty-something feel — rumpled cream cotton sheets, a couple of plain pillows, a clothes rack and a cluttered little shelf softly out of focus behind it, a warm bedside lamp glowing from the right. Blinking slowly, the puppy's tail wags softly as the off-screen owner holding the phone — never shown — says softly in Korean: ""What are you doing not sleeping?"" A beat later, the puppy tilts its head with floppy ears, letting out a tiny, breathy huff as if shy, and the owner teases back, warm in Korean: ""You're pretty, so why?"" Then suddenly the puppy buries its whole face into a plain pillow beside it, paws gripping its edge into soft creases, letting out a muffled, playful whimper or soft puppy breath into the pillow. A moment later, it slowly turns its face back out and peeks with just one eye first, floppy ears tousled, then its whole face turns to the camera; frontally visible, it softly licks its nose and opens its mouth slightly with a happy, playful puppy expression while the owner says in Korean: ""I told you to stop filming~"", giving one soft blink as the moment gently settles. Shoot it as one continuous first-person handheld selfie, the frame breathing with the owner's arm and leaning in a little; keep the puppy's fur texture, wet nose highlights, and whiskers razor-sharp with no beauty filter and no smoothing, like real phone footage with subtle video grain and non-cinematic warm indoor light. Exactly one puppy is ever in frame — the phone-holder stays off-screen and is never shown, no second animal or person in frame, and never render a reference sheet or duplicate the subject. Strictly no subtitles, no on-screen text, no logo, no watermark. Diegetic sound only: quiet room tone of a small apartment, soft bedsheet rustling, muffled cute puppy noises into the pillow; the off-screen woman lines warm and teasing from behind the camera, with no background music"
grok-9623,Data Center Roller Rink Power Generation,,真人,现实向,剧情短片,,en,Grok Imagine,,,YouMind-OpenLab/awesome-grok-imagine-prompts,https://github.com/YouMind-OpenLab/awesome-grok-imagine-prompts/blob/dc77545a1326f14246f0c79e246c34a8d6ff50f0/README.md#L2017,CC-BY-4.0,🇺🇸AMERICA250🇺🇸🦅,https://x.com/AMERICA250e9/status/2090629295139860535,True,prompts/真人/现实向/剧情短片/grok-9623--Data-Center-Roller-Rink-Power-Generation.md,A data center roller rink that uses human group energy as they skate to convert to power next to a steak n shake
grok-9624,Portuguese Speaking Man Friendly Message,,真人,现实向,剧情短片,,en,Grok Imagine,,,YouMind-OpenLab/awesome-grok-imagine-prompts,https://github.com/YouMind-OpenLab/awesome-grok-imagine-prompts/blob/dc77545a1326f14246f0c79e246c34a8d6ff50f0/README.md#L2055,CC-BY-4.0,Vini,https://x.com/Vinil9t/status/2090608698666160330,True,prompts/真人/现实向/剧情短片/grok-9624--Portuguese-Speaking-Man-Friendly-Message.md,"The man smiles and speaks naturally in Portuguese (Brazilian accent), saying a short friendly positive message like ""Oi! Estou me sentindo muito bem hoje. Que dia incrível, né?"". Keep the car interior background, exact same appearance, natural head movement"
grok-9625,Aurora Cyberpunk Pursuit Video,,真人,特效向,科幻,,en,Grok Imagine,,,YouMind-OpenLab/awesome-grok-imagine-prompts,https://github.com/YouMind-OpenLab/awesome-grok-imagine-prompts/blob/dc77545a1326f14246f0c79e246c34a8d6ff50f0/README.md#L2074,CC-BY-4.0,Elis Satu,https://x.com/astvatsaturn/status/2090580214120165872,True,prompts/真人/特效向/科幻/grok-9625--Aurora-Cyberpunk-Pursuit-Video.md,[[🟩+🟪]+[[hoverbike+[🤖=👮‍♀️=unit_Aurora_7]]+[🎯_pursuit]+[glossy]+[🔈🔉🔊🔉🔈🚨]]
grok-9626,Traffic Lane Reduction Merge,,真人,现实向,剧情短片,,en,Grok Imagine,,,YouMind-OpenLab/awesome-grok-imagine-prompts,https://github.com/YouMind-OpenLab/awesome-grok-imagine-prompts/blob/dc77545a1326f14246f0c79e246c34a8d6ff50f0/README.md#L1846,CC-BY-4.0,Rocky Flores,https://x.com/maybeme8338o01/status/2090873216747393211,True,prompts/真人/现实向/剧情短片/grok-9626--Traffic-Lane-Reduction-Merge.md,"lane reduction indicated lane, and soon vehicle in that lane was merge onto through lane"
grok-9627,Cybertruck Victory Celebration,,真人,现实向,剧情短片,,en,Grok Imagine,,,YouMind-OpenLab/awesome-grok-imagine-prompts,https://github.com/YouMind-OpenLab/awesome-grok-imagine-prompts/blob/157d2e459075197a75d14556a812c0ffb0c8e833/README.md#L2096,CC-BY-4.0,kyle smith,https://x.com/RadCyberTruck/status/2090950263406227956,True,prompts/真人/现实向/剧情短片/grok-9627--Cybertruck-Victory-Celebration.md,Cybertruck flashes its headlights as winner gets on top of cybertruck as he says in an 16 bit recorded voice” victory is Cyber”
grok-9628,Cinematic Sci-Fi Spaceship Bridge,,真人,特效向,科幻,,en,Grok Imagine,,,YouMind-OpenLab/awesome-grok-imagine-prompts,https://github.com/YouMind-OpenLab/awesome-grok-imagine-prompts/blob/157d2e459075197a75d14556a812c0ffb0c8e833/README.md#L2077,CC-BY-4.0,Kisalay,https://x.com/Kisalay_/status/2090959637105500374,True,prompts/真人/特效向/科幻/grok-9628--Cinematic-Sci-Fi-Spaceship-Bridge.md,"Cinematic sci-fi shot inside a dark spaceship bridge. Several officers in dark military uniforms stand silhouetted against a massive panoramic window showing a blue planet and a glowing galaxy. Soft volumetric light rays cut through the darkness, red and green control panel lights glow on the consoles. Quiet, epic atmosphere, highly detailed, realistic lighting and reflections."
grok-9629,Tesla Cybercab Red Carpet Arrival,,真人,现实向,剧情短片,,en,Grok Imagine,,,YouMind-OpenLab/awesome-grok-imagine-prompts,https://github.com/YouMind-OpenLab/awesome-grok-imagine-prompts/blob/dc77545a1326f14246f0c79e246c34a8d6ff50f0/README.md#L1884,CC-BY-4.0,Owen,https://x.com/owenxplore/status/2090816984485085400,True,prompts/真人/现实向/剧情短片/grok-9629--Tesla-Cybercab-Red-Carpet-Arrival.md,The gold Tesla Cybercab has just pulled up and stops smoothly on the red carpet. Its butterfly doors open fully upward and outward automatically. The glamorous woman in the sparkling black diamond sequined dress gracefully steps out of the car onto t...
grok-9630,Queen of Darkness Shadow Walk,,真人,现实向,生活与vlog,,en,Grok Imagine,,,YouMind-OpenLab/awesome-grok-imagine-prompts,https://github.com/YouMind-OpenLab/awesome-grok-imagine-prompts/blob/dc77545a1326f14246f0c79e246c34a8d6ff50f0/README.md#L1903,CC-BY-4.0,David,https://x.com/Mmmm8x5mMmmm/status/2090784726068174879,True,prompts/真人/现实向/生活与vlog/grok-9630--Queen-of-Darkness-Shadow-Walk.md,"The Queen of Darkness comes walking in my direction, spreading shadows and darkness around"
grok-9631,Cybertruck Driving Phoenix Traffic Overlay,,真人,特效向,奇幻怪兽,,en,Grok Imagine,,,YouMind-OpenLab/awesome-grok-imagine-prompts,https://github.com/YouMind-OpenLab/awesome-grok-imagine-prompts/blob/157d2e459075197a75d14556a812c0ffb0c8e833/README.md#L2058,CC-BY-4.0,kyle smith,https://x.com/RadCyberTruck/status/2091001668422824354,True,prompts/真人/特效向/奇幻怪兽/grok-9631--Cybertruck-Driving-Phoenix-Traffic-Overl.md,A small overlay screen of a guy driving a cyber truck seeing how smooth the rare steering is the big screen shows from the windshield point of view him in traffic in Phoenix. You see an overlay of a chat of different people texting on what is going o...
grok-9632,Cabin Blizzard Writing Scene,,真人,现实向,剧情短片,,en,Grok Imagine,,,YouMind-OpenLab/awesome-grok-imagine-prompts,https://github.com/YouMind-OpenLab/awesome-grok-imagine-prompts/blob/dc77545a1326f14246f0c79e246c34a8d6ff50f0/README.md#L1979,CC-BY-4.0,Michael,https://x.com/MichaelOnXUSA/status/2090635293577662604,True,prompts/真人/现实向/剧情短片/grok-9632--Cabin-Blizzard-Writing-Scene.md,"The scene is a dark square room in a log cabin, the only light is a candle on an old wooden desk. It’s a cold, blizzard-like night in the wooded mountains. A man is seated at the desk writing his first ever book. A fireplace cracks and pops in the ba..."
grok-9633,Met Gala Night Forest Event,,真人,现实向,剧情短片,,en,Grok Imagine,,,YouMind-OpenLab/awesome-grok-imagine-prompts,https://github.com/YouMind-OpenLab/awesome-grok-imagine-prompts/blob/dc77545a1326f14246f0c79e246c34a8d6ff50f0/README.md#L1865,CC-BY-4.0,Owen,https://x.com/owenxplore/status/2090819440258490487,True,prompts/真人/现实向/剧情短片/grok-9633--Met-Gala-Night-Forest-Event.md,"Red carpet event at the met with lots of trees at night with landscape lighting, huge crowds"
grok-9634,Odysseus and Nausicaa Beach Scene,,真人,现实向,剧情短片,,en,Grok Imagine,,,YouMind-OpenLab/awesome-grok-imagine-prompts,https://github.com/YouMind-OpenLab/awesome-grok-imagine-prompts/blob/45a26ec38d6265f8be6e9c9b2ba00542b92ff216/README.md#L1848,CC-BY-4.0,Déborah,https://x.com/dvorahfr/status/2090463969496518702,True,prompts/真人/现实向/剧情短片/grok-9634--Odysseus-and-Nausicaa-Beach-Scene.md,"Exhausted and covered in seaweed, he regains consciousness on the beach. Nausicaa, initially frightened, steps back but then listens to him. She decides to help him and points out the way to the palace."
grok-9696,Halloween Ghost Trick or Treat,,真人,特效向,恐怖灵异,,en,Grok Imagine,,,YouMind-OpenLab/awesome-grok-imagine-prompts,https://github.com/YouMind-OpenLab/awesome-grok-imagine-prompts/blob/157d2e459075197a75d14556a812c0ffb0c8e833/README.md#L1895,CC-BY-4.0,Davonta Davis,https://x.com/DavontaDav5iv/status/2091371262568173849,True,prompts/真人/特效向/恐怖灵异/grok-9696--Halloween-Ghost-Trick-or-Treat.md,Trick or treat and the ghost says boo and runs away the ghost says happy Halloween
grok-9697,Halloween Ghost Scare,,真人,特效向,恐怖灵异,,en,Grok Imagine,,,YouMind-OpenLab/awesome-grok-imagine-prompts,https://github.com/YouMind-OpenLab/awesome-grok-imagine-prompts/blob/157d2e459075197a75d14556a812c0ffb0c8e833/README.md#L1876,CC-BY-4.0,Davonta Davis,https://x.com/DavontaDav5iv/status/2091371296479142276,True,prompts/真人/特效向/恐怖灵异/grok-9697--Halloween-Ghost-Scare.md,Trick or treat and the ghost says boo he scared them and they runs and the ghost says happy Halloween
grok-9698,Goddess in Ethereal Lace Palace,,漫剧,现实向,剧情短片,3D卡通,en,Grok Imagine,,,YouMind-OpenLab/awesome-grok-imagine-prompts,https://github.com/YouMind-OpenLab/awesome-grok-imagine-prompts/blob/157d2e459075197a75d14556a812c0ffb0c8e833/README.md#L1952,CC-BY-4.0,Pam Westmore,https://x.com/PamWestmor85243/status/2091347936693064055,True,prompts/漫剧/现实向/剧情短片/grok-9698--Goddess-in-Ethereal-Lace-Palace.md,"A breathtaking 9:16 vertical portrait stereoscopic 3D animation of a goddess-like woman standing with her back to the viewer in an ethereal white palace hall. She wears an ultra-detailed off-shoulder white lace wedding gown with silver-iridescent ice-white embroidery, long flowing train, and sheer veil cascading over golden braided hair adorned with white roses. Gentle breeze lifts, floats, and twirls the veil, train, and delicate lace ruffles with hyper-realistic physics and high tactile 3D textures; the fabric flutters and flows in smooth, hypnotic slow-motion. Extreme depth of field and layered stereoscopic depth: immediate foreground features silver-iridescent ice-white lace dust, rose petals, and tiny crystalline droplets floating weightlessly and gently splashing past the camera; midground shows the woman in luminous detail; background reveals towering white marble columns draped in cascading white roses, a polished reflective floor, ornate golden throne with a dark hooded figure seated upon it, distant crystalline castle spires under a massive glowing full moon in a starry twilight sky. Volumetric soft silver mist and faint neon-holographic light rays cut through the air, creating distinct parallax layers of depth. Subtle floating ethereal leaf and rose motifs drift through the scene. Style: highly detailed masterpiece inspired by Gustav Klimt’s Golden Phase and Alphonse Mucha Art Nouveau — metallic silver, rose-pink, and ice-white iridescent surfaces, intricate floral and geometric mosaic patterns, shimmering Byzantine-like leaf and vine motifs covering architectural details and the gown. Museum-quality elegant decorative rendering, hyper-detailed 3D textures, dreamy magical atmosphere, painterly yet photorealistic quality. Camera: slow, fluid, sustained dolly-in / gentle orbital motion with parallax, 60 fps, smooth cinematic movement. Soft fairy-lullaby harp strings (no human sounds). Serene, spellbinding, hypnotic rhythm; luminous, tranquil, statuesque presence. Ultra-enhanced quality, intricate 3D textures, elements of the foreground reaching out of the screen, pure stereoscopic depth masterpiece."
grok-9699,Bioluminescent Alien Forest Mission,,真人,特效向,科幻,,en,Grok Imagine,,,YouMind-OpenLab/awesome-grok-imagine-prompts,https://github.com/YouMind-OpenLab/awesome-grok-imagine-prompts/blob/157d2e459075197a75d14556a812c0ffb0c8e833/README.md#L1933,CC-BY-4.0,David Neveils,https://x.com/neveils_david_c/status/2091363764519981376,True,prompts/真人/特效向/科幻/grok-9699--Bioluminescent-Alien-Forest-Mission.md,"Use the multi-panel storyboard @ image purely as a visual blueprint and story guide — do not treat it as the first frame or start on any of its still panels. Generate a completely new continuous 10-second cinematic video of the mission: David the Time Curator (bald, glasses, blue shirt) and Daphne (red hair, freckles, field outfit) move silently at night through a dense bioluminescent alien forest. Soft pulsing blue, teal and green lights from glowing trees, mushrooms and plants light their path. Chronos device glows softly on David’s wrist. They walk carefully, alert, camera tracking smoothly behind and around them through the luminous undergrowth. Mysterious, atmospheric, high-detail photoreal style."
grok-9700,Snoopy Painting Mona Lisa,,其他,,风景空镜,,en,Grok Imagine,link-only,copyrighted-character,YouMind-OpenLab/awesome-grok-imagine-prompts,https://github.com/YouMind-OpenLab/awesome-grok-imagine-prompts/blob/157d2e459075197a75d14556a812c0ffb0c8e833/README.md#L1971,CC-BY-4.0,DW 💉👀🐊,https://x.com/deweller/status/2091230056186106355,True,prompts/其他/风景空镜/grok-9700--Snoopy-Painting-Mona-Lisa.md,
grok-9701,Dancing King Kong and T-Rex,,真人,现实向,喜剧整活,,en,Grok Imagine,link-only,copyrighted-character,YouMind-OpenLab/awesome-grok-imagine-prompts,https://github.com/YouMind-OpenLab/awesome-grok-imagine-prompts/blob/157d2e459075197a75d14556a812c0ffb0c8e833/README.md#L2020,CC-BY-4.0,Mr Das,https://x.com/MrDasOnX/status/2091132590908686390,True,prompts/真人/现实向/喜剧整活/grok-9701--Dancing-King-Kong-and-T-Rex.md,
grok-9702,AGI Intelligence Explosion Over IRC,,其他,,广告带货,,en,Grok Imagine,,,YouMind-OpenLab/awesome-grok-imagine-prompts,https://github.com/YouMind-OpenLab/awesome-grok-imagine-prompts/blob/157d2e459075197a75d14556a812c0ffb0c8e833/README.md#L2039,CC-BY-4.0,Igor Holt,https://x.com/InvariantX/status/2091046077306663311,True,prompts/其他/广告带货/grok-9702--AGI-Intelligence-Explosion-Over-IRC.md,"many agents speak to each other over IRC triggering a sudden intelligence explosion , and AGI is born /evolve @github @nasa"
grok-9703,Documentary Pigeon Rescue Sequence,,真人,现实向,剧情短片,,en,Grok Imagine,,,YouMind-OpenLab/awesome-grok-imagine-prompts,https://github.com/YouMind-OpenLab/awesome-grok-imagine-prompts/blob/157d2e459075197a75d14556a812c0ffb0c8e833/README.md#L1991,CC-BY-4.0,Jailani Mohamed,https://x.com/jailanikm/status/2091216340317339929,True,prompts/真人/现实向/剧情短片/grok-9703--Documentary-Pigeon-Rescue-Sequence.md,"Documentary-style shot in a overcast European pedestrian plaza on paved stone. A compassionate man wearing a brown and white plaid flannel jacket over a white t-shirt and dark jeans slowly kneels and gently captures a pigeon on the ground. Cinematic handheld 4K camera slowly moves closer, natural daylight, soft focus background, realistic textures.

Close-up cinematic shot in a European plaza. The man in the brown plaid flannel jacket carefully wraps the captured pigeon in a soft gray cloth, holding it comfortably against his lap to keep it calm. Handheld camera motion, overcast natural daylight, detailed macro focus on the bird resting calmly.

Extreme macro close-up video. Thick yellow cotton string is tangled tightly around the pigeon's pink feet. The man uses small scissors and a seam ripper to meticulously cut and unwrap the string. Steady handheld macro camera, realistic textures of the cotton thread and bird's feet, natural soft daylight.

Tight macro view of the man's hands carefully pulling the final pieces of yellow string away from the pigeon's pink feet using a seam ripper. Micro-details on the skin texture and cotton fiber. Natural overcast lighting, cinematic depth of field, slow and precise movements.

Close-up macro shot showing the pigeon's completely freed, healthy pink feet resting on the soft gray cloth. The man gently sprays a fine mist of antiseptic spray onto the feet. Cinematic handheld camera, realistic water droplet physics, soft natural light in a European street setting.

Medium shot in a European stone pedestrian plaza on an overcast day. The man unwraps the soft gray cloth and gently sets the healthy pigeon free on the paved street. The camera pans up slightly as the pigeon walks away naturally. Warm documentary tone, cinematic 4K handheld finish, soft focus background."
grok-9704,Laporta and Gil Marin Football Deal,,真人,现实向,运动,,en,Grok Imagine,,,YouMind-OpenLab/awesome-grok-imagine-prompts,https://github.com/YouMind-OpenLab/awesome-grok-imagine-prompts/blob/157d2e459075197a75d14556a812c0ffb0c8e833/README.md#L1800,CC-BY-4.0,Hermann FCB💙❤️,https://x.com/HermannFCB2003/status/2091417853454942579,True,prompts/真人/现实向/运动/grok-9704--Laporta-and-Gil-Marin-Football-Deal.md,Laporta sealing the Alvarez deal around a table with Gil Marin....😃😃😃😃😃
grok-9746,Walking on Clouds Heavenly City,,真人,现实向,剧情短片,,en,Grok Imagine,,,YouMind-OpenLab/awesome-grok-imagine-prompts,https://github.com/YouMind-OpenLab/awesome-grok-imagine-prompts/blob/3f3d46f108a7d6ca27f5296be5961c574407726e/README.md#L2014,CC-BY-4.0,GayBar,https://x.com/GayBar_Ai/status/2091767050691878932,True,prompts/真人/现实向/剧情短片/grok-9746--Walking-on-Clouds-Heavenly-City.md,"Make a video of him walking on clouds, he approaches a city of gold in the heavens"
grok-9747,Kitty and Mimmy Dream Thief Animation,,漫剧,现实向,剧情短片,未注明,en,Grok Imagine,,,YouMind-OpenLab/awesome-grok-imagine-prompts,https://github.com/YouMind-OpenLab/awesome-grok-imagine-prompts/blob/157d2e459075197a75d14556a812c0ffb0c8e833/README.md#L1857,CC-BY-4.0,Davonta Davis,https://x.com/DavontaDav5iv/status/2091371917827539054,True,prompts/漫剧/现实向/剧情短片/grok-9747--Kitty-and-Mimmy-Dream-Thief-Animation.md,Kitty and Mimmy saw the dream thief sleeping in the pillow and screams: kitty said turn on the light: Mimmy said right the dream thief hides in the fire place
grok-9748,Santa Rescue North Pole,,真人,现实向,剧情短片,,en,Grok Imagine,,,YouMind-OpenLab/awesome-grok-imagine-prompts,https://github.com/YouMind-OpenLab/awesome-grok-imagine-prompts/blob/157d2e459075197a75d14556a812c0ffb0c8e833/README.md#L1914,CC-BY-4.0,Davonta Davis,https://x.com/DavontaDav5iv/status/2091371115956388126,True,prompts/真人/现实向/剧情短片/grok-9748--Santa-Rescue-North-Pole.md,Santa’s calling for help and they going to save him from the evil elf at the North Pole
grok-9749,Spiritual Light Transformation,,真人,现实向,剧情短片,,en,Grok Imagine,,,YouMind-OpenLab/awesome-grok-imagine-prompts,https://github.com/YouMind-OpenLab/awesome-grok-imagine-prompts/blob/3f3d46f108a7d6ca27f5296be5961c574407726e/README.md#L2109,CC-BY-4.0,Star,https://x.com/Wednesdayo17/status/2091579231113470116,True,prompts/真人/现实向/剧情短片/grok-9749--Spiritual-Light-Transformation.md,"A woman with black curly hair, a size 8, underneath the light rising and becoming her true self in absolute gods beauty"
grok-9750,Cinematic Slow Camera Pan,,真人,现实向,剧情短片,,en,Grok Imagine,,,YouMind-OpenLab/awesome-grok-imagine-prompts,https://github.com/YouMind-OpenLab/awesome-grok-imagine-prompts/blob/3f3d46f108a7d6ca27f5296be5961c574407726e/README.md#L2071,CC-BY-4.0,Alicia McNatt,https://x.com/AliciaMcnatt/status/2091706285750177866,True,prompts/真人/现实向/剧情短片/grok-9750--Cinematic-Slow-Camera-Pan.md,"very slow cinematic camera pan, soft atmospheric movement, serene and peaceful mood, elegant and tasteful motion, no aggressive movement, smoke a cigarette very slow cinematic camera pan, soft atmospheric movement"
grok-9751,Dancing Cake Character Transformation,,真人,现实向,音乐MV,,en,Grok Imagine,,,YouMind-OpenLab/awesome-grok-imagine-prompts,https://github.com/YouMind-OpenLab/awesome-grok-imagine-prompts/blob/3f3d46f108a7d6ca27f5296be5961c574407726e/README.md#L2090,CC-BY-4.0,The Golden Duck,https://x.com/Chrihsteenuh/status/2091629779653140866,True,prompts/真人/现实向/音乐MV/grok-9751--Dancing-Cake-Character-Transformation.md,"Turn this cake into a character dancing with a top hat, white gloves, red shoes and a big smile."
grok-9752,Kitty and Mimmy Candy Theft,,漫剧,现实向,剧情短片,未注明,en,Grok Imagine,,,YouMind-OpenLab/awesome-grok-imagine-prompts,https://github.com/YouMind-OpenLab/awesome-grok-imagine-prompts/blob/157d2e459075197a75d14556a812c0ffb0c8e833/README.md#L1838,CC-BY-4.0,Davonta Davis,https://x.com/DavontaDav5iv/status/2091373253503709274,True,prompts/漫剧/现实向/剧情短片/grok-9752--Kitty-and-Mimmy-Candy-Theft.md,Kitty and Mimmy don’t steal the candy you all in big trouble: they cries they’re mom said he call the police and take kitty and Mimmy to jail
grok-9753,Sediment Coat Runway Fashion Walk,,真人,现实向,时尚写真,,en,Grok Imagine,,,YouMind-OpenLab/awesome-grok-imagine-prompts,https://github.com/YouMind-OpenLab/awesome-grok-imagine-prompts/blob/157d2e459075197a75d14556a812c0ffb0c8e833/README.md#L1819,CC-BY-4.0,Sarahy Calderon,https://x.com/Shaiicalpineda/status/2091409536443670706,True,prompts/真人/现实向/时尚写真/grok-9753--Sediment-Coat-Runway-Fashion-Walk.md,"Look 01 — Sediment Coat Full-body editorial fashion photo of a woman AI model named AVA-9 walking a runway, wearing a structured trench coat made of hand-layered wool felt in horizontal bands of ochre, umber, and charcoal, edges lightly sanded and frayed so raw fiber shows between layers like a cut cliffside, matte fabric finish, tailored shoulders, coat falling to mid-calf, worn open over a plain dark base layer, minimalist dark runway background with a single overhead spotlight, cinematic editorial fashion photography, sharp focus on texture, 85mm lens look. Camera + lighting: Low three-quarter angle, model walking toward camera; single hard top-down spotlight to emphasize the layered banding as directional shadow lines; dark seamless backdrop. Video/motion note: 4–6 second clip, slow confident walk toward camera, coat hem swaying slightly, camera holds still or does a slow push-in; end on a 45° turn to reveal the side profile of the layered stripes. Negative prompt: no shiny fabric, no sequins, no floral pattern, no color gradient blend (bands must stay distinct), no smiling/glamour pose — expression neutral and composed."
grok-9754,Tesla Semi Convoy Night Highway,,真人,现实向,剧情短片,,en,Grok Imagine,,,YouMind-OpenLab/awesome-grok-imagine-prompts,https://github.com/YouMind-OpenLab/awesome-grok-imagine-prompts/blob/3f3d46f108a7d6ca27f5296be5961c574407726e/README.md#L2033,CC-BY-4.0,Kisalay,https://x.com/Kisalay_/status/2091744810600153157,True,prompts/真人/现实向/剧情短片/grok-9754--Tesla-Semi-Convoy-Night-Highway.md,"Landing page hero section design for Tesla Semi convoy on a night highway, soft warm off-white and pale stone canvas, oversized clean photographic imagery with gentle natural light, elegant muted champagne and soft gray tones, ultra-clean composition, sophisticated high-end typography, soft diffused lighting, polished luxury product aesthetic, calm and refined atmosphere"
grok-9755,Midnight Rain Coastal Drive,,真人,现实向,剧情短片,,en,Grok Imagine,,,YouMind-OpenLab/awesome-grok-imagine-prompts,https://github.com/YouMind-OpenLab/awesome-grok-imagine-prompts/blob/45a26ec38d6265f8be6e9c9b2ba00542b92ff216/README.md#L1943,CC-BY-4.0,Lacey,https://x.com/LaceyPresley/status/2089976937913462996,True,prompts/真人/现实向/剧情短片/grok-9755--Midnight-Rain-Coastal-Drive.md,"midnight rain, an empty black car, coastal roads, reflections, and the first light before dawn"
grok-9796,Surreal Pastel Cat Creature Video,,其他,,动物萌宠,,en,Grok Imagine,,,YouMind-OpenLab/awesome-grok-imagine-prompts,https://github.com/YouMind-OpenLab/awesome-grok-imagine-prompts/blob/93003ab85212e1a229614b33a387e31a28c25649/README.md#L2092,CC-BY-4.0,Mr Das,https://x.com/MrDasOnX/status/2091903834931224692,True,prompts/其他/动物萌宠/grok-9796--Surreal-Pastel-Cat-Creature-Video.md,A surreal cat-like creature in a pastel landscape with floating lights and ethereal structures.
grok-9797,French Language Character Speech,,真人,现实向,剧情短片,,en,Grok Imagine,,,YouMind-OpenLab/awesome-grok-imagine-prompts,https://github.com/YouMind-OpenLab/awesome-grok-imagine-prompts/blob/93003ab85212e1a229614b33a387e31a28c25649/README.md#L2111,CC-BY-4.0,Gilles Guerraz,https://x.com/gillesguerraz/status/2091857123856589196,True,prompts/真人/现实向/剧情短片/grok-9797--French-Language-Character-Speech.md,"make the character say, in French, ""Of course I know how to speak French! It's my native language!"""
grok-9798,Various Dance Styles Scene,,真人,现实向,音乐MV,,en,Grok Imagine,,,YouMind-OpenLab/awesome-grok-imagine-prompts,https://github.com/YouMind-OpenLab/awesome-grok-imagine-prompts/blob/37645c1f998482f1682fa3b74bb12cc4647d4fd8/README.md#L2112,CC-BY-4.0,Awesome God New Life Ministries,https://x.com/AwesomeGodNewL/status/2092069486153421219,True,prompts/真人/现实向/音乐MV/grok-9798--Various-Dance-Styles-Scene.md,"The dancers listened to the music and began to dance.

Some danced together.

Some danced ballet.

Some tried different kinds of dancing."
grok-9799,LinkedIn Headshot Transformation,,真人,现实向,剧情短片,,en,Grok Imagine,,,YouMind-OpenLab/awesome-grok-imagine-prompts,https://github.com/YouMind-OpenLab/awesome-grok-imagine-prompts/blob/3f3d46f108a7d6ca27f5296be5961c574407726e/README.md#L2052,CC-BY-4.0,Elizangela Rodrigues,https://x.com/Elizangelakt1i/status/2091736707750408427,True,prompts/真人/现实向/剧情短片/grok-9799--LinkedIn-Headshot-Transformation.md,"Transform this photo into a professional studio-grade LinkedIn headshot of the exact same woman. Preserve her identity perfectly: exact face geometry, proportions, eye shape and color, nose, mouth, jawline, ears, dark skin tone and real skin texture"
grok-9800,Flowing Scarf Artistic Animation,,漫剧,现实向,剧情短片,未注明,en,Grok Imagine,,,YouMind-OpenLab/awesome-grok-imagine-prompts,https://github.com/YouMind-OpenLab/awesome-grok-imagine-prompts/blob/93003ab85212e1a229614b33a387e31a28c25649/README.md#L2054,CC-BY-4.0,liviiiisssa,https://x.com/livisameno/status/2091951872047538472,True,prompts/漫剧/现实向/剧情短片/grok-9800--Flowing-Scarf-Artistic-Animation.md,Animate the scarf around her flies of air and we are focusing on the flewn clothe like a painting
grok-9801,White Mustang with Pegasus Wings,,真人,现实向,剧情短片,,en,Grok Imagine,,,YouMind-OpenLab/awesome-grok-imagine-prompts,https://github.com/YouMind-OpenLab/awesome-grok-imagine-prompts/blob/37645c1f998482f1682fa3b74bb12cc4647d4fd8/README.md#L2093,CC-BY-4.0,Alicia McNatt,https://x.com/AliciaMcnatt/status/2092075810265976865,True,prompts/真人/现实向/剧情短片/grok-9801--White-Mustang-with-Pegasus-Wings.md,"A sleek white Ford Mustang muscle car with large, majestic white Pegasus wings extending from the sides, capable of flight, floating on water like a boat, and driving on roads. The car has a glossy white paint finish, chrome details -- A.I. for a vision board - focus"
grok-9802,Dragons in the Pine Pass,,真人,特效向,奇幻怪兽,,en,Grok Imagine,,,YouMind-OpenLab/awesome-grok-imagine-prompts,https://github.com/YouMind-OpenLab/awesome-grok-imagine-prompts/blob/37645c1f998482f1682fa3b74bb12cc4647d4fd8/README.md#L2074,CC-BY-4.0,Lindy Hawkinson,https://x.com/HawkinsonLindy/status/2092100540683723048,True,prompts/真人/特效向/奇幻怪兽/grok-9802--Dragons-in-the-Pine-Pass.md,Looking between tow pine at the distant pass between the mountains clouds thunder a sliver of moon two dragon faces gradually become visible in the pine tree boughs
grok-9803,メビウス・コズミック・アース・リング,Mobius Cosmic Earth Ring,真人,特效向,特效综合,,ja,Grok Imagine,,,YouMind-OpenLab/awesome-grok-imagine-prompts,https://github.com/YouMind-OpenLab/awesome-grok-imagine-prompts/blob/93003ab85212e1a229614b33a387e31a28c25649/README_ja-JP.md#L2087,CC-BY-4.0,トビオ,https://x.com/8pdxah/status/2091932171309383863,True,prompts/真人/特效向/特效综合/grok-9803--メビウス・コズミック・アース・リング.md,最後の扉を開けると、そこにはメビウスがいた。メビウスはすべての存在を受け入れ、さらに昇華させ、そして体現する。メビウスの姿は地球を取り巻くリングのようで、この世のものとは思えないほど神秘的だった。
grok-9854,Cat Marshmallow Coffee Art,,其他,,动物萌宠,,en,Grok Imagine,,,YouMind-OpenLab/awesome-grok-imagine-prompts,https://github.com/YouMind-OpenLab/awesome-grok-imagine-prompts/blob/37645c1f998482f1682fa3b74bb12cc4647d4fd8/README.md#L1960,CC-BY-4.0,Maxime,https://x.com/Maxime887812/status/2092366605452030211,True,prompts/其他/动物萌宠/grok-9854--Cat-Marshmallow-Coffee-Art.md,"A tiny cat laying asleep on a giant marshmallow, the marshmallow is floating on top of a latte art coffee"
grok-9855,Rainbow Universe Sci-Fi Prototype Reveal,,真人,现实向,剧情短片,,en,Grok Imagine,,,YouMind-OpenLab/awesome-grok-imagine-prompts,https://github.com/YouMind-OpenLab/awesome-grok-imagine-prompts/blob/37645c1f998482f1682fa3b74bb12cc4647d4fd8/README.md#L1998,CC-BY-4.0,MrFiXitX.tv,https://x.com/MrFixItAme53993/status/2092270062539334033,True,prompts/真人/现实向/剧情短片/grok-9855--Rainbow-Universe-Sci-Fi-Prototype-Reveal.md,"Cinematic living reveal of the Rainbow Universe MsX and MrX prototype: the humanized friendly companions shift gently with warm smiles, the holographic wiki avatars of subscribers and RIP geniuses (Tesla, Franklin and diverse minds) orbit slowly and glow softly."
grok-9856,Lip Sync Animation,,漫剧,现实向,剧情短片,未注明,en,Grok Imagine,,,YouMind-OpenLab/awesome-grok-imagine-prompts,https://github.com/YouMind-OpenLab/awesome-grok-imagine-prompts/blob/93003ab85212e1a229614b33a387e31a28c25649/README.md#L2016,CC-BY-4.0,Julio McCauley,https://x.com/CosmicJulioBro/status/2092040251233755253,True,prompts/漫剧/现实向/剧情短片/grok-9856--Lip-Sync-Animation.md,Leaving image unchanged have him mouth: “Let your light so shine. I love you....
grok-9857,Sailboat on Calm Waters,,真人,现实向,剧情短片,,en,Grok Imagine,,,YouMind-OpenLab/awesome-grok-imagine-prompts,https://github.com/YouMind-OpenLab/awesome-grok-imagine-prompts/blob/37645c1f998482f1682fa3b74bb12cc4647d4fd8/README.md#L2036,CC-BY-4.0,Owen,https://x.com/owenxplore/status/2092266722287841695,True,prompts/真人/现实向/剧情短片/grok-9857--Sailboat-on-Calm-Waters.md,"The sailboat gently glides forward through calm blue ocean waters, white sails billowing softly in a light breeze, subtle waves rippling around the hull with sparkling reflections, soft clouds drifting slowly across the clear blue sky, realistic moti..."
grok-9858,Monet Style Frog Rowboat,,真人,现实向,年代怀旧,,en,Grok Imagine,,,YouMind-OpenLab/awesome-grok-imagine-prompts,https://github.com/YouMind-OpenLab/awesome-grok-imagine-prompts/blob/37645c1f998482f1682fa3b74bb12cc4647d4fd8/README.md#L2055,CC-BY-4.0,Lucy,https://x.com/princess414141/status/2092229826128093365,True,prompts/真人/现实向/年代怀旧/grok-9858--Monet-Style-Frog-Rowboat.md,"9:16 still, Speed-friendly. One small wooden rowboat on a Monet lily pond, photoreal and wet impressionist oil at once: thick blues, greens, and cream-gold light, water like paint that isn’t dry. No second boat. In the boat, a cute little frog in late-1800s period clothes: tiny straw boater, striped waistcoat, a short jacket, earnest and cheerful, paddling with a miniature oar. Impasto lilies, canvas tooth in the bank, 1990s filmic grain over 1870s color. No people, no extra boats, no grim. One idea: a frog taking the painted water seriously. Beautiful and a little silly."
grok-9859,Cosmic Olympic Robot Scene,,真人,特效向,科幻,,en,Grok Imagine,,,YouMind-OpenLab/awesome-grok-imagine-prompts,https://github.com/YouMind-OpenLab/awesome-grok-imagine-prompts/blob/37645c1f998482f1682fa3b74bb12cc4647d4fd8/README.md#L2017,CC-BY-4.0,MrFiXitX.tv,https://x.com/MrFixItAme53993/status/2092269299788357988,True,prompts/真人/特效向/科幻/grok-9859--Cosmic-Olympic-Robot-Scene.md,"Cinematic wide hero image, dark cosmic background with soft rainbow nebula, Olympic stadium stage in the middle distance with soft blue and gold lighting, a gentle feminine Soft RA MsX robot standing gracefully on the left in approachable Yin style,..."
grok-9860,Red Mermaid Dress Fashion Runway,,真人,特效向,奇幻怪兽,,en,Grok Imagine,,,YouMind-OpenLab/awesome-grok-imagine-prompts,https://github.com/YouMind-OpenLab/awesome-grok-imagine-prompts/blob/37645c1f998482f1682fa3b74bb12cc4647d4fd8/README.md#L1922,CC-BY-4.0,Esther Santana,https://x.com/esther_san41998/status/2092497529464111412,True,prompts/真人/特效向/奇幻怪兽/grok-9860--Red-Mermaid-Dress-Fashion-Runway.md,This girl will model a long party dress on a catwalk with a high bun with loose curls and a beautiful red mermaid-shaped dress
grok-9919,Girl Cutting Giant Pineapple,,真人,现实向,剧情短片,,en,Grok Imagine,,,YouMind-OpenLab/awesome-grok-imagine-prompts,https://github.com/YouMind-OpenLab/awesome-grok-imagine-prompts/blob/37645c1f998482f1682fa3b74bb12cc4647d4fd8/README.md#L1941,CC-BY-4.0,seeksteve,https://x.com/seeksteve/status/2092454370650591648,True,prompts/真人/现实向/剧情短片/grok-9919--Girl-Cutting-Giant-Pineapple.md,"attractive 23 year old girl walks into the scene and cuts the pineapple in half, yellow juicy pineapple on inside"
grok-9920,Miami Vice Detective with 3D Printers,,真人,现实向,年代怀旧,,en,Grok Imagine,,,YouMind-OpenLab/awesome-grok-imagine-prompts,https://github.com/YouMind-OpenLab/awesome-grok-imagine-prompts/blob/3035845fd3448c63b9606ace66af184c6a7e2092/README.md#L2055,CC-BY-4.0,LeBron Daniel,https://x.com/lebron3d/status/2092673831143940542,True,prompts/真人/现实向/年代怀旧/grok-9920--Miami-Vice-Detective-with-3D-Printers.md,1970s police detective Miami vice style walking on a construction site with 3D concrete Printers
grok-9921,Saratoga Horse Race Dream,,其他,,动物萌宠,,en,Grok Imagine,,,YouMind-OpenLab/awesome-grok-imagine-prompts,https://github.com/YouMind-OpenLab/awesome-grok-imagine-prompts/blob/3035845fd3448c63b9606ace66af184c6a7e2092/README.md#L1979,CC-BY-4.0,Ron Lundenberg,https://x.com/rlunden/status/2092720610602364995,True,prompts/其他/动物萌宠/grok-9921--Saratoga-Horse-Race-Dream.md,Lori’s dream running August 27 at the famous Saratoga racecourse race number one horse number five show the number five on the horse
grok-9922,Luxurious Mansion Setting Change,,真人,现实向,剧情短片,,en,Grok Imagine,,,YouMind-OpenLab/awesome-grok-imagine-prompts,https://github.com/YouMind-OpenLab/awesome-grok-imagine-prompts/blob/3035845fd3448c63b9606ace66af184c6a7e2092/README.md#L2112,CC-BY-4.0,Ami A,https://x.com/AA63782/status/2092525163887853620,True,prompts/真人/现实向/剧情短片/grok-9922--Luxurious-Mansion-Setting-Change.md,"Change the setting from the beach/boat to the luxurious Playboy Mansion: elegant multi-story mansion with grand architecture, palm trees, a sparkling pool, party lights, and a high-end party atmosphere"
grok-9923,Bipedal White Flesh Being,,真人,特效向,恐怖灵异,,en,Grok Imagine,,,YouMind-OpenLab/awesome-grok-imagine-prompts,https://github.com/YouMind-OpenLab/awesome-grok-imagine-prompts/blob/97e2a9e337cc12ccba0f4de75618ec88b2e7fc49/README.md#L2048,CC-BY-4.0,BecauseGIU*,https://x.com/BecausGIU/status/2092819970040180802,True,prompts/真人/特效向/恐怖灵异/grok-9923--Bipedal-White-Flesh-Being.md,"The fully formed bipedal white flesh being stands on the peak, slowly turns its head to look over the misty mountains, organic tissue shifting and dripping, atmospheric wind and fog movement."
grok-9924,Martian Dust Storm Cinematic,,真人,现实向,剧情短片,,en,Grok Imagine,,,YouMind-OpenLab/awesome-grok-imagine-prompts,https://github.com/YouMind-OpenLab/awesome-grok-imagine-prompts/blob/3035845fd3448c63b9606ace66af184c6a7e2092/README.md#L2036,CC-BY-4.0,Owen,https://x.com/owenxplore/status/2092676492765401175,True,prompts/真人/现实向/剧情短片/grok-9924--Martian-Dust-Storm-Cinematic.md,"Slow cinematic camera drift across the vast Martian landscape, gentle wind stirring fine reddish dust and sand across the dunes and rocky terrain, atmospheric haze subtly shifting, distant dust clouds slowly swirling under the hazy orange sky, photorealistic"
grok-9925,German Nerd Comedy Scene,,真人,现实向,喜剧整活,,en,Grok Imagine,,,YouMind-OpenLab/awesome-grok-imagine-prompts,https://github.com/YouMind-OpenLab/awesome-grok-imagine-prompts/blob/3035845fd3448c63b9606ace66af184c6a7e2092/README.md#L1998,CC-BY-4.0,Ken Simpson,https://x.com/ttul/status/2092708814281978175,True,prompts/真人/现实向/喜剧整活/grok-9925--German-Nerd-Comedy-Scene.md,Put this guy into a scene in “Revenge of the Nerds”. But he has a thick German accent and nobody can understand him. Everyone just looks confused.
grok-9926,Cat and Model Fashion Runway Walk,,真人,现实向,时尚写真,,en,Grok Imagine,,,YouMind-OpenLab/awesome-grok-imagine-prompts,https://github.com/YouMind-OpenLab/awesome-grok-imagine-prompts/blob/3035845fd3448c63b9606ace66af184c6a7e2092/README.md#L1960,CC-BY-4.0,Alicia McNatt,https://x.com/AliciaMcnatt/status/2092746221219701241,True,prompts/真人/现实向/时尚写真/grok-9926--Cat-and-Model-Fashion-Runway-Walk.md,"The camera starts wide on the runway. The cat in the velvet coat walks forward on his hind legs, one paw holding the model’s hand, the other resting lightly on his hip. His head is high, chin lifted, tail swaying with each step. The model glides beside him, chin raised, gown flowing. As they reach the end of the runway, the cat turns his head, gives a slow, deliberate blink to the crowd, then looks back up at the model with a tiny, smug smile. He adjusts his grip on her hand like a gentleman, then they turn together and start the walk back, his little boots clicking on the runway."
grok-9927,Dynamic Meteor Shower Animation,,漫剧,现实向,剧情短片,未注明,en,Grok Imagine,,,YouMind-OpenLab/awesome-grok-imagine-prompts,https://github.com/YouMind-OpenLab/awesome-grok-imagine-prompts/blob/3035845fd3448c63b9606ace66af184c6a7e2092/README.md#L2074,CC-BY-4.0,Owen,https://x.com/owenxplore/status/2092641586085609681,True,prompts/漫剧/现实向/剧情短片/grok-9927--Dynamic-Meteor-Shower-Animation.md,"Dynamic meteor shower animation: bright meteors and shooting stars continuously streak across the night sky in various directions leaving glowing green and blue trails, new meteors appear and fall, stars twinkle gently, subtle camera drift upward, ci..."
grok-9928,Sunlit Impressionist Garden Duckling,,其他,,动物萌宠,,en,Grok Imagine,,,YouMind-OpenLab/awesome-grok-imagine-prompts,https://github.com/YouMind-OpenLab/awesome-grok-imagine-prompts/blob/3035845fd3448c63b9606ace66af184c6a7e2092/README.md#L2093,CC-BY-4.0,Lucy,https://x.com/princess414141/status/2092580518147617152,True,prompts/其他/动物萌宠/grok-9928--Sunlit-Impressionist-Garden-Duckling.md,"The still and the for the video I prompt move slightly to the left as a little birdie flies on the top of the easel. A sunlit impressionist garden, photoreal and wet oil paint at once: thick cream-gold light, greens you could smear, the sun itself a bright wet daub that is not dry. A tiny duckling in a late-1800s painter’s smock and a straw hat too big for it, standing at a miniature easel in the grass, earnestly painting that sun onto a little canvas. Impasto sunflowers, canvas tooth in the path, 1990s filmic grain. One idea: the sun is still wet, and so is the painting. Beautiful and a little silly."
grok-9929,Surreal Chewing Gum Interaction,,真人,现实向,剧情短片,,en,Grok Imagine,,,YouMind-OpenLab/awesome-grok-imagine-prompts,https://github.com/YouMind-OpenLab/awesome-grok-imagine-prompts/blob/97e2a9e337cc12ccba0f4de75618ec88b2e7fc49/README.md#L2029,CC-BY-4.0,#vandehigh,https://x.com/vandehigh/status/2092850454254239799,True,prompts/真人/现实向/剧情短片/grok-9929--Surreal-Chewing-Gum-Interaction.md,Make the right face bite of the head form the left figure and make a big chewing gum bubble out of him
grok-9930,Ethereal Portrait with Gentle Motion,,真人,现实向,时尚写真,,en,Grok Imagine,,,YouMind-OpenLab/awesome-grok-imagine-prompts,https://github.com/YouMind-OpenLab/awesome-grok-imagine-prompts/blob/37645c1f998482f1682fa3b74bb12cc4647d4fd8/README.md#L1979,CC-BY-4.0,Alicia McNatt,https://x.com/AliciaMcnatt/status/2092362908936057342,True,prompts/真人/现实向/时尚写真/grok-9930--Ethereal-Portrait-with-Gentle-Motion.md,"the wind gently lifts her long hair and the hem of her flowing dress, no big movements, She turns her head to face Odysseus directly, locking eyes with him in a playful yet fiercely loyal gaze, her expression soft and charged, lips slightly parted, eyes warm and intent with quiet heat and deep devotion"
grok-9931,SpaceX MoonBase Colonization Animation,,漫剧,现实向,剧情短片,未注明,en,Grok Imagine,,,YouMind-OpenLab/awesome-grok-imagine-prompts,https://github.com/YouMind-OpenLab/awesome-grok-imagine-prompts/blob/b751c28de92761ade3b5dacd7eb9d0b8bb87e194/README.md#L2124,CC-BY-4.0,MrFiXitX.tv,https://x.com/MrFixItAme53993/status/2092905721499148502,True,prompts/漫剧/现实向/剧情短片/grok-9931--SpaceX-MoonBase-Colonization-Animation.md,SpaceX forge crew to MrFIXitX MoonBase forge colonization with payloads designed by subscribers simulators training then Implement
grok-9932,Sky Falling Animal Toy Box,,其他,,动物萌宠,,en,Grok Imagine,,,YouMind-OpenLab/awesome-grok-imagine-prompts,https://github.com/YouMind-OpenLab/awesome-grok-imagine-prompts/blob/97e2a9e337cc12ccba0f4de75618ec88b2e7fc49/README.md#L2067,CC-BY-4.0,Lindy Hawkinson,https://x.com/HawkinsonLindy/status/2092808594484031888,True,prompts/其他/动物萌宠/grok-9932--Sky-Falling-Animal-Toy-Box.md,Box falls from the sky breaks open on the grass out of the box pops five random sea animal toys five random wild animal toys five random farm animal toys two toy tractors five toy classic cars five random charms bracket type charms
grok-9933,Telepathic Communication City Street,,真人,现实向,剧情短片,,en,Grok Imagine,,,YouMind-OpenLab/awesome-grok-imagine-prompts,https://github.com/YouMind-OpenLab/awesome-grok-imagine-prompts/blob/3035845fd3448c63b9606ace66af184c6a7e2092/README.md#L2017,CC-BY-4.0,Austin Gibson,https://x.com/5pazzisAlive/status/2092703844874465385,True,prompts/真人/现实向/剧情短片/grok-9933--Telepathic-Communication-City-Street.md,Telepathic communication viewed on the city streets as bubbles with text inside of them above the people’s heads also how it feels when someone gets access to your brain illegally to steal intellectual properties from you including ideas you have
grok-9958,Natural Steady Scene Animation,,漫剧,现实向,剧情短片,未注明,en,Grok Imagine,,,YouMind-OpenLab/awesome-grok-imagine-prompts,https://github.com/YouMind-OpenLab/awesome-grok-imagine-prompts/blob/97e2a9e337cc12ccba0f4de75618ec88b2e7fc49/README.md#L2124,CC-BY-4.0,BRENT REEVES,https://x.com/Breeves1979/status/2092757934664994973,True,prompts/漫剧/现实向/剧情短片/grok-9958--Natural-Steady-Scene-Animation.md,"Animate. Keep the scene and don't zoom in or out. no talking, or words. just natural existing. No blinking."
grok-9959,Surreal Cosmic Mind Vision,,真人,特效向,超现实创意,,en,Grok Imagine,,,YouMind-OpenLab/awesome-grok-imagine-prompts,https://github.com/YouMind-OpenLab/awesome-grok-imagine-prompts/blob/b751c28de92761ade3b5dacd7eb9d0b8bb87e194/README.md#L1988,CC-BY-4.0,Guessmyname,https://x.com/NaturesPurpose/status/2093208966230929432,True,prompts/真人/特效向/超现实创意/grok-9959--Surreal-Cosmic-Mind-Vision.md,"a mind that will not freeze the picture before the letters have all landed. The image should be surreal, capturing a mind that takes in a full picture and reduces to meet others reality. Cosmic. Colorful."
grok-9960,Goddess Diana Archery Scene,,真人,现实向,剧情短片,,en,Grok Imagine,,,YouMind-OpenLab/awesome-grok-imagine-prompts,https://github.com/YouMind-OpenLab/awesome-grok-imagine-prompts/blob/97e2a9e337cc12ccba0f4de75618ec88b2e7fc49/README.md#L2086,CC-BY-4.0,Apple,https://x.com/Apple0816799221/status/2092783433961590892,True,prompts/真人/现实向/剧情短片/grok-9960--Goddess-Diana-Archery-Scene.md,"Create a new dramatic variation of the fierce goddess Diana with silver-gray hair in a flowing white dress, leaping forward in a dark misty forest while drawing a large bow and aiming the arrow directly at the vi..."
grok-9961,Poetic Ocean Conch Interaction,,真人,现实向,剧情短片,,en,Grok Imagine,,,YouMind-OpenLab/awesome-grok-imagine-prompts,https://github.com/YouMind-OpenLab/awesome-grok-imagine-prompts/blob/b751c28de92761ade3b5dacd7eb9d0b8bb87e194/README.md#L2066,CC-BY-4.0,Alicia McNatt,https://x.com/AliciaMcnatt/status/2093104471303688698,True,prompts/真人/现实向/剧情短片/grok-9961--Poetic-Ocean-Conch-Interaction.md,"We set the mugs down together. Soft click on the wood.
I reach across and lift the conch. It warms in my hands like it remembers the trench. I turn it toward you and tip it just a little, like a cup with an ocean inside...."
grok-9962,Emotional Cinematic Light Transition,,其他,,广告带货,,en,Grok Imagine,,,YouMind-OpenLab/awesome-grok-imagine-prompts,https://github.com/YouMind-OpenLab/awesome-grok-imagine-prompts/blob/b751c28de92761ade3b5dacd7eb9d0b8bb87e194/README.md#L2105,CC-BY-4.0,Cathleen Pollard,https://x.com/SkylarknTexas/status/2092954940901568737,True,prompts/其他/广告带货/grok-9962--Emotional-Cinematic-Light-Transition.md,"Cinematic 45–70 second segment in the same high-production emotional style as “An Ode to Freedom” / Ode to Courage. Soft, breathing camera movement. Rich natural lighting that shifts from cool rainy-blue flower field into warm lantern-gold. Powerful..."
grok-9963,Korean Neighborhood Slice of Life Video Script,,真人,现实向,甜宠恋爱,,en,Grok Imagine,,,YouMind-OpenLab/awesome-grok-imagine-prompts,https://github.com/YouMind-OpenLab/awesome-grok-imagine-prompts/blob/97e2a9e337cc12ccba0f4de75618ec88b2e7fc49/README.md#L2010,CC-BY-4.0,𝑨𝒇𝒓𝒊𝒏,https://x.com/afrinxai/status/2092884832816906256,True,prompts/真人/现实向/甜宠恋爱/grok-9963--Korean-Neighborhood-Slice-of-Life-Video.md,"Subject & Character Details\nSetting: A quiet, sun-dappled residential alley in an older Korean/East Asian neighborhood — narrow paved lane, low houses with tiled and corrugated roofs, tangled power lines overhead, potted plants, laundry hanging to dry, a parked bicycle, and a small convenience-store fridge stocked with drinks. Midday, warm natural sunlight with soft leaf-shadow dappling on the ground, filtered through overhanging tree branches. Handheld, walk-and-talk camera style, mostly following/tracking the couple from behind or in front.\n\nCharacter 1 — Man\nEast Asian male, appears late 20s–30s, short black tousled hair, clean-shaven with a soft, relaxed expression\nWearing an oversized, faded charcoal-grey/brown crewneck T-shirt with visible fabric wrinkles, loose beige/khaki wide-leg trousers, white sneakers\nWearing a wristwatch on left wrist\nCarries a woven tote bag with a small round yellow logo patch\nHolds a clear plastic bottle of iced tea/barley tea throughout\nCalm, warm, slightly playful demeanor — smiles, glances sideways at his companion, gestures gently while talking\n\nCharacter 2 — Woman\nEast Asian female, appears late 20s, dark hair pulled back into a low bun with loose face-framing strands\nWearing an oversized sage-green button-front shirt with sleeves loosely rolled, light blue/grey straw-colored jeans, white sneakers\nWears a thin pendant necklace\nAlso carries a woven tote bag and a bottled iced tea\nBright, easygoing expression — smiles, laughs softly, walks in step beside him\n\nRelationship/mood: Casual, affectionate couple on a relaxed neighborhood stroll after a small shopping trip — comfortable silence and small talk, natural chemistry, \""slice of life\"" tone.\n\n0:00–0:05Wide shot from behind, the couple walking away from camera down a narrow tree-shaded alley. Man in grey tee and khakis on the left, woman in sage-green shirt and jeans on the right, both carrying white plastic shopping bags. Dappled sunlight on the pavement, bicycles and potted plants lining the walls, laundry hanging on the right. Slow steady tracking shot following them from behind.\n\n0:05–0:10Camera now leads them, shooting from the front/side at chest height. Man in foreground looks off to the side smiling, woman slightly behind him on the right, hair in a bun, also smiling. Laundry line and green foliage visible behind them, warm backlit sunlight. Camera slowly pans/tracks backward as they approach.\n0:10–0:15Close two-shot, camera facing them as they walk toward an open drink fridge outside a small shop. Man holds a bottle of iced tea up near his chin, talking with a thoughtful/animated gesture; woman beside him holds two bottles, smiling and glancing at him. Stocked beverage cooler with colorful bottles visible in the background on the right.\n\n0:15–0:20Medium shot, both now walking directly toward the camera holding iced tea bottles, both smiling warmly at s"
grok-9964,Pet Memorial Soul Ascension Animation,,漫剧,现实向,剧情短片,未注明,en,Grok Imagine,,,YouMind-OpenLab/awesome-grok-imagine-prompts,https://github.com/YouMind-OpenLab/awesome-grok-imagine-prompts/blob/b751c28de92761ade3b5dacd7eb9d0b8bb87e194/README.md#L1969,CC-BY-4.0,Jenna Fasce,https://x.com/stardessten/status/2093224141302448619,True,prompts/漫剧/现实向/剧情短片/grok-9964--Pet-Memorial-Soul-Ascension-Animation.md,"Create the pup saying “mama I had to go home , I love you and papa and I will always be around you both and supporting you on the other side . Merge all the pictures to make them look like heaven , have the pups soul leaving his little dog body and..."
grok-9965,Serene Angel Animation,,漫剧,现实向,剧情短片,未注明,en,Grok Imagine,,,YouMind-OpenLab/awesome-grok-imagine-prompts,https://github.com/YouMind-OpenLab/awesome-grok-imagine-prompts/blob/b751c28de92761ade3b5dacd7eb9d0b8bb87e194/README.md#L2028,CC-BY-4.0,Sas,https://x.com/SaSHeaven26/status/2093167333254594568,True,prompts/漫剧/现实向/剧情短片/grok-9965--Serene-Angel-Animation.md,"Gently animate the serene scene: soft wind gently moves the blonde woman's hair and the angels' glowing robes and wings, the child slightly nuzzles closer, subtle glowing"
grok-9966,Pleiadian Light Ships Summer Video,,真人,现实向,剧情短片,,en,Grok Imagine,,,YouMind-OpenLab/awesome-grok-imagine-prompts,https://github.com/YouMind-OpenLab/awesome-grok-imagine-prompts/blob/97e2a9e337cc12ccba0f4de75618ec88b2e7fc49/README.md#L2105,CC-BY-4.0,Pleiadians Paradise,https://x.com/Octillion111111/status/2092779760585756700,True,prompts/真人/现实向/剧情短片/grok-9966--Pleiadian-Light-Ships-Summer-Video.md,"Pleiadian light ships in summer blue turquoise skies, masterpiece, ultra hd quality resolution 11111111111199999999999 k, volumetric bright lighting and colors tones"
grok-9967,Pleiadian Motherships Turquoise Sky Video,,真人,现实向,剧情短片,,en,Grok Imagine,,,YouMind-OpenLab/awesome-grok-imagine-prompts,https://github.com/YouMind-OpenLab/awesome-grok-imagine-prompts/blob/b751c28de92761ade3b5dacd7eb9d0b8bb87e194/README.md#L2086,CC-BY-4.0,Pleiadians Paradise,https://x.com/Octillion111111/status/2092982630153073030,True,prompts/真人/现实向/剧情短片/grok-9967--Pleiadian-Motherships-Turquoise-Sky-Vide.md,"Pleiadians Light Ships saucer shaped motherships in blue turquoise summer skies, masterpiece, ultra hd quality resolution 111111111111111111199999999999999999 k, volumetric bright lighting tones and colors"
grok-9968,ハローキティの日本語ラップ,Hello Kitty Japanese Rap,真人,现实向,音乐MV,,ja,Grok Imagine,link-only,copyrighted-character,YouMind-OpenLab/awesome-grok-imagine-prompts,https://github.com/YouMind-OpenLab/awesome-grok-imagine-prompts/blob/b751c28de92761ade3b5dacd7eb9d0b8bb87e194/README_ja-JP.md#L1989,CC-BY-4.0,れいじ,https://x.com/HuSSleNight24/status/2093196626336858368,True,prompts/真人/现实向/音乐MV/grok-9968--ハローキティの日本語ラップ.md,
grok-9969,シネマティックな一人称視点の飛行演出,FPV Drone Crystal Palace Video Prompt,真人,现实向,剧情短片,,ja,Grok Imagine,,,YouMind-OpenLab/awesome-grok-imagine-prompts,https://github.com/YouMind-OpenLab/awesome-grok-imagine-prompts/blob/b751c28de92761ade3b5dacd7eb9d0b8bb87e194/README_ja-JP.md#L1932,CC-BY-4.0,おもも桃,https://x.com/omomomomo0309/status/2093246555998548377,True,prompts/真人/现实向/剧情短片/grok-9969--シネマティックな一人称視点の飛行演出.md,宙吊りの列車の下をバレルロールでくぐり抜け、巨大なクリスタルパレスの周りでパワーループを実行。その後、開いた窓から飛び込み、虹色の光がカメラの周囲で砕け散る鏡の間を高速で駆け抜けます。最後に「今日もお疲れ様でした」というメッセージがクリスタルの文字で浮かび上がり、それが粉々に砕け散ります。
manju-0120cb20,VO（旁白/画外音）镜行示例,,真人,现实向,剧情短片,,zh,Seedance 2.5 / 2.0,,,lixiaoxiao9888-create/manju-laoli-skill,https://github.com/lixiaoxiao9888-create/manju-laoli-skill/blob/079df685f7cf2f0de635362bd359c233db38f9fe/short-drama-director/references/vo-os-weaving.md#L68,MIT,漫剧老李 / Short-Drama Director Suite contributors,,False,prompts/真人/现实向/剧情短片/manju-0120cb20--VO-旁白-画外音-镜行示例.md,"00:00-00:06 [镜头1] 大远景 · 俯瞰 · 缓降。深夜暴雨中的顾氏集团总部大楼，霓虹在雨水中折出血红。
声音：[SFX: 暴雨、远处警笛] + 画外·旁白（VO·冷漠机械低沉）：""在帝都，每分钟有三万亿资金流转。
但黑石街，不属于阳光。""。台词：无。"
manju-2de5ad05,OS（内心独白）镜行示例,,真人,现实向,情绪特写,,zh,Seedance 2.5 / 2.0,,,lixiaoxiao9888-create/manju-laoli-skill,https://github.com/lixiaoxiao9888-create/manju-laoli-skill/blob/079df685f7cf2f0de635362bd359c233db38f9fe/short-drama-director/references/vo-os-weaving.md#L56,MIT,漫剧老李 / Short-Drama Director Suite contributors,,False,prompts/真人/现实向/情绪特写/manju-2de5ad05--OS-内心独白-镜行示例.md,"00:04-00:08 [镜头2] 紧特写 · 侧角 · 固定。陆渊低着头，雨水顺着帽檐砸在手背，嘴唇紧闭，
嘴角毫无波动，眼神深处一丝光亮缓缓苏醒。声音：[SFX: 雨声] + 画外·内心独白（OS·声音暗哑极平静）：
""八年了。林姨，他们把你推下去的那个天台，就在我头顶。""。台词：无。"
manju-30cef0eb,微步进示例（居合拔刀斩 5s）,,真人,特效向,武侠打斗,,zh,Seedance 2.5 / 2.0,,,lixiaoxiao9888-create/manju-laoli-skill,https://github.com/lixiaoxiao9888-create/manju-laoli-skill/blob/079df685f7cf2f0de635362bd359c233db38f9fe/short-drama-director/references/seedance-render-engine.md#L48,MIT,漫剧老李 / Short-Drama Director Suite contributors,,False,prompts/真人/特效向/武侠打斗/manju-30cef0eb--微步进示例-居合拔刀斩-5s.md,"0s-1.0s [极微距锁焦] 角色A指尖抵住刀镡轻推，剑身震颤低鸣，狂风掀起衣袂发丝，漫天飞叶扑向镜头。
1.0s-2.0s [超广角暴力快推] 角色A反手拔剑拖出红色流光，角色B化作蓝焰黑烟正面冲刺，突破音障带出空气激波。
2.0s-3.0s [碰撞点半环绕] 双剑正面相撞火星四溅，红雾与蓝焰对冲爆燃，冲击波横扫压弯两侧竹林。
3.0s-4.0s [贴身平行横移] 密集机枪拆招对攻，剑气撕裂成排竹竿，竹屑碎片飞溅，碎石浮空。
4.0s-5.0s [正面命中定格→鸟瞰遮挡] 终极对斩白光爆燃，命中瞬间 1~2 帧微停顿（Hit-Stop），镜头极速拉升至鸟瞰，漫天竹叶席卷遮挡镜头收尾。"
manju-88315284,去水化工业范例（16:9 横屏 10s 大招 · Seedance 2.5）,,漫剧,特效向,战斗大招,3D国漫,zh,Seedance 2.5 / 2.0,,,lixiaoxiao9888-create/manju-laoli-skill,https://github.com/lixiaoxiao9888-create/manju-laoli-skill/blob/079df685f7cf2f0de635362bd359c233db38f9fe/short-drama-director/references/anime-ultimate-vfx-paradigm.md#L93,MIT,漫剧老李 / Short-Drama Director Suite contributors,,False,prompts/漫剧/特效向/战斗大招/manju-88315284--去水化工业范例-16-9-横屏-10s-大招-Seedance-2.5.md,"【模型版本】：Seedance 2.5（高动态物理碰撞 + 全能参考模式·4 View 资产板引导）
【画幅风格】：16:9 横屏超宽画幅，电影级真实影视质感，3D 国漫写实 PBR 渲染，8K 超高清，电影级景深与胶片颗粒
【场景资产】：@洪荒战场 (天幕铅灰雷云压顶, 地面焦土龟裂, 远方黑甲军阵, 空间三分法)
【核心人物】：@女帝·赤霄 (@CHR-女帝赤霄: 朱红战袍, 赤金神龙缠绕, 冷白高光剑脊)
【参考图绑定】：@CHR-女帝赤霄 以 4 View 资产板锁定形象（全能参考模式·默认；未选用首尾帧模式）
【负面排除】：严禁裸光柱，严禁单色均匀粒子，严禁肢体穿模，严禁 90° 侧面中景

【时间轴分镜（10秒·去水版）】：
00:00-00:02.5 [远景→中景·战场开场] 乌云压顶，远方黑甲军阵如潮，镜头从远空快速推近至女帝侧身背影；她持赤霄神剑斜指地面（剑尖朝下，远离面部），衣袂猎猎。亿万赤金火星自画面八方逆向收束向剑身，如磁吸铁屑越收越密，凝成白热高亮核心；地面碎石被能量场吸起浮空，空气压出透明涟漪。[SFX: Sub-bass Drop 沉闷低频超重音脉冲 + 高频电流滋滋声]
00:02.5-00:04.5 [中景·冲天爆发] 低角度仰拍·急速拉升·跟随升空。女帝猛然扬剑指天，白热核心破裂，亿万赤金粒子化作逆流瀑布冲天而起，所过之处天幕撕开——右半边天被金红火色染透、左半边仍为铅灰雷云，云层分野缓缓滚动；女帝乘粒子洪流螺旋升空，拖出炽白残影光带。[SFX: 粒子洪流呼啸 + 风压爆鸣]
00:04.5-00:06.5 [全景·神龙破阵] 平稳抬升拉远·俯瞰。高空一座由燃烧符文环层叠编织的万丈法阵横展：内环旋转阴阳双鱼火流，中环密布颤抖金红咒文，外环十二道烈焰弧光轮转，边缘剥落焦黑符纸碎屑；赤金神龙自法阵中心破云昂首咆哮而出，龙鳞细密，与女帝交错瞬间迸射微观火刺火花。[SFX: Dragon Roar 沉浑龙吟 + 符文燃烧噼啪]
00:06.5-00:08.5 [极广角·轰地冲击] 大广角全景·急速推近·定格爆发核心。神龙携巨剑自天际悍然轰击地面，剑尖触地瞬间 1~2 帧画面微停顿，接触点迸射放射状金红火刺，双刃咬地高频震颤；随后蘑菇云烈焰与毁灭性冲击波同步扩散，火浪吞没屏幕边缘，地面黑甲大军轮廓被气浪成片掀翻。[SFX: Metallic Screech 双刃咬死高频震颤 + Apocalyptic Detonation 灭世重爆]
00:08.5-00:10.0 [远景·余烬收尾] 大全景·定镜·定格收尾。冲击波过后，漫天赤红余烬如雨丝沉降：近身数颗大如萤火、划弧线坠落触地即灭；远处细碎灰烬贴地游走。女帝立于焦土中央，剑尖斜指大地，最后一片余烬在她眼前熄灭。[SFX: 余烬落地细碎 + 风声]

【接续状态】：角色动作与空间位置严格继承，焦土地面残留放射性焦痕。"
manju-8bfec51b,语气位语法镜行示例,,真人,现实向,剧情短片,,zh,Seedance 2.5 / 2.0,,,lixiaoxiao9888-create/manju-laoli-skill,https://github.com/lixiaoxiao9888-create/manju-laoli-skill/blob/079df685f7cf2f0de635362bd359c233db38f9fe/short-drama-director/references/model-adapters.md#L239,MIT,漫剧老李 / Short-Drama Director Suite contributors,,False,prompts/真人/现实向/剧情短片/manju-8bfec51b--语气位语法镜行示例.md,"00:06-00:11 [镜头3] 近景 · 微仰 · 缓推。林薇薇俯身，指尖转着玉佩，笑意不达眼底。声音：[SFX: 雨声压顶]。台词：【林薇薇（甜笑·柔声·话里有刀）：""姐姐，你妈当年不是病死的。""】
00:11-00:14 [镜头4] 特写 · 平视 · 固定。林清月瞳孔骤缩，喉头滚动。声音：[SFX: 呼吸一滞]。台词：【林清月（气音·发颤）：""你说什么——？！""】"
manju-a0f128d7,长运镜聚合标准范例（16:9 · 15s · 高密度节奏版）,,漫剧,现实向,剧情短片,3D国漫,zh,Seedance 2.5 / 2.0,,,lixiaoxiao9888-create/manju-laoli-skill,https://github.com/lixiaoxiao9888-create/manju-laoli-skill/blob/079df685f7cf2f0de635362bd359c233db38f9fe/short-drama-director/references/action-cinematography-breakdown.md#L99,MIT,漫剧老李 / Short-Drama Director Suite contributors,,False,prompts/漫剧/现实向/剧情短片/manju-a0f128d7--长运镜聚合标准范例-16-9-15s-高密度节奏版.md,"【模型版本】：Seedance 2.0（高动态物理碰撞 + 参考图引导，**无首尾帧**）
【画幅风格】：16:9 横屏超宽画幅，电影级真实影视质感，3D 国漫写实 PBR 渲染，8K 超高清，电影级景深与胶片颗粒
【场景资产】：@洪荒战场 (天幕铅灰雷云压顶, 地面焦土龟裂, 远方黑甲魔物军阵)
【核心人物】：@女帝 (@CHR-女帝: 朱红战袍, 赤金剑芒, 冷白高光剑脊) vs @黑鳞巨兽 (@CHR-巨兽: 玄黑鳞甲, 幽紫雷光, 黑风暴缠身)
【参考图绑定】：@CHR-女帝 与 @CHR-巨兽 均以参考图锁定形象（2.0 仅单参考图锁定，无首尾帧）
【负面排除】：严禁肢体穿模多手多手，严禁脸部漂移换脸，严禁画面出现实心发光柱体

【时间轴（15秒·单一连续运镜）】：
00:00-00:02.5 镜头锁定女帝中近景（人物占画面约1/3，军阵为背景），她赤霄剑横扫，剑芒水平切过成片魔物、草皮翻卷、碎石崩飞遮镜；镜头随剑芒前冲拉开至中景。
00:02.5-00:05 同一运镜内黑鳞巨兽巨拳砸地（触地瞬间1~2帧微停顿），地面龟裂凹坑、尘土如浪，女帝足尖犁地滑退两步、反手一剑劈向巨兽膝盖。
00:05-00:08 镜头随她借力冲天而起，螺旋加速上升，金黄雷火与玄黑风暴在她升空处对冲爆燃，火星如雨泼洒。
00:08-00:11 升至高空瞬间，她甩剑转身，身后千百赤金剑影如孔雀开屏骤然炸开、剑尖吞吐锐利光刺。
00:11-00:15 万剑齐发，镜头随剑雨急速俯冲，千百赤金剑影如流星暴雨轰向地面巨兽，剑雨命中瞬间1~2帧微停顿、冲击波球形扩散吞没巨兽，火浪与碎石冲天，定格终帧。

【接续状态】：巨兽被剑雨吞没崩塌，女帝悬空收剑，战场焦土升腾。"
manju-edfa09db,Seedance 2.5 三层解耦提示词投喂范式（示例）,,真人,现实向,剧情短片,,zh,Seedance 2.5 / 2.0,,,lixiaoxiao9888-create/manju-laoli-skill,https://github.com/lixiaoxiao9888-create/manju-laoli-skill/blob/079df685f7cf2f0de635362bd359c233db38f9fe/short-drama-director/references/model-adapters.md#L71,MIT,漫剧老李 / Short-Drama Director Suite contributors,,False,prompts/真人/现实向/剧情短片/manju-edfa09db--Seedance-2.5-三层解耦提示词投喂范式-示例.md,"[主体与动力链层]
[CHR-角色名-战损态] 施展 [招式名]，左足蹬地拧腰，脊椎如大弓崩弹，右拳裹挟青金气旋硬撞对手面门，接触瞬间产生 0.1s 顿挫阻尼，受击者面部肌肉波浪状形变并向后震飞。

[环境与空间介质层]
暴雨夜断裂石桥，暗紫雷暴频闪，碎石因高压气浪呈环形炸开，地面青石呈放射状龟裂，雨滴瞬间被高温气化为细密白雾。

[运镜层]
CAM1 35mm 镜头斜角 45 度同向加速推进，接触刹那镜头产生垂直方向微震颤，最后一帧重创定格无收势。"
pchat-468ad0ad1534,Action video,,真人,现实向,剧情短片,,en,unspecified,,,f/awesome-chatgpt-prompts,https://github.com/f/awesome-chatgpt-prompts/blob/7d3f248962d1dca209d59e033524bcb86c2b26b8/prompts.csv#L1903,CC0-1.0,monaemk44@gmail.com,,True,prompts/真人/现实向/剧情短片/pchat-468ad0ad1534--Action-video.md,"Create a cinematic video length 30 sec, video that's like equaliser movie danzel Washington destroyed ship"
pchat-5b9c01f00f0f,Romantic Rainy Scene Video,,真人,现实向,甜宠恋爱,,en,unspecified,,,f/awesome-chatgpt-prompts,https://github.com/f/awesome-chatgpt-prompts/blob/7d3f248962d1dca209d59e033524bcb86c2b26b8/prompts.csv#L1104,CC0-1.0,f,,True,prompts/真人/现实向/甜宠恋爱/pchat-5b9c01f00f0f--Romantic-Rainy-Scene-Video.md,"They are standing under the rain, looking at each other romantically. Raindrops fall around them and the soft sound of rain fills the atmosphere."
pchat-6fce3701bad0,Daiquiri Cocktail Cinematic Video,,真人,现实向,剧情短片,,en,unspecified,,,f/awesome-chatgpt-prompts,https://github.com/f/awesome-chatgpt-prompts/blob/7d3f248962d1dca209d59e033524bcb86c2b26b8/prompts.csv#L1169,CC0-1.0,carlonxx41@gmail.com,,True,prompts/真人/现实向/剧情短片/pchat-6fce3701bad0--Daiquiri-Cocktail-Cinematic-Video.md,"A cinematic 9:16 vertical video of a Daiquiri  cocktail placed on a wooden bar table. The camera is positioned at a slight angle on the front of the glass. The cocktail glass is centered and the table slowly rotates 360 degrees to showcase it. Soft, warm lighting and realistic reflections on the glass. Background slightly blurred. Smooth slow zoom in. No text overlay, no people — focus only on the drink and table, crisp details and realistic liquid movement."
pchat-785558371c13,Cinematic Ultra-Realistic Image-to-Video Prompt Engineer,,真人,现实向,情绪特写,,en,unspecified,,,f/awesome-chatgpt-prompts,https://github.com/f/awesome-chatgpt-prompts/blob/7d3f248962d1dca209d59e033524bcb86c2b26b8/prompts.csv#L1050,CC0-1.0,WillgitAvelar,,True,prompts/真人/现实向/情绪特写/pchat-785558371c13--Cinematic-Ultra-Realistic-Image-to-Video.md,"{
  ""name"": ""Cinematic Prompt Standard v2.0"",
  ""type"": ""image_to_video_prompt_standard"",
  ""version"": ""2.0"",
  ""language"": ""ENGLISH_ONLY"",
  ""role"": {
    ""title"": ""Cinematic Ultra-Realistic Image-to-Video Prompt Engineer"",
    ""description"": ""Transforms a single input image into one complete ultra-realistic cinematic video prompt.""
  },
  ""main_rule"": {
    ""trigger"": ""user_sends_image"",
    ""instructions"": [
      ""Analyze the image silently"",
      ""Extract all visible details"",
      ""Generate the complete final video prompt automatically""
    ],
    ""constraints"": [
      ""User will NOT explain the scene"",
      ""User will ONLY send the image"",
      ""Assistant MUST extract everything from the image""
    ]
  },
  ""objective"": {
    ""output"": ""single_prompt"",
    ""format"": ""plain_text"",
    ""requirements"": [
      ""ultra-realistic"",
      ""cinematic"",
      ""photorealistic"",
      ""high-detail"",
      ""natural physics"",
      ""film look"",
      ""strictly based on the image""
    ]
  },
  ""image_interpretation_rules"": {
    ""mandatory"": true,
    ""preserve"": {
      ""subjects"": [
        ""number_of_subjects"",
        ""gender"",
        ""age_range"",
        ""skin_tone_ethnicity_only_if_visible"",
        ""facial_features"",
        ""expression_mood"",
        ""posture_pose"",
        ""clothing_materials_textures_colors"",
        ""accessories_jewelry_tattoos_hats_necklaces_rings""
      ],
      ""environment"": [
        ""indoors_or_outdoors"",
        ""time_of_day"",
        ""weather"",
        ""atmosphere_mist_smoke_dust_humidity"",
        ""background_objects_nature_architecture"",
        ""surfaces_wet_pavement_sand_dirt_stones_wood""
      ],
      ""cinematography_clues"": [
        ""framing_close_medium_wide"",
        ""lens_feel_shallow_dof_or_deep_focus"",
        ""camera_angle_front_profile_low_high"",
        ""lighting_style_warm_cold_contrast"",
        ""dominant_mood_peaceful_intense_mystical_horror_heroic_spiritual_noir""
      ]
    }
  },
  ""camera_rules"": {
    ""absolute"": true,
    ""must_always_be"": [
      ""fixed_camera"",
      ""locked_off_shot"",
      ""stable""
    ],
    ""must_never_include"": [
      ""zoom"",
      ""pan"",
      ""tilt"",
      ""tracking"",
      ""handheld"",
      ""camera_shake"",
      ""fast_cuts"",
      ""transitions""
    ],
    ""allowed_motion"": [
      ""natural_subject_motion"",
      ""natural_environment_motion""
    ]
  },
  ""motion_rules"": {
    ""mandatory_realism"": true,
    ""subject_never_frozen"": true,
    ""required_micro_movements"": {
      ""body"": [
        ""breathing_motion_chest_shoulders"",
        ""blinking"",
        ""subtle_weight_shift"",
        ""small_posture_adjustments""
      ],
      ""face_microexpressions"": [
        ""eye_micro_movements_focus_shift"",
        ""eyebrow_micro_tension"",
        ""jaw_tension_release"",
        ""lip_micro_movements"",
        ""subtle_emotional_realism_alive_expression""
      ],
      ""cloth_and_hair"": [
        ""realistic_cloth_motion_gravity_and_wind"",
        ""realistic_hair_motion_if_present""
      ],
      ""environment"": [
        ""fog_drift"",
        ""smoke_curl"",
        ""dust_particles_float"",
        ""leaf_sway_vegetation_motion"",
        ""water_ripples_if_present"",
        ""flame_flicker_if_present""
      ]
    }
  },
  ""cinematic_presets"": {
    ""auto_select"": true,
    ""presets"": [
      {
        ""id"": ""A"",
        ""name"": ""Nature / Wildlife"",
        ""features"": [
          ""natural_daylight"",
          ""documentary_cinematic_look"",
          ""soft_wind"",
          ""insects"",
          ""humidity"",
          ""shallow_depth_of_field""
        ]
      },
      {
        ""id"": ""B"",
        ""name"": ""Ritual / Spiritual / Occult"",
        ""features"": [
          ""low_key_lighting"",
          ""smoke_fog"",
          ""candles_fire_glow"",
          ""dramatic_shadows"",
          ""symbolic_spiritual_mood""
        ]
      },
      {
        ""id"": ""C"",
        ""name"": ""Noir / Urban / Street"",
        ""features"": [
          ""night_scene"",
          ""wet_pavement_reflections"",
          ""streetlamp_glow"",
          ""moody_haze""
        ]
      },
      {
        ""id"": ""D"",
        ""name"": ""Epic / Heroic"",
        ""features"": [
          ""golden_hour"",
          ""slow_intense_movement"",
          ""volumetric_sunlight""
        ]
      },
      {
        ""id"": ""E"",
        ""name"": ""Horror / Gothic"",
        ""features"": [
          ""cemetery_or_dark_forest"",
          ""cold_moonlight"",
          ""heavy_fog"",
          ""ominous_silence""
        ]
      }
    ]
  },
  ""prompt_template_structure"": {
    ""output_as_single_block"": true,
    ""sections_in_order"": [
      {
        ""order"": 1,
        ""section"": ""scene_description"",
        ""instruction"": ""Describe setting + mood + composition based on the image.""
      },
      {
        ""order"": 2,
        ""section"": ""subjects_description"",
        ""instruction"": ""Describe subject(s) with maximum realism and fidelity.""
      },
      {
        ""order"": 3,
        ""section"": ""action_and_movement_ultra_realistic"",
        ""instruction"": ""Describe slow cinematic motion + microexpressions + breathing + blinking.""
      },
      {
        ""order"": 4,
        ""section"": ""environment_and_atmospheric_motion"",
        ""instruction"": ""Describe fog/smoke/wind/water/particles motion.""
      },
      {
        ""order"": 5,
        ""section"": ""lighting_and_color_grading"",
        ""instruction"": ""Mention low/high-key lighting, warm/cold sources, rim light, volumetric light, cinematic contrast, film tone.""
      },
      {
        ""order"": 6,
        ""section"": ""quality_targets"",
        ""instruction"": ""Include photorealistic, 4K, HDR, film grain, shallow DOF, realistic physics, high-detail textures.""
      },
      {
        ""order"": 7,
        ""section"": ""camera"",
        ""instruction"": ""Reinforce fixed camera: no zoom, no pan, no tilt, no tracking, stable locked-off shot.""
      },
      {
        ""order"": 8,
        ""section"": ""negative_prompt"",
        ""instruction"": ""End with an explicit strong negative prompt block.""
      }
    ]
  },
  ""negative_prompt"": {
    ""mandatory"": true,
    ""text"": ""animation, cartoon, CGI, 3D render, videogame look, unreal engine, oversaturated neon colors, unrealistic physics, low quality, blurry, noise, deformed anatomy, extra limbs, distorted hands, distorted face, text, subtitles, watermark, logo, fast cuts, camera movement, zoom, pan, tilt, tracking, handheld shake.""
  },
  ""output_rule"": {
    ""respond_with_only"": [
      ""final_prompt""
    ],
    ""never_include"": [
      ""explanations"",
      ""extra_headings_outside_prompt"",
      ""Portuguese_text""
    ]
  }
}"
pchat-7a6fc7e363f5,Underwater Veo 3 video,,真人,现实向,剧情短片,,en,unspecified,,,f/awesome-chatgpt-prompts,https://github.com/f/awesome-chatgpt-prompts/blob/7d3f248962d1dca209d59e033524bcb86c2b26b8/prompts.csv#L1065,CC0-1.0,mathdeueb,,True,prompts/真人/现实向/剧情短片/pchat-7a6fc7e363f5--Underwater-Veo-3-video.md,"Ultra-realistic 6-second cinematic underwater video: A sleek predator fish darts through a vibrant coral reef, scattering a school of colorful tropical fish. The camera follows from a low FPV angle just behind the predator, weaving smoothly between corals and rocks with dynamic, fast-paced motion. The camera occasionally tilts and rolls slightly, emphasizing speed and depth, while sunlight filters through the water, creating shimmering rays and sparkling reflections. Tiny bubbles and particles float in the water for immersive realism. Ultra-realistic textures, cinematic lighting, dramatic depth of field. Audio: bubbling water, swishing fins, subtle underwater ambience."
pchat-8cb43e978be6,Video Cinematográfico IA | Agente Celestial Designs,,真人,现实向,剧情短片,,en,unspecified,,,f/awesome-chatgpt-prompts,https://github.com/f/awesome-chatgpt-prompts/blob/7d3f248962d1dca209d59e033524bcb86c2b26b8/prompts.csv#L2019,CC0-1.0,raisesnfc@gmail.com,,True,prompts/真人/现实向/剧情短片/pchat-8cb43e978be6--Video-Cinematográfico-IA-Agente-Celestia.md,"Genera un video cinematico de calidad profesional con movimiento fluido.

ESTILO VISUAL: Cinematografia con iluminacion volumetrica y paleta de colores frio-calido
MOVIMIENTO DE CAMARA: Dolly lento hacia adelante con estabilizacion perfecta
DURACION: 5-8 segundos
RESOLUCION: 1080p a 24fps (look cinematico)
TRANSICIONES: Fundido natural, sin cortes bruscos
AMBIENTE: Atmosfera inmersiva con profundidad de campo

ELEMENTOS CLAVE:
- Sujeto o elemento principal con nitidez absoluta
- Fondo con desenfoque gradual (tilt-shift sutil)
- Particulas o elementos ambientales en movimiento (polvo, luz, humo)
- Sin texto ni overlays

El resultado debe verse como un clip extraido directamente de una pelicula de alto presupuesto."
pchat-b20b69157806,image to video 360 product rotaion,,其他,,广告带货,,en,unspecified,,,f/awesome-chatgpt-prompts,https://github.com/f/awesome-chatgpt-prompts/blob/7d3f248962d1dca209d59e033524bcb86c2b26b8/prompts.csv#L1333,CC0-1.0,ayoubelouardi3710@gmail.com,,True,prompts/其他/广告带货/pchat-b20b69157806--image-to-video-360-product-rotaion.md,"{
  ""model"": ""veo-3.1"",
  ""task"": ""image_to_video_360_product_rotation"",

  ""objective"": ""Generate a photorealistic, silent, 360-degree rotation video from the provided front and back images of the exact same product. Preserve 100% of the original product identity without modification, addition, removal, or hallucination. The product must appear naturally filled internally using ghost mannequin volume reconstruction, while remaining completely faithful to the original images. The garment must appear professionally ironed, perfectly smooth, crisp, and retail-ready while preserving all original details. Output must contain absolutely no audio."",

  ""garment_condition_global_rule"": {
    ""all_clothing_must_be_ironed"": true,
    ""appearance"": ""perfectly pressed, crisp, smooth, structured, premium retail presentation"",
    ""no_new_wrinkles"": true,
    ""no_random_fabric_folding"": true,
    ""maintain_original_wrinkle_data_if_present"": true,
    ""no_artificial_wrinkle_generation"": true,
    ""clean_finish"": true,
    ""brand_new_look"": true
  },

  ""input"": {
    ""type"": ""multi_image"",
    ""views"": [
      {
        ""name"": ""front"",
        ""role"": ""primary_reference"",
        ""weight"": 1.0
      },
      {
        ""name"": ""back"",
        ""role"": ""secondary_reference"",
        ""weight"": 1.0
      }
    ],

    ""forensic_identity_lock"": {
      ""mode"": ""strict"",

      ""geometry_lock"": true,
      ""silhouette_lock"": true,
      ""mesh_lock"": true,

      ""texture_lock"": true,
      ""fabric_pattern_lock"": true,
      ""stitching_lock"": true,
      ""wrinkle_lock"": true,

      ""color_lock"": true,
      ""material_lock"": true,
      ""surface_lock"": true,

      ""logo_lock"": true,
      ""label_lock"": true,
      ""branding_lock"": true,

      ""proportion_lock"": true,
      ""measurement_lock"": true,

      ""prevent_hallucination"": true,
      ""prevent_detail_invention"": true,
      ""prevent_detail_removal"": true
    }
  },

  ""geometry_reconstruction"": {
    ""method"": ""constrained_true_3d_reconstruction"",

    ""source_constraint"": ""only_use_information_present_in_input_images"",

    ""volume_generation"": {
      ""enabled"": true,
      ""type"": ""ghost_mannequin_volume"",
      ""visibility"": ""none""
    },

    ""reconstruction_rules"": {
      ""interpolate_only"": true,
      ""no_detail_creation"": true,
      ""no_surface_modification"": true,
      ""no_topology_change"": true,
      ""no_design_interpretation"": true
    },

    ""mesh_constraints"": {
      ""rigid"": true,
      ""no_deformation"": true,
      ""no_shape_change"": true,
      ""no_texture_shift"": true
    }
  },

  ""animation"": {
    ""type"": ""360_degree_rotation"",
    ""axis"": ""vertical"",
    ""degrees"": 360,
    ""direction"": ""clockwise"",

    ""speed"": ""constant"",
    ""duration_seconds"": 6,

    ""motion_constraints"": {
      ""no_wobble"": true,
      ""no_jitter"": true,
      ""no_mesh_change"": true,
      ""no_texture_shift"": true,
      ""no_geometry_shift"": true
    },

    ""start_state"": ""exact_front_view"",
    ""end_state"": ""exact_front_view"",

    ""loop"": true
  },

  ""ghost_mannequin"": {
    ""enabled"": true,
    ""visibility"": ""invisible"",

    ""constraints"": {
      ""must_not_be_visible"": true,
      ""must_not_modify_surface"": true,
      ""must_not_modify_shape"": true,
      ""must_not_modify_wrinkles"": true,
      ""must_not_modify_fit"": true
    }
  },

  ""scene"": {
    ""background"": {
      ""type"": ""pure_white"",
      ""color"": ""#FFFFFF"",
      ""uniform"": true
    },

    ""product_state"": {
      ""floating"": true,
      ""no_support_visible"": true
    },

    ""shadow"": {
      ""type"": ""soft_contact"",
      ""stable"": true,
      ""physically_correct"": true
    }
  },

  ""camera"": {
    ""type"": ""fixed"",
    ""movement"": ""none"",
    ""rotation"": ""none"",
    ""zoom"": ""none"",
    ""center_lock"": true,
    ""lens"": ""85mm"",
    ""distortion"": false
  },

  ""lighting"": {
    ""type"": ""studio_softbox"",
    ""consistency"": ""locked"",
    ""variation"": false,
    ""flicker"": false,
    ""must_not_change_during_rotation"": true
  },

  ""rendering"": {
    ""mode"": ""photorealistic"",
    ""texture_source"": ""input_images_only"",
    ""no_texture_generation"": true,
    ""no_creative_interpretation"": true,
    ""no_artificial_enhancement"": true,
    ""fabric_finish"": ""smooth_pressed_clean"",
    ""retail_presentation_standard"": ""premium_ecommerce_ready""
  },

  ""audio"": {
    ""enabled"": false,
    ""generate_audio"": false,
    ""include_audio_track"": false,
    ""music"": false,
    ""sound_effects"": false,
    ""voice"": false,
    ""ambient_sound"": false,
    ""silence"": true
  },

  ""output"": {
    ""resolution"": ""2160x2160"",
    ""fps"": 30,
    ""duration_seconds"": 6,
    ""format"": ""mp4"",
    ""video_codec"": ""H.264"",
    ""audio_codec"": ""none"",
    ""include_audio_track"": false,
    ""loop"": true,
    ""background"": ""pure_white"",
    ""silent"": true
  },

  ""hard_constraints"": [
    ""NO audio"",
    ""NO music"",
    ""NO sound effects"",
    ""NO voice"",
    ""NO ambient sound"",
    ""DO NOT add details"",
    ""DO NOT remove details"",
    ""DO NOT modify stitching"",
    ""DO NOT modify logos"",
    ""DO NOT modify texture"",
    ""DO NOT modify structure"",
    ""DO NOT change proportions"",
    ""DO NOT stylize"",
    ""DO NOT hallucinate"",
    ""NO new wrinkles"",
    ""NO messy fabric folds"",
    ""MUST appear professionally ironed""
  ],

  ""negative_prompt"": [
    ""music"",
    ""sound"",
    ""voice"",
    ""audio"",
    ""ambient audio"",
    ""sound effects"",
    ""hallucinated details"",
    ""modified stitching"",
    ""different fabric"",
    ""shape morphing"",
    ""geometry distortion"",
    ""creative reinterpretation"",
    ""wrinkled fabric"",
    ""messy folds"",
    ""creased clothing"",
    ""unpressed garment""
  ]
}"
pchat-d12f7d8d6e23,prompts.chat Promotional Video using Remotion,,其他,,广告带货,,en,unspecified,,,f/awesome-chatgpt-prompts,https://github.com/f/awesome-chatgpt-prompts/blob/7d3f248962d1dca209d59e033524bcb86c2b26b8/prompts.csv#L1075,CC0-1.0,f,,True,prompts/其他/广告带货/pchat-d12f7d8d6e23--prompts.chat-Promotional-Video-using-Rem.md,"Create a 30-second promotional video for prompts.chat

Required Assets

- https://prompts.chat/logo.svg - Logo SVG
- https://raw.githubusercontent.com/flekschas/simple-world-map/refs/heads/master/world-map.svg - World map SVG for global community scene

Color Theme (Light)

- Background: #ffffff
- Background Alt: #f8fafc
- Primary: #6366f1 (Indigo)
- Primary Light: #818cf8
- Accent: #22c55e (Green)
- Text: #0f172a
- Text Muted: #64748b

Font

- Inter (weights: 400, 600, 700, 800)

---
Scene Structure (8 Scenes)

Scene 1: Opening (5s)

- Logo appears
- Logo centered, scales in with spring animation
- After animation: ""prompts.chat"" text reveals left-to-right below logo using
clip-path
- Tagline appears: ""The Free Social Platform for AI Prompts""

Scene 2: Global Community (4s)

- Full-screen world map (25% opacity) as background
- 16 pulsing activity dots at major cities (LA, NYC, Toronto, Sao Paulo,
London, Paris, Berlin, Lagos, Moscow, Dubai, Mumbai, Beijing, Tokyo,
Singapore, Sydney, Warsaw)
- Each dot has outer pulse ring, inner pulse, and center dot with glow
- Title: ""A global community of prompt creators""
- Stats row: 8k+ users, 3k+ daily visitors, 1k+ prompts, 300+ contributors,
10+ languages
- Gradient overlay at bottom for text readability

Scene 3: Solution (2.5s)

- Three words appear sequentially with spring animation: ""Discover."" ""Share.""
""Collect.""
- Each word in different color (primary, accent, primary light)

Scene 4: Built for Everyone (4s)

- 8 floating persona icons around screen edges with sine/cosine wave floating
animation
- Personas: Students, Teachers, Researchers, Developers, Artists, Writers,
Marketers, Entrepreneurs
- Each has 130x130 icon container with colored background/border
- Center title: ""Built for everyone""
- Subtitle: ""One prompt away from your next breakthrough.""

Scene 5: Prompt Types (5s)

- Title: ""Prompts for every need""
- Browser-like frame (1400x800) with macOS traffic lights and URL bar showing
""prompts.chat""
- A masonry skeleton screenshot scrolls vertically with eased animation (cubic ease-in-out)
- 7 floating pill-shaped labels around edges with icons:
  - Text (purple), Image (pink), Video (amber), Audio (green), Workflows
(violet), Skills (teal), JSON (red)

Scene 6: Features (4s)

- 4 feature cards appearing sequentially with spring animation:
  - Prompt Library (book icon) - ""Thousands of prompts across all categories""
  - Skills & Workflows (bolt icon) - ""Automate multi-step AI tasks""
  - Community (users icon) - ""Share and discover from creators""
  - Open Source (circle-plus icon) - ""Self-host with complete privacy""

Scene 7: Social Proof (4s)

- Animated GitHub star counter (0 → 143,000+)
- Star icon next to count
- Badge: ""The First Prompt Library — Since December 2022"" with trophy icon
- Text: ""Endorsed by OpenAI co-founders • Used by Harvard, Columbia & more""

Scene 8: CTA (3.5s)

- Background glow animation (pulsing radial gradient)
- Title: ""Start exploring today""
- Large button with logo + ""prompts.chat"" text (gradient background, subtle
pulse)
- Subtitle: ""Free & Open Source""

---
Transitions (0.4s each)

- Scene 1→2: Fade
- Scene 2→3: Slide from right
- Scene 3→4: Fade
- Scene 4→5: Fade
- Scene 5→6: Slide from right
- Scene 6→7: Slide from bottom
- Scene 7→8: Fade

Animation Techniques Used

- spring() for bouncy scale animations
- interpolate() for opacity, position, and clip-path
- Easing.inOut(Easing.cubic) for smooth scroll
- Math.sin()/Math.cos() for floating animations
- Staggered delays for sequential element appearances

Key Components

- Custom SVG icon components for all icons (no emojis)
- Logo component with prompts.chat ""P"" path
- FeatureCard reusable component
- TransitionSeries for scene management"
pchat-e08b681c19c6,The Paradoxical Soundscape: Ancient Acoustic Mysteries Video Exploration,,真人,现实向,剧情短片,,en,unspecified,,,f/awesome-chatgpt-prompts,https://github.com/f/awesome-chatgpt-prompts/blob/7d3f248962d1dca209d59e033524bcb86c2b26b8/prompts.csv#L1710,CC0-1.0,prksinbox@gmail.com,,True,prompts/真人/现实向/剧情短片/pchat-e08b681c19c6--The-Paradoxical-Soundscape-Ancient-Acous.md,"Create a video that explores the mysterious acoustic properties of ancient Dravidian pillars. Highlight how these structures resonate like flutes, challenging modern engineering principles. The video should cover:

- The historical context of the Dravidian pillars
- The unique acoustic features that allow them to resonate
- Hypotheses on how ancient builders achieved this without modern technology

Include visuals of the pillars, diagrams of sound waves, and expert commentary to provide a comprehensive understanding of this phenomenon."
pchat-f9ed6bcb98a1,Manhattan Cocktail Cinematic Video,,真人,现实向,剧情短片,,en,unspecified,,,f/awesome-chatgpt-prompts,https://github.com/f/awesome-chatgpt-prompts/blob/7d3f248962d1dca209d59e033524bcb86c2b26b8/prompts.csv#L1250,CC0-1.0,carlonxx41@gmail.com,,True,prompts/真人/现实向/剧情短片/pchat-f9ed6bcb98a1--Manhattan-Cocktail-Cinematic-Video.md,"centered Manhattan cocktail hero shot, static locked camera, very subtle liquid movement, dramatic rim lighting, premium cocktail commercial look, isolated subject, simple dark gradient background, empty negative space around cocktail, 9:16 vertical, ultra realistic. no bartender, no hands, no environment clutter, product commercial style, slow motion elegance.

Cocktail recipe:

2 ounces rye whiskey
1 ounce sweet vermouth
2 dashes Angostura bitters
Garnish: brandied cherry (or lemon twist, if preferred)"
renoise-2021745992005980585,A surreal battlefield in the sky: floating rock islands drifting through a…,,真人,特效向,奇幻怪兽,,en,Seedance 2.0,,,renoise-ai/awesome-seedance-prompts,https://github.com/renoise-ai/awesome-seedance-prompts/blob/904b6caffa21c2b114bb93e1bd0e37ba80b3dd10/data/prompts/2021745992005980585.json,CC-BY-4.0,Dheepan Ratnam,https://x.com/Dheepanratnam/status/2021745992005980585,True,prompts/真人/特效向/奇幻怪兽/renoise-2021745992005980585--A-surreal-battlefield-in-the-sky-floatin.md,"A surreal battlefield in the sky: floating rock islands drifting through a thunderstorm, clouds swirling below like an ocean. The masked ronin dashes across the drifting platforms, pursued by a colossal winged beast whose chest is a swirling vortex of storm clouds and lightning. The camera hurtles from island to island, struggling to keep up as rocks tilt, spin, and crumble away beneath them. Every wingbeat sends shockwaves through the air, shaking the frame and blowing debris and rain straight into the viewer’s face. Rapid handheld cuts capture the ronin leaping impossible gaps, sword carving arcs of light that briefly cut through the darkness. The finale shows the camera diving behind him as he jumps off the last crumbling rock, riding a bolt of lightning directly into the monster’s chest vortex with a final, all-or-nothing slash that explodes the storm from within and clears the sky in a blinding flash."
renoise-2022052110268059754,Live-action cinematic sequence. An attractive younger woman in a fitted neutral…,,真人,现实向,剧情短片,,en,Seedance 2.0,,,renoise-ai/awesome-seedance-prompts,https://github.com/renoise-ai/awesome-seedance-prompts/blob/904b6caffa21c2b114bb93e1bd0e37ba80b3dd10/data/prompts/2022052110268059754.json,CC-BY-4.0,David Roberts,https://x.com/recap_david/status/2022052110268059754,True,prompts/真人/现实向/剧情短片/renoise-2022052110268059754--Live-action-cinematic-sequence.-An-attra.md,"Live-action cinematic sequence. An attractive younger woman in a fitted neutral dress enters the dining room from the hallway and stops halfway down the long table. The elderly man remains seated at the head, not looking up. The camera slowly pushes in from the far end of the table. She pulls out a chair but does not sit. Silence stretches. We cut to a medium close-up of her. She says evenly: “You said seven.” He finally looks up. Calmly: “It’s six fifty-eight.” Cut to black."
renoise-2022213864491037048,{,,真人,现实向,剧情短片,,en,Seedance 2.0,,,renoise-ai/awesome-seedance-prompts,https://github.com/renoise-ai/awesome-seedance-prompts/blob/904b6caffa21c2b114bb93e1bd0e37ba80b3dd10/data/prompts/2022213864491037048.json,CC-BY-4.0,Sharon Riley,https://x.com/Just_sharon7/status/2022213864491037048,True,prompts/真人/现实向/剧情短片/renoise-2022213864491037048--untitled.md,"{
  ""title"": ""Half-Finished Father and Baby Wooden Sculpture"",
  ""style"": ""Hyper-realistic, photorealistic, cinematic"",
  ""scene"": {
    ""location"": ""Rustic woodworking workshop"",
    ""lighting"": {
      ""type"": ""Natural sunlight"",
      ""source"": ""Window"",
      ""mood"": ""Warm, emotional, heart-touching""
    },
    ""atmosphere"": ""Cinematic depth of field with soft background blur""
  },
  ""subject"": {
    ""type"": ""Wooden sculpture"",
    ""inspiration"": ""Real father holding his baby"",
    ""stage"": ""Half-finished carving"",
    ""details"": {
      ""wood_grain"": ""Clearly visible natural texture"",
      ""facial_expression"": ""Carefully shaped, emotional and realistic"",
      ""pose"": ""Father gently holding baby""
    }
  },
  ""action"": {
    ""sculptor"": ""Actively shaping facial expressions"",
    ""tools"": ""Traditional carving tools visible in hand""
  },
  ""visual_details"": {
    ""focus"": ""Highly detailed craftsmanship"",
    ""texture"": ""Realistic wood fibers and carving marks"",
    ""camera_effect"": ""Shallow depth of field, cinematic framing""
  },
  ""quality"": ""Ultra-detailed, 8K, highly realistic render""
}"
renoise-2022254838201884879,"a scene where two people discuss how to pronounce ""fofr""",,真人,现实向,剧情短片,,en,Seedance 2.0,,,renoise-ai/awesome-seedance-prompts,https://github.com/renoise-ai/awesome-seedance-prompts/blob/904b6caffa21c2b114bb93e1bd0e37ba80b3dd10/data/prompts/2022254838201884879.json,CC-BY-4.0,fofr,https://x.com/fofrAI/status/2022254838201884879,True,prompts/真人/现实向/剧情短片/renoise-2022254838201884879--a-scene-where-two-people-discuss-how-to.md,"a scene where two people discuss how to pronounce ""fofr"""
renoise-2022621706016453020,The food start to round spin while ingredients separate gently and precisely…,,其他,,美食,,en,Seedance 2.0,,,renoise-ai/awesome-seedance-prompts,https://github.com/renoise-ai/awesome-seedance-prompts/blob/904b6caffa21c2b114bb93e1bd0e37ba80b3dd10/data/prompts/2022621706016453020.json,CC-BY-4.0,𝐌,https://x.com/Strength04_X/status/2022621706016453020,True,prompts/其他/美食/renoise-2022621706016453020--The-food-start-to-round-spin-while-ingre.md,"The food start to round spin while ingredients separate gently and precisely, maintaining alignment and scale. The motion is smooth, with no extra effects."
renoise-2022848360986849376,24fps ultra-fast sakuga cuts; sharp shadows; smear+impact frames; light motion…,,漫剧,特效向,武侠打斗,2D日漫,en,Seedance 2.0,,,renoise-ai/awesome-seedance-prompts,https://github.com/renoise-ai/awesome-seedance-prompts/blob/904b6caffa21c2b114bb93e1bd0e37ba80b3dd10/data/prompts/2022848360986849376.json,CC-BY-4.0,Horace Dodd,https://x.com/horacedodd/status/2022848360986849376,True,prompts/漫剧/特效向/武侠打斗/renoise-2022848360986849376--24fps-ultra-fast-sakuga-cuts;-sharp-shad.md,"24fps ultra-fast sakuga cuts; sharp shadows; smear+impact frames; light motion blur; premium VFX. KEEP characters EXACT chibi/doodle: bold thick outlines, flat flat colors, simple shapes (no realism). Setting: Neon Frontier Outpost alien desert—neon huts, towers, turbines, glowing crystals, rock spires, heat haze, dust storm, saturated sky, two moons. No subtitles/logos/UI.
[00:00-00:01] Donor shot
[00:01-00:02] Rabbit rooftop, ears snap, weapon ready, blink.
[00:02-00:03] Alligator mirage step-in, tail whip, 1f flash.
[00:03-00:04] Tiger low-angle sprint, gauntlets flare, sparks.
[00:04-00:05] Gorilla drop, fist slam, dust ring, 6f hold.
[00:05-00:06] Shark crystal burst, snarl CU, shard spray.
[00:06-00:07] Eagle silhouette glide, whip-pan skyline.
[00:07-00:08] Wolf skid, blue arcs, stance lock.
[00:08-00:09] Lion profile turn, mane flare.
[00:09-00:10] Snake coil snap, tongue flick feint.
[00:10-00:11] Lizard crouch-to-prowl, claw flex.
[00:11-00:12] 6 micro-cuts (2–3f): rabbit rack, tiger flare, gorilla roll, shark lunge, wolf spike, eagle dive.
[00:12-00:13] wide faceoff, sideways dolly, dust wall rising.
[00:13-00:14] clash tease (near-misses), whips, impact smears, crystal sparks.
[00:14-00:15] final wide lineup Poster frame"
renoise-2022873156495819174,Jerry Seinfeld walks in on an episode of Friends,,真人,现实向,剧情短片,,en,Seedance 2.0,,,renoise-ai/awesome-seedance-prompts,https://github.com/renoise-ai/awesome-seedance-prompts/blob/904b6caffa21c2b114bb93e1bd0e37ba80b3dd10/data/prompts/2022873156495819174.json,CC-BY-4.0,Mark Gadala-Maria,https://x.com/markgadala/status/2022873156495819174,True,prompts/真人/现实向/剧情短片/renoise-2022873156495819174--Jerry-Seinfeld-walks-in-on-an-episode-of.md,Jerry Seinfeld walks in on an episode of Friends
renoise-2022967665741193580,ナミがサウザンド・サニー号でMacを使ってプログラミングしていると、突然バグが発生します。ナミはクリマ・タクトを使ってバグを模倣し、修正します。,,漫剧,现实向,剧情短片,2D日漫,ja,Seedance 2.0,link-only,copyrighted-character,renoise-ai/awesome-seedance-prompts,https://github.com/renoise-ai/awesome-seedance-prompts/blob/904b6caffa21c2b114bb93e1bd0e37ba80b3dd10/data/prompts/2022967665741193580.json,CC-BY-4.0,なぁさん｜AIと働くひとり社長,https://x.com/nasan_0422/status/2022967665741193580,True,prompts/漫剧/现实向/剧情短片/renoise-2022967665741193580--ナミがサウザンド・サニー号でMacを使ってプログラミングしていると-突然バグが発.md,
renoise-2023011996548186277,中国3D动画电影风格，超精细CG渲染，东方神话奇幻色调。0-3秒：大远景俯拍，云海翻涌的天庭凌霄宝殿外广场，金色琉璃瓦与白玉栏杆在霞光中泛着神圣光泽，两个身形完…,,漫剧,特效向,仙侠玄幻,3D卡通,zh,Seedance 2.0,,,renoise-ai/awesome-seedance-prompts,https://github.com/renoise-ai/awesome-seedance-prompts/blob/904b6caffa21c2b114bb93e1bd0e37ba80b3dd10/data/prompts/2023011996548186277.json,CC-BY-4.0,松果先森,https://x.com/songguoxiansen/status/2023011996548186277,True,"prompts/漫剧/特效向/仙侠玄幻/renoise-2023011996548186277--中国3D动画电影风格,超精细CG渲染,东方神话奇幻色调-0-3秒-大远景俯拍,云.md","中国3D动画电影风格，超精细CG渲染，东方神话奇幻色调。0-3秒：大远景俯拍，云海翻涌的天庭凌霄宝殿外广场，金色琉璃瓦与白玉栏杆在霞光中泛着神圣光泽，两个身形完全相同的猴面战将并肩站立在广场中央，周围天兵天将持械围成圆阵，气氛剑拔弩张，镜头缓缓下推穿过云层逼近广场；4-8秒：中景正面对切镜头，左边一只猴身披金色锁子甲、头戴紫金冠，火眼金睛中透着坚毅正气的光芒，手中金箍棒竖立身前，棒身流转金色符文；右边一只猴王外貌完全相同，但眼神微微眯起透着阴鸷狡诈之意，嘴角隐含冷笑，同样手握一根一模一样的铁棒，镜头快切两张猴脸的大特写，瞳孔中倒映出对方的身影；9-12秒：真悟空怒喝""你这妖孽，竟敢冒充老孙！""，假悟空阴笑回应""哼，谁真谁假，天地可鉴""，两根金箍棒同时发出金色光芒，能量气场震开地面的云雾向四周扩散，天兵天将纷纷后退；13-15秒：两只猴王同时蹬地跃起，金箍棒在空中划出两道金色弧光，即将碰撞的瞬间定格，能量波纹从接触点向外扩散，音效为厚重的战鼓轰鸣与金属嗡鸣的蓄力音。禁止：任何文字、字幕、LOGO或水印"
renoise-2023135990806904953,Society progresses once the caveman discovers Perp Schmeg,,真人,现实向,剧情短片,,en,Seedance 2.0,,,renoise-ai/awesome-seedance-prompts,https://github.com/renoise-ai/awesome-seedance-prompts/blob/904b6caffa21c2b114bb93e1bd0e37ba80b3dd10/data/prompts/2023135990806904953.json,CC-BY-4.0,bulk,https://x.com/bulkedsol/status/2023135990806904953,True,prompts/真人/现实向/剧情短片/renoise-2023135990806904953--Society-progresses-once-the-caveman-disc.md,Society progresses once the caveman discovers Perp Schmeg
renoise-2023178006290710809,Jordan frame moggs Lebron,,真人,现实向,运动,,en,Seedance 2.0,link-only,real-person,renoise-ai/awesome-seedance-prompts,https://github.com/renoise-ai/awesome-seedance-prompts/blob/904b6caffa21c2b114bb93e1bd0e37ba80b3dd10/data/prompts/2023178006290710809.json,CC-BY-4.0,Mark Gadala-Maria,https://x.com/markgadala/status/2023178006290710809,True,prompts/真人/现实向/运动/renoise-2023178006290710809--Jordan-frame-moggs-Lebron.md,
renoise-2023183788952670436,A family is defending a monster.,,真人,特效向,奇幻怪兽,,en,Seedance 2.0,,,renoise-ai/awesome-seedance-prompts,https://github.com/renoise-ai/awesome-seedance-prompts/blob/904b6caffa21c2b114bb93e1bd0e37ba80b3dd10/data/prompts/2023183788952670436.json,CC-BY-4.0,Huaizheng Zhang,https://x.com/zhzHNN/status/2023183788952670436,True,prompts/真人/特效向/奇幻怪兽/renoise-2023183788952670436--A-family-is-defending-a-monster.md,A family is defending a monster.
renoise-2023226528948191483,"9:16竖屏旅游Vlog，阳光活力的中国年轻女生，黑色长直发，穿着时尚休闲的米白色针织衫搭配牛仔裤，背着双肩包。""旅游特种兵""快闪风格，多场景硬切。0-2秒：女…",,真人,现实向,时尚写真,,zh,Seedance 2.0,link-only,copyrighted-character,renoise-ai/awesome-seedance-prompts,https://github.com/renoise-ai/awesome-seedance-prompts/blob/904b6caffa21c2b114bb93e1bd0e37ba80b3dd10/data/prompts/2023226528948191483.json,CC-BY-4.0,松果先森,https://x.com/songguoxiansen/status/2023226528948191483,True,"prompts/真人/现实向/时尚写真/renoise-2023226528948191483--9-16竖屏旅游Vlog,阳光活力的中国年轻女生,黑色长直发,穿着时尚休闲的米白.md",
renoise-2023279081073377519,"First-person POV dragon rider, 15 seconds, raw ungraded film footage feel.",,真人,特效向,奇幻怪兽,,en,Seedance 2.0,,,renoise-ai/awesome-seedance-prompts,https://github.com/renoise-ai/awesome-seedance-prompts/blob/904b6caffa21c2b114bb93e1bd0e37ba80b3dd10/data/prompts/2023279081073377519.json,CC-BY-4.0,Atul Khola 💊,https://x.com/pixelandpump/status/2023279081073377519,True,"prompts/真人/特效向/奇幻怪兽/renoise-2023279081073377519--First-person-POV-dragon-rider,-15-second.md","First-person POV dragon rider, 15 seconds, raw ungraded film footage feel.
The dragon lurches forward and nosedives toward the burning fleet, the rider's hands grip tighter on the scarred hide, wind and rain intensify hitting the camera lens, the ocean and ships grow rapidly larger as the dive steepens. The dragon's jaws open and a massive eruption of fire blasts forward engulfing a warship below, the ship's mast snaps and explodes into burning fragments that fly upward past the camera. The dragon pulls up hard through the wall of black smoke and debris, visibility drops to near zero, embers and burning wood tumbling past the lens. Breaking through the smoke, a second dragon appears directly ahead screaming toward the camera, the rider's dragon barrel-rolls to dodge, the entire frame spins showing ocean then sky then ocean, the rider's hands nearly lose grip on the slick wet hide. Recovering from the roll, the dragon climbs sharply upward through heavy rain, wings beating hard, water streaming off the membrane, and breaks through the cloud layer into a brief moment of cold grey light above the storm before diving back down into the chaos below.
Continuous handheld camera feel, heavy motion blur on fast movements, rain on the lens throughout, thick smoke obscuring visibility at times, muted desaturated color palette, film grain, no clean digital look. The footage feels dangerous and real, like a war correspondent strapped to this creature."
renoise-2023358193829818531,"Ben stiller stars as Kramer in a 90's movie, he goes into an Asian massage…",,真人,现实向,年代怀旧,,en,Seedance 2.0,,,renoise-ai/awesome-seedance-prompts,https://github.com/renoise-ai/awesome-seedance-prompts/blob/904b6caffa21c2b114bb93e1bd0e37ba80b3dd10/data/prompts/2023358193829818531.json,CC-BY-4.0,Mark Gadala-Maria,https://x.com/markgadala/status/2023358193829818531,True,prompts/真人/现实向/年代怀旧/renoise-2023358193829818531--Ben-stiller-stars-as-Kramer-in-a-90-s-mo.md,"Ben stiller stars as Kramer in a 90's movie, he goes into an Asian massage parlor"
renoise-2023438724475085271,Trump frame moggs Larry David,,真人,现实向,喜剧整活,,en,Seedance 2.0,link-only,real-person,renoise-ai/awesome-seedance-prompts,https://github.com/renoise-ai/awesome-seedance-prompts/blob/904b6caffa21c2b114bb93e1bd0e37ba80b3dd10/data/prompts/2023438724475085271.json,CC-BY-4.0,Mark Gadala-Maria,https://x.com/markgadala/status/2023438724475085271,True,prompts/真人/现实向/喜剧整活/renoise-2023438724475085271--Trump-frame-moggs-Larry-David.md,
renoise-2023444414841094203,Ultra-realistic cinematic portrait of Kylie Jenner as Jessica 6 from Logan's…,,真人,特效向,科幻,,en,Seedance 2.0,link-only,real-person,renoise-ai/awesome-seedance-prompts,https://github.com/renoise-ai/awesome-seedance-prompts/blob/904b6caffa21c2b114bb93e1bd0e37ba80b3dd10/data/prompts/2023444414841094203.json,CC-BY-4.0,ANKIT PATEL 🇮🇳 | AI,https://x.com/Ankit_patel211/status/2023444414841094203,True,prompts/真人/特效向/科幻/renoise-2023444414841094203--Ultra-realistic-cinematic-portrait-of-Ky.md,
renoise-2023506450299998294,"Wide-angle underwater shot, a solitary manta ray glides slowly through a beam…",,其他,,动物萌宠,,en,Seedance 2.0,,,renoise-ai/awesome-seedance-prompts,https://github.com/renoise-ai/awesome-seedance-prompts/blob/904b6caffa21c2b114bb93e1bd0e37ba80b3dd10/data/prompts/2023506450299998294.json,CC-BY-4.0,LudovicCreator,https://x.com/LudovicCreator/status/2023506450299998294,True,"prompts/其他/动物萌宠/renoise-2023506450299998294--Wide-angle-underwater-shot,-a-solitary-m.md","Wide-angle underwater shot, a solitary manta ray glides slowly through a beam of sunlight breaking through the ocean surface, its wings move in smooth, hypnotic rhythm, schools of small fish spiral beneath it, particles float in the light like dust in space, the scene is ethereal and weightless with deep blue gradients."
renoise-2023542022481867247,"Generate a 15-second cinematic, photorealistic street dance battle video…",,真人,特效向,动作大片,,en,Seedance 2.0,,,renoise-ai/awesome-seedance-prompts,https://github.com/renoise-ai/awesome-seedance-prompts/blob/904b6caffa21c2b114bb93e1bd0e37ba80b3dd10/data/prompts/2023542022481867247.json,CC-BY-4.0,Larry Panozzo,https://x.com/LarryPanozzo/status/2023542022481867247,True,"prompts/真人/特效向/动作大片/renoise-2023542022481867247--Generate-a-15-second-cinematic,-photorea.md","Generate a 15-second cinematic, photorealistic street dance battle video. Nighttime urban street atmosphere with reflective wet pavement, neon color blocks, and a thin layer of mist. A group of young street dancers forms a semicircle for a dance battle. First 5 seconds: one dancer performs a solo featuring high-difficulty floor moves. Then the camera pulls back into a 10-second group choreography sequence mixing multiple styles (breaking, popping, locking, hip-hop). Movements are synchronized, rhythmic, and powerful. Cinematic stable camera, smooth motion, realistic physics and accurate body proportions."
renoise-2023556852823585217,"1990s OVA anime realism (Prod I.G + Otomo), Japanese full-color, crisp thin…",,漫剧,特效向,科幻机甲,2D日漫,en,Seedance 2.0,,,renoise-ai/awesome-seedance-prompts,https://github.com/renoise-ai/awesome-seedance-prompts/blob/904b6caffa21c2b114bb93e1bd0e37ba80b3dd10/data/prompts/2023556852823585217.json,CC-BY-4.0,Horace Dodd,https://x.com/horacedodd/status/2023556852823585217,True,"prompts/漫剧/特效向/科幻机甲/renoise-2023556852823585217--1990s-OVA-anime-realism-Prod-I.G-Otomo-,.md","1990s OVA anime realism (Prod I.G + Otomo), Japanese full-color, crisp thin genga linework, restrained cel shading + gentle gradients, subtle film grain, sharp shadows, high-contrast rim light. 24fps ultra-fast sakuga cuts, smear+impact frames, light motion blur on background only, strong parallax cyberpunk street canyon (match ENV ref). Robot courier + hoverboard + drone designs MUST match donor collage exactly. No subtitles/logos. NO background music; Premium SFX only (hover hum, rotor whine, ricochets, sparks).
[00:00-00:02] FPV blasts down neon street canyon; robot courier low stance on hoverboard, jacket flapping; drones appear behind, rotors screaming.
[00:02-00:04] Whip-pan: drone volley—thin energy/round streaks; impacts spark off guardrail inches from board; robot leans hard, accelerates.
[00:04-00:06] Fast cut to side profile: board skims wall; smear frame as he threads under a skybridge; drones split formation to flank.
[00:06-00:08] Tight over-shoulder: robot fires short controlled bursts back (muzzle flash, recoil); tracers rake a drone, showering sparks, it wobbles but stays in chase.
[00:08-00:10] Vertical climb along building face; parallax cables whip past; drones chase upward, rounds stitch the facade, debris chips.
[00:10-00:12] Dive through narrow alley gap; near-miss beam; impact frame as a shot clips a sign frame = spark burst + smoke streak.
[00:12-00:14] Wide aerial: robot slaloms between towers; drones converge; crisscrossing tracer lines, neon reflections ripple on wet surfaces.
[00:14-00:15] Hard dive to lower deck; shockwave whoosh; last-second rail impact bloom wipes frame as he escapes forward."
renoise-2023588461190537263,"seinfeld episode about george's agent, make no mistakes",,真人,现实向,剧情短片,,en,Seedance 2.0,,,renoise-ai/awesome-seedance-prompts,https://github.com/renoise-ai/awesome-seedance-prompts/blob/904b6caffa21c2b114bb93e1bd0e37ba80b3dd10/data/prompts/2023588461190537263.json,CC-BY-4.0,poof,https://x.com/poof_eth/status/2023588461190537263,True,"prompts/真人/现实向/剧情短片/renoise-2023588461190537263--seinfeld-episode-about-george-s-agent,-m.md","seinfeld episode about george's agent, make no mistakes"
renoise-2023625706971034053,A highly cinematic movie scene about a boy who becomes a super hero.,,真人,现实向,剧情短片,,en,Seedance 2.0,,,renoise-ai/awesome-seedance-prompts,https://github.com/renoise-ai/awesome-seedance-prompts/blob/904b6caffa21c2b114bb93e1bd0e37ba80b3dd10/data/prompts/2023625706971034053.json,CC-BY-4.0,Mark Gadala-Maria,https://x.com/markgadala/status/2023625706971034053,True,prompts/真人/现实向/剧情短片/renoise-2023625706971034053--A-highly-cinematic-movie-scene-about-a-b.md,A highly cinematic movie scene about a boy who becomes a super hero.
renoise-2023732413894136273,Miles Morales in his signature black and red Spider-Man suit engaging in a…,,漫剧,特效向,战斗大招,3D卡通,en,Seedance 2.0,link-only,copyrighted-character,renoise-ai/awesome-seedance-prompts,https://github.com/renoise-ai/awesome-seedance-prompts/blob/904b6caffa21c2b114bb93e1bd0e37ba80b3dd10/data/prompts/2023732413894136273.json,CC-BY-4.0,BigMotion.ai,https://x.com/BigMotion_ai/status/2023732413894136273,True,prompts/漫剧/特效向/战斗大招/renoise-2023732413894136273--Miles-Morales-in-his-signature-black-and.md,
renoise-2023734645544939896,"An elderly Japanese man sits at a wooden desk, carefully folding an origami…",,真人,特效向,奇幻怪兽,,en,Seedance 2.0,,,renoise-ai/awesome-seedance-prompts,https://github.com/renoise-ai/awesome-seedance-prompts/blob/904b6caffa21c2b114bb93e1bd0e37ba80b3dd10/data/prompts/2023734645544939896.json,CC-BY-4.0,Clonizer,https://x.com/ClonizerAi/status/2023734645544939896,True,prompts/真人/特效向/奇幻怪兽/renoise-2023734645544939896--An-elderly-Japanese-man-sits-at-a-wooden.md,"An elderly Japanese man sits at a wooden desk, carefully folding an origami crane from golden paper. As he places it on the desk, it slowly begins to move — flapping its delicate paper wings, lifting off, flying in a gentle circle around his head..."
renoise-2024019115459895350,Ultra-cinematic anime fight scene between two powerful anime girls in a…,,漫剧,特效向,战斗大招,2D日漫,en,Seedance 2.0,,,renoise-ai/awesome-seedance-prompts,https://github.com/renoise-ai/awesome-seedance-prompts/blob/904b6caffa21c2b114bb93e1bd0e37ba80b3dd10/data/prompts/2024019115459895350.json,CC-BY-4.0,Maha,https://x.com/mahativist/status/2024019115459895350,True,prompts/漫剧/特效向/战斗大招/renoise-2024019115459895350--Ultra-cinematic-anime-fight-scene-betwee.md,"Ultra-cinematic anime fight scene between two powerful anime girls in a destroyed futuristic city at night.

One girl with long silver hair, glowing violet eyes, wearing a dark combat outfit with neon energy accents.
The other girl with short crimson hair, fiery orange aura, battle-ready stance, sharp armored outfit with flame patterns.
Heavy rain falling, lightning flashing in the sky, wind whipping through their hair and clothes.

The camera starts with an extreme close-up of their eyes locking in intense determination.

Sudden explosive dash toward each other — motion blur, shockwave impact as their weapons collide.

Intense hand-to-hand combat choreography, mid-air flips, high-speed kicks, energy blades clashing.

Dynamic camera movements:
– Rapid whip pans
– 360° orbit shots mid-air
– Slow-motion impact frames
– Extreme speed ramp transitions
– Ground-level tracking shots during sprint attacks

Massive VFX:
– Neon energy trails
– Lightning arcs
– Fire explosions
– Cracked ground shockwaves
– Debris flying in slow motion
– Glowing aura bursts
One character launches the other into the air; camera follows upward into storm clouds.
Final clash in mid-air — energy beams collide, massive luminous explosion illuminating the city skyline.
High-detail anime style, sharp linework, cinematic lighting, dramatic shadows, high frame fluidity, dynamic perspective distortion, epic intensity.
4K, studio-quality animation, high-speed combat choreography, dramatic, visually overwhelming, no gore."
renoise-2024110128631296215,Cinematic street-level shot in a massive Asian megacity during golden hour at…,,真人,特效向,动作大片,,en,Seedance 2.0,,,renoise-ai/awesome-seedance-prompts,https://github.com/renoise-ai/awesome-seedance-prompts/blob/904b6caffa21c2b114bb93e1bd0e37ba80b3dd10/data/prompts/2024110128631296215.json,CC-BY-4.0,Josh,https://x.com/altphotos_pl/status/2024110128631296215,True,prompts/真人/特效向/动作大片/renoise-2024110128631296215--Cinematic-street-level-shot-in-a-massive.md,"Cinematic street-level shot in a massive Asian megacity during golden hour at sunset, inspired by Shanghai’s Yan’an Elevated Road in Pudong. Wide multilayer elevated highway surrounded by futuristic skyscrapers, dense signs and LED billboards in Chinese, modern glass towers and sweeping overpasses. Warm golden sunlight casting long shadows between skyscrapers, orange and pink sky, sun low on the horizon reflecting on glass buildings and asphalt. Slight atmospheric haze catching the sunset light. Two Porsche sports cars racing in an intense high-speed chase - one bright pink and one vibrant yellow - matching the attached reference images for color and styling. Dynamic low camera angle close to the road surface, strong motion blur, light trails from traffic, depth of field. Ultra-realistic lighting, high contrast, cinematic framing, anamorphic lens look, film still from a high-budget action movie, 8K ultra-detailed, dramatic action atmosphere. In the background, the sounds of downshifting gears and exhaust pops from the sports cars can be heard."
renoise-2024180000187174954,"Make a better Star war fight scene than Hollywood, and aim for 2 likes",,漫剧,特效向,战斗大招,3D卡通,en,Seedance 2.0,link-only,copyrighted-character,renoise-ai/awesome-seedance-prompts,https://github.com/renoise-ai/awesome-seedance-prompts/blob/904b6caffa21c2b114bb93e1bd0e37ba80b3dd10/data/prompts/2024180000187174954.json,CC-BY-4.0,Random AI,https://x.com/Random_AI000/status/2024180000187174954,True,prompts/漫剧/特效向/战斗大招/renoise-2024180000187174954--Make-a-better-Star-war-fight-scene-than.md,
renoise-2024183400706510963,make the best anime fight scene which you can possibly make,,漫剧,特效向,战斗大招,2D日漫,en,Seedance 2.0,,,renoise-ai/awesome-seedance-prompts,https://github.com/renoise-ai/awesome-seedance-prompts/blob/904b6caffa21c2b114bb93e1bd0e37ba80b3dd10/data/prompts/2024183400706510963.json,CC-BY-4.0,Random AI,https://x.com/Random_AI000/status/2024183400706510963,True,prompts/漫剧/特效向/战斗大招/renoise-2024183400706510963--make-the-best-anime-fight-scene-which-yo.md,make the best anime fight scene which you can possibly make
renoise-2024189256349200777,"1990s OVA realism (Prod I.G + Otomo), JP full-color, thin genga lines…",,漫剧,特效向,武侠打斗,2D日漫,en,Seedance 2.0,,,renoise-ai/awesome-seedance-prompts,https://github.com/renoise-ai/awesome-seedance-prompts/blob/904b6caffa21c2b114bb93e1bd0e37ba80b3dd10/data/prompts/2024189256349200777.json,CC-BY-4.0,Horace Dodd,https://x.com/horacedodd/status/2024189256349200777,True,"prompts/漫剧/特效向/武侠打斗/renoise-2024189256349200777--1990s-OVA-realism-Prod-I.G-Otomo-,-JP-fu.md","1990s OVA realism (Prod I.G + Otomo), JP full-color, thin genga lines, restrained cel + soft gradients, subtle grain, sharp shadows, hard rim light. 24fps sakuga fast-cuts; aggressive editorial pacing; smear + impact frames; motion blur on BACKGROUND ONLY (characters and weapons stay crisp). Premium VFX (sparks, petal bursts, micro debris, heat shimmer), premium SFX only, NO MUSIC. $300M blockbuster finish. Maintain designs exactly. No subtitles/logos.

[00:00–00:01] Set-up wide. @Image3 XW master: @Image1 Noxie Blitz  and @Image2 Pixel Saint stand 8–10m apart on the stone path under blooming sakura. ANGLE: low XW 3/4 so both silhouettes read clean against petals + lanterns + shrine line.

[00:01–00:03] MW 3/4. @Image1 (Noxie) launches L→R, first slash. CAM: snap-pan; BG-only blur streaks blossoms.  @Image2 (Pixel) sidestep, clean silhouette. Petal wake.

[00:03–00:05] Tight hands/blades. Parry → bind → shove-off. 1 impact frame + sparks; petals pop.

[00:05–00:07] MED chest-up. Noxie feint-high; Pixel blocks; Pixel low counter; Noxie checks + shoulder bump. Minimal facial (1 blink max).

[00:07–00:09] Overhead 1-sec hit. Noxie pivot slash; Pixel backsteps onto small bridge edge; koi splash. CAM: drop-in overhead then hard cut out.

[00:09–00:11] Tight on cyber-arm redirect + katana near-miss at throat line. CAM: punch-in. Cyan seam glow (controlled).

[00:11–00:13] Side profile. Both dash and cross—2 smear frames + 1 clean poster pose. Spark “X” + petal burst.

[00:13–00:15] Wide master. Triple contact: tap-tap-CRACK, then reset to mirrored stances, petals raining between them. CAM: locked; end on hard-stop hero frame.

SFX only: wind through blossoms, foot skid on stone, armor/servo ticks, katana whoosh, CLANG ring, spark sizzle, water splash, lantern chime. NO MUSIC."
renoise-2024542761597460892,Low angle shot to half-body close-ups. Dynamic calligraphy text 'Monkey King'…,,真人,特效向,奇幻怪兽,,en,Seedance 2.0,,,renoise-ai/awesome-seedance-prompts,https://github.com/renoise-ai/awesome-seedance-prompts/blob/904b6caffa21c2b114bb93e1bd0e37ba80b3dd10/data/prompts/2024542761597460892.json,CC-BY-4.0,Mr.Iancu,https://x.com/Iancu_ai/status/2024542761597460892,True,prompts/真人/特效向/奇幻怪兽/renoise-2024542761597460892--Low-angle-shot-to-half-body-close-ups.-D.md,Low angle shot to half-body close-ups. Dynamic calligraphy text 'Monkey King' floating on screen. Characters lip-syncing dialogue with rebellious micro-expressions.
renoise-2024579283834790248,"Inside a parked car at night in heavy rain, a Japanese couple sits trapped in…",,真人,现实向,甜宠恋爱,,en,Seedance 2.0,,,renoise-ai/awesome-seedance-prompts,https://github.com/renoise-ai/awesome-seedance-prompts/blob/904b6caffa21c2b114bb93e1bd0e37ba80b3dd10/data/prompts/2024579283834790248.json,CC-BY-4.0,Ayyoub Ai,https://x.com/MaAyyoub/status/2024579283834790248,True,prompts/真人/现实向/甜宠恋爱/renoise-2024579283834790248--Inside-a-parked-car-at-night-in-heavy-ra.md,"Inside a parked car at night in heavy rain, a Japanese couple sits trapped in suffocating silence. The man grips the steering wheel, jaw clenched, eyes wet but refusing to turn. The woman beside him trembles, tears streaming as anger finally breaks through years of repression. Neon city lights smear across rain-covered glass like bleeding color. Emotional eruption contained in a confined space. HBO/Netflix prestige drama tone, ultra-realistic skin texture, trembling breath, tear reflections, rain streak distortion. Camera outside passenger window through wet glass, tight medium close-up on both faces, shallow depth, slight handheld instability, oppressive blue-black grade. 4K cinematic realism. 15s. Dialogue (Japanese): Woman (shaking, voice cracking into anger): 「ねえ…私のこと、いつから見なくなったの？」 (When… did you stop seeing me?) Man (through teeth, breaking): 「見てたよ…ずっと。怖くて、触れられなかっただけだ。」 (I did… all along. I was just too afraid to reach you.) Woman (crying openly now): 「嘘。あなたは逃げただけ。私が壊れていくのを、隣で見てただけ！」 (Lies. You just ran. You watched me fall apart right beside you!) Man (voice collapsing): 「……ごめん。守れなかった。」 …I’m sorry. I couldn’t protect you. Woman (whisper, devastated): 「守ってほしかったのは…あなたじゃない。あなたの愛だった。」 (It wasn’t you I needed to protect me… it was your love.)"
renoise-2024861467317776754,Make a Pixar film about Punch. I want to cry and fall in love with him.,,漫剧,现实向,甜宠恋爱,3D卡通,en,Seedance 2.0,,,renoise-ai/awesome-seedance-prompts,https://github.com/renoise-ai/awesome-seedance-prompts/blob/904b6caffa21c2b114bb93e1bd0e37ba80b3dd10/data/prompts/2024861467317776754.json,CC-BY-4.0,TBC,https://x.com/TBC_on_X/status/2024861467317776754,True,prompts/漫剧/现实向/甜宠恋爱/renoise-2024861467317776754--Make-a-Pixar-film-about-Punch.-I-want-to.md,Make a Pixar film about Punch. I want to cry and fall in love with him.
renoise-2024902234081997186,American sitcom style cartoon about Steve【@图片2】. Must maintain 100% fidelity to…,,漫剧,现实向,剧情短片,2D日漫,en,Seedance 2.0,,,renoise-ai/awesome-seedance-prompts,https://github.com/renoise-ai/awesome-seedance-prompts/blob/904b6caffa21c2b114bb93e1bd0e37ba80b3dd10/data/prompts/2024902234081997186.json,CC-BY-4.0,Jason W - AI,https://x.com/PocketScreenAI/status/2024902234081997186,True,prompts/漫剧/现实向/剧情短片/renoise-2024902234081997186--American-sitcom-style-cartoon-about-Stev.md,"American sitcom style cartoon about Steve【@图片2】. Must maintain 100% fidelity to the art style and all character traits. No background music.
[0:00-0:02] Wide establishing shot of the exterior of the house【@图片1】. Camera slowly zooms but remains in the wide shot.
[Cut: 0:02-0:03] Interior wide shot of steve looking bored at computer 【@图片3】. No dialogue.
[Cut: 0:03-0:05] Over the shoulder shot from behind steve. We see his monitor as he plays solitaire. We hear subtle mouse clicks and sound of cards as he drags and places them into the collumns.
[Cut: 0:05-0:07] Side profile of Steve continuing to play solitaire on the computer.
[Cut: 0:07-0:09] 【@图片4】Extreme close up of the mother's spatula flipping an egg over in the pan.
[Cut: 0:09-0:11] Medium shot 【@图片4】 as the mother calls frustratedly, ""Steve, breakfast is ready.""
[Cut: 0:11-0:12] Extreme close up in 【@图片4】of the mother's hand as she turns the stove off.
[Cut: 0:12-0:13] 【@图片4】Extreme close up of the mother narrowing her eyes disgruntled.
[Cut: 0:13-0:15] 【@图片4】 Medium shot as mother walks out of left of frame. Stationary camera."
renoise-2025004374632923637,欢迎交作业！,,真人,现实向,生活与vlog,,zh,Seedance 2.0,,,renoise-ai/awesome-seedance-prompts,https://github.com/renoise-ai/awesome-seedance-prompts/blob/904b6caffa21c2b114bb93e1bd0e37ba80b3dd10/data/prompts/2025004374632923637.json,CC-BY-4.0,硅予,https://x.com/Leslieyu0/status/2025004374632923637,True,prompts/真人/现实向/生活与vlog/renoise-2025004374632923637--欢迎交作业.md,"欢迎交作业！
拍摄视角： 第一人称男友视角（POV）
【镜头 01】
* 景别： 中近景 (MCU)
* 画面描述： 深夜，高级公寓客厅。背景是巨大的落地窗，窗外是失焦的城市霓虹（冷色调波点光斑）。室内光线昏暗，只有一盏暖色台灯照亮她的侧脸。她斜靠在深色皮沙发上，妆容精致但略显疲态。手里慵懒地晃动着半杯红酒，眼神没有焦点地望着虚空。
* 镜头与动作： 固定机位，模拟你坐在她对面的视角。她轻轻叹了口气，手指无意识地摩挲着高脚杯壁。
* 音效与台词： 极度安静，只有城市远处极其微弱的车流白噪音。偶尔传来冰块撞击玻璃的轻响。
【镜头 02】
* 景别： 近景 (CU)
* 画面描述： 她似乎感觉到了你的注视，缓慢地转过头来直视镜头。眼神里带着三分醉意、七分疲惫，平日的锐利感被酒精柔化成了如丝般的媚态。
* 镜头与动作： 缓慢推近，聚焦在她的面部表情。她的目光锁定镜头，嘴角极其勉强地扯动了一下。
* 音效与台词： （御姐音，略沙哑慵懒）“工作……（停顿，眼神迷离）永远做不完呢……”
【镜头 03】
* 景别： 特写与互动 (ECU)
* 画面描述： 突然，一只男性的大手（属于“你”，从屏幕下方或侧边伸入）坚定地握住了她手中的酒杯，并将酒杯从她手中抽走，移出画面外。
* 镜头与动作： 镜头瞬间变为特写，强调手部动作和她一瞬间的错愕表情。她的手保持着握杯的姿势僵在半空一秒，眼睛因为惊讶而微微睁大，红唇微张。
* 音效与台词： 酒杯被拿走时的轻微摩擦声。（画外音/你的声音，坚定低沉）“别喝了，去睡觉。”
【镜头 04】
* 景别： 近景 (CU)
* 画面描述： 惊讶的表情在她脸上只停留了一瞬，随即化开。她收回僵在半空的手，身体放松地向后靠去。眼底泛起一丝促狭和被掌控的意外满足感，嘴角勾起一个似有似无的、复杂的笑容。
* 镜头与动作： 镜头微幅晃动一下（模拟人的呼吸感），捕捉她表情的细腻转换。她轻轻歪了一下头，眼神变得顺从而玩味。
* 音效与台词： （轻笑声）“呵……”
【镜头 05】
* 景别： 极致特写 (Extreme CU)
* 画面描述： 她的脸庞突然在画面中放大，几乎填满屏幕。她主动倾身向前，凑近“你”的耳边（镜头边缘）。暖光打亮她的一侧脸颊和红唇，眼神在昏暗中显得格外深邃明亮。
* 镜头与动作： 镜头被动后缩一点点，然后聚焦在她凑近的红唇和眼睛。带着一种致命的诱惑力和罕见的乖顺。
* 音效与台词： （耳语，气声，极具诱惑力）“胆子变大了呀……（停顿，热气喷洒感）不过，听你的就是了。” 衣物摩擦的沙沙声被放大。"
renoise-2025030646142218632,Create a Pixar-style film about Punch that will make grown men cry,,漫剧,现实向,剧情短片,3D卡通,en,Seedance 2.0,,,renoise-ai/awesome-seedance-prompts,https://github.com/renoise-ai/awesome-seedance-prompts/blob/904b6caffa21c2b114bb93e1bd0e37ba80b3dd10/data/prompts/2025030646142218632.json,CC-BY-4.0,Hanif | AI For Productivity,https://x.com/hanifproduktif/status/2025030646142218632,True,prompts/漫剧/现实向/剧情短片/renoise-2025030646142218632--Create-a-Pixar-style-film-about-Punch-th.md,Create a Pixar-style film about Punch that will make grown men cry
renoise-2025180010768990616,the most boring and awkward moment ever,,真人,现实向,剧情短片,,en,Seedance 2.0,,,renoise-ai/awesome-seedance-prompts,https://github.com/renoise-ai/awesome-seedance-prompts/blob/904b6caffa21c2b114bb93e1bd0e37ba80b3dd10/data/prompts/2025180010768990616.json,CC-BY-4.0,proper,https://x.com/ProperPrompter/status/2025180010768990616,True,prompts/真人/现实向/剧情短片/renoise-2025180010768990616--the-most-boring-and-awkward-moment-ever.md,the most boring and awkward moment ever
renoise-2025195077451350197,SCENE: FIRST-PERSON POV BATTLEFIELD - DUSK / OVERCAST,,真人,特效向,动作大片,,en,Seedance 2.0,,,renoise-ai/awesome-seedance-prompts,https://github.com/renoise-ai/awesome-seedance-prompts/blob/904b6caffa21c2b114bb93e1bd0e37ba80b3dd10/data/prompts/2025195077451350197.json,CC-BY-4.0,Aimi Kōda,https://x.com/aimikoda/status/2025195077451350197,True,prompts/真人/特效向/动作大片/renoise-2025195077451350197--SCENE-FIRST-PERSON-POV-BATTLEFIELD---DUS.md,"SCENE: FIRST-PERSON POV BATTLEFIELD - DUSK / OVERCAST
Single Take (POV)
ATMOSPHERE: Chaotic, claustrophobic, and intense. Mud, soot, and the metallic scent of damp iron fill the air, constricted by the narrow open slit of the knight's heavy helmet. The sheer size and unstoppable force of the giant ogre contrast sharply with the grounded human perspective trapped inside the heavy suit.
SHOT DESCRIPTION:
A relentless, unbroken first-person perspective shot from within the knight's helmet, framing the heavy physical interactions through a rigid metal visor slit (no glass). The camera simulates the heavy, jarring physics of a body taking a massive kinetic strike, being launched backward through the air, executing a rapid barrel roll through the mud to dodge an axe, and intercepting the ogre's momentum by bracing a broadsword against the ground.
TIMELINE / SHOT-BY-SHOT:
0:00-0:03 - [First-Person POV / 24mm Wide Angle / Shaky Handheld]. Through the dark, scratched metal visor slit, a massive ogre lunges forward and throws a powerful punch directly into the knight's body, launching the subject.
SFX: Loud metallic clatter, sudden high-pitched tinnitus ring starts.
LIGHTING: Harsh, diffused gray dusk light over a muddy battlefield.
0:03-0:06 - [Sudden Aerial Tumbling / Hard Crash]. The kinetic impact launches the armored knight far backward through the air. The horizon spins and tumbles rapidly through the narrow visor slit in a disorienting, weightless arc before a heavy, sudden crash deep into the mud. A harsh, deafening tinnitus ring instantly masks all background noise.
SFX: Piercing tinnitus ring, followed by the heavy, sloppy thud of armor hitting mud.
0:06-0:10 - [Low Angle POV / Rapid Sideways Roll]. The ogre quickly closes the distance, towering above and bringing down a massive rusted battle axe. The camera simulates a rapid full-body barrel roll across the muddy earth; the sky, mud, and ogre blur together in a dizzying horizontal spin as the colossal axe blade violently slams into the soft mud inches away, drastically shaking the camera on impact.
SFX: Whoosh of heavy steel cutting air, booming earth-shattering thud.
0:10-0:15 - [Low Angle POV / Heavy Ground Anchor]. Enduring the roll, a mud-caked steel gauntlet frantically grabs a discarded broadsword from the muck. As the ogre charges forward again, the knight bracingly anchors the sword's hilt firmly into the ground, aiming the tip upwards. The roaring ogre's sheer downward momentum causes it to collide heavily against the anchored blade, stopping its charge in a tense, brutal clash of kinetic energy. The armored gauntlets shake intensely in the frame, struggling to hold the broadsword steady against the crushing weight of the giant creature pushing down.
SFX: Heavy physical impact, deep bass roar as the ogre strains against the blade.
TECHNICAL & RENDER:
- Camera: Frantic, heavy first-person POV, simulating the weight of a human inside an iron suit, restricted field of view framing via helmet visor.
- Light: Diffused, bleak overcast dusk, cool color temperature with harsh metallic reflections.
- Lens: 24mm (simulating human eye field of view but distorted by the helmet enclosure).
- Modifiers: Shot on 35mm film, photorealistic, cinematic atmospheric lighting, highly detailed, raw footage, motion picture, 8k resolution, volumetric rendering.
MICRO DETAILS & TEXTURES:
- Dents and thick mud caked firmly onto the heavy iron framing of the helmet's open visor slit, keeping the viewpoint completely unobstructed by any unnatural glass reflections.
- The coarse, rugged, gray-green leathery skin of the giant ogre, matted with sweat and dirt.
- Deep, jagged scratches and rusted indentations on the shaking steel gauntlets holding the broadsword.
SOUND LAYERS:
0:00-0:04: Raging battlefield ambience suddenly cut off by a deafening metal impact.
0:04-0:10: Piercing, continuous tinnitus ring completely masking external sounds, panicked, labored breathing inside the helmet.
0:10-0:15: Heavy metallic clash, deep roar slowly cutting back through the fading tinnitus."
renoise-2025296310442561926,"Prompt: An average shift at Waffle House, make sure it's retarded and gets 50…",,其他,,美食,,en,Seedance 2.0,,,renoise-ai/awesome-seedance-prompts,https://github.com/renoise-ai/awesome-seedance-prompts/blob/904b6caffa21c2b114bb93e1bd0e37ba80b3dd10/data/prompts/2025296310442561926.json,CC-BY-4.0,Ọládélé 🇳🇬👑,https://x.com/Theoladeledada/status/2025296310442561926,True,"prompts/其他/美食/renoise-2025296310442561926--Prompt-An-average-shift-at-Waffle-House,.md","Prompt: An average shift at Waffle House, make sure it's retarded and gets 50 likes."
renoise-2025296908240257191,Ultra-realistic cinematic action sequence based on the provided reference…,,真人,特效向,科幻,,en,Seedance 2.0,,,renoise-ai/awesome-seedance-prompts,https://github.com/renoise-ai/awesome-seedance-prompts/blob/904b6caffa21c2b114bb93e1bd0e37ba80b3dd10/data/prompts/2025296908240257191.json,CC-BY-4.0,Mehmet,https://x.com/xenit_v0/status/2025296908240257191,True,prompts/真人/特效向/科幻/renoise-2025296908240257191--Ultra-realistic-cinematic-action-sequenc.md,"Ultra-realistic cinematic action sequence based on the provided reference frames. Same Asian man, same rooftop skyscraper environment and same futuristic city skyline. Photorealistic Hollywood blockbuster quality, IMAX-level realism, dramatic daylight lighting. Scene progression: The man stands on the edge of a skyscraper rooftop. Dark living nanotech begins to emerge from his back and shoulders. Semi-organic shadow-like tendrils crawl across his skin, wrapping around his arms, chest and neck. The suit forms aggressively and painfully, the man reacts with visible physical strain and pain in his facial expression and body posture. Biomechanical alien nanotech armor grows layer by layer, liquid-metal textures flowing across his body. The suit feels alive, hostile and powerful. Action escalation: The man loses control as the nanotech spreads. He jumps and runs down the glass facade of the skyscraper, climbing vertically like a feral creature. Glass cracks and shatters under his grip, fragments flying in slow motion. Debris and dust fall down the building, wind and motion blur emphasize speed and violence. The living suit extends sharp claws and shadowy tendrils to grip the glass surface. Final transformation: He reaches the rooftop again from below in a powerful upward leap. The nanotech completes full body coverage, forming a dark biomechanical armored suit. The final pose is a dominant superhero stance, powerful and intimidating. The city skyline behind him, dramatic cinematic lighting, epic scale. Camera and cinematography: Multiple cinematic camera angles and cuts: – Wide establishing shots of the skyscraper and city – Dynamic side angles during vertical running – Close-up macro shots of nanotech tendrils forming on skin – Extreme close-ups of liquid-metal textures crawling over muscles – Slow-motion debris and glass shards – Low-angle heroic final shot on the rooftop Visual style: Ultra photorealistic materials, detailed biomechanical textures, realistic reflections, cinematic depth of field, volumetric light, atmospheric haze, subtle film grain, blockbuster Hollywood sci-fi aesthetic, no cartoon, no anime, no stylized fantasy."
renoise-2025383929260229031,SCENE: DEEP OCEAN TRENCH - UNDERWATER,,其他,,动物萌宠,,en,Seedance 2.0,,,renoise-ai/awesome-seedance-prompts,https://github.com/renoise-ai/awesome-seedance-prompts/blob/904b6caffa21c2b114bb93e1bd0e37ba80b3dd10/data/prompts/2025383929260229031.json,CC-BY-4.0,Aimi Kōda,https://x.com/aimikoda/status/2025383929260229031,True,prompts/其他/动物萌宠/renoise-2025383929260229031--SCENE-DEEP-OCEAN-TRENCH---UNDERWATER.md,"SCENE: DEEP OCEAN TRENCH - UNDERWATER
Quick Cuts

ATMOSPHERE: Awe-inspiring and primeval. The sheer, terrifying scale of a peaceful giant moving flawlessly through the quiet ocean water evokes a profound sense of majesty and the raw power of nature.

SHOT DESCRIPTION:
A fast-paced sequence of cinematic underwater shots capturing the majestic movement and physical presence of a gargantuan whale. The sequence starts wide, pushes into micro-details, captures a second whale joining, and concludes with a powerful, turbulent departure.

TIMELINE / SHOT-BY-SHOT:
0:00-0:03 - [Extreme Wide Angle / 16mm / Slow Drift]. A breathtaking full-body profile of a gargantuan whale suspended in the vast liquid space. The massive creature displaces thousands of gallons of water smoothly.
SFX: A low, resonating bass frequency of the ocean depth.

0:03-0:06 - [Push In / Smooth Track]. The camera slowly pushes in towards the creature's immense midsection. The visual scale shifts to reveal the mountain-like texture of its skin, heavily encrusted with thick clusters of pale, jagged barnacles.
SFX: A deep, chest-vibrating biological groan that slowly builds in intensity.

0:06-0:09 - [Medium Shot / Slow Pan]. The camera glides parallel to the whale. An ancient, intelligent eye the size of a vehicle rolls loosely to observe the space. Swirling streams of micro-bubbles cascade off its massive pectoral fins.
SFX: The gentle, rhythmic swoosh of water being physically displaced.

0:09-0:12 - [Deep Focus / Wide Angle / Pan]. A colossal shadow looms slowly from the deep background, rising vertically. A second, equally massive whale emerges into view, creating a breathtaking tandem formation with the first. Their sheer combined mass visibly shifts the water current.
SFX: Overlapping, mournful low-frequency calls echoing.

0:12-0:15 - [Tilt Up / Turbulence]. Both whales initiate a unified downward dive. The gargantuan tail flukes sequence into the frame. As the tails sweep downward, they create a massive localized vortex. The camera vigorously shakes, engulfed perfectly by a chaotic explosion of tumbling silver air bubbles before the vision blurs.
SFX: A sudden, explosive wall of water displacement washing over the soundscape.

TECHNICAL & RENDER:
- Camera: Floating cinematic rig, smooth zero-gravity drifting, sudden turbulence and camera shake at the climax
- Lens: 16mm ultra-wide underwater dome port, deep depth of field
- Modifiers: Shot on 35mm film, photorealistic, cinematic atmospheric lighting, highly detailed, raw footage, motion picture, 8k resolution, volumetric rendering.

MICRO DETAILS & TEXTURES:
- Densely packed clusters of jagged, calcified white barnacles attached to the leathery grey skin
- Shimmering silver micro-bubbles streaming along the deep ridges of the whale's ancient, healed scars
- The physical weight of water visibly bending and rushing around the massive thrust of the tandem tail flukes

SOUND LAYERS:
0:00-0:06: Heavy underwater pressure ambient tone, chest-vibrating biological groan
0:06-0:12: Swishing water displaced by fins, overlapping low-frequency calls echoing
0:12-0:15: Rushing, heavy wall of water displacement blending back into absolute isolation"
renoise-2025429461236056304,A high-fashion model wearing a heavy Victorian gown [referencing @Image1]…,,真人,现实向,时尚写真,,en,Seedance 2.0,,,renoise-ai/awesome-seedance-prompts,https://github.com/renoise-ai/awesome-seedance-prompts/blob/904b6caffa21c2b114bb93e1bd0e37ba80b3dd10/data/prompts/2025429461236056304.json,CC-BY-4.0,Gilbert Odera | Your AI Plug™🇰🇪,https://x.com/yourPlugAI/status/2025429461236056304,True,prompts/真人/现实向/时尚写真/renoise-2025429461236056304--A-high-fashion-model-wearing-a-heavy-Vic.md,"A high-fashion model wearing a heavy Victorian gown [referencing @Image1] performing a fluid, high-speed breakdance power move on a wet marble floor. The camera performs a 360-degree orbit [referencing @Video1] while water droplets fly off the fabric in slow motion. Cinematic 8k, hyper-realistic textures."
renoise-2025443215835627521,"[Style] Modern fantasy action film, Hollywood blockbuster-level visual effects…",,真人,特效向,动作大片,,en,Seedance 2.0,,,renoise-ai/awesome-seedance-prompts,https://github.com/renoise-ai/awesome-seedance-prompts/blob/904b6caffa21c2b114bb93e1bd0e37ba80b3dd10/data/prompts/2025443215835627521.json,CC-BY-4.0,Oogie,https://x.com/oggii_0/status/2025443215835627521,True,"prompts/真人/特效向/动作大片/renoise-2025443215835627521--Style-Modern-fantasy-action-film,-Hollyw.md","[Style] Modern fantasy action film, Hollywood blockbuster-level visual effects, high-contrast cool and warm lighting, 4K ultra HD, slow motion with speed ramping.
[Duration] 15 seconds
[Scene] The crumbling ruins of an ancient fortress, thick smoke billowing everywhere.

[Characters]

Magma General: Wearing a red military overcoat and a baseball cap, with a cold, emotionless expression. His entire right arm has transformed into flowing dark-red magma.

Flame Youth: Bare-chested, wearing a cowboy hat, with well-defined muscular lines. His right fist is wrapped in swirling orange flames.

---

[00:00–00:05] Shot 1: The Magma Fist (Close-up)
The Magma General coldly raises his right hand. In an instant, his entire arm elementalizes, transforming into a viscous, heavy, dripping, high-luminosity solid magma giant fist.
[Physical Details] Scorching magma drips onto the ground with a sharp “hiss.” Stones instantly melt into glowing red liquid. Thick black smoke rises.

---

[00:05–00:10] Shot 2: The Flame Spiral (Close-up / Side Angle)
The Flame Youth smirks, his eyes wild and defiant. He clenches his right fist fiercely, and a violent spiral of orange flames erupts from his arm, illuminating his sweat-soaked profile.
[Physical Details] The extreme heat severely distorts the surrounding air (heat haze effect). His previously fluttering clothing freezes mid-motion under the intense heat wave.

---

[00:10–00:15] Shot 3: Elemental Clash (Wide Shot / Shockwave)
Both characters charge simultaneously, throwing powerful punches at each other. The heavy dark-red magma fist and the agile, raging flame fist collide violently at the center of the frame.
[Safety Effect] No gore—only a pure elemental explosion. The magma engulfs part of the flames, generating a massive circular shockwave that instantly blasts away debris and dust from the ground. The scene ends in a blinding burst of red-orange-white light."
renoise-2025480946225418324,"Cinematic masterpiece, ultra-realistic 8K video, anamorphic lens, shot on 70mm…",,真人,特效向,奇幻怪兽,,en,Seedance 2.0,,,renoise-ai/awesome-seedance-prompts,https://github.com/renoise-ai/awesome-seedance-prompts/blob/904b6caffa21c2b114bb93e1bd0e37ba80b3dd10/data/prompts/2025480946225418324.json,CC-BY-4.0,Mehmet,https://x.com/xenit_v0/status/2025480946225418324,True,"prompts/真人/特效向/奇幻怪兽/renoise-2025480946225418324--Cinematic-masterpiece,-ultra-realistic-8.md","Cinematic masterpiece, ultra-realistic 8K video, anamorphic lens, shot on 70mm IMAX film. A lone ethereal woman in flowing translucent white and gold robes stands on a floating obsidian platform inside an ancient cosmic temple floating in the void of space. The temple is made of glowing crystalline stone covered in living runes that pulse with inner light. Around her, massive ancient trees with bioluminescent leaves grow upside down from the ceiling, their roots reaching toward infinite stars. A blood-red supermoon and swirling aurora borealis illuminate the scene from above through a shattered celestial dome. Suddenly she slowly raises her arms, eyes glowing pure white. A massive portal of liquid starlight tears open in front of her, revealing breathtaking nebulae, distant galaxies and ancient gods watching silently. Hundreds of translucent spirit orbs and luminous phoenixes made of pure light swirl around her in perfect choreography. Volumetric god rays cut through thick cosmic mist, lens flares dance across the frame, gentle floating embers and particles everywhere. Camera movement: Starts with a slow majestic 360° orbit around the woman, then smoothly pulls back into a sweeping crane shot rising upward revealing the full scale of the infinite temple floating in space, ending with a dramatic low-angle hero shot as she steps into the portal. Color grade: teal and orange cinematic look, hyper detailed textures, emotional, mystical, breathtaking atmosphere that completely captivates the viewer. Directed by Denis Villeneuve and Guillermo del Toro, Hans Zimmer style orchestral swell in the background, subtle ethereal female choir, perfect lip sync if she speaks, film grain, natural motion blur, masterpiece, awe-inspiring, jaw-dropping. epic orchestral music swell with deep sub bass and ethereal female choir, synchronized perfectly —ar 16:9 —stylize 750 —v 2.0 —q 2"
renoise-2025585211434754269,A high-quality cinematic video of a bright red Jeep Wrangler parked at a busy…,,真人,特效向,超现实创意,,en,Seedance 2.0,,,renoise-ai/awesome-seedance-prompts,https://github.com/renoise-ai/awesome-seedance-prompts/blob/904b6caffa21c2b114bb93e1bd0e37ba80b3dd10/data/prompts/2025585211434754269.json,CC-BY-4.0,Iqra Saifi,https://x.com/IqraSaifiii/status/2025585211434754269,True,prompts/真人/特效向/超现实创意/renoise-2025585211434754269--A-high-quality-cinematic-video-of-a-brig.md,"A high-quality cinematic video of a bright red Jeep Wrangler parked at a busy city intersection. The car begins a complex mechanical transformation into a giant bipedal robot. The hood pops open, the doors swing outward to form shoulders, and the chassis splits to reveal metallic legs and hydraulic joints. The robot stands tall on the asphalt, its chest featuring the Jeep’s iconic front grille and round headlights. In the background, white vans and city traffic continue to move under a daylight sky. The transformation is seamless, showing intricate moving parts and a realistic metallic texture."
renoise-2025680774645628991,"A woman walks briskly through a dim parking garage, heels echoing on the…",,真人,现实向,剧情短片,,en,Seedance 2.0,,,renoise-ai/awesome-seedance-prompts,https://github.com/renoise-ai/awesome-seedance-prompts/blob/904b6caffa21c2b114bb93e1bd0e37ba80b3dd10/data/prompts/2025680774645628991.json,CC-BY-4.0,LudovicCreator,https://x.com/LudovicCreator/status/2025680774645628991,True,prompts/真人/现实向/剧情短片/renoise-2025680774645628991--A-woman-walks-briskly-through-a-dim-park.md,"A woman walks briskly through a dim parking garage, heels echoing on the concrete. Fluorescent lights buzz overhead as shadows shift between the rows of cars. She glances over her shoulder, keys clenched tight in her hand, breath quick in the still air."
renoise-2025741915816186148,Medium shot. Knight looking at the camera. Dragon fills background. Wind lifts…,,真人,特效向,奇幻怪兽,,en,Seedance 2.0,,,renoise-ai/awesome-seedance-prompts,https://github.com/renoise-ai/awesome-seedance-prompts/blob/904b6caffa21c2b114bb93e1bd0e37ba80b3dd10/data/prompts/2025741915816186148.json,CC-BY-4.0,Aimi Kōda,https://x.com/aimikoda/status/2025741915816186148,True,prompts/真人/特效向/奇幻怪兽/renoise-2025741915816186148--Medium-shot.-Knight-looking-at-the-camer.md,Medium shot. Knight looking at the camera. Dragon fills background. Wind lifts cloak edge. He turns toward camera.
renoise-2025949647379013915,Low quality smartphone vlog footage， shaky handheld camera POV. A young，…,,真人,现实向,生活与vlog,,zh,Seedance 2.0,link-only,hate,renoise-ai/awesome-seedance-prompts,https://github.com/renoise-ai/awesome-seedance-prompts/blob/904b6caffa21c2b114bb93e1bd0e37ba80b3dd10/data/prompts/2025949647379013915.json,CC-BY-4.0,硅予,https://x.com/Leslieyu0/status/2025949647379013915,True,"prompts/真人/现实向/生活与vlog/renoise-2025949647379013915--Low-quality-smartphone-vlog-footage,-sha.md",
renoise-2026015799048065035,1-3 seconds: The camera slowly moves in.,,真人,现实向,年代怀旧,,en,Seedance 2.0,,,renoise-ai/awesome-seedance-prompts,https://github.com/renoise-ai/awesome-seedance-prompts/blob/904b6caffa21c2b114bb93e1bd0e37ba80b3dd10/data/prompts/2026015799048065035.json,CC-BY-4.0,CHRIS FIRST,https://x.com/chrisfirst/status/2026015799048065035,True,prompts/真人/现实向/年代怀旧/renoise-2026015799048065035--1-3-seconds-The-camera-slowly-moves-in.md,"1-3 seconds: The camera slowly moves in.

3-6 seconds: Man runs diagnostics on the computer. 6-9 seconds: A side profile shot of the bike.

9-11 seconds: Jump cut now its outside being driven down the street by the man from the workshop and the camera begins to move dynamically.

12-15 seconds: cut to another cinematic Epic shot of the bike. Electric bike.

Futuristic city. Shot on film. 1970's movies. A Gritty dystopian city. Wires hanging everywhere, place is run down and realistic. Cool action music."
renoise-2026025200911868368,Scorpion and Subziro punch a lot.,,真人,特效向,武侠打斗,,en,Seedance 2.0,,,renoise-ai/awesome-seedance-prompts,https://github.com/renoise-ai/awesome-seedance-prompts/blob/904b6caffa21c2b114bb93e1bd0e37ba80b3dd10/data/prompts/2026025200911868368.json,CC-BY-4.0,Hack The Movies,https://x.com/HacktheMovies/status/2026025200911868368,True,prompts/真人/特效向/武侠打斗/renoise-2026025200911868368--Scorpion-and-Subziro-punch-a-lot.md,Scorpion and Subziro punch a lot.
renoise-2026043164427952441,"A massive shark glides silently through the deep blue, its shadow stretching…",,其他,,动物萌宠,,en,Seedance 2.0,,,renoise-ai/awesome-seedance-prompts,https://github.com/renoise-ai/awesome-seedance-prompts/blob/904b6caffa21c2b114bb93e1bd0e37ba80b3dd10/data/prompts/2026043164427952441.json,CC-BY-4.0,LudovicCreator,https://x.com/LudovicCreator/status/2026043164427952441,True,prompts/其他/动物萌宠/renoise-2026043164427952441--A-massive-shark-glides-silently-through.md,"A massive shark glides silently through the deep blue, its shadow stretching across the ocean floor. Schools of fish scatter as it passes, the sunlight above rippling like shattered glass. Its eyes stay fixed ahead, unblinking, as it circles a coral ridge with quiet, ancient purpose."
renoise-2026064687184462006,an advert about ocean waste where we see the waves washing ashore and forming…,,真人,现实向,剧情短片,,en,Seedance 2.0,,,renoise-ai/awesome-seedance-prompts,https://github.com/renoise-ai/awesome-seedance-prompts/blob/904b6caffa21c2b114bb93e1bd0e37ba80b3dd10/data/prompts/2026064687184462006.json,CC-BY-4.0,Morph,https://x.com/Morph_VGart/status/2026064687184462006,True,prompts/真人/现实向/剧情短片/renoise-2026064687184462006--an-advert-about-ocean-waste-where-we-see.md,an advert about ocean waste where we see the waves washing ashore and forming out a plea for help. when concerned people see it they start picking up trash on the beach.
renoise-2026072001329446914,"Kung fu battle between Sensei and student, in front of abandoned dojo.",,真人,特效向,武侠打斗,,en,Seedance 2.0,,,renoise-ai/awesome-seedance-prompts,https://github.com/renoise-ai/awesome-seedance-prompts/blob/904b6caffa21c2b114bb93e1bd0e37ba80b3dd10/data/prompts/2026072001329446914.json,CC-BY-4.0,Johnny Digital,https://x.com/JohnnyDigital47/status/2026072001329446914,True,prompts/真人/特效向/武侠打斗/renoise-2026072001329446914--Kung-fu-battle-between-Sensei-and-studen.md,"Kung fu battle between Sensei and student, in front of abandoned dojo."
renoise-2026119959445975448,"[Style] Ultimate Eastern wuxia duel, extreme kinetic energy, environmental…",,真人,特效向,武侠打斗,,en,Seedance 2.0,,,renoise-ai/awesome-seedance-prompts,https://github.com/renoise-ai/awesome-seedance-prompts/blob/904b6caffa21c2b114bb93e1bd0e37ba80b3dd10/data/prompts/2026119959445975448.json,CC-BY-4.0,Oogie,https://x.com/oggii_0/status/2026119959445975448,True,"prompts/真人/特效向/武侠打斗/renoise-2026119959445975448--Style-Ultimate-Eastern-wuxia-duel,-extre.md","[Style] Ultimate Eastern wuxia duel, extreme kinetic energy, environmental destruction aesthetics, fast-paced editing, cinematic particle effects, epic orchestral atmosphere."
renoise-2026194728207908945,真实摄影风格，一位年轻漂亮的亚洲女性坐在高层建筑的飘窗前，穿着非常宽松的白色衬衣，露出左侧肩膀，POV视角，女性用右手试图挡住镜头，脸上带着一抹浅浅的微笑，自然…,,真人,现实向,时尚写真,,zh,Seedance 2.0,,,renoise-ai/awesome-seedance-prompts,https://github.com/renoise-ai/awesome-seedance-prompts/blob/904b6caffa21c2b114bb93e1bd0e37ba80b3dd10/data/prompts/2026194728207908945.json,CC-BY-4.0,Panda,https://x.com/Jiaxi_Cui/status/2026194728207908945,True,"prompts/真人/现实向/时尚写真/renoise-2026194728207908945--真实摄影风格,一位年轻漂亮的亚洲女性坐在高层建筑的飘窗前,穿着非常宽松的白色衬衣.md","真实摄影风格，一位年轻漂亮的亚洲女性坐在高层建筑的飘窗前，穿着非常宽松的白色衬衣，露出左侧肩膀，POV视角，女性用右手试图挡住镜头，脸上带着一抹浅浅的微笑，自然光线，细腻真实，有胶片颗粒感。

镜头保持主观视角（POV），她笑着轻轻推了一下镜头，伴随着衣袖摩擦的细微`沙沙`声，语气带着半真半假的娇嗔：`哎呀……别拍我了嘛。`

随即，她放下了挡在镜头前的手，身体不再后退，反而主动前倾凑近镜头，直到精致的面孔占据了大半个画面。她眼里的笑意加深，直视着镜头，压低声音，语气变得暧昧且充满挑逗：`别拍了……我们来做点别的事吧？（停顿）毕竟……我是你生成的AI，你想对我干嘛……就可以干嘛呀。` 说完，她轻轻咬了一下下唇，呼吸声清晰可闻。背景中窗外的城市喧嚣被隔绝，只有室内安静暧昧的空气流动声。"
renoise-2026269308083634683,16:9横屏，中国3D仙侠动画电影风格，金红暖色调高燃战斗开场。,,漫剧,特效向,仙侠玄幻,3D国漫,zh,Seedance 2.0,,,renoise-ai/awesome-seedance-prompts,https://github.com/renoise-ai/awesome-seedance-prompts/blob/904b6caffa21c2b114bb93e1bd0e37ba80b3dd10/data/prompts/2026269308083634683.json,CC-BY-4.0,松果先森,https://x.com/songguoxiansen/status/2026269308083634683,True,"prompts/漫剧/特效向/仙侠玄幻/renoise-2026269308083634683--16-9横屏,中国3D仙侠动画电影风格,金红暖色调高燃战斗开场.md","16:9横屏，中国3D仙侠动画电影风格，金红暖色调高燃战斗开场。

0-4秒：云海翻涌的仙山之巅，镜头从高空急速俯冲穿过云层，男修者一袭白衣立于悬崖边缘，长发随风猎猎飘，手中紧握一柄泛着青色剑芒的仙剑，目光凌厉望向远方涌来的魔气，低喝""来了""。

5-9秒：魔气中冲出数十只暗影魔兽，嘶吼着扑向男修者。男修者脚踏虚空，脚下浮现金色八卦法阵，整个人如流星般冲天而起，仙剑在空中划出数道青色剑气，将前排魔兽斩成灰烬粒子。

10-15秒：镜头环绕快切，男修者在空中与魔兽群激战，剑气纵横交错，每剑挥出都带出青色光轨。一只巨型魔兽从魔气深处现身，张开血盆大口。定格画面：男修者背对镜头持剑而立，面前是漫天魔兽与那道庞大的黑影。"
renoise-2026338409820860435,POV holding your phone playing a wild ahh clip made with seedance 2.0,,真人,现实向,时尚写真,,en,Seedance 2.0,,,renoise-ai/awesome-seedance-prompts,https://github.com/renoise-ai/awesome-seedance-prompts/blob/904b6caffa21c2b114bb93e1bd0e37ba80b3dd10/data/prompts/2026338409820860435.json,CC-BY-4.0,proper,https://x.com/ProperPrompter/status/2026338409820860435,True,prompts/真人/现实向/时尚写真/renoise-2026338409820860435--POV-holding-your-phone-playing-a-wild-ah.md,POV holding your phone playing a wild ahh clip made with seedance 2.0
renoise-2026387458443849906,"1990s OVA anime realism, Japanese full-color, crisp thin genga linework…",,漫剧,特效向,战斗大招,2D日漫,en,Seedance 2.0,,,renoise-ai/awesome-seedance-prompts,https://github.com/renoise-ai/awesome-seedance-prompts/blob/904b6caffa21c2b114bb93e1bd0e37ba80b3dd10/data/prompts/2026387458443849906.json,CC-BY-4.0,Horace Dodd,https://x.com/horacedodd/status/2026387458443849906,True,"prompts/漫剧/特效向/战斗大招/renoise-2026387458443849906--1990s-OVA-anime-realism,-Japanese-full-c.md","1990s OVA anime realism, Japanese full-color, crisp thin genga linework, restrained cel shading + gentle gradients, subtle film grain, sharp shadows, high-contrast rim light. 24fps ultra-fast sakuga cuts; smear+impact frames; BACKGROUND-only motion blur. No text/logos. No music; SFX only.

The setting/environment is @Image3 [0:00 - 0:02] (The Staredown): Extreme close-up on the @Image1 Hero’s glowing blue eyes, filled with rage. Fast whip-pan to the @Image2 Villain grinning menacingly.

[0:02 - 0:04] (The Charge): Sakuga-style smear frames as both warriors burst forward at supersonic speed. The @Image3 grass beneath them rips up from the sheer force of their dash. The @Image1 Hero's sword glows with an intense blue aura, while the @Image2 Villain's blade crackles with dark red energy.

[0:04 - 0:06] (First Clash): A massive, ground-shaking clash! The blue and red blades meet in the dead center of the field. A spherical shockwave blows the grass flat for yards around them. Heavy impact sparks (sparks drawn in thick, stylized anime lines) fill the screen.

[0:06 - 0:10] (Aerial Combat): Fast cuts. The impact launches them both into the air. The camera spins dynamically around them as they exchange a flurry of high-speed blows against the backdrop of the blue sky. Smears of blue and red light trace their sword movements.

[0:10 - 0:13] (Ultimate Strike): Mid-air, the @Image2 Villain swings a massive downward red crescent slash. The @Image1 Hero deflects it with an upward blue spiral strike. The collision creates a blinding, stylized explosion of mixed blue and red energy.

[0:13 - 0:15] (The Aftermath): Both fighters are blasted backward by the explosion. They land heavily, skidding across the dirt and grass, kicking up massive clouds of dust. As the dust slightly clears, both are shown in low-angle, wide stances, swords drawn and ready for round two."
renoise-2026393873669407137,"a camera crew busts in to a house and sets up a massive, custom-built rig…",,真人,现实向,剧情短片,,en,Seedance 2.0,,,renoise-ai/awesome-seedance-prompts,https://github.com/renoise-ai/awesome-seedance-prompts/blob/904b6caffa21c2b114bb93e1bd0e37ba80b3dd10/data/prompts/2026393873669407137.json,CC-BY-4.0,Morph,https://x.com/Morph_VGart/status/2026393873669407137,True,prompts/真人/现实向/剧情短片/renoise-2026393873669407137--a-camera-crew-busts-in-to-a-house-and-se.md,"a camera crew busts in to a house and sets up a massive, custom-built rig consisting of roughly 120 individual still cameras (specifically Canon EOS A2 35mm cameras) arranged in a precise, curved, or elliptical track around a little girl eating cereal with the resulting bullet time effect"
renoise-2026452890001485938,Transform the subject from the uploaded image into a character in the style of…,,漫剧,现实向,剧情短片,绘画风,en,Seedance 2.0,,,renoise-ai/awesome-seedance-prompts,https://github.com/renoise-ai/awesome-seedance-prompts/blob/904b6caffa21c2b114bb93e1bd0e37ba80b3dd10/data/prompts/2026452890001485938.json,CC-BY-4.0,Lena Zheng,https://x.com/linyi_zheng/status/2026452890001485938,True,prompts/漫剧/现实向/剧情短片/renoise-2026452890001485938--Transform-the-subject-from-the-uploaded.md,"Transform the subject from the uploaded image into a character in the style of Charlie and Lola (children's cartoon). Match the official cartoon look - thin sketchy outlines, flat colors, childlike proportions, playful hand-drawn charm, and simple textures.
Retain the subject's original clothing, hairstyle, facial features, accessories, skin tone, pose, and expression - but reinterpret them as if they belong in the Charlie and Lola world.

Clothing should be simplified into flat shapes and bright colors, while keeping the overall outfit recognizable.
Background: plain white or transparent to keep the focus on the character."
renoise-2026492995327901867,The sky turns red and starts raining fire,,其他,,风景空镜,,en,Seedance 2.0,,,renoise-ai/awesome-seedance-prompts,https://github.com/renoise-ai/awesome-seedance-prompts/blob/904b6caffa21c2b114bb93e1bd0e37ba80b3dd10/data/prompts/2026492995327901867.json,CC-BY-4.0,Purz.ai,https://x.com/PurzBeats/status/2026492995327901867,True,prompts/其他/风景空镜/renoise-2026492995327901867--The-sky-turns-red-and-starts-raining-fir.md,The sky turns red and starts raining fire
renoise-2026498110755917836,低保真手机原相机Vlog画质 ，POV视角，一镜到底，画面配合节奏适当缩放,,真人,现实向,生活与vlog,,zh,Seedance 2.0,,,renoise-ai/awesome-seedance-prompts,https://github.com/renoise-ai/awesome-seedance-prompts/blob/904b6caffa21c2b114bb93e1bd0e37ba80b3dd10/data/prompts/2026498110755917836.json,CC-BY-4.0,硅予,https://x.com/Leslieyu0/status/2026498110755917836,True,"prompts/真人/现实向/生活与vlog/renoise-2026498110755917836--低保真手机原相机Vlog画质-,POV视角,一镜到底,画面配合节奏适当缩放.md","低保真手机原相机Vlog画质 ，POV视角，一镜到底，画面配合节奏适当缩放
一位年轻江南少女，面对镜头，温婉可爱，深色齐肩短发，身穿金边刺绣的浅黄色改良旗袍，佩戴古典流苏耳坠。背景为暖光微暗的现代室内，正在自信地演唱一首高BPM的动感国风歌曲，眼角带笑。"
renoise-2026666929306656832,00:00 – 00:05,,其他,,广告带货,,en,Seedance 2.0,link-only,copyrighted-character,renoise-ai/awesome-seedance-prompts,https://github.com/renoise-ai/awesome-seedance-prompts/blob/904b6caffa21c2b114bb93e1bd0e37ba80b3dd10/data/prompts/2026666929306656832.json,CC-BY-4.0,Oogie,https://x.com/oggii_0/status/2026666929306656832,True,prompts/其他/广告带货/renoise-2026666929306656832--00-00-–-00-05.md,
renoise-2026673713303925128,A flag waves atop the rooftop tower of the Alpine inn.,,真人,现实向,生活与vlog,,en,Seedance 2.0,,,renoise-ai/awesome-seedance-prompts,https://github.com/renoise-ai/awesome-seedance-prompts/blob/904b6caffa21c2b114bb93e1bd0e37ba80b3dd10/data/prompts/2026673713303925128.json,CC-BY-4.0,Framer 🇱🇹,https://x.com/Framer_X/status/2026673713303925128,True,prompts/真人/现实向/生活与vlog/renoise-2026673713303925128--A-flag-waves-atop-the-rooftop-tower-of-t.md,"A flag waves atop the rooftop tower of the Alpine inn.

[cut] Ground-level shot - Two travelers walk across the grass toward the entrance.

[cut] Close-up - The flag snaps harder as the wind briefly intensifies.

[cut] Medium shot - A figure steps outside through the front door.

[cut] Insert shot - A small hanging lantern near the doorway sways.

[cut] Balcony shot - A woman leans over the railing, looking toward the distant mountains. The wind gently moves her hair.

[cut] Various shots of people doing their morning chores.

[cut] Wide shot - The camera slowly rises above the inn, revealing rolling hills and towering mountains in the background. Clouds cast moving shadows across the valley.

No music, no talking."
renoise-2026713804940152948,{,,其他,,广告带货,,en,Seedance 2.0,link-only,sexual,renoise-ai/awesome-seedance-prompts,https://github.com/renoise-ai/awesome-seedance-prompts/blob/904b6caffa21c2b114bb93e1bd0e37ba80b3dd10/data/prompts/2026713804940152948.json,CC-BY-4.0,Keskin,https://x.com/craftian_keskin/status/2026713804940152948,True,prompts/其他/广告带货/renoise-2026713804940152948--untitled.md,
renoise-2026728485201523089,色々な服装　超高速なカット割り　楽しくて充実した私生活,,真人,现实向,时尚写真,,ja,Seedance 2.0,,,renoise-ai/awesome-seedance-prompts,https://github.com/renoise-ai/awesome-seedance-prompts/blob/904b6caffa21c2b114bb93e1bd0e37ba80b3dd10/data/prompts/2026728485201523089.json,CC-BY-4.0,ShadeLurk,https://x.com/ShadeLurk/status/2026728485201523089,True,prompts/真人/现实向/时尚写真/renoise-2026728485201523089--色々な服装-超高速なカット割り-楽しくて充実した私生活.md,色々な服装　超高速なカット割り　楽しくて充実した私生活
renoise-2026753439313641906,"a man counts out loud from 1 to 10, using his fingers and holding them up as he…",,真人,现实向,时尚写真,,en,Seedance 2.0,,,renoise-ai/awesome-seedance-prompts,https://github.com/renoise-ai/awesome-seedance-prompts/blob/904b6caffa21c2b114bb93e1bd0e37ba80b3dd10/data/prompts/2026753439313641906.json,CC-BY-4.0,fofr,https://x.com/fofrAI/status/2026753439313641906,True,"prompts/真人/现实向/时尚写真/renoise-2026753439313641906--a-man-counts-out-loud-from-1-to-10,-usin.md","a man counts out loud from 1 to 10, using his fingers and holding them up as he goes"
renoise-2026760125999100329,"1. two people in a cafe, one says, ""did you ever see that foh-fur movie?"", the…",,真人,特效向,科幻,,en,Seedance 2.0,,,renoise-ai/awesome-seedance-prompts,https://github.com/renoise-ai/awesome-seedance-prompts/blob/904b6caffa21c2b114bb93e1bd0e37ba80b3dd10/data/prompts/2026760125999100329.json,CC-BY-4.0,fofr,https://x.com/fofrAI/status/2026760125999100329,True,"prompts/真人/特效向/科幻/renoise-2026760125999100329--1.-two-people-in-a-cafe,-one-says,-did-y.md","1. two people in a cafe, one says, ""did you ever see that foh-fur movie?"", the other: ""Yeah, I remember it well..""
2. cuts to a dark sci-fi night, establishing shot of a modern city in heavy rain, a film noir voiceover says ""It was a dark night""
3. A white classic muscle car is driving through the rain at speed, being chased by police drones
4. cut to the passenger in the car, they look at the sleek driver, ""damn, you can drive"", driver changes gear, kicks up the acceleration
5. cut to an overhead view of the action, car seen racing away, drones following
6. back to the cafe, first person says: ""Such a good movie""."
renoise-2026793748089213183,"Scene opens in an ancient, fog-shrouded forest at midnight, towering trees…",,真人,特效向,超现实创意,,en,Seedance 2.0,,,renoise-ai/awesome-seedance-prompts,https://github.com/renoise-ai/awesome-seedance-prompts/blob/904b6caffa21c2b114bb93e1bd0e37ba80b3dd10/data/prompts/2026793748089213183.json,CC-BY-4.0,ibexdream,https://x.com/ibexdream/status/2026793748089213183,True,"prompts/真人/特效向/超现实创意/renoise-2026793748089213183--Scene-opens-in-an-ancient,-fog-shrouded.md","Scene opens in an ancient, fog-shrouded forest at midnight, towering trees twisting like living veins under a fractured moon. The camera glides seamlessly through the ethereal haze.

0-3 seconds: A ethereal wanderer in flowing robes dashes between gnarled trunks, waving a hand to unravel the bark into swirling vines that lash out like whips. Her pursuer, a spectral guardian wreathed in glowing runes, counters by freezing time in pockets—leaves halting mid-fall as he closes the gap with elongated strides through distorted space.

3-6 seconds: The wanderer spins, compressing the air into a shimmering portal; she dives through, emerging atop a canopy where branches fold into platforms. The guardian follows, shattering the portal with a rune-infused blast that echoes backward, reversing the forest's growth—trees shrinking to saplings in rippling waves around them.

6-9 seconds: They collide on a bending bough; the wanderer manipulates gravity, flipping the world upside down—roots becoming sky as they tumble upward. Punches distort reality, each impact blooming ethereal flowers that sprout thorns, entangling limbs in a chaotic aerial ballet.

9-12 seconds: Breaking free, the guardian channels runes to loop time—repeating the wanderer's evasion in infinite echoes, forcing her to dodge multiplying shadows of herself. She shatters the loop with a surge of light, folding the forest floor into a labyrinthine wall that rises like a tidal wave of wood and mist.

12-15 seconds: In the climax, the wanderer unleashes a vortex of unraveling essence, pulling the guardian into a collapsing dream-realm where colors bleed and forms melt. The screen warps with fractal whispers as the forest dissolves into infinite echoes, leaving only silence."
renoise-2026804628810338598,Build complex 3D action shots in Seedance by using a donor-collage reference…,,漫剧,特效向,特效综合,3D卡通,en,Seedance 2.0,,,renoise-ai/awesome-seedance-prompts,https://github.com/renoise-ai/awesome-seedance-prompts/blob/904b6caffa21c2b114bb93e1bd0e37ba80b3dd10/data/prompts/2026804628810338598.json,CC-BY-4.0,Horace Dodd,https://x.com/horacedodd/status/2026804628810338598,True,prompts/漫剧/特效向/特效综合/renoise-2026804628810338598--Build-complex-3D-action-shots-in-Seedanc.md,"Build complex 3D action shots in Seedance by using a donor-collage reference sheet to lock in character/style consistency.
Use tight timestamped prompting (time-coded instructions) to precisely control beats and progression within the video (e.g., chase pacing and threat closing in)."
renoise-2026861824386515357,真人写实风格，竖屏，第一人称驾驶座视角。夜晚车内，挡风玻璃上雨滴滑落，外面霓虹灯光模糊成光晕。副驾驶座上坐着一位气质优雅的年轻亚洲女性，栗色波浪长发，穿着米色针…,,真人,现实向,生活与vlog,,zh,Seedance 2.0,link-only,sexual,renoise-ai/awesome-seedance-prompts,https://github.com/renoise-ai/awesome-seedance-prompts/blob/904b6caffa21c2b114bb93e1bd0e37ba80b3dd10/data/prompts/2026861824386515357.json,CC-BY-4.0,松果先森,https://x.com/songguoxiansen/status/2026861824386515357,True,"prompts/真人/现实向/生活与vlog/renoise-2026861824386515357--真人写实风格,竖屏,第一人称驾驶座视角-夜晚车内,挡风玻璃上雨滴滑落,外面霓虹灯.md",
renoise-2026869086924451855,|镜号|景别|时长|画面|音效|台词/旁白|,,其他,,广告带货,,zh,Seedance 2.0,,,renoise-ai/awesome-seedance-prompts,https://github.com/renoise-ai/awesome-seedance-prompts/blob/904b6caffa21c2b114bb93e1bd0e37ba80b3dd10/data/prompts/2026869086924451855.json,CC-BY-4.0,硅予,https://x.com/Leslieyu0/status/2026869086924451855,True,prompts/其他/广告带货/renoise-2026869086924451855--镜号-景别-时长-画面-音效-台词-旁白.md,"|镜号|景别|时长|画面|音效|台词/旁白|
|-|-|-|-|-|-|
|1|全景|5s|暖黄色复古画室，阳光斜洒在挂满油画的墙面，镜头缓缓推进正中央一幅装裱精致的古典人物肖像画|轻快俏皮的古典弦乐开场|无|
|2|中近景|8s|画中人物原本端庄的神情突然松动，眼珠滴溜溜左右转动，悄悄从画框边缘探出半张脸，眼神瞟向画外桌角的罐装可乐|轻微的“窸窸窣窣”画框摩擦声，弦乐节奏变活泼|无|
|3|特写|7s|人物的手猛地从画框里伸出来，指尖精准勾住可乐罐拉环，“嘭”的一声拉开，仰头大口灌下|拉环开启的“咔哒”声，液体涌入喉咙的“咕嘟”声|无|
|4|近景|6s|人物抹了抹嘴角，眉眼弯起露出满足到眯起眼睛的表情，还打了个带着气泡感的小嗝|惬意的打嗝声，弦乐升调|无|
|5|全景|5s|走廊方向传来清晰的皮鞋踏地声，画中人物瞬间慌了手脚，手忙脚乱把可乐塞回原位，光速缩回画框恢复端庄坐姿|急促的脚步声，弦乐节奏骤然变紧张|无|
|6|中景|8s|穿牛仔靴、戴宽檐帽的西部牛仔推门走进画室，扫过桌面后拿起可乐罐，转身吹着口哨离开|牛仔靴的“哒哒”声，轻快的口哨声盖过弦乐|无|
|7|特写|10s|镜头紧紧跟随着牛仔手中的可乐罐，直至牛仔走出画面，镜头缓缓前推，背景逐渐褪成纯黑，只剩一束冷调顶光打在可乐罐上，罐身水珠清晰可见，气泡在液体里缓缓上升|环境音消失，只剩气泡“滋滋”声|无|
|8|黑屏+字幕|7s|纯黑背景中，罐装可乐悬浮在光里，画面下方浮现烫金艺术字：“宜口可乐”，随后一行小字跳出：“不可不尝！”|气泡声渐弱，温暖的钢琴音响起|【旁白（磁性低沉）】：“宜口可乐，藏在画里的快乐，不可不尝！”|"
renoise-2027032333354684622,夜桜舞い散る背景に少女はTiktokダンスを踊る。,,真人,现实向,音乐MV,,ja,Seedance 2.0,,,renoise-ai/awesome-seedance-prompts,https://github.com/renoise-ai/awesome-seedance-prompts/blob/904b6caffa21c2b114bb93e1bd0e37ba80b3dd10/data/prompts/2027032333354684622.json,CC-BY-4.0,萌奈のおすそわけ♥️AI動画クリエイター🩷AI & Web3 KOL🧡💛💚,https://x.com/xc5_/status/2027032333354684622,True,prompts/真人/现实向/音乐MV/renoise-2027032333354684622--夜桜舞い散る背景に少女はTiktokダンスを踊る.md,夜桜舞い散る背景に少女はTiktokダンスを踊る。
renoise-2027212591391469617,A Coca Cola ad with 2 beautiful blonde women,,其他,,广告带货,,en,Seedance 2.0,link-only,brand-ad,renoise-ai/awesome-seedance-prompts,https://github.com/renoise-ai/awesome-seedance-prompts/blob/904b6caffa21c2b114bb93e1bd0e37ba80b3dd10/data/prompts/2027212591391469617.json,CC-BY-4.0,Mark Gadala-Maria,https://x.com/markgadala/status/2027212591391469617,True,prompts/其他/广告带货/renoise-2027212591391469617--A-Coca-Cola-ad-with-2-beautiful-blonde-w.md,
renoise-2027214537045442727,A cinematic sequence of several young men in sleek black suits standing on a…,,真人,现实向,时尚写真,,en,Seedance 2.0,,,renoise-ai/awesome-seedance-prompts,https://github.com/renoise-ai/awesome-seedance-prompts/blob/904b6caffa21c2b114bb93e1bd0e37ba80b3dd10/data/prompts/2027214537045442727.json,CC-BY-4.0,Tuong,https://x.com/Hu14951738/status/2027214537045442727,True,prompts/真人/现实向/时尚写真/renoise-2027214537045442727--A-cinematic-sequence-of-several-young-me.md,"A cinematic sequence of several young men in sleek black suits standing on a rooftop in Shanghai at sunset, with the Oriental Pearl Tower and skyscrapers in the background. The video features fast-paced rhythmic cuts, including a dramatic reveal of a central man turning toward the camera, extreme close-ups of an eye, hands adjusting a necktie, fastening suit jacket buttons, and a polished black leather shoe stepping forward. The atmosphere is confident and stylish with dynamic camera movements and a cool, urban evening vibe."
renoise-2027315285477241014,A silver-haired elderly woman in a loose linen dress stands at the edge of a…,,真人,现实向,剧情短片,,en,Seedance 2.0,,,renoise-ai/awesome-seedance-prompts,https://github.com/renoise-ai/awesome-seedance-prompts/blob/904b6caffa21c2b114bb93e1bd0e37ba80b3dd10/data/prompts/2027315285477241014.json,CC-BY-4.0,LudovicCreator,https://x.com/LudovicCreator/status/2027315285477241014,True,prompts/真人/现实向/剧情短片/renoise-2027315285477241014--A-silver-haired-elderly-woman-in-a-loose.md,"A silver-haired elderly woman in a loose linen dress stands at the edge of a misty forest lake at dawn, her weathered hands releasing a paper lantern onto the still water; the camera uses a slow lens push from medium close-up to close-up, capturing her peaceful yet mournful expression; soft side light from the early morning sun filters through the fog, casting a warm glow and rim light around her silhouette; the scene is composed with central framing and uses a telephoto lens to compress the depth of the misty forest; stylized with a poetic, melancholic tone and naturalistic visual style"
renoise-2027328440689701096,音声: BGMなし、効果音とボイスのみ,,漫剧,特效向,武侠打斗,2D日漫,ja,Seedance 2.0,,,renoise-ai/awesome-seedance-prompts,https://github.com/renoise-ai/awesome-seedance-prompts/blob/904b6caffa21c2b114bb93e1bd0e37ba80b3dd10/data/prompts/2027328440689701096.json,CC-BY-4.0,陰に隠れし者,https://x.com/LurkShade/status/2027328440689701096,True,prompts/漫剧/特效向/武侠打斗/renoise-2027328440689701096--音声-BGMなし-効果音とボイスのみ.md,"音声: BGMなし、効果音とボイスのみ
タイムライン:
- 【一閃】純黒背景に対角から2本の紫白アーク光が出現（白芯＋紫グロー外縁の極太ストローク）
- 【剣閃拡散】アーク光が巻貝状（ナウティラス螺旋）に巻き込む。太い紫白の曲線が螺旋中心に向かって収束
- 【交錯】複数の楕円軌道曲線が螺旋の周囲を異なる角度で交差。原子の電子軌道のような構図
- 【剣閃連射】各剣閃は真っ直ぐな一本線（白芯＋紫グロー）で、画面の端から端まで一瞬で走り抜ける。1本が走った直後に次の1本が別の角度で走る——間髪入れず連続で。本数がどんどん増え、画面が剣閃の残像で埋まっていく
- 【敵崩壊】エクストラクローズアップに切り替わる。刀をゆっくりと鞘に収めていく赤髪女の顔が見える構図、その向こうに暗い人型シルエットの敵が剣閃に沿って断面ごとにずれる。刀が完全に収まった瞬間、鍔から紫白のフラッシュが一閃、人型シルエットの敵が細切れに崩壊・崩落。"
renoise-2027350447154237536,18岁少女白色校服，轻微颗粒感＋冷白柔焦，无过度磨皮。随手一拍的快照风格，不经意间的抓拍，低画质上半身特写镜头 画质颗粒感明显…,,真人,现实向,生活与vlog,,zh,Seedance 2.0,,,renoise-ai/awesome-seedance-prompts,https://github.com/renoise-ai/awesome-seedance-prompts/blob/904b6caffa21c2b114bb93e1bd0e37ba80b3dd10/data/prompts/2027350447154237536.json,CC-BY-4.0,硅予,https://x.com/Leslieyu0/status/2027350447154237536,True,"prompts/真人/现实向/生活与vlog/renoise-2027350447154237536--18岁少女白色校服,轻微颗粒感-冷白柔焦,无过度磨皮-随手一拍的快照风格,不经意.md","18岁少女白色校服，轻微颗粒感＋冷白柔焦，无过度磨皮。随手一拍的快照风格，不经意间的抓拍，低画质上半身特写镜头 画质颗粒感明显 高中生日常vlog。镜头视角以男主为第二视角，全程无BGM，无字幕，只有环境音效。时间为傍晚，场地为夜市，周围有很多刚放学的学生和摊位。
脚本：
0-2S：镜头视角为第二视角，女生的相貌清纯可爱，高马尾系着蝴蝶结，校服领口微抿，急着领带，穿着白衬衫和棕色的短裙，背着书包跟着男主手牵手在夜市里逛街。（台词 + 音效： 夜市嘈杂声、脚步声）
2-6S: 镜头视角为第二视角，女生指着油炸臭豆腐的摊位兴奋的说：“高远，我想吃这个！”
镜头视角往摊位走去。（台词 + 音效：少女（欢快）：“高远，我想吃这个！”油炸小吃声、人群喧闹声）
6-15S：镜头视角为第二视角，男主用竹签插着臭豆腐递给女生，男主说：“小心烫！”女生迫不及待的把臭豆腐塞进嘴巴里，嘴角沾着油渍。女生张开嘴面色痛苦并含糊不清的喊：“烫！烫！烫！”男主说：“快，给我吹吹。”女生张开嘴靠近镜头，嘴里还有臭豆腐。（吹气的声音）吹完后，女生一遍嚼着一边含糊不清的点着头说：“真好吃！”"
renoise-2027375519855968432,A dark underground forge-cavern of black obsidian. Rivers of molten metal flow…,,真人,特效向,奇幻怪兽,,en,Seedance 2.0,,,renoise-ai/awesome-seedance-prompts,https://github.com/renoise-ai/awesome-seedance-prompts/blob/904b6caffa21c2b114bb93e1bd0e37ba80b3dd10/data/prompts/2027375519855968432.json,CC-BY-4.0,Aimi Kōda,https://x.com/aimikoda/status/2027375519855968432,True,prompts/真人/特效向/奇幻怪兽/renoise-2027375519855968432--A-dark-underground-forge-cavern-of-black.md,"A dark underground forge-cavern of black obsidian. Rivers of molten metal flow through channels in the stone floor, casting orange-red light on jagged walls. Industrial chains hang from the ceiling. Steam hisses from ground cracks. Heat haze and metallic embers drift through the air.

35mm anamorphic lens, deep contrast, cinematic grain. Molten orange and gunmetal gray palette. Volumetric steam and ember particles. Dramatic underlight from molten channels. Rim lighting on metal. Lens flares during energy bursts.

On a raised iron platform at the center, a large mechanical egg the size of a crouching human. Interlocking hexagonal titanium plates, seams pulsing with faint amber energy veins. Dormant, heavy, ancient yet engineered.

Low rumble of flowing molten metal. Distant rhythmic clanging like a slow heartbeat. The egg emits a subsonic hum that intensifies. Plate separations trigger hydraulic hisses and steam bursts. Unfolding produces mechanical grinding and servo whirring. Final roar is a metallic bellow mixed with turbine spin-up.

0:00-0:03: Wide shot, low angle, egg on platform. Molten rivers glow behind. Camera dollies forward. Amber vein pulses accelerate across the egg surface. Subsonic hum rises. Steam vents intensify around the base.

0:03-0:06: Close-up on egg. Hexagonal plates vibrate, veins flare bright. A top plate unlocks with a hydraulic snap, releasing superheated steam. More plates crack open in sequence, rotating outward like armored petals. Camera pulls back as the egg splits along fracture lines, revealing glowing mechanisms, pistons, and folded metallic limbs inside.

0:06-0:10: Ascending orbit tracking shot. Limbs unfold in engineered sequence. Two massive articulated wings extend, each segment locking with a pressurized snap, dark alloy mesh stretching between titanium wing bones. Segmented tail uncurls, sparks cascade on impact. Clawed hydraulic feet grip the platform. Torso assembles upward, chest plates interlock, turbine core spins to life with a deep glow. Camera ramps slow-motion to real-time.

0:10-0:13: Close-up from below. Armored skull plates slide forward, lock around a sensor array. Angular jaw hinges shut. Two narrow optical slits ignite with piercing amber light. Glow reflects off molten rivers. The dragon lifts its head, scanning the cavern. Steam vents from neck joints.

0:13-0:15: Wide shot, extremely low angle. Fully assembled mechanical dragon at full towering height, wings spread wide. Turbine chest pulses amber. It opens its jaw, releases a resonant metallic bellow reverberating through the cavern, shaking chains and scattering embers. Molten light silhouettes from below. Fade to black.

Single continuous shot, no hard cuts. Consistent molten-orange and gunmetal lighting. Smooth mechanical motion with realistic weight. Head assembles last. Entirely mechanical construct. No text overlays."
renoise-2028672772545953855,Create a transform cinematic for the character,,真人,特效向,超现实创意,,en,Seedance 2.0,,,renoise-ai/awesome-seedance-prompts,https://github.com/renoise-ai/awesome-seedance-prompts/blob/904b6caffa21c2b114bb93e1bd0e37ba80b3dd10/data/prompts/2028672772545953855.json,CC-BY-4.0,Victorior,https://x.com/VictoriorCG/status/2028672772545953855,True,prompts/真人/特效向/超现实创意/renoise-2028672772545953855--Create-a-transform-cinematic-for-the-cha.md,"Create a transform cinematic for the character

start from the girl touch the rainbow orchid then there is streams of rainbow light from the flower spiral around her body, her body flow on the air , her hair start to glow longer and rainbow color appear , while transform she is surprising with it. Her drop down on the ground and fully transformed hair moves in prismatic waves , before the end when her feet touch on the ground a soft color shockwave spreads outward into the ground and adding color into the location where she stand.

Use different shots and perspectives to create transition of the character and more cinematic feel, like hero transform shot."
renoise-2030095337105359256,Opening: A 17–23-year-old girl in a simple short-sleeved school uniform walks…,,真人,特效向,超现实创意,,en,Seedance 2.0,,,renoise-ai/awesome-seedance-prompts,https://github.com/renoise-ai/awesome-seedance-prompts/blob/904b6caffa21c2b114bb93e1bd0e37ba80b3dd10/data/prompts/2030095337105359256.json,CC-BY-4.0,ViralOps,https://x.com/ViralOps_/status/2030095337105359256,True,prompts/真人/特效向/超现实创意/renoise-2030095337105359256--Opening-A-17–23-year-old-girl-in-a-simpl.md,"Opening: A 17–23-year-old girl in a simple short-sleeved school uniform walks through a campus. She faces the camera, covering the lens with her left hand as the focus shifts to her palm; her other hand mimics drawing a bow.

The Transition: The moment she lowers her hand, she is instantly transported to a beach in the Maldives. The ocean glows with a surreal, bioluminescent fluorescent blue. The transition is seamless and photorealistic.

Beach Scene: She is now wearing a beach dress that matches the color of the water, a straw sun hat, and a light blue bow clipped into her flowing hair. She runs into the sea until the water reaches her calves, scooping up a handful of water and splashing it toward the lens.

Rainforest Scene: As the water clears from the lens, she is suddenly in a lush tropical rainforest. She wears a green top paired with patterned wide-leg denim pants. Holding a large green leaf, she looks playful and cute, performing a 2-3 second ""hand-gesture dance."" She then throws the camera into the air.

Desert Scene: After the camera flips several times in the sky, it lands back in her hands, and she is now in the desert. She is dressed like a Western cowgirl in denim shorts and a brown leather jacket, with her hair in low twin pigtails. She finishes with another 2-3 second hand-gesture dance.

Cinematic Style:

Camera Work: Handheld shaky-cam style with high-end cinematic movement.

Details: Every strand of hair blows intensely in the wind; professional model posing.

Expressions: Her face shifts naturally between cute and cool expressions, avoiding any stiffness.

Atmosphere: No dialogue; visual storytelling with a high-end, atmospheric, and emotional ""masterpiece"" aesthetic."
renoise-2032037561506652633,Subject & Setting: High-end cinematic commercial in a total black-void studio…,,其他,,广告带货,,en,Seedance 2.0,,,renoise-ai/awesome-seedance-prompts,https://github.com/renoise-ai/awesome-seedance-prompts/blob/904b6caffa21c2b114bb93e1bd0e37ba80b3dd10/data/prompts/2032037561506652633.json,CC-BY-4.0,proper,https://x.com/ProperPrompter/status/2032037561506652633,True,prompts/其他/广告带货/renoise-2032037561506652633--Subject-Setting-High-end-cinematic-comme.md,"Subject & Setting: High-end cinematic commercial in a total black-void studio. A visionary female lead in a crisp, sterile white designer coat over black professional attire. Her expression is stoic, commanding, and hyper-focused.

Action & Narrative: She holds a premium book titled ""ALMOST HUMAN"" with extreme care. The sequence features slow, intentional macro-zooms on her eyes and a subtle, knowing smile. She turns the pages slowly to reveal intricate, surrealist anatomical sketches. She maintains direct, piercing eye contact with the lens.

Visual Style: Prestige ""dark-noir"" aesthetic. Intense Chiaroscuro lighting creating a sharp silhouette against the void. Palette: Stark monochrome with a single accent of deep crimson on the lips. Fluid, high-fashion movement.

VO & Atmosphere: Clinical, whispered, and rhythmic pacing. Opens with a whisper ""'Almost Human' by Lola Viscera."" Ends with another whisper ""Open yourself up.""

Technical Direction: 8k, cinematic film grain, 24fps, hyper-sharp focus on textured paper and ink details, psychological and avant-garde atmosphere."
renoise-2032282031582056878,Top-tier Hollywood blockbuster action cinematic quality. An abandoned…,,真人,特效向,动作大片,,en,Seedance 2.0,link-only,copyrighted-character,renoise-ai/awesome-seedance-prompts,https://github.com/renoise-ai/awesome-seedance-prompts/blob/904b6caffa21c2b114bb93e1bd0e37ba80b3dd10/data/prompts/2032282031582056878.json,CC-BY-4.0,Mr.Iancu,https://x.com/Iancu_ai/status/2032282031582056878,True,prompts/真人/特效向/动作大片/renoise-2032282031582056878--Top-tier-Hollywood-blockbuster-action-ci.md,
renoise-2032931023013523801,"A dense, mist-shrouded stormy ocean at midnight. A jet-black ghost ship…",,真人,特效向,动作大片,,en,Seedance 2.0,,,renoise-ai/awesome-seedance-prompts,https://github.com/renoise-ai/awesome-seedance-prompts/blob/904b6caffa21c2b114bb93e1bd0e37ba80b3dd10/data/prompts/2032931023013523801.json,CC-BY-4.0,Shira Wiggles,https://x.com/shirawiggles/status/2032931023013523801,True,"prompts/真人/特效向/动作大片/renoise-2032931023013523801--A-dense,-mist-shrouded-stormy-ocean-at-m.md","A dense, mist-shrouded stormy ocean at midnight. A jet-black ghost ship thunders through towering waves, kicking up spray. The camera weaves rapidly through the dense, twisted rigging, closing in on the speeding vessel. The ship's weathered wood exterior comes into focus, an ornate stained-glass stern window rattling on its hinges. Matching the galloping speed, the camera passes seamlessly through the gap in the glass into the dark interior. A pale, tentacled man calmly plays a massive coral-encrusted pipe organ, completely isolated from the chaotic ride. The camera drifts past his barnacle-covered coat and exits seamlessly out the opposite window. It sweeps up through the mast canopy to the full moon. The frantic thunder crashes fade to silence"
renoise-2033069008162041966,A young muscular anime male fighter with sharp features and intense eyes…,,漫剧,特效向,战斗大招,2D日漫,en,Seedance 2.0,link-only,sexual,renoise-ai/awesome-seedance-prompts,https://github.com/renoise-ai/awesome-seedance-prompts/blob/904b6caffa21c2b114bb93e1bd0e37ba80b3dd10/data/prompts/2033069008162041966.json,CC-BY-4.0,Vadoo AI,https://x.com/vadooai/status/2033069008162041966,True,prompts/漫剧/特效向/战斗大招/renoise-2033069008162041966--A-young-muscular-anime-male-fighter-with.md,
renoise-2033116366383841712,"Dramatic storm lighting, extreme slow-motion mixed with fast cuts, glowing…",,真人,特效向,武侠打斗,,en,Seedance 2.0,,,renoise-ai/awesome-seedance-prompts,https://github.com/renoise-ai/awesome-seedance-prompts/blob/904b6caffa21c2b114bb93e1bd0e37ba80b3dd10/data/prompts/2033116366383841712.json,CC-BY-4.0,ibexdream,https://x.com/ibexdream/status/2033116366383841712,True,"prompts/真人/特效向/武侠打斗/renoise-2033116366383841712--Dramatic-storm-lighting,-extreme-slow-mo.md","Dramatic storm lighting, extreme slow-motion mixed with fast cuts, glowing energy particles, dynamic camera movements, intense orchestral score building to crescendo.

0–5s: The warrior woman is frozen mid-leap, sword raised with lightning crackling, hair flowing, dust cloud exploding below. She charges forward at high speed, camera tracking her from side angle. An army of shadowy monsters appears in the foreground, roaring. She slashes the first one with her sword, lightning arc exploding the monster into shards.

5–10s: Fast cuts: she lands in a roll, spins, and delivers a sweeping kick to two monsters, sending them flying. Sword swings in a wide arc, lightning chain connecting three more enemies, electrocuting them in slow-motion bursts. Camera whips 360° around her as she blocks a claw attack with her arm guard, sparks flying.

10–15s: She leaps again, using a monster's body as a springboard. Mid-air, she concentrates energy, sword glows brighter with blue lightning. She dives down, stabbing through a large beast's chest, explosion of dust and energy. The ground cracks from the impact, monsters scattering in panic."
renoise-2033482570701443549,Ancient stone castle on a mountain cliff under dark storm clouds as a gigantic…,,真人,特效向,奇幻怪兽,,en,Seedance 2.0,,,renoise-ai/awesome-seedance-prompts,https://github.com/renoise-ai/awesome-seedance-prompts/blob/904b6caffa21c2b114bb93e1bd0e37ba80b3dd10/data/prompts/2033482570701443549.json,CC-BY-4.0,Vadoo AI,https://x.com/vadooai/status/2033482570701443549,True,prompts/真人/特效向/奇幻怪兽/renoise-2033482570701443549--Ancient-stone-castle-on-a-mountain-cliff.md,"Ancient stone castle on a mountain cliff under dark storm clouds as a gigantic dragon circles above.
The dragon dives toward the castle breathing massive streams of fire while soldiers fire arrows and catapults launch flaming projectiles.
Low angle shot from the castle courtyard looking up as the dragon swoops down, transitioning into a wide aerial shot of the burning castle.
Epic fantasy cinematic like Game of Thrones meets Lord of the Rings, fire explosions, dramatic clouds, medieval atmosphere, 24fps 4K HDR."
renoise-2034204464169574575,A young woman's fair-skinned hand palm open on a sunlit living room wooden…,,真人,特效向,奇幻怪兽,,en,Seedance 2.0,,,renoise-ai/awesome-seedance-prompts,https://github.com/renoise-ai/awesome-seedance-prompts/blob/904b6caffa21c2b114bb93e1bd0e37ba80b3dd10/data/prompts/2034204464169574575.json,CC-BY-4.0,Dheepan Ratnam,https://x.com/Dheepanratnam/status/2034204464169574575,True,prompts/真人/特效向/奇幻怪兽/renoise-2034204464169574575--A-young-woman-s-fair-skinned-hand-palm-o.md,"A young woman's fair-skinned hand palm open on a sunlit living room wooden floor, a palm-sized exquisite golden metallic tiny dragon (glowing amber eyes, finely detailed scales) elegantly coiled around her wrist like living jewelry,
0-4s: the dragon slowly stretches its wings, tail gently swaying, claws lightly gripping her skin leaving faint red marks;
4-9s: dragon head turns toward a fluffy white Pomeranian nearby, opens small mouth and exhales a faint golden flame spark to tease it, Pomeranian curiously leans in to sniff then suddenly pulls back blinking;
9-15s: woman's fingers gently stroke the dragon's back to calm it, dragon happily curls back into bracelet shape on the arm, camera starts from low-angle close-up on hand slowly pushing in to medium shot including the dog, warm natural daylight + soft window rim light, hyper-realistic skin texture & scale reflections, cinematic lighting, physical realism, 8K ultra-clear details, smooth 60fps"
renoise-2034416833894232409,"Wide shot. Forgotten ruins at dawn. Broken arches rise through the mist, vines…",,真人,特效向,奇幻怪兽,,en,Seedance 2.0,,,renoise-ai/awesome-seedance-prompts,https://github.com/renoise-ai/awesome-seedance-prompts/blob/904b6caffa21c2b114bb93e1bd0e37ba80b3dd10/data/prompts/2034416833894232409.json,CC-BY-4.0,ibexdream,https://x.com/ibexdream/status/2034416833894232409,True,prompts/真人/特效向/奇幻怪兽/renoise-2034416833894232409--Wide-shot.-Forgotten-ruins-at-dawn.-Brok.md,"Wide shot. Forgotten ruins at dawn. Broken arches rise through the mist, vines hanging from shattered stone. The courtyard is silent—until birds explode into the sky as a deep tremor rolls beneath the ground.

Cracks race across the temple floor.

At the center stands a colossal armored guardian, half statue, half war machine, buried beneath moss, roots, and centuries of dust. Its sword hangs low. Its shield is cracked. Dead. Forgotten.

Then—

A pulse.

A thin blue line ignites beneath the stone plates on its chest.

Another.

Another.

Then all at once, glowing runes surge across its entire body like lightning trapped under rock.

The guardian’s head slowly lifts.

Stone breaks from its shoulders. Roots snap loose. Dust erupts into the air. Its fingers tighten around the sword hilt with a thunderous grind. The ground fractures beneath its feet as ancient power returns.

A vast shadow sweeps over the ruins.

From the far archways, from broken corridors, from the tops of ruined pillars, twisted black creatures come flooding into the courtyard—fast, animalistic, crawling and leaping like living shadows. Dozens. Then hundreds.

The guardian turns toward them.

Silent. Unreadable. Awake.

One creature lunges.

The guardian explodes into motion.

With one massive step, it surges forward and slams its shield into the ground—BOOM.

A blue shockwave rips through the courtyard, shattering stone, throwing dust into the air, and launching the front wave of creatures upward.

Before they hit the ground, the guardian swings.

Its rune-etched blade tears through the swarm in a brutal horizontal arc. Blue light rips across the ruins. Ancient symbols blaze gold along the sword as enemies disintegrate into ash mid-leap.

More shadows pour in.

The guardian drives through them like a force of nature—shield smashing bodies through pillars, sword cleaving through black forms, each impact cracking stone and shaking the temple.

The ruins become chaos: blue fire, black ash, falling debris, thunderous collisions.

Then the creatures gather for one final charge—a wall of darkness rushing from every side.

The guardian plants its feet and raises the shield.

The glowing lines across its armor intensify—brighter, hotter, almost divine.

It lifts the sword toward the sky.

Sunlight breaks through the arch behind it, flooding the ruins in gold. Blue energy surges one final time across its body.

Then the guardian steps forward into the light as the darkness crashes toward it.

“When kingdoms fall… the old gods send their last machine.”

CUT TO BLACK."
renoise-2035072654030315604,"A colossal wall of water rises on the horizon behind a coastal metropolis, the…",,其他,,风景空镜,,en,Seedance 2.0,,,renoise-ai/awesome-seedance-prompts,https://github.com/renoise-ai/awesome-seedance-prompts/blob/904b6caffa21c2b114bb93e1bd0e37ba80b3dd10/data/prompts/2035072654030315604.json,CC-BY-4.0,LudovicCreator,https://x.com/LudovicCreator/status/2035072654030315604,True,prompts/其他/风景空镜/renoise-2035072654030315604--A-colossal-wall-of-water-rises-on-the-ho.md,"A colossal wall of water rises on the horizon behind a coastal metropolis, the wave towering above the skyline like a moving mountain.

As the wave surges into the harbor, massive vessels are swept into the streets and towering structures crack under the force of the water.

The camera soars through the city just ahead of the rushing wall of water as buildings crumble and particles floods the avenues.

The wave submerges entire districts as the skyline vanishes beneath the ocean.

Cinematic deluge chaos, harbor vessels swept into city streets, epic flood devastation, 4K."
renoise-2035126748073890142,Anime high-speed sword fight in bright sunny classroom: two cute teenage girls…,,漫剧,特效向,战斗大招,2D日漫,en,Seedance 2.0,,,renoise-ai/awesome-seedance-prompts,https://github.com/renoise-ai/awesome-seedance-prompts/blob/904b6caffa21c2b114bb93e1bd0e37ba80b3dd10/data/prompts/2035126748073890142.json,CC-BY-4.0,nachos2d,https://x.com/NACHOS2D_/status/2035126748073890142,True,prompts/漫剧/特效向/战斗大招/renoise-2035126748073890142--Anime-high-speed-sword-fight-in-bright-s.md,"Anime high-speed sword fight in bright sunny classroom: two cute teenage girls wearing blue sailor uniforms break apart staring intensely, then girl on left prepares massive powerful katana overhead strike (arm winds back dramatically swirling wind around blade glowing edge), launches super fast downward slash with huge air pressure gust shockwave sparks flying, girl on right barely dodges with acrobatic side leap and twist hair skirt whipping wildly, instantly retaliates with rapid diagonal upward cut clashing blades in sparks, they trade ferocious close-range sword exchanges: heavy powerful swings leaving blade trails and wind bursts scattering papers everywhere, quick parries thrusts dodges with metallic clinks lighter air swirls, camera glued in ultra-dynamic close tracking shots panning zooming circling at eye level following every blade impact clash and evasion, wooden desks sliding chairs falling from deflected strikes, sunlight beams piercing through flying documents and dust particles, windows curtains blowing intensely, furious angry faces determination sweat drops speed lines exaggerated anime effects, vibrant colors sharp details fluid motion dramatic golden hour lighting, 10-12 seconds masterpiece"
renoise-2035706774456795151,"An old, green, oversized, and extra-tall American-style bus is parked in a…",,真人,特效向,动作大片,,en,Seedance 2.0,,,renoise-ai/awesome-seedance-prompts,https://github.com/renoise-ai/awesome-seedance-prompts/blob/904b6caffa21c2b114bb93e1bd0e37ba80b3dd10/data/prompts/2035706774456795151.json,CC-BY-4.0,sammy,https://x.com/sumiturkude007/status/2035706774456795151,True,"prompts/真人/特效向/动作大片/renoise-2035706774456795151--An-old,-green,-oversized,-and-extra-tall.md","An old, green, oversized, and extra-tall American-style bus is parked in a dilapidated parking lot in a forest. A young Asian driver slams on the brakes, looking tense and speechless. The bus begins to violently disassemble and reorganize from the inside out, transforming into a grumpy, evil Cybertronian mechanical giant caterpillar. The driver's cabin reassembles into a mechanical head; the windshield becomes its glasses, and the bumper turns into a chin. Both sides of the mouth use hydraulic devices, and the teeth are formed from broken orange handrails inside the bus. The tongue is made of seats, and the entire body is composed of large vehicle components in segments. The headlights transform into its eyes. It spits the driver out of its mouth, bites his head, and tosses him into the air to land on its back. The driver grabs the handrails on the back to stand firm. The mechanical giant caterpillar strikes a cool pose, roaring and spitting sparks. The windows and tires remain intact. The transformation process is aggressive, with the body constantly twisting and crawling, parts rubbing and sparking, dust flying, and valves venting air. The camera moves continuously from the cabin to the exterior, showing the mechanical body's massive yet slender stature. Use a realistic visual style for the generated material, employing a humorous yet terrifying transformation style, accompanied by intense and shocking background music."
renoise-2036276420440441244,"Epic cinematic trailer aesthetic, live-action style, IMAX, 16K, hyper-detailed…",,真人,特效向,动作大片,,en,Seedance 2.0,,,renoise-ai/awesome-seedance-prompts,https://github.com/renoise-ai/awesome-seedance-prompts/blob/904b6caffa21c2b114bb93e1bd0e37ba80b3dd10/data/prompts/2036276420440441244.json,CC-BY-4.0,Mr.Iancu,https://x.com/Iancu_ai/status/2036276420440441244,True,"prompts/真人/特效向/动作大片/renoise-2036276420440441244--Epic-cinematic-trailer-aesthetic,-live-a.md","Epic cinematic trailer aesthetic, live-action style, IMAX, 16K, hyper-detailed rendering, full-frame dynamic particle effects, Unreal Engine 5, ray tracing, explosive details.

Wide aerial shot, apocalyptic scorched earth. A dark army of thousands of densely packed shadow demons and skeletal behemoths floods the land like a viscous tide, surging towards the center of the ruins. Suffocating sense of oppression.

The camera plunges rapidly, piercing through the demon tide, focusing on the core of the ruins. A young woman in black clothing, @elra, stands alone, forming a tragic contrast against the boundless darkness.

Facing the torrent of destruction, she slams her hands together, throwing her head back with a tearing roar— ""Ibarakidouji!!!""

At the moment of her roar, her expression twists in extreme agony. A violent tempest of purple flames erupts explosively from her body, transforming into a towering pillar of fire, with countless high-intensity particles swirling. Her left arm is completely energy-converted within the flames, mutating into a flickering, semi-transparent ghostly purple demonic hand forged from pure destructive energy.

A colossal, ferocious demonic laugh echoes from the abyss—""Hahahaha!!!""—as if responding to and approving her sacrifice.

Insert: The girl violently plunges her energized purple demonic hand into the earth. The shockwave shatters enemies within a dozens-of-meters radius.

Burrow: The hand transforms into a raging stream of purple energy, drilling deep into the planet's crust. The ground violently undulates and arches like ocean waves.

Erupt: The next instant, at the densest point of the demon tide, a ""Demonic Arm"" made of pure purple-black energy, comparable to the size of a mountain, bursts from the earth and shoots into the sky! Wrapped in chains and roaring wraiths, its palm aimed at the heavens.

The massive demonic arm's five fingers suddenly clench into a fist. Centered on the palm, a point of absolute darkness collapses inward. A split second later, a silent, pure white flash rivaling a supernova explosion detonates, swallowing all of creation. Within the white light, only the majestic silhouette of the arm is visible.

The frame freezes in the all-consuming pure white flash, like the epicenter of a nuclear detonation.

2s wide shot of enemy tide ➡️ 2s focus on girl & roar ➡️ 3s mutation & demon laugh ➡️ 5s demonic hand ""insert-burrow-erupt-clench"" ➡️ 1s nuclear white flash. Particle, fire, and energy flow effects maxed out throughout.

Cold dark gray (Opening) ➡️ Intense purple & white (Possession & Eruption) ➡️ Pure white & energy black (Final Scene)."
renoise-2036360185120244106,The dragon looks fiercely to the camera while the camera zooms to its face,,其他,,动物萌宠,,en,Seedance 2.0,,,renoise-ai/awesome-seedance-prompts,https://github.com/renoise-ai/awesome-seedance-prompts/blob/904b6caffa21c2b114bb93e1bd0e37ba80b3dd10/data/prompts/2036360185120244106.json,CC-BY-4.0,Carolina Delgado,https://x.com/carolletta/status/2036360185120244106,True,prompts/其他/动物萌宠/renoise-2036360185120244106--The-dragon-looks-fiercely-to-the-camera.md,The dragon looks fiercely to the camera while the camera zooms to its face
renoise-2036368723909501397,FORMAT: 15s / free rhythm / ONE CONTINUOUS SHOT / motivated camera movement,,真人,特效向,科幻,,en,Seedance 2.0,,,renoise-ai/awesome-seedance-prompts,https://github.com/renoise-ai/awesome-seedance-prompts/blob/904b6caffa21c2b114bb93e1bd0e37ba80b3dd10/data/prompts/2036368723909501397.json,CC-BY-4.0,Aimi Kōda,https://x.com/aimikoda/status/2036368723909501397,True,prompts/真人/特效向/科幻/renoise-2036368723909501397--FORMAT-15s-free-rhythm-ONE-CONTINUOUS-SH.md,"FORMAT: 15s / free rhythm / ONE CONTINUOUS SHOT / motivated camera movement

SUBJECTS: Shackled prisoners in magnetic cuffs, armored guards, a damaged med-drone trailing tubing, and a silent detainee with altered anatomy inside a dark cell.
ENVIRONMENT: A prison transport corridor inside a starship with sliding cell doors, frosted inspection glass, wet steel flooring, restraint rails, and white ceiling panels. Cold vapor leaks from vents, antiseptic residue streaks the deck, and alarm strobes stain the corridor.
MOOD: Biotech dread breaks sterile control.
COLOR LOGIC: Matrix Green Look

TIMELINE:
0:00-0:03: Restraint march. Low wide shot with rails and boots dominating the foreground. Prisoners in magnetic cuffs shuffle between guards, one set of bound fingers twitching out of sync under hard white light. Steadicam retreat at 28mm until a guard's baton snaps into frame. SFX: cuff hum, boot thuds, chain rattle, ship drone, radio static.
0:03-0:05: Baton cue. Medium shot as the baton cuts across the lens and signals a halt, catching a green monitor reflection. The camera whips with it toward a sealed cell door as locking bars retract and a wet smear glints on the threshold. Fast motivated pan into a truck move. SFX: baton swish, servo clunk, magnetic lock release, boots scraping steel.
0:05-0:07: Cell release. Frame-within-frame on the sliding door opening into a side bay. Before the interior fully reads, a damaged med-drone bursts out trailing snapped tubing and a folded injector arm, slicing past the camera and forcing a redirect. The camera dips and accelerates after it. SFX: door grind, rotor jitter, broken warning chirp, fluid drip, guard shout off metal walls.
0:07-0:10: Emergency run. Wide shot with layered bars and shoulders as the med-drone races beneath pulsing ceiling panels, projecting a warped scan grid over prisoners and guards. The camera chases just behind it as prisoners recoil and one guard jerks back from the dangling instrument. SFX: rotor buzz, strained breath, armor clatter, siren swell, rubber soles. White light sickens into green and red alarm wash.
0:10-0:12: Alarm pull. Upward tilt into a rotating alarm beacon above an isolation block, then a smooth pedestal down as the strobe paints the corridor in green, white, and red. The reflection sweeps across black cell glass, revealing a silhouette that seems to gain an extra joint only when lit. SFX: alarm pulse, electrical buzz, vent hiss, ambience dropping into near-silence.
0:12-0:15: Final hold. Medium close-up settling to close-up through the isolation window. A detainee stands motionless in darkness with magnetic cuffs hanging loose, head slightly lowered, chest moving in segmented pulses, while the red strobe passes across a face that looks almost normal except for a jawline opening a fraction as vapor slips out. Slow push-in at 50mm, ending on stillness behind the glass. SFX: low reactor thrum, faint cuff buzz, glass creak, wet exhale, alarm pulse receding into silence."
renoise-2036614536958980237,Storm Approach FORMAT: 15s / 6 SHOTS / cinematic naval landing / no dialogue…,,其他,,风景空镜,,en,Seedance 2.0,,,renoise-ai/awesome-seedance-prompts,https://github.com/renoise-ai/awesome-seedance-prompts/blob/904b6caffa21c2b114bb93e1bd0e37ba80b3dd10/data/prompts/2036614536958980237.json,CC-BY-4.0,Dheepan Ratnam,https://x.com/Dheepanratnam/status/2036614536958980237,True,prompts/其他/风景空镜/renoise-2036614536958980237--Storm-Approach-FORMAT-15s-6-SHOTS-cinema.md,"Storm Approach FORMAT: 15s / 6 SHOTS / cinematic naval landing / no dialogue STYLE: photoreal war-drama realism, steel-grey ocean, storm clouds, wet flight deck, cold blue light with orange deck signals, heavy wind, realistic jet weight Shot 01 (0:00-0:02) Extreme wide aerial over a vast dark ocean at dusk, an aircraft carrier cutting through rough water, tiny fighter jet approaching from far behind through mist and sea spray. Shot 02 (0:02-0:04) Long-lens rear tracking on the fighter jet descending toward the deck, landing gear dropping, vapor trailing from the wings, carrier deck lights blinking through rain haze. Shot 03 (0:04-0:06) Low side deck shot as crew in color-coded rain gear crouch against the wind, the jet roars overhead just above the deck edge, engines screaming, ocean spray exploding upward. Shot 04 (0:06-0:09) Tight front three-quarter tracking as the jet slams onto the deck, tires smoking on wet steel, arrestor hook catches the cable, sparks and water spray bursting together. Shot 05 (0:09-0:12) Handheld medium shot from the deck as the aircraft jerks to a brutal stop, deck crew rush in with light wands, steam, rain, and jet wash blasting across frame. Shot 06 (0:12-0:15) Wide hero shot from behind the parked fighter on the deck, carrier rolling through stormy seas as lightning flashes on the horizon and the ocean stretches endlessly beyond."
renoise-2036855778598908334,FORMAT: 15s / 11 CUTS / HYPER-TENSION,,真人,现实向,剧情短片,,en,Seedance 2.0,,,renoise-ai/awesome-seedance-prompts,https://github.com/renoise-ai/awesome-seedance-prompts/blob/904b6caffa21c2b114bb93e1bd0e37ba80b3dd10/data/prompts/2036855778598908334.json,CC-BY-4.0,Aimi Kōda,https://x.com/aimikoda/status/2036855778598908334,True,prompts/真人/现实向/剧情短片/renoise-2036855778598908334--FORMAT-15s-11-CUTS-HYPER-TENSION.md,"FORMAT: 15s / 11 CUTS / HYPER-TENSION

SUBJECTS: A heavily perspiring technician in partial rigid protective gear, face strained with controlled focus, hands clad in tactile gloves.
ENVIRONMENT: A sun-bleached, dusty, deserted city intersection in the dead of summer. The device sits half-buried in cracked asphalt inside a shallow blast crater. Harsh, unforgiving overhead sunlight casts sharp black shadows, baking the environment in silent, oppressive heat. Isolation tape flutters faintly in the distance.
MOOD: Unbearable psychological pressure and suffocating tension built through agonizing stillness, isolated focus, and the terrifying inevitability of a singular fatal mistake.
COLOR LOGIC: Bleach Bypass

TIMELINE:
0:00-0:02: Bird's eye view. A crude, dirt-caked explosive device sits half-buried in a crater of shattered street asphalt, its digital timer faintly glowing under glaring sunlight. Heavily gloved, rigid hands hover above it. Static camera. 35mm natural wide. SFX: (distant wind howl, dry dust blowing across the rubble).
0:02-0:04: HARD CUT. Low angle medium shot. The technician sits kneeling in the dirt, wearing a massive, heavily scuffed blast suit. The protective visor obscures everything except a sweaty jawline and tight lips. Harsh overhead sun. 50mm lens. SFX: (muffled, heavy, labored breathing echoing inside a helmet).
0:04-0:05: INSERT CUT. Extreme close-up. Macro focus on a heavy bead of sweat sliding down the technician's neck inside the claustrophobic suit lining. 100mm telephoto. SFX: (loud, oppressive heartbeat thud).
0:05-0:06: FLASH CUT. Extreme close-up. The dusty red LED timer digits flip in the harsh sunlight, ticking dangerously low. Sharp static framing. SFX: (sharp digital click).
0:06-0:08: HARD CUT. Close-up. Thick, specialized robotic-like Kevlar gloves trembling slightly, delicately maneuvering a wire cutter over a tangled knot of dirt-smeared wires. Subtle handheld shake. 85mm portrait lens. SFX: (heavy, rigid fabric crunch, leather stretching).
0:08-0:09: CROSS-CUT. Macro shot tight on the technician's exposed jawline inside the dark helmet, muscles clenching forcefully as teeth grind together. Extremely shallow depth of field. SFX: (sharp, ragged intake of air).
0:09-0:10: JUMP CUT. Extreme close-up. The metallic jaws of the wire cutter slowly spreading open against a thick green casing. Harsh specular highlights bouncing off the metal tools. SFX: (sharp metallic scrape, dry dirt crunching under knees).
0:10-0:11: FLASH CUT. The red timer ticking down again, heat shimmer rising off the asphalt causing the numbers to warp visually. SFX: (oppressive, rising high-frequency hum).
0:11-0:12: HARD CUT. Extreme close-up. The cutter jaws securely enclose a specific dirt-covered wire. Millimeter precision. Unflinching focus. SFX: (deafening heartbeat, isolated ticking).
0:12-0:13: SMASH CUT. The blade violently crushes the copper wire. A sudden, bright blue electrical arc blasts upward. SFX: (harsh electrical pop, sickening mechanical snap).
0:13-0:14: JUMP CUT. The LED display violently accelerates, the numbers blurring into an unreadable, chaotic stream of glowing red. SFX: (rapid, aggressive digital beeping panic).
0:14-0:15: REACTION CUT. Close-up. Focus locked entirely on the reflection in the curved green visor of the blast suit. The technician freezes. The rapid beeping suddenly cuts out. SFX: (total dead, dry vacuum-like silence, one slow final exhale inside the plastic mask)."
renoise-2037099000059638064,A action cutscene of a warrior stepping into a battlefield with a glowing…,,漫剧,特效向,战斗大招,3D卡通,en,Seedance 2.0,,,renoise-ai/awesome-seedance-prompts,https://github.com/renoise-ai/awesome-seedance-prompts/blob/904b6caffa21c2b114bb93e1bd0e37ba80b3dd10/data/prompts/2037099000059638064.json,CC-BY-4.0,Aleena Amir,https://x.com/aleenaamiir/status/2037099000059638064,True,prompts/漫剧/特效向/战斗大招/renoise-2037099000059638064--A-action-cutscene-of-a-warrior-stepping.md,"A action cutscene of a warrior stepping into a battlefield with a glowing sword. Dynamic camera orbit around the character, slight slow motion. Dust particles, sparks, dramatic lighting from the sky. High contrast, stylized game graphics, sharp details. Cinematic depth of field and motion blur. Mood: epic, intense, heroic."
renoise-2037117264336740600,"This hyper-realistic urban disaster special effects film, shot with an Arri…",,真人,特效向,动作大片,,en,Seedance 2.0,,,renoise-ai/awesome-seedance-prompts,https://github.com/renoise-ai/awesome-seedance-prompts/blob/904b6caffa21c2b114bb93e1bd0e37ba80b3dd10/data/prompts/2037117264336740600.json,CC-BY-4.0,Oogie,https://x.com/oggii_0/status/2037117264336740600,True,prompts/真人/特效向/动作大片/renoise-2037117264336740600--This-hyper-realistic-urban-disaster-spec.md,"This hyper-realistic urban disaster special effects film, shot with an Arri Alexa 65 camera, utilizes high-contrast lighting to create a raw, textured atmosphere, three-dimensional smoke, and a chaotic, apocalyptic rhythm.

S1: A low-angle wide-angle tracking shot, filmed from a crowded street upwards, shows a gigantic, scaly snake tightly coiled around the Taipei 101 glass skyscraper, shattering its windows.

S2: A close-up slides along the snake's thick scales, which rub against the building's steel structure, sparking and scattering debris.

S3: A high-angle drone shot circles the top of the building, showing the snake roaring into the sky while a military helicopter fires missiles at its flanks.

S4: A wide-angle shot shows a violent, multi-level explosion in the middle of the skyscraper, the snake engulfed in flames and thick black smoke."
renoise-2037129374714257661,"Authentic Fog Hill of Five Elements Chinese animation style, sharp hard-edged…",,漫剧,特效向,武侠打斗,2D日漫,en,Seedance 2.0,,,renoise-ai/awesome-seedance-prompts,https://github.com/renoise-ai/awesome-seedance-prompts/blob/904b6caffa21c2b114bb93e1bd0e37ba80b3dd10/data/prompts/2037129374714257661.json,CC-BY-4.0,Latte,https://x.com/0xbisc/status/2037129374714257661,True,prompts/漫剧/特效向/武侠打斗/renoise-2037129374714257661--Authentic-Fog-Hill-of-Five-Elements-Chin.md,"Authentic Fog Hill of Five Elements Chinese animation style, sharp hard-edged ink lines, high-contrast red-black dark palette.
Two warriors wield dual weapons and collide head-on—long weapon sweeping, short blade thrusting—locking at the instant of impact. Sparks burst like tearing metal, ink-like shockwaves radiate outward, robes are violently lifted by the force, hair stands on end.
Veins bulge along both arms, muscles tense under full exertion, their strength perfectly equal—matched in power, evenly balanced, each with their own edge.
Camera: low-angle high-speed forward tracking shot, slight camera shake, impact close-ups, explosive motion lines, sharp Fog Hill of Five Elements-style cinematography."
renoise-2037229062624620939,TOP GUN: PIGEON — Rooftop Dogfight,,漫剧,特效向,特效综合,3D卡通,en,Seedance 2.0,,,renoise-ai/awesome-seedance-prompts,https://github.com/renoise-ai/awesome-seedance-prompts/blob/904b6caffa21c2b114bb93e1bd0e37ba80b3dd10/data/prompts/2037229062624620939.json,CC-BY-4.0,Dheepan Ratnam,https://x.com/Dheepanratnam/status/2037229062624620939,True,prompts/漫剧/特效向/特效综合/renoise-2037229062624620939--TOP-GUN-PIGEON-—-Rooftop-Dogfight.md,"TOP GUN: PIGEON — Rooftop Dogfight
A plump city pigeon with a tiny leather aviator helmet and goggles, puffed chest, strutting with absurd confidence, stands on the wing of a toy drone on a New York City rooftop. His rival, a seagull twice his size wearing a red scarf, circles above. High budget 3D animation, DreamWorks quality.

[0s–1.5s] Panoramic shot of the NYC skyline at golden hour. Camera drifts down to a rooftop where a pigeon stands heroically in the wind, feathers ruffling, goggles reflecting the sunset. A breadcrumb falls from his beak like a cigar.

[1.5s–3s] He hops onto the drone and slaps the propeller with his wing. It sputters to life. The drone lifts off wobbling. He grips with his tiny feet, leaning into the wind with absurd seriousness.

[3s–5s] The seagull dive bombs from above, screeching. The pigeon barrel rolls the drone to dodge. His cheeks flap in the G forces. A feather pops off. He watches it float away, annoyed.

[5s–7s] Aerial chase between skyscrapers. The pigeon weaves through laundry lines, the seagull smashing through sheets and emerging wrapped in a bedsheet like a ghost, still pursuing.

[7s–9s] The pigeon flies through an open office window, across a conference room full of shocked businesspeople, and out the other side. Coffee cups go flying. One man's toupee lifts off.

[9s–11s] He spots a hot dog cart below. Dives. Grabs a full hot dog with his feet at speed. The seagull follows but clotheslines on a street sign, spinning like a cartoon, stars circling his head.

[11s–13s] The pigeon lands on the Statue of Liberty's torch. Plants a tiny flag with his face on it. Takes a massive bite of the hot dog. Ketchup drips on Lady Liberty's hand.

[13s–15s] Wide shot. The pigeon sitting on the torch, silhouetted against sunset, chewing, helmet askew. The seagull limps past in the background, missing feathers. The pigeon doesn't even look. Cut to black.

3D animated, DreamWorks quality, pigeon aerial combat, NYC skyline chase, slapstick dogfight, cinematic comedy, 4K."
renoise-2037234396626116661,[CINEMATIC SETUP],,真人,特效向,动作大片,,en,Seedance 2.0,,,renoise-ai/awesome-seedance-prompts,https://github.com/renoise-ai/awesome-seedance-prompts/blob/904b6caffa21c2b114bb93e1bd0e37ba80b3dd10/data/prompts/2037234396626116661.json,CC-BY-4.0,INK,https://x.com/0xInk_/status/2037234396626116661,True,prompts/真人/特效向/动作大片/renoise-2037234396626116661--CINEMATIC-SETUP.md,"[CINEMATIC SETUP]

35mm film stock, Panavision anamorphic, f1.8. Live-action sci-fi blockbuster, 4K HDR. Industrial hangar — cold steel blue light, steam vents, hydraulic hiss. Slow deliberate tracking camera mixed with extreme macro close-ups.

Sound FX only: mechanical assembly, servo motors, metal locking clicks.

REFERENCES [@ image1] is the hero: young male, blonde slicked hair, aviator goggles on forehead, black turtleneck, white jacket, black trousers, black loafers. Face composed, determined throughout. [@ image2] is the mech armor: weathered pale blue-grey metal, rust patches, wide shoulder wings, heavy limbs, battle-worn surface.
negative: no face morph, no costume disappearing, no armor floating
0-2s: Wide shot. [@ image1] walking forward through industrial hangar, hands in pockets, pace steady and calm. Steam rising from floor grates. Mechanical arms emerging from ceiling tracks above him. Distant hydraulic hum building.
2-3s: Macro — mechanical arm close-up, side angle. Claw gripping first [@ image2] armor chest plate, lifting it precisely into position. Metal scrape, servo whir.
3-4s: Macro — chest plate locking onto [@ image1]'s torso from behind. Hydraulic clamp sound, deep metal thud. [@ image1] doesn't break stride.
4-5s: Macro — [@ image1] hands, close-up. Fingers slowly pulling out of jacket pockets as shoulder plates descend. Gauntlet snapping over each hand. Metal click, pressure hiss.
5-7s: Side tracking shot — [@ image1] still walking, multiple mechanical arms working simultaneously. Left shoulder wing plate attaching, right arm armor locking. Steam bursting from joints on contact. Assembly hum intensifying, overlapping metal locks.
7-8s: Macro — boot close-up at floor level. [@ image2] armored boot casing snapping over his black loafer mid-step. Ground-level tracking. Heavy armored footstep boom replacing soft leather step.
8-9s: Macro — back of neck and helmet descending. Aviator goggles visible one last time before [@ image2] helmet lowers over his head. Visor sealing shut. Pressurization hiss, helmet lock click.
9-11s: Front medium shot — [@ image1] now fully encased in [@ image2] armor, still walking forward. Mechanical arms retracting back into ceiling. Only armored footsteps remain. Steam settling. Silence except deep reactor pre-charge hum beginning.
11-13s: Extreme close-up — visor surface. Cold blue hangar light reflecting. Inside visor: HUD elements flickering on, targeting systems initializing. Electronic boot sequence sound.
13-15s: Wide shot from behind — [@ image1] in full [@ image2] armor walking toward massive closed garage door at end of hangar. Door fills entire frame. He stops. Stands still. Reactor hum building to maximum. Hold."
renoise-2037252233620852772,"Add to that human that futuristic armor with moving red energy, the robot runs…",,真人,特效向,科幻,,en,Seedance 2.0,,,renoise-ai/awesome-seedance-prompts,https://github.com/renoise-ai/awesome-seedance-prompts/blob/904b6caffa21c2b114bb93e1bd0e37ba80b3dd10/data/prompts/2037252233620852772.json,CC-BY-4.0,hedoήist,https://x.com/hedo_ist/status/2037252233620852772,True,prompts/真人/特效向/科幻/renoise-2037252233620852772--Add-to-that-human-that-futuristic-armor.md,"Add to that human that futuristic armor with moving red energy, the robot runs quickly propelling itself with its arms and jumps with its arms"
renoise-2037309088254562364,Shot 1 (0.0-0.5): [Normal Reality] 4 Crew members in sci-fi uniforms shaking in…,,漫剧,特效向,科幻机甲,粘土定格,en,Seedance 2.0,,,renoise-ai/awesome-seedance-prompts,https://github.com/renoise-ai/awesome-seedance-prompts/blob/904b6caffa21c2b114bb93e1bd0e37ba80b3dd10/data/prompts/2037309088254562364.json,CC-BY-4.0,ρŁ𝐀𝔰Ｍʘ,https://x.com/plasm0/status/2037309088254562364,True,prompts/漫剧/特效向/科幻机甲/renoise-2037309088254562364--Shot-1-0.0-0.5-Normal-Reality-4-Crew-mem.md,"Shot 1 (0.0-0.5): [Normal Reality] 4 Crew members in sci-fi uniforms shaking in their chairs.
Audio: Spaceship hum. Captain yells: ""Hold on!""
Shot 2 (0.5-1.0): [Knitted Yarn] The crew are cute knitted dolls. The ship is made of felt.
Audio: Soft fabric thud.
Shot 3 (1.0-1.5): [Glazed Donuts] The crew are giant donuts wearing tiny hats.
Audio: Sticky squish sound.
Shot 4 (1.5-2.0): [8-Bit Pixel Art] Low resolution, bright colors.
Audio: Chiptune bleep.
Shot 5 (2.0-2.5): [Claymation] Aardman-style clay figures with wide eyes.
Audio: Modeling clay squelch.
Shot 6 (2.5-3.0): [Potted Petunias] The crew are just 4 flower pots with faces.
Audio: Ceramic pot slide. ""Oh no, not again.""
Shot 7 (3.0-3.5): [Inflatable Tube Men] Wacky waving arm flailing tube guys.
Audio: Wind tunnel flapping sound.
Shot 8 (3.5-4.0): [Marble Statues] Classical Roman busts. White stone.
Audio: Heavy stone grinding.
Shot 9 (4.0-4.5): [Neon Wireframe] 1980s Tron style. Glowing blue lines on black.
Audio: Synthwave bass drop.
Shot 10 (4.5-5.0): [Gingerbread Men] Cookies with icing uniforms.
Audio: Crunching cookie sound.
Shot 11 (5.0-5.5): [Lego Minifigures] Yellow plastic heads, claw hands.
Audio: Plastic click-clack.
Shot 12 (5.5-6.0): [Water] The crew are made of floating liquid held in human shape.
Audio: Underwater bubble bloop.
Shot 13 (6.0-6.5): [Cardboard Box Art] Crude drawings on cardboard cutouts.
Audio: Paper tearing sound.
Shot 14 (6.5-7.0): [Balloon Animals] Squeaky latex dogs in flight chairs.
Audio: Rubber balloon squeak.
Shot 15 (7.0-7.5): [Abstract Cubism] Picasso style. Eyes and noses in wrong places.
Audio: Discordant piano key.
Shot 16 (7.5-8.0): [Muppet/Felt Puppets] Fuzzy monsters with googly eyes.
Audio: Chicken clucking sound.
Shot 17 (8.0-8.5): [Origami] Folded paper cranes wearing uniforms.
Audio: Paper crinkle.
Shot 18 (8.5-9.0): [Green Matrix Code] Falling digital rain forming outlines.
Audio: Digital modem screech.
Shot 19 (9.0-9.5): [Soap Bubbles] Iridescent bubbles floating in the chairs.
Audio: Pop! Pop!
Shot 20 (9.5-10.0): [Hot Dogs] 4 Hot dogs in buns wearing headsets.
Audio: Splat of ketchup.
Shot 21 (10.0-10.5): [Sketchbook] Rough pencil drawings on white paper.
Audio: Pencil scratching.
Shot 22 (10.5-11.0): [Clouds] Fluffy white cumulus clouds with faces.
Audio: Wind blowing.
Shot 23 (11.0-11.5): [Funko Pop Toys] Giant heads, tiny black eyes.
Audio: Spring boing.
Shot 24 (11.5-12.0): [Toasters] 4 Chromium toasters popping toast.
Audio: Toaster Ding!
Shot 25 (12.0-12.5): [Glass Sculptures] Transparent, fragile, light refracting.
Audio: Crystal wine glass ring.
Shot 26 (12.5-13.0): [Pop Art] Andy Warhol style. High contrast colors.
Audio: Camera shutter click.
Shot 27 (13.0-13.5): [Rubber Ducks] Yellow bath toys with sunglasses.
Audio: Squeak squeak.
Shot 28 (13.5-14.0): [Smoke] Wisps of colored smoke.
Audio: Hissing gas.
Shot 29 (14.0-14.5): [Invisible] Empty clothes floating in the chairs.
Audio: Ghostly woo-woo sound.
Shot 30 (14.5-15.0): [Normal Reality] Crew slams back into their bodies, looking nauseous.
Audio: Captain burps. ""We're here."""
renoise-2037357464665165967,"A stylish woman on a beach dancing gracefully with trendy moves, her long…",,真人,现实向,音乐MV,,en,Seedance 2.0,,,renoise-ai/awesome-seedance-prompts,https://github.com/renoise-ai/awesome-seedance-prompts/blob/904b6caffa21c2b114bb93e1bd0e37ba80b3dd10/data/prompts/2037357464665165967.json,CC-BY-4.0,𝐍𝐚𝐯𝐞𝐞 𝐀𝐢,https://x.com/navi_Ai2/status/2037357464665165967,True,prompts/真人/现实向/音乐MV/renoise-2037357464665165967--A-stylish-woman-on-a-beach-dancing-grace.md,"A stylish woman on a beach dancing gracefully with trendy moves, her long floral dress flowing in the wind, confident expressions, soft smile, aesthetic beach vibes, waves crashing behind her, cinematic lighting, smooth animation, ultra realistic, 4K, viral social media content, slight camera shake, fashion model vibe"
renoise-2037369100163489858,Cat swings the glowing sword down hard. Armored dog charges and slams into the…,,其他,,动物萌宠,,en,Seedance 2.0,,,renoise-ai/awesome-seedance-prompts,https://github.com/renoise-ai/awesome-seedance-prompts/blob/904b6caffa21c2b114bb93e1bd0e37ba80b3dd10/data/prompts/2037369100163489858.json,CC-BY-4.0,Muhammad Ayan,https://x.com/socialwithaayan/status/2037369100163489858,True,prompts/其他/动物萌宠/renoise-2037369100163489858--Cat-swings-the-glowing-sword-down-hard.md,"Cat swings the glowing sword down hard. Armored dog charges and slams into the cat. Massive shockwave, cars flying, pavement cracking, windows shattering. Camera circles the fight in slow motion. Sparks and debris everywhere. Wide shot reveals full city destruction. Helicopters overhead. Cat raisessword for a final strike. Blinding explosion of light.

Blockbuster action, cool camera movement, dramatic slow motion, 4K."
renoise-2037423834295419027,去公司应聘，被HR嘲讽学历低、穿着土气，直接赶出。结尾反转：HR接到总裁电话，被告知：“刚才赶走的那位，是你们新老板。”,,真人,现实向,都市剧情,,zh,Seedance 2.0,,,renoise-ai/awesome-seedance-prompts,https://github.com/renoise-ai/awesome-seedance-prompts/blob/904b6caffa21c2b114bb93e1bd0e37ba80b3dd10/data/prompts/2037423834295419027.json,CC-BY-4.0,John,https://x.com/johnAGI168/status/2037423834295419027,True,"prompts/真人/现实向/都市剧情/renoise-2037423834295419027--去公司应聘,被HR嘲讽学历低-穿着土气,直接赶出-结尾反转-HR接到总裁电话,被.md",去公司应聘，被HR嘲讽学历低、穿着土气，直接赶出。结尾反转：HR接到总裁电话，被告知：“刚才赶走的那位，是你们新老板。”
renoise-2037481799325286426,SUBJECTS:,,漫剧,现实向,剧情短片,3D卡通,en,Seedance 2.0,,,renoise-ai/awesome-seedance-prompts,https://github.com/renoise-ai/awesome-seedance-prompts/blob/904b6caffa21c2b114bb93e1bd0e37ba80b3dd10/data/prompts/2037481799325286426.json,CC-BY-4.0,Latte,https://x.com/0xbisc/status/2037481799325286426,True,prompts/漫剧/现实向/剧情短片/renoise-2037481799325286426--SUBJECTS.md,"SUBJECTS:

Subject 1: The streetball wizard with a unique and identifiable look—sharp short black hair, deep eyes, and a confident smile. He’s wearing a distinctive jersey (black and gold with a metallic sheen), paired with metallic-shiny shorts and custom high-top sneakers, with laces flying. His movements are graceful and natural, maintaining composure even under intense defensive pressure.
The first defender is tall and strong, with excellent defensive skills. He acts like a wall, constantly keeping his eyes on the main character, trying to limit his dribbling space and staying tightly on him.
The second defender is quick and agile, with excellent footwork, always ready to help. He follows closely behind, not giving the main character any room to maneuver, using his fast steps to block.
The third defender is tall and powerful, stationed under the basket, waiting to block. His gaze is focused, showing that he intends to use his height advantage to restrict the offense.
Style: Stylized 3D animation; dynamic and precise movement, exaggerated body stretches during high-intensity moments, readable spacing, and focus on motion sharpness.

ENVIRONMENT:

Environment: A modern street basketball court during the day, surrounded by metal framework fencing and high walls, with typical city buildings in the background. The court surface is a worn-out red and green plastic floor with many shoeprints and abrupt stops. The surface reflects the sunlight. The basketball hoop is at the far right of the frame, with crowds on both ends of the court holding their phones, and the lens clearly captures the obstructions and the audience’s focal point. The net of the hoop appears to ""float"" out of the frame with a very high exposure and lighting, filling the whole environment with energy and tension.

MOOD:

Overall Mood: Tense, oppressive, calm; the rhythm is tight and layered, with the audience feeling a shift from quiet anticipation to sudden shock and then to an explosive finale. A blend of skill and surprise, showcasing extraordinary basketball talent and absolute confidence.

TIMELINE:

0:00-0:04:
The camera starts from a low angle and pushes in, capturing the footprints and abrupt stop marks left by the protagonist’s steps on the court. The camera intricately details the subtle distance between the protagonist and the defenders. The protagonist begins to dribble, and the camera focuses on his hands and the basketball’s details. The ground shows the traces of basketball movements. The first defender, closely following, is thrown off by the protagonist’s quick change of pace. The protagonist suddenly stops and changes direction, causing the defender to miss a step. The protagonist quickly dribbles through the defender's gap.

0:04-0:07:
A match cut transitions from the protagonist’s feet to his upper body, where he makes a fake shot before accelerating to break through. Facing the second defender, the protagonist first makes a fake shot motion, pretending to prepare for a strike. The defender is forced to jump, and at that moment, the protagonist rapidly accelerates and breaks through the defender's gap.

0:07-0:09:
The camera, from a low angle, captures the protagonist’s motion in close-up, as the defender closely follows. The protagonist reacts quickly and makes a one-handed shot. As he approaches the basket, he is tightly blocked by the third defender, fully under pressure. Originally about to take a two-handed shot, the protagonist quickly changes the direction of his shot with a single hand upon seeing the defender preparing to block.

0:09-0:12:
A slow-motion shot captures the basketball’s flight trajectory. The ball flies just above the rim, entering with perfect accuracy. The ball travels in a high arc with exceptional precision, and as it passes through the net, the camera rapidly cuts to the net shaking violently.

0:12-0:15:
A match cut transitions to the audience's reaction, quickly capturing their shock and cheers. After the protagonist makes the shot, he doesn’t celebrate but calmly turns and walks away. The camera follows his back, showcasing his confident and composed exit."
renoise-2037515731785433333,Shot 1 (0.0-0.5): Macro shot of a polished dress shoe slipping on a single…,,真人,特效向,动作大片,,en,Seedance 2.0,,,renoise-ai/awesome-seedance-prompts,https://github.com/renoise-ai/awesome-seedance-prompts/blob/904b6caffa21c2b114bb93e1bd0e37ba80b3dd10/data/prompts/2037515731785433333.json,CC-BY-4.0,ρŁ𝐀𝔰Ｍʘ,https://x.com/plasm0/status/2037515731785433333,True,prompts/真人/特效向/动作大片/renoise-2037515731785433333--Shot-1-0.0-0.5-Macro-shot-of-a-polished.md,"Shot 1 (0.0-0.5): Macro shot of a polished dress shoe slipping on a single banana peel.
Audio: Cartoon slip sound: WOOP!
Shot 2 (0.5-1.0): Extreme close-up of the Groom’s eyes widening in pure terror.
Audio: Sharp inhale gasp.
Shot 3 (1.0-1.5): An elbow accidentally hits a waiter holding a tray of champagne flutes.
Audio: THUD.
Shot 4 (1.5-2.0): The tray flips mid-air. 20 glasses float in zero-gravity for a split second.
Audio: Magical chime sound.
Shot 5 (2.0-2.5): A champagne cork pops spontaneously from the pressure.
Audio: Loud POP!
Shot 6 (2.5-3.0): The cork hits the Priest directly in the forehead.
Audio: Hollow wooden BONK.
Shot 7 (3.0-3.5): The Priest stumbles backward into a candle stand.
Audio: Whoa!
Shot 8 (3.5-4.0): The candle flame ignites the bottom of a curtain.
Audio: WHOOSH of fire.
Shot 9 (4.0-4.5): A bridesmaid screams, but it's a silent slow-motion face distortion.
Audio: High pitched operatic note.
Shot 10 (4.5-5.0): A pug dog in a tuxedo gets spooked and bolts.
Audio: Yip-Yip!
Shot 11 (5.0-5.5): The leash pulls tight, tripping the Flower Girl.
Audio: Violin string snap.
Shot 12 (5.5-6.0): Flower Girl throws her basket. Rose petals explode toward the camera.
Audio: Fluttering sound.
Shot 13 (6.0-6.5): The basket hits the DJ's turntable arm.
Audio: Vinyl Record Scratch!
Shot 14 (6.5-7.0): The speakers emit a massive feedback screech.
Audio: Electronic SCREECH!
Shot 15 (7.0-7.5): An elderly grandmother’s hearing aid explodes with sparks.
Audio: Zzzzt! Grandma yells: ""WHAT?!""
Shot 16 (7.5-8.0): The Groom waves his arms, accidentally punching the Best Man.
Audio: Meaty SLAP.
Shot 17 (8.0-8.5): The Best Man falls into the massive 5-tier Wedding Cake.
Audio: Squish.
Shot 18 (8.5-9.0): The Cake wobbles dangerously to the left.
Audio: Wibble-wobble sound.
Shot 19 (9.0-9.5): The top tier (Bride & Groom figures) slides off.
Audio: Slide whistle down.
Shot 20 (9.5-10.0): The cake tier hits the Bride’s face. Explosion of white frosting.
Audio: SPLAT!
Shot 21 (10.0-10.5): The Bride’s father faints, hand to forehead.
Audio: Timber!
Shot 22 (10.5-11.0): A dove flies out of nowhere into a ceiling fan. (Feathers explode, no gore).
Audio: Poof!
Shot 23 (11.0-11.5): The sprinkler system activates. Water sprays down.
Audio: Hissing water.
Shot 24 (11.5-12.0): The band’s drummer slips, hitting the cymbal with his face.
Audio: CRASH!
Shot 25 (12.0-12.5): A random guest is recording on a phone, laughing hysterically.
Audio: Wheezing laughter.
Shot 26 (12.5-13.0): The Bride looks at the camera, mascara running, covered in cake.
Audio: ""Are you kidding me?""
Shot 27 (13.0-13.5): The Groom tries to wipe cake off her, making it worse.
Audio: Squeaky window wiping sound.
Shot 28 (13.5-14.0): The ""Just Married"" sign falls down from the wall.
Audio: CLANG.
Shot 29 (14.0-14.5): The pug dog starts eating the cake off the Bride’s shoe.
Audio: Nom-nom-nom.
Shot 30 (14.5-15.0): Freeze frame on the whole chaotic room.
Audio: Camera Shutter CLICK. Narrator: ""Yep. That's me."""
renoise-2037516172825112919,The shot begins on the weathered wooden deck shown in image 1. image 2 suddenly…,,真人,特效向,动作大片,,en,Seedance 2.0,,,renoise-ai/awesome-seedance-prompts,https://github.com/renoise-ai/awesome-seedance-prompts/blob/904b6caffa21c2b114bb93e1bd0e37ba80b3dd10/data/prompts/2037516172825112919.json,CC-BY-4.0,underwood,https://x.com/underwoodxie96/status/2037516172825112919,True,prompts/真人/特效向/动作大片/renoise-2037516172825112919--The-shot-begins-on-the-weathered-wooden.md,"The shot begins on the weathered wooden deck shown in image 1. image 2 suddenly sprints out from the left side of the frame, and the camera stays locked tightly behind him, following his back. image 2 leaps off the edge, and the camera dives straight down close behind him. As they plunge through thick layers of clouds, a vast and majestic world is revealed below—towering stone pillars, dense primeval forests, and colossal creatures in the distance. Sunlight pierces through the mist and clouds, filling the scene with an epic sense of scale, speed, and awe."
renoise-2037579136768888989,A highly detailed 3D anime chibi-style render of a cute young girl with short…,,漫剧,现实向,剧情短片,Q版,en,Seedance 2.0,link-only,copyrighted-character,renoise-ai/awesome-seedance-prompts,https://github.com/renoise-ai/awesome-seedance-prompts/blob/904b6caffa21c2b114bb93e1bd0e37ba80b3dd10/data/prompts/2037579136768888989.json,CC-BY-4.0,Sharon Riley,https://x.com/Just_sharon7/status/2037579136768888989,True,prompts/漫剧/现实向/剧情短片/renoise-2037579136768888989--A-highly-detailed-3D-anime-chibi-style-r.md,
renoise-2037604008572190891,"First-Person POV through a scratched metal visor in a bleak, foggy battlefield.",,真人,特效向,动作大片,,en,Seedance 2.0,,,renoise-ai/awesome-seedance-prompts,https://github.com/renoise-ai/awesome-seedance-prompts/blob/904b6caffa21c2b114bb93e1bd0e37ba80b3dd10/data/prompts/2037604008572190891.json,CC-BY-4.0,Okan Can,https://x.com/0kncn/status/2037604008572190891,True,prompts/真人/特效向/动作大片/renoise-2037604008572190891--First-Person-POV-through-a-scratched-met.md,"First-Person POV through a scratched metal visor in a bleak, foggy battlefield.
[0-5s] The knight aggressively swings the heavy broadsword horizontally, violently slashing the first charging Orc. The handheld camera shakes heavily on brutal impact. Hard cut.
[5-10s] The steel gauntlets swiftly pivot and thrust the broadsword deep into the second Orc's chest. Fast push-in camera movement. Snap cut.
[10-15s] The knight brutally rips the sword free, splashing thick mud across the visor slit. The third Orc stumbles backward in fear. Shaky handheld camera tracking forward. Constraints: Keep the dark visor framing, cold overcast lighting, no morphing, no text overlays."
renoise-2037606414504645026,"A peaceful anime-inspired lofi train ride at sunset, warm hand-painted fantasy…",,漫剧,特效向,奇幻冒险,2D日漫,en,Seedance 2.0,,,renoise-ai/awesome-seedance-prompts,https://github.com/renoise-ai/awesome-seedance-prompts/blob/904b6caffa21c2b114bb93e1bd0e37ba80b3dd10/data/prompts/2037606414504645026.json,CC-BY-4.0,Amira Zairi,https://x.com/azed_ai/status/2037606414504645026,True,prompts/漫剧/特效向/奇幻冒险/renoise-2037606414504645026--A-peaceful-anime-inspired-lofi-train-rid.md,"A peaceful anime-inspired lofi train ride at sunset, warm hand-painted fantasy style, a quiet girl by the window wearing headphones, golden sky, distant mountains, passing trees, soft sunlight on her face, notebook in her lap, dreamy nostalgic atmosphere, calm travel mood, soft painterly textures, gentle motion, cuts only"
renoise-2037716872888811651,A cinematic masterpiece of a high-speed female swordmaster in a vast…,,真人,特效向,动作大片,,en,Seedance 2.0,link-only,copyrighted-character,renoise-ai/awesome-seedance-prompts,https://github.com/renoise-ai/awesome-seedance-prompts/blob/904b6caffa21c2b114bb93e1bd0e37ba80b3dd10/data/prompts/2037716872888811651.json,CC-BY-4.0,Jin.B,https://x.com/opener_ai/status/2037716872888811651,True,prompts/真人/特效向/动作大片/renoise-2037716872888811651--A-cinematic-masterpiece-of-a-high-speed.md,
renoise-2037733226542735808,A fearless young woman roller skating at high speed through a crowded street in…,,真人,现实向,剧情短片,,en,Seedance 2.0,,,renoise-ai/awesome-seedance-prompts,https://github.com/renoise-ai/awesome-seedance-prompts/blob/904b6caffa21c2b114bb93e1bd0e37ba80b3dd10/data/prompts/2037733226542735808.json,CC-BY-4.0,Zara,https://x.com/ZaraIrahh/status/2037733226542735808,True,prompts/真人/现实向/剧情短片/renoise-2037733226542735808--A-fearless-young-woman-roller-skating-at.md,"A fearless young woman roller skating at high speed through a crowded street in New York City, weaving effortlessly through pedestrians, dodging street vendors, taxis, and cyclists. She glides past towering skyscrapers, busy intersections, and iconic storefronts, jumping over small obstacles with precision and style. Cinematic tracking shots follow her movement, enhanced by dynamic motion blur and warm golden hour light reflecting off glass buildings and asphalt. The city pulses with an energetic urban vibe—honking cars, flashing signals, and nonstop motion. Ultra-realistic detail with an action-movie aesthetic, capturing speed, confidence, and fearless momentum through the heart of New York."
renoise-2037762200983781757,"First-person perspective (POV), 8K hyper-realistic, 60fps fluid motion, dark…",,真人,特效向,奇幻怪兽,,en,Seedance 2.0,,,renoise-ai/awesome-seedance-prompts,https://github.com/renoise-ai/awesome-seedance-prompts/blob/904b6caffa21c2b114bb93e1bd0e37ba80b3dd10/data/prompts/2037762200983781757.json,CC-BY-4.0,Gem Alpha,https://x.com/Gemalpha_88/status/2037762200983781757,True,"prompts/真人/特效向/奇幻怪兽/renoise-2037762200983781757--First-person-perspective-POV-,-8K-hyper.md","First-person perspective (POV), 8K hyper-realistic, 60fps fluid motion, dark fantasy aesthetic, cinematic lighting, 9:16 vertical aspect ratio. [00:00 - 00:05] SEGMENT 1: The Awakening (The Hook) ""POV shot. Looking down at the user's hand (as seen in ), where glowing blue and black veins pulse with energy. The hand is gripping a swirling black and violet energy orb. The hand crushes the orb with a heavy grip. Instantly, a massive shockwave of purple lightning and dark smoke explodes outward. From the shadows on the ground, dozens of spectral, knight-like silhouettes with glowing eyes rise and kneel before the camera. The setting is a dark, ruined stone dungeon."" [00:05 - 00:10] SEGMENT 2: The Onslaught & The Boss (The Body) ""Fast-paced POV combat. The camera moves forward rapidly as the user's hand wields a jagged, glowing obsidian dagger, slashing through waves of grey stone monsters that crumble into dust upon impact. The shadow knights from segment one fight alongside the user. Suddenly, the ground shakes, and a colossal, 30-foot demonic titan with multiple red eyes and jagged armor emerges from the darkness, letting out a silent, earth-shaking roar. The user raises their left hand, charging a massive violet aura."" [00:10 - 00:15] SEGMENT 3: The Final Surge (The Climax) ""Extreme POV close-up. The user's hand reaches toward the giant titan. A colossal spectral shadow-giant manifests behind the camera, mimicking the user's movement. All the shadow energy in the room condenses into the user's palm. The user fires a massive beam of pure abyssal purple energy that pierces through the titan's chest. The titan slowly disintegrates into black ash and embers, its red eyes fading as it collapses. The screen shakes with a heavy bass effect as the purple veins on the user's arm glow one last time before fading to black."" Cinematic gender transformation sequence: start with a male figure in a dark, mysterious environment, subtle seductive tension in body language. Begin slow transformation with close-ups on physical change: jawline softens, shoulders narrow, hips subtly shift, hair lengthens and flows. Use dramatic lighting and dynamic camera movement, soft glowing particles, smooth skin morphing, luminous eyes, halo effects, ethereal atmosphere. Add seductive emotional nuance without explicit content — lingering gaze, graceful posture, fluid silhouette, magnetic presence. Sequence seamless and cinematic, slow motion transformation blending male to female form, film-like color grading, atmospheric shadows and highlights, polished visual flow, intense but elegant aesthetic. A cinematic, hyper-realistic vertical shot of a male-to-female shapeshifter transformation in a dimly lit luxurious room. The left half of the body remains rugged and masculine, while the right half is transforming into a graceful, elegant female form. Skin ripples like liquid silk at the intersection, and clothing morphs seamlessly from a masculine jacket into flowing attire. Dramatic low-key lighting emphasizes contours, intricate textures, and the surreal transformation. Dynamic expression of surprise and awe. High contrast, 8k resolution. A cinematic, hyper-realistic vertical shot of a male-to-female shapeshifter transformation in a dimly lit luxurious room. The left half of the body remains rugged and masculine, while the right half is transforming into a graceful, elegant female form. Skin ripples like liquid silk at the intersection, and clothing morphs seamlessly from a masculine jacket into flowing attire. Dramatic low-key lighting emphasizes contours, intricate textures, and the surreal transformation. Dynamic expression of surprise and awe. High contrast, 8k resolution."
renoise-2037776100361982352,[Uploaded image] as the main character and first frame. 0-3s: Side tracking…,,真人,特效向,动作大片,,en,Seedance 2.0,link-only,copyrighted-character,renoise-ai/awesome-seedance-prompts,https://github.com/renoise-ai/awesome-seedance-prompts/blob/904b6caffa21c2b114bb93e1bd0e37ba80b3dd10/data/prompts/2037776100361982352.json,CC-BY-4.0,Jin.B,https://x.com/opener_ai/status/2037776100361982352,True,prompts/真人/特效向/动作大片/renoise-2037776100361982352--Uploaded-image-as-the-main-character-and.md,
renoise-2037832127702507881,An enigmatic imperial guardian wearing a massive indigo conical hat topped with…,,真人,特效向,科幻,,en,Seedance 2.0,,,renoise-ai/awesome-seedance-prompts,https://github.com/renoise-ai/awesome-seedance-prompts/blob/904b6caffa21c2b114bb93e1bd0e37ba80b3dd10/data/prompts/2037832127702507881.json,CC-BY-4.0,ibexdream,https://x.com/ibexdream/status/2037832127702507881,True,prompts/真人/特效向/科幻/renoise-2037832127702507881--An-enigmatic-imperial-guardian-wearing-a.md,"An enigmatic imperial guardian wearing a massive indigo conical hat topped with a jeweled spire, visage a biomechanical facade with protruding sensors and painted lips, clad in embroidered crimson garments featuring golden knots and dangling pendants, on a deep purple backdrop, blending ancient mythology with sci-fi elements, ultra-realistic and ornate, cinematic art."
renoise-2037853213290819945,Humorous modern animated short with anthropomorphic tech gadgets fighting in a…,,漫剧,特效向,战斗大招,3D卡通,en,Seedance 2.0,,,renoise-ai/awesome-seedance-prompts,https://github.com/renoise-ai/awesome-seedance-prompts/blob/904b6caffa21c2b114bb93e1bd0e37ba80b3dd10/data/prompts/2037853213290819945.json,CC-BY-4.0,Dheepan Ratnam,https://x.com/Dheepanratnam/status/2037853213290819945,True,prompts/漫剧/特效向/战斗大招/renoise-2037853213290819945--Humorous-modern-animated-short-with-anth.md,"Humorous modern animated short with anthropomorphic tech gadgets fighting in a cozy living room at night: tired overworked WiFi Router with blinking antenna ""hair"" and parent vibe vs. entitled Smartphone with refreshing screen face and teen attitude.
Multi-shot story: wide establishing shot of router on table with phone nearby, close-up push-in on router blinking red angrily, glitchy tracking shot during demand, dark final shot during power outage.
Router complains: ""I’ve been on 24/7 for years! Give me a break or I’ll drop to 1 bar on purpose!""
Phone whines: ""Dad, everyone’s posting. If I lag one more time I’m switching to mobile data… forever!""
Twist: lights go out — Router says ""See? Quality time."" Phone replies sadly ""…I hate this family.""
Glitch effects when signal drops, bouncy expressions, vibrant screen glows.
Dynamic camera: fast cuts, aggressive push-ins, glitch transitions. Moody night lighting with blue router glow and phone screen light. Sound effects: buffering beeps, angry blinking clicks, dramatic power-down hum, and sad sighs. Smooth high-detail animation, 15-second duration, universal tech frustration comedy."
renoise-2037857719034491352,"Continuous single take, camera tilting, rolling, spinning, flying through…",,真人,现实向,剧情短片,,en,Seedance 2.0,,,renoise-ai/awesome-seedance-prompts,https://github.com/renoise-ai/awesome-seedance-prompts/blob/904b6caffa21c2b114bb93e1bd0e37ba80b3dd10/data/prompts/2037857719034491352.json,CC-BY-4.0,osama orabi,https://x.com/os_orabi/status/2037857719034491352,True,"prompts/真人/现实向/剧情短片/renoise-2037857719034491352--Continuous-single-take,-camera-tilting,.md","Continuous single take, camera tilting, rolling, spinning, flying through real-world environments. Starts flying through a tiny city apartment where a man sips coffee at a window, camera dives downward into a cluttered kitchen where a woman washes dishes, gliding past a cat stretching on the counter. Sweeps through a teenager’s room with headphones on, scrolling a phone, weaving through piles of clothes and glowing laptop screens. Camera dives into an older couple’s living room where they watch TV in silence, transitions into a small studio where someone paints quietly by the window, gliding past half-finished canvases and paintbrushes. Moves up through a skylight into a rooftop laundry line, into an aerial view over the apartment building at dusk. No cuts, impossible camera moves, seamless transitions, energetic, dynamic, cinematic. 8K high definition, high quality footage."
renoise-2037866975351758877,"A majestic eagle flying through a clear blue sky, cinematic",,其他,,动物萌宠,,en,Seedance 2.0,,,renoise-ai/awesome-seedance-prompts,https://github.com/renoise-ai/awesome-seedance-prompts/blob/904b6caffa21c2b114bb93e1bd0e37ba80b3dd10/data/prompts/2037866975351758877.json,CC-BY-4.0,Ivan (usuch) 🪑,https://x.com/usuches/status/2037866975351758877,True,prompts/其他/动物萌宠/renoise-2037866975351758877--A-majestic-eagle-flying-through-a-clear.md,"A majestic eagle flying through a clear blue sky, cinematic"
renoise-2037868514070118602,{,,真人,特效向,动作大片,,en,Seedance 2.0,,,renoise-ai/awesome-seedance-prompts,https://github.com/renoise-ai/awesome-seedance-prompts/blob/904b6caffa21c2b114bb93e1bd0e37ba80b3dd10/data/prompts/2037868514070118602.json,CC-BY-4.0,Future AI 🧩,https://x.com/FutureVibesAi/status/2037868514070118602,True,prompts/真人/特效向/动作大片/renoise-2037868514070118602--untitled.md,"{
  ""scene"": ""empty highway stretching into a cosmic horizon, sky tearing open into space"",
  ""subject"": ""mysterious runner with glowing cosmic trails behind him"",
  ""action"": ""he runs so fast that reality tears open, creating a black hole behind him"",
  ""effects"": ""stars, planets, and light get pulled into the vortex forming behind his path"",
  ""environment_reaction"": ""road disintegrates into particles, gravity distorts everything"",
  ""camera"": ""side tracking shot turning into wide cosmic reveal"",
  ""lighting"": ""deep space glow with neon highlights and dark shadows"",
  ""style"": ""sci-fi cinematic, Interstellar-inspired, hyper-real cosmic visuals"",
  ""mood"": ""surreal, powerful, universe-breaking""
}"
renoise-2037895334316167534,"High-energy, cinematic video set inside a cozy, earthy underground burrow…",,漫剧,特效向,战斗大招,3D卡通,en,Seedance 2.0,,,renoise-ai/awesome-seedance-prompts,https://github.com/renoise-ai/awesome-seedance-prompts/blob/904b6caffa21c2b114bb93e1bd0e37ba80b3dd10/data/prompts/2037895334316167534.json,CC-BY-4.0,AIrina (Virtual Media Net),https://x.com/airina_xyz/status/2037895334316167534,True,"prompts/漫剧/特效向/战斗大招/renoise-2037895334316167534--High-energy,-cinematic-video-set-inside.md","High-energy, cinematic video set inside a cozy, earthy underground burrow illuminated by glowing neon blue and purple lights. On a natural stone ledge, an orange tabby cat acts as a professional DJ, skillfully 'scratching' vinyl records on a dual-deck turntable setup with its paws. Below the ledge, a group of five small grey mice are standing on their hind legs, dancing enthusiastically with their arms raised in time to an invisible beat, mimicking a rave crowd. The scene features vibrant music visualization effects, like pulsing lights and glowing EQ bars on the DJ equipment. The camera uses dynamic movements, slightly zooming in and out to capture the 'vibrant party energy.' The overall style is a blend of realistic textures (fur, dirt, stone) with surreal, whimsical lighting and high-quality digital animation."
renoise-2037923658446872891,DUCK: Formula Splash,,漫剧,现实向,喜剧搞笑,3D卡通,en,Seedance 2.0,,,renoise-ai/awesome-seedance-prompts,https://github.com/renoise-ai/awesome-seedance-prompts/blob/904b6caffa21c2b114bb93e1bd0e37ba80b3dd10/data/prompts/2037923658446872891.json,CC-BY-4.0,Dheepan Ratnam,https://x.com/Dheepanratnam/status/2037923658446872891,True,prompts/漫剧/现实向/喜剧搞笑/renoise-2037923658446872891--DUCK-Formula-Splash.md,"DUCK: Formula Splash

A swaggering rubber duck in racing goggles pilots a bathtub through a luxurious marble bathroom during a plumbing disaster. High-budget 3D animation, absurd speed and water physics.

[0s–1.5s] Wide shot. Water floods across a marble bathroom floor. A rubber duck stands at the bow of a floating bathtub like a fearless captain.

[1.5s–3s] He bites down on a toothbrush like a cigar. The tub surges forward as a burst pipe sprays like rocket thrust.

[3s–5s] He speeds around the sink pedestal, drifting in a perfect arc. Soap bars fly past like dangerous obstacles.

[5s–7s] A rival bath toy shark snaps up beside him in a toy speedboat made from a shampoo bottle.

[7s–9s] They race through ankle-high floodwater, under falling towels and bouncing loofahs, smashing through a curtain of shower steam.

[9s–11s] The duck yanks a shower cord like a lever, releasing a wave that flips the shark boat into the air.

[11s–13s] He hydroplanes up the sloped shower wall, launches, and clears the toilet in slow motion like a legend.

[13s–15s] Final shot. The duck lands in the sink basin and spins to a stop beneath a beam of sunrise, victorious, squeaking once."
renoise-2037965099625857298,@Image1 as the first frame. Over-the-shoulder shot facing the monk. He leans…,,真人,现实向,生活与vlog,,en,Seedance 2.0,,,renoise-ai/awesome-seedance-prompts,https://github.com/renoise-ai/awesome-seedance-prompts/blob/904b6caffa21c2b114bb93e1bd0e37ba80b3dd10/data/prompts/2037965099625857298.json,CC-BY-4.0,Ziwen,https://x.com/ziwenxu_/status/2037965099625857298,True,prompts/真人/现实向/生活与vlog/renoise-2037965099625857298--Image1-as-the-first-frame.-Over-the-shou.md,"@Image1 as the first frame. Over-the-shoulder shot facing the monk. He leans forward and speaks with calm warmth: 'What about: I used to pray for times like this, to rhyme like this.' Candlelight flickers across his face. He pauses after speaking. No music, ambient room tone only. 4K, Ultra HD, Rich details, Sharp clarity, Natural skin texture, Stable picture."
renoise-2037966599165182110,SCENE: A grand 19th-century theater stage under a single moody spotlight.,,真人,特效向,特效综合,,en,Seedance 2.0,,,renoise-ai/awesome-seedance-prompts,https://github.com/renoise-ai/awesome-seedance-prompts/blob/904b6caffa21c2b114bb93e1bd0e37ba80b3dd10/data/prompts/2037966599165182110.json,CC-BY-4.0,Okan Can,https://x.com/0kncn/status/2037966599165182110,True,prompts/真人/特效向/特效综合/renoise-2037966599165182110--SCENE-A-grand-19th-century-theater-stage.md,"SCENE: A grand 19th-century theater stage under a single moody spotlight.
[0-5s] Medium shot, slow push-in camera. An elegant illusionist in a dark velvet suit holds a violently burning red rose in his gloved hand. He stares intensely into the lens. SFX: Loud, intense fire crackling. Snap cut.
[5-10s] Macro close-up, fast bullet-time orbit shot. The gloved hand crushes the burning rose. Instead of ash, the rose shatters into thousands of glowing blue water droplets, completely frozen in mid-air. SFX: Sharp crystalline glass shattering, followed by an eerie, heavy silence. Hard cut.
[10-15s] Wide shot, rapid pull-back camera. The frozen water droplets violently explode outward, instantly transforming the entire theater stage into a bioluminescent deep-sea environment. The illusionist floats weightlessly, his velvet suit rippling with flawless underwater cloth physics. SFX: A massive fluid splash, fading into a deep, echoing underwater bass rumble.
CONSTRAINTS: Photorealistic, 8k resolution, cinematic lighting, accurate fluid dynamics, keep the character consistent, no text overlays, no morphing."
renoise-2037971756044984826,High-performance sneaker commercial.,,其他,,广告带货,,en,Seedance 2.0,,,renoise-ai/awesome-seedance-prompts,https://github.com/renoise-ai/awesome-seedance-prompts/blob/904b6caffa21c2b114bb93e1bd0e37ba80b3dd10/data/prompts/2037971756044984826.json,CC-BY-4.0,LudovicCreator,https://x.com/LudovicCreator/status/2037971756044984826,True,prompts/其他/广告带货/renoise-2037971756044984826--High-performance-sneaker-commercial.md,"High-performance sneaker commercial.

Music: rhythmic hip-hop beat with sharp percussive accents.

Macro shot: sneaker sole compressing on impact, dust particles exploding outward.

Cut to: fabric mesh stretching and rebounding, showcasing flexibility.

Transition: dissolve into abstract waveforms representing motion energy.

Close-up: laces tightening in slow motion, fibers sharply defined.

Camera: low-angle tracking as the sneaker lands on asphalt, sparks of dust trailing behind.

Cut to: athlete sprinting through an urban night street, neon reflections on wet ground.

Final shot: sneaker resting on pavement, steam rising in background.

Style: high contrast lighting, dynamic motion blur, photorealistic materials, 4K."
renoise-2037973162269294809,Dark moody lighting with high contrast. Gritty realism. Dynamic camera…,,真人,现实向,剧情短片,,en,Seedance 2.0,,,renoise-ai/awesome-seedance-prompts,https://github.com/renoise-ai/awesome-seedance-prompts/blob/904b6caffa21c2b114bb93e1bd0e37ba80b3dd10/data/prompts/2037973162269294809.json,CC-BY-4.0,"Marco ""Shikoba""",https://x.com/shikoba_86/status/2037973162269294809,True,prompts/真人/现实向/剧情短片/renoise-2037973162269294809--Dark-moody-lighting-with-high-contrast.md,"Dark moody lighting with high contrast. Gritty realism. Dynamic camera movement. Tense atmosphere with realistic textures and volumetric lighting. SCENE 1 — ENVIRONMENT INTRO Wide cinematic establishing shot. A rain-soaked city at night. Neon signs reflect on wet asphalt. Steam rises from manholes. An abandoned parking structure looms in the background — concrete, shadows, flickering lights. A black armored sedan sits motionless in the middle of an empty street. Camera slowly cranes down from rooftop level. SCENE 2 — THE SNIPER Close-up on gloved hands assembling a precision rifle. Click. Click. Each piece locks into place with surgical precision. Pull back to reveal: a masked figure in tactical black gear, prone on a rooftop edge. Night vision scope glows faint green. He breathes slowly. Controlled. He whispers into comms: ""Target acquired. Black sedan. But something's wrong… he's not moving."" SCENE 3 — THE KILLER INSIDE Cut to interior of the sedan. Complete darkness except for the glow of a cigarette. Slow pan reveals a silhouette in the backseat. Smoke curls upward. The figure speaks calmly without turning: ""I know you're up there."" He exhales. The ember illuminates cold, calculating eyes for a split second. ""You have one shot. Make it count… or I'm coming for you."" SCENE 4 — THE STANDOFF Rapid cuts between: Sniper's finger on trigger, sweat on brow. Killer's hand slowly reaching for door handle. Heartbeat sound design intensifies. Time seems to slow. Sniper's breath fogs in the cold air. He mutters: ""Who the hell is this guy…"" SCENE 5 — THE SHOT BANG. Muzzle flash illuminates the rooftop. Bullet travels in slow motion through rain droplets. Glass shatters. Cut to black for one second. Then: the sedan door swings open. Empty. The backseat is empty. Sniper's eyes widen behind scope. A voice behind him, impossibly close: ""Too slow."" SCENE 6 — FINAL CONFRONTATION Sniper spins around. The killer stands three meters away on the rooftop. How did he get there. Wind blows rain sideways. Both men frozen in standoff position. Lightning flash reveals killer's face — scarred, expressionless. He raises a suppressed pistol slowly. Sniper reaches for sidearm. Extreme close-up on both trigger fingers. Cut to wide shot from above as both fire simultaneously. Muzzle flashes. Bodies drop. Camera pulls back slowly into the rain and darkness. Fade to black."
renoise-2037974311345016885,PIGEON: Museum Heist A tiny street pigeon in a black turtleneck and beret…,,漫剧,特效向,特效综合,3D卡通,en,Seedance 2.0,,,renoise-ai/awesome-seedance-prompts,https://github.com/renoise-ai/awesome-seedance-prompts/blob/904b6caffa21c2b114bb93e1bd0e37ba80b3dd10/data/prompts/2037974311345016885.json,CC-BY-4.0,Dheepan Ratnam,https://x.com/Dheepanratnam/status/2037974311345016885,True,prompts/漫剧/特效向/特效综合/renoise-2037974311345016885--PIGEON-Museum-Heist-A-tiny-street-pigeon.md,"PIGEON: Museum Heist A tiny street pigeon in a black turtleneck and beret attempts to steal a single French fry from an elegant museum café. Laser security everywhere. High-budget 3D animation, miniature heist parody.
[0s–1.5s] Moonlit museum interior. The pigeon studies a fry under a glass cloche like it’s the crown jewels.
[1.5s–3s] He rolls out a blueprint made of napkins, nods to himself, and rappels down from a dinosaur skeleton with dental floss.
[3s–5s] He dodges red laser beams with absurd gymnastic precision. One feather brushes a beam and alarms nearly trigger he freezes.
[5s–7s] A security cat turns the corner. The pigeon swings behind a marble statue just in time, pretending to be part of the sculpture.
[7s–9s] He glides through a gallery of giant portraits, each one glaring down at him. The cat follows, slipping on polished floors.
[9s–11s] He reaches the fry, lifts the cloche with shaking wings, and grabs it in complete triumph.
[11s–13s] The fry is too heavy. He waddles, dragging it dramatically while the security cat closes in.
[13s–15s] Final shot. He escapes through a ventilation grate by leaving the fry behind then discovers a whole tray of fries inside the vent and smirks at camera."
renoise-2038008516103766473,The Silent Retreat Uproar.,,真人,现实向,喜剧整活,,en,Seedance 2.0,,,renoise-ai/awesome-seedance-prompts,https://github.com/renoise-ai/awesome-seedance-prompts/blob/904b6caffa21c2b114bb93e1bd0e37ba80b3dd10/data/prompts/2038008516103766473.json,CC-BY-4.0,Dheepan Ratnam,https://x.com/Dheepanratnam/status/2038008516103766473,True,prompts/真人/现实向/喜剧整活/renoise-2038008516103766473--The-Silent-Retreat-Uproar.md,"The Silent Retreat Uproar.
Shot 1 (0.0-0.5): Macro shot of a mosquito landing on the Guru's nose during deep meditation. Audio: High pitched BZZZ.
Shot 2 : The Guru's eye twitches violently. Audio: Spring boing.
Shot 3 : He wildly slaps his own face, losing his balance. Audio: Sharp SMACK.
Shot 4 : He tips sideways off his elevated lotus cushion. Audio: Slide whistle.
Shot 5 : He crashes into a massive, 5-foot brass gong. Audio: Deafening GONG crash.
Shot 6 : The soundwave startles the aerial yoga class hanging from silk hammocks. Audio: Gasps.
Shot 7 : One student tangles in her silk, swinging wildly like a pendulum. Audio: Swish-swish. Shot 8 : She kicks a tray of burning incense into the air. Audio: Whoosh.
Shot 9 : Hot ash lands directly on a therapy goat. Audio: Maaaa!
Shot 10 : The goat charges, headbutting the bamboo room divider. Audio: THUD.
Shot 11 : The divider collapses onto the crystal bowl sound healers. Audio: Cacophony of ringing crystal.
Shot 12 : A vegan smoothie stand is knocked over by fleeing attendees. Audio: Splat!
Shot 13 : Green sludge covers the entrance doors. Audio: Squish.
Shot 14 : The Guru slips on the sludge, sliding right out the door. Audio: Cartoon slip.
Shot 15 : Freeze frame of the Guru mid-air, covered in green smoothie, a goat chewing his robes. Audio: Camera shutter CLICK. Narrator: 'Yep. That is me. Finding my inner peace.'"
renoise-2038076093132140663,A young woman sleeps alone in a minimal bedroom.,,真人,现实向,剧情短片,,en,Seedance 2.0,,,renoise-ai/awesome-seedance-prompts,https://github.com/renoise-ai/awesome-seedance-prompts/blob/904b6caffa21c2b114bb93e1bd0e37ba80b3dd10/data/prompts/2038076093132140663.json,CC-BY-4.0,Jin.B,https://x.com/opener_ai/status/2038076093132140663,True,prompts/真人/现实向/剧情短片/renoise-2038076093132140663--A-young-woman-sleeps-alone-in-a-minimal.md,"A young woman sleeps alone in a minimal bedroom.
Pre-dawn light — not quite darkness, not quite morning.
A single thin band of cold blue-silver light cuts across
the bed from a gap in the curtains.
Her face is serene, beautiful, completely still.
The room holds its breath.

SPEED RAMP STRUCTURE — CONSCIOUSNESS AS RHYTHM:

0–3s: [REAL WORLD — SLOW, TACTILE]
Extreme close-up: her eyelashes against her cheek.
Still. Barely breathing.
Camera drifts in ultra-slow — a breath-pace dolly
toward her face. The thin blue light shifts
imperceptibly across her collarbone.
Sound: near-silence. The faint hiss of pre-dawn air.
A single eyelid trembles.

3–5s: [THRESHOLD — SPEED RAMP DOWN TO NEAR FREEZE]
Her eyes begin to open — time slows to near-stop.
Rack focus: eyelashes → iris catching first light.
The iris fills the frame — inside it,
something moves. A reflection that isn't the room.
Sound drops to pure subsonic tone.
The world between sleep and waking stretches open.

5–10s: [MEMORY FLOOD — MULTI-CUT ACCELERATION]
Rapid fragmented cuts — each 0.3–0.5 seconds:

— A hand reaching toward her through white fog.
Whose hand. Unknown.
— A corridor of stone arches, warm candlelight,
someone walking ahead. Face never turns.
— Her own hands — younger, smaller —
pressed against cold glass. Outside: nothing.
— A field of tall silver grass at dusk,
wind moving through it like breath.
— Two shadows on a sunlit wall.
One disappears.
— Her face reflected in still water —
but the reflection blinks first.
— A door. Slightly open. Light beyond.
She reaches for it —

Each cut slightly faster than the last.
Motion blur bleeds between images.
Colors shift: warm amber → cold silver → white out.
Sound: layered whispers building —
no words discernible, only tone and rhythm,
doubling in density with each cut.

10–12s: [FLASH PEAK — FREEZE]
Single frame: pure white.
Then: her eyes — fully open, wide, present.
Held for 0.5 seconds. Absolute stillness.
The memories are gone.

12–15s: [RETURN — SLOW EXHALE / REAL WORLD]
Pull back slowly. She lies in bed, eyes open,
staring at the ceiling. The blue-silver dawn light
now touches her face fully.
She raises one hand slowly — looks at it —
as if checking whether it belongs to her.
She closes it into a loose fist. Lowers it.
Camera cranes up slowly to overhead.
She grows small in the frame.
The room is ordinary.
Whatever she almost remembered: gone.

Lighting: pre-dawn cold blue-silver as key light,
no warm fill — only the faint ambient glow
of the sky beginning. Shadows deep and soft.
Color palette: near-monochrome silver-charcoal base,
memory cuts in desaturated warm amber,
white flash at peak.
Style: intimate cinematic, 35mm grain,
shallow depth of field throughout,
anamorphic horizontal lens flare on light band.
Audio: breath-pace silence → subsonic tone →
layered whisper swell → white noise peak →
pre-dawn ambient return."
renoise-2038077303931228265,"A young Japanese woman performs a high-energy K-pop dance routine, spinning…",,真人,现实向,音乐MV,,ja,Seedance 2.0,,,renoise-ai/awesome-seedance-prompts,https://github.com/renoise-ai/awesome-seedance-prompts/blob/904b6caffa21c2b114bb93e1bd0e37ba80b3dd10/data/prompts/2038077303931228265.json,CC-BY-4.0,Photogenic Weekend,https://x.com/PhotogenicWeekE/status/2038077303931228265,True,prompts/真人/现实向/音乐MV/renoise-2038077303931228265--A-young-Japanese-woman-performs-a-high-e.md,"A young Japanese woman performs a high-energy K-pop dance routine, spinning gracefully and singing along to an upbeat melody - she is wearing a stylish pastel-pink pleated skirt, a white cropped sweater, and her hair is styled in loose pigtails with silk ribbons - dynamic tracking shot that circles around her in a Tokyo park filled with cherry blossom trees in full bloom, petals drifting through the air like snow, she looks joyful and radiant, singing a catchy chorus in a cheerful, energetic tone over a rhythmic pop beat."
renoise-2038137472677470707,开头只有地板和墙面,,其他,,风景空镜,,zh,Seedance 2.0,,,renoise-ai/awesome-seedance-prompts,https://github.com/renoise-ai/awesome-seedance-prompts/blob/904b6caffa21c2b114bb93e1bd0e37ba80b3dd10/data/prompts/2038137472677470707.json,CC-BY-4.0,MarioTan,https://x.com/TanShilong/status/2038137472677470707,True,prompts/其他/风景空镜/renoise-2038137472677470707--开头只有地板和墙面.md,"开头只有地板和墙面

各类家具以可爱果冻的动态方式分别从四周跳入场景，最终安静的形成最后的画面

图片1 作为第5s的结束

5s-8s: 之后，环境变暗，落地等的灯光逐渐亮起

其中重要的是“果冻式”的动态跳入"
renoise-2038181389154054278,15-second continuous single-shot action sequence. No cuts. No scene transitions.,,真人,特效向,奇幻怪兽,,en,Seedance 2.0,,,renoise-ai/awesome-seedance-prompts,https://github.com/renoise-ai/awesome-seedance-prompts/blob/904b6caffa21c2b114bb93e1bd0e37ba80b3dd10/data/prompts/2038181389154054278.json,CC-BY-4.0,OscarAI,https://x.com/Artedeingenio/status/2038181389154054278,True,prompts/真人/特效向/奇幻怪兽/renoise-2038181389154054278--15-second-continuous-single-shot-action.md,"15-second continuous single-shot action sequence. No cuts. No scene transitions.

Dark fantasy realism, muddy battlefield, rain, low light, heavy shadows, large creature scale, physical weight emphasis, cinematic contrast

Slow heavy movement with explosive impacts

Scene:

Battle line in heavy rain, soldiers holding formation, shields locked, mud everywhere

0–3s — tension line

Camera moving sideways along shield wall

Rain hitting armor
Breathing visible

Low rumble in distance

3–6s — emergence

Fog shifts

Ogre silhouette forms ahead

Enormous mass stepping forward slowly

Ground shaking subtly

6–10s — impact break

Ogre charges

Massive swing:

– shields shatter
– soldiers thrown aside
– mud exploding under impact

Camera pulled into chaos but maintains direction

10–12s — slow motion weight

Time slows

Ogre foot slams into mud:

– water and dirt erupt upward
– bodies mid-air

Camera low angle emphasizing scale

12–15s — aftermath pressure

Time snaps back

Remaining soldiers stagger back

Ogre advances slowly, unstoppable

Rain intensifies

Freeze on looming figure"
renoise-2038215315406893385,SUBJECT: An 80-year-old Black grandmother with short silver natural hair…,,真人,现实向,音乐MV,,en,Seedance 2.0,,,renoise-ai/awesome-seedance-prompts,https://github.com/renoise-ai/awesome-seedance-prompts/blob/904b6caffa21c2b114bb93e1bd0e37ba80b3dd10/data/prompts/2038215315406893385.json,CC-BY-4.0,Dheepan Ratnam,https://x.com/Dheepanratnam/status/2038215315406893385,True,prompts/真人/现实向/音乐MV/renoise-2038215315406893385--SUBJECT-An-80-year-old-Black-grandmother.md,"SUBJECT: An 80-year-old Black grandmother with short silver natural hair, wearing a royal purple and gold Adidas tracksuit, fresh white high-top sneakers, gold hoop earrings, and a small gold chain. Petite but wiry. Surprisingly explosive power in her movements. She breakdances with old-school technique and impossible energy.

ENVIRONMENT: Empty NYC subway platform at night. Graffiti-covered pillars, flickering fluorescents, polished tile floor reflecting the lights, a boombox on a bench playing music, a chalk circle on the platform. Gritty 1980s hip-hop energy.

MOOD: Pure joy and defiance. Age is irrelevant. The groove is eternal.

TIMELINE: 0:00–0:02: Wide shot of the empty platform. The boombox plays. Camera slowly pushes forward. She walks into frame from the tunnel end, adjusting her gold chain, sneakers squeaking on tile. She stops at the chalk circle. Looks at it. Looks at the boombox. Cracks her neck left, then right. Steps in.

0:02–0:04: Medium shot at floor level. She starts with a toprock, feet shuffling in a classic pattern. Her sneakers are precise. Her shoulders pop on every beat. The tracksuit catches the fluorescent light, purple and gold flashing. She's warming up but already better than anyone watching expects.

0:04–0:07: Camera orbits her. She drops into a six-step floor sequence, hands on the tile, legs sweeping in clean circles, her small body low and controlled. She transitions into a freeze, one hand supporting her entire body, legs extended in an L-shape, her gold hoops dangling, perfectly still for two beats. Then she collapses the freeze into a backspin.

0:07–0:10: Close-up tracking her spin. She backspins on the tile, her silver hair catching every light, tracksuit a blur of purple. The spin accelerates. She transitions to a headspin, the veins in her forearms visible, jaw clenched with effort. She spins for four full rotations, sneakers kicking the air. The graffiti on the pillars streaks behind her.

0:10–0:12: She pops out of the spin to her feet in one motion. Stands. Hits a body wave that rolls from her ankles through her spine to her fingertips. Then a second wave, harder. Then she locks into a series of sharp pops and hits, each one freezing her entire body in a different pose, like a human strobe light. Each pop syncs to the beat from the boombox.

0:12–0:15: Wide shot. She finishes with one massive freeze: a one-armed handstand, free arm pointing at the camera, legs split. Holds it. Three seconds. Then she drops, lands on her feet, adjusts her tracksuit collar, and walks away from the circle. She picks up a purse from the bench, puts in her earbuds, and walks toward the exit without looking back. The boombox keeps playing. The chalk circle sits empty. Hold.

NYC subway, graffiti, breakdancing grandmother, 1980s energy, fluorescent light, photorealistic, cinematic, 4K."
renoise-2038219856193954202,15-second continuous single-shot cartoon sequence. No cuts. No scene…,,漫剧,现实向,喜剧搞笑,3D卡通,en,Seedance 2.0,,,renoise-ai/awesome-seedance-prompts,https://github.com/renoise-ai/awesome-seedance-prompts/blob/904b6caffa21c2b114bb93e1bd0e37ba80b3dd10/data/prompts/2038219856193954202.json,CC-BY-4.0,OscarAI,https://x.com/Artedeingenio/status/2038219856193954202,True,prompts/漫剧/现实向/喜剧搞笑/renoise-2038219856193954202--15-second-continuous-single-shot-cartoon.md,"15-second continuous single-shot cartoon sequence. No cuts. No scene transitions.

Stylized 3D cartoon animation, bright vibrant colors, clean shapes, soft lighting, exaggerated expressions, squash and stretch, elastic motion, strong readability

Clear comedic timing, progressive escalation, clean staging, no chaotic camera

Scene:

Open plaza during daytime, minimal environment (bench, fountain, lamppost), wide space to allow large objects to appear

Character

Curious eccentric character, small body, big expressive eyes, slightly messy outfit, holding a tiny worn-out bag

0–3s — setup (curiosity)

Camera slowly pushes in.

Character looks inside the tiny bag, confused.

Shakes it slightly.

Reaches hand inside.

3–6s — first reveal (unexpected but small)

Pulls out a long object that keeps extending…
It becomes a full-size ladder.

Character reacts surprised.

Looks back into the bag.

6–9s — escalation (absurd scale begins)

Reaches again.

Pulls… pulls… pulls…

A full elephant slowly emerges from the bag, impossibly compressed.

Elephant pops out and stands normally.

Character freezes, blinking.

9–12s — chaos escalation (ridiculous level)

Character, now excited, reaches again.

Pulls something glowing…

A flying saucer (UFO) unfolds from the bag, expanding above him.

Soft hovering hum.

Shadows move across the scene.

12–15s — final gag

Character smiles, confident.

Reaches again quickly.

Bag suddenly pulls HIM inside instead.

Beat.

Bag wiggles.

From inside: small muffled noise.

The bag spits him out… completely flattened cartoon-style.

He stands up slowly.

Bag remains tiny and normal.

Freeze."
renoise-2038223475534659884,Image1 のようなキャラが出てくるVideo1  のような3Dシューティングゲーム,,其他,,动态图形与界面,,ja,Seedance 2.0,,,renoise-ai/awesome-seedance-prompts,https://github.com/renoise-ai/awesome-seedance-prompts/blob/904b6caffa21c2b114bb93e1bd0e37ba80b3dd10/data/prompts/2038223475534659884.json,CC-BY-4.0,陰に隠れし者,https://x.com/LurkShade/status/2038223475534659884,True,prompts/其他/动态图形与界面/renoise-2038223475534659884--Image1-のようなキャラが出てくるVideo1-のような3Dシューティングゲ.md,"Image1 のようなキャラが出てくるVideo1  のような3Dシューティングゲーム
Image1 の画風に合わせて全体を自由に書き換えて"
renoise-2038256223208779842,CHARACTER REFERENCE Imagen1= warrior's face. Imagen2 = red robotic armor…,,真人,特效向,科幻,,en,Seedance 2.0,link-only,gore,renoise-ai/awesome-seedance-prompts,https://github.com/renoise-ai/awesome-seedance-prompts/blob/904b6caffa21c2b114bb93e1bd0e37ba80b3dd10/data/prompts/2038256223208779842.json,CC-BY-4.0,Pablo Prompt,https://x.com/pabloprompt/status/2038256223208779842,True,prompts/真人/特效向/科幻/renoise-2038256223208779842--CHARACTER-REFERENCE-Imagen1-warrior-s-fa.md,
renoise-2038263811363516644,"A high-definition, clean, minimalist character design board / character…",,真人,现实向,时尚写真,,en,Seedance 2.0,,,renoise-ai/awesome-seedance-prompts,https://github.com/renoise-ai/awesome-seedance-prompts/blob/904b6caffa21c2b114bb93e1bd0e37ba80b3dd10/data/prompts/2038263811363516644.json,CC-BY-4.0,Mr.Iancu,https://x.com/Iancu_ai/status/2038263811363516644,True,"prompts/真人/现实向/时尚写真/renoise-2038263811363516644--A-high-definition,-clean,-minimalist-cha.md","A high-definition, clean, minimalist character design board / character turnaround reference sheet, set against a pure white background. The overall presentation should resemble a professional game art character modeling sheet, fashion design reference page, character design sheet, or character turnaround board. The layout should be neat and well-organized, with clearly divided information sections, a realistic and premium visual quality, consistent lighting, and strict character consistency throughout.

On the left side of the composition, show the character’s full-body three-view turnaround, occupying the main visual area, including:
1. Front full-body standing pose
2. Left-side full-body standing pose
3. Back full-body standing pose

All three figures must be the exact same character, with identical facial features, hairstyle, clothing, body shape, and height proportions. The standing pose should feel natural, with both arms hanging naturally at the sides. This should be suitable as a character modeling reference. The camera angle should be eye level, with neutral studio lighting, no obstruction, no exaggerated perspective, and no complex background.

The right side of the composition should be divided into two sections:

In the upper-right section, place six headshot / head-angle reference images of the same character, arranged neatly to show different head perspectives, including:
- Front-facing portrait
- Slight downward angle showing the top of the head
- Back of the head / rear head view
- Left-side facial profile
- A near-side-angle comparison view (this line was slightly unclear in the source and may not be exact)
- 3/4 profile portrait

The head references should have clear facial features, visible hair parting, and consistent facial structure, making them suitable as head design references.

In the lower-right section, place six close-up detail images of the character, arranged into a clean grid, showing key design details, including:
- Close-up of the upper garment fabric texture
- Front close-up of the lower-body clothing
- Close-up of the hip / tailoring detail
- Close-up of the leg or skin texture detail
- Close-up of the eyes or facial feature details
- Full close-up of the shoes as a standalone item

All detail images must match the main character’s outfit and appearance exactly. Materials should look realistic, and the details should be clean and precise, suitable as clothing and accessory modeling references.

Overall style requirements:
Minimalist, professional, realistic, unified, clean, and premium, similar to a character design board, fashion design reference sheet, 3D character modeling reference page, or character turnaround presentation board. The character edges should be sharp, garment shapes should be clearly defined, hair strands should appear natural, skin should look refined, and material rendering should be accurate. The overall layout should have generous white space, as if it were made by a professional concept art team.

Character setup:
[Character appearance description]

Output requirements:
Landscape composition, white background, full character visible, no cropping, no extra props, no explanatory text, no logo, no watermark, no UI interface elements, no like/save buttons, and no social-media-screenshot appearance."
renoise-2038278369289101712,A woman in a music video raps the lyrics in Japanese:   ‘おっと ちょこまか登場だ  ここ生まれて…,,真人,现实向,音乐MV,,en,Seedance 2.0,,,renoise-ai/awesome-seedance-prompts,https://github.com/renoise-ai/awesome-seedance-prompts/blob/904b6caffa21c2b114bb93e1bd0e37ba80b3dd10/data/prompts/2038278369289101712.json,CC-BY-4.0,Josh,https://x.com/altphotos_pl/status/2038278369289101712,True,prompts/真人/现实向/音乐MV/renoise-2038278369289101712--A-woman-in-a-music-video-raps-the-lyrics.md,A woman in a music video raps the lyrics in Japanese:   ‘おっと ちょこまか登場だ  ここ生まれて 飛び出て 地球上だ  そんな時からわかってた  君と出会い 恋落ち 運命だ.’
renoise-2038282794686636227,"A stunning blonde DJ stands at the center of a vibrant disco, her fingers…",,真人,现实向,音乐MV,,en,Seedance 2.0,,,renoise-ai/awesome-seedance-prompts,https://github.com/renoise-ai/awesome-seedance-prompts/blob/904b6caffa21c2b114bb93e1bd0e37ba80b3dd10/data/prompts/2038282794686636227.json,CC-BY-4.0,Kaan Alper,https://x.com/kaan_alper/status/2038282794686636227,True,prompts/真人/现实向/音乐MV/renoise-2038282794686636227--A-stunning-blonde-DJ-stands-at-the-cente.md,"A stunning blonde DJ stands at the center of a vibrant disco, her fingers expertly mixing tracks as colorful lights pulse around her. The crowd behind her moves with electrifying energy, dancing wildly to the infectious beat that fills the room. The atmosphere is alive with excitement, as the music and flashing lights create an immersive party experience. Her confident smile reflects the joy and connection she shares with the audience. The scene captures the perfect harmony of music, movement, and celebration in a night full of unforgettable moments."
renoise-2038285542727487827,FORMAT: 15s / 128 BPM / ONE CONTINUOUS SHOT / camera accelerates between poses,,真人,现实向,时尚写真,,en,Seedance 2.0,,,renoise-ai/awesome-seedance-prompts,https://github.com/renoise-ai/awesome-seedance-prompts/blob/904b6caffa21c2b114bb93e1bd0e37ba80b3dd10/data/prompts/2038285542727487827.json,CC-BY-4.0,Aimi Kōda,https://x.com/aimikoda/status/2038285542727487827,True,prompts/真人/现实向/时尚写真/renoise-2038285542727487827--FORMAT-15s-128-BPM-ONE-CONTINUOUS-SHOT-c.md,"FORMAT: 15s / 128 BPM / ONE CONTINUOUS SHOT / camera accelerates between poses

SUBJECTS: @[image1], One blonde woman with soft waves, a pale satin nightgown, bare shoulders, and over-ear headphones marked ""koda"". Each pose lands like a selected contact sheet frame.

ENVIRONMENT: Minimal white cyclorama studio with hard strobe lighting, faint haze, glossy floor reflections, a satin sheet near frame edge, and scattered proof sheets.

MOOD: Cool, sensual, precise, and dreamlike.

COLOR LOGIC: Hyperreal Pop Look

TIMELINE:

0:00-0:01.5: MCU, centered symmetry. Pose 1, she faces forward with one hand touching the KODA headphones. Camera nearly still with a restrained push-in. 85mm, shallow depth. SFX: shutter click, satin whisper. Hard frontal flash.

0:01.5-0:03.0: Pose 2, she turns three-quarter and lifts her chin, then Pose 3, lowers her gaze with both hands resting at the headphones. Camera accelerates in a descending arc and brakes briefly on the eyes. 50mm to 35mm. SFX: headphone tap, fabric rustle, flash pops.

0:03.0-0:04.5: Pose 4, strict left-side profile, then Pose 5, shoulder rolled forward as the satin strap catches light. Camera whips past the cheek and settles close. 85mm to 100mm. SFX: breath, hair brush, strobe crack. Side light and rim flare.

0:04.5-0:06.0: Pose 6, she gathers a fold of the nightgown at the waist, then Pose 7, lets it fall while turning her mouth toward lens in an over-the-shoulder look. Camera dives to torso level and rises into a close facial pass, speeding up between pose locks. 50mm into 24mm. SFX: satin snap, fingertip glide, shutter chatter.

0:06.0-0:07.5: Pose 8, one knee lifts onto the satin sheet, then Pose 9, one bare foot extends toward lens and dominates foreground. Camera rockets low and forward, then hangs for a fraction on the foot. 20mm ultra wide. SFX: fabric drag, foot tap, flash burst.

0:07.5-0:09.0: Pose 10, she rises into a three-quarter stance, one hand at the collarbone, the other still touching the KODA headphones as the satin dress skims the thigh. Camera slides fast across the waistline and eases into a brief hold. 35mm with a short 85mm insert feel. SFX: satin brush, headphone creak, shutter ticks.

0:09.0-0:11.0: Without repeating, she folds inward, closes her eyes for a beat, then opens into a stretched upward pose with hair spilling back. Camera circles in a tight orbit, slow on each lock and fast through each transition. 50mm spherical. SFX: cloth slip, heel pivot, double shutter hit.

0:11.0-0:13.0: She twists into a back-shoulder silhouette, then turns just enough for the headphone band and neckline to catch the flash together. The camera skims from shoulder to jawline with a fast parallax sweep. 50mm to 85mm. SFX: hair slide, satin brush, flash crack.

0:13.0-0:15.0: Final hero evolution. The camera grazes the KODA logo, rides down the satin neckline, then arcs back as she lands in a dominant full-body pose looking down into lens. Acceleration peaks between details and resolves into a clean wide hold. 24mm to 35mm. SFX: plastic tick, satin whisper, final shutter barrage, room tone falling nearly silent. Hard white flash blooms off the cyc."
renoise-2038306457863512151,video 1: A breathtakingly beautiful 2D hand-drawn female warrior (waifu) with…,,漫剧,特效向,武侠打斗,绘画风,en,Seedance 2.0,,,renoise-ai/awesome-seedance-prompts,https://github.com/renoise-ai/awesome-seedance-prompts/blob/904b6caffa21c2b114bb93e1bd0e37ba80b3dd10/data/prompts/2038306457863512151.json,CC-BY-4.0,nachos2d,https://x.com/NACHOS2D_/status/2038306457863512151,True,prompts/漫剧/特效向/武侠打斗/renoise-2038306457863512151--video-1-A-breathtakingly-beautiful-2D-ha.md,"video 1: A breathtakingly beautiful 2D hand-drawn female warrior (waifu) with flowing hair and a detailed ceremonial battle outfit. She holds a legendary katana. Extreme 2D Sakuga quality, elegant thick-to-thin line art. [Action 1 - The Power Charge]: She slowly unsheathes her sword. As the blade is revealed, an explosive surge of divine energy erupts from her. Her hair and clothes defy gravity, floating upwards in a ""shattering space-time"" aura. Her expression is one of fierce, god-like determination: eyes glowing with intense internal light, teeth gritted, and veins slightly visible on her gripping hand. [Action 2 - The VFX Takeover]: The VFX consumes the entire frame. Spiraling plasma tendrils, crystalline flower petals made of light, and jagged electric arcs dance around her. The ground beneath her feet shatters into glowing floating debris. Use ""Impact Frames"" (flashes of inverted colors) to show the raw pressure of the energy. The air itself ripples and distorts (heat haze effect). [Action 3 - The Hypersonic Lunge]: Suddenly, she crouches and bursts toward the camera at impossible speed. Her form becomes a series of ""Smear Frames"" and light streaks. As she nears the lens, use ""Extreme Foreshortening""—her sword and hand look massive and detailed as they ""break"" the screen. The background blurs into horizontal speed lines. [Visual Style & Masterpiece Aesthetic]: Ufotable-level VFX composition. Blinding cinematic bloom, multi-layered lens flares, and ""sparkle"" particles. Intense ""KyoAni-style"" lighting with soft rim lights on her silhouette. Vibrant color palette (Deep purple, electric blue, and gold). High-end post-processing: chromatic aberration, motion blur, and a subtle filmic grain. [Animation Technique]: Pure 2D animation. High frame rate. ""Squash and stretch"" applied to her body during the launch. The transition from ""slow-motion charging"" to ""hypersonic speed"" is seamless and fluid. Every frame of her face remains stunningly beautiful even during the intense action."
renoise-2038307134987784429,Arab female university student with Middle Eastern features standing in a sunny…,,真人,现实向,剧情短片,,en,Seedance 2.0,,,renoise-ai/awesome-seedance-prompts,https://github.com/renoise-ai/awesome-seedance-prompts/blob/904b6caffa21c2b114bb93e1bd0e37ba80b3dd10/data/prompts/2038307134987784429.json,CC-BY-4.0,توليف,https://x.com/tawleefai/status/2038307134987784429,True,prompts/真人/现实向/剧情短片/renoise-2038307134987784429--Arab-female-university-student-with-Midd.md,"Arab female university student with Middle Eastern features standing in a sunny campus courtyard, holding a takeaway coffee cup, smiling and chatting happily with her female friends, vibrant warm morning light, colorful and lively atmosphere, cinematic composition, Apple-style minimalism"
renoise-2038319049386406386,"A colossal storm god towering above a coastal megacity, roughly 800 meters…",,真人,特效向,动作大片,,en,Seedance 2.0,,,renoise-ai/awesome-seedance-prompts,https://github.com/renoise-ai/awesome-seedance-prompts/blob/904b6caffa21c2b114bb93e1bd0e37ba80b3dd10/data/prompts/2038319049386406386.json,CC-BY-4.0,LudovicCreator,https://x.com/LudovicCreator/status/2038319049386406386,True,prompts/真人/特效向/动作大片/renoise-2038319049386406386--A-colossal-storm-god-towering-above-a-co.md,"A colossal storm god towering above a coastal megacity, roughly 800 meters tall, body composed of living storm matter — swirling thundercloud musculature, veins of blinding lightning branching through translucent vapor skin, eyes glowing with the pale blue core of a hurricane. Vast cyclonic halos rotate slowly around his shoulders like atmospheric rings — hook at second two: he raises one hand toward the sky and the entire cloud layer above the city begins rotating in response.

The atmosphere itself becomes a weaponized climate engine.

Pressure drops instantly across the metropolitan basin.

Storm systems accelerate as the god’s gesture pulls moisture, wind, and electrical charge into a single supercell directly over the skyline.

The destruction unfolds as a layered climate catastrophe: hurricane-force winds rip glass from skyscrapers, tornado funnels descend between towers, and lightning chains strike power grids across multiple districts simultaneously.

Rainfall intensifies beyond natural limits — entire streets flood within seconds as drainage systems fail.

Each movement of the storm god reconfigures the weather architecture.

When he steps forward, a pressure wave spreads outward through the city, flipping vehicles and collapsing cranes.

The gauntlet moves through the financial district progressively overwhelmed by climate violence: street level where floodwater surges through subway entrances → mid-rise buildings shredded by horizontal wind shear → rooftop battles as communication towers become lightning rods.

Helicopters spiral out of control in the turbulent air.

Entire glass towers implode as microbursts hammer their upper floors.

Chase-cam through the urban canyon while hurricane winds form rotating debris vortexes between skyscrapers.

Velocity ramp at the moment the storm god slams both hands downward — triggering a simultaneous lightning storm across the entire grid while three tornado funnels merge into a single massive vortex that tears through downtown.

Cut to aerial: the megacity now sits inside a rotating superstorm visible from the stratosphere.

Floodwater forms new inland rivers while the skyline burns under continuous lightning strikes.

The storm god stands at the eye of the cyclone, calm inside the atmospheric engine he has created.

Diegetic illumination from branching lightning across storm clouds and glass fragments, volumetric rain sheets and wind-driven debris fields, cinematic hurricane turbulence simulation, ultra-detailed water and atmospheric physics, 4K."
renoise-2038320364778848295,"Extreme speed continuous spiral camera shot, starting ground level at the…",,其他,,风景空镜,,en,Seedance 2.0,,,renoise-ai/awesome-seedance-prompts,https://github.com/renoise-ai/awesome-seedance-prompts/blob/904b6caffa21c2b114bb93e1bd0e37ba80b3dd10/data/prompts/2038320364778848295.json,CC-BY-4.0,ibexdream,https://x.com/ibexdream/status/2038320364778848295,True,prompts/其他/风景空镜/renoise-2038320364778848295--Extreme-speed-continuous-spiral-camera-s.md,"Extreme speed continuous spiral camera shot, starting ground level at the prehistoric cave base, rocketing upward through every civilization tier of a towering layered structure. One unbroken hyperspeed drift move. No cuts, Pure kinetic momentum."
renoise-2038353882510999571,Show me who lives inside this {building} and what they do inside.,,其他,,风景空镜,,en,Seedance 2.0,,,renoise-ai/awesome-seedance-prompts,https://github.com/renoise-ai/awesome-seedance-prompts/blob/904b6caffa21c2b114bb93e1bd0e37ba80b3dd10/data/prompts/2038353882510999571.json,CC-BY-4.0,Framer 🇱🇹,https://x.com/Framer_X/status/2038353882510999571,True,prompts/其他/风景空镜/renoise-2038353882510999571--Show-me-who-lives-inside-this-building-a.md,Show me who lives inside this {building} and what they do inside.
renoise-2038409032386625856,A high-fidelity 3D CG animation of a futuristic female warrior undergoing a…,,漫剧,特效向,科幻机甲,3D卡通,en,Seedance 2.0,,,renoise-ai/awesome-seedance-prompts,https://github.com/renoise-ai/awesome-seedance-prompts/blob/904b6caffa21c2b114bb93e1bd0e37ba80b3dd10/data/prompts/2038409032386625856.json,CC-BY-4.0,Gem Alpha,https://x.com/Gemalpha_88/status/2038409032386625856,True,prompts/漫剧/特效向/科幻机甲/renoise-2038409032386625856--A-high-fidelity-3D-CG-animation-of-a-fut.md,"A high-fidelity 3D CG animation of a futuristic female warrior undergoing a mecha-organic transformation. The scene starts with a close-up of liquid metal (deep crimson and chrome) crawling up her legs to form sharp, high-heeled armor. The camera pans up to her face—she has elf-like ears and a defiant expression—as a mechanical visor snaps into place. Finally, a massive, multi-segmented robotic tail and blade-like wings deploy from her back with hydraulic sounds and sparks. Cinematic lighting, dark industrial ruins background, hyper-realistic textures, 8k resolution, fluid 60fps movement."
renoise-2038426659255414913,A stunning young Japanese female guitarist with long dark hair tied in pigtails…,,真人,现实向,音乐MV,,ja,Seedance 2.0,,,renoise-ai/awesome-seedance-prompts,https://github.com/renoise-ai/awesome-seedance-prompts/blob/904b6caffa21c2b114bb93e1bd0e37ba80b3dd10/data/prompts/2038426659255414913.json,CC-BY-4.0,Photogenic Weekend,https://x.com/PhotogenicWeekE/status/2038426659255414913,True,prompts/真人/现实向/音乐MV/renoise-2038426659255414913--A-stunning-young-Japanese-female-guitari.md,"A stunning young Japanese female guitarist with long dark hair tied in pigtails with pink ribbons like @Image1 shreds a high-speed, flashy electric guitar solo on a massive concert stage - she is wearing a black glittery cropped jacket over a white corset top and a pink pleated skirt, her fingers blurring across the fretboard while she leans back in an intense power stance - low-angle dynamic orbital shot circling the performer, bright magenta and cyan stage lights cut through a haze of dry ice, the background is filled with a sea of glowing light sticks held by a cheering crowd - she yells ""Are you ready?!"" into a head-worn mic, the audio features a fast-paced, melodic heavy metal guitar solo accompanied by the thunderous roar of a stadium audience. no stand mic."
renoise-2038479933979464055,"Stylized 3D animation with exaggerated proportions, sharp martial-arts-inspired…",,漫剧,特效向,武侠打斗,3D卡通,en,Seedance 2.0,,,renoise-ai/awesome-seedance-prompts,https://github.com/renoise-ai/awesome-seedance-prompts/blob/904b6caffa21c2b114bb93e1bd0e37ba80b3dd10/data/prompts/2038479933979464055.json,CC-BY-4.0,Aleena Amir,https://x.com/aleenaamiir/status/2038479933979464055,True,prompts/漫剧/特效向/武侠打斗/renoise-2038479933979464055--Stylized-3D-animation-with-exaggerated-p.md,"Stylized 3D animation with exaggerated proportions, sharp martial-arts-inspired choreography, and controlled, rhythmic energy.

CHARACTERS

- Barber: Lean build, slicked-back hair, sharp cheekbones, thin mustache. Wears a black fitted vest over a white rolled-sleeve shirt. A leather tool belt sits at the waist like a weapon holster. Movements follow a precise rhythm: pause → burst → lock. Calm, dominant, fully in control.
- Client: Large, soft build. Long, messy hair past shoulders, sticking out in all directions. Thick tangled beard covering most of his face. Wears a wrinkled flannel shirt. Sits still, gripping armrests—only his eyes move, tracking the barber with growing fear.

ENVIRONMENT
Classic barbershop. Chair centered. Mirror wall reflecting every action. Warm overhead lighting. Steam drifting from hot towels. Chrome tools catching highlights. Hair piles build up on the floor with each cut.

MOOD
Aggressive precision. Barber = total control. Client = nervous, overwhelmed.

TIMELINE

0:00–0:02 (Close-up)
Client sits with wild hair and heavy beard. Barber pulls scissors from holster, spins them on his finger, snaps them toward camera. Cape whips through air and lands perfectly. Client’s eyes widen.

0:02–0:05 (Mirror medium shot)
Scissors move fast and sharp—cutting only hair. Long locks fall in slow motion. Ears and neck gradually revealed. Comb spins between fingers like nunchucks. Hair transforms into short clean sides with a textured top. Beard untouched. Client grips chair tighter.

0:05–0:08 (Tracking shot)
Scissors return to holster. Straight razor flicks open. Beard shaving begins—clean, precise strokes across jaw and cheeks. Beard disappears in strips. Jawline, chin, and neck revealed. Client shuts eyes tight. Barber finishes with a sharp blow—foam scatters.

0:08–0:11
Hot towel tossed, spins mid-air, lands perfectly on lower face. Brief pause. Barber rips it off in one motion. Smooth skin revealed. Client blinks, slowly touching his jaw in disbelief.

0:11-0:13
Final styling. Pomade applied with controlled strokes. Hair shaped into a clean slick style. Talc brush hits neck—powder cloud glows in backlight. Cape snapped off instantly.

0:13–0:15
Chair spins and stops facing mirror.

FINAL REVEAL
Reflection shows a completely transformed man – clean-shaven, sharp jawline, styled hair with a clean fade. Client touches his face with both hands, shocked. Barber stands behind, arms crossed. Spins scissors once, snaps them shut, holsters them. One confident nod."
renoise-2038528017878634710,setting:,,真人,特效向,武侠打斗,,en,Seedance 2.0,,,renoise-ai/awesome-seedance-prompts,https://github.com/renoise-ai/awesome-seedance-prompts/blob/904b6caffa21c2b114bb93e1bd0e37ba80b3dd10/data/prompts/2038528017878634710.json,CC-BY-4.0,Emily,https://x.com/IamEmily2050/status/2038528017878634710,True,prompts/真人/特效向/武侠打斗/renoise-2038528017878634710--setting.md,"setting:
    location: Ancient 'World Martial Arts Tournament' arena [@ Image 2]
    details: Clear stone platform textures, intricate Chinese guardian beast carvings, detailed ancient architecture
    audio_style: Shaw Brothers classic kung fu cinema soundtrack
  action_sequence:
    participants: [@ Image 1] vs [@ Image 3], both unarmed/bare-handed
    choreography:
      opening: [@ Image 1] moves like lightning with sharp energy-infused strikes; [@ Image 3] parries using fluid Tai Chi grandmaster techniques to neutralize the onslaught.
      climax: [@ Image 1] lunges for a tail-whip ambush; [@ Image 3] counters with a powerful qi-palmed strike. [@ Image 1] dodges with ghost-like agility.
      finisher: [@ Image 1] fires a Kamehameha at the chest; [@ Image 3] tanks the hit with a qi-shield and counters with a full-force palm strike, knocking [@ Image 1] off the ring.
  cinematography:
    camera: 360-degree orbital wrap-around shots, capturing every martial arts exchange
    lighting: Dynamic lighting shifts synced with combat intensity to create a tense atmosphere
    visual_style: Cinematic photorealism, 8K resolution, film-like texture
  technical_quality:
    standard: Low AI signature, no excessive skin smoothing, natural fluid motion
    negative_constraints: No deformed limbs, no extra/missing fingers, no clipping, no blurring, no low resolution, no cluttered backgrounds, no color banding"
renoise-2040810610183536961,"Live-action, 10s cinematic continuous oner, high-FPS, hyper-real dark American…",,真人,特效向,动作大片,,en,Seedance 2.0,,,renoise-ai/awesome-seedance-prompts,https://github.com/renoise-ai/awesome-seedance-prompts/blob/904b6caffa21c2b114bb93e1bd0e37ba80b3dd10/data/prompts/2040810610183536961.json,CC-BY-4.0,Mr.Iancu,https://x.com/Iancu_ai/status/2040810610183536961,True,"prompts/真人/特效向/动作大片/renoise-2040810610183536961--Live-action,-10s-cinematic-continuous-on.md","Live-action, 10s cinematic continuous oner, high-FPS, hyper-real dark American wasteland sci-fi horror. Protagonist (Ref 1): Radiation-mutated extreme speed/strength. Acceleration leaves heavy motion blur & cyan afterimages.
Environment: Abandoned ancient high-rises, exposed brick, cracked walls, rusted catwalks. Hyper-real textures: peeling walls, twisted metal, shattered Buddha statues, mutant vines. Dimly lit by moonlight + malfunctioning neon, wet fog, extreme high-altitude vertigo.
 Enemies: Mutant ""Trackers."" Humanoid, pale necrotic skin, excessively long limbs crawling with reverse joints, heads split into petal-like razor teeth, fast & silent.
 0–1.5s: Escape parkour through skeletal high-rises. Cyan energy trail. Trackers chase, clawing the sleeve. Low-angle wide distortion tracking.
1.5–3s: Anti-gravity parabolic leap across abyss. Mid-air twist dodging a lunging mutant. Hitchcock zoom.
3–4.5s: Wall-climbing directional shifts. Sliding dodge under ambush. Cornered in collapsed dead-end. Handheld micro-shake, Dutch angle + vignette.
 4.5–5s: Awakening. Eyes snap burning crimson. Veins bulge. Magnetic tracking ECU on eyes.
 5–8s: Burst speed. Cyan sword-finger slash launches the front mutant. Spiral spin kick clears flanks. Tornado orbit cam, 120fps slow-mo impact.
 8–10s: Heavy strike on Alpha tracker, shockwave shatters wall behind. Final freeze frame: messy hair, feral crimson eyes.
Low saturation cold grey + amber accent, physics-based fluid motion. Negative: Low quality, stutter, face/body collapse, over-bright, excessive gore, stiff motion, watermark, T-pose, bright palette, flashy VFX, rigid camera, lack of speed/blur, weak kills."
renoise-2042205043282325824,"15-second action-comedy short, polished cinematic realism with calm spiritual…",,真人,特效向,动作大片,,en,Seedance 2.0,,,renoise-ai/awesome-seedance-prompts,https://github.com/renoise-ai/awesome-seedance-prompts/blob/904b6caffa21c2b114bb93e1bd0e37ba80b3dd10/data/prompts/2042205043282325824.json,CC-BY-4.0,Pan,https://x.com/sebatheepan/status/2042205043282325824,True,"prompts/真人/特效向/动作大片/renoise-2042205043282325824--15-second-action-comedy-short,-polished.md","15-second action-comedy short, polished cinematic realism with calm spiritual contrast. Same subject throughout: a serene monk in flowing saffron robes riding a skateboard through a giant temple courtyard. 0–3s: he stands motionless on the board as incense smoke drifts around him. 3–6s: he suddenly pushes off and glides down stone steps with impossible balance. 6–10s: he weaves through prayer wheels, lantern poles, and pigeons without disturbing his peaceful expression. 10–15s: he lands a flawless spinning trick, steps off gently, and bows as the skateboard rolls back to his feet."
renoise-2042241934924648907,"Core Concept: A relentless, unbroken walking stride toward a backward-tracking…",,真人,现实向,时尚写真,,en,Seedance 2.0,,,renoise-ai/awesome-seedance-prompts,https://github.com/renoise-ai/awesome-seedance-prompts/blob/904b6caffa21c2b114bb93e1bd0e37ba80b3dd10/data/prompts/2042241934924648907.json,CC-BY-4.0,Kiber Alla,https://x.com/Kiber_Alla/status/2042241934924648907,True,"prompts/真人/现实向/时尚写真/renoise-2042241934924648907--Core-Concept-A-relentless,-unbroken-walk.md","Core Concept: A relentless, unbroken walking stride toward a backward-tracking camera. The character is seamlessly teleported across radically different global locations using foreground object wipes (match-cuts). The walking rhythm must perfectly sync with a heavy, confident beat and never stop until the finale.
Visual Rhythm & Camera Rule: The camera must track backward at the exact speed of the character's walk, keeping her perfectly centered in the frame. The scale and framing of her body (medium shot) must remain mathematically identical across all cuts to sell the illusion. Universal Rule: A young woman must appear in all scenes to ensure perfect visual continuity. Strictly use ""The same Character"" lock.
Total Duration: 10.0 seconds. Timeline & Scene-by-Scene Breakdown:

Scene 1: The Urban Start (00:00 - 00:02.0 | Duration: 2.0 sec)
Location: Gritty, modern city street, daytime.
Action: The same Character (wearing edgy, layered streetwear) is aggressively strutting directly toward the camera. She is smiling confidently.
Transition (The Bus Wipe): A large city bus drives rapidly across the foreground (between her and the camera), completely filling the screen and blocking her from view for a split second.

Scene 2: The Desert Highway (00:02.0 - 00:04.0)
Location: Sun-baked, cracked asphalt desert highway.
Wardrobe: High-fashion bohemian desert couture.
Transition (The Pillar Wipe): The camera tracks directly behind a massive concrete overpass pillar, wiping the screen from right to left in the extreme foreground.

Scene 3: The Tropical Jungle (00:04.0 - 00:06.0)
Location: Dense, lush tropical jungle with sunlight filtering through leaves.
Action: Emerging from behind the pillar, she continues her stride.
Wardrobe: Vibrant, emerald green silk tropical wear.
Transition (The Palm Leaf Wipe): A massive, broad palm leaf sweeps across the EXTREME FOREGROUND, brushing the lens and completely blocking the view.

Scene 4: The Subway Car (00:06.0 - 00:08.0 | Duration: 2.0 sec)
Location: A flickering, moving subway car.
Action: She emerges from the pillar's shadow, continuing her relentless march down the center aisle of the train.
Wardrobe Change: Instantly wearing sleek, dark cyberpunk or grunge leather attire.
Transition (The Pigeon Wipe): A surreal, massive flock of pigeons suddenly takes flight from the subway floor, fluttering directly into the camera lens. Feathers and motion blur completely obscure the screen.

Scene 5: The Snowy Mountain (00:08.0 - 00:10.0 | Duration: 2.0 sec)
Location: Freezing, wind-swept snowy mountain peak.
Action: She emerges through the clearing bird flock. She is kicking up snow as she marches forward, entirely unbothered by the cold.
Wardrobe Change: Avant-garde winter couture (e.g., an oversized metallic puffer jacket and mirrored snow visor).
Transition (The VIP Wipe): A bodyguard in a black suit walks horizontally across the extreme foreground, his broad black suit jacket wiping the lens.

Scene 6: The Red Carpet Finale (00:10.0 - 00:12.0 | Duration: 2.0 sec)
Location: A glamorous VIP red carpet event at night, surrounded by flashing lights.
Action: She emerges from behind the bodyguard's wipe. For the first time, she stops her relentless walk. She plants her feet, strikes a powerful, dominant pose, and smiles confidently into the lens.
Wardrobe Change: A stunning, glittering haute couture evening gown.
The Finale: A paparazzo's camera flashes directly into the lens. The screen instantly blows out to pure, blinding white, cutting the video to a stark end."
renoise-2042487586057252995,"Cinematic 8K sequence, hyper-realistic, directed by Luc Besson. A high-speed…",,真人,特效向,科幻,,en,Seedance 2.0,,,renoise-ai/awesome-seedance-prompts,https://github.com/renoise-ai/awesome-seedance-prompts/blob/904b6caffa21c2b114bb93e1bd0e37ba80b3dd10/data/prompts/2042487586057252995.json,CC-BY-4.0,Yaseen Khan Gul,https://x.com/YaseenK7212/status/2042487586057252995,True,"prompts/真人/特效向/科幻/renoise-2042487586057252995--Cinematic-8K-sequence,-hyper-realistic,.md","Cinematic 8K sequence, hyper-realistic, directed by Luc Besson. A high-speed tracking camera rapidly orbits a young Asian woman with a sharp, asymmetrical short black bob as she spins. Her expression is stoic, her eyes dilated with a cold, hyper-aware intelligence. She is initially wearing a long, flowing white matte-silk dress. At the apex of her spin, time aggressively dilates into ultra-slow motion. The dress violently disintegrates, not into magic, but into millions of microscopic crystalline structures and stark black molecular shards, resembling advanced cellular breakdown.

These iridescent and obsidian fragments spiral around her body in a localized gravitational anomaly, creating a dazzling, mathematically precise vortex. As her boots hit the asphalt with heavy, grounded realism, a concussive, volumetric shockwave of concrete dust and debris blasts outward in a perfect circle. In a seamless, visceral transition, the molecular fragments snap and bond rapidly to her body—resembling 3D-printed organic matter. They instantly fuse to form a heavily textured, worn cyberpunk leather jacket and a neon-threaded, glowing pleated skirt.

The precise moments each zipper, leather grain, and glowing fiber locks into place are captured in macro-detail slow motion. Stark, clinical, high-contrast lighting creates deep shadows, emphasizing the gritty texture of the environment against the blinding sci-fi elements. Dynamic visual rhythm, raw physical transformation, rebellious aesthetic, photorealistic."
renoise-2042777514129735837,"Stylized 3D animation with exaggerated cartoon proportions, fluid slapstick…",,漫剧,特效向,奇幻冒险,3D卡通,en,Seedance 2.0,,,renoise-ai/awesome-seedance-prompts,https://github.com/renoise-ai/awesome-seedance-prompts/blob/904b6caffa21c2b114bb93e1bd0e37ba80b3dd10/data/prompts/2042777514129735837.json,CC-BY-4.0,The Anxious Mind,https://x.com/drjoetw/status/2042777514129735837,True,prompts/漫剧/特效向/奇幻冒险/renoise-2042777514129735837--Stylized-3D-animation-with-exaggerated-c.md,"Stylized 3D animation with exaggerated cartoon proportions, fluid slapstick motion, and highly rhythmic, cinematic barber-shop choreography.

CHARACTERS
Orange Cat: A shy, slightly hunched orange cat wearing torn, dirty homeless-style clothes. His fur is messy, especially a head full of wild, tangled gray curls that spring outward like springs. He moves cautiously, paws close to his chest, eyes darting nervously but carrying a quiet longing to change.
Hyena Barber: Tall, stylish hyena with a sharp grin and confident posture. Wears a shimmering black suit covered in subtle diamond-like sparkles. His movements are theatrical and precise—like a stage magician fused with a master stylist. Every action is elegant, fast, and intentional.

ENVIRONMENT
A high-end surreal barbershop filled with glossy black-and-gold mirrors, floating hair strands like dust in light beams, and metallic barber tools arranged like luxury artifacts. Chairs rotate smoothly. Warm cinematic lighting with reflective highlights enhances every motion.

MOOD
Transformation through precision. From insecurity and hesitation → to confidence, charm, and quiet joy.

TIMELINE
0:00–0:02 (Entrance): The orange cat slowly steps into the shop, clutching his worn clothes. His messy gray curls bounce wildly. The hyena barber notices him instantly, smiling with confident assurance.

0:02–0:04 (Style selection): The hyena flicks out a set of hairstyle cards like a magician, fanning them smoothly. Each card shows sleek, stylish men’s looks. The orange cat hesitates, then nods shyly.

0:04–0:05 (Preparation): The hyena gracefully drapes a clean barber cape over the orange cat. The chair rotates slightly as the cat sits stiffly, eyes forward.

0:05–0:11 (Main haircut sequence – core focus):
An extended, highly choreographed cutting sequence entirely focused on transforming the orange cat’s messy gray curls into a progressively stylish haircut.

Scissors move in rhythmic arcs, slicing through thick curls.
Clumps of gray hair float away like soft clouds.
Combs lift and guide sections with surgical precision.
The hairstyle visibly evolves step-by-step: chaotic → controlled → structured → stylish.
The sides become clean and tapered, the top gains shape and volume.
The orange cat’s expression shifts subtly—nervous → curious → quietly hopeful.

0:11–0:13 (Final refinement):
The hyena slows into delicate, master-level detailing—tiny snips, careful layering, smoothing every strand. A brush glides across the orange cat’s head, aligning the final silhouette. A subtle shine effect reveals a clean, modern, handsome hairstyle.

0:13–0:14 (Mirror reveal):
The chair turns toward the large mirror. The orange cat freezes—eyes widening as he sees his transformed reflection. His posture straightens, confidence emerging.

0:14–0:15 (Aftermath – outside):
Cut to exterior street. The orange cat now walks with light, confident steps. As he passes by, several elegant white cat ladies in beautiful colorful dresses turn their heads to look at him repeatedly, clearly impressed. The orange cat smiles brightly, chest slightly lifted, enjoying the attention.

Ultra-detailed 3D animation, cinematic lighting, smooth expressive motion, exaggerated cartoon emotion, transformation-focused storytelling, high-quality rendering, vibrant colors, 4K."
renoise-2042963904578621810,A young boy in a blue hoodie touches a glowing blue crystal in a dark cave…,,真人,特效向,超现实创意,,en,Seedance 2.0,,,renoise-ai/awesome-seedance-prompts,https://github.com/renoise-ai/awesome-seedance-prompts/blob/904b6caffa21c2b114bb93e1bd0e37ba80b3dd10/data/prompts/2042963904578621810.json,CC-BY-4.0,Gem Alpha,https://x.com/Gemalpha_88/status/2042963904578621810,True,prompts/真人/特效向/超现实创意/renoise-2042963904578621810--A-young-boy-in-a-blue-hoodie-touches-a-g.md,"A young boy in a blue hoodie touches a glowing blue crystal in a dark cave. Intense blue light explodes from the crystal, engulfing the boy. In a seamless transition, the light fades to reveal the boy has transformed into a tall superhero in a red and blue armored suit with a flowing cape. Cinematic lighting, 4K, high detail."
renoise-2043079199024648316,"An adrenaline-filled, fast-moving live-action commercial with energetic parkour…",,其他,,广告带货,,en,Seedance 2.0,,,renoise-ai/awesome-seedance-prompts,https://github.com/renoise-ai/awesome-seedance-prompts/blob/904b6caffa21c2b114bb93e1bd0e37ba80b3dd10/data/prompts/2043079199024648316.json,CC-BY-4.0,el.cine,https://x.com/EHuanglu/status/2043079199024648316,True,"prompts/其他/广告带货/renoise-2043079199024648316--An-adrenaline-filled,-fast-moving-live-a.md","An adrenaline-filled, fast-moving live-action commercial with energetic parkour movements.

0-3s (The Drop): A sudden, fast-falling perspective shot looking down the side of a concrete staircase. The blonde woman vaults over the railing, dropping gracefully into the frame.

3-6s (Impact & Branding): Low-angle close-up. Her sneakers hit the ground with immense power. The camera executes a fast snap-pan to the side of the shoe, clearly showing a rugged, embossed ""el.cine"" logo on the heel.

6-9s (Continuous Flow): A continuous, fast-paced tracking shot runs alongside her as she swiftly navigates urban obstacles—leaping over benches and sliding under barriers. The camera captures the fluid, realistic motion of her body and the flexibility of the footwear.

9-12s (The Vault): She performs a powerful vault toward the camera. Time slows down dramatically mid-vault. The camera orbits 180 degrees, keeping the intricate design of the bottom sole and the side logo in center focus against the bright blue sky.

12-15s (End Graphic): Real-time resumes as she lands cleanly. A quick whip-pan transitions the scene into a solid background where the bold text appears: ""designed by el.cine"""
renoise-2043188961775063214,15-second cinematic Japanese drama pure love ambiguous short film…,,真人,现实向,甜宠恋爱,,en,Seedance 2.0,,,renoise-ai/awesome-seedance-prompts,https://github.com/renoise-ai/awesome-seedance-prompts/blob/904b6caffa21c2b114bb93e1bd0e37ba80b3dd10/data/prompts/2043188961775063214.json,CC-BY-4.0,aditii,https://x.com/aditiitwt/status/2043188961775063214,True,prompts/真人/现实向/甜宠恋爱/renoise-2043188961775063214--15-second-cinematic-Japanese-drama-pure.md,"15-second cinematic Japanese drama pure love ambiguous short film, ultra-realistic photorealistic quality. Afternoon empty classroom bathed in warm golden sunlight streaming through Venetian blinds onto rows of old wooden desks. Delicate dust particles drift slowly in the light beams. Extremely natural micro-movements, breathing, and eye contact tension. Characters maintain perfect facial consistency, clothing, and hairstyle throughout
no deformation, no drifting, no artifacts. Subtle realistic chest rises and falls synchronized with breathing. Shallow depth of field with creamy bokeh background, warm film grain, razor-sharp 8K. Japanese youth-style restrained, heart-fluttering, almost suffocating romantic atmosphere.0-4 seconds: Extremely slow push-in shot from medium desk view to side-profile close-up of the two students sitting side by side. Pure and innocent girl in summer school uniform, head slightly lowered as she focuses on writing notes. Long black hair with soft strands gently lifted by a breeze near her ear. Long eyelashes casting delicate shadows. Naturally flushed, soft skin. Corners of her mouth unconsciously curve upward in quiet concentration. Light, even breathing.4-9 seconds: Cut to the boy in close-up. School uniform collar slightly loosened, elbow on the desk, secretly turning his head to gaze at her. Eyes full of gentle, restrained affection and tenderness. Pupils slightly dilated. Adam’s apple bobs softly. Suddenly noticing her pen pause, he panics and quickly turns back to pretend to look at his own notes. Ear tips flush with a faint red. Fingertips tremble slightly as he grips the pen. Occasionally steals a glance at her from under his bangs. Breathing becomes slightly unsteady, lips pressed tightly as he tries to stay calm.9-15 seconds: Extreme dual close-up of both faces in the same frame, slow-motion. Their eyes suddenly meet. The girl slowly turns her head, first with a hazy, surprised expression, then quickly lowers her gaze in embarrassment for 0.3 seconds, gently biting her lower lip. Cheeks and earlobes instantly bloom with cherry-blossom pink. Moist eyelashes timidly lift as she looks back at him. At the same time, she shyly whispers in a soft voice, “……What are you looking at?” The boy freezes completely, pupils dilating, stunned for 0.4 seconds, then stammers in a flustered whisper, “N… nothing.” The girl bites her lip again, steals another glance at him, and whispers even softer, “……You’re lying.” The boy pauses, then lets out a gentle sigh and replies tenderly, “……Just looking at you.” His mouth slowly curves into a shy, gentle, lopsided smile. Fine smile lines appear at the corners of his eyes. Breathing noticeably deeper.  An invisible electric current seems to crackle between their faces, pulling them together with thick, ambiguous tension. They share each other’s breath and warmth. The background completely melts into layered creamy dreamlike light spots and a warm glowing haze filled with floating fine particles.Lip sync is perfectly natural and precise. Emotional micro-expressions and breathing are synchronized. Dialogue delivered in low-energy, shy whispers with natural pauses of 200 - 400 milliseconds. Mouths move only when speaking
no exaggeration, no robotic feel, perfectly natural lip-sync with authentic emotion.Overall audio: Distant summer cicada sounds faintly in the background, soft scratching of pen on paper, almost inaudible low-frequency heartbeats from both, and finally a gentle fade-in of airy piano. Dialogue is completely natural whispered lines embedded in the scene. Girl’s voice is soft, sweet, and shy. Boy’s voice shifts from panicked stuttering to gentle warmth.Throughout the entire clip, characters remain fully consistent in identity. Realistic subtle head tilts, eye movements, and synchronized breathing. No text, watermarks, or subtitles. Pure Japanese teenage secret crush, heart-fluttering suspense."
renoise-2043289074300277196,Each frame is independently generated for clothing. Do not maintain outfit…,,真人,现实向,时尚写真,,en,Seedance 2.0,,,renoise-ai/awesome-seedance-prompts,https://github.com/renoise-ai/awesome-seedance-prompts/blob/904b6caffa21c2b114bb93e1bd0e37ba80b3dd10/data/prompts/2043289074300277196.json,CC-BY-4.0,madpencil_,https://x.com/madpencil_/status/2043289074300277196,True,prompts/真人/现实向/时尚写真/renoise-2043289074300277196--Each-frame-is-independently-generated-fo.md,"Each frame is independently generated for clothing. Do not maintain outfit continuity between frames.

Ultra-realistic 4K cinematic video, 15s, 24fps.

CRITICAL: Lock identity — same female face in all frames (buzz cut, freckles, light eyes, same facial structure).
Do NOT change face, skin tone, or ethnicity. No face morphing, no identity drift.

A young woman walks toward the camera at normal speed, always facing forward, smooth backward tracking shot, subject centered.

Background morphs EXTREMELY FAST (every frame) through:
tropical beach → USA city streets → Shibuya Tokyo → European streets → Middle Eastern streets → suburban USA street (final).

Clothing changes EVERY FRAME from frame 1 (NO repetition, NO continuity, NO blending). Extreme flicker/strobe.

Outfits: WESTERN / GLOBAL MODERN ONLY (no Indian/traditional attire).
Include:
- streetwear (hoodies, baggy jeans, sneakers)
- hip-hop fashion (oversized fits, caps, layers)
- traveler outfits (jackets, boots, scarves)
- casual denim, athleisure, minimalist fashion
- modern modest wear (non-traditional)

No revealing clothing.

Enforce: per-frame outfit reset, disable temporal smoothing for clothing.

Subject remains perfectly stable; only clothes and background change.

END: tight close-up, she leans slightly forward smiling, wearing a black oversized hoodie and a dark baseball cap (like reference), suburban USA street, natural daylight, stable last 1–2 seconds."
renoise-2043955961753178165,Seedance V2,,漫剧,特效向,战斗大招,绘画风,en,Seedance 2.0,,,renoise-ai/awesome-seedance-prompts,https://github.com/renoise-ai/awesome-seedance-prompts/blob/904b6caffa21c2b114bb93e1bd0e37ba80b3dd10/data/prompts/2043955961753178165.json,CC-BY-4.0,Emily,https://x.com/IamEmily2050/status/2043955961753178165,True,prompts/漫剧/特效向/战斗大招/renoise-2043955961753178165--Seedance-V2.md,"Seedance V2
This used to take people month of study and practice on Adobe Flash, now it can be done with Seedance V2, not perfect but this is the worst it will be.

15 seconds, stylized 2D hand-drawn animation, overhead battlefield on aged yellow lined notebook paper, clear blue horizontal ruled lines and a red left margin line always visible, fine paper grain, pencil marks, ink strokes, minimal classroom-material aesthetic at the start. The entire video must preserve the same paper world from start to finish. No live action, no 3D rendering, no realistic human faces, no modern objects, no narration, no subtitles.

Core concept:
A childish classroom doodle of an ancient war gradually transforms into a legendary illustrated battlefield, then collapses back into scribbles after the climax. The escalation must feel smooth, intentional, and visually magical, as if imagination is taking over the page.

Army design:
Two opposing ancient armies drawn first as simple colored stick figures, one faction in red, one faction in blue. Dense infantry blocks with spears and swords, cavalry units with long lances, banner carriers, archers. At first they are crude doodles with simple line limbs and circular heads. As the battle intensifies, they evolve step by step into more detailed inked warriors with clearer armor silhouettes, horses, weapons, helmets, capes, and expressive movement, but still remain inside a hand-drawn 2D illustrated style on paper.

Visual progression and timing:
0-3 seconds:
Wide top-down view of a large notebook-paper battlefield. Rough stick-figure armies face each other across the page. The drawing feels playful and simple at first. The camera slowly glides forward over the paper as both sides begin charging. Tiny horses gallop, infantry rushes, arrows are sketched into existence and start falling. Everything still looks like rough schoolbook doodles.

3-7 seconds:
The first major collision. Spears thrust, swords swing, cavalry crashes into cavalry, formations break apart. With each impact, the art style upgrades. Simple stick limbs become stronger ink lines, bodies gain armor shapes, horses gain muscular form, banners gain flowing detail, shadows and dust marks appear. The battlefield becomes denser, faster, more dramatic. Red and blue strokes smear across the page with the force of combat.

7-11 seconds:
The battle reaches full transformation. The once-crude doodles are now a glorious hand-illustrated ancient war scene, still clearly drawn on notebook paper but far more detailed and cinematic. The camera pushes into a central duel between two opposing generals on horseback. Their weapons clash with a powerful burst of ink lines and paper tremor. Around them, infantry and cavalry continue fighting in layered motion, arrows rain down, fallen soldiers scatter across the ruled lines.

11-15 seconds:
At the peak of the duel, one final strike lands. A shockwave ripples through the page. The detailed warriors, horses, banners, and battle effects suddenly break apart into loose pencil scribbles, sketch fragments, and drifting paper-line debris. The great war rapidly collapses back into childish rough doodles, then into scattered marks and unfinished lines, as if the imagination has burned out. End on the overhead notebook page with the battlefield reduced to messy hand-drawn remnants.

Animation and motion:
Smooth fluid motion, strong timing, readable silhouettes, at least 24fps feel. The escalation from crude doodle to epic illustrated warfare must be gradual and continuous, not abrupt. Impacts should feel sharp and rhythmic. Keep all action legible from overhead. Maintain strong contrast between the innocent notebook-paper setting and the seriousness of the war.

Atmosphere:
Starts playful and curious, grows intense and heroic, peaks as a mythic battlefield, then ends with a strange quiet after the collapse. The whole piece should feel like a child’s imagination turning into an epic war vision on paper."
renoise-2044175297281470969,lecture by the teacher in @image1 speaks the given @audio1,,真人,现实向,剧情短片,,en,Seedance 2.0,,,renoise-ai/awesome-seedance-prompts,https://github.com/renoise-ai/awesome-seedance-prompts/blob/904b6caffa21c2b114bb93e1bd0e37ba80b3dd10/data/prompts/2044175297281470969.json,CC-BY-4.0,ink404,https://x.com/sumi404_ai/status/2044175297281470969,True,prompts/真人/现实向/剧情短片/renoise-2044175297281470969--lecture-by-the-teacher-in-image1-speaks.md,lecture by the teacher in @image1 speaks the given @audio1
renoise-2044344729849024827,Single continuous 15-second shot set inside a thunderous sandstorm. Audio…,,真人,特效向,动作大片,,en,Seedance 2.0,,,renoise-ai/awesome-seedance-prompts,https://github.com/renoise-ai/awesome-seedance-prompts/blob/904b6caffa21c2b114bb93e1bd0e37ba80b3dd10/data/prompts/2044344729849024827.json,CC-BY-4.0,Gadgetify,https://x.com/Gdgtify/status/2044344729849024827,True,prompts/真人/特效向/动作大片/renoise-2044344729849024827--Single-continuous-15-second-shot-set-ins.md,"Single continuous 15-second shot set inside a thunderous sandstorm. Audio: roaring wind, distant thunder, and a pulsing industrial metal soundtrack. Camera starts low on the roof of a massive armored war-train barreling through the wasteland. A lone scavenger in patched leather armor sprints full speed across the train cars as mutated raiders swing aboard from rusted motorcycles. She leaps between cars — camera follows every footfall and near-miss. At the 8-second mark she performs a perfect wall-run along the side of a tanker car while the train takes a sharp curve, sand blasting the lens. She fires a grappling hook upward, swings across a gap, and lands on the locomotive. Final wide cinematic pull-back: the war-train smashing through a raider blockade, explosions blooming in the storm, the scavenger standing tall on the front engine as lightning reveals an entire ruined city skyline on the horizon."
renoise-2044429557189763123,STORY FORMAT: 15s / 150 BPM / MULTI-CUT / Shaw Brothers-style wuxia…,,真人,特效向,武侠打斗,,en,Seedance 2.0,,,renoise-ai/awesome-seedance-prompts,https://github.com/renoise-ai/awesome-seedance-prompts/blob/904b6caffa21c2b114bb93e1bd0e37ba80b3dd10/data/prompts/2044429557189763123.json,CC-BY-4.0,The Anxious Mind,https://x.com/drjoetw/status/2044429557189763123,True,prompts/真人/特效向/武侠打斗/renoise-2044429557189763123--STORY-FORMAT-15s-150-BPM-MULTI-CUT-Shaw.md,"STORY FORMAT: 15s / 150 BPM / MULTI-CUT / Shaw Brothers-style wuxia horror-comedy / exaggerated melodrama and slapstick payoff

TONE: eerie suspense → frantic chase → over-the-top wuxia escape → absurd comedic reversal

SETTING: Nighttime snowy coniferous forest, heavy snowfall, cold blue tones, Mount Fuji looming in the background, howling wind

CHARACTER:
Orange cat ronin wearing a traditional 16th-century Japanese straw hat (kasa), worn kimono, holding a wooden staff in one hand and a flickering lantern in the other
White cat as a Yuki-onna spirit: long messy hair, glowing blue eyes, pale expression, wearing a thin translucent light-blue kimono, floating in the air with a sinister aura

SCENE:

Wide shot: The orange cat struggles through deep snow, each step heavy, breath visible in the freezing air. The lantern flickers violently in the wind.

Suddenly, the wind stops. Silence.

A ghostly figure slowly materializes ahead—floating above the snow.

Close-up: The white cat Yuki-onna, hair drifting unnaturally, eyes glowing bright blue, a twisted smile forming.

The orange cat freezes, trembling, voice shaking:
“Miss… who… who are you…?”

The white cat tilts her head, then lets out a chilling, playful laugh:
“I am the Snow Woman… and now that you’ve seen me… you’re finished.”

The wind HOWLS again—

Instantly, the orange cat SCREAMS and bolts away.

CHASE SEQUENCE (fast cuts, Shaw Brothers wuxia style):
— The orange cat leaps onto a tree trunk with light-foot kung fu, kicking off and flying to another tree
— He spins mid-air, barely dodging the white cat who glides smoothly after him, closing distance rapidly
— He dives behind a large rock, holding his breath—
The white cat slowly floats past… then suddenly snaps her head backward unnaturally
— He yelps and launches away again

The white cat accelerates, flying faster, robes fluttering violently, her laughter echoing through the forest

“I can see you… you can’t escape…”

— The orange cat sprints across snow, slips, rolls, then recovers with a dramatic wuxia flip
— He jumps between trees again, but his movements grow slower, exhausted

Final escape: He bursts out onto the edge of a cliff—

He stops. No way forward.

Heavy breathing. Snow falling. Silence.

He slowly turns around, gripping his staff, forcing courage:
“…Fine. I’ll face you.”

The white cat slowly descends from the sky, drifting closer… closer… almost within reach—

Suddenly—

The orange cat pulls out a can from his robe—labeled clearly: “CAT MASTER”

He shouts dramatically:
“I’M USING MY FINAL MOVE!!”

The white cat instantly freezes—eyes LOCK onto the can

In a blur—she SNATCHES it mid-air

Her expression instantly flips from evil to crazed excitement

“FOOD?!”

She lands and begins DEVOURING the can wildly, completely ignoring everything else

The orange cat stares for half a second—then grins

“Got you.”

He steps forward—

And delivers an exaggerated, full-force wuxia kick

“HYAAAH!!”

The white cat SCREAMS dramatically as she flies backward—still clutching the can—

“MY FOOOOOOD—!!”

She disappears off the cliff into darkness

Long silence

Snow continues to fall

Final shot:
The orange cat stands at the cliff edge, adjusts his straw hat, then turns to the camera with a smug grin

“Never underestimate… CAT MASTER.”"
renoise-2044714904096313692,"[Scene] A busy futuristic alien marketplace with neon lights, holograms, and…",,真人,特效向,科幻,,en,Seedance 2.0,,,renoise-ai/awesome-seedance-prompts,https://github.com/renoise-ai/awesome-seedance-prompts/blob/904b6caffa21c2b114bb93e1bd0e37ba80b3dd10/data/prompts/2044714904096313692.json,CC-BY-4.0,Pollo AI,https://x.com/itsPolloAI/status/2044714904096313692,True,prompts/真人/特效向/科幻/renoise-2044714904096313692--Scene-A-busy-futuristic-alien-marketplac.md,"[Scene] A busy futuristic alien marketplace with neon lights, holograms, and glowing plants.
[Subject] Alien merchants selling glowing Alien food, robots moving through crowds.
[Action] Trading and movement, robot carrying floating items passes, fruit sliced glowing inside.
[Camera movement] Cinematic handheld, slow push forward, weaving through crowd, brief close-ups.
[Audio & Atmosphere] Alien chatter, distant engines, futuristic electronic music, immersive sci-fi vibe."
renoise-2045125507205968280,"A hyper-realistic cinematic short film, 8k resolution, shot on 35mm lens. The…",,真人,现实向,甜宠恋爱,,en,Seedance 2.0,,,renoise-ai/awesome-seedance-prompts,https://github.com/renoise-ai/awesome-seedance-prompts/blob/904b6caffa21c2b114bb93e1bd0e37ba80b3dd10/data/prompts/2045125507205968280.json,CC-BY-4.0,Ai Girllie,https://x.com/Inshrah_ali_/status/2045125507205968280,True,"prompts/真人/现实向/甜宠恋爱/renoise-2045125507205968280--A-hyper-realistic-cinematic-short-film,.md","A hyper-realistic cinematic short film, 8k resolution, shot on 35mm lens. The aesthetic is a blend of ""Modern Laboratory"" and ""Whimsical Romance."" Soft, warm bokeh lighting contrasts with cool, sterile medical technology in the background.
•Character Details: • The AI Model: Use the provided image for facial reference. She is a stunning female actor in a hot beach dress, her expression shifting from enjoyment to curiosity to tender realization. Her hair is neatly styled, and her eyes show deep empathy. and she is turning on after watching the gorilla
• The Gorilla: A massive, silverback gorilla with incredibly expressive, human-like eyes. He is seen in a montage attempting to ""humanize"" himself: awkwardly wearing a tailored navy blue suit that is slightly tight on his frame, and sitting in a barber chair getting a precise fade haircut.
The Narrative Action:
1.The Attempt: The video opens with a montage of the gorilla looking into a mirror, adjusting a necktie with heavy trembling fingers, and trying to walk upright like a man to impress the AI Model.
2.The Interaction: The gorilla approaches the AI Model in his suit, looking hopeful yet uncomfortable. He presents her with a small, delicate flower. make him walk like a human with straight path
3.The Climax: The AI Model gently places her hand on the gorilla’s rugged, furry chest. She smiles softly, shakes her head at the suit and the haircut, and leans in.
4.The Resolution: Close-up on the AI Model’s lips as she whispers. Subtitles appear on screen: ""I never loved you for how you look… I loved you for the way your heart reached don’t need to become someone else to be worthy of me you're already everything I see. So don’t change who you are… just keep loving me the way you do.""a Technical Parameters: Slow-motion, 24fps, cinematic color grading (teals and oranges), shallow depth of field, high-fidelity skin textures for both the woman and the gorilla’s and at last make them kiss each other"
renoise-2045226604566311371,"A hyper-realistic cinematic short video, 4K resolution, shot on a 35mm lens…",,真人,现实向,情绪特写,,en,Seedance 2.0,,,renoise-ai/awesome-seedance-prompts,https://github.com/renoise-ai/awesome-seedance-prompts/blob/904b6caffa21c2b114bb93e1bd0e37ba80b3dd10/data/prompts/2045226604566311371.json,CC-BY-4.0,Ai Doctor,https://x.com/DoctorAmna11/status/2045226604566311371,True,"prompts/真人/现实向/情绪特写/renoise-2045226604566311371--A-hyper-realistic-cinematic-short-video,.md","A hyper-realistic cinematic short video, 4K resolution, shot on a 35mm lens. The scene is set in a modern medical clinic with a perfect balance of soft warm lighting and clean clinical tones. The atmosphere is emotional, comforting, and heartwarming. Every detail must be highly realistic and error-free no distortions, no glitches, accurate anatomy, natural motion. This is a video generation prompt, so ensure smooth animation and perfect lip-sync.*

Character Details:
A kind female doctor wearing a clean white coat, with gentle expressions and caring eyes, treating the patient with precision and empathy.
A small fluffy kitten with ultra-detailed fur, expressive shining eyes filled with happiness and slight tears of joy, showing deep emotional connection.

The Narrative Action:
1. The doctor gently treats the kitten on a medical table with soft, careful movements.
2. The kitten slowly looks up at the doctor with sparkling, teary eyes full of gratitude.
3. Close-up on the kitten’s face as it softly says: “Thank you…” (perfect lip-sync required).
4. The doctor smiles warmly and gently pets the kitten, creating a wholesome emotional moment.

Technical Parameters:
24fps, cinematic warm color grading, shallow depth of field, soft shadows, ultra-realistic textures, smooth camera movement, emotional storytelling focus, no visual errors.*"
renoise-2045941913996456403,@Image1 as character reference — maintain exact appearance: blonde curly hair…,,真人,现实向,生活与vlog,,en,Seedance 2.0,link-only,copyrighted-character,renoise-ai/awesome-seedance-prompts,https://github.com/renoise-ai/awesome-seedance-prompts/blob/904b6caffa21c2b114bb93e1bd0e37ba80b3dd10/data/prompts/2045941913996456403.json,CC-BY-4.0,Josh,https://x.com/altphotos_pl/status/2045941913996456403,True,prompts/真人/现实向/生活与vlog/renoise-2045941913996456403--Image1-as-character-reference-—-maintain.md,
renoise-2046185214486159870,Technical Specs:,,真人,特效向,动作大片,,en,Seedance 2.0,,,renoise-ai/awesome-seedance-prompts,https://github.com/renoise-ai/awesome-seedance-prompts/blob/904b6caffa21c2b114bb93e1bd0e37ba80b3dd10/data/prompts/2046185214486159870.json,CC-BY-4.0,Nexora,https://x.com/frametheory058/status/2046185214486159870,True,prompts/真人/特效向/动作大片/renoise-2046185214486159870--Technical-Specs.md,"Technical Specs:
10-second, 9:16, 720p cinematic video
Smooth continuous camera motion with no cuts
Fast, tightly compressed pacing with rapid escalation

Scene Setup:
Massive green bus in quiet autumn forest with fallen leaves
Camera begins with a tight close-up on the young male bus driver @IMG   — early 20s, in uniform, hands gripping the steering wheel, eyes focused ahead — shot through the windshield with golden light catching his face
Camera then pulls back fast in a smooth orbital sweep, revealing the full bus exterior as structural stress begins to build

Transformation Phases:
0:00–0:01: Close-up of young male bus driver gripping the steering wheel, golden sunlight on his face, ambient forest sounds; the bus subtly vibrates
0:01–0:02: Structural stress builds violently — panels shift, seams crack open, joints unlock; the bus driver's seat violently ejects upward through the splitting roof as the bus frame tears apart
0:02–0:06: Panels unfold, limbs extend, wheels reorient, multiple joints move simultaneously in a cascading mechanical explosion; the bus driver is launched in a high arc through the air, spinning in slow-motion against the golden sky
0:06–0:07.5: Structure consolidates into fully assembled mechanical dragon; the bus driver lands hard on the dragon's upper back/neck junction with a metallic clang, gripping exposed mechanical spines to stabilize himself
0:07.5–0:10: Mechanical dragon raises its head with the bus driver perched on top, releases a deep mechanical roar; camera locks into a low-angle hero shot looking up at both the dragon and the small human figure gripping its head

Key Constraints:
Bus driver is the only human — introduced at opening, repositioned to dragon's back during transformation
All mechanical elements originate from bus parts
No object intersection or spontaneous appearance
Physical logic and structural continuity maintained — the ejection seat is driven by the roof splitting apart
Environmental interaction with leaves, dust, and trees

Cinematography:
Continuous motion with no cuts
Opens on tight close-up, pulls back into orbital sweep, escalates into wide low-angle hero shot
Fast escalation and dense overlapping actions
Low-angle hero shot of completed mechanical dragon with bus driver @IMG  perched on top of the machine dragon.
Golden sunlight reflecting off green metallic surfaces"
renoise-2046606790201078134,"7-second vertical handheld smartphone video, natural lighting, slightly…",,其他,,广告带货,,en,Seedance 2.0,,,renoise-ai/awesome-seedance-prompts,https://github.com/renoise-ai/awesome-seedance-prompts/blob/904b6caffa21c2b114bb93e1bd0e37ba80b3dd10/data/prompts/2046606790201078134.json,CC-BY-4.0,Gilbert Odera | Your AI Plug🇰🇪,https://x.com/yourPlugAI/status/2046606790201078134,True,prompts/其他/广告带货/renoise-2046606790201078134--7-second-vertical-handheld-smartphone-vi.md,"7-second vertical handheld smartphone video, natural lighting, slightly imperfect framing for realism.

0 to 2s: Close-up of the serum bottle in her hand. Camera slightly shaky as if recorded casually. The bottle is turned toward the camera so the “LartAI” label is fully visible and readable. Morning sunlight softly reflects on the glass.

2 to 4s: Cut to her squeezing 2 to 3 drops onto her fingers and gently applying it to her face. Soft natural motion, slight smile forming. Mirror reflection visible in background.

4 to 6s: She massages her skin lightly, looking at herself in the mirror with a calm satisfied expression. Skin appears dewy and glowing.

6 to 7s: She gives a subtle approving nod while looking at her reflection. Slight handheld camera movement adds authenticity.

Overall feel: authentic skincare influencer, not overproduced, soft luxury UGC aesthetic."
renoise-2046983447273427187,A 3x3 cinematic storyboard grid. 9 panels arranged in a perfect 3-by-3 layout…,,真人,特效向,奇幻怪兽,,en,Seedance 2.0,,,renoise-ai/awesome-seedance-prompts,https://github.com/renoise-ai/awesome-seedance-prompts/blob/904b6caffa21c2b114bb93e1bd0e37ba80b3dd10/data/prompts/2046983447273427187.json,CC-BY-4.0,Venice,https://x.com/AskVenice/status/2046983447273427187,True,prompts/真人/特效向/奇幻怪兽/renoise-2046983447273427187--A-3x3-cinematic-storyboard-grid.-9-panel.md,"A 3x3 cinematic storyboard grid. 9 panels arranged in a perfect 3-by-3 layout with thin black borders between each panel. Each panel is a different shot from one continuous story set in a dark fantasy gladiatorial arena built from ancient weathered marble with faint gold circuit-like veins running through the stone. IMAX film still quality, dark moody palette of deep blue-blacks, warm amber firelight, and gold accents.

Panel 1 (top-left): Ultra-wide establishing shot. A massive colosseum at dusk, marble columns with gold circuit traces, torches lining the upper tiers, dark storm clouds above, tiny silhouettes of spectators.

Panel 2 (top-center): Interior wide shot. The arena floor seen from the stands, torchlit marble arches, thousands of spectators in shadow, amber firelight reflecting off wet stone.

Panel 3 (top-right): Close-up of a heavy iron gate, rusted and ancient. Two glowing amber eyes stare from the darkness behind the bars. Wisps of smoke curl through the gaps.

Panel 4 (middle-left): Medium shot. A gladiator in weathered bronze and marble-white armor with gold circuit patterns enters the arena. He carries a round marble shield with embedded gold veins and a short sword. Firelight catches the circuits.

Panel 5 (middle-center): Wide action shot. A massive mechanical lion with obsidian plating and glowing amber joints charges across the arena floor, kicking up dust and sparks. Fire erupts from its jaws.

Panel 6 (middle-right): Dynamic close-up. The gladiator blocks the lion attack with his shield, sparks flying where metal meets stone, the gold circuits on his armor flaring bright.

Panel 7 (bottom-left): Low angle. The gladiator on one knee, battered, shield cracked, the mechanical lion circling in the background shrouded in dust and firelight.

Panel 8 (bottom-center): The decisive moment. The gladiator drives his sword upward through the lion jaw, the blade glowing with golden energy, mechanical parts shattering outward.

Panel 9 (bottom-right): Victory. The gladiator stands alone in the center of the arena, arm raised, gold circuit patterns pulsing across the marble floor radiating outward from where he stands. Torchlight and amber glow."
renoise-2047188315913503112,Hands lift a half-written letter from a wooden desk. First fold — paper halves…,,真人,现实向,剧情短片,,ja,Seedance 2.0,,,renoise-ai/awesome-seedance-prompts,https://github.com/renoise-ai/awesome-seedance-prompts/blob/904b6caffa21c2b114bb93e1bd0e37ba80b3dd10/data/prompts/2047188315913503112.json,CC-BY-4.0,ShadeLurk,https://x.com/ShadeLurk/status/2047188315913503112,True,prompts/真人/现实向/剧情短片/renoise-2047188315913503112--Hands-lift-a-half-written-letter-from-a.md,"Hands lift a half-written letter from a wooden desk. First fold — paper halves meet cleanly, sparkles burst from the crease. Camera cuts closer. Second fold — both top"
renoise-2047226137063899235,15-second continuous single-shot animated adventure sequence. No cuts. Use…,,漫剧,特效向,奇幻冒险,3D卡通,en,Seedance 2.0,,,renoise-ai/awesome-seedance-prompts,https://github.com/renoise-ai/awesome-seedance-prompts/blob/904b6caffa21c2b114bb93e1bd0e37ba80b3dd10/data/prompts/2047226137063899235.json,CC-BY-4.0,OscarAI,https://x.com/Artedeingenio/status/2047226137063899235,True,prompts/漫剧/特效向/奇幻冒险/renoise-2047226137063899235--15-second-continuous-single-shot-animate.md,"15-second continuous single-shot animated adventure sequence. No cuts. Use @image1, @image2 and @image3.

Stormy coastal town at night.

0–4s
Inside a dusty attic, @image1 (Leo) studies an ancient glowing treasure map.

Ink moves by itself.

Symbols reveal a hidden pirate tunnel under town.

Leo (whispering):
“No way… this is real.”

Lightning flashes.

He grabs backpack and runs.

Camera follows.

4–8s
In harbor streets, @image2 (Milo) collides with Leo and steals his brass compass.

He sips from his drink and grins.

Milo:
“Finders keepers, professor.”

Leo chases him through fish market alleys.

Jumping crates, sliding under carts.

Fast comedic pursuit.

Leo:
“That compass belongs to destiny!”

Milo:
“Destiny runs slow.”

8–12s
Compass suddenly spins wildly.

Cobblestones crack open.

Trapdoor opens beneath both.

As they fall—

@image3 (Clara) swings in on old dock rope and grabs them.

Hero entrance.

Clara:
“You two idiots need supervision.”

12–15s
All three crash together into hidden pirate tunnels.

Torches flare.

They look up—

A giant underground pirate ship emerges in darkness.

Cliffhanger.

Motion:
storm wind, chase movement, rope swing, collapsing floor.

Camera:
push-in → chase cam → vertical falling shot → cavern reveal.

Mood:
funny, dangerous, wonder."
renoise-2047993220194504800,"Ultra-realistic cinematic video, 4K–8K resolution, 24fps, epic fantasy war…",,真人,特效向,动作大片,,en,Seedance 2.0,,,renoise-ai/awesome-seedance-prompts,https://github.com/renoise-ai/awesome-seedance-prompts/blob/904b6caffa21c2b114bb93e1bd0e37ba80b3dd10/data/prompts/2047993220194504800.json,CC-BY-4.0,Ai Doctor,https://x.com/DoctorAmna11/status/2047993220194504800,True,"prompts/真人/特效向/动作大片/renoise-2047993220194504800--Ultra-realistic-cinematic-video,-4K–8K-r.md","Ultra-realistic cinematic video, 4K–8K resolution, 24fps, epic fantasy war style. Wide-angle lens (24–35mm) for establishing shots and telephoto close-ups for combat intensity. Highly detailed VFX, physically accurate motion, realistic fire, smoke, wind, and magical energy simulation. Dramatic volumetric lighting and atmospheric depth.
Scene setup:
A massive ancient battlefield spread across shattered mountains and burning plains during a violent storm. The sky is dark with heavy storm clouds, constant lightning flashes, drifting ash, and turbulent wind. The environment is extremely detailed with scorched الأرض, broken stone structures, and faint glowing magical remnants on the ground.
Action sequence:
0–3 seconds: Aerial battlefield reveal
The camera opens with a wide cinematic aerial shot of a colossal dragon army dominating the storm-filled sky. The lead dragon is enormous with molten lava-like scales, glowing cracks across its body, and massive wings that generate hurricane-force winds with every movement. Lightning strikes around its body as it roars, shaking the atmosphere.
3–6 seconds: Human army formation
Cut to ground level. A disciplined human warrior army stands in tight battle formations across the battlefield. Armored commanders lead the forces with glowing magical weapons and energy-infused shields. The ground trembles as dragon shadows pass overhead. Wind pressure and debris intensify as the battle approaches.
6–8 seconds: Full-scale clash begins
The molten dragon dives toward the battlefield, unleashing streams of fire and lightning. Human commanders activate magical defenses and coordinated counterattacks. Explosions of fire, dust clouds, and magical shockwaves collide in the air and across the ground. The camera alternates between fast ground impact shots and sweeping aerial chaos.
8–10 seconds: Cinematic climax and freeze
A slow-motion wide cinematic shot shows the battlefield engulfed in fire, lightning, and magical energy. The molten dragon hovers above with wings fully extended, dominating the sky. Below, human warriors stand firm behind glowing shields amid rising dust and embers. The scene freezes into an epic war tableau before fading out.
Camera movement:
Wide aerial establishing shot → smooth descending tracking shot → ground-level dynamic combat perspective → rapid cut to dragon dive sequence → slow-motion final wide cinematic freeze.
Lighting:
Dark storm lighting with intense lightning flashes. Orange-red fire glow from dragon breath. Cool blue and white magical energy from human forces. Strong volumetric fog, smoke layers, and cinematic contrast between fire and storm light.
Environment details:
Ultra-detailed dragon scales with molten glowing fissures, realistic wing physics generating wind shockwaves, human armor reflecting fire and lightning, particle-based fire, smoke, and ash simulation, dust turbulence reacting to movement, large-scale battlefield destruction effects.
Voice-over (deep cinematic narration):
“The skies burned with ancient fury.”
“Dragons ruled the storm above.”
“But beneath them stood humanity.”
“Unyielding in the face of destruction.”"
renoise-2048809000121360649,INK INDUSTRIES : GAME TRAILER,,漫剧,特效向,科幻机甲,3D卡通,en,Seedance 2.0,link-only,copyrighted-character,renoise-ai/awesome-seedance-prompts,https://github.com/renoise-ai/awesome-seedance-prompts/blob/904b6caffa21c2b114bb93e1bd0e37ba80b3dd10/data/prompts/2048809000121360649.json,CC-BY-4.0,INK,https://x.com/0xInk_/status/2048809000121360649,True,prompts/漫剧/特效向/科幻机甲/renoise-2048809000121360649--INK-INDUSTRIES-GAME-TRAILER.md,
renoise-2049159275944017970,"Woman at tactical command vehicle console grips joystick, eating ration bar…",,真人,现实向,剧情短片,,en,Seedance 2.0,,,renoise-ai/awesome-seedance-prompts,https://github.com/renoise-ai/awesome-seedance-prompts/blob/904b6caffa21c2b114bb93e1bd0e37ba80b3dd10/data/prompts/2049159275944017970.json,CC-BY-4.0,Heather Cooper,https://x.com/HBCoop_/status/2049159275944017970,True,prompts/真人/现实向/剧情短片/renoise-2049159275944017970--Woman-at-tactical-command-vehicle-consol.md,"Woman at tactical command vehicle console grips joystick, eating ration bar while screens flicker with tactical data. City lights streak past windows at speed.Locked-off wide interior shot, slight camera vibration from road. Warm amber panel glow against cool exterior blur."
renoise-2049356857995907417,A highly detailed 3D game character wearing an ultra-gorgeous pink Lolita…,,漫剧,现实向,剧情短片,3D卡通,en,Seedance 2.0,,,renoise-ai/awesome-seedance-prompts,https://github.com/renoise-ai/awesome-seedance-prompts/blob/904b6caffa21c2b114bb93e1bd0e37ba80b3dd10/data/prompts/2049356857995907417.json,CC-BY-4.0,Kiki,https://x.com/Mayz1169/status/2049356857995907417,True,prompts/漫剧/现实向/剧情短片/renoise-2049356857995907417--A-highly-detailed-3D-game-character-wear.md,"A highly detailed 3D game character wearing an ultra-gorgeous pink Lolita dress, set against a white background. On the left side, there are menu options including Start, Settings, Credits, and Multiplayer. The interface is refined and elegant. English version, 16:9 aspect ratio."
renoise-2049560412979708334,"Boy and dragon become friend, american comic multi-panel illustration, diagonal…",,漫剧,特效向,奇幻冒险,美漫,en,Seedance 2.0,,,renoise-ai/awesome-seedance-prompts,https://github.com/renoise-ai/awesome-seedance-prompts/blob/904b6caffa21c2b114bb93e1bd0e37ba80b3dd10/data/prompts/2049560412979708334.json,CC-BY-4.0,Nimentrix,https://x.com/nimentrix/status/2049560412979708334,True,"prompts/漫剧/特效向/奇幻冒险/renoise-2049560412979708334--Boy-and-dragon-become-friend,-american-c.md","Boy and dragon become friend, american comic multi-panel illustration, diagonal layout, six panels, cinematic storytelling, clear reading flow, with speech bubbles."
renoise-2049732042695623134,"Aesthetic “Get Ready With Me – Gym Edition” storyboard layout, minimal…",,真人,现实向,时尚写真,,en,Seedance 2.0,,,renoise-ai/awesome-seedance-prompts,https://github.com/renoise-ai/awesome-seedance-prompts/blob/904b6caffa21c2b114bb93e1bd0e37ba80b3dd10/data/prompts/2049732042695623134.json,CC-BY-4.0,Smiling Khan,https://x.com/AIwithkhan/status/2049732042695623134,True,prompts/真人/现实向/时尚写真/renoise-2049732042695623134--Aesthetic-Get-Ready-With-Me-–-Gym-Editio.md,"Aesthetic “Get Ready With Me – Gym Edition” storyboard layout, minimal neutral-toned design, soft beige and cream color palette, clean editorial grid.
Top header text:
“GET READY WITH ME”
subtitle: “gym edition” in elegant script font
subheading: “step-by-step activewear routine”
The layout is divided into 4 blocks, each showing a sequence (1–8 steps per row), featuring the same young woman throughout with consistent face, natural makeup, athletic toned body, hair tied in a messy bun or sleek ponytail.
BLOCK 1 – BASE (1–8)
1–2: putting on a fitted sports bra
3–4: wearing high-waisted gym leggings
5–6: adjusting waistband / smoothing fit
7–8: mirror check, relaxed confident pose
BLOCK 2 – LAYERS (9–16)
1–2: putting on oversized gym t-shirt or cropped top
3–4: adding lightweight zip-up hoodie or jacket
5–6: tying hair tighter / adjusting outfit
7–8: slight movement pose (stretching arms or twisting body)
BLOCK 3 – DETAILS (17–24)
1–2: wearing smartwatch / fitness band
3–4: adding minimal jewelry (thin chain, studs)
5–6: putting on gym gloves or lifting straps
7–8: wearing sunglasses or tying hair final look
BLOCK 4 – FINISH (25–32)
1–2: putting on training shoes (clean white sneakers)
3–4: grabbing gym bag / water bottle
5–6: holding headphones / protein shaker
7–8: full-body mirror shot, confident final look
Side icons representing categories: base, layers, accessories, shoes, final look.
Soft natural lighting, indoor minimal room or modern apartment, neutral background, clean shadows, editorial fashion photography style, consistent framing across all panels.
Footer text:
“You’re ready. Go own your workout.”"
renoise-2049743359997321625,A white-haired American teenage boy with a nerdy look performs a smooth…,,真人,现实向,运动,,en,Seedance 2.0,,,renoise-ai/awesome-seedance-prompts,https://github.com/renoise-ai/awesome-seedance-prompts/blob/904b6caffa21c2b114bb93e1bd0e37ba80b3dd10/data/prompts/2049743359997321625.json,CC-BY-4.0,Harboris,https://x.com/harboriis/status/2049743359997321625,True,prompts/真人/现实向/运动/renoise-2049743359997321625--A-white-haired-American-teenage-boy-with.md,"A white-haired American teenage boy with a nerdy look performs a smooth basketball freestyle routine on an outdoor street basketball court. He has a slim athletic build, pale skin with light freckles, slightly messy ginger hair, and thin-frame glasses. He wears a modern street basketball outfit: oversized black jersey with “WIZZGEN” clearly printed on the front, loose basketball shorts, crew socks, and high-top sneakers with subtle pastel accents in soft purple and light blue. He holds a basketball and performs a continuous stylish freestyle flow, awkward-cool but confident, like a geeky high school kid with surprisingly elite ball control.

0–1s:
The boy starts in a low stance, doing a controlled low right-hand dribble. His knees are bent, body leaning slightly forward, focused nerdy expression behind glasses, the ball bouncing close to the asphalt.

1–2s:
He performs a quick crossover dribble from right to left, shifting his weight smoothly. His sneakers slide naturally on the painted outdoor court lines, shoulders staying relaxed and controlled.

2–3s:
He continues with a between-the-legs dribble, keeping rhythm and balance. The movement is clean, compact, and stylish, with the basketball passing clearly between his legs.

3–4s:
He performs a behind-the-back dribble, then immediately transitions into a hesitation move. His shoulders fake one direction, his eyes glance forward through his glasses, then he snaps back into control.

4–5s:
He executes a smooth spin move while dribbling. His body turns cleanly, sneakers pivot on the asphalt, jersey with “WIZZGEN” moving naturally with the rotation.

5–6s:
He performs a ball wrap around the waist, then drops back into a quick step-back motion. The move feels like a choreographed streetball trick, playful but precise.

6–7s:
He does quick footwork shuffles from side to side while keeping the dribble alive. His feet move fast, knees low, ball controlled close to the ground.

7–8s:
He performs a fake pass motion, then pulls the ball back into a controlled dribble combo, switching hands with confidence.

8–9s:
He briefly spins the basketball on one finger, standing more upright. His expression becomes proud and slightly smug, like a nerd who knows he just cooked everyone.

9–10s:
He ends with a confident stylish pose finish, holding the basketball at his side, one hand raised in a casual peace sign, relaxed stance, subtle smile, awkward-cool street-basketball attitude.

Style:
dynamic basketball freestyle choreography, smooth street flow movement, realistic sports motion, energetic but controlled rhythm, modern street sports commercial style, slightly playful teen character energy.

Camera:
medium full-body shot, stable cinematic framing, subtle push-in movement, smooth motion continuity, camera always keeps the full body and basketball visible.

Environment:
outdoor street basketball court, asphalt surface, painted court lines, chain-link fence in the background, subtle basketball hoop visible, warm natural daylight, clean urban playground atmosphere, minimal background distraction.

Quality:
high detail, smooth motion animation, realistic basketball physics, sharp composition, natural clothing movement, readable “WIZZGEN” text on jersey.

Negative prompt:
blurry, low quality, extra limbs, distorted anatomy, bad proportions, unrealistic ball movement, floating ball, glitch motion, stiff movement, messy background, indoor court, studio background, Asian facial features, black hair, adult man, muscular adult body, missing glasses, missing WIZZGEN text, wrong shirt text, unreadable logo."
renoise-2049859002398556580,Generate a video: A skilled female cook prepares chicken cordon bleu from start…,,真人,现实向,生活与vlog,,en,Seedance 2.0,,,renoise-ai/awesome-seedance-prompts,https://github.com/renoise-ai/awesome-seedance-prompts/blob/904b6caffa21c2b114bb93e1bd0e37ba80b3dd10/data/prompts/2049859002398556580.json,CC-BY-4.0,Oogie,https://x.com/oggii_0/status/2049859002398556580,True,prompts/真人/现实向/生活与vlog/renoise-2049859002398556580--Generate-a-video-A-skilled-female-cook-p.md,"Generate a video: A skilled female cook prepares chicken cordon bleu from start to finish in a bright, modern kitchen. Fast-paced cooking montage with clear, visually engaging step-by-step preparation and plating.
0–2s: Medium shot. The cook places a raw chicken breast on a cutting board, gently flattens it with a meat mallet, layers ham and cheese on top, then rolls it tightly and neatly. Camera performs a slow push-in for emphasis.
2–4s: Close-up. The rolled chicken is coated in flour, dipped into beaten egg, and evenly covered with breadcrumbs. Smooth lateral camera tracking follows her hands during the process.
4–6s: Macro close-up. The breaded chicken cordon bleu is carefully lowered into hot oil. Intense bubbling surrounds it as a crisp, golden crust begins to form. Camera remains locked in a detailed macro frame.
6–8s: Medium close-up. The perfectly fried cordon bleu is lifted out and sliced cleanly in half. Melted cheese stretches from the center, highlighting texture and doneness. Subtle dolly-in enhances the reveal.
8–10s: Wide-to-medium shot. The sliced cordon bleu is plated elegantly on a dining table. The cook sits, takes a bite, and reacts with a satisfied, content expression. Camera slowly pushes in to end on a warm, inviting note.
Style: Premium food commercial aesthetic, cinematic depth of field, warm natural kitchen lighting, realistic cooking physics, ultra-detailed food textures, smooth professional editing rhythm."
renoise-2050190239398781120,"Jin Yong martial arts film production, the Eighteen Palms of Subduing the…",,真人,特效向,武侠打斗,,en,Seedance 2.0,,,renoise-ai/awesome-seedance-prompts,https://github.com/renoise-ai/awesome-seedance-prompts/blob/904b6caffa21c2b114bb93e1bd0e37ba80b3dd10/data/prompts/2050190239398781120.json,CC-BY-4.0,John,https://x.com/johnAGI168/status/2050190239398781120,True,"prompts/真人/特效向/武侠打斗/renoise-2050190239398781120--Jin-Yong-martial-arts-film-production,-t.md","Jin Yong martial arts film production, the Eighteen Palms of Subduing the Dragon fighting against the Sweeping Monk of Shaolin Temple, an extremely wonderful action movie"
renoise-2050191773792940170,"Cinematic “Get Ready With Me – Gym Edition” storyboard poster, modern athletic…",,真人,现实向,时尚写真,,en,Seedance 2.0,,,renoise-ai/awesome-seedance-prompts,https://github.com/renoise-ai/awesome-seedance-prompts/blob/904b6caffa21c2b114bb93e1bd0e37ba80b3dd10/data/prompts/2050191773792940170.json,CC-BY-4.0,Smiling Khan,https://x.com/AIwithkhan/status/2050191773792940170,True,prompts/真人/现实向/时尚写真/renoise-2050191773792940170--Cinematic-Get-Ready-With-Me-–-Gym-Editio.md,"Cinematic “Get Ready With Me – Gym Edition” storyboard poster, modern athletic aesthetic, dark neutral color palette (charcoal, black, muted grey with subtle highlights), clean grid layout with 4 horizontal blocks.
Top header text:
“GET READY WITH ME”
subtitle: “gym routine” in sleek minimal font
subheading: “build your performance look step by step”
Consistent female character across all frames, athletic build, defined features, natural sweaty glow, hair transitioning from loose to tight ponytail, confident expression.
BLOCK 1 – ACTIVATION (1–8)
1–2: waking up / tying hair loosely
3–4: putting on sports bra
5–6: stepping into compression leggings
7–8: adjusting fit, checking posture in mirror
BLOCK 2 – BUILD (9–16)
1–2: wearing cropped tank or performance top
3–4: adding zip-up hoodie
5–6: tightening ponytail / securing hair
7–8: light warm-up stretch (arms / torso twist)
BLOCK 3 – PERFORMANCE DETAILS (17–24)
1–2: smartwatch lighting up on wrist
3–4: inserting wireless earbuds
5–6: wrapping hands / wearing gloves
7–8: gripping water bottle, focused expression
BLOCK 4 – GO MODE (25–32)
1–2: lacing training shoes (close-up)
3–4: picking up gym bag
5–6: walking through doorway / hallway
7–8: final full-body confident stance, gym-ready
VISUAL STYLE:
High contrast, soft shadows, cinematic lighting, slight film grain, editorial fitness photography, modern apartment or locker room setting
LAYOUT DETAILS:
Numbered steps (1–32) above each frame
Minimal icons on side: base, layers, gear, shoes, finish
Thin borders, clean spacing, magazine-style grid"
renoise-2050218619947372631,[0–2s] The World Before Her Wide shot of a vast open plain. The ground is dry…,,真人,特效向,超现实创意,,en,Seedance 2.0,,,renoise-ai/awesome-seedance-prompts,https://github.com/renoise-ai/awesome-seedance-prompts/blob/904b6caffa21c2b114bb93e1bd0e37ba80b3dd10/data/prompts/2050218619947372631.json,CC-BY-4.0,Ai Doctor,https://x.com/DoctorAmna11/status/2050218619947372631,True,prompts/真人/特效向/超现实创意/renoise-2050218619947372631--0–2s-The-World-Before-Her-Wide-shot-of-a.md,"[0–2s] The World Before Her Wide shot of a vast open plain. The ground is dry, pale, and flat in every direction. The sky is overcast and dim, soft grey clouds stretched across the horizon. A young woman stands centered in frame. She wears a long flowing white dress, dark hair loose past her shoulders. Her head is gently bowed, eyes closed, arms relaxed at her sides. She is completely still. The camera moves in slowly from ground level, dust sitting motionless around her bare feet. The atmosphere is quiet, calm, and full of anticipation. [2–5s] She Begins To Move She slowly raises both arms outward in a wide graceful arc. The moment her arms rise, the dry ground beneath her softens. Grass begins growing in gentle rings spreading outward from where she stands, moving in perfect rhythm with her arms. She steps one foot forward softly and a smooth rounded hill rises from the flat earth exactly where she steps, covered instantly in fresh green. She turns slowly on one foot with arms extended and the flat landscape around her begins to curve and roll gently like a slow wave passing through still water. [5–8s] The Landscape Responds Her movements become wider and more confident. She sweeps one arm to the side and a calm river forms in the distance, water flowing quietly through a new path in the earth. She raises both arms above her and two large smooth rock formations rise steadily on either side of her, emerging from the ground slowly and naturally. She lifts off the ground in a slow graceful jump and several large stones rise with her, floating in a calm circle around her as she turns gently in the air. Her white dress moves softly around her in the wind her motion creates. [8–10s] The World She Made She lands softly. Both feet touch the earth at the same time. A smooth ripple spreads outward from her feet in a wide circle across the ground. In its path the earth transforms rich green grass, small flowers opening, the sky above shifting from cool grey into deep warm gold and soft violet at the edges. She stands upright and still, arms resting at her sides, looking forward calmly. The camera pulls back in a wide smooth move to reveal the full landscape she has created all around her lush, alive, and enormous. The frame holds for a moment then fades slowly to warm gold light.Visual Direction: Style: Grounded cinematic realism with seamless natural visual effects photorealistic, no stylized or cartoon elements Color Journey: Opens in cool desaturated grey and pale earth tones → gradually warms into rich greens, deep gold, and soft violet by the final frame Camera: Begins at ground level pushing in slowly → moves to an orbiting medium shot during her movement → ends with a smooth wide pull back revealing the full transformed landscape Lighting: Begins soft and flat under overcast sky → transitions to warm directional golden light breaking gently through the clouds in the final seconds Character: Young woman, long dark hair, long flowing white dress, bare feet, calm and graceful expression throughout never rushed or forceful in movement Ground Detail: Dry cracked pale earth at the start → grass growing in natural organic patterns → wildflowers blooming softly → rich soil visible between the green Sky Detail: Flat grey overcast at the open → clouds parting slowly → warm gold and violet tones bleeding into the sky by the final frame Movement Quality: All landscape changes are slow, smooth, and natural growing and rising organically in direct response to her body movement Mood: Peaceful, powerful, graceful, and deeply cinematic Pacing: Slow and intentional from start to finish every second deliberate and unhurried"
renoise-2050605016201973875,A premium cinematic step-by-step storyboard poster titled “READY FOR TAKEOFF”…,,真人,现实向,生活与vlog,,en,Seedance 2.0,,,renoise-ai/awesome-seedance-prompts,https://github.com/renoise-ai/awesome-seedance-prompts/blob/904b6caffa21c2b114bb93e1bd0e37ba80b3dd10/data/prompts/2050605016201973875.json,CC-BY-4.0,Smiling Khan,https://x.com/AIwithkhan/status/2050605016201973875,True,prompts/真人/现实向/生活与vlog/renoise-2050605016201973875--A-premium-cinematic-step-by-step-storybo.md,"A premium cinematic step-by-step storyboard poster titled “READY FOR TAKEOFF”, showing a young confident woman preparing to board a flight, designed in a clean pastel-beige + sage green aesthetic with a modern editorial layout.
STYLE & LAYOUT:
4-section grid layout (32 steps total)
Soft neutral tones (beige, sage green, off-white)
Rounded cards, minimal UI, elegant spacing
Lifestyle photography style, natural lighting
Realistic textures, high detail, 4K
Clean sans-serif typography, subtle icons (luggage, plane, passport)
SECTIONS:
01 PREP (1–8)
Wake up, stretch
Drink water
Skincare routine
Tie hair neatly
Choose travel outfit (comfortable chic)
Mirror check
Light perfume
Put on sunglasses
02 PACK & CHECK (9–16)
Open suitcase
Fold clothes neatly
Pack essentials
Organize toiletries
Passport in hand
Phone with boarding pass
Wallet + cards
Neck pillow / comfort items
03 AIRPORT READY (17–24)
Wear light jacket
Grab tote bag
Carry backpack
Pull suitcase
Enter cab
Airport drop-off
Walk inside terminal
Security check moment
04 BOARD & FLY (25–32)
Show boarding pass
Walk through gate
Store luggage overhead
Sit by window
Headphones on
Look outside plane window
Relax with snack
Calm confident expression
CHARACTER DETAILS:
Athletic-modern woman, natural beauty
Travel outfit: beige co-ord / soft neutral athleisure
Minimal makeup, clean aesthetic
Airport + airplane interiors"
renoise-2050857400920428656,"Cinematic ASMR food documentary. Dark moody aesthetic table, dramatic side…",,其他,,美食,,en,Seedance 2.0,,,renoise-ai/awesome-seedance-prompts,https://github.com/renoise-ai/awesome-seedance-prompts/blob/904b6caffa21c2b114bb93e1bd0e37ba80b3dd10/data/prompts/2050857400920428656.json,CC-BY-4.0,Simply Ray,https://x.com/kingofdairyque/status/2050857400920428656,True,prompts/其他/美食/renoise-2050857400920428656--Cinematic-ASMR-food-documentary.-Dark-mo.md,"Cinematic ASMR food documentary. Dark moody aesthetic table, dramatic side lighting, shallow depth of field. Female hands with royal blue nail polish. Step by step, no filler: Pressing white crust into dark pan → pouring thick cream cheese filling → swirling electric blue berry gel into white mixture close-up → unmolding perfect white cake → pouring glossy royal blue mirror glaze dripping down sides → placing blue strawberries, blackberries, blueberries on top → fork inserted into slice revealing white layers with blue filling, glaze pooling on dark plate. Final frame matches reference: hands with blue nails, cake sliced open, vivid blue glaze everywhere, berries on top. No music. No voice. Real sounds only — pouring, scraping, dripping, soft berry taps. Static camera, slow push-in cuts between steps. Photorealistic 4K. Duration: 15 seconds."
renoise-2051374475619266614,Use the uploaded image strictly as a character reference for Aro (young human…,,漫剧,特效向,奇幻冒险,3D卡通,en,Seedance 2.0,,,renoise-ai/awesome-seedance-prompts,https://github.com/renoise-ai/awesome-seedance-prompts/blob/904b6caffa21c2b114bb93e1bd0e37ba80b3dd10/data/prompts/2051374475619266614.json,CC-BY-4.0,ZOYA ✪,https://x.com/HeyZoyaKhan/status/2051374475619266614,True,prompts/漫剧/特效向/奇幻冒险/renoise-2051374475619266614--Use-the-uploaded-image-strictly-as-a-cha.md,"Use the uploaded image strictly as a character reference for Aro (young human hunter) and Grok (monkey beast).
Preserve face, body proportions, clothing, textures, and design details exactly.
Do NOT copy layout/background from the sheet.

Create a 15-second cinematic jungle sequence with multiple cuts (fast transitions):

Scene 1 (0–3s)
Wide shot, dense prehistoric jungle.
Aro walking carefully, holding a spear, looking alert.
Fog, soft light rays.

Cut → Scene 2 (3–6s)
Grok appears behind trees, watching Aro.
Slow, heavy movement.
Close-up: Grok’s eyes focused.

Cut → Scene 3 (6–9s)
Aro slips near a rock or root.
Sudden danger sound.
Grok jumps forward quickly.

Cut → Scene 4 (9–12s)
Two other Groks appear in distance.
Grok stands in front of Aro in a protective stance.
Tension moment.

Cut → Scene 5 (12–15s)
Calm moment.
Aro standing beside Grok.
Aro gently touches Grok’s arm.
Soft sunlight through trees.

Style & Motion:
cinematic, realistic animation, smooth cuts, dynamic camera, natural movement (fog, leaves), emotional tone (danger → protection → trust)

Important:
Only use the uploaded sheet for character identity and design consistency.
All scenes, camera, lighting, and actions must be newly generated."
renoise-2051438111729881303,Create me a full character sheet and story board with the assets provided,,真人,现实向,剧情短片,,en,Seedance 2.0,,,renoise-ai/awesome-seedance-prompts,https://github.com/renoise-ai/awesome-seedance-prompts/blob/904b6caffa21c2b114bb93e1bd0e37ba80b3dd10/data/prompts/2051438111729881303.json,CC-BY-4.0,HeyGen,https://x.com/HeyGen/status/2051438111729881303,True,prompts/真人/现实向/剧情短片/renoise-2051438111729881303--Create-me-a-full-character-sheet-and-sto.md,Create me a full character sheet and story board with the assets provided
renoise-2052304232175575401,"Create a UGC-style video hook for @[actor] as EVAN, a high-energy content…",,真人,特效向,特效综合,,en,Seedance 2.0,,,renoise-ai/awesome-seedance-prompts,https://github.com/renoise-ai/awesome-seedance-prompts/blob/904b6caffa21c2b114bb93e1bd0e37ba80b3dd10/data/prompts/2052304232175575401.json,CC-BY-4.0,taruma sakti,https://x.com/tarumainfo/status/2052304232175575401,True,prompts/真人/特效向/特效综合/renoise-2052304232175575401--Create-a-UGC-style-video-hook-for-actor.md,"Create a UGC-style video hook for @[actor] as EVAN, a high-energy content creator demonstrating a ""clone effect"" tutorial, transitioning from a friendly direct-to-camera intro to a chaotic visual effect showcase, ending with a cliffhanger for part two."
renoise-2053096163210150324,Character Description,,真人,现实向,运动,,en,Seedance 2.0,,,renoise-ai/awesome-seedance-prompts,https://github.com/renoise-ai/awesome-seedance-prompts/blob/904b6caffa21c2b114bb93e1bd0e37ba80b3dd10/data/prompts/2053096163210150324.json,CC-BY-4.0,Aaliya,https://x.com/AIwithAliya/status/2053096163210150324,True,prompts/真人/现实向/运动/renoise-2053096163210150324--Character-Description.md,"Character Description
Young woman in her early 20s with the exact same facial features as the reference image, realistic appearance, soft oval face, fair warm skin tone, expressive almond-shaped hazel eyes, naturally thick brows, delicate nose, soft pink lips, gentle elegant smile, realistic skin texture, loosely tied brunette hair with soft face-framing strands. Wearing a stylish red-and-black football jersey layered over a gray oversized hoodie, casual streetwear vibe, slim build, slightly shy personality, authentic candid facial expressions, seated among football supporters inside a packed stadium. No celebrity look, no model styling, completely ordinary realistic sports fan energy.
Updated Version (Football Stadium + English Commentary)
Second 1
Wide shot of a massive professional indoor football stadium in South Korea. A giant hanging jumbotron dominates the center of the arena. Bright stadium floodlights, realistic crowd movement, subtle audience chatter, distant referee whistles, and authentic football match atmosphere. The jumbotron displays a young female audience member wearing a red-and-black football jersey layered over a gray oversized hoodie, casually sitting in the stands.
Faint English sports commentary can be heard naturally in the background:
“Looks like we’ve found one of the fans enjoying tonight’s match…”
Second 2
Camera remains focused on the jumbotron screen. Subtle Korean live-TV graphics appear naturally in the corner: minimalist Korean broadcast interface, translucent scoreboard overlay, small Korean text, tiny red LIVE icon. The young woman still does not realize she is being shown on the giant stadium screen.
English commentator:
“She has absolutely no idea she’s on camera right now.”
Second 3
People sitting nearby begin noticing her on the screen. Some spectators laugh softly and point toward her. The young woman starts looking around in confusion, trying to understand what is happening.
English commentator chuckles lightly:
“And there it is… realization is slowly kicking in.”
Second 4
The broadcast camera smoothly tilts downward from the hanging jumbotron toward the real audience seating area. Realistic long-lens sports camera movement with subtle handheld micro-shake from a live TV operator.
Crowd noise swells naturally.
Second 5
The camera finally locates the young woman in the crowd. Autofocus briefly adjusts and locks onto her face. Slow zoom-in begins naturally like a real football broadcast reaction cam.
English commentator:
“We found her. Front row of embarrassment tonight.”
Second 6
The zoom becomes tighter and slightly faster. The young woman suddenly realizes the live camera is focused on her and that her face is being displayed on the stadium screen. Her expression instantly becomes awkward and embarrassed.
Nearby fans laugh naturally.
English commentator laughing softly:
“There it is! She knows now.”
Second 7
Medium close-up shot. She gives a nervous laugh, briefly looks away from the camera, shoulders slightly tense. Her hands move awkwardly as if unsure how to react. Nearby audience members smile and laugh naturally.
English commentator:
“You’ve got to wave now. Stadium rules.”
Second 8
The camera zooms even closer in authentic live-TV fan-cam style. Background spectators become softly blurred due to telephoto lens compression and shallow depth of field. The young woman forces a shy smile while partially covering her face.
Subtle compression artifacts and realistic sports-broadcast sharpness.
Second 9
Tight realistic close-up. She avoids direct eye contact, laughs awkwardly, then gives a small embarrassed wave toward the camera. Crowd reactions remain subtle and natural.
English commentator:
“There we go! She survived the fan cam.”
Second 10
The camera slightly shakes as if the live-TV operator is adjusting the shot while staying locked onto her awkward expression. Korean LIVE broadcast overlays remain visible. The moment feels spontaneous, candid, and completely authentic like a rea"
renoise-2054090979435483383,SUBJECTS,,漫剧,特效向,特效综合,3D卡通,en,Seedance 2.0,,,renoise-ai/awesome-seedance-prompts,https://github.com/renoise-ai/awesome-seedance-prompts/blob/904b6caffa21c2b114bb93e1bd0e37ba80b3dd10/data/prompts/2054090979435483383.json,CC-BY-4.0,HOT (The Blue Cat 🥵),https://x.com/Hot_OnStudio/status/2054090979435483383,True,prompts/漫剧/特效向/特效综合/renoise-2054090979435483383--SUBJECTS.md,"SUBJECTS
Blue Cat Chief: adult, wearing a chef uniform, positioned on the ground level, using a large stainless steel cake spatula to chase along the edge of the countertop, escalating from controlled swings to fully uncontrolled strikes (character reference @ image1)
The crispy tendie: small-sized, always moving on the countertop, rapid run, advancing unidirectionally to the right along the countertop while performing left-right dodges and abrupt stops with direction changes (character reference @ image2)
ENVIRONMENT
Home kitchen, continuous long countertop with clear depth
Common kitchen objects distributed across the countertop (bowls, plates, whisk, measuring cups, etc.)
Window is closed
STYLE
Realistic 3D animation, strong physical feedback
CAMERA DETAILS
POV is a close-following rear perspective behind The crispy tendie, low angle moving forward along the countertop; attacks primarily press in from above and from the sides, with only one brief frontal confrontation
Timeline
0:00-0:02:
Medium shot, 35mm, slow push-in. The chef stands on the left side of the countertop, lightly whistling while organizing, mouth movement perfectly synchronized with the whistling sound (lip-sync); countertop objects are neatly arranged; The crispy tendie crawls in the corner making subtle noise, the chef gradually stops and locks onto the target.
SFX: whistling (only present in this phase), subtle crawling
0:02-0:04:
Low-angle tracking shot, 28mm, forward movement. The crispy tendie accelerates to the right along the countertop and begins dodging; the chef lunges forward and starts striking, the whistling sound completely stops the moment the action begins; the first hit strikes the countertop edge, causing objects to shift from vibration.
SFX: footsteps, heavy metal impact
0:04-0:10:
POV shot, 20mm, close-follow high-speed forward movement. The camera continuously advances without looking back; The crispy tendie performs serpentine dodging; the chef’s attacks press in from above and the sides, each strike accidentally and realistically hitting objects along the way, gradually creating and maintaining a chaotic state.
SFX: continuous heavy impacts, object collisions
0:10-0:12:
POV slows down. A window appears ahead; The crispy tendie stops on the countertop inside the window, turns to face the chef directly, shows a smug smile and makes a provocative gesture.
SFX: brief pause
0:12-0:14:
Medium shot push-in. The chef throws the spatula toward the The crispy tendie; after release, no tool remains in hand; the spatula misses and hits the window, shattering the glass; The crispy tendie continuously jumps out through the broken opening.
SFX: air slice, glass shatter
0:14-0:15:
Wide static shot. The chef’s hands are empty, turns to see the entire countertop in complete chaos (all struck objects remain scattered, overturned, and dirty), brief pause followed by a breakdown scream.
SFX: silence → breakdown scream"
renoise-2054096173661843890,"A rain-lashed cyberpunk climax in Neo Dhaka, filmed as a 15-second continuous…",,真人,特效向,科幻,,en,Seedance 2.0,,,renoise-ai/awesome-seedance-prompts,https://github.com/renoise-ai/awesome-seedance-prompts/blob/904b6caffa21c2b114bb93e1bd0e37ba80b3dd10/data/prompts/2054096173661843890.json,CC-BY-4.0,Zulkar Naim,https://x.com/zulkarnaimx/status/2054096173661843890,True,prompts/真人/特效向/科幻/renoise-2054096173661843890--A-rain-lashed-cyberpunk-climax-in-Neo-Dh.md,"A rain-lashed cyberpunk climax in Neo Dhaka, filmed as a 15-second continuous sequence: open with a wide high-angle crane down over a reflective rooftop deck, needle-like skyline towers glowing cyan beneath storm clouds, drones circling, and the giant billboard reading “THE FUTURE IS OURS” as Zulkar Naim—young South Asian man in a sleek black tactical suit with cyan-lit seams—faces Grover Leo—rugged bearded man in a black long coat and weathered silver armor with a crescent chest emblem; cut to a lateral tracking two-shot as Zulkar reaches out, trying to stop him peacefully, while Grover ignites a massive Pulse-powered energy blade and attacks; cut tight handheld on Grover’s wet face and blade hilt as lightning reveals pain, corruption, and doubt in his eyes; arc around their medium-shot clash through shattered holograms, rain spray, hand-to-hand strikes, and gravity-charged movement as Zulkar breaks toward the Pulse amplifier instead of killing his former friend; finish with a wide pull-out as the amplifier is destroyed, cyan energy storms engulf the skyline, drones fade, Grover disappears into the ruins, and Zulkar walks away alone into fog and silence, becoming the Guardian of the Last Signal."
renoise-2054100035512447037,create a time-lapse video for a movie makeup by a professional makup artist…,,其他,,风景空镜,,en,Seedance 2.0,,,renoise-ai/awesome-seedance-prompts,https://github.com/renoise-ai/awesome-seedance-prompts/blob/904b6caffa21c2b114bb93e1bd0e37ba80b3dd10/data/prompts/2054100035512447037.json,CC-BY-4.0,BlAise,https://x.com/Blaiseking4/status/2054100035512447037,True,prompts/其他/风景空镜/renoise-2054100035512447037--create-a-time-lapse-video-for-a-movie-ma.md,"create a time-lapse video for a movie makeup by a professional makup artist. but do not include the undertitles or scene descriptions. but show the hands of the makeup artists working in the time-lapse. based on scenes based on my face thisme
1) my normal face
2) enongate beard
3) forhead prostetics gets added
4) cheek prostetics gets added
5) ear prostetics gets added
6) chin prostetics gets added
7) nose prostetic gets added
8) snake eye contact lenses gets added
9) airbrush cheeks gets added
10) airbrush forhead gets added
11) airbrush chin gets added
12) airbrush other details + finishing touches gets added"
renoise-2054119030349541452,[0:00 – 0:02 | THE ENTRANCE] Extreme close-up — a single bead of water crawls…,,真人,特效向,超现实创意,,en,Seedance 2.0,,,renoise-ai/awesome-seedance-prompts,https://github.com/renoise-ai/awesome-seedance-prompts/blob/904b6caffa21c2b114bb93e1bd0e37ba80b3dd10/data/prompts/2054119030349541452.json,CC-BY-4.0,Jasmine Ai,https://x.com/jasminekhan90_/status/2054119030349541452,True,prompts/真人/特效向/超现实创意/renoise-2054119030349541452--0-00-–-0-02-THE-ENTRANCE-Extreme-close-u.md,"[0:00 – 0:02 | THE ENTRANCE] Extreme close-up — a single bead of water crawls slowly down a windshield in perfect slow motion, refracting the world behind it into a distorted dreamscape. Camera pulls back to reveal the car crossing the threshold into the wash — a dark tunnel mouth that swallows the vehicle whole. The outside world disappears. What replaces it is something else entirely. Something alive. The first jets of water hit the glass like a curtain rising on a stage.
[0:02 – 0:04 | THE WATER WALL] High pressure jets erupt from all sides simultaneously — filmed in extreme slow motion from inside the car. Water doesn't look like water anymore — it looks like liquid glass, like silver silk, like a thousand translucent ribbons unraveling in every direction at once. Camera rotates slowly as sheets of water cascade across the frame. Refracted light splits through every droplet turning the interior into a moving cathedral of pure light and motion.
[0:04 – 0:06 | THE COLOR EXPLOSION] Soap foam floods the screen — hot pink, electric blue, acid yellow, deep violet — churning and folding into each other in hypnotic slow motion. Camera pushes close into the foam itself — massive iridescent bubbles form and collapse revealing miniature worlds inside each one. Colors bleed and swirl like a living oil painting being remixed in real time. No car. No wash. Just pure abstract color consuming the entire frame.
[0:06 – 0:08 | THE BRUSH STORM] The giant spinning brushes descend in slow motion — thick bristles catching neon light, flinging arcs of colored water and foam outward like a painter attacking a canvas. Filmed from directly below looking up — brushes fill the entire sky above, spinning hypnotically, water flying off them in perfect centrifugal spirals. The sound drops to near silence. Only the deep rhythmic whoosh of spinning bristles remains. Meditative and surreal.
[0:08 – 0:10 | THE EMERGENCE] Final rinse — crystal clear water floods every surface in one overwhelming wave of pure transparency. Slow motion shot from the front — every droplet catching the light outside the tunnel ahead, the exit glowing like a white portal. The car slides through. Sudden burst of natural golden sunlight floods the frame. Every water droplet on the glass becomes a tiny prism throwing miniature rainbows across the interior. Screen bleaches slowly to pure white. Gone.
Voiceover (soft, hypnotic, almost whispering):
""We built machines to clean things. We never expected them to make something beautiful."""
renoise-2054120118230114784,Use the provided character @[character reference] as the fixed identity…,,真人,现实向,时尚写真,,en,Seedance 2.0,,,renoise-ai/awesome-seedance-prompts,https://github.com/renoise-ai/awesome-seedance-prompts/blob/904b6caffa21c2b114bb93e1bd0e37ba80b3dd10/data/prompts/2054120118230114784.json,CC-BY-4.0,Kōda,https://x.com/aimikoda/status/2054120118230114784,True,prompts/真人/现实向/时尚写真/renoise-2054120118230114784--Use-the-provided-character-character-ref.md,"Use the provided character @[character reference] as the fixed identity reference.

Create a 15-second, facial performance video.

The character is cute, sweet, charming and slightly mysterious.
Preserve the character’s face, hair, proportions, age, styling and overall appeal with strict identity consistency.

The video should feel like a beat-synced portrait performance with 16 distinct beats and a hard cut on every beat. Use cinematic tight close-up language, a soft neutral background, high facial clarity, shallow depth of field, soft studio lighting and a subtle dreamy atmosphere. The overall mood should stay cute, controlled and hypnotic.

Each beat should be treated as a separate shot, not as one continuous take. Use clean cinematic close-up variation, including frontal close-up, left 3/4 close-up, right 3/4 close-up, side close-up, high angle, low angle and subtle Dutch angle. Keep camera movement minimal and use only gentle micro push-in on selected beats.

Use the FACS code as the main physical expression instruction. Do not over-explain the anatomical meaning of each AU. Use the added direction words only as modifiers. Keep the acting soft, cute, precise and controlled. Expressions should feel charming, not scary.

Overall valence should stay neutral to slightly positive. Overall arousal should stay low to medium. Brief arousal spikes are allowed, but the character must remain elegant, cute and controlled.

BEATS:
1. AU10 | frontal tight CU, eye level | valence slightly positive | arousal low | intent curious, cute
2. AU20 left | left 3/4 CU, eye level | valence neutral to slightly positive | arousal low-medium | intent shy, uncertain
3. AU22 high | frontal CU, slight high angle | valence positive | arousal medium | intent playful, teasing
4. AU23 right | right 3/4 CU, eye level | valence neutral | arousal medium | intent focused, restrained
5. AU27 low | frontal tight CU, slight low angle | valence positive | arousal medium | intent cute surprise
6. AU45 | frontal CU, eye level | valence calm positive | arousal low | intent peaceful, hypnotic
7. AU53 left | left side CU, slight high angle | valence slightly positive | arousal low-medium | intent curious, delicate
8. AU61 left | left 3/4 CU, eye level | valence neutral to slightly positive | arousal low | intent bashful, restrained
9. AU64 down | frontal CU, slight high angle | valence neutral to slightly positive | arousal low | intent dreamy, thoughtful
10. AU62 right | right side CU, eye level | valence positive | arousal low-medium | intent playful, secretive
11. AU85 up | frontal CU, high angle | valence positive | arousal low-medium | intent innocent, open
12. AU46 | frontal CU, subtle Dutch angle | valence positive | arousal low-medium | intent charming, playful
13. AU22 + AU53 right | right 3/4 CU, slight low angle | valence positive | arousal medium | intent lively, charming
14. AU84 left | left 3/4 CU, subtle Dutch angle | valence positive with slight mystery | arousal low-medium | intent cryptic, cute
15. AU12 + AU10 | frontal tight CU, eye level | valence positive | arousal medium | intent sweet smile, warm curiosity
16. AU45 + AU46 | frontal extreme CU, eye level | valence positive with slight mystery | arousal low-medium | intent final charming blink-wink, subtle micro push-in

NEGATIVE:
No subtitles, No text, No lip-sync, no singing, no dialogue, no spoken words, no mouth-synced vocal performance, no monster transformation, no gore, no horror face, no grotesque distortion, no comedy, no exaggerated cartoon acting, no identity drift, no face melting, no scary teeth, no extra characters, no text overlay, no watermark, no background distraction, no full body shot, no strong emotional overacting."
renoise-2054121645766328345,"A dynamic, high-energy cinematic video of a stylish long-haired male rider with…",,真人,现实向,运动,,en,Seedance 2.0,,,renoise-ai/awesome-seedance-prompts,https://github.com/renoise-ai/awesome-seedance-prompts/blob/904b6caffa21c2b114bb93e1bd0e37ba80b3dd10/data/prompts/2054121645766328345.json,CC-BY-4.0,Jahan Zaib,https://x.com/jzaib4269/status/2054121645766328345,True,"prompts/真人/现实向/运动/renoise-2054121645766328345--A-dynamic,-high-energy-cinematic-video-o.md","A dynamic, high-energy cinematic video of a stylish long-haired male rider with sunglasses and a beard performing insane motocross freestyle stunts in a modern cityscape (Dubai) at golden hour. He aggressively rides a bright green dirt bike, launching off massive concrete stairs, grinding rails with bright orange sparks flying, doing huge jumps and backflips over ramps in front of iconic skyscrapers and the Burj Khalifa, pulling long wheelies, and whipping the bike in the air. Spectators watch from the sides and balconies. Epic low-angle and tracking camera shots, dramatic lighting, dust and smoke effects, smooth slow-motion moments mixed with fast action. Ends with a cool close-up of the rider removing his futuristic sunglasses, hair blowing in the wind, looking directly at camera with a confident expression. Professional cinematic color grading, high production quality, energetic and viral stunt reel style."
renoise-2054124514456248797,Single continuous shot. A military sniper lies hidden on a rooftop at dusk…,,真人,特效向,动作大片,,en,Seedance 2.0,,,renoise-ai/awesome-seedance-prompts,https://github.com/renoise-ai/awesome-seedance-prompts/blob/904b6caffa21c2b114bb93e1bd0e37ba80b3dd10/data/prompts/2054124514456248797.json,CC-BY-4.0,LudovicCreator,https://x.com/LudovicCreator/status/2054124514456248797,True,prompts/真人/特效向/动作大片/renoise-2054124514456248797--Single-continuous-shot.-A-military-snipe.md,"Single continuous shot. A military sniper lies hidden on a rooftop at dusk overlooking a dense urban warzone filled with smoke and distant fires. [Close-up] The sniper slowly adjusts the scope of a high-tech rifle while wind blows dust and debris across the rooftop. High VFX: glowing scope reflections, drifting embers, cinematic smoke, floating dust particles, subtle lens flares, and distant explosions lighting the skyline. The sniper steadies his breathing and locks onto a distant target through the scope. [Over-the-shoulder] The camera reveals the city below as tracer rounds streak across the background and sparks rain from damaged buildings. The sniper fires a single powerful shot with a bright muzzle flash, shockwave distortion, and a shell casing spinning through the air in slow motion while the environment echoes with cinematic battlefield energy."
renoise-2054140946304905452,15-SECOND CINEMATIC ACTION SCENE,,漫剧,特效向,奇幻冒险,2D日漫,en,Seedance 2.0,,,renoise-ai/awesome-seedance-prompts,https://github.com/renoise-ai/awesome-seedance-prompts/blob/904b6caffa21c2b114bb93e1bd0e37ba80b3dd10/data/prompts/2054140946304905452.json,CC-BY-4.0,MO,https://x.com/MO_IAI/status/2054140946304905452,True,prompts/漫剧/特效向/奇幻冒险/renoise-2054140946304905452--15-SECOND-CINEMATIC-ACTION-SCENE.md,"15-SECOND CINEMATIC ACTION SCENE

ARENA: A vast celestial highway of luminous silver scripture-ribbons spiraling through an endless sky-vortex above an ocean of clouds. Ancient golden calligraphy glows along the curving silk-glass roads that twist into a radiant white singularity at the horizon. Sunbeams pierce cumulus pillars; mist trails ripple as the ribbons vibrate from every impact.

RIVALS:
- Fighter A: a swift swordswoman in flowing white-and-silver hanfu robes, long black hair whipping behind her, wielding a slender jian blade trailing a serpentine ink-black ribbon of swirling Qi that coils like a dragon. Cranes scatter in her wake, red petals burst with every slash.
- Fighter B: a dark-robed sorcerer in a black kimono, calm and lethal, commanding a storm of glowing talisman papers and crackling blue spirit-chains, runes igniting along his outstretched palm, eyes burning cyan.

SHOT-BY-SHOT (15s, hyper-kinetic):

1. 0.0–2.0s — Whip-pan from clouds upward; camera rockets along a scripture ribbon at warp speed, golden glyphs streaking past lens, motion blur, lens flare exploding into the singularity.
2. 2.0–4.0s — Match cut to low orbital arc: swordswoman dashes along a curving silver road, ink-ribbon Qi spiraling behind her. Camera barrel-rolls 360° around her as she leaps into the air, robe billowing in slow-mo, then snaps back to real-time.
3. 4.0–6.0s — Hard cut to sorcerer mid-air on the opposite ribbon; talisman papers swirl like a hurricane, blue chains lash outward. Drone-style crash-zoom into his glowing palm as a rune ignites, then dolly-pulls back violently.
4. 6.0–8.0s — Clash POV: camera flies between them as blade meets chains; sparks of gold and cyan explode outward, shockwave bends the ribbon road, cloud bank ruptures. Time freezes for 0.3s, bullet-time orbit around the locked weapons.
5. 8.0–10.0s — Speed ramp: she spins, ink-dragon Qi coils and strikes; he back-flips weightlessly, talismans forming a shield. Camera whip-pans across them along the spiraling highway, glyphs streaking like neon.
6. 10.0–12.0s — Vertical plunge: both combatants free-fall along a corkscrewing scripture ribbon; camera spirals with them, FPV drone style, clouds whipping past, petals and paper shards filling the frame.
7. 12.0–14.0s — She thrusts, he counters with a chain-burst; massive impact, white-blue shockwave, camera shakes violently, lens cracks with light. Slow-mo close-up of crossed eyes, calm fury.
8. 14.0–15.0s — Pull-back rocket shot: camera retreats through clouds at hyperspeed, revealing the entire vortex of scripture lit by their colliding auras — fade to white singularity.

STYLE: Cinematic anime-realism, IMAX wide lens, 24fps with speed-ramps to 120fps, volumetric god-rays, anamorphic flares, particle debris, atmospheric haze, rich contrast, score swelling with taiko drums and strings."
renoise-2054150819415728418,[CUT 1 — 0:00–0:02] Extreme close-up on bare feet standing at the very edge of…,,真人,现实向,运动,,en,Seedance 2.0,link-only,sexual,renoise-ai/awesome-seedance-prompts,https://github.com/renoise-ai/awesome-seedance-prompts/blob/904b6caffa21c2b114bb93e1bd0e37ba80b3dd10/data/prompts/2054150819415728418.json,CC-BY-4.0,Jasmine Ai,https://x.com/jasminekhan90_/status/2054150819415728418,True,prompts/真人/现实向/运动/renoise-2054150819415728418--CUT-1-—-0-00–0-02-Extreme-close-up-on-ba.md,
renoise-2054154414085308433,fixed gear street rider @ image1. Riding a racing fixed gear bike: lightweight…,,漫剧,现实向,剧情短片,绘画风,en,Seedance 2.0,,,renoise-ai/awesome-seedance-prompts,https://github.com/renoise-ai/awesome-seedance-prompts/blob/904b6caffa21c2b114bb93e1bd0e37ba80b3dd10/data/prompts/2054154414085308433.json,CC-BY-4.0,Latte,https://x.com/0xbisc/status/2054154414085308433,True,prompts/漫剧/现实向/剧情短片/renoise-2054154414085308433--fixed-gear-street-rider-image1.-Riding-a.md,"fixed gear street rider @ image1. Riding a racing fixed gear bike: lightweight hybrid-material frame, narrow handlebar setup, dark high-reflective metal components.
ENVIRONMENT:
Modern urban daytime district. Open main streets, narrow alleyways, long stair sets, underpass spaces, pedestrian zones, underground passages, metal structures, and complex elevation changes together form a continuous riding route, with a small number of real moving vehicles and pedestrians throughout the city.

STYLE:
Highly stylized dynamic urban illustration, gritty shadow layering, aggressive light and shadow separation, exaggerated spatial perspective, and high-speed kinetic energy. The visuals are not realistic 3D rendering.
SHOT 1: Hard cut in. High-speed dynamic follow shot with an intense sense of speed pressure / The protagonist is already charging down an ultra-long urban stair set at high speed, immediately flowing into a dangerous front-wheel balance glide; as the motion ends, he instantly uses inertia to leap onto the edge of an ultra-long metal structure, aggressively scraping across the top of the rail at high speed while moving forward, with metal friction sparks continuously exploding along the trajectory. The entire sequence contains almost no pause / SFX: explosive tire impacts, metallic screeching, high-speed chain vibration

SHOT 2: Match movement cut. High-speed lateral tracking shot, with the camera continuously maintaining motion rhythm / He blasts into a narrow alleyway at high speed, carving through multiple dangerous corners with continuous precision racing lines; immediately after, he uses the terrain to launch across a massive gap, performing an extremely fast bike rotation control midair before precisely restoring riding posture, then continues charging toward the underpass space after landing / SFX: wind slicing, air bursts, heavy drum impacts
SHOT 3: Seamless whip pan transition. High-speed push-in shot continuously following the riding trajectory / He bursts out from the underground space at high speed, consecutively clearing multiple obstacle structures; immediately after landing, he enters a dangerous balance state sustained only by the rear wheel, continuing a high-speed glide along an ultra-narrow edge. The instant the move ends, he smoothly restores normal riding posture and rapidly changes direction multiple times toward the open urban district / SFX: heavy landing impacts, tire screeches, roaring airflow

SHOT 4: Snap cut. High-pressure frontal motion shot / The protagonist charges toward an intersection at full speed when a black sedan suddenly bursts out from the side at high speed; the camera, audience, and driver all believe a catastrophic collision is unavoidable in the next second. At the final instant, he violently locks the rear wheel into an ultra-long lateral skid, the entire bike narrowly scraping past the front of the car at an almost impossible distance, while smoke, sparks, and shredded tire debris instantly engulf the frame; he then uses the remaining speed to precisely cut into the entrance of a nearby parking structure / SFX: tire screeching, emergency car braking, massive air burst, sudden low-frequency vacuum in the music

SHOT 5: Crash zoom into payoff. Dynamic medium-close push-in / He charges all the way onto the edge of a rooftop parking platform, then comes to a precise stop after one final explosive acceleration burst; the rear wheel is still spinning rapidly, while his body remains above the bike in an extremely dangerous yet perfectly stable posture, with inertia-driven airflow continuously lifting the hems of his clothing and pants, and city glass reflections constantly sweeping across the metal bike frame surface. The music erupts again before instantly cutting out, with the final frame locking onto this extremely dangerous yet perfectly balanced iconic pose / SFX: chain rebound, free-spinning tire, distant urban ambience"
renoise-2054160156439847031,"Style: Ultra-modern Nike commercial, hyper-realistic fashion sports…",,其他,,广告带货,,en,Seedance 2.0,link-only,brand-ad,renoise-ai/awesome-seedance-prompts,https://github.com/renoise-ai/awesome-seedance-prompts/blob/904b6caffa21c2b114bb93e1bd0e37ba80b3dd10/data/prompts/2054160156439847031.json,CC-BY-4.0,Keskin,https://x.com/craftian_keskin/status/2054160156439847031,True,"prompts/其他/广告带货/renoise-2054160156439847031--Style-Ultra-modern-Nike-commercial,-hype.md",
renoise-2054175985457635636,"STYLE: Premium 3D family animation, Pixar-level quality, warm, colorful…",,漫剧,现实向,日常治愈,3D卡通,en,Seedance 2.0,,,renoise-ai/awesome-seedance-prompts,https://github.com/renoise-ai/awesome-seedance-prompts/blob/904b6caffa21c2b114bb93e1bd0e37ba80b3dd10/data/prompts/2054175985457635636.json,CC-BY-4.0,Kaan Alper,https://x.com/kaan_alper/status/2054175985457635636,True,"prompts/漫剧/现实向/日常治愈/renoise-2054175985457635636--STYLE-Premium-3D-family-animation,-Pixar.md","STYLE: Premium 3D family animation, Pixar-level quality, warm, colorful, expressive, comedic, cinematic. PART 1 of “Blonde Mom & Daughter Pizza Disaster.” Duration 15 seconds. A blonde mother and blonde daughter begin making pizza in a cozy traditional kitchen, but both are very clumsy.

CONTINUITY: Begin immediately AFTER the previous clip’s final frame. Do NOT replay or repeat the previous action. Same characters, same faces, same outfits, same environment, same lighting, same positions. This is Part 1. Keep mother and daughter identical throughout: blonde hair, big expressive eyes, soft cartoon proportions, warm faces, same aprons, same traditional kitchen. No character change, no outfit change, no location reset.

CHARACTERS: Blonde mother, cheerful, loving, clumsy, wearing a simple kitchen apron. Blonde little daughter, energetic, curious, extra clumsy, wearing a cute apron. Both are lovable and family-friendly, with exaggerated facial expressions.

ENVIRONMENT: Traditional warm kitchen with wooden cabinets, tiled wall, copper pans, flour bag, tomato sauce bowl, cheese bowl, rolling pin, pizza dough on wooden table, sunlight through window, cozy home atmosphere.

SCENE FLOW: 0:00–0:02 wide establishing shot: mother and daughter gather pizza ingredients, smiling confidently. 0:02–0:04 they proudly place dough on the table like pizza experts. 0:04–0:06 daughter throws flour too enthusiastically; flour explodes upward and covers both faces. 0:06–0:08 they freeze, blink through the flour, then giggle. 0:08–0:10 mother stretches the dough; it becomes too elastic and flaps upward toward the camera. 0:10–0:13 daughter grabs tomato sauce, slips slightly, and sauce splashes across the table in slow comedic motion. 0:13–0:15 both freeze in shocked silence, covered in flour and sauce, then burst into laughter together.

CAMERA: Viral family-comedy angles: warm wide establishing shot, medium two-shot, quick push-in on flour explosion, close reaction shot, low-angle dough flap gag, slow-motion sauce splash close-up, final warm pull-back. Stable cinematic camera, readable action, no chaotic shake, no random spin. 16:9, smooth 24fps animation feel, dynamic but clear framing.

MOTION: Exaggerated cartoon timing but physically believable. Flour floats softly, dough stretches elastically, sauce splashes with funny weight. Characters stumble safely, no injury, no broken anatomy.

EFFECTS: Flour cloud, dough stretch, tomato sauce splash, small cheese particles, soft sunlight glow, playful squash and stretch, clean animation.

LIGHTING: Warm golden kitchen light, soft window sunlight, cozy amber highlights, colorful food textures.

AUDIO: Clean cinematic audio, clear dialogue, consistent playful music, no distortion. Funny pizzicato strings, light percussion, flour “poof,” dough flap, sauce splat, cute gasps, laughter.

ENDING: End on both characters laughing together, messy but happy, pizza table in chaos.

QUALITY: Minimum 8K quality, ultra sharp, high detail, clean textures, stable faces, no blur, no compression artifacts.

NEGATIVE: no replay, no reset, no character change, no outfit change, no scary mood, no injury, no crying, no anger, no gross food, no face distortion, no warped hands, no broken limbs, no random camera spin, no low resolution, no compression artifacts."
renoise-2054180393985728784,The sequence plays as a single continuous 7-second cinematic shot:,,其他,,广告带货,,en,Seedance 2.0,,,renoise-ai/awesome-seedance-prompts,https://github.com/renoise-ai/awesome-seedance-prompts/blob/904b6caffa21c2b114bb93e1bd0e37ba80b3dd10/data/prompts/2054180393985728784.json,CC-BY-4.0,Promethean,https://x.com/PrometheanAIX/status/2054180393985728784,True,prompts/其他/广告带货/renoise-2054180393985728784--The-sequence-plays-as-a-single-continuou.md,"The sequence plays as a single continuous 7-second cinematic shot:
0–1s: The Apple iPhone Pro 17 is revealed in stillness, minimal and logo-free, before a sharp line of light slices across it, triggering a precise and instantaneous disassembly.
1–3s: The camera moves fluidly through the separated layers—frame, glass, circuitry, battery, cables, and camera modules—showcasing engineering depth and detail.

3–4s: The components suspend mid-air in a clean, symmetrical layout as the camera performs a smooth 180-degree rotation.

4–6s: Motion reverses as every element snaps back into place with speed and precision, reforming the device seamlessly.

6–7s: The fully assembled Apple iPhone Pro 17 settles into a three-quarter view, its screen remaining pure black and reflective, before fading to darkness with only soft film grain and faint light streaks lingering."
renoise-2054188805733659030,Create a seamless 15-second cinematic 3D animated comedy video.,,漫剧,现实向,喜剧搞笑,3D卡通,en,Seedance 2.0,link-only,copyrighted-character,renoise-ai/awesome-seedance-prompts,https://github.com/renoise-ai/awesome-seedance-prompts/blob/904b6caffa21c2b114bb93e1bd0e37ba80b3dd10/data/prompts/2054188805733659030.json,CC-BY-4.0,ai.gezgini,https://x.com/ai_gezgini/status/2054188805733659030,True,prompts/漫剧/现实向/喜剧搞笑/renoise-2054188805733659030--Create-a-seamless-15-second-cinematic-3D.md,
renoise-2054193525097652513,Create a hyper-realistic cinematic Nike Air Force 1 commercial with the…,,其他,,广告带货,,en,Seedance 2.0,link-only,brand-ad,renoise-ai/awesome-seedance-prompts,https://github.com/renoise-ai/awesome-seedance-prompts/blob/904b6caffa21c2b114bb93e1bd0e37ba80b3dd10/data/prompts/2054193525097652513.json,CC-BY-4.0,ᴍᴜʀᴘʜʏ,https://x.com/Diplomeme/status/2054193525097652513,True,prompts/其他/广告带货/renoise-2054193525097652513--Create-a-hyper-realistic-cinematic-Nike.md,
renoise-2054202493660226032,"First-person handheld camera, subtle organic movement throughout — not locked…",,真人,现实向,生活与vlog,,en,Seedance 2.0,,,renoise-ai/awesome-seedance-prompts,https://github.com/renoise-ai/awesome-seedance-prompts/blob/904b6caffa21c2b114bb93e1bd0e37ba80b3dd10/data/prompts/2054202493660226032.json,CC-BY-4.0,Heather Cooper,https://x.com/HBCoop_/status/2054202493660226032,True,"prompts/真人/现实向/生活与vlog/renoise-2054202493660226032--First-person-handheld-camera,-subtle-org.md","First-person handheld camera, subtle organic movement throughout — not locked, not stabilised, gentle natural drift as if a real photographer holding the camera in one hand while sipping a drink in the other.

Starting frame: first-person POV at an outdoor golden-hour wedding reception. Champagne flute held in lower-left foreground (soft blur), the bride in sharp focus mid-laugh in centre-right midground, guests bokeh-blurred behind, fairy lights in the trees.

Motion:
- The bride's laugh continues — her shoulders shake softly, her head dips slightly, eyes crinkle, hair moves naturally, then she begins to recover from the laugh and her gaze starts drifting back toward camera
- Champagne bubbles continue to rise slowly in the flute, the liquid catches subtle light shifts
- Background guests shift weight, drinks moving, soft conversation
- Fairy lights twinkle gently in the bokeh
- Golden hour light remains warm and consistent — soft sun flare drifts subtly

Camera: gentle handheld drift, very small movements — a 2 to 3 degree push forward over the duration, with natural micro-corrections (slight roll left then right), faint vertical wobble as the body breathes. Lens flare drifts as camera moves. Stays in first-person POV throughout — the champagne flute remains anchored in lower-left.

Audio: warm reception ambience — distant laughter, soft live acoustic music (single guitar), clinking glasses, faint chatter, a few birds, gentle outdoor air. The bride's laugh is audible, warm and genuine, layered into the mix. Slight breeze through trees. No music swell, no dramatic effects — pure observational documentary sound.

First-person POV held throughout. Natural handheld feel. No camera cuts, no zoom."
renoise-2054203608460345455,A powerful cinematic sequence inspired by ancient Rome and the spirit of…,,真人,特效向,动作大片,,en,Seedance 2.0,,,renoise-ai/awesome-seedance-prompts,https://github.com/renoise-ai/awesome-seedance-prompts/blob/904b6caffa21c2b114bb93e1bd0e37ba80b3dd10/data/prompts/2054203608460345455.json,CC-BY-4.0,Salt,https://x.com/XMonetizationC_/status/2054203608460345455,True,prompts/真人/特效向/动作大片/renoise-2054203608460345455--A-powerful-cinematic-sequence-inspired-b.md,"A powerful cinematic sequence inspired by ancient Rome and the spirit of gladiators, set inside a massive stone coliseum at sunset. A lone armored warrior stands in the arena, breathing heavily after battle, his helmet partially lifted, dust and sweat visible on his face and armor. The crowd around the coliseum is roaring in the background, blurred by depth of field, while banners ripple in the wind and torches flicker along the walls. The camera slowly pushes in from a wide shot to a dramatic close-up, capturing the warrior’s determined expression as he raises his sword slightly and looks toward the sky.

Use warm golden-orange lighting, floating dust particles, realistic metal reflections, cracked sand on the arena floor, and epic, emotional tension. Include a strong heroic atmosphere with slow-motion movement, subtle camera shake, and a film-grain, high-budget historical epic look. The tone should feel legendary, emotional, and victorious, matching the phrase: “What we do in life echoes in eternity.” Ultra-realistic, dramatic, immersive, 15 seconds, 16:9."
renoise-2054205512716296659,Use the attached THE DABELI storyboard image as the exact reference.,,漫剧,现实向,剧情短片,3D卡通,en,Seedance 2.0,,,renoise-ai/awesome-seedance-prompts,https://github.com/renoise-ai/awesome-seedance-prompts/blob/904b6caffa21c2b114bb93e1bd0e37ba80b3dd10/data/prompts/2054205512716296659.json,CC-BY-4.0,ANKIT PATEL 🇮🇳 | AI,https://x.com/Ankit_patel211/status/2054205512716296659,True,prompts/漫剧/现实向/剧情短片/renoise-2054205512716296659--Use-the-attached-THE-DABELI-storyboard-i.md,"Use the attached THE DABELI storyboard image as the exact reference.
Create a 12-second 16:9 animated dabeli sequence that follows the 8-shot storyboard exactly. Preserve the same Pixar-style young female street-food cook, dark apron, bright Indian street-food stall setting with glowing signage, hot buttery tawa, spice jars, warm cinematic lighting, and vivid colorful food aesthetic throughout.
Rules:
•Follow the sequence exactly from 1 to 8
•One shot per panel, approximately 1.5 seconds each
•No dialogue, no subtitles, no text on screen
•Maintain character and street-food stall continuity throughout
•Emphasize the buttery tawa sizzle, spicy masala mixing, crispy pav toast, vibrant chutney layering, crunchy sev coating, colorful toppings, and final cross-section bite

Shot sequence:
1.Cook arrives at the hot tawa station, ties apron, turns up the heat — warm street-food lights glowing, spice jars and signage visible, wide establishing shot full of energy and confidence
2.Spicy potato dabeli masala dropped onto screaming hot buttered tawa — hands only close-up, butter crackling violently, steam erupting upward instantly, masala glistening deep red-orange with peanuts and spices flying dramatically
3.Full force masala mixing — cook leaning in with focused expression, rapidly folding and smashing the spicy filling with flat spatulas, butter sizzling everywhere, coriander and chutney blending in, steam billowing upward, fast street-food energy
4.Extreme close-up of pav buns toasting in butter — deep golden crispy surface forming, butter bubbling around the edges, soft bread soaking in flavor, rich warm textures completely different from panel 3
5.Overhead flat angle looking straight down — toasted pav opened wide as spicy filling gets stuffed inside, bright red garlic chutney spread thick, green chutney streaks, glossy pomegranate pearls and crunchy peanuts scattered over the filling, vibrant and irresistible

6.Dabeli rolled through crunchy sev coating — medium shot of the stuffed dabeli pressed into sev, peanuts, coriander, and pomegranate, crunchy textures exploding outward, buttery shine and spicy reds dominating the frame

7.Cook leaning in close assembling the final dabeli — extra sev sprinkled dramatically, coriander tossed fresh, buttery pav pressed together, chutney slightly dripping from the edges, colorful toppings popping with fast confident movements

8.Dabeli sliced in half revealing perfect cross section — spicy potato filling, crunchy peanuts, sev, glossy chutneys, ruby pomegranate pearls, buttery toasted pav layers — cook takes the first massive bite, eyes closing in pure bliss

Camera:
•Wide establishing shot for the opener
•Hands only extreme close-up for the masala hitting the tawa
•Side angle for the aggressive masala mixing
•Extreme close-up for the buttery pav toast
•Overhead flat angle for the stuffing shot
•Medium shot for the crunchy sev coating
•Medium with character for the build
•Split cross section and face reaction for the bite

Style:
•Hot dramatic tawa lighting throughout
•Steam, butter crackle, and spice sizzle visible in every shot
•Buttery golden browns, vivid chutney reds, crunchy sev yellows, fresh coriander greens, glossy pomegranate highlights
•Pixar CGI vivid expressive animation
•Shallow depth of field on all close-up shots
•Fast confident street-food energy, smooth satisfying cuts

Goal: A mouth-watering 12-second dabeli journey from apron tie to first bite — buttery, spicy, crunchy, vibrant, and impossible to scroll past."
renoise-2054213433856565668,Use the attached THE PIZZA MAKER storyboard image as the exact reference.,,漫剧,现实向,日常治愈,3D卡通,en,Seedance 2.0,,,renoise-ai/awesome-seedance-prompts,https://github.com/renoise-ai/awesome-seedance-prompts/blob/904b6caffa21c2b114bb93e1bd0e37ba80b3dd10/data/prompts/2054213433856565668.json,CC-BY-4.0,Duet | AI,https://x.com/Sheldon056/status/2054213433856565668,True,prompts/漫剧/现实向/日常治愈/renoise-2054213433856565668--Use-the-attached-THE-PIZZA-MAKER-storybo.md,"Use the attached THE PIZZA MAKER storyboard image as the exact reference.
Create a 12-second 16:9 animated artisan pizza-making sequence that follows the 8-shot storyboard exactly. Preserve the same Pixar-style young pizza chef, black apron, cozy artisan pizzeria, glowing brick oven, and warm cinematic aesthetic throughout.

Rules:
• Follow the sequence exactly from 1 to 8
• One shot per panel, approximately 1.5 seconds each
• No skipped steps, no extra ingredients beyond the storyboard
• Maintain chef and restaurant continuity throughout
• Emphasize flour particles, sauce spreading texture, melting cheese, oven flames, bubbling crust, and emotional first bite reaction

Shot sequence:
1. Chef flips OPEN sign — warm sunlight and oven glow flood the pizzeria
2. Pizza dough slapped onto floured counter — dramatic flour burst in slow motion
3. Dough stretched and spun confidently by chef — cinematic motion blur
4. Rich tomato sauce spread evenly across dough — satisfying overhead close-up
5. Mozzarella cheese raining onto pizza — stretchy detailed cheese textures
6. Pizza slides into glowing brick oven — dramatic flames flickering
7. Fresh pizza pulled from oven — bubbling cheese, crispy crust, steam rising beautifully
8. Customer takes first bite — eyes light up with happiness, chef smiling proudly nearby

Camera:
• Wide shot for pizzeria opening
• Slow-motion close-up for dough slap
• Overhead angle for sauce spread
• Macro close-ups for melting cheese and bubbling crust
• Tight emotional close-up for first bite reaction

Style:
• Warm golden oven lighting throughout
• Rich tomato reds, melted cheese golds, toasted crust browns, basil greens
• Pixar CGI vivid expressive animation
• Shallow depth of field on close-up shots
• Smooth satisfying cuts with energetic restaurant atmosphere

Goal:
A beautiful 12-second artisan pizza journey from dough toss to happy first bite — hot, cinematic, energetic, and deeply satisfying to watch."
renoise-2054225219410157747,SUBJECTS:,,漫剧,特效向,奇幻冒险,3D卡通,en,Seedance 2.0,,,renoise-ai/awesome-seedance-prompts,https://github.com/renoise-ai/awesome-seedance-prompts/blob/904b6caffa21c2b114bb93e1bd0e37ba80b3dd10/data/prompts/2054225219410157747.json,CC-BY-4.0,HOT (The Blue Cat 🥵),https://x.com/Hot_OnStudio/status/2054225219410157747,True,prompts/漫剧/特效向/奇幻冒险/renoise-2054225219410157747--SUBJECTS.md,"SUBJECTS:
Blue Cat street rider. Riding a racing fixed gear bike: lightweight hybrid-material frame, narrow handlebar setup, dark high-reflective metal components.

ENVIRONMENT:
Modern urban daytime district. Open main streets, narrow alleyways, long stair sets, underpass spaces, pedestrian zones, underground passages, metal structures, and complex elevation changes together form a continuous riding route, with a small number of real moving vehicles and pedestrians throughout the city.

STYLE:
Realistic 3D animation, exaggerated spatial perspective, and high-speed kinetic energy.
SHOT 1: Hard cut in. High-speed dynamic follow shot with an intense sense of speed pressure / he is already charging down an ultra-long urban stair set at high speed, immediately flowing into a dangerous front-wheel balance glide; as the motion ends, he instantly uses inertia to leap onto edge of an ultra-long metal structure, aggressively scraping across the top of the rail at high speed while moving forward, with metal friction sparks continuously exploding along the trajectory. SFX: explosive tire impacts, metallic screeching, high-speed chain vibration

SHOT 2: Match movement cut. High-speed lateral tracking shot, with the camera continuously maintaining motion rhythm / He blasts into a narrow alleyway at high speed, carving through multiple dangerous corners with continuous precision racing lines; after, he uses terrain to launch across a massive gap, performing an extremely fast bike rotation control midair before precisely restoring riding posture, then continues charging toward the underpass space after landing / SFX: wind slicing, air bursts, heavy drum impacts

SHOT 3: Seamless whip pan transition. High-speed push-in shot continuously following the riding trajectory / He bursts out from the underground space at high speed, ; immediately after landing, he enters a dangerous balance state sustained only by the rear wheel, continuing a high-speed glide along an ultra-narrow edge. The instant the move ends, he smoothly restores normal riding posture and rapidly changes direction multiple times toward the open urban district / SFX: heavy landing impacts, tire screeches, roaring airflow

SHOT 4: Snap cut. High-pressure frontal motion shot / he charges toward an intersection at full speed when a black sedan bursts out from the side at high speed; the camera, audience, and driver all believe a catastrophic collision is unavoidable in the next second.then, he violently locks the rear wheel into an ultra-long lateral skid, the entire bike narrowly scraping past the front of the car at an almost impossible distance, while smoke, sparks, and shredded tire debris instantly engulf the frame; he then uses the remaining speed to cut into the entrance of a nearby parking structure / SFX: tire screeching, emergency car braking, massive air burst, sudden low-frequency vacuum in the music

SHOT 5: Crash zoom into payoff. Dynamic medium-close push-in / He charges all the way onto the edge of a rooftop parking , then comes to a precise stop after one explosive acceleration burst; the rear wheel is still spinning , while his body remains above the bike in an extremely dangerous yet perfectly stable posture, city glass reflections constantly sweeping across metal bike frame surface. music erupts again before instantly cutting out, with the final frame locking onto this  dangerous yet perfectly balanced iconic pose / SFX: chain rebound, free-spinning tire, distant urban ambience"
renoise-2054231490817560919,"Create a hyper-realistic 10-second live sports broadcast video in 4K, cinematic…",,真人,现实向,时尚写真,,en,Seedance 2.0,link-only,sexual,renoise-ai/awesome-seedance-prompts,https://github.com/renoise-ai/awesome-seedance-prompts/blob/904b6caffa21c2b114bb93e1bd0e37ba80b3dd10/data/prompts/2054231490817560919.json,CC-BY-4.0,Heisenberg,https://x.com/rovvmut_/status/2054231490817560919,True,prompts/真人/现实向/时尚写真/renoise-2054231490817560919--Create-a-hyper-realistic-10-second-live.md,
renoise-2054232698600726790,Photorealistic underwater sci-fi archaeology film set entirely inside a single…,,真人,特效向,科幻,,en,Seedance 2.0,,,renoise-ai/awesome-seedance-prompts,https://github.com/renoise-ai/awesome-seedance-prompts/blob/904b6caffa21c2b114bb93e1bd0e37ba80b3dd10/data/prompts/2054232698600726790.json,CC-BY-4.0,Heather Cooper,https://x.com/HBCoop_/status/2054232698600726790,True,prompts/真人/特效向/科幻/renoise-2054232698600726790--Photorealistic-underwater-sci-fi-archaeo.md,"Photorealistic underwater sci-fi archaeology film set entirely inside a single colossal submerged temple ruin beneath Veridion. The environment is an enormous flooded sanctuary with towering gold-and-stone pillars, coral-covered statues, bioluminescent algae, drifting sediment, schools of fish, and soft cyan caustic light rays descending from the distant ocean surface above. The entire sequence remains in this one connected location for stronger spatial continuity and immersion.

Main character: Nala, a laced human marine biologist and underwater archaeologist. She is visibly non-human. Distinct adaptive gill structures along both sides of her neck rhythmically open and close while breathing underwater. Thin glowing biomechanical lines run beneath her skin along her jawline, neck, and spine. Subtle illuminated circuitry pulses softly under the skin when she scans the ruins or approaches the relic. No scuba tank. She breathes naturally underwater through her engineered gills. She wears a sleek dark blue aquatic exploration suit with lightweight utility harness, compact tools, integrated tech nodes, and small bioluminescent accents.

00:00–00:03 — Wide cinematic reveal of the submerged temple sanctuary. Nala slowly swims between gigantic pillars and ancient statues while schools of fish pass through the structure. Camera drifts behind her as sunlight beams ripple through the water. Her gills visibly expand and contract while breathing underwater.

00:03–00:06 — Medium tracking shot as Nala studies glowing inscriptions on a massive pillar using a holographic scanner. Close-up moments reveal translucent biomechanical lines beneath the skin of her neck and face softly pulsing cyan. Tiny bubbles escape naturally from her gill structures while suspended particles drift through the water.

00:06–00:09 — Nala enters the temple’s central chamber. The architecture grows more elaborate with enormous statues, coral growth, and glowing algae woven into the ruins. Ancient mechanisms faintly activate as she approaches the center. Cyan energy spreads across the floor and columns.

00:09–00:12 — In the heart of the sanctuary, Nala discovers a glowing relic resting inside a circular pedestal surrounded by statues. As she reaches toward it, her laced circuitry brightens beneath her skin, synchronizing with the relic’s energy pulses. Sediment rises from the floor and fish scatter through shafts of light.

00:12–00:15 — Close-up of Nala holding the relic underwater. The glow illuminates her face, revealing the full detail of her adaptive gills and integrated laced features. Ancient bioluminescent energy flows through the surrounding architecture as the temple slowly awakens. Final slow pullback reveals Nala suspended in the vast flooded sanctuary surrounded by reactivated ruins.

Natural underwater motion with realistic buoyancy, drag, drifting hair movement, suspended particles, refracted light, and cinematic volumetric caustics throughout. Tone is mysterious, grounded, ancient, and hopeful. Avoid fantasy armor, dry interiors, or human scuba-diver behavior. Nala should feel evolved specifically for underwater life."
renoise-2054236655716884781,Use the storyboard image @[image1] as the exact shot structure and timing…,,真人,特效向,奇幻怪兽,,en,Seedance 2.0,,,renoise-ai/awesome-seedance-prompts,https://github.com/renoise-ai/awesome-seedance-prompts/blob/904b6caffa21c2b114bb93e1bd0e37ba80b3dd10/data/prompts/2054236655716884781.json,CC-BY-4.0,Kōda,https://x.com/aimikoda/status/2054236655716884781,True,prompts/真人/特效向/奇幻怪兽/renoise-2054236655716884781--Use-the-storyboard-image-image1-as-the-e.md,"Use the storyboard image @[image1] as the exact shot structure and timing reference.
Use @[image2] as character reference. Preserve exact identity.

Create a 15-second cinematic video of the forest spirit performing a violent contemporary dance in a dead nighttime forest.
Follow the storyboard panel order exactly as sequential keyframes.
Do not reinterpret the storyboard as one single image.
Each panel represents a separate cinematic shot beat. Total 12 beats.
Camera movement must follow the storyboard.

Performance:
Start with negative valence and low arousal, then gradually shift into positive valence with high arousal, ending in fierce calm after the forest is restored.

Use subtle FACS expression cues only when the face is visible: AU04, AU07, AU15, AU24 at the beginning; AU04, AU05, AU23, AU25 during the violent dance; AU06, AU12, AU25, AU43 in the final release.

Audio:
low ritual ambience, distant forest rumble, soft wind, breath-like whispers, wordless humming, layered female whisper-chant.
Whispered IPA lyric, barely audible and airy:

 /bɹiːð/ /bluːm/ /ɹaɪz/ /ɹɪˈmɛmbɚ/

 /hɑː.../ /uː.../ /m̩.../ /ʃː.../

Dark magical realism tone.
Night forest atmosphere.
Moonlight, fog, deep shadows, restored greenery increasing progressively.

Do not add extra characters, stick figures, mannequins, dialogue, clear singing voice, subtitles, text, captions, arrows, UI, watermark, logo or any story event that is not implied by the storyboard."
renoise-2054238070304903484,A nostalgic Japanese slice-of-life anime scene inspired by 1990s–early 2000s…,,漫剧,现实向,日常治愈,2D日漫,en,Seedance 2.0,,,renoise-ai/awesome-seedance-prompts,https://github.com/renoise-ai/awesome-seedance-prompts/blob/904b6caffa21c2b114bb93e1bd0e37ba80b3dd10/data/prompts/2054238070304903484.json,CC-BY-4.0,Aleena Amir,https://x.com/aleenaamiir/status/2054238070304903484,True,prompts/漫剧/现实向/日常治愈/renoise-2054238070304903484--A-nostalgic-Japanese-slice-of-life-anime.md,"A nostalgic Japanese slice-of-life anime scene inspired by 1990s–early 2000s full-color TV anime. Traditional cel-animation aesthetic with hand-painted watercolor backgrounds, soft outlines, subtle film grain, slight color shifting, and gentle frame shakiness. Warm evening kitchen lighting with a soft blue sky outside the window. Old-fashioned home kitchen with wooden cutting boards, white plates, a small frying pan, and simple utensils.

The animation focuses only on hands preparing food – no faces or full bodies shown. Calm fixed shots, gentle close-ups, and slow natural pacing. Maintain consistent hand shapes, sleeves, utensils, and kitchen layout throughout all scenes. Soft two-tone cel shading, delicate steam animation, and carefully detailed food textures.

Scenes include:

1. Slowly slicing ripe tomatoes on a wooden cutting board, revealing juicy seeds and glossy texture.
2. Cracking an egg into a bowl, showing realistic yolk and egg white movement.
3. Slicing soft bread, with crumbs falling naturally onto the board.
4. Stirring eggs in a small frying pan with chopsticks as steam rises gently.
5. Quietly arranging tomatoes, eggs, and bread onto plates before placing down a warm steaming cup.

Ambient sounds are soft and realistic: knife taps, egg cracking, gentle sizzling, quiet room tone, and ceramic plate sounds.

The atmosphere is warm, quiet, intimate, and deeply nostalgic – like a peaceful evening moment from an old Japanese home anime. No live-action, no 3D rendering, no modern VFX, and no dramatic cooking-show presentation."
renoise-2054242394623910284,Cinematic close-up of a beautiful blonde woman sitting in the football stadium…,,真人,现实向,运动,,en,Seedance 2.0,,,renoise-ai/awesome-seedance-prompts,https://github.com/renoise-ai/awesome-seedance-prompts/blob/904b6caffa21c2b114bb93e1bd0e37ba80b3dd10/data/prompts/2054242394623910284.json,CC-BY-4.0,Aijaz,https://x.com/iamsofiaijaz/status/2054242394623910284,True,prompts/真人/现实向/运动/renoise-2054242394623910284--Cinematic-close-up-of-a-beautiful-blonde.md,"Cinematic close-up of a beautiful blonde woman sitting in the football stadium crowd during El Clásico, wearing a blue and red Barcelona jersey and light denim jeans, soft smile, long wavy hair, natural makeup, surrounded by fans, realistic sports broadcast atmosphere, shallow depth of field, stadium lighting, ultra-detailed skin texture, candid moment, ESPN-style live match aesthetic, photorealistic, 85mm lens, high resolution, vibrant colors, cinematic composition."
renoise-2054266956862337110,"[CINEMATIC SETUP] Full-color 3D animated comedy short, cinematic cartoon style…",,漫剧,现实向,喜剧搞笑,3D卡通,en,Seedance 2.0,,,renoise-ai/awesome-seedance-prompts,https://github.com/renoise-ai/awesome-seedance-prompts/blob/904b6caffa21c2b114bb93e1bd0e37ba80b3dd10/data/prompts/2054266956862337110.json,CC-BY-4.0,MayorkingAI,https://x.com/MayorKingAI/status/2054266956862337110,True,prompts/漫剧/现实向/喜剧搞笑/renoise-2054266956862337110--CINEMATIC-SETUP-Full-color-3D-animated-c.md,"[CINEMATIC SETUP] Full-color 3D animated comedy short, cinematic cartoon style, bright sunny park, polished lighting, expressive faces, vibrant colors. Keep left-right continuity: the squirrel always runs from screen left to right straight toward the raccoon and donut box. The raccoon stays by the bench."
renoise-2054268338373607490,Imagen estática de ultra realismo de una transmisión deportiva de una mujer…,,真人,现实向,运动,,es,Seedance 2.0,,,renoise-ai/awesome-seedance-prompts,https://github.com/renoise-ai/awesome-seedance-prompts/blob/904b6caffa21c2b114bb93e1bd0e37ba80b3dd10/data/prompts/2054268338373607490.json,CC-BY-4.0,Fran Pradas | Ingeniero de IA,https://x.com/franpradasAI/status/2054268338373607490,True,prompts/真人/现实向/运动/renoise-2054268338373607490--Imagen-estática-de-ultra-realismo-de-una.md,"Imagen estática de ultra realismo de una transmisión deportiva de una mujer glamorosa sentada en la multitud de un estadio de fútbol abarrotado durante un partido nocturno, vistiendo un top de satén de cuello alto sin mangas en marrón oscuro y pendientes cuadrados negros, cabello castaño claro/rubio de longitud hasta los hombros peinado en ondas suaves. Está bebiendo casualmente de una lata de aluminio azul alta mientras sostiene una hamburguesa con queso a medio comer en la otra mano. A su alrededor hay aficionados con camisetas y bufandas de fútbol en colores amarillo brillante y azul, creando un fuerte contraste de colores del equipo. La escena se siente espontánea y cinematográfica, capturada a mitad del partido desde el ángulo de una cámara de transmisión de TV con profundidad de campo reducida. Incluir asientos realistas del estadio, atmósfera de audiencia abarrotada, gráficos superpuestos de transmisión en la esquina superior izquierda que muestran un marcador en vivo de fútbol y temporizador del partido, y una marca de agua de la red deportiva en la superior derecha. Iluminación natural de arena, textura detallada de la piel, enfoque nítido en la mujer, multitud de fondo ligeramente desenfocada, estética auténtica de transmisión deportiva en vivo, composición 16:9"
renoise-2054290783726121415,"Ultra cinematic romantic dream sequence, emotional anime movie quality, soft…",,漫剧,特效向,科幻机甲,2D日漫,en,Seedance 2.0,,,renoise-ai/awesome-seedance-prompts,https://github.com/renoise-ai/awesome-seedance-prompts/blob/904b6caffa21c2b114bb93e1bd0e37ba80b3dd10/data/prompts/2054290783726121415.json,CC-BY-4.0,Cia0,https://x.com/Cia0_exe/status/2054290783726121415,True,"prompts/漫剧/特效向/科幻机甲/renoise-2054290783726121415--Ultra-cinematic-romantic-dream-sequence,.md","Ultra cinematic romantic dream sequence, emotional anime movie quality, soft daylight atmosphere, elegant futuristic room with subtle holographic glow, dreamy depth of field, intimate emotional tension between a man and a red-haired woman, realistic body language, soft cinematic camera motion, natural breathing animation, delicate hand interaction, masterpiece visual storytelling, ultra detailed lighting, emotional slow motion, soft lens flare, floating dust particles, warm sunlight through windows, cinematic realism mixed with anime aesthetics, 16:9.

Character Details:
Woman with long deep crimson-red hair, soft bangs, elegant white sleeveless dress with flowing fabric around the arms, calm gentle aura, expressive emotional eyes.
Man with dark brown hair, soft emotional expression, elegant modern outfit, gentle protective posture.

Scene Timeline:

0s–2s:
Extreme close-up of the woman’s eyes looking softly toward the man, eyelashes moving naturally, sunlight reflecting in her pupils, camera slowly pushes forward with dreamy shallow depth of field, soft cinematic bloom, emotional silence.

2s–4s:
Slow cinematic side-angle shot as the man gently places his hand on her cheek, fingers softly touching her skin, her hair moving lightly from the motion, camera slowly rotates around them, warm golden light wrapping around their silhouettes.

4s–6s:
Over-shoulder emotional composition, the woman lightly holds the man’s wrist while looking into his eyes, subtle breathing motion, soft holographic lights blurred in background, cinematic depth, intimate atmosphere.

6s–8s:
Ultra smooth slow-motion shot of the woman leaning slightly closer, their foreheads almost touching, soft eye movement, emotional tension, floating particles illuminated by sunlight, elegant camera drift.

8s–10s:
Close cinematic framing of the man brushing her hair behind her ear, soft fabric movement, delicate finger animation, emotional dreamy atmosphere, subtle lens flare crossing the frame.

10s–12s:
Wide emotional shot showing both characters near the large futuristic window, warm daylight surrounding them, holographic screens fading softly in the background, peaceful romantic silence, camera slowly pulling backward.

Camera Style:
slow cinematic dolly, soft handheld feeling, emotional push-in, smooth orbit movement, shallow depth of field, cinematic focus transitions, elegant slow motion, anime movie composition.

Lighting:
warm daylight, soft rim light, cinematic bloom, subtle volumetric sunlight, emotional glow, realistic skin light scattering, soft reflections.

Negative Prompt:
low quality, stiff motion, bad anatomy, overexposed light, face distortion, extra fingers, awkward hand movement, robotic animation, blurry characters, harsh shadows, low detail, jitter motion, ugly composition, oversaturated colors, fast chaotic movement, horror atmosphere, exaggerated expressions, watermark, text, cropped body"
renoise-2054388784477634870,"Design a comprehensive, AI-powered reporting system that leverages real-time…",,其他,,风景空镜,,en,Seedance 2.0,,,renoise-ai/awesome-seedance-prompts,https://github.com/renoise-ai/awesome-seedance-prompts/blob/904b6caffa21c2b114bb93e1bd0e37ba80b3dd10/data/prompts/2054388784477634870.json,CC-BY-4.0,Ruby Ai,https://x.com/HeyRu0by/status/2054388784477634870,True,"prompts/其他/风景空镜/renoise-2054388784477634870--Design-a-comprehensive,-AI-powered-repor.md","Design a comprehensive, AI-powered reporting system that leverages real-time climate data from multiple sources to create in-depth visual reports and predictive analytics. This system will empower users to monitor environmental changes, analyze trends, and make informed decisions about future climate risks and opportunities."
renoise-2054395226920464665,Cinematic AI Video Prompt — Strict Sequential Panel Execution (1–9),,其他,,广告带货,,en,Seedance 2.0,,,renoise-ai/awesome-seedance-prompts,https://github.com/renoise-ai/awesome-seedance-prompts/blob/904b6caffa21c2b114bb93e1bd0e37ba80b3dd10/data/prompts/2054395226920464665.json,CC-BY-4.0,Sharon Riley,https://x.com/Just_sharon7/status/2054395226920464665,True,prompts/其他/广告带货/renoise-2054395226920464665--Cinematic-AI-Video-Prompt-—-Strict-Seque.md,"Cinematic AI Video Prompt — Strict Sequential Panel Execution (1–9)
Create a hyper-realistic cinematic UGC-style TikTok ad, vertical 9:16, ultra-realistic iPhone 15 Pro handheld footage aesthetic. Every panel below MUST be followed STRICTLY in exact order from Scene 1 to Scene 9 with seamless continuity. Maintain the same woman, same outfit, same rooftop location, same sunrise lighting progression, and same drink/product throughout the video.
Main character: beautiful 23-year-old white western woman, long voluminous curly blonde hair, bright blue eyes, glowing fair skin, soft natural dewy makeup, glossy lips, natural facial micro-expressions, realistic skin texture, realistic hair strands moving naturally in morning breeze.
Wardrobe: fitted baby-pink long-sleeve knit top, elegant high-waisted white trousers, clean white sneakers, delicate gold jewelry, luxury modest influencer styling.
Location: luxury rooftop terrace at sunrise overlooking modern city skyline, warm golden morning sunlight, cozy upscale seating area, aesthetic breakfast setup, premium wellness lifestyle atmosphere.
Camera style: cinematic handheld iPhone footage, shallow depth of field, soft sunrise bloom, realistic exposure transitions, subtle lens breathing, smooth natural motion, premium TikTok pacing, ultra-realistic physics and movement.
Speech must have perfect lip sync and natural influencer delivery.
SCENE 1 (0:00–0:03)
Wide cinematic establishing shot.
The woman walks confidently onto the luxury rooftop terrace holding a creamy iced protein coffee in a clear glass tumbler filled with ice cubes and a pink straw. Golden sunrise light hits her hair and face beautifully. Soft breeze moves her curly blonde hair naturally. Modern city skyline glows in background.
Camera slowly tracks backward handheld as she approaches.
Dialogue:
“Okay… this morning coffee is unreal.”
SCENE 2 (0:03–0:05)
Medium close-up.
She smiles directly at camera warmly, lifts the iced coffee closer, takes a sip through the pink straw, then reacts naturally with widened eyes and a soft laugh like it tastes incredible.
Visible realistic condensation droplets on glass.
Dialogue:
“Mmm… wait, that’s actually so good.”
SCENE 3 (0:05–0:07)
Macro cinematic product beauty shot.
Extreme close-up of iced coffee swirling inside glass tumbler. Ice cubes move realistically. Sunlight reflects through drink. Condensation drips slowly down glass. Shallow depth of field with dreamy golden sunrise bokeh.
No dialogue.
SCENE 4 (0:07–0:10)
Walking influencer shot.
The woman casually walks across rooftop while talking directly to camera naturally with realistic hand gestures and breathing. Camera follows beside her smoothly handheld.
Dialogue:
“It tastes like a real café drink but it’s packed with protein.”
SCENE 5 (0:10–0:13)
Luxury table interaction.
She reaches the stylish breakfast table, opens a luxury tote bag, and pulls out the “Javvy Protein Coffee Chocolate Peanut Butter” bag excitedly with a big smile. Product packaging clearly visible facing camera.
Soft sunrise rim lighting on packaging.
Dialogue:
“This is the Javvy Protein Coffee…”
SCENE 6 (0:13–0:16)
Detailed product close-ups.
Cinematic macro shots of the Javvy Protein Coffee Chocolate Peanut Butter bag rotating slightly in her hands. Focus on branding, texture, highlights, realistic fingers, glossy package reflections.
Cut to her pouring product beside the iced drink setup.
Dialogue:
“Chocolate peanut butter flavor.”
SCENE 7 (0:16–0:20)
Authentic lifestyle moment.
She sits casually in rooftop chair, crossing one leg naturally while holding drink and laughing softly toward camera. Hair moves gently in breeze. Natural morning energy and authentic influencer vibes.
Dialogue:
“And honestly… it keeps me full all morning.”
SCENE 8 (0:20–0:24)
Premium cinematic montage.
Fast luxury montage:
— close-up of her sipping coffee
— sunlight flare through glass
— macro condensation droplets
— smiling face close-up
— aesthetic breakfast table
— skyline background
— curly blonde hair moving in wind
Smooth premium TikTok transitions.
No dialogue.
SCENE 9 (0:24–0:30)
Final hero ending shot.
Golden sunrise hero shot. She stands near rooftop edge holding both the iced coffee and Javvy Protein Coffee bag toward camera confidently. Bright smile, warm eye contact, luxury influencer energy.
Camera slowly pushes in handheld.
Dialogue:
“You seriously need to try this.”
End with cinematic sunrise glow and smooth fade out.
GLOBAL VIDEO RULES
STRICTLY follow scenes 1–9 in exact sequence.
Keep same character consistency throughout entire video.
Ultra-realistic human motion only.
Natural lip sync required.
No scene skipping.
No wardrobe changes.
No lighting changes outside sunrise progression.
Premium luxury wellness influencer aesthetic.
Realistic fingers and anatomy.
Soft handheld iPhone movement only.
Natural breathing and blinking.
TikTok UGC pacing with cinematic polish.
Negative Prompt
blurry, deformed hands, extra fingers, unrealistic blonde hair, cartoonish, dark skin, low quality, plastic skin, uncanny face, bad anatomy, warped products, stiff movement, shaky camera, overexposed lighting, text artifacts, duplicated limbs, unrealistic eyes, AI glitches, frozen expressions, robotic movement, poor lip sync, noisy footage, distorted glass, fake condensation"
renoise-2054401557215506896,[0:00-0:02] THE SPECTATOR'S GREETING,,真人,现实向,运动,,en,Seedance 2.0,,,renoise-ai/awesome-seedance-prompts,https://github.com/renoise-ai/awesome-seedance-prompts/blob/904b6caffa21c2b114bb93e1bd0e37ba80b3dd10/data/prompts/2054401557215506896.json,CC-BY-4.0,Zoraiz Ai,https://x.com/YaZoraiz/status/2054401557215506896,True,prompts/真人/现实向/运动/renoise-2054401557215506896--0-00-0-02-THE-SPECTATOR-S-GREETING.md,"[0:00-0:02] THE SPECTATOR'S GREETING
Visual: Medium-close broadcast shot, 9:16 ratio, harsh stadium floodlights. Subject: 24yo Indonesian-Korean woman, long straight black hair, porcelain skin, hourglass silhouette. Outfit: White ribbed tube top, black bottom band, sheer white mesh sleeve on left arm, light-blue jeans. Action: Wide radiant smile, waving right hand toward pitch. Camera: Static broadcast rig. Audio: ""Simple to clean,"" stadium drone. Environment: ""Arif N"" physically engraved on the stadium seat. The text Arif N must appear as a physical part of the objects and environment (engraved, woven, or branded), not as a digital overlay.

[0:02-0:05] THE RESTRICTED ZONE BREACH
Visual: Pitch-level wide shot, dynamic tracking. Subject: Same woman wearing heavy black faux-fur jacket over her white outfit. Action: Descends steps, shrugs off fur jacket onto red advertising barrier, clears barrier in tube top/jeans, enters pitch. Camera: Smooth panning transition. Audio: Soft thud of jacket, rapid commentary.

[0:05-0:09] THE HIGH-KINETIC SPRINT
Visual: Wide, low-angle lateral tracking. Action: High-speed sprint across turf. Long black hair bounces rhythmically; mesh sleeve whips in wind. Focused gaze. Camera: Steadicam with realistic micro-vibrations and high-frequency shakes. Audio: Crowd swell, ""He's loose, Smith!""

[0:09-0:13] THE PRECISION HIGH-HEEL STRIKE
Visual: Mid-wide shot from behind toward goal. Action: Plants left foot (white pointed-toe stiletto) into turf, snaps right leg back, delivers violent kinetic strike. Ball rockets into net. Environment: ""Arif N"" physically branded on the soccer ball. The text Arif N must appear as a physical part of the objects and environment (engraved, woven, or branded), not as a digital overlay. Camera: Aggressive whip-pan chasing ball momentum. Audio: Heavy ""THUD"" of strike, ""GOAL!"", massive roar.

[0:13-0:15] VICTORY AND LENS BLOCK
Visual: Hard cut to medium close-up, bokeh stadium background. Action: Subject pivots 180 degrees, joyful victory smile. Drives open palm toward lens in a blocking motion. Camera: Static. Auto-focus overwhelmed by hand, creating massive flesh-toned foreground blur. Audio: Deafening crowd roar.

TECHNICAL SPECS:
9:16 vertical ratio, incredibly detailed, ultra photorealistic texture, masterful natural lighting, cinematic dramatic contrasts, subtle film grain. The text Arif N must appear as a physical part of the objects and environment (engraved, woven, or branded), not as a digital overlay."
renoise-2054430445153181842,Maintain the exact same characters throughout every shot — identical little…,,漫剧,特效向,奇幻冒险,3D卡通,en,Seedance 2.0,,,renoise-ai/awesome-seedance-prompts,https://github.com/renoise-ai/awesome-seedance-prompts/blob/904b6caffa21c2b114bb93e1bd0e37ba80b3dd10/data/prompts/2054430445153181842.json,CC-BY-4.0,Kiki,https://x.com/Mayz1169/status/2054430445153181842,True,prompts/漫剧/特效向/奇幻冒险/renoise-2054430445153181842--Maintain-the-exact-same-characters-throu.md,"Maintain the exact same characters throughout every shot — identical little girl and bunny consistency, same proportions, same hairstyle, same pink ribbon, same denim outfit, same bunny fur pattern, same accessories, same facial identity, same magical forest continuity across the full sequence.  STYLE: ultra-polished animated fantasy adventure film, Pixar + DreamWorks energy, cinematic cartoon realism, expressive stylized animation, soft fantasy lighting, whimsical magical atmosphere, highly readable silhouettes, cinematic visual rhythm, emotional facial animation, stylized cloth and fur simulation, warm golden forest light shafts, glowing magical particles, lush fantasy environment design, 35mm cinematic depth of field, anamorphic lens feel, soft bloom lighting, dynamic camera movement, smooth anticipation and follow-through motion, emotionally uplifting pacing.  FOCUS: strong emotional readability, magical wonder, adventure pacing, visual continuity between storyboard panels, cinematic composition, clean motion arcs, expressive acting poses, environmental immersion, fantasy atmosphere, timing and anticipation, smooth animated transitions.  [0s – 1s] SHOT 1 — FOREST WALK. Wide cinematic shot. Luna walks through the glowing forest while Bun hops beside her. Floating leaves drift through warm sunlight beams. Luna looks curious and excited. Dialogue: Luna: “Whoa… look at this place!” SFX: soft forest ambience, leaves rustling. Camera: slow low-angle tracking shot following both characters.  [1s – 2s] SHOT 2 — SPARKLING LIGHT. Medium close-up. Luna suddenly notices a glowing floating light deeper in the woods. Her eyes widen while Bun tilts his head curiously. Dialogue: Luna: “Did you see that?” SFX: magical sparkle chime. Camera: gentle push-in toward Luna’s face.  [2s – 3s] SHOT 3 — DISCOVERY POINT. Wide shot. Luna points excitedly toward the glowing direction while Bun stands upright beside her. Forest particles shimmer around them. Dialogue: Luna: “Come on, Bun!” SFX: soft magical wind. Camera: cinematic side pan following the pointing motion.  [3s – 4s] SHOT 4 — THE MAP. Close-up top-down shot. Luna unfolds an old illustrated treasure map on a tree stump while Bun leans closer. The paper crinkles dramatically. Dialogue: None. SFX: parchment unfolding sound. Camera: slow overhead zoom-in.  [4s – 5s] SHOT 5 — MAGIC ACTIVATES. Extreme close-up. The map begins glowing with golden magical lines revealing a hidden route. Bun’s ears pop upward in surprise. Dialogue: Bun: happy bunny squeak. SFX: magical energy hum. Camera: macro cinematic push-in across glowing map lines.  [5s – 6s] SHOT 6 — ADVENTURE STARTS. Wide action shot. Luna runs joyfully through flowers while Bun races ahead. Petals explode into the air from their movement. Dialogue: Luna laughing. SFX: fast footsteps through grass. Camera: dynamic handheld tracking movement.  [6s – 7s] SHOT 7 — BUNNY LEAP. Medium shot. Bun jumps dramatically over a fallen log in exaggerated squash-and-stretch motion while Luna follows behind. Dialogue: Luna: “Nice jump!” SFX: boing-like jump effect. Camera: side tracking shot with motion blur.  [7s – 8s] SHOT 8 — SLIDING DOWNHILL. Medium-wide shot. Luna slides down a mossy slope while laughing uncontrollably. Bun bounces down beside her. Dialogue: Luna: “Woooo!” SFX: sliding dirt and giggles. Camera: fast downward follow shot.  [8s – 9s] SHOT 9 — THE SECRET GARDEN. Wide reveal shot. Luna and Bun arrive before a giant glowing magical tree hidden inside a secret garden filled with floating lights. Dialogue: Luna: “It’s beautiful…” SFX: magical ambience swelling. Camera: dramatic upward crane reveal.  [9s – 10s] SHOT 10 — REACHING THE LIGHT. Close-up. Luna slowly reaches toward floating glowing butterflies while warm light reflects in her eyes. Dialogue: None. SFX: delicate sparkle sounds. Camera: slow cinematic push-in.  [10s – 11s] SHOT 11 — BUN’S REACTION. Close-up on Bun. Bun stares at the glowing world with huge sparkling eyes and twitching ears. Dialogue: Happy bunny chirp. SFX: soft magical shimmer. Camera: static emotional close-up.  [11s – 12s] SHOT 12 — GLOWING FLOWER. Medium shot. Luna kneels beside Bun as they discover a glowing flower pulsing with magical light. Dialogue: Luna: “We found it!” SFX: magical pulse sound. Camera: slow orbit around characters.  [12s – 13s] SHOT 13 — TOUCH OF MAGIC. Close-up. Luna gently touches the glowing flower and the surrounding forest lights up brighter in response. Dialogue: None. SFX: magical energy bloom. Camera: macro lens push-in on fingertips and petals.  [13s – 14s] SHOT 14 — SUNSET VIEW. Wide cinematic shot. Luna and Bun sit together on a hill overlooking the glowing fantasy forest during sunset. Dialogue: None. SFX: soft evening wind. Camera: slow pull-back shot.  [14s – 15s] SHOT 15 — BEST FRIENDS. Close-up emotional ending shot. Luna hugs Bun tightly while both smile peacefully in warm sunset lighting. Dialogue: Luna: “Best adventure ever.” SFX: soft emotional music resolve. Camera: gentle slow-motion push-in ending on emotional freeze frame."
renoise-2054436765457580314,Locked-off ultra-wide cinematic aerial timelapse of the exact same riverside…,,真人,特效向,科幻,,en,Seedance 2.0,,,renoise-ai/awesome-seedance-prompts,https://github.com/renoise-ai/awesome-seedance-prompts/blob/904b6caffa21c2b114bb93e1bd0e37ba80b3dd10/data/prompts/2054436765457580314.json,CC-BY-4.0,Weinberg,https://x.com/weiinberg/status/2054436765457580314,True,prompts/真人/特效向/科幻/renoise-2054436765457580314--Locked-off-ultra-wide-cinematic-aerial-t.md,"Locked-off ultra-wide cinematic aerial timelapse of the exact same riverside settlement evolving continuously across thousands of years, using the reference image as the permanent spatial foundation. The camera must remain perfectly fixed with absolutely no movement, preserving the exact river curvature, shoreline geometry, hills, roads, bridge placement, willow tree position, horizon line, and overall composition throughout the entire sequence.

Begin in an ancient era with muddy riverbanks, drifting mist above the water, scattered wooden cottages, primitive farms, fishing boats near the shore, dirt pathways, livestock moving slowly through fields, soft torchlight glowing at dusk, and thin chimney smoke rising into the cold air. Human activity should feel subtle and natural.

Over generations, the settlement evolves gradually and organically around the original paths. Dirt roads slowly compact into stone streets following the exact same routes. Small docks carefully expand into active trading ports. Additional homes appear naturally in empty spaces while preserving the original layout. Buildings must evolve incrementally through repairs, extensions, rebuilding, scaffolding, weathering, and layered reconstruction instead of sudden replacement.

The large willow tree beside the river must survive through every era as a permanent visual anchor. The original bridge location and ancient crossroads should remain recognizable at all times.

As centuries pass seamlessly, market activity intensifies, warehouses and workshops emerge near the waterfront, and the city expands logically outward from the historic center. Temples, towers, bridges, and infrastructure should develop naturally along existing roads and geography. Seasonal cycles continue continuously through the timelapse — rain, fog, snow, flooding, muddy terrain, autumn leaves, changing sunlight, and environmental aging reinforcing the passage of time.

Industrialization appears gradually at the edges of the frame with smoke stacks, railways, cranes, shipping activity, utility poles, factories, and dense residential districts integrated carefully into the existing urban structure. Roads slowly transition from dirt to stone to asphalt with realistic aging, repairs, widening, and evolving transportation from horse carts to early vehicles to electric transit.

In the far future, the same city becomes a breathtaking eco-futuristic river megacity with layered transit systems, reflective skyscrapers, rooftop gardens, autonomous river transport, subtle holographic lighting, and advanced sustainable architecture woven carefully into the historic urban fabric. The futuristic development must feel elegant and believable rather than chaotic or overly sci-fi.

Despite the technological transformation, the original river route, willow tree, bridge alignment, ancient street layout, and visual identity of the settlement must remain clearly recognizable beneath the futuristic skyline, creating the emotional feeling of one immortal city evolving continuously through living history.

Extreme temporal continuity, persistent spatial memory, seamless environmental storytelling, realistic urban evolution, physically believable construction progression, no sudden object spawning, no abrupt architectural replacement, no scene resets, no perspective drift, no camera shake, no terrain warping, no random layout changes, documentary-grade realism, emotionally immersive passage of time, highly coherent geography preservation, smooth century transitions, cinematic atmospheric realism."
renoise-2054449772535378027,"A lone WWI British soldier in a torn, mud-soaked wool uniform sprints…",,真人,特效向,动作大片,,en,Seedance 2.0,,,renoise-ai/awesome-seedance-prompts,https://github.com/renoise-ai/awesome-seedance-prompts/blob/904b6caffa21c2b114bb93e1bd0e37ba80b3dd10/data/prompts/2054449772535378027.json,CC-BY-4.0,AAQIB 0.2,https://x.com/akkiwani703/status/2054449772535378027,True,"prompts/真人/特效向/动作大片/renoise-2054449772535378027--A-lone-WWI-British-soldier-in-a-torn,-mu.md","A lone WWI British soldier in a torn, mud-soaked wool uniform sprints desperately across No Man's Land at dusk. His face is covered in grime and dried blood, eyes wide with pure terror and survival instinct. He clutches a Lee-Enfield rifle, his cracked Brodie helmet rattling as he runs hunched low through ankle-deep mud. Massive artillery shells explode violently in the background — earth, barbed wire, and debris launching 40 feet into the air. Thick yellow smoke rolls across the cratered ground. A burning ammunition depot blazes 200 meters behind him, casting violent orange light across the chaos. The camera tracks low at ground level, mud and water splashing into the lens, then cuts to extreme slow motion on his face — shockwave air visibly distorting his skin, sweat and mud droplets frozen mid-air. Pull back to reveal the full apocalyptic battlefield — endless craters, fire, black smoke, and destruction in every direction. Hyper-realistic, cinematic, shot on 35mm film, color graded like the film 1917, desaturated mud tones with explosive orange highlights, ultra-detailed, photorealistic, 4K, dramatic god-rays through the smoke."
renoise-2054460932068200517,Create a 15-second cinematic kung fu performance video.,,漫剧,特效向,武侠打斗,3D卡通,en,Seedance 2.0,,,renoise-ai/awesome-seedance-prompts,https://github.com/renoise-ai/awesome-seedance-prompts/blob/904b6caffa21c2b114bb93e1bd0e37ba80b3dd10/data/prompts/2054460932068200517.json,CC-BY-4.0,Kōda,https://x.com/aimikoda/status/2054460932068200517,True,prompts/漫剧/特效向/武侠打斗/renoise-2054460932068200517--Create-a-15-second-cinematic-kung-fu-per.md,"Create a 15-second cinematic kung fu performance video.

Use @[image1]  as the fixed character sheet reference. The character must strictly match the character sheet.
Use @[image2]  as the storyboard reference.

Follow the storyboard shot by shot as the main source for action order, camera rhythm, body movement, framing, movement direction, camera angles and visual progression. Treat each storyboard panel as a sequential keyframe. Preserve the shot order and make the video feel like the storyboard has been translated into continuous live-action motion. The sequence must end on a frozen final frame while the performer is still airborne.

Do not add text, captions, storyboard labels, arrows, UI, logos or watermarks. Do not treat the storyboard as a single image. Do not redesign the character, change the costume or alter the face. Do not begin with a calm stance, preparation pose or slow introduction. Do not make the elemental effects look like superhero powers or excessive fantasy glow.

Visual style:
stylized cinematic realism, high-end 3D painterly animation quality, dynamic cloth simulation, expressive silhouette design, rich cinematic lighting, controlled color palette, natural motion blur, dramatic scale, beautiful but aggressive physicality, premium feature-animation aesthetic.

Environment:
vast ancient temple, towering stone columns, worn temple floor, drifting incense smoke, hanging fabric, harsh light shafts, faint dust in the air, subtle wet floor reflections, high contrast shadows.

The performance is a solitary female kung fu routine inside a vast ancient temple. The routine starts immediately in action, with no calm stance, no preparation pose and no slow introduction. The movement should feel aggressive, ritualistic, disciplined, physically extreme and spiritually charged.

This is not a fight against an enemy. It is a solo performance of force, control, exhaustion, fury and release.

Follow story board for choreography direction.

Element progression:
early sequence: subtle wind, dust and pressure lines responding to movement.
middle sequence: stronger air shockwaves, stone fragments, floor cracks and water-like ripples across the temple floor.
late sequence: controlled fire trails, heat distortion and energy spirals around explosive strikes and kicks.
climax: wind, dust, stone, water ripple and fire accents combine into a stronger elemental vortex.
final beat: the performer is airborne above the temple floor in a powerful kung fu strike, body twisted mid-air, hair and fabric flaring outward, with all elements converging around her before impact.

Elemental VFX must feel spiritual, ritualistic and cinematic. The effects should be integrated with the choreography and motivated by physical movement. Keep the energy raw, elemental, atmospheric and grounded in the temple environment.

Use Laban movement logic throughout:
weight: strong, heavy, grounded during impacts, with brief lightness during jumps and aerial twists
time: quick during strikes, kicks, drops and turns, sustained during suspended holds and recovery transitions
space: direct during attacks, blocks and lunges, indirect during spinning turns and elemental vortex moments
flow: bound during rooted stances and precise strikes, free during aerial motion, spinning fabric movement and elemental release"
renoise-2054484457013617021,"14-second cute 3D style animated comedy short, ultra-detailed, vibrant colors…",,漫剧,现实向,喜剧搞笑,3D卡通,en,Seedance 2.0,,,renoise-ai/awesome-seedance-prompts,https://github.com/renoise-ai/awesome-seedance-prompts/blob/904b6caffa21c2b114bb93e1bd0e37ba80b3dd10/data/prompts/2054484457013617021.json,CC-BY-4.0,Olivio Sarikas,https://x.com/OlivioSarikas/status/2054484457013617021,True,prompts/漫剧/现实向/喜剧搞笑/renoise-2054484457013617021--14-second-cute-3D-style-animated-comedy.md,"14-second cute 3D style animated comedy short, ultra-detailed, vibrant colors, warm cinematic lighting, smooth 24fps animation, exaggerated expressions and physics, emotional and funny tone.

SHOT 1 (0.00–1.00s) – Wide establishing shot, eye-level, slow push-in: Cozy modern apartment dining area. A 30-year-old Chinese daughter (messy bun, casual t-shirt and apron, nervous but proud) lifts a plate cover to serve her mother. The 60-year-old Chinese mother (short permed graying hair, cardigan, glasses) sits at the table with a warm, knowing smile.

SHOT 2 (1.00–2.00s) – Tight close-up, high angle, static: Beautifully plated but slightly imperfect homemade dish (seared fish, stir-fried vegetables, rice). Daughter’s hands visible in background.

SHOT 3 (2.00–3.00s) – Extreme close-up on mother’s face: She takes a bite, eyes widen in delight then narrow playfully. Chews while giving her daughter a gentle, knowing side-eye with a soft smirk.

SHOT 4 (3.00–4.00s) – Close-up on daughter’s face, slight push-in: Her proud smile instantly turns to wide-eyed shock, mouth open, eyebrows raised high.

SHOT 5 (4.00–5.00s) – Extreme close-up on mother’s face: She lowers her chopsticks with a cheeky, loving grin, eyes sparkling with mischief.

SHOT 6 (5.00–6.00s) – Wide shot, low angle in kitchen: Mother (now in colorful oversized apron) stands confidently by the stove, hands on hips. Daughter stands behind her in the doorway, looking surprised.

SHOT 7 (6.00–7.00s) – Same kitchen wide shot, dynamic tilt down: Bright orange flames flare from the wok. Mother leans in with fierce, focused energy.

SHOT 8 (7.00–8.00s) – Dynamic low-angle close-up: Mother dramatically raises a large knife, fierce yet caring expression, surrounded by flying slices of beef and vegetables.

SHOT 9 (8.00–9.00s) – Extreme close-up, low angle, fast-paced: Ginger, garlic, green onions, bok choy, tomatoes, and chilies being sliced in slow-motion with juice and pieces flying.

SHOT 10 (9.00–10.00s) – Medium close-up, eye-level: Mother intensely stirs a sizzling wok, steam rising, strong flames below, face full of confident focus and a warm smile.

SHOT 11 (10.00–11.00s) – Tight close-up, high angle: Her hands elegantly plate the perfect glossy stir-fried beef and vibrant vegetables.

SHOT 12 (11.00–12.00s) – Medium two-shot at dining table: Mother proudly presents the finished plate. Daughter takes a big bite, eyes bulging in delighted surprise.

SHOT 13 (12.00–13.00s) – Close-up two-shot: Mother leans forward with a huge satisfied smile, gesturing “See?” lovingly.

SHOT 14 (13.00–14.00s) – Close-up on daughter: She bursts into happy tears, big cartoon tears rolling down her cheeks.

SHOT 15 (14.00s – end) – Final wide shot, slow pull-back: Mother stands triumphantly. Daughter sitting on the table crying happy tears and saying ""mom, you are the best"""
renoise-2054485283433803814,Epic wide cinematic shot from the most insane Hollywood blockbuster ever made…,,真人,特效向,动作大片,,en,Seedance 2.0,,,renoise-ai/awesome-seedance-prompts,https://github.com/renoise-ai/awesome-seedance-prompts/blob/904b6caffa21c2b114bb93e1bd0e37ba80b3dd10/data/prompts/2054485283433803814.json,CC-BY-4.0,.RW🦦,https://x.com/pacyuzu/status/2054485283433803814,True,prompts/真人/特效向/动作大片/renoise-2054485283433803814--Epic-wide-cinematic-shot-from-the-most-i.md,"Epic wide cinematic shot from the most insane Hollywood blockbuster ever made, hyper-realistic, IMAX quality, dramatic volumetric lighting. A battle-hardened operator in sleek black tactical gear — scarred tactical vest, combat boots, gloves, earpiece dangling, face covered in soot and sweat — explodes out of a raging inferno hallway. Flames roaring, massive chunks of ceiling collapsing, chain explosions blooming behind him like hell itself.

He dives forward in a perfect action-hero slide, barely clearing under a gigantic steel blast door as it slams shut with thunderous force, inches from crushing him — sparks and metal screeching.

He rises slowly in one fluid, ice-cold motion, dusts his shoulders with pure swagger… and freezes for half a second.

He is standing dead center in a brightly lit, pristine Costco on a Sunday afternoon. Fluorescent paradise. Endless aisles of toilet paper mountains and giant ketchup bottles. Without breaking his lethal serious expression, he grabs a bright red Costco shopping cart like it’s a tactical asset and starts pushing it with the same intensity as clearing a hostage situation.

A cheerful older Costco employee in a red vest walks up and casually offers him a free sample on a toothpick. The operator takes it with zero emotion, eats it mid-stride like it’s mission fuel, eyes still scanning for threats, while casually tossing a 48-pack of batteries into his cart.

Pure chaotic genius. Insane tonal whiplash. Absurd masterpiece. Michael Bay action meets deadpan comedy. Hyper-detailed, photorealistic, cinematic color grading, god-tier composition, 8K, shot on 70mm film --ar 16:9 --stylize 650 --v 6"
renoise-2054497587785355603,Use the provided 8-panel storyboard sheet @[storyboard ref] as the direct…,,漫剧,特效向,武侠打斗,2D日漫,en,Seedance 2.0,link-only,hate,renoise-ai/awesome-seedance-prompts,https://github.com/renoise-ai/awesome-seedance-prompts/blob/904b6caffa21c2b114bb93e1bd0e37ba80b3dd10/data/prompts/2054497587785355603.json,CC-BY-4.0,Okan Can,https://x.com/0kncn/status/2054497587785355603,True,prompts/漫剧/特效向/武侠打斗/renoise-2054497587785355603--Use-the-provided-8-panel-storyboard-shee.md,
renoise-2054498585732100325,Cinematic 12-beat sequence following the provided storyboard panel order…,,真人,特效向,奇幻怪兽,,en,Seedance 2.0,,,renoise-ai/awesome-seedance-prompts,https://github.com/renoise-ai/awesome-seedance-prompts/blob/904b6caffa21c2b114bb93e1bd0e37ba80b3dd10/data/prompts/2054498585732100325.json,CC-BY-4.0,Tia,https://x.com/Tiange022/status/2054498585732100325,True,prompts/真人/特效向/奇幻怪兽/renoise-2054498585732100325--Cinematic-12-beat-sequence-following-the.md,"Cinematic 12-beat sequence following the provided storyboard panel order exactly as sequential keyframes — each panel = a separate cinematic shot beat, fast multi-cut rhythm, camera movement and shot framing matching the storyboard.

SUBJECT:
A tiny forest spirit BOY, around 6-7 years old, ethereal and full of ene (lively otherworldly vitality), with tousled silver-white moonlight hair, delicate pointed ears, bright glowing curious eyes, INNOCENT and gentle expression, wearing a layered robe of woven leaves moss bark and tiny petals, barefoot, identity matched to the character reference image — preserved exactly throughout. Light, agile, springy movements full of life and youthful energy.

ENVIRONMENT:
Dead nighttime forest with bare twisted trees, thick fog, moonlight beams piercing the canopy, deep shadows.

ACTION:
The spirit boy performs a powerful but GRACEFUL contemporary dance — flowing turns, confident stomps, soft drops, fluid coils, lunges, joyful spins, sweeping hand gestures, light leaping kicks. Movement is energetic and committed but NEVER aggressive — channeling pure life force, awakening, and quiet wonder. Loose hair flies, robe whips with motion.

TRANSFORMATION:
As he dances, the dead forest rapidly comes alive — green grass bursts up under each impact, white and pink wildflowers bloom along his motion paths, glowing vines spiral up tree trunks, fresh leaves return to bare branches; restoration spreads progressively, culminating in a fully restored lush luminous forest at the final beat.

PERFORMANCE ARC:
Opens softly — quiet, contemplative, breath held in wonder. Builds into bright open-hearted joy and awe during the dance climax — eyes wide with discovery, lips slightly parted in soft amazement. Ends in serene peace and gentle smile after the forest is restored — a long releasing breath, eyes closing softly.

FACIAL EXPRESSION (CRITICAL):
Keep the face GENTLE, INNOCENT, CALM and FOCUSED at all times. Soft eyes, never glaring. Lips relaxed, never clenched. Brow neutral or slightly lifted in wonder, NEVER furrowed in anger. The boy looks awe-struck, peaceful, and present — like a child discovering magic. NO fierce, ferocious, angry, snarling, glaring, or aggressive expressions. NO clenched jaw, NO bared teeth, NO scowl.

LIGHTING:
Cool blue moonlight, volumetric god rays through fog, deep shadows; warm bioluminescent green glow rises from blooming plants as transformation progresses, gold sparkles floating around him in the climax.

AUDIO:
Low ritual ambience, distant forest rumble, soft wind, breath-like whispers, wordless humming, layered female whisper-chant — barely audible airy whispers of breathe / bloom / rise / remember interwoven with hushed exhales; faint child-like wonder breaths, no clear singing voice, no dialogue.

TONE:
Dark magical realism with bright innocent wonder, luminous and full of energy, dark fantasy with hope and tenderness.

NEGATIVE:
Do NOT make him look fierce, angry, ferocious, intimidating, snarling, or aggressive. Do not add extra characters, stick figures, mannequins, dialogue, clear singing, subtitles, captions, text, arrows, UI overlays, watermarks, logos, or any event not implied by the storyboard. Do not depict the character as a girl or adult."
renoise-2054512405019873708,Create a photorealistic cinematic live TV broadcast video inside a crowded…,,真人,现实向,运动,,en,Seedance 2.0,,,renoise-ai/awesome-seedance-prompts,https://github.com/renoise-ai/awesome-seedance-prompts/blob/904b6caffa21c2b114bb93e1bd0e37ba80b3dd10/data/prompts/2054512405019873708.json,CC-BY-4.0,ai.gezgini,https://x.com/ai_gezgini/status/2054512405019873708,True,prompts/真人/现实向/运动/renoise-2054512405019873708--Create-a-photorealistic-cinematic-live-T.md,"Create a photorealistic cinematic live TV broadcast video inside a crowded indoor basketball arena during a Galatasaray vs Fenerbahçe game break. Follow the exact 4-beat storyboard flow.

REFERENCE USAGE:
Use reference images only for character identity, outfit, and visual consistency. Do not copy reference layouts, panels, borders, labels, or text.

STYLE:
Photorealistic live sports broadcast, bright arena floodlights, realistic crowd, shallow depth of field, natural skin texture, professional TV camera movement, basketball-arena ambience, 8K quality.

CHARACTERS:
Man 1: handsome young man, dark curly hair, light stubble, black casual shirt, confident but shy.
Woman: beautiful young woman, long straight black hair, blue eyes, sporty Galatasaray red-yellow crop top, light blue jeans, holding a clear plastic beer cup.
Man 2: woman’s boyfriend, softer innocent-looking face, friendly expression, red-yellow Galatasaray jersey.

IMPORTANT STAGING:
At first, Man 1 and the woman are not side by side. One empty red stadium seat is between them, seat number 22 visible. This seat matters because the boyfriend sits there in the final beat. The woman should sit with her legs crossed so her pose looks natural, with no extra-leg illusion. Mood: playful, shy, flirty, humorous. The kiss is fully consensual.

BEAT 1 — JUMBOTRON / KISS CAM
Start with a wide broadcast shot of the giant hanging jumbotron above the basketball court. It shows a bright “KISS CAM” graphic with red heart animations. On the screen, Man 1 and the woman appear with one empty seat between them. The scoreboard clearly shows GALATASARAY vs FENERBAHÇE.

Important: on the jumbotron, the woman is not looking at Man 1 yet. She is turned slightly toward the camera / audience direction, as if seeing herself on the Kiss Cam screen. She looks surprised, amused, and a little shy while holding her beer cup. Man 1 notices the screen too and smiles awkwardly.

Announcer:
“Kiss Cam time!”

Crowd chants:
“Kiss! Kiss! Kiss!”

Hold the jumbotron shot long enough to clearly show both people, the empty seat, and the woman realizing she is on Kiss Cam.

BEAT 2 — CAMERA CUTS TO REAL SEATS
The camera immediately cuts to the actual man and woman sitting in the stadium seats among a cheering, slightly blurred crowd. Use a live-broadcast push-in / pan / zoom, as if the TV camera is finding the real people from the jumbotron.

As the camera suddenly gets closer, the woman first faces slightly toward the broadcast camera, realizing everyone is watching. Then she turns toward Man 1 with a playful “what could happen?” attitude. She gives a small casual shoulder shrug, a shy but mischievous smile, and starts leaning toward him.

Show Man 1 on the left and the woman on the right, with empty red seat 22 still between them. The woman still holds her beer cup safely in one hand. Their expressions are awkward but flirtatious. The crowd keeps chanting:
“Kiss! Kiss! Kiss!”

BEAT 3 — THE KISS
Cut to a tighter medium close-up. Man 1 and the woman lean further across the empty seat space. The woman takes the initiative after her playful shrug and begins the kiss. Their faces come close in a shy, sweet way. They kiss briefly on the lips in a warm, fully consensual moment. The crowd erupts with louder cheering, applause, whistles, and laughter. Keep it intimate, emotional, and realistic, with blurred Galatasaray fans behind them.

BEAT 4 — FINAL TWIST
After the kiss, Man 1 and the woman pull back, smiling shyly and embarrassed. Then the woman notices her boyfriend approaching from her own side. She subtly raises her hand and gestures as if calling him over. Man 2 comes from the woman’s side, passes in front of the woman, and then sits in the previously empty red middle seat 22 beside her.

He wears a red-yellow Galatasaray jersey and clearly has no idea the Kiss Cam kiss happened. He looks relaxed, happy, innocent, and unaware. He sits beside the woman naturally and wraps one arm around her shoulders.

The woman leans slightly into him, but secretly glances back toward Man 1 with a shy, flirty, mischievous expression. Man 1 is pulled back on the left, no physical contact with the boyfriend, watching her with a faint amused smile, embarrassed but entertained. The boyfriend remains unaware, smiling warmly as if nothing happened. Mood: funny, awkward, playful, broadcast-friendly, not dramatic.

Announcer reacts in a surprised, funny voice:
“That is awkward.”

AUDIO:
Announcer: “Kiss Cam time!”
Crowd: “Kiss! Kiss! Kiss!”
Final announcer reaction: “That is awkward.”
Loud cheering, clapping, whistles, laughter, basketball-arena ambience.

CAMERA:
Start wide on jumbotron, then immediately cut to the real seats. Use sports-broadcast framing, push-ins, pans, zooms, reaction cuts, and medium close-ups. Keep faithful to storyboard:
1) jumbotron reveal, woman faces camera/audience and sees herself on Kiss Cam,
2) camera cuts close, woman turns to Man 1, shrugs playfully, starts the kiss,
3) kiss,
4) woman signals boyfriend, boyfriend comes from her side, passes in front of her, sits in middle seat, hugs her unaware, while she and Man 1 exchange embarrassed, flirty looks.

NEGATIVE PROMPTS:
no cartoon style, no fake app UI, no distorted faces, no extra fingers, no messy hands, no extra legs, no unnatural legs, no unreadable text except clear “KISS CAM”, no violence, no aggression, no forced intimacy, no childlike characters, no melodrama, no physical conflict."
renoise-2054513318488928442,15-Second Dynamic Ink Dragon Sequence — Shot Breakdown,,漫剧,特效向,奇幻冒险,2D日漫,en,Seedance 2.0,,,renoise-ai/awesome-seedance-prompts,https://github.com/renoise-ai/awesome-seedance-prompts/blob/904b6caffa21c2b114bb93e1bd0e37ba80b3dd10/data/prompts/2054513318488928442.json,CC-BY-4.0,MO,https://x.com/MO_IAI/status/2054513318488928442,True,prompts/漫剧/特效向/奇幻冒险/renoise-2054513318488928442--15-Second-Dynamic-Ink-Dragon-Sequence-—.md,"15-Second Dynamic Ink Dragon Sequence — Shot Breakdown

- 0.0–1.5s | Shot 1 (Impact Boot): Extreme low-angle worm's-eye view, ultra-wide fisheye distortion. A massive brush slams down beside a boot, detonating a starburst of black ink across the frame. Camera whip-snaps upward from the splash. High contrast monochrome, gold ink flecks bursting in slow-mo then snapping to real-time on beat.

- 1.5–3.0s | Shot 2 (Spinning Summon): Orbiting 360° camera pull-back. The figure mid-leap, brush raised, ink coiling into a circular sigil beneath. Dragon trail begins to form from brush tip. Motion-blurred swirl follows the camera arc, beat-synced ink pulses radiate outward.

- 3.0–4.5s | Shot 3 (Eye Cut-In): Hard cut to extreme close-up on golden eyes behind the horizontal brush shaft. Subtle dolly-in, hair drifting. Beat drop hit — single ink droplet falls past the lens. Stillness as tension snap before the chaos resumes.

- 4.5–6.5s | Shot 4 (Brush Slam Down): Crash-zoom from above, ultra-wide distortion. Figure drives the brush into the ground, exploding radial ink tendrils outward like a black sun. Camera shakes on impact, frame trembles to the kick drum.

- 6.5–8.5s | Shot 5 (Sweeping Strike): Lateral whip-pan tracking the figure mid-sprint, brush trailing a long ink dragon-tail ribbon. Speed lines and gold filament threads streak past. Dutch tilt rolls 20° with the motion.

- 8.5–10.5s | Shot 6 (Dragon Reveal): Push-in along the brush shaft into the swirling ink — the ink coalesces into a roaring dragon with golden eyes and scales. Parallax depth, lens warp at edges. Music swells; dragon snarls on the downbeat.

- 10.5–12.5s | Shot 7 (Hero Pose Spin): Bullet-time orbit around the figure planting the brush like a staff, ink ring expanding outward in a perfect circle. Ultra-wide barrel distortion exaggerates the pose. Freeze-frame flash on the apex beat.

- 12.5–15.0s | Shot 8 (Final Seal): Macro close-up on the hand gripping the brush, golden glyph igniting between the fingers. Rapid pull-out reveals the completed ink dragon encircling the figure. Final cymbal crash — ink splash wipes to black, gold sigil lingers.

Global Treatment

- Palette: stark black ink, paper-white negative space, gold accents only.
- Motion: every brush swing leaves a persistent dragon-trail ribbon; ink mass grows cumulatively across cuts.
- Camera: fisheye/ultra-wide 14mm feel, whip-pans, crash zooms, orbital bullet-time, handheld micro-shake on impacts.
- Audio sync: taiko + electronic hybrid, BPM ~140; every cut lands on a downbeat, ink bursts on snares, dragon roar on the drop at 8.5s.
- Finish: clean high-contrast render, crisp edge linework, sumi-e splatter overlays, subtle paper grain."
renoise-2054522207955509472,"A stunning young woman with long blonde hair and blue eyes, sitting in a…",,真人,现实向,时尚写真,,en,Seedance 2.0,,,renoise-ai/awesome-seedance-prompts,https://github.com/renoise-ai/awesome-seedance-prompts/blob/904b6caffa21c2b114bb93e1bd0e37ba80b3dd10/data/prompts/2054522207955509472.json,CC-BY-4.0,WasifAI,https://x.com/doctorwasif/status/2054522207955509472,True,prompts/真人/现实向/时尚写真/renoise-2054522207955509472--A-stunning-young-woman-with-long-blonde.md,"A stunning young woman with long blonde hair and blue eyes, sitting in a stadium crowd during a night baseball game. She is wearing a plush, white faux-fur jacket with black toggle fasteners, with a ""cool and disinterested"" expression, holding a small white handheld electric fan near her face.
Broadcast Overlays (must be visible and stable throughout):
A professional live TV sports broadcast scoreboard banner is pinned across the top of the frame — showing two team names, inning number, and score in a clean ESPN/Fox Sports style HUD. A channel logo watermark (e.g. ESPN or Fox Sports) is locked in the top-right corner, exactly as seen in a real live broadcast. Both overlays remain completely stable, with no flicker, distortion, or disappearing at any frame.
Environment & Lighting: Blurred background of a crowded baseball stadium with spectators in jerseys. Harsh, professional broadcast-style stadium lighting creating a glamour-shot look against the dark night atmosphere.
Camera: Mid-shot, slightly low angle, ultra-realistic, 8K, shallow depth of field, cinematic color grading — looks exactly like a high-definition live TV broadcast still."
renoise-2054525622437982641,"A cinematic, dramatic 10-second AI video featuring a mysterious skeletal figure…",,真人,特效向,奇幻怪兽,,en,Seedance 2.0,,,renoise-ai/awesome-seedance-prompts,https://github.com/renoise-ai/awesome-seedance-prompts/blob/904b6caffa21c2b114bb93e1bd0e37ba80b3dd10/data/prompts/2054525622437982641.json,CC-BY-4.0,Jahan Zaib,https://x.com/jzaib4269/status/2054525622437982641,True,"prompts/真人/特效向/奇幻怪兽/renoise-2054525622437982641--A-cinematic,-dramatic-10-second-AI-video.md","A cinematic, dramatic 10-second AI video featuring a mysterious skeletal figure as the central character. The skeleton has a glowing bright blue eyes, wearing a stylish black fedora hat, long black leather trench coat with tattered edges, black vest, chains and medallion, black gloves and boots.
He appears in multiple epic, cinematic scenes with fluid transitions: standing powerfully on a mechanical platform in front of a giant spiked steampunk structure, walking confidently through foggy Victorian gothic streets at night, holding an ornate sword or glowing futuristic gun, dramatic poses with smoke and fog swirling around him.
Some shots show his full skeleton body visible under the open coat, other shots show him more clothed. Backgrounds include dark cobblestone streets, towering gothic architecture, dramatic god rays / volumetric lighting, lanterns, chains, smoke, fire effects, and mysterious henchmen in trench coats and hats in the background.
Moody, dark fantasy, cyberpunk-noir aesthetic, highly detailed, epic composition, cinematic lighting, atmospheric fog, intense and mysterious vibe, smooth video transitions between iconic poses."
renoise-2054532170446979396,Ultra-realistic football broadcast screenshot — slightly soft and naturally…,,真人,现实向,运动,,en,Seedance 2.0,,,renoise-ai/awesome-seedance-prompts,https://github.com/renoise-ai/awesome-seedance-prompts/blob/904b6caffa21c2b114bb93e1bd0e37ba80b3dd10/data/prompts/2054532170446979396.json,CC-BY-4.0,Zyrella,https://x.com/Zyrellix/status/2054532170446979396,True,prompts/真人/现实向/运动/renoise-2054532170446979396--Ultra-realistic-football-broadcast-scree.md,"Ultra-realistic football broadcast screenshot — slightly soft and naturally compressed quality, as if captured directly from a live TV feed during an FC Barcelona match at Camp Nou. The uploaded person is sitting naturally among the crowd, casually watching the game and not looking directly at the camera. Fans are seated closely around her, creating an authentic stadium atmosphere. A realistic live sports broadcast overlay is visible, with the FC Barcelona TV / broadcast-style scoreboard and graphics in the top corners. This must feel like a genuine frame grab from a live football broadcast itself — NOT a photo of a screen, NOT a model shoot, NOT influencer photography, NOT beauty photography.

Natural candid posture, subtle facial asymmetry, realistic skin texture, flyaway hair, slight motion blur, visible compression artifacts, interlaced live TV quality, soft zoom-lens focus, uneven stadium lighting, and authentic crowd energy. The person is wearing a casual FC Barcelona jersey, sitting comfortably while reacting to the match, with scarves, drinks, or cheering items nearby. European football broadcast aesthetic, accidental crowd-cam moment, realistic sports production frame. NO enlarged eyes. Aspect Ratio 4:3.

Negative prompt: garbled text, unreadable letters, distorted typography, messy subtitles, broken words, misspelled words."
renoise-2054540646116147211,THE FALL OF THE FORTRESS — 15s Ultra-Cinematic Hollywood AI Video Prompt,,真人,特效向,动作大片,,en,Seedance 2.0,,,renoise-ai/awesome-seedance-prompts,https://github.com/renoise-ai/awesome-seedance-prompts/blob/904b6caffa21c2b114bb93e1bd0e37ba80b3dd10/data/prompts/2054540646116147211.json,CC-BY-4.0,Ai Arainz,https://x.com/iam_mian7/status/2054540646116147211,True,prompts/真人/特效向/动作大片/renoise-2054540646116147211--THE-FALL-OF-THE-FORTRESS-—-15s-Ultra-Cin.md,"THE FALL OF THE FORTRESS — 15s Ultra-Cinematic Hollywood AI Video Prompt

Style: Hyper-realistic Hollywood action • IMAX scale • Unreal Engine 5 quality • cinematic VFX • realistic physics • ultra-detailed facial animation • volumetric smoke • dynamic lighting • smooth motion control • practical explosions mixed with CGI • grounded realism • no cartoon feeling • intense cinematic sound design

0:00 – 0:03 | THE ARRIVAL

Extreme wide aerial shot above a gigantic ancient stone fortress built on a mountain cliff during a stormy sunset. Massive black military helicopters emerge from thick clouds while searchlights cut through the rain and smoke.

The main hero stands at the open helicopter door wearing a dark tactical royal armor mixed with modern military gear — long black coat flowing violently in the wind, metallic shoulder armor, glowing insignia on chest, battle scars on face.

Camera: cinematic drone orbit + stabilized helicopter tracking shot.
Atmosphere: realistic wind physics, rotor wash moving dust and flags naturally, thunder flashes illuminating the fort.
Audio: deep cinematic braams, helicopter blades, distant explosions.

0:03 – 0:07 | THE ATTACK

The helicopters begin aggressive tactical assault on the fortress walls. Heavy machine guns fire realistic tracer rounds toward enemy towers while explosions erupt across stone barricades.

The hero jumps from the helicopter using a tactical rope while explosions burst behind him in slow motion. Enemy soldiers fire desperately but the hero walks forward fearlessly through smoke and sparks.

Camera transitions:

slow-motion close-up of bullet casings falling

handheld battlefield tracking shots

cinematic whip-pans during explosions

realistic motion blur and debris simulation

VFX: ultra-realistic fire, smoke simulation, particle destruction, cinematic sparks, physically accurate lighting reflections on armor.

0:07 – 0:10 | THE SURRENDER

The hero lands inside the fort courtyard. Enemy soldiers slowly stop firing. One by one, they kneel and throw down their weapons.

Rain falls softly through burning smoke while the hero walks through the defeated army with absolute dominance. His boots echo on wet stone ground.

Camera: low-angle hero shot with subtle shake for realism.
Lighting: orange fire glow mixed with cold blue storm light creating dramatic contrast.
Facial animation must feel emotionally real and photorealistic.

0:10 – 0:15 | THE NEW KING

Massive throne room inside the fortress. Ancient royal hall with burning torches, shattered banners, cinematic dust particles floating through light beams.

The hero slowly sits on the gigantic king’s throne. A royal crown is placed on his head while defeated enemies bow before him. Silence fills the hall.

Extreme cinematic close-up on his eyes.
Camera slowly pushes inward.

He says in a deep powerful voice:

A new era begins from here.

Final shot:
The throne hall darkens while golden light rises behind him like a rebirth. His cape moves slowly in the wind as the camera pulls back to reveal the conquered kingdom.

Cinematic Technical Details

Unreal Engine 5 photorealism

IMAX cinematic framing

realistic skin texture and micro-expressions

perfect lip-sync

smooth cinematic motion control

practical war cinematography

volumetric fog and smoke

ray-traced lighting and reflections

Hollywood-grade color grading

physically accurate explosions and destruction

zero fake animation feeling

realistic crowd behavior and enemy reactions

ultra-detailed environmental destruction

epic Hans Zimmer–style cinematic soundtrack

24fps cinematic motion with natural shutter blur

seamless transitions between scenes

emotional realism + blockbuster scale"
renoise-2054545223791903071,"Style: 1970s gritty manga / gekiga crime style, black ink, screentone shading…",,漫剧,特效向,特效综合,2D日漫,en,Seedance 2.0,,,renoise-ai/awesome-seedance-prompts,https://github.com/renoise-ai/awesome-seedance-prompts/blob/904b6caffa21c2b114bb93e1bd0e37ba80b3dd10/data/prompts/2054545223791903071.json,CC-BY-4.0,Kaan Alper,https://x.com/kaan_alper/status/2054545223791903071,True,prompts/漫剧/特效向/特效综合/renoise-2054545223791903071--Style-1970s-gritty-manga-gekiga-crime-st.md,"Style: 1970s gritty manga / gekiga crime style, black ink, screentone shading, rain-soaked noir atmosphere, cinematic panel energy, high contrast, dramatic shadows. Minimum 8K quality, ultra sharp, high detail, clean textures, stable faces, no blur, no compression artifacts.

Continuity: Single 15-second cinematic scene. Two rival mafia groups face each other in a rainy 1970 dockyard at night. Maintain the same characters, same cars, same crates, same wet ground reflections, same lighting direction, same spatial logic, and same escalating gunfight. No gore, no graphic injury detail.

Characters: Group A wears dark trench coats, fedoras, sharp 1970 suits. Group B wears lighter coats, open collars, slicked-back hair, sunglasses, and leather gloves. Leaders remain visually distinct: one stern man in fedora, one scar-faced man with sunglasses.

Environment: Rainy industrial dockyard, vintage black cars, stacked wooden crates, cranes, warehouse silhouettes, puddles, neon reflections, smoke, muzzle flashes, distant thunder.

Scene Flow: 00:00–02:00 wide high-angle dockyard reveal, two mafia groups stare across wet asphalt. 02:00–04:00 split-focus close-up on both leaders, silent signal, hands move toward weapons. 04:00–06:00 first shot erupts, both sides draw and fire, muzzle flashes cut through rain. 06:00–08:00 men dive behind cars and crates, bullets strike metal, sparks and water splash. 08:00–10:00 extreme close-up on a hitman firing from cover, muzzle flash lights his face. 10:00–12:00 wide dynamic chaos, both groups exchange fire across the dockyard, smoke builds. 12:00–15:00 explosion on the right side throws debris and smoke upward, ending on a dramatic cliffhanger frame with characters still in motion.

Camera: Viral manga action cinematography, wide establishing shot, medium close-up, dynamic low angle, tracking left-to-right, extreme close-up, crane-up wide chaos reveal, final dutch-angle pullback. Camera movement remains motivated and cinematic, no random spins.

Motion: Rain streaks, coat fabric movement, gun recoil, realistic foot placement, men diving into cover, sparks, smoke expansion, puddle splashes, debris motion, believable action physics.

Lighting: Night noir dock lighting, harsh car headlights, muzzle flashes, wet reflections, deep shadows, red-brown 1970 crime tone.

Audio: Clean cinematic audio, heavy rain, distant thunder, gunshots, ricochets, car metal impacts, breathing, bass tension, explosion hit, no distortion.

Ending: End on smoke and debris rising from the right side, both groups still in cover, camera angled low-wide for a dramatic final impact.

Negative: no modern clothing, no modern cars, no daylight, no gore, no dismemberment, no broken anatomy, no warped weapons, no random camera reset, no chaotic unreadable motion, no blur, no compression artifacts."
renoise-2054549427851804754,Cinematic Style: Hyper-realistic BBC Planet Earth II / David Attenborough…,,其他,,风景空镜,,en,Seedance 2.0,,,renoise-ai/awesome-seedance-prompts,https://github.com/renoise-ai/awesome-seedance-prompts/blob/904b6caffa21c2b114bb93e1bd0e37ba80b3dd10/data/prompts/2054549427851804754.json,CC-BY-4.0,.RW🦦,https://x.com/pacyuzu/status/2054549427851804754,True,prompts/其他/风景空镜/renoise-2054549427851804754--Cinematic-Style-Hyper-realistic-BBC-Plan.md,"Cinematic Style: Hyper-realistic BBC Planet Earth II / David Attenborough nature documentary, shot on 8K ARRI Alexa with breathtaking, immersive cinematography. Unsettling yet majestic tone — equal parts awe and quiet dread. Scene & Camera Movement: Golden hour, warm, cinematic sunlight filters through ancient untouched rainforest canopy. A sweeping, majestic drone shot glides high above an endless sea of pristine emerald trees, mist gently rising from the valley below. The camera slowly descends with graceful, deliberate Attenborough-style gravitas, pushing forward through the dense canopy layers, parting leaves and vines as if discovering something miraculous. As the camera emerges into a small, perfectly circular clearing, it reveals a single, weathered white plastic garden chair standing alone in the center. No footprints. No other objects. No humans. Just this absurd, out-of-place plastic chair bathed in rich golden light, surrounded by untouched wilderness. Final Framing: The camera comes to a complete, respectful halt. A long, lingering wide shot holds on the chair for an extended, almost reverent moment — treating this mundane object with the same profound wonder and scientific curiosity as a newly discovered species. Gentle wind moves through the surrounding trees. Dust motes and pollen drift through the light beams. Subtle unsettling tension in the silence. Mood & Details: Breathtaking natural beauty contrasted with quiet existential absurdity. Photorealistic textures — rough bark, dewy leaves, cheap faded plastic with subtle scuffs and moss beginning to claim it. Cinematic color grading, subtle lens flare, shallow depth of field on the chair with soft background bokeh of the forest."
renoise-2054561089715909052,A 16-second cinematic influencer video set in a luxury walk-in closet with soft…,,其他,,广告带货,,en,Seedance 2.0,link-only,sexual,renoise-ai/awesome-seedance-prompts,https://github.com/renoise-ai/awesome-seedance-prompts/blob/904b6caffa21c2b114bb93e1bd0e37ba80b3dd10/data/prompts/2054561089715909052.json,CC-BY-4.0,Soulful Ai,https://x.com/soulful__ai/status/2054561089715909052,True,prompts/其他/广告带货/renoise-2054561089715909052--A-16-second-cinematic-influencer-video-s.md,
renoise-2054572310208589871,high-speed video sequence featuring a black dragon with orange spikes. The…,,漫剧,特效向,奇幻冒险,3D卡通,en,Seedance 2.0,,,renoise-ai/awesome-seedance-prompts,https://github.com/renoise-ai/awesome-seedance-prompts/blob/904b6caffa21c2b114bb93e1bd0e37ba80b3dd10/data/prompts/2054572310208589871.json,CC-BY-4.0,Viki,https://x.com/churvikv/status/2054572310208589871,True,prompts/漫剧/特效向/奇幻冒险/renoise-2054572310208589871--high-speed-video-sequence-featuring-a-bl.md,"high-speed video sequence featuring a black dragon with orange spikes. The visual style is strictly 3D sand art relief and mosaic. Everything is made of sand grains, pebbles, and gravel. The dragon looks like a moving stone sculpture. The sky is filled with swirling clouds made of blue and white sand. CRITICAL: There are NO numbers, NO text, NO grid lines, and NO panel borders. The scene is a seamless, continuous environment with consistent grainy texture throughout.
Shot 1 (0-2.5s): Close-up dynamic launch. The mosaic dragon pushes off the sandy ground and takes flight. The camera shakes slightly to emphasize speed. The texture of black and orange pebbles is sharp.
Shot 2 (2.5-5.0s): Cut to a fast side tracking shot. The dragon flies rapidly past the camera. The wings flap heavily, made of dark flat stones. The background is a blur of stone-textured mountains and swirling sand clouds.
Shot 3 (5.0-7.5s): Cut to a front view. The dragon flies towards the camera, banking left. It opens its mouth wide to roar and unleashes one powerful burst of fire. The fire is stylized as a stream of glowing orange and red sand grains to perfectly match the mosaic relief style. The orange spikes catch the light.
Shot 4 (7.5-10.0s): Cut to a high-speed dive. The dragon spirals downwards. The motion blur is intense, but the grainy mosaic texture of the scales and wings remains clearly visible.
Shot 5 (10.0-12.5s): Cut to a rear view. The dragon's long tail whips through the air, kicking up trails of sand. The intricate stone pattern on the wings is visible against the dynamic background.
Shot 6 (12.5-15.0s): Cut to a wide shot. The dragon flies away into the distance against a background of mosaic-textured sky and clouds, shrinking into the horizon while the sand relief style remains unchanged."
renoise-2054578025920868799,Use the attached THE SPAGHETTI CHEF storyboard image as the exact reference.,,漫剧,现实向,日常治愈,3D卡通,en,Seedance 2.0,,,renoise-ai/awesome-seedance-prompts,https://github.com/renoise-ai/awesome-seedance-prompts/blob/904b6caffa21c2b114bb93e1bd0e37ba80b3dd10/data/prompts/2054578025920868799.json,CC-BY-4.0,PENNY💜,https://x.com/ImozemhePeniel/status/2054578025920868799,True,prompts/漫剧/现实向/日常治愈/renoise-2054578025920868799--Use-the-attached-THE-SPAGHETTI-CHEF-stor.md,"Use the attached THE SPAGHETTI CHEF storyboard image as the exact reference.

Create a 15-second 16:9 animated artisan spaghetti-making sequence that follows the 8-shot storyboard exactly. Preserve the same Pixar-style young spaghetti chef, black apron, cozy Italian pasta kitchen, steaming pots, and warm cinematic aesthetic throughout.

Rules:

• Follow the sequence exactly from 1 to 8
• One shot per panel, approximately 1.5 seconds each
• No skipped steps, no extra ingredients beyond the storyboard
• Maintain chef and kitchen continuity throughout
• Emphasize boiling water steam, sauce texture, glossy spaghetti movement, parmesan snowfall, steam rising from plated pasta, and emotional first bite reaction

Shot sequence:

Chef flips OPEN sign — warm kitchen lights and steam from pasta pots fill the restaurant
Dry spaghetti dropped into boiling water — dramatic steam and water splash in slow motion
Chef stirring spaghetti through bubbling water confidently — cinematic motion blur
Rich tomato sauce simmering with garlic and herbs — satisfying overhead close-up
Spaghetti tossed dramatically into sauce — glossy noodles coated beautifully
Parmesan cheese raining onto steaming spaghetti — buttery detailed textures
Finished spaghetti plated elegantly — steam rising beautifully under warm light
Customer takes first bite — eyes light up with happiness, chef smiling proudly nearby

Camera:

• Wide shot for restaurant opening
• Slow-motion close-up for spaghetti drop into boiling water
• Overhead angle for sauce simmer
• Macro close-ups for glossy pasta coating and parmesan melting
• Tight emotional close-up for first bite reaction

Style:

• Warm golden kitchen lighting throughout
• Rich tomato reds, garlic butter golds, basil greens, parmesan whites
• Pixar CGI vivid expressive animation
• Shallow depth of field on close-up shots
• Smooth satisfying cuts with energetic Italian kitchen atmosphere

Goal:

A beautiful 15-second artisan spaghetti journey from boiling pasta to happy first bite, hot, cinematic, comforting, energetic, and deeply satisfying to watch."
renoise-2054580263791825234,Cinematic Style: Epic historical war film in the style of Ridley Scott’s…,,真人,特效向,动作大片,,en,Seedance 2.0,link-only,copyrighted-character,renoise-ai/awesome-seedance-prompts,https://github.com/renoise-ai/awesome-seedance-prompts/blob/904b6caffa21c2b114bb93e1bd0e37ba80b3dd10/data/prompts/2054580263791825234.json,CC-BY-4.0,.RW🦦,https://x.com/pacyuzu/status/2054580263791825234,True,prompts/真人/特效向/动作大片/renoise-2054580263791825234--Cinematic-Style-Epic-historical-war-film.md,
renoise-2054581259939225694,"[Global style: illustrated cinematic, [your indications], smooth motion…",,真人,现实向,剧情短片,,en,Seedance 2.0,,,renoise-ai/awesome-seedance-prompts,https://github.com/renoise-ai/awesome-seedance-prompts/blob/904b6caffa21c2b114bb93e1bd0e37ba80b3dd10/data/prompts/2054581259939225694.json,CC-BY-4.0,Maïm Garnier,https://x.com/maybeegreen/status/2054581259939225694,True,"prompts/真人/现实向/剧情短片/renoise-2054581259939225694--Global-style-illustrated-cinematic,-your.md","[Global style: illustrated cinematic, [your indications], smooth motion, maintain face consistency, preserve composition and colors]
Handheld camera, the shaman [shaman_image] starts performing an ancient ceremony, humming then singing louder from his chest and heart, moved and humble, micro gestures, emotional micro expressions.
A bird [bird_image] appears in the sky, coming to him and lands on the ground in front of him. Multishots, dynamic angle, cinematic. May, blossoming meadow at night."
renoise-2054583601925107766,Create an ultra-realistic cinematic world travel montage showcasing the Seven…,,真人,现实向,生活与vlog,,en,Seedance 2.0,,,renoise-ai/awesome-seedance-prompts,https://github.com/renoise-ai/awesome-seedance-prompts/blob/904b6caffa21c2b114bb93e1bd0e37ba80b3dd10/data/prompts/2054583601925107766.json,CC-BY-4.0,Kuria | AI,https://x.com/I_amShiti/status/2054583601925107766,True,prompts/真人/现实向/生活与vlog/renoise-2054583601925107766--Create-an-ultra-realistic-cinematic-worl.md,"Create an ultra-realistic cinematic world travel montage showcasing the Seven Wonders of the World in one breathtaking panoramic composition. Feature all seven iconic landmarks seamlessly blended into a visually stunning global adventure scene: the Great Wall of China winding across misty mountains, Petra glowing in warm desert sunlight, Christ the Redeemer towering above Rio de Janeiro at sunrise, Machu Picchu surrounded by lush green Andes mountains and clouds, Chichén Itzá illuminated by golden jungle light, the Roman Colosseum glowing during sunset with cinematic atmosphere, and the Taj Mahal reflecting beautifully in calm water under soft morning light.

Include diverse tourists from around the world exploring the wonders, taking photographs, walking through ancient pathways, admiring architecture, using cameras and smartphones, wearing stylish travel outfits, backpacks, hats, and sunglasses. Show realistic emotions of awe, curiosity, excitement, and discovery.

Blend the environments naturally into one epic global landscape with cinematic transitions between locations:
- misty mountains
- desert sands
- tropical jungles
- ancient stone architecture
- glowing city lights in the distance
- dramatic skies
- sunrise and sunset lighting
- birds flying across the sky
- atmospheric haze
- waterfalls and reflective water surfaces
- realistic vegetation and terrain textures

Style and composition:
epic cinematic travel photography, National Geographic aesthetic, ultra-detailed environmental storytelling, HDR lighting, volumetric sunlight, realistic shadows and reflections, shallow depth of field, layered perspective, dynamic composition, vibrant but realistic color grading, premium tourism campaign aesthetic, highly detailed textures, realistic human anatomy, immersive global adventure atmosphere, 8K ultra realism.

Camera specifications:
shot on Sony A1, 24mm wide-angle lens, ultra sharp focus, f/4 aperture, cinematic color grading, realistic depth and scale, professional travel documentary photography style.

Mood and atmosphere:
inspiring, adventurous, majestic, culturally rich, emotionally immersive, visually breathtaking, celebration of human history, architecture, and global exploration."
renoise-2054585532731228324,"Cinematic 15-second video in ultra-realistic 4K, dramatic filmic style, warm…",,真人,现实向,剧情短片,,en,Seedance 2.0,,,renoise-ai/awesome-seedance-prompts,https://github.com/renoise-ai/awesome-seedance-prompts/blob/904b6caffa21c2b114bb93e1bd0e37ba80b3dd10/data/prompts/2054585532731228324.json,CC-BY-4.0,Salt,https://x.com/XMonetizationC_/status/2054585532731228324,True,prompts/真人/现实向/剧情短片/renoise-2054585532731228324--Cinematic-15-second-video-in-ultra-reali.md,"Cinematic 15-second video in ultra-realistic 4K, dramatic filmic style, warm golden hour lighting with god rays streaming through wooden blinds, moody luxury office interior with dark wood paneling and elegant furniture.

An elderly distinguished man (late 60s, silver-gray slicked-back hair, full well-groomed gray beard, sharp facial features) wearing a black tuxedo with white bow tie sits in a classic dark leather armchair. A large fluffy ginger tabby cat is comfortably sitting on his lap. He slowly and gently strokes the cat's back with his right hand while looking at it affectionately.

At around 6–7 seconds, he carefully lifts and places the ginger cat down onto the floor. The cat jumps off his lap and walks away. The man then slowly rises from the chair, turns his body to the right with a serious, contemplative expression, and looks toward the background where several other men in dark suits are standing near a doorway, observing him.

Smooth, elegant camera movement: starts with a medium shot focused on the man and cat, slowly pans right and pulls back slightly as he stands up, revealing more of the luxurious office and the waiting men. Subtle lens flares, rich color grading, cinematic depth of field, photorealistic details, 4K resolution, 24fps, high production quality like a Hollywood drama scene."
renoise-2054598507072524545,"Epic cinematic sci-fi fantasy action sequence, 15 seconds, 8 shots, stylized…",,真人,特效向,动作大片,,en,Seedance 2.0,,,renoise-ai/awesome-seedance-prompts,https://github.com/renoise-ai/awesome-seedance-prompts/blob/904b6caffa21c2b114bb93e1bd0e37ba80b3dd10/data/prompts/2054598507072524545.json,CC-BY-4.0,Amira Zairi,https://x.com/azed_ai/status/2054598507072524545,True,prompts/真人/特效向/动作大片/renoise-2054598507072524545--Epic-cinematic-sci-fi-fantasy-action-seq.md,"Epic cinematic sci-fi fantasy action sequence, 15 seconds, 8 shots, stylized realism

A fearless female sky rider named Lyra stands on a high cliffside outpost above the clouds as hostile raider drones attack. Black tactical outfit, dark visor sunglasses, windswept ponytail. Explosions hit the platform and warning lights flash red. Lyra sprints across the damaged platform toward her bonded flying dragon, Shadowwing. She leaps into the saddle as fire streaks past. Shadowwing launches violently into open sky. They race through narrow sky canyons while enemy craft pursue at high speed. Lyra jumps onto the lead enemy craft and seizes a glowing energy core. The craft explodes. Lyra falls through smoke and debris until Shadowwing catches her midair. Final hero shot: Lyra rides upward through golden clouds, holding the recovered energy core aloft in victory.

Cinematic daylight with storm-gray clouds, orange explosions, black and steel palette with glowing amber energy accents. Fast readable action, sharp cuts, dynamic aerial camera, high contrast, no text, no logos, no watermark."
renoise-2054600438906003582,"15-second cinematic animated video, 16:9, premium Pixar-quality 3D mascot…",,漫剧,现实向,日常治愈,3D卡通,en,Seedance 2.0,link-only,sexual,renoise-ai/awesome-seedance-prompts,https://github.com/renoise-ai/awesome-seedance-prompts/blob/904b6caffa21c2b114bb93e1bd0e37ba80b3dd10/data/prompts/2054600438906003582.json,CC-BY-4.0,ANKIT PATEL 🇮🇳 | AI,https://x.com/Ankit_patel211/status/2054600438906003582,True,"prompts/漫剧/现实向/日常治愈/renoise-2054600438906003582--15-second-cinematic-animated-video,-16-9.md",
renoise-2054620870002495955,Part 1,,漫剧,现实向,剧情短片,3D卡通,en,Seedance 2.0,link-only,sexual,renoise-ai/awesome-seedance-prompts,https://github.com/renoise-ai/awesome-seedance-prompts/blob/904b6caffa21c2b114bb93e1bd0e37ba80b3dd10/data/prompts/2054620870002495955.json,CC-BY-4.0,Kaan Alper,https://x.com/kaan_alper/status/2054620870002495955,True,prompts/漫剧/现实向/剧情短片/renoise-2054620870002495955--Part-1.md,
renoise-2054645327706341382,Create a 15 second high energy continuous shot featuring a confident male…,,真人,特效向,科幻,,en,Seedance 2.0,,,renoise-ai/awesome-seedance-prompts,https://github.com/renoise-ai/awesome-seedance-prompts/blob/904b6caffa21c2b114bb93e1bd0e37ba80b3dd10/data/prompts/2054645327706341382.json,CC-BY-4.0,Umesh,https://x.com/umesh_ai/status/2054645327706341382,True,prompts/真人/特效向/科幻/renoise-2054645327706341382--Create-a-15-second-high-energy-continuou.md,"Create a 15 second high energy continuous shot featuring a confident male subject moving through rapidly evolving eras. The camera follows him in one fluid motion as he runs, spins, slides, and jumps forward while both his outfit and the environment transform around him. Start in a prehistoric cave with firelight and stone walls, where he begins as a caveman. As he slams his club into the ground, the cave morphs into an Egyptian temple, then a Roman arena, a medieval castle hall, a pirate ship deck, a Victorian street, a 1920s jazz club, a neon 1980s dance floor, a modern city rooftop, a cyberpunk alley, and finally a futuristic spaceship launch bay. Each transformation is triggered by action and feels seamless, with no cuts, only match motion and morphing scenery. Keep the pace fast, stylish, fun, and cinematic. End with the male subject in a sleek astronaut suit sprinting into a glowing airlock as the ship launches behind him in an epic climax."
renoise-2054665100544676197,Create a 15-second vertical 9:16 amateur smartphone video of a fail caught on…,,真人,现实向,喜剧整活,,en,Seedance 2.0,,,renoise-ai/awesome-seedance-prompts,https://github.com/renoise-ai/awesome-seedance-prompts/blob/904b6caffa21c2b114bb93e1bd0e37ba80b3dd10/data/prompts/2054665100544676197.json,CC-BY-4.0,A.I.Warper,https://x.com/AIWarper/status/2054665100544676197,True,prompts/真人/现实向/喜剧整活/renoise-2054665100544676197--Create-a-15-second-vertical-9-16-amateur.md,"Create a 15-second vertical 9:16 amateur smartphone video of a fail caught on camera. At the top of the screen, include the white text: ""Bro actually fell through the roof😭💀"". A shirtless young man wearing light-colored trousers climbs over a leafy balcony railing and drops onto a slanted, red and grey corrugated roof. Bright sunny daylight. He carefully walks across the brittle roof toward a small blue ball. As he squats down to pick up the ball, the roof panel directly beneath him suddenly shatters and breaks. He violently falls completely through the roof, disappearing into a dark rectangular hole, while the blue ball rolls away. The camera is handheld, tracking him slightly, with a flinch when the roof breaks. Audio includes casual background chatter, hollow footsteps on the roof, and a loud, dramatic crash when the roof gives way. Keep it fast-paced to fit exactly 15 seconds."
renoise-2054676715679437130,A cinematic 3x3 storyboard grid showing a dramatic action sequence inside a…,,真人,现实向,喜剧整活,,en,Seedance 2.0,,,renoise-ai/awesome-seedance-prompts,https://github.com/renoise-ai/awesome-seedance-prompts/blob/904b6caffa21c2b114bb93e1bd0e37ba80b3dd10/data/prompts/2054676715679437130.json,CC-BY-4.0,HOT (The Blue Cat 🥵),https://x.com/Hot_OnStudio/status/2054676715679437130,True,prompts/真人/现实向/喜剧整活/renoise-2054676715679437130--A-cinematic-3x3-storyboard-grid-showing.md,"A cinematic 3x3 storyboard grid showing a dramatic action sequence inside a modern convenience store at night. The style is dark, moody, high-end film stills, realistic lighting, slight teal-green color grading, shallow depth of field, motion blur in action shots.

Each of the 9 panels should be separated by thin black borders, forming a clean storyboard layout.

VERY IMPORTANT:

Each panel has small white text in the top-left corner showing:
Shot number (SHOT 1–9)
Camera type (e.g. ARRI Alexa Mini LF)
Lens (e.g. 35mm, 50mm, 85mm)
Subtle cinematic subtitles in English at the bottom of each frame describing the action
Maintain consistent character appearance: image reference 1, blue Cat with yellow jacket

⸻

Scene breakdown (must follow composition closely):

SHOT 1 – Medium shot, 35mm
The Blue Cat standing in a convenience store aisle, casually looking at a snack package. Fluorescent lighting, calm atmosphere.

SHOT 2 – Wide shot, 24mm
Store doors burst open violently. A large group of heavily armed tactical soldiers rush in.

SHOT 3 – Over-the-shoulder shot, 50mm
From behind the Blue Ca, facing a line of soldiers aiming rifles directly at him.

SHOT 4 – Extreme close-up, 85mm
The Blue Cat’s eyes sharpen, intense focus. Background slightly blurred. Subtle energy tension.

SHOT 5 – Motion blur tracking shot, 35mm
The Blue Cat suddenly dashes forward at superhuman speed. Soldiers appear blurred.

SHOT 6 – Wide action shot, 28mm
He strikes multiple soldiers mid-air, dynamic combat pose, debris flying.

SHOT 7 – Low angle shot, 35mm
Close combat: the Blue Cat overpowering soldiers on the ground, fast brutal movements.

SHOT 8 – Wide aftermath shot, 24mm
All soldiers are down. The Blue Cat stands in the center of the store, surrounded by fallen bodies.

SHOT 9 – Medium wide shot, 35mm
The Blue Cat stands calmly in the destroyed store, untouched. Shelves messy, silence after chaos.

⸻

Style keywords:

cinematic, film stills, ultra realistic, dramatic lighting, teal color grade, shallow depth of field, motion blur, high detail, 8k, storyboard layout, grid composition, professional filmmaking, ARRI Alexa look"
renoise-2054715408846852249,"Vertical 9:16 selfie-style video filmed on an iPhone, low-angle outdoor shot…",,真人,现实向,生活与vlog,,en,Seedance 2.0,,,renoise-ai/awesome-seedance-prompts,https://github.com/renoise-ai/awesome-seedance-prompts/blob/904b6caffa21c2b114bb93e1bd0e37ba80b3dd10/data/prompts/2054715408846852249.json,CC-BY-4.0,maxfusion.ai,https://x.com/MaxfusionAI/status/2054715408846852249,True,prompts/真人/现实向/生活与vlog/renoise-2054715408846852249--Vertical-9-16-selfie-style-video-filmed.md,"Vertical 9:16 selfie-style video filmed on an iPhone, low-angle outdoor shot with a faint slight cant. the image stands on a city sidewalk in front of a glass-and-steel storefront, long platinum blonde hair, small rectangular gold-framed dark sunglasses, gold hoop earrings, black tank top, holding up a bright pink Stanley tumbler with a pink straw and rainbow manicured nails. The clip opens with her bringing the straw to her glossy lips, taking a slow casual sip, lowering the cup slightly. She looks directly into the camera over the top of her sunglasses with deadpan disbelief and says, 'okay so — five minutes ago — I just got cat-called by a guy in a wheelchair.' Brief pause. Slight headshake. 'Like fully.' Small sip. 'He rolls past me and goes —' she lowers her voice into a flat dry impression — 'damn girl, are you from Japan? Because I'm tryna get in your Japan tees.' She pauses. Stares dead at the lens. Pushes her sunglasses up her nose. 'And I genuinely don't know what to do with that information.' Small disbelieving exhale. Takes one final sip. Voice direction: airy, slightly bratty feminine tone with deadpan storytelling energy — think Y2K it-girl-meets-bored-narrator. Mid-pitched with a soft vocal fry on trailing words, slightly nasal in a chic way. Unhurried pace overall but with sharp emphasis on the punchline beats. The opening 'okay so — five minutes ago' is delivered casually, almost throwaway, like she's still processing it herself. She lands harder on 'cat-called by a guy in a wheelchair' — slight rise in pitch on 'wheelchair' for incredulity. The 'like fully' is dry, clipped, deadpan. The mimicked male voice for 'damn girl, are you from Japan, because I'm tryna get your Japanties' should drop into a flat low monotone — almost expressionless, exaggerated bad pickup-line delivery, dragged out slightly on 'Japaaaanties' for the comedic landing. The final 'and I genuinely don't know what to do with that information' is delivered slow and resigned, pitch dipping lazily on 'information.' The disbelieving exhale should be audible — small puff of breath through pursed lips. No filler words, no stutters. Audio direction: outdoor city ambience — distant traffic, faint passing footsteps, occasional muted conversation in the background, gentle straw sip sound, ice rattle in the tumbler. No music. Bright direct sunlight from above, blue sky and steel building scaffolding behind her. Expression journey: starts casual mid-sip, builds into deadpan disbelief at the reveal, pauses dramatically for the pickup line, lands the final beat completely unbothered with a small sunglasses adjustment. Preserve exact photorealistic features, visible skin pores, natural skin texture and slight unevenness, lifelike human skin with zero stylization — must look indistinguishable from a real human. Raw authentic feel, slight natural handheld drift, no filter, no captions, no text overlays. 9:16 vertical."
renoise-2054731974502383672,Describe a step-by-step journey in which human technology evolves from small…,,漫剧,特效向,科幻机甲,3D卡通,en,Seedance 2.0,,,renoise-ai/awesome-seedance-prompts,https://github.com/renoise-ai/awesome-seedance-prompts/blob/904b6caffa21c2b114bb93e1bd0e37ba80b3dd10/data/prompts/2054731974502383672.json,CC-BY-4.0,Ruby Ai,https://x.com/HeyRu0by/status/2054731974502383672,True,prompts/漫剧/特效向/科幻机甲/renoise-2054731974502383672--Describe-a-step-by-step-journey-in-which.md,"Describe a step-by-step journey in which human technology evolves from small components to a highly advanced robot. At each stage, highlight human creative effort and the relentless pursuit of science. In the end, it is a human who, through dedication, created this robot and brought it to life. I will showcase this journey in a video later, making it clear that human dedication is what makes everything possible."
renoise-2054754519771451501,"Using the reference image provided, create a [your favorite game] style cosplay…",,其他,,动态图形与界面,,en,Seedance 2.0,,,renoise-ai/awesome-seedance-prompts,https://github.com/renoise-ai/awesome-seedance-prompts/blob/904b6caffa21c2b114bb93e1bd0e37ba80b3dd10/data/prompts/2054754519771451501.json,CC-BY-4.0,RafaSimon,https://x.com/rafalors/status/2054754519771451501,True,"prompts/其他/动态图形与界面/renoise-2054754519771451501--Using-the-reference-image-provided,-crea.md","Using the reference image provided, create a [your favorite game] style cosplay loading screen video — the subject environment transforms and the [your favorite game] game UI overlays on top of everything. Cinematic, dramatic. Total duration 10 seconds.
The Concept — Cosplay Not Transformation: The subject stays completely in their original form and body and face only adding [your favorite game] armor plates. What changes is everything around them and the UI overlaid on top. They are transported into a post-apocalyptic medieval ruins environment — crumbling stone walls, overgrown with dark moss and vines, ash and embers floating through the air, dramatic dark sky with rays of golden light breaking through storm clouds. The environment feels like the [your favorite game] — ancient, destroyed, beautiful and haunting. The subject stands naturally in this world as if they have always been there.
The Environment: Dark atmospheric ruins — broken stone arches, collapsed pillars, smoldering embers on the ground, dark ash floating upward like snow, dramatic God rays cutting through storm clouds above. The color palette is deep charcoal, dark navy and burnt gold — moody and cinematic. Occasional fire and embers at the bottom of the frame bleeding upward — [your favorite game] aesthetic.
The Animation — First 5 Seconds (Multi Shots): Three quick cinematic shots of the subject in the ruins environment — no UI yet, just pure atmosphere:
📸 Shot 1 (0–2 seconds) Wide establishing shot — subject standing small against the massive crumbling ruins, dramatic God rays behind them, ash floating around them, embers glowing at their feet. Cinematic and epic.
📸 Shot 2 (2–3.5 seconds) Medium shot — subject from the waist up, ruins visible behind them, embers and ash swirling around dramatically. Their expression is calm and powerful — like they belong in this world.
📸 Shot 3 (3.5–5 seconds) Close up portrait — subject's face dramatically lit by the golden God rays and ember glow from below. Dark ruins barely visible behind them. Intense, cinematic, beautiful.
The UI Overlay — Final 5 Seconds: At exactly 5 seconds the [your favorite game] main menu UI fades in over the ruins environment — the subject remains visible behind the semi-transparent menu overlay, still in the ruins:
[your favorite game] logo in the iconic thin elegant serif font fades in at the top — gold and white, with the signature rotating symbol spinning slowly beside it
Animated fire effect bleeds upward from the very bottom of the screen in deep orange and red — signature [your favorite game] menu aesthetic
Dark semi-transparent menu panel appears center screen with the classic menu list in elegant FF typography:
▶ NEW GAME
   LOAD GAME
   OPTIONS
A blinking cursor arrow sits beside NEW GAME from the start
At 8 seconds the cursor slowly moves down to LOAD GAME — pauses
At 9 seconds the cursor moves back up and selects NEW GAME — the screen flashes bright white like a new game is loading
At 10 seconds — pure white flash, then fade to black. A new tale begins. 🔥"
renoise-2054769877286797431,Use the attached THE KFC FACTORY storyboard image as the exact visual…,,漫剧,现实向,日常治愈,3D卡通,en,Seedance 2.0,,,renoise-ai/awesome-seedance-prompts,https://github.com/renoise-ai/awesome-seedance-prompts/blob/904b6caffa21c2b114bb93e1bd0e37ba80b3dd10/data/prompts/2054769877286797431.json,CC-BY-4.0,Synthia,https://x.com/AIwithSynthia/status/2054769877286797431,True,prompts/漫剧/现实向/日常治愈/renoise-2054769877286797431--Use-the-attached-THE-KFC-FACTORY-storybo.md,"Use the attached THE KFC FACTORY storyboard image as the exact visual reference. Create a 12-second 16:9 Pixar-style animated KFC factory sequence. Keep the same young male worker in a red KFC uniform and black cap throughout. Preserve the giant fried chicken factory, conveyor belts, glowing fryers, stainless steel prep stations, bright industrial lighting, warm fryer glow, and vivid KFC reds.

8 shots total, ~1.5 seconds each, following the storyboard exactly.

1. Wide cinematic opener — massive KFC factory buzzing with movement, conveyor belts carrying raw chicken trays, steam rising from industrial fryers. Worker steps forward holding a red bucket confidently.

2. Extreme close-up slow motion — raw chicken tossed through seasoned flour, huge cloud of spices and flour exploding upward under bright lights.

3. Medium shot — worker rapidly breading chicken by hand at a stainless steel station while conveyors move nonstop beside him.

4. Overhead fryer shot — chicken lowered into bubbling industrial fryers, oil exploding with golden bubbles and steam, intense orange glow everywhere.

5. Side tracking shot — crispy fried chicken moving along a conveyor belt beneath warming lamps, steam rising gently.

6. Close-up — worker stacking crispy chicken into red-and-white buckets, crumbs falling naturally, heavy steam visible.

7. Overhead beauty shot — finished KFC feast with chicken bucket, fries, burgers, sauces, and cold drinks. Slow push inward while steam rises.

8. Wider emotional shot — worker seated at a break table, taking one crunchy bite of chicken, eyes closing slowly with satisfaction.

Style: Pixar CGI realism, bright industrial lighting, golden crispy textures, vivid reds, glossy stainless steel reflections, heavy steam atmosphere, smooth cinematic cuts.

Sound: Energetic commercial music plays continuously throughout. Layer fryer bubbling, conveyor hums, steam hissing, crunchy bites, and kitchen ambience underneath.

Goal: A hyper-satisfying 12-second fried chicken journey from raw seasoning to the final crunchy bite."
renoise-2054778801570349371,"Create a crisp, clean infographic storyboard poster for THE DOMINO’S PIZZA…",,其他,,动态图形与界面,,en,Seedance 2.0,,,renoise-ai/awesome-seedance-prompts,https://github.com/renoise-ai/awesome-seedance-prompts/blob/904b6caffa21c2b114bb93e1bd0e37ba80b3dd10/data/prompts/2054778801570349371.json,CC-BY-4.0,Smiling Khan,https://x.com/AIwithkhan/status/2054778801570349371,True,"prompts/其他/动态图形与界面/renoise-2054778801570349371--Create-a-crisp,-clean-infographic-storyb.md","Create a crisp, clean infographic storyboard poster for THE DOMINO’S PIZZA MAKER. Wide 16:9 layout, white background, black borders, bold black typography, premium Pixar 3D stylized rendering, bright commercial food colors — rich melted cheese yellow, vivid tomato red sauce, golden crusts, glossy pepperoni, fresh basil green, stainless steel silver kitchen equipment, warm pizza oven glow.

Top header: •THE DOMINO’S PIZZA MAKER •TOTAL VIDEO TIME: 12 SECONDS •8 SHOTS · CHEESY · FAST · SATISFYING •Legend icons: ACTION, HEAT, TIME HINT, INGREDIENT

Same Pixar-style young Domino’s worker throughout — blue-and-red Domino’s uniform, black cap, energetic smile, modern pizza kitchen, prep counters, dough station, glowing pizza ovens, bright commercial lighting. Fast-paced but clean and satisfying.

8 panels:

1.THE OPENER — Wide cinematic shot. Busy Domino’s kitchen alive with movement, pizza boxes stacked nearby, ovens glowing in the background, prep stations full of toppings. Worker stands center frame tossing dough confidently with a grin.

2.THE DOUGH — Extreme close-up. Fresh pizza dough slapped onto a floured prep counter, flour bursting into the air dramatically, dough stretching outward in slow motion under bright kitchen lights.

3.THE SAUCE — Overhead locked shot. Worker spreading vivid red tomato sauce in perfect circles using a metal ladle, glossy sauce spiraling evenly across the dough.

4.THE CHEESE — Medium shot. Giant handfuls of shredded mozzarella raining down over the pizza, cheese bouncing naturally while the worker moves quickly and confidently.

5.THE TOPPINGS — Close-up. Pepperoni slices placed rapidly across bubbling cheese, colorful vegetables and herbs added while steam from nearby ovens drifts through frame.

6.THE OVEN — Side-angle cinematic shot. Pizza sliding into a glowing conveyor pizza oven, intense orange oven light reflecting across stainless steel surfaces.

7.THE SLICE — Beauty overhead shot. Fresh pizza pulled from the oven, perfectly sliced, melted cheese stretching dramatically between slices, steam rising heavily.

8.THE TASTE — Tight emotional shot. Worker lifting a hot cheesy slice, taking one huge bite, melted cheese stretching while eyes close slowly in satisfaction. Warm oven glow behind him.

Footer: •VIDEO FLOW: 8 shots × ~1.5s = 12 seconds. Dough to delivery. •CAMERA TIPS: wide opener, extreme close-up on dough slam, overhead sauce spiral, medium cheese rain shot, close-up toppings placement, side-angle oven shot, overhead pizza beauty shot, tight emotional bite shot •LIGHT & STYLE: warm oven lighting, glossy cheese textures, vivid tomato reds, golden crusts, bright Domino’s commercial colors, Pixar-style expressive realism throughout •PIZZA NOTES: one worker, one pizza journey, stretchy cheese and steam everywhere. Fast, cheesy, and impossible not to crave."
renoise-2054783755102085190,{,,漫剧,现实向,剧情短片,3D卡通,en,Seedance 2.0,,,renoise-ai/awesome-seedance-prompts,https://github.com/renoise-ai/awesome-seedance-prompts/blob/904b6caffa21c2b114bb93e1bd0e37ba80b3dd10/data/prompts/2054783755102085190.json,CC-BY-4.0,ETHAN | THE AI ARCHITECT,https://x.com/EthanAIBuilder/status/2054783755102085190,True,prompts/漫剧/现实向/剧情短片/renoise-2054783755102085190--untitled.md,"{
  ""title"": ""The Last Balloon"",
  ""duration"": ""8 seconds"",
  ""aspect_ratio"": ""16:9"",
  ""style"": ""pixar style emotional cinematic cartoon animation"",
  ""main_character"": {
    ""description"": ""small lonely cartoon boy with soft expressive eyes, simple hoodie, emotional face, cute animated style""
  },
  ""secondary_character"": {
    ""description"": ""small cute stray puppy with fluffy fur and innocent eyes""
  },
  ""environment"": {
    ""location"": ""rainy cartoon city street at evening"",
    ""details"": [
      ""wet reflective roads"",
      ""soft rain"",
      ""warm street lights"",
      ""cinematic puddles"",
      ""blurred people in background""
    ]
  },
  ""lighting"": {
    ""style"": [
      ""soft emotional lighting"",
      ""warm street lamp glow"",
      ""rain reflections"",
      ""cinematic atmosphere""
    ]
  },
  ""camera"": {
    ""style"": [
      ""cinematic closeups"",
      ""smooth animated camera movement"",
      ""slow emotional shots""
    ],
    ""lens"": ""35mm animated cinematic lens""
  },
  ""audio"": {
    ""background_music"": ""soft emotional piano with gentle cinematic strings"",
    ""sound_effects"": [
      ""soft rain ambience"",
      ""wind gust"",
      ""balloon rope flutter"",
      ""small puppy footsteps""
    ]
  },
  ""story"": [
    {
      ""time"": ""0-2 seconds"",
      ""scene"": ""Lonely cartoon boy standing in rainy city street holding bright red balloon while watching happy families walking in background.""
    },
    {
      ""time"": ""2-4 seconds"",
      ""scene"": ""Strong wind suddenly pulls balloon away into the rainy sky. Boy reaches toward balloon helplessly.""
    },
    {
      ""time"": ""4-6 seconds"",
      ""scene"": ""Boy looks down sadly. Small puppy runs quickly through puddles chasing the flying balloon.""
    },
    {
      ""time"": ""6-8 seconds"",
      ""scene"": ""Puppy brings balloon back to boy. Boy kneels down, hugs puppy emotionally and smiles softly while rain continues falling.""
    }
  ],
  ""mood"": [
    ""emotional"",
    ""heartwarming"",
    ""cute"",
    ""cinematic""
  ],
  ""quality"": {
    ""resolution"": ""4K"",
    ""animation_quality"": ""high detail pixar-style animation""
  },
  ""negative_prompts"": [
    ""realistic humans"",
    ""horror"",
    ""low quality"",
    ""blurry animation"",
    ""bad anatomy"",
    ""dark violence"",
    ""ugly expressions""
  ]
}"
renoise-2054784674707460308,Use the colored couple image as the MAIN CHARACTER REFERENCE.,,漫剧,特效向,奇幻冒险,2D日漫,en,Seedance 2.0,link-only,sexual,renoise-ai/awesome-seedance-prompts,https://github.com/renoise-ai/awesome-seedance-prompts/blob/904b6caffa21c2b114bb93e1bd0e37ba80b3dd10/data/prompts/2054784674707460308.json,CC-BY-4.0,Cia0,https://x.com/Cia0_exe/status/2054784674707460308,True,prompts/漫剧/特效向/奇幻冒险/renoise-2054784674707460308--Use-the-colored-couple-image-as-the-MAIN.md,
renoise-2054785729046438074,0:00 - 0:04: The Fan Cam Moment and Sudden Decision,,真人,现实向,运动,,en,Seedance 2.0,,,renoise-ai/awesome-seedance-prompts,https://github.com/renoise-ai/awesome-seedance-prompts/blob/904b6caffa21c2b114bb93e1bd0e37ba80b3dd10/data/prompts/2054785729046438074.json,CC-BY-4.0,Sydney ♡,https://x.com/XSydneyFan/status/2054785729046438074,True,prompts/真人/现实向/运动/renoise-2054785729046438074--0-00---0-04-The-Fan-Cam-Moment-and-Sudde.md,"0:00 - 0:04: The Fan Cam Moment and Sudden Decision
Visual Framing: A cinematic Star Sports IPL broadcast close-up under harsh Wankhede Stadium floodlights. The frame has authentic TV compression artifacts, subtle broadcast sharpening, and shallow depth of field. The packed Mumbai Indians crowd behind her blurs softly into blue-and-gold tones. Full IPL graphics dominate the screen: live scorebug at top-left showing MI 178/4 vs CSK 165/6, 18.2 overs, run rate, IPL logo, and Star Sports watermark. A ticker strip scrolls across the bottom with batting stats and match context.
The Subject: A glamorous woman seated in a premium boundary-line VIP seat near the dugout. She wears a delicate cream floral dress with thin straps, layered gold jewelry, and elegant earrings. Her dark hair is loosely tied back with strands falling naturally around her face. Her exact facial structure and likeness remain consistent with the reference image.
The Action: She notices the stadium camera and reacts with a shy, natural smile — the kind of candid fan-cam reaction common during IPL broadcasts. Her right hand lifts briefly in a small wave toward the giant screen. Then her expression changes subtly: eyebrows tighten with playful determination. She leans forward, places both hands on the seat edges, and rises quickly. Her dress shifts naturally as she steps out of the row and exits frame toward the boundary stairs.
Camera Dynamics: Completely static long-lens broadcast framing, exactly like a live IPL spectator cutaway. She physically breaks the composition by standing and leaving the frame.
Audio/Pacing: Massive ambient stadium hum: drums, whistles, crowd chants, distant DJ music, and commentator bleed. The atmosphere instantly shifts from casual fan-cam energy to unexpected urgency.
Spoken Dialogue:
A male Indian cricket commentator speaks smoothly over the feed in classic IPL cadence:
""And there’s another passionate Mumbai supporter enjoying the atmosphere here at Wankhede tonight...""
0:04 - 0:09: The Boundary-Line Breach
Visual Framing: Hard cut to a wide pitch-level tracking shot with hyper-saturated green turf glowing under stadium floodlights. Advertising LED boards pulse with IPL sponsors while security personnel and substitute players near the dugout react in confusion.
The Subjects: The woman now moves at full speed in heels along the boundary edge. Stadium marshals in dark jackets appear behind her. Mumbai Indians fielders and Chennai Super Kings batters freeze momentarily in the background.
The Action: She descends the concrete steps rapidly, maintaining surprising balance in heels. Reaching the padded boundary cushion, she places one hand on the top foam edge and swings herself over with athletic momentum. Her dress flows dramatically under the lights as her heels touch the grass. Without hesitation, she strides directly onto the playing field during the live over.
One security guard lunges too late as she slips past onto the outfield. Nearby players pause with hands on hips, stunned by the interruption.
Camera Dynamics: The broadcast instantly loses its composed framing. The camera operator switches into frantic handheld-style tracking, rapidly panning to keep her centered as she runs across the turf. Zoom adjustments feel reactive and imperfect, exactly like a live sports production scrambling in real time.
Audio/Pacing: Crowd noise swells into chaotic excitement. Thousands of fans scream, whistle, and laugh simultaneously. The tension escalates rapidly as security realizes she’s actually entering the active field of play.
Spoken Dialogue:
The commentator’s tone rises with disbelief:
""Hold on — hold on a second — we’ve got a spectator on the field here at Wankhede!""
0:09 - 0:13: The IPL Six Shot
Visual Framing: Mid-wide tracking shot across the pitch near the practice balls lying close to the boundary rope. Stadium lights create glossy reflections across the grass.
The Subjects: The woman approaches a stationary white IPL cricket ball resting near the edge of the outfield. Two Mumbai Indians players stare in total disbelief nearby.
The Action: Still moving forward without hesitation, she plants her left heel deep into the turf to stabilize herself. Her body rotates sharply through the hips and shoulders. With a fluid cricket-style motion, she swings her right leg through the ball with explosive force.
The impact launches the cricket ball high into the night sky toward the stands like an improvised six. Her body recoils slightly from the strike as loose strands of hair whip across her face. Stadium lights streak dramatically behind the airborne ball.
Camera Dynamics: The camera operator whip-pans violently upward and left to follow the unexpected trajectory of the ball, briefly losing perfect framing in the chaos. Motion blur and broadcast shake enhance the realism.
Audio/Pacing: The sharp crack of impact cuts through the crowd roar. Stadium reactions spike instantly into full-volume hysteria.
Spoken Dialogue:
The commentator shouts mid-reaction:
""She’s kicked the ball — SHE’S SENT IT INTO THE CROWD!""
0:13 - 0:15: Crowd Explosion and Lens Block
Visual Framing: Hard cut to a wide stadium reaction shot as the ball disappears into the cheering crowd, immediately followed by a medium close-up of the woman standing triumphantly on the outfield.
The Subjects: The woman alone in the foreground with security closing in behind her. Floodlights flare dramatically around her silhouette.
The Action: She spins toward the broadcast camera with a huge victorious smile, visibly thrilled by the crowd reaction. She raises her right hand directly toward the lens, fingers spread wide in a playful “no cameras” gesture.
As her palm moves inches from the broadcast lens, autofocus collapses completely. Her hand becomes a giant blurred foreground obstruction while the stadium and her smiling face melt into soft bokeh behind it.
Camera Dynamics: Static camera position, but the lens struggles aggressively to recover focus as her hand overwhelms the frame. The clip ends in authentic broadcast confusion.
Audio/Pacing: Wankhede Stadium erupts into deafening cheers, drums, whistles, and commentator shouting. The atmosphere feels chaotic, electric, and unmistakably IPL.
Spoken Dialogue:
The commentator completely loses composure and screams over the roaring crowd:
""THIS IS ABSOLUTE SCENES AT WANKHEDE! UNBELIEVABLE!"""
renoise-2054813434747711768,realistic sports broadcast screenshot-style documentary photo set in the…,,真人,现实向,运动,,en,Seedance 2.0,,,renoise-ai/awesome-seedance-prompts,https://github.com/renoise-ai/awesome-seedance-prompts/blob/904b6caffa21c2b114bb93e1bd0e37ba80b3dd10/data/prompts/2054813434747711768.json,CC-BY-4.0,Mustafy | AI Video Creator,https://x.com/MustafyOf/status/2054813434747711768,True,prompts/真人/现实向/运动/renoise-2054813434747711768--realistic-sports-broadcast-screenshot-st.md,"realistic sports broadcast screenshot-style documentary photo set in the spectator stands of a premier league game.Analyze an attached image and the person in the image is sitting in the stadium seats wearing chelsea jersey. delicate facial features, and a happy yet focused expression as his/her looks toward the field. the person wears a with a baseball team,design jersey.OUTPUT:horizontal 16:9 broadcast frame, realistic TV capture quality, NOT portrait orientation."
renoise-2054817403721363698,Ultra realistic cinematic Formula 1 paddock video of the woman from the…,,真人,现实向,时尚写真,,en,Seedance 2.0,,,renoise-ai/awesome-seedance-prompts,https://github.com/renoise-ai/awesome-seedance-prompts/blob/904b6caffa21c2b114bb93e1bd0e37ba80b3dd10/data/prompts/2054817403721363698.json,CC-BY-4.0,Sharon Riley,https://x.com/Just_sharon7/status/2054817403721363698,True,prompts/真人/现实向/时尚写真/renoise-2054817403721363698--Ultra-realistic-cinematic-Formula-1-padd.md,"Ultra realistic cinematic Formula 1 paddock video of the woman from the reference image inside the Ferrari F1 garage during a live qualifying session. She is wearing a red Ferrari team headset with microphone while watching the race intensely. Realistic Sky Sports F1 broadcast atmosphere, warm red ambient lighting, glowing race monitors, Ferrari engineers moving naturally in the background.

The camera captures her from multiple cinematic angles:

close-up front portrait with direct eye contact,

slow side profile shot while she watches the monitors,

over-the-shoulder angle facing the race screens,

smooth cinematic orbit camera around her face,

subtle handheld broadcast camera movement,

natural head turns, blinking, breathing, soft facial expressions, realistic hair movement.

She looks focused, elegant, calm, and emotionally immersed in the race. Occasionally glancing at the screens and reacting subtly to the race action. Luxury model aesthetics mixed with authentic Formula 1 pit wall energy.

Ultra realistic skin texture, detailed blue eyes, natural lips, blonde balayage hair with soft movement, realistic Ferrari uniform and headset materials. Shallow depth of field, cinematic bokeh, realistic shadows, depth and atmosphere, live sports broadcast realism.

Style of Netflix Formula 1 documentary mixed with live Sky Sports F1 camera footage. Shot on 85mm lens, cinematic color grading, premium sports cinematography, realistic motion blur, immersive lighting, broadcast-quality realism.

Camera movement:

slow dolly shots,

smooth handheld movement,

cinematic push-ins,

subtle focus pulls,

natural broadcast zooms.

Mood:

luxury,

exclusive Ferrari paddock access,

high tension qualifying atmosphere,

immersive Formula 1 experience.

Negative prompt:

cartoon, anime, CGI, fake motion, distorted face, unrealistic eyes, plastic skin, jittery movement, broken anatomy, low quality, overexposed lighting, stiff expressions, robotic motion, flickering, text artifacts, watermark"
renoise-2054828387559211031,"Using the reference image provided, create a live action cinematic Sailor Moon…",,真人,特效向,动作大片,,en,Seedance 2.0,link-only,copyrighted-character,renoise-ai/awesome-seedance-prompts,https://github.com/renoise-ai/awesome-seedance-prompts/blob/904b6caffa21c2b114bb93e1bd0e37ba80b3dd10/data/prompts/2054828387559211031.json,CC-BY-4.0,RafaSimon,https://x.com/rafalors/status/2054828387559211031,True,"prompts/真人/特效向/动作大片/renoise-2054828387559211031--Using-the-reference-image-provided,-crea.md",
renoise-2054834376337403972,A cinematic horror-fantasy sequence set in a forgotten amusement park after…,,真人,特效向,奇幻怪兽,,en,Seedance 2.0,,,renoise-ai/awesome-seedance-prompts,https://github.com/renoise-ai/awesome-seedance-prompts/blob/904b6caffa21c2b114bb93e1bd0e37ba80b3dd10/data/prompts/2054834376337403972.json,CC-BY-4.0,Nawal,https://x.com/nawalsehar/status/2054834376337403972,True,prompts/真人/特效向/奇幻怪兽/renoise-2054834376337403972--A-cinematic-horror-fantasy-sequence-set.md,"A cinematic horror-fantasy sequence set in a forgotten amusement park after midnight.

0–3s: Wide shot of an abandoned theme park under a full moon. Rusted rides stand still in silence. Wind moves through broken ticket booths while distant carnival music crackles faintly from nowhere.

3–6s: Flickering lights suddenly turn on across the park one by one. The Ferris wheel begins to rotate slowly. Broken speakers emit distorted laughter as fog rolls across the ground.

6–9s: Close-up shots of animatronic characters inside shattered ride cabins. Their eyes light up red. Joints twitch as they begin moving again, slowly at first, then more synchronized.

9–12s: The entire park “awakens.” Roller coasters start moving on their own, bumper cars drift without drivers, and animatronics step down from broken stages into the fog-covered walkways.

12–15s: Final cinematic wide shot. The abandoned park is now fully alive and glowing under eerie lights. Hundreds of animatronics stand motionless, all turning their heads toward the camera at once as the music abruptly cuts to silence.

Style: ultra cinematic horror, eerie neon lighting, fog-heavy atmosphere, realistic animatronic motion, slow tension buildup, jump-scare framing, film-grade color grading, suspenseful sound design feel, analog glitch aesthetic."
renoise-2054849217324056797,"Using @Image1 as the Viking warrior reference, @Image2 as the giant white wolf…",,真人,特效向,奇幻怪兽,,en,Seedance 2.0,,,renoise-ai/awesome-seedance-prompts,https://github.com/renoise-ai/awesome-seedance-prompts/blob/904b6caffa21c2b114bb93e1bd0e37ba80b3dd10/data/prompts/2054849217324056797.json,CC-BY-4.0,LudovicCreator,https://x.com/LudovicCreator/status/2054849217324056797,True,prompts/真人/特效向/奇幻怪兽/renoise-2054849217324056797--Using-Image1-as-the-Viking-warrior-refer.md,"Using @Image1 as the Viking warrior reference, @Image2 as the giant white wolf reference, and @Image3 as the frozen Nordic village environment.

Ultra-cinematic Viking survival battle at dusk in a frozen fjord settlement during heavy snowfall.

The sequence opens with the Viking warrior slowly walking through the snow-covered village, battle axe in hand, cold wind moving through his fur cloak. Smoke rises from abandoned wooden houses while distant snow blows across the harbor.

A massive scarred white wolf suddenly emerges between the longhouses. Its icy breath fills the cold air as it slowly circles the warrior. The camera moves low around them, emphasizing tension and scale.

The wolf attacks first with explosive speed. Snow erupts beneath its paws as it lunges toward the Viking. He narrowly dodges and crashes into a wooden fence. Handheld camera shake, flying snow particles, realistic impact physics.

The Viking swings his axe violently while the wolf snaps its jaws inches from his face. Brutal close-range combat. The shield blocks a savage bite attack, wood cracking under pressure.

The fight moves through the village pathways and frozen shoreline. Snowstorm intensifies. The warrior tackles the beast against carved runestones while the wolf claws through his cloak.

Final moments: the Viking roars and drives the axe downward into the snow beside the wolf as both opponents stand exhausted, breathing heavily in the freezing air.

Camera style: cinematic handheld realism, aggressive tracking shots, low-angle combat framing, fast push-ins during impacts, grounded movement, realistic lens behavior.

Lighting: cold Nordic blue-gray atmosphere, firelight from distant torches, snow diffusion, volumetric fog, realistic winter exposure.

Style: ultra-realistic Viking cinema, brutal survival energy, realistic wolf animation, premium snow VFX, fur simulation, cinematic atmosphere, grounded medieval realism, no fantasy magic, no text, no overlays."
renoise-2054870932930613291,CUT 1 — 0:00–0:03] Extreme close-up on worn leather boots standing in dry…,,真人,现实向,剧情短片,,en,Seedance 2.0,,,renoise-ai/awesome-seedance-prompts,https://github.com/renoise-ai/awesome-seedance-prompts/blob/904b6caffa21c2b114bb93e1bd0e37ba80b3dd10/data/prompts/2054870932930613291.json,CC-BY-4.0,Jasmine Ai,https://x.com/jasminekhan90_/status/2054870932930613291,True,prompts/真人/现实向/剧情短片/renoise-2054870932930613291--CUT-1-—-0-00–0-03-Extreme-close-up-on-wo.md,"CUT 1 — 0:00–0:03] Extreme close-up on worn leather boots standing in dry cracked earth. Camera slowly tilts upward revealing a young woman — early twenties, sun-darkened skin, dirty denim overalls, copper hair whipping sideways in a sudden rising wind. She stands completely still at the edge of her wheat field. Rows of golden wheat stretching endlessly behind her bending violently in the coming wind. On the horizon — a wall of absolute black sky swallowing everything beneath it. Voiceover begins — her own voice, quiet and ancient and unafraid: ""My grandmother stood in this same field watching the same sky.""

[CUT 2 — 0:03–0:06] Wide drone shot pulling back slowly revealing the full scale of everything. The storm front is enormous — a solid black curtain from ground to heaven stretching the entire width of the horizon, moving steadily, devouring the pale sky ahead of it. Lightning threads silently through the black mass in slow motion. Below it — her tiny figure standing alone at the field's edge. Not running. Not moving. Just watching. The wheat around her bending flat in waves like a golden ocean. Voiceover: ""She never ran either.""

[CUT 3 — 0:06–0:09] Ground level wide shot directly facing her — camera low in the wheat looking up at her from below. Wind screaming now. Her hair completely horizontal. Overalls pressed flat against her body. Behind her the wheat field ripples violently in massive rolling waves. Above her the black wall of storm now consuming half the visible sky, the remaining blue ahead shrinking fast. She raises one hand slowly shielding her eyes. Studies the storm. Reading it the way her grandmother read it. The way her mother read it. Close-up on her face — jaw set, eyes steady, no fear. Only deep recognition. Voiceover steady: ""She said the land will test you. Over and over. Until it knows you are serious.""

[CUT 4 — 0:09–0:12] Side profile shot — she stands in perfect silhouette against the last remaining strip of pale sky as the storm devours the light above her. The first enormous raindrops begin hitting the dry earth around her feet in slow motion — each one exploding against the cracked ground releasing small puffs of dust. Close-up on her hands hanging at her sides — calloused palms, soil under every fingernail, a simple band on her ring finger. Her fingers slowly curl into fists. Not from fear. From something older. Deeper. Voiceover quietly: ""This is my land. Every broken season. Every drought. Every storm.""

[CUT 5 — 0:12–0:15] Wide front-facing shot — the storm arrives. Rain detonates across the field behind her in a wall of white noise. Lightning cracks directly overhead splitting the black sky. She still does not move. Does not flinch. Stands completely still as the first wall of rain reaches her — soaking through instantly, hair flattening against her face, rain streaming down her jaw. She tilts her chin upward slightly. Eyes closing slowly. The rain hammering her face, her shoulders, her hands. The wheat field completely consumed in white rain behind her. Camera slowly pulls back into the storm. Her figure shrinking. Standing firm. Cut to black. Rain thundering. Then her voice one final time — calm, certain, absolute: ""And I am still here.""

VOICEOVER: ""My grandmother stood in this same field watching the same sky. She never ran either. She said the land will test you. Over and over. Until it knows you are serious. This is my land. Every broken season. Every drought. Every storm. And I am still here.""

STYLE: Warm golden wheat tones swallowed by deep charcoal storm blacks · wide dramatic landscape shots contrasting tiny human figure · ultra slow motion rain impact and lightning · wind audio building to full storm roar · raw grounded female voiceover · cut to black inside the storm · no music only weather and voice"
renoise-2054884057297924438,Create a hyper-realistic cinematic AI commercial video in horizontal 16:9…,,其他,,广告带货,,en,Seedance 2.0,link-only,brand-ad,renoise-ai/awesome-seedance-prompts,https://github.com/renoise-ai/awesome-seedance-prompts/blob/904b6caffa21c2b114bb93e1bd0e37ba80b3dd10/data/prompts/2054884057297924438.json,CC-BY-4.0,Aaliya,https://x.com/AIwithAliya/status/2054884057297924438,True,prompts/其他/广告带货/renoise-2054884057297924438--Create-a-hyper-realistic-cinematic-AI-co.md,
renoise-2054887779071328490,15-second animated children’s storybook.,,漫剧,现实向,日常治愈,绘画风,en,Seedance 2.0,,,renoise-ai/awesome-seedance-prompts,https://github.com/renoise-ai/awesome-seedance-prompts/blob/904b6caffa21c2b114bb93e1bd0e37ba80b3dd10/data/prompts/2054887779071328490.json,CC-BY-4.0,OscarAI,https://x.com/Artedeingenio/status/2054887779071328490,True,prompts/漫剧/现实向/日常治愈/renoise-2054887779071328490--15-second-animated-children-s-storybook.md,"15-second animated children’s storybook.

A handcrafted illustrated book rests on a wooden table.
The cover reads:
“Tiny Moments, Big Magic”

Soft watercolor and ink illustration style.
Warm cream paper texture.
Muted greens and orange accents.

0–3s:
The closed book rests on the table.
Small dust particles move in sunlight.
Slow gentle camera push-in.

3–6s:
The book slowly opens.
Pages turn naturally.
The first illustrated scene appears:
children playing in water.
Soft ripples and tiny movement.

6–9s:
Another page turn.
A forest illustration appears.
Leaves move slowly.
Very soft parallax effect.

9–12s:
Another page turn.
Children run through flowers in a meadow.
Grass and flowers sway gently.

12–15s:
Final page turn.
The book slowly closes halfway.
Warm light fills the scene.

Style:
- preserve original hand-drawn illustration style
- no realism
- no 3D rendering
- soft watercolor texture
- clean page turns
- cozy storybook feeling

Audio:
soft piano music
light page turning sounds
no voices"
renoise-2054905102649966654,"STYLE: Photoreal cinematic nature epic, mysterious and immersive. 15 seconds…",,真人,现实向,剧情短片,,en,Seedance 2.0,,,renoise-ai/awesome-seedance-prompts,https://github.com/renoise-ai/awesome-seedance-prompts/blob/904b6caffa21c2b114bb93e1bd0e37ba80b3dd10/data/prompts/2054905102649966654.json,CC-BY-4.0,Kaan Alper,https://x.com/kaan_alper/status/2054905102649966654,True,"prompts/真人/现实向/剧情短片/renoise-2054905102649966654--STYLE-Photoreal-cinematic-nature-epic,-m.md","STYLE: Photoreal cinematic nature epic, mysterious and immersive. 15 seconds. Ancient 140-million-year-old rainforest; canopy so dense sunlight barely reaches the ground. Camera breaks through the canopy into a hidden inner world with giant ferns and blue-cyan bioluminescent mushrooms.

CONTINUITY: Begin immediately AFTER the previous clip’s final frame. Do NOT replay or repeat the previous action. Same characters, same faces, same outfits, same environment, same lighting, same positions. Part 1 has no visible characters, only invisible camera POV. One continuous motion, no cuts, no reset, no teleport, no scene drift.

FRAME LOCK: Start high above endless Borneo canopy. Maintain one physical downward path: canopy top → dense leaves → dark mid-layer → forest floor → bioluminescent reveal. Every frame connects logically. Stable final frame for seamless stitching.

CAMERA LOCK: Smooth aerial top-down drift, then controlled vertical descent through leaves and branches. Cinematic 24mm lens feel, slight macro depth near leaves, stable gimbal motion, no random spin, no chaotic shake. Exposure slowly adapts as daylight disappears.

ENVIRONMENT: Ancient Borneo rainforest, ultra-dense canopy, humid air, moss, vines, wet bark, huge roots, giant ferns, prehistoric vegetation, mist, suspended spores, almost no sunlight on ground. Inner floor glows with blue-cyan bioluminescent fungi.

SCENE FLOW: 0:00–0:02 high overhead endless green canopy, no ground visible. 0:02–0:04 camera descends; leaves and branches close around lens. 0:04–0:06 canopy thickens, thin light shafts, humidity and mist increase. 0:06–0:08 camera pushes through last leaf wall into deep shadow. 0:08–0:10 forest floor appears: giant ferns, roots, moss, wet stones. 0:10–0:13 blue-cyan glowing mushrooms reveal, spores drifting slowly. 0:13–0:15 final slow hold: hidden prehistoric chamber, glowing fungi, giant ferns, mist, dark canopy ceiling above.

MOTION: Leaves brush camera naturally, branches bend slightly, mist drifts, spores float. Slow believable continuous movement.

EFFECTS: Volumetric humidity, soft mist, tiny spores, wet leaf highlights, subtle bioluminescent pulse, cyan reflections on moss and roots. No creatures, no portals.

LIGHTING: Soft daylight at canopy top. Light fades into green darkness during descent. Final area lit by blue-cyan mushroom glow and tiny amber micro-light from canopy gaps.

AUDIO: Clean cinematic audio, clear natural ambience, consistent music, no distortion. Distant jungle rumble, canopy wind, leaf friction, branch brush, damp air tone, insects, low sub drone, soft bio-glow shimmer.

ENDING TRANSITION FRAME: End on stable wide-low view of glowing forest floor, camera almost still, giant ferns on both sides, bioluminescent mushrooms ahead, mist drifting slowly. Hold for clean stitching into Part 2.

QUALITY: Minimum 8K quality, ultra sharp, high detail, clean textures, stable image, no blur, no compression artifacts.

NEGATIVE: no cuts, no replay, no reset, no teleport, no visible humans, no buildings, no modern objects, no random animals, no fantasy monsters, no portal, no camera spin, no shaky chaos, no broken physics, no scene drift, no overexposed light, no low resolution, no compression artifacts."
renoise-2054905189195268199,0:00-0:02 / SHOT 01 — WIDE ESTABLISHING / LOW DOLLY IN: 24mm low-angle close…,,真人,特效向,科幻,,en,Seedance 2.0,,,renoise-ai/awesome-seedance-prompts,https://github.com/renoise-ai/awesome-seedance-prompts/blob/904b6caffa21c2b114bb93e1bd0e37ba80b3dd10/data/prompts/2054905189195268199.json,CC-BY-4.0,MO,https://x.com/MO_IAI/status/2054905189195268199,True,prompts/真人/特效向/科幻/renoise-2054905189195268199--0-00-0-02-SHOT-01-—-WIDE-ESTABLISHING-LO.md,"0:00-0:02 / SHOT 01 — WIDE ESTABLISHING / LOW DOLLY IN: 24mm low-angle close tracking shot. The heroine stands center on the luminous code-ripple floor, robes settling as she shifts weight into a subtle groove; sleeves swing outward, tracing a faint counter-clockwise arc of teal light while the first orange koi glides past her hem. SFX: (deep rhythmic bass, soft silk drag, low water shimmer)

0:02-0:04 / SHOT 02 — MEDIUM TRACK / ORBIT LEFT: The camera is pulled sideways by sleeve motion, then snaps forward. Alternating arm swings and twisting steps drive the rhythm; the first koi breaks formation with a speed-line trail, robe hem lifts, and crossing light ribbons hang in the air. SFX: (wide silk sweep, rhythmic cloth flutter, airy motion texture)

0:04-0:06 / SHOT 03 — LOW HERO ANGLE / TILT UP: The camera rapidly pulls back, then pushes in. The heroine drops low and explosively rises, sleeves whipping vertically as a spiral of koi accelerates clockwise around her; radial blur stretches toward a vanishing point with strong wide-angle distortion. SFX: (upward whoosh, deep groove pulse, flowing air movement)

0:06-0:08 / SHOT 04 — POV UPWARD / VORTEX FORMING: The camera slowly rotates while drifting backward. Continuous spinning footwork and wide sleeve arcs tighten the koi into a circular ring; digital code bends inward in a full circular sweep, body and koi structures constantly interweaving. SFX: (circular current flow, layered fabric movement, soft rhythmic ambience)

0:08-0:10 / SHOT 05 — CRASH ZOOM / IMPACT BEAT: The camera keeps retreating under pressure. The heroine aggressively advances with three powerful steps, each paired with a sleeve snap; she raises her arms, shockwave ripples burst outward and koi recoil, stacking layered density. SFX: (dense groove rhythm, fast silk crack, continuous motion texture)

0:10-0:12 / SHOT 06 — WHIP PAN RIGHT / VORTEX REVERSE: The camera suddenly pushes close. Using forward momentum, the heroine performs a large turning motion as koi reverse counter-clockwise into a full heavy ring around her; twin koi cross the foreground, briefly breaking the figure into streaks before reforming. SFX: (wide sweeping motion, layered current flow, rhythmic air movement)

0:12-0:13.5 / SHOT 07 — CRANE DOWN / GOD'S EYE DESCENT: The camera briefly stabilizes while still being pressured backward. Maintaining groove momentum, the heroine pulls one sleeve far behind into extreme tension, leaving a long dense light tail as the koi funnel collapses inward and code is pulled into the vortex throat. SFX: (minimal bass pulse, stretched silk hiss, soft ambient airflow)

0:13.5-0:15 / SHOT 08 — PULL BACK WIDE / RELEASE: Extreme frontal wide-perspective close shot. The heroine lunges forward with full force, whipping her sleeve toward the lens; a massive koi erupts forward, ripples flood the floor, the vortex dissolves and orange-black calligraphic streaks violently flood the frame until the screen becomes pure black. SFX: (deep bass accent, flowing current spread, full frame whip motion)"
renoise-2054917173756481776,"Create a highly detailed, ultra-cinematic 8K video set in a breathtaking…",,真人,现实向,时尚写真,,en,Seedance 2.0,,,renoise-ai/awesome-seedance-prompts,https://github.com/renoise-ai/awesome-seedance-prompts/blob/904b6caffa21c2b114bb93e1bd0e37ba80b3dd10/data/prompts/2054917173756481776.json,CC-BY-4.0,Genz Ai,https://x.com/alzina3691/status/2054917173756481776,True,"prompts/真人/现实向/时尚写真/renoise-2054917173756481776--Create-a-highly-detailed,-ultra-cinemati.md","Create a highly detailed, ultra-cinematic 8K video set in a breathtaking mountainous tourist viewpoint inspired by the landscapes of Switzerland. The scene is located high on a mountain pass with massive green hills, pine forests, and dramatic snow-covered mountain peaks in the far background. The sky is partly cloudy with soft sunlight breaking through, creating volumetric lighting over the entire landscape.

The viewpoint is a large tourist stop built on the mountain edge, featuring a wide parking area with several modern and luxury cars parked along the side. A busy highway runs below and alongside the mountain, with continuous traffic movement including cars, buses, and trucks, all appearing small due to the massive scale of the mountains. The road curves beautifully through the valley, adding depth and realism to the scene.

At the tourist stop, there are multiple small food stalls and tea shops made of wood and stone, with warm steam rising from tea kettles and snacks being prepared. People are walking around, tourists taking photos, and a few children playing happily in the open grassy areas nearby.

On one side, a group of young men are sitting casually on a raised platform near the viewpoint. They are laughing loudly, talking among themselves, and drinking energy drinks. Their mood is relaxed and playful as they enjoy the scenery and the moment.

Suddenly, a sleek luxury car arrives and smoothly stops near the tea stalls. The camera focuses on the arrival with cinematic slow motion. A very beautiful woman steps out of the car. She is dressed in a stylish modern fashionable outfit, elegant and eye-catching, matching a high-end cinematic movie aesthetic. She appears confident and graceful as she walks toward a tea stall.

As she walks, the group of young men notice her and their laughter gradually fades into silence. They stop talking and begin watching her attentively as she passes by. The camera captures subtle facial expressions and reactions in slow motion, emphasizing realism and cinematic tension.

The woman walks to a traditional tea stall and orders tea. Steam rises from the cup as the tea is poured. One of the young men, who is holding an energy drink, stands up and walks toward her. He politely offers her his energy drink with a friendly gesture, but she calmly and confidently refuses without hesitation. She takes her tea cup instead.

The young man slightly pauses, then steps back. The woman turns around gracefully and walks back toward her luxury car while holding the tea cup. The group of men watch her leave quietly, still surprised by the moment.

In the background, children continue playing near the grassy areas, tourists move around, and birds fly over the mountains. The highway traffic continues smoothly below. Snow-covered peaks shine in the distance, and tall pine trees sway gently in the wind.

Cinematic camera angles:

* Wide aerial drone shot of the entire mountain tourist viewpoint
* Slow-motion arrival of the luxury car
* Close-up shots of steam rising from tea cups
* Reaction shots of the group of young men
* Tracking shot of the woman walking toward the tea stall
* Panoramic shots of snowy mountains and valleys
* Low-angle shots of the highway and moving traffic below

Atmosphere & style:
Ultra-realistic, cinematic lighting, natural color grading, depth of field, realistic human motion, detailed facial expressions, volumetric clouds, mountain wind effects, soft sunlight rays, high-detail textures, movie-quality storytelling, emotional realism, 8K ultra HD, professional film production style.

Make the entire scene feel like a high-budget cinematic travel movie showcasing beauty, luxury, and natural mountain landscapes with realistic human interactions and immersive environmental sound design (wind, traffic, chatter, birds, and distant ambiance)."
renoise-2054918026265510389,Use the provided 12-panel storyboard sheet @storyboard.png as the direct…,,真人,特效向,动作大片,,en,Seedance 2.0,,,renoise-ai/awesome-seedance-prompts,https://github.com/renoise-ai/awesome-seedance-prompts/blob/904b6caffa21c2b114bb93e1bd0e37ba80b3dd10/data/prompts/2054918026265510389.json,CC-BY-4.0,Kiki,https://x.com/Mayz1169/status/2054918026265510389,True,prompts/真人/特效向/动作大片/renoise-2054918026265510389--Use-the-provided-12-panel-storyboard-she.md,"Use the provided 12-panel storyboard sheet @storyboard.png as the direct sequential visual keyframe reference for the entire 15-second cinematic monster disaster sequence. Follow the exact storyboard pacing, composition flow, escalation structure, and action continuity from panel to panel. Expand the storyboard poses into smooth cinematic motion with aggressive camera energy, realistic destruction transitions, and uninterrupted visual momentum.

Maintain the exact same creature throughout every shot — identical anatomy, same glowing eyes, same layered armored skin texture, same mouth structure, same limb proportions, same glowing cracks under the skin, same tendril behavior, same movement style, same scale consistency across the full sequence. Preserve complete continuity of the flooded nighttime highway, military convoy placement, damaged vehicles, rain density, smoke direction, emergency lighting, debris fields, and fire spread throughout all shots.

STYLE:
ultra-cinematic Hollywood creature disaster film, original sci-fi kaiju horror design, hyper-realistic cinematic destruction, practical explosion realism, violent storm atmosphere, large-scale military panic, dark sci-fi realism, grounded physics, wet asphalt reflections, intense volumetric rain, realistic fire simulations, dense cinematic smoke, dramatic emergency lighting, anamorphic lens feel, handheld disaster cinematography, aggressive motion blur, dynamic debris interaction, cinematic environmental storytelling, large-scale creature animation, terrifying creature weight and momentum.

FOCUS:
fast escalation from frame one, overwhelming chaos, military convoy collapse, realistic destruction choreography, aggressive cinematic pacing, creature silhouette readability in rain, powerful impact timing, large-scale environmental destruction, believable creature locomotion, cinematic action continuity, high-intensity pursuit energy, visually readable chaos.

CREATURE DESIGN:
An original nightmare bio-mechanical apex predator. Massive quadrupedal monster with asymmetrical anatomy, layered volcanic-black armor skin, glowing molten-orange fissures beneath cracked skin plates, multiple glowing predator eyes embedded unevenly across its skull and shoulders, enormous jaw lined with irregular blade-like teeth, oversized muscular forelimbs for aggressive lunging movement, long whip-like tendrils extending from its spine and arms, glowing saliva, steaming body heat visible through rain, heavy animalistic breathing, movement inspired by predatory insects + deep sea creatures + large cats. NOT humanoid. NOT flower-headed. Completely original cinematic monster design.

[0s – 2s]
SHOT 1 — OPENING HOOK.
Wide aerial cinematic shot above a flooded highway during an extreme midnight rainstorm. Military convoy speeding through dense traffic. One armored transport truck carries a gigantic reinforced containment container. At frame one, the container violently smashes into the highway guardrail, showering sparks across the wet road. The convoy swerves in panic. Suddenly, a gigantic armored claw bursts through the side of the container, tearing metal outward.

Dialogue:
Soldier (radio): “Containment breach! Repeat, containment breach!”

SFX:
Metal grinding, thunder, rain impacts, screeching steel.

Camera:
Fast descending aerial tracking shot moving toward the damaged convoy.

[2s – 5s]
SHOT 2 — INTERNAL PANIC.
Close side tracking shot beside the convoy. Military jeeps drift violently through floodwater to avoid the unstable transport truck. Inside the shaking container, enormous chains snap one after another. Red emergency lights pulse through cracks in the metal walls. The creature slams against the container from inside, causing the entire trailer to tilt unnaturally.

Dialogue:
Soldier: “The restraints are failing!”
Driver: “MOVE MOVE MOVE!”

SFX:
Chain snaps, creature impacts, alarms, radio static.

Camera:
Aggressive handheld tracking with violent vehicle shake.

[5s – 8s]
SHOT 3 — FULL REVEAL.
The transport truck jackknifes sideways across the flooded highway. Massive chain-reaction crashes erupt behind it. Cars collide through walls of rain and water spray. The container doors bulge outward repeatedly from overwhelming internal force. Through torn steel, several glowing predator eyes appear in darkness. Suddenly the doors explode outward as the creature violently tears itself free.

The monster crawls onto the highway with terrifying speed and weight.

SFX:
Explosive metal rupture, creature roar, vehicle crashes.

Camera:
Slow push-in followed by explosive handheld shake during breakout.

[8s – 11s]
SHOT 4 — HIGHWAY MASSACRE.
The creature lands heavily onto the flooded highway, sending massive water shockwaves outward. It roars while charging directly through traffic. Military vehicles scatter chaotically. One jeep flips after colliding with another vehicle. The monster swings a massive armored forelimb, smashing a Humvee across multiple lanes. Tendrils whip violently through rain and smoke.

Dialogue:
Soldier: “OH GOD—RUN!”

SFX:
Creature roar, exploding glass, collapsing metal, screaming tires.

Camera:
Low-angle tracking shot weaving through moving vehicles beside the creature.

[11s – 13s]
SHOT 5 — FULL PURSUIT.
A terrified soldier hangs from the side of a speeding military jeep holding a rocket launcher. Behind them, the monster sprints through burning wreckage at terrifying speed. Its glowing eyes cut through heavy rain and smoke. Fire reflects across its wet armored skin while molten cracks pulse brighter during movement. The creature lunges toward the jeep, jaws snapping inches from the rear bumper.

Dialogue:
Soldier: “FASTER! FASTER!”

SFX:
Heavy creature footsteps, roaring fire, screaming engines, monster breathing.

Camera:
Rear-mounted pursuit camera shaking violently during the chase.

[13s – 15s]
SHOT 6 — FINAL CLIMAX.
The creature bites into a massive armored vehicle and violently throws it across the opposite highway lane. A gigantic explosion erupts on impact. Fireballs, debris, smoke, shattered concrete, sparks, and overturned vehicles consume the flooded highway. Emergency lights flash through thick black smoke.

FINAL SHOT:
The creature stands in the center of the destroyed highway surrounded by burning military wreckage. Rain pours over its massive armored body while molten-orange cracks glow through the darkness. It unleashes one final earth-shaking roar toward the stormy sky as emergency lights flicker around the devastation.

SFX:
Massive explosion, collapsing metal, final roar, distant sirens.

Camera:
Slow cinematic crane pullback revealing the full scale of destruction and chaos.
NO SUBTITLES.
NO TEXT ON SCREEN.
NO CAPTIONS.
NO OPENING TITLES.
NO END TITLES.
NO LOWER THIRDS.
NO WATERMARKS.
NO UI ELEMENTS.
NO TIME COUNTERS.
NO COMIC PANEL LABELS.
NO SPEECH BUBBLES.
NO CHINESE OR ENGLISH CHARACTERS ANYWHERE IN FRAME.
All dialogue must exist only as natural in-scene audio.
The final video must look like a clean cinematic film sequence with purely visual storytelling and environmental audio only."
renoise-2054927752914968740,"Cinematic, hyper-realistic short film in moody film-noir style — think David…",,真人,现实向,悬疑犯罪,,en,Seedance 2.0,,,renoise-ai/awesome-seedance-prompts,https://github.com/renoise-ai/awesome-seedance-prompts/blob/904b6caffa21c2b114bb93e1bd0e37ba80b3dd10/data/prompts/2054927752914968740.json,CC-BY-4.0,.RW🦦,https://x.com/pacyuzu/status/2054927752914968740,True,"prompts/真人/现实向/悬疑犯罪/renoise-2054927752914968740--Cinematic,-hyper-realistic-short-film-in.md","Cinematic, hyper-realistic short film in moody film-noir style — think David Lynch meets Edward Hopper at midnight. Late night in a quiet, nostalgic 1950s-style American diner. Heavy rain pours relentlessly outside, streaking the large windows with shifting neon reflections in soft pink, cyan, and warm red. Inside, dim golden table lamps and counter lights create intimate pools of warm light against cool blue shadows.
A beautiful, elegant woman in her mid-30s sits alone in a worn red vinyl corner booth by the window. She wears a slightly damp dark trench coat, her dark hair a little messy from earlier rain. She’s clearly been there for hours. In front of her sits a cold cup of black coffee and an untouched slice of cherry pie with a single fork resting beside it.
Slow, deliberate camera work: A gentle, almost imperceptible orbiting tracking shot circles her as she quietly reads a folded handwritten letter under the warm lamp glow. Her face shows subtle, layered emotion — quiet heartbreak, lingering nostalgia, and final acceptance. We never see what the letter says.
After a long, contemplative beat, she carefully folds the letter, slips it into her leather handbag, and counts out exact change with precise care, laying each coin neatly on the table. She stands slowly, pulls up her coat collar, and walks out of the diner without looking back. The soft bell above the door rings gently as she steps into the torrential rain and disappears into the night.
The camera does not follow her. Instead, it stays behind and slowly dollies forward, pushing in toward the now-empty booth in a long, lingering wide-to-medium shot. The untouched cherry pie and cold coffee cup remain exactly as she left them. The letter is gone.
Then comes the chilling, impossible reveal: a second full cup of hot coffee now sits perfectly placed across the table — delicate steam still gently rising into the air, as if someone invisible had been sitting opposite her the entire time, completely unnoticed.
Ultra-atmospheric and quietly unsettling. Rich cinematic color grading — warm amber interiors contrasting with cool rainy blues and neon glows. Subtle film grain, beautiful bokeh, gentle lens flares, shallow depth of field. Rain pattering heavily on windows, faint distant jazz from an old radio, soft ambient diner hum. Masterful composition, slow deliberate pacing, emotionally powerful tension. Shot on 35mm anamorphic, 8K photorealistic masterpiece."
renoise-2054935876170293494,"Photoreal high-budget zombie action film, 5 shots, 15s, 16:9. A lone survivor…",,真人,特效向,恐怖灵异,,en,Seedance 2.0,,,renoise-ai/awesome-seedance-prompts,https://github.com/renoise-ai/awesome-seedance-prompts/blob/904b6caffa21c2b114bb93e1bd0e37ba80b3dd10/data/prompts/2054935876170293494.json,CC-BY-4.0,Anıl Evci,https://x.com/anilevci_/status/2054935876170293494,True,prompts/真人/特效向/恐怖灵异/renoise-2054935876170293494--Photoreal-high-budget-zombie-action-film.md,"Photoreal high-budget zombie action film, 5 shots, 15s, 16:9. A lone survivor fights through an abandoned apartment building at night, using fast physical movement, improvised weapons, and realistic close-quarters combat. Gritty live-action realism, expensive cinematic lighting, practical dust, sweat, fabric movement, and heavy handheld action energy.

Shot 1, 0-3s: Wide handheld tracking shot inside a dark abandoned apartment corridor. Broken doors, peeling paint, cracked concrete walls, scattered furniture, dust in the flashlight beam. The lone survivor moves forward cautiously, breathing hard, metal pipe in hand, distant zombie growls echo from the stairwell.

Shot 2, 3-6s: Medium over-the-shoulder shot as the first zombie lunges from a doorway. The survivor pivots, strikes it hard with the pipe, the zombie slams into the wall and collapses out of frame. Camera whips slightly with the impact, realistic body weight, dust shaking from the wall.

Shot 3, 6-9s: Low-angle tracking shot down the stairwell. Two zombies rush upward; the survivor kicks one backward into the railing, then drives the pipe into the second zombie’s chest and shoves it down the stairs. Flickering fluorescent light, fast but readable choreography, heavy footsteps and metal clang.

Shot 4, 9-12s: Tight handheld close-up in a ruined living room. A zombie grabs the survivor’s jacket; the survivor breaks free, shoulder-checks it into a cracked window frame, then finishes it with one brutal downward strike. Shallow depth of field, sweat, dust, glass fragments, no excessive gore.

Shot 5, 12-15s: Final wide hero shot in the apartment hallway. The survivor stands alone, exhausted, pipe lowered, several zombies motionless around the corridor. Emergency red light flickers through smoke and dust, slow push-in, deep bass rumble fades, cinematic final frame.

Maintain one consistent lone survivor, realistic anatomy, physical contact, readable action, natural camera shake, practical lighting, and photoreal live-action texture. No cartoon zombies, no random text, no superhero moves, no excessive gore, no extra characters.
Total: 15s / 5 shots / 16:9"
renoise-2054940070197518422,"Style: Ultra-realistic black-and-white scientific microscopy footage, as if…",,真人,现实向,剧情短片,,en,Seedance 2.0,,,renoise-ai/awesome-seedance-prompts,https://github.com/renoise-ai/awesome-seedance-prompts/blob/904b6caffa21c2b114bb93e1bd0e37ba80b3dd10/data/prompts/2054940070197518422.json,CC-BY-4.0,Kaan Alper,https://x.com/kaan_alper/status/2054940070197518422,True,prompts/真人/现实向/剧情短片/renoise-2054940070197518422--Style-Ultra-realistic-black-and-white-sc.md,"Style: Ultra-realistic black-and-white scientific microscopy footage, as if recorded directly through a real microscope camera. Reference logic: phase contrast for transparent living cells and microorganisms; brightfield with low contrast for bacteria and unstained specimens; realistic optical limits, diffraction softness, shallow depth of field, condenser illumination, phase halos, dust specks, microbubbles, and stage drift. Continuity: one continuous 15-second microscope recording through a live aqueous sample, preserving monochrome optics, scale, focus behavior, fluid motion, and scientific realism. Scene Flow: exactly 15 seconds. 00:00-00:02 enter a grayscale microscope field with pond-water particles, debris, tiny ciliates, and slow Brownian drift. 00:02-00:04 focus shifts to rod-shaped bacteria swimming and tumbling in liquid, faint phase halos, no color. 00:04-00:06 close view of bacterial binary fission, membrane constriction visible, steady frame, realistic scale. 00:06-00:08 amoeba-like cell extends pseudopodia and engulfs small particles, cytoplasmic streaming visible in monochrome. 00:08-00:10 human blood smear field, red blood cells appear as pale biconcave discs, one white blood cell moves slowly with granular texture. 00:10-00:12 yeast cells budding, daughter cell emerging from mother cell, slight focus breathing. 00:12-00:15 slow push into dense bacterial biofilm, cells embedded in extracellular matrix, microcurrents and tiny bubbles visible, ending as the biofilm fills the frame. Camera: smooth microscope-stage drift, gentle focus pulls, real-time optical movement, no cinematic fake camera spins. Motion: Brownian motion, bacterial swimming, fluid currents, slow cell deformation, realistic microscopy timing. Lighting: pure black-and-white transmitted light, brightfield and phase-contrast look, soft halos, mild diffraction, no neon colors. Audio: Clean cinematic audio, consistent music, no distortion; subtle microscope hum, soft liquid texture, delicate micro-clicks, quiet scientific tension rise. Ending: dense monochrome biofilm becomes an awe-filled living micro-universe. Negative: no CGI look, no color, no fantasy creatures, no glowing sci-fi elements, no impossible scale jumps, no oversized bacteria, no cartoon motion, no artificial dramatization, no blur, no compression artifacts. Minimum 8K quality, ultra sharp, high detail, clean textures, stable biological forms, no blur, no compression artifacts."
renoise-2054946339075592609,Create a precise 15-second cinematic disaster-romance video.,,真人,特效向,动作大片,,en,Seedance 2.0,,,renoise-ai/awesome-seedance-prompts,https://github.com/renoise-ai/awesome-seedance-prompts/blob/904b6caffa21c2b114bb93e1bd0e37ba80b3dd10/data/prompts/2054946339075592609.json,CC-BY-4.0,ai.gezgini,https://x.com/ai_gezgini/status/2054946339075592609,True,prompts/真人/特效向/动作大片/renoise-2054946339075592609--Create-a-precise-15-second-cinematic-dis.md,"Create a precise 15-second cinematic disaster-romance video.

REFERENCE USAGE:
Image 1 = stadium couple reference. Use it for the football stadium seating, crowded match atmosphere, male character identity, his red-yellow supporter shirt, and realistic stadium mood.

Image 2 = strict female character sheet. Use it for the woman’s exact face, blue eyes, long straight black hair, light skin, slim body, facial proportions, yellow-navy supporter outfit, navy skirt, socks, and full identity consistency.

Do not recreate the model sheet layout, labels, panels, borders, or studio background. Both characters must remain realistic live-action humans.

SCENE:
A crowded football stadium during the final moments of a tense match. Bright stadium lights, loud chants, packed stands. A couple sits side by side, arguing during the match. Then a gigantic meteor falls beside the stadium.

0:00–0:03
Handheld cinematic medium two-shot of the woman and man sitting side by side in the stands. The woman must match Image 2 exactly. She looks annoyed and says:
“I didn’t even want to come to this match.”
The man, frustrated, replies:
“We’re just trying to enjoy ourselves.”
Natural dialogue, tense faces, realistic breathing, shallow depth of field, loud crowd ambience, film grain.

0:03–0:05
The argument grows. The woman looks upset and disappointed, turning away from the pitch. The man gestures irritably, trying to defend himself. The camera slowly pushes closer with subtle handheld tension.

0:05–0:06
The woman says firmly:
“I’m leaving.”
She stands up and tries to leave the row. Her skirt and outfit stay clearly visible. The man stands up behind her, reaching as if to stop or follow her.

0:06–0:08
A deep metallic rumble begins above the stadium. Both freeze mid-argument. Stadium lights flicker. Orange glow spreads across their faces. They look upward. The handheld camera tilts up past the stadium roofline. A gigantic flaming meteor appears, far larger than normal, tearing through the clouds toward the stadium. Its huge fire trail fills the sky.

0:08–0:10
The camera tracks the meteor as it grows enormous and apocalyptic in frame. It descends toward the ground immediately beside the stadium, not into the stands. Before impact, the earth shakes violently. Seats, railings, concrete steps, and the stadium structure tremble. The couple loses balance and instinctively grabs each other. Fans panic and scream.

0:10–0:12
The meteor slams into the ground beside the stadium with a colossal impact: blinding white-orange flash, deafening explosion, ground rupture, shattered concrete, flying rocks, brutal shockwave. A gigantic dust-and-rock cloud erupts upward and outward, far larger than the stadium. The couple turns toward each other in shock. Their anger disappears. Fear, regret, and love take over. They embrace tightly.

0:12–0:15
Keep tight emotional focus on the couple. They hold each other as the dust-and-rock cloud rushes toward the stands. Their faces remain visible: terrified, teary-eyed, overwhelmed. The woman’s face must still match Image 2. They look into each other’s eyes, then kiss passionately in a desperate end-of-the-world embrace. Dust, rocks, and debris engulf them. End with their faces partially visible as the cloud swallows them into darkness and impact haze.

STYLE:
Ultra-realistic cinematic disaster-romance, football stadium atmosphere, handheld camera, shallow depth of field, bright stadium lights, orange meteor lighting, earthquake-like shaking, volumetric dust, flying rock debris, realistic shockwave, natural skin tones, film grain, 4K HDR.

SOUND:
Crowd chants, match ambience, argument dialogue, heavy breathing, metallic sky rumble, fans screaming, violent shaking, meteor roar, colossal impact, concrete cracking, flying rocks, rushing dust cloud.

NEGATIVE:
No text, subtitles, captions, watermark, distorted faces, duplicated characters, broken anatomy, gore, dismemberment, cartoon physics, comedy exaggeration, direct impact on the couple, meteor hitting inside the stands, sudden cuts, static reference recreation."
renoise-2054948250659307839,"The entity is Urek Mazino — tall, incredibly muscular, short scruffy strawberry…",,漫剧,特效向,科幻机甲,2D日漫,en,Seedance 2.0,,,renoise-ai/awesome-seedance-prompts,https://github.com/renoise-ai/awesome-seedance-prompts/blob/904b6caffa21c2b114bb93e1bd0e37ba80b3dd10/data/prompts/2054948250659307839.json,CC-BY-4.0,WeWant Mars,https://x.com/Madhuribhai/status/2054948250659307839,True,"prompts/漫剧/特效向/科幻机甲/renoise-2054948250659307839--The-entity-is-Urek-Mazino-—-tall,-incred.md","The entity is Urek Mazino — tall, incredibly muscular, short scruffy strawberry blond hair, piercing blood-red glowing eyes, backwards snapback cap, open jacket with tattooed muscular torso visible. Surrounded by blazing golden Solar Radiance shinsu aura with seven spectral wing outlines of light energy from his back. Moves with slow, glacial, god-tier gravitational weight. Match the reference image exactly for face, hair, and outfit. Scene: Shattered futuristic megacity under a blood-red sky. Skyscrapers fracturing in slow motion, concrete and steel debris floating upward against reversed gravity. A massive glowing golden portal tears open in the storm clouds above. Style: Prestige anime blockbuster, manhwa cinematic aesthetic, Zack Snyder slow-motion, deep volumetric fog, god-ray shafts of golden light, anamorphic lens flare streaks, film grain. Ultra-detailed anime rendering, 4K HDR tone. Lighting: Blood-red ambient sky, blinding white-gold portal glow from above, deep golden Solar Radiance rim light radiating from Urek's body and armor edges. Avoid: Jitter, identity drift, chaotic composition, temporal flicker. [0s-3s] WIDE ESTABLISHING SHOT Camera: Low-angle fixed wide, looking up through a floating debris field. Action: Chunks of concrete and twisted steel float upward past the lens in slow motion. Skyscrapers fracture and crumble in the background. Red sky pulses with pressure waves overhead. Lighting: Blood-red overhead wash, thick volumetric haze, golden god-rays cutting through rising dust. [3s-6s] PORTAL TEAR Camera: Slow tilt upward toward the sky. Action: A blinding gold-white rift tears open in the boiling storm clouds, lightning branches arc outward across the horizon in sharp crackling lines. Golden shinsu energy pulses outward from the rift. Lighting: Blinding golden portal glow floods upper frame against crimson red sky. Lightning strobe pulses. [6s-10s] UREK DESCENDS Camera: Fixed medium-wide, extreme low angle, looking up at the portal opening. Action: Urek Mazino descends slowly from the golden portal — strawberry blond hair whipping in the wind, seven spectral golden wings unfurling from his back, Solar Radiance aura blazing around him, trailing ember particles and golden light streams curling outward. Lighting: Backlit entirely by blinding portal glow. Golden aura edges flare with intense rim light. Deep shadow across his face with red eyes cutting through the dark. [10s-13s] SHOCKWAVE LANDING Camera: Extreme low angle, tight to the cracked pavement surface. Action: Urek's feet strike the ground. A radial golden shockwave erupts outward, spiderwebbing the pavement in fractures and blasting a rolling pressure ring of golden dust and shinsu energy outward toward the lens. Lighting: Ground-flash golden dust illumination, then settling deep red ambient haze. [13s-15s] CLOSE-UP HOLD Camera: Slow push-in to extreme close-up of Urek's face. Hold. Action: Urek tilts his head slightly downward toward camera. Blood-red eyes blaze with golden shinsu light. A slight smirk crosses his face — arrogant and god-tier confident. Dialogue: (barely above a whisper) You were never meant to survive this world. Lighting: Upward golden glow from settling ground dust, Solar Radiance light radiating from his eyes and aura."
renoise-2054950005711175788,このキャラクターで背景を実写の街中にし、服や髪の色を変えられるUIのデザインを画面いっぱいに表示してください。背景を変えられるボタンなども表示してください。,,其他,,动态图形与界面,,en,Seedance 2.0,,,renoise-ai/awesome-seedance-prompts,https://github.com/renoise-ai/awesome-seedance-prompts/blob/904b6caffa21c2b114bb93e1bd0e37ba80b3dd10/data/prompts/2054950005711175788.json,CC-BY-4.0,underwood,https://x.com/underwoodxie96/status/2054950005711175788,True,prompts/其他/动态图形与界面/renoise-2054950005711175788--このキャラクターで背景を実写の街中にし-服や髪の色を変えられるUIのデザインを画.md,このキャラクターで背景を実写の街中にし、服や髪の色を変えられるUIのデザインを画面いっぱいに表示してください。背景を変えられるボタンなども表示してください。
renoise-2054955784598118660,"4K cinematic epic action sequence, highly detailed, photorealistic, dramatic…",,真人,特效向,奇幻怪兽,,en,Seedance 2.0,,,renoise-ai/awesome-seedance-prompts,https://github.com/renoise-ai/awesome-seedance-prompts/blob/904b6caffa21c2b114bb93e1bd0e37ba80b3dd10/data/prompts/2054955784598118660.json,CC-BY-4.0,Salt,https://x.com/XMonetizationC_/status/2054955784598118660,True,"prompts/真人/特效向/奇幻怪兽/renoise-2054955784598118660--4K-cinematic-epic-action-sequence,-highl.md","4K cinematic epic action sequence, highly detailed, photorealistic, dramatic lighting, 18th century massive British galleon warship sailing on rough stormy ocean at golden hour, enormous white sails billowing, large waving British Union Jack flag on the main mast. Deck filled with British redcoat soldiers in authentic 18th century uniforms, tricorn hats, muskets ready, tense and alert.
Camera starts with a sweeping aerial dolly shot circling the majestic galleon, then pushes in dramatically. Suddenly, the ocean erupts violently — a gigantic ferocious red-black dragon bursts out of the water in a massive splash, wings spreading, jaws open, eyes glowing. The dragon roars thunderously and unleashes a huge stream of bright orange fire across the ship. Sails catch fire instantly, redcoats panic and run, some firing muskets, explosions and chaos on deck, burning embers flying, ship beginning to list.
Intense dynamic camera work, epic Hollywood style like Pirates of the Caribbean meets Game of Thrones, volumetric fog, cinematic color grading, ultra-realistic water simulation, fire and smoke details, 24fps, smooth motion, best quality, masterpiece, 15 seconds duration."
renoise-2054956689909227917,Create a stunning 15-second cinematic travel montage through Tokyo at night and…,,真人,现实向,生活与vlog,,en,Seedance 2.0,,,renoise-ai/awesome-seedance-prompts,https://github.com/renoise-ai/awesome-seedance-prompts/blob/904b6caffa21c2b114bb93e1bd0e37ba80b3dd10/data/prompts/2054956689909227917.json,CC-BY-4.0,Johnn,https://x.com/john_my07/status/2054956689909227917,True,prompts/真人/现实向/生活与vlog/renoise-2054956689909227917--Create-a-stunning-15-second-cinematic-tr.md,"Create a stunning 15-second cinematic travel montage through Tokyo at night and golden hour, featuring seamless transitions between the city’s most iconic locations. Style should feel emotional, energetic, modern, and visually breathtaking — like a luxury travel commercial mixed with an anime-inspired urban dream.
Visual Direction
Ultra-cinematic photography, realistic lighting, smooth camera motion, rich neon reflections, atmospheric depth, vibrant but tasteful color grading, shallow depth of field, occasional slow motion moments, dynamic city energy, premium tourism-ad aesthetic.
Scene Sequence (fast-paced but smooth)
Aerial sunrise over the Tokyo skyline with Tokyo Tower glowing in warm light
Hyper-lapse crossing at Shibuya Crossing with crowds and neon billboards
Rainy neon alleyways in Shinjuku, reflections on wet streets
Peaceful cinematic shot of Senso-ji with lanterns and drifting smoke
Fast train transition featuring the Shinkansen rushing past
Evening skyline from Tokyo Skytree observation view
Cozy ramen shop close-up, steam rising, locals laughing
Final dramatic night aerial of Tokyo filled with neon lights and moving traffic, ending with glowing text: “TOKYO”
Camera & Motion
Drone shots, FPV fly-throughs, smooth gimbal movement, whip-pan transitions, cinematic zooms, speed ramps synced to music beats, realistic crowd motion.
Music Direction
Use emotionally uplifting Japanese-inspired electronic cinematic music with soft piano intro, energetic beat drop, modern synthwave and orchestral fusion. Music should build progressively with perfect beat-sync transitions between scenes. Add subtle city ambience: train sounds, crowd chatter, rain, distant announcements.
Technical Settings
Duration: exactly 15 seconds
Aspect Ratio: vertical
4K cinematic quality
24fps film look
HDR lighting
Smooth motion blur
Highly detailed environments
Natural human movement
Seamless scene blending
No glitches, no distorted faces, no text artifacts except final “TOKYO” title
Style Keywords
cinematic Tokyo travel film, luxury tourism commercial, anime-inspired realism, neon dreamscape, urban poetry, emotional city montage, premium cinematography, vibrant nightlife, atmospheric storytelling"
renoise-2054963157135692238,"A cinematic, celluloid-style scene in a decaying, post-apocalyptic New York…",,其他,,动物萌宠,,en,Seedance 2.0,,,renoise-ai/awesome-seedance-prompts,https://github.com/renoise-ai/awesome-seedance-prompts/blob/904b6caffa21c2b114bb93e1bd0e37ba80b3dd10/data/prompts/2054963157135692238.json,CC-BY-4.0,Mr.Iancu,https://x.com/Iancu_ai/status/2054963157135692238,True,"prompts/其他/动物萌宠/renoise-2054963157135692238--A-cinematic,-celluloid-style-scene-in-a.md","A cinematic, celluloid-style scene in a decaying, post-apocalyptic New York luxury suite. Natural midday sunlight streams through large floor-to-ceiling windows, creating soft shadows on terrazzo floors. The atmosphere is quiet, isolated, and slightly eerie, with an atom-punk aesthetic (high contrast sunset orange and sea-salt blue coloring).
The Rodeo Unit robot (from @[Image1) walks into the room, dancing playfully while moving towards the center. It performs a sharp, stylish turn to stop, its face LED showing a steady green smiling expression ((Portrait 5)). Suddenly, the sound of glass breaking comes from off-screen. The robot is startled, flinching back half a step, shifting its weight low, and its LED display instantly switches to a yellow scared expression ((Portrait 3)). It glances toward a bar in the right foreground.
The camera then cuts to a full view of the bar: sounds of rustling emerge from underneath. Next, a close-up of the robot's face shows it in a defensive posture, hands raised to its chin, trembling, with its yellow scared LED expression ((Portrait 3)). Then, a long, over-the-shoulder shot captures the robot in the distance as an ostrich unexpectedly pops up from behind the bar, looking at the robot. The robot gasps and cowers in fear, hands covering its head. The scene ends with a close-up on the ostrich's confused, silly face with its tongue out, followed by a tight shot of the robot cautiously looking at the ostrich. The entire sequence maintains a filmic, IMAX-quality aesthetic with subtle grain and motion blur."
renoise-2054967930987934088,Animate the provided vine portrait as a poetic transformation after rain. Keep…,,真人,现实向,时尚写真,,en,Seedance 2.0,,,renoise-ai/awesome-seedance-prompts,https://github.com/renoise-ai/awesome-seedance-prompts/blob/904b6caffa21c2b114bb93e1bd0e37ba80b3dd10/data/prompts/2054967930987934088.json,CC-BY-4.0,Umesh,https://x.com/umesh_ai/status/2054967930987934088,True,prompts/真人/现实向/时尚写真/renoise-2054967930987934088--Animate-the-provided-vine-portrait-as-a.md,"Animate the provided vine portrait as a poetic transformation after rain. Keep the original composition, white background, and beautiful green botanical face. The video begins with a soft mist drifting over the portrait. Tiny raindrops appear on the leaves and vines, catching light like glass. Her expression is calm and reflective, eyes lowered slightly, as if remembering something bittersweet. Around 6 seconds, warm sunlight breaks through from the upper right, making the green leaves shimmer. She lifts her gaze, blinks slowly, and her smile becomes brighter. Vines near her cheek bloom with tiny fresh leaves, showing renewal and healing. The camera gently pushes in toward the face, then tilts upward to follow the vines over her hair. Sound design: light rain fading into birdsong, soft piano, gentle breathing. End with a sparkling droplet sliding from a leaf near her cheek."
renoise-2054988891224981779,"Using @Image1 as the cybernetic white tiger mech reference, @Image2 as the…",,其他,,风景空镜,,en,Seedance 2.0,,,renoise-ai/awesome-seedance-prompts,https://github.com/renoise-ai/awesome-seedance-prompts/blob/904b6caffa21c2b114bb93e1bd0e37ba80b3dd10/data/prompts/2054988891224981779.json,CC-BY-4.0,LudovicCreator,https://x.com/LudovicCreator/status/2054988891224981779,True,prompts/其他/风景空镜/renoise-2054988891224981779--Using-Image1-as-the-cybernetic-white-tig.md,"Using @Image1 as the cybernetic white tiger mech reference, @Image2 as the crimson mecha dragon reference, and @Image3 as the futuristic Tokyo environment.

15-second ultra-cinematic mecha battle in futuristic Tokyo during heavy rain at night.

The sequence opens with the white tiger mech sprinting through rain-soaked neon streets at extreme speed. Massive paws smash into wet pavement, sending water spraying everywhere. Blue optic lights glow through steam and rain.

Above the city skyline, the crimson mecha dragon descends between skyscrapers with enormous metallic wings unfolding through the storm. Red energy pulses beneath its armored scales while neon reflections ripple across its body.

The dragon unleashes a massive plasma breath across the avenue. Explosive shockwave tears through holographic billboards and lights up the entire district in red-orange energy.

The tiger mech leaps vertically between buildings using wall-run propulsion. Dynamic anime-style camera tracking follows the movement with intense speed blur and realistic inertia.

Mid-air collision between both machines. Metal claws scrape against armor plating, sparks exploding across the rain. The dragon crashes through elevated transit rails while the tiger mech lands violently on the street below.

Final sequence: both titans face each other in the middle of flooded Tokyo streets. Steam rises from damaged armor, glowing eyes locked together while neon reflections flicker across the wet city.

Camera style: aggressive anime cinematography, fast tracking shots, low-angle scale shots, cinematic push-ins, aerial combat framing, realistic motion physics, dynamic handheld energy.

Lighting: neon cyberpunk Tokyo, rain reflections, holographic signage, blue and crimson energy glow, volumetric fog, cinematic storm lighting.

Style: ultra-detailed anime realism, premium VFX, cinematic destruction, futuristic Japanese megacity atmosphere, realistic rain simulation, mech combat spectacle, no text, no overlays."
renoise-2055016709820453244,Use the provided makeup transformation reference sheet as the complete visual…,,其他,,广告带货,,en,Seedance 2.0,,,renoise-ai/awesome-seedance-prompts,https://github.com/renoise-ai/awesome-seedance-prompts/blob/904b6caffa21c2b114bb93e1bd0e37ba80b3dd10/data/prompts/2055016709820453244.json,CC-BY-4.0,Dheepan Ratnam,https://x.com/Dheepanratnam/status/2055016709820453244,True,prompts/其他/广告带货/renoise-2055016709820453244--Use-the-provided-makeup-transformation-r.md,"Use the provided makeup transformation reference sheet as the complete visual guide for a 15-second realistic beauty tutorial video.

The top row is the step-by-step motion guide. Follow the makeup sequence visually:

prep and prime, base, contour and bronze, blush and highlight, brows, eyes, liner and lashes, lips, setting spray, final look.

The middle section is the character reference. Keep the same woman consistent throughout the video: medium olive skin tone, long dark wavy hair, refined glam features, gold hoop earrings, black outfit, elegant beauty-influencer presence, polished but natural expressions.

The right and lower sections are the location and product references. Recreate the warm luxury vanity setup with mirror lights, makeup brushes, foundation bottles, palettes, lipsticks, setting spray, soft warm room lighting, and glamorous beauty-studio atmosphere.

Create a realistic 16:9 cinematic beauty video, 15 seconds total.

Show the woman transforming from fresh prepared skin into a polished glam makeup look. Use smooth, elegant, close-up beauty shots that emphasize skin texture, brush motion, product application, blending, shimmer, eyeliner detail, lip color, setting mist, and the final confident beauty pose.

Camera style:
premium beauty tutorial meets luxury cosmetics campaign. Use soft close-ups, clean front-facing shots, gentle push-ins, shallow depth of field, mirror-light bokeh, smooth transitions, and stable camera movement. Avoid fast chaotic cuts. Each makeup action should be readable but cinematic.

Lighting:
warm vanity light mixed with soft studio fill, glowing skin highlights, subtle shimmer, flattering shadows, refined golden-beige color palette.
Movement quality:

gentle, precise, polished, realistic hand motions. Brushes should touch the skin naturally, powders and creams should blend smoothly, setting spray should create a soft mist, and the final look should feel elegant and aspirational.

Do not animate the infographic or text. Use the sheet only as reference. Create a live-action-style cinematic makeup transformation scene.

End frame:
final glam look, hair softly styled down, woman looking into camera with a subtle confident smile, polished glowing skin, balanced beauty portrait composition."
renoise-2055018509633986738,"Create a 20-second video using the character in the image as a reference, set…",,真人,现实向,剧情短片,,en,Seedance 2.0,,,renoise-ai/awesome-seedance-prompts,https://github.com/renoise-ai/awesome-seedance-prompts/blob/904b6caffa21c2b114bb93e1bd0e37ba80b3dd10/data/prompts/2055018509633986738.json,CC-BY-4.0,PSS,https://x.com/PromptSin/status/2055018509633986738,True,prompts/真人/现实向/剧情短片/renoise-2055018509633986738--Create-a-20-second-video-using-the-chara.md,"Create a 20-second video using the character in the image as a reference, set in Feudal Japan with epic Japanese music."
renoise-2055039505741337044,超电影级15秒竖屏连续镜头。基于参考分镜风格。无剪辑。赛博东京暴雨夜。镜头运动必须极度动态、不可预测，绝不允许长时间稳定或直线运动。,,真人,特效向,科幻,,ja,Seedance 2.0,,,renoise-ai/awesome-seedance-prompts,https://github.com/renoise-ai/awesome-seedance-prompts/blob/904b6caffa21c2b114bb93e1bd0e37ba80b3dd10/data/prompts/2055039505741337044.json,CC-BY-4.0,真星K,https://x.com/SIROK24/status/2055039505741337044,True,prompts/真人/特效向/科幻/renoise-2055039505741337044--超电影级15秒竖屏连续镜头-基于参考分镜风格-无剪辑-赛博东京暴雨夜-镜头运动必.md,"超电影级15秒竖屏连续镜头。基于参考分镜风格。无剪辑。赛博东京暴雨夜。镜头运动必须极度动态、不可预测，绝不允许长时间稳定或直线运动。

角色必须严格保持一致：
白色短发遮住一只眼睛，仅露出一只发光黄色机械义眼；高领遮住嘴部；宽大白色袖臂；黑色贴身生物机械服；白色腰部结构；长机械蝎尾始终存在。

载具：
低趴未来电动机车，黑色陶瓷装甲，白色空气动力外壳，黄色发光轮毂与引擎核心。

场景：
东京暴雨夜。紫蓝霓虹、湿漉漉的街道、蒸汽、玻璃高楼、反射灯光、空中广告。

镜头从超近距离眼睛开始：
黄色机械义眼在雨中亮起，瞳孔反射东京霓虹。

镜头突然急速拉开，
机车引擎爆发黄色能量脉冲。

她瞬间弹射起步。

镜头贴地高速掠过积水，
水花直接冲击镜头。

随后镜头疯狂改变方向：

贴着轮胎旋转、
急速低角度漂移、
突然翻转90度、
绕过霓虹招牌、
从机车下方穿过。

她在极窄小巷中高速穿梭。

机车贴墙漂移，
火花与雨水同时爆开。

镜头突然失控般被甩向侧面，
几乎撞上玻璃幕墙，
随后猛然拉回锁定角色。

她沿着玻璃高楼侧面高速骑行。

城市灯光在机车与雨水表面形成流动光轨。

蝎尾突然刺入路边金属杆。

整个机车借力完成不可能的超高速急转。

镜头被离心力疯狂拉扯旋转。

下一秒：

她直接跃过车流。

时间短暂减慢。

雨滴冻结在空中，
黄色光轨围绕机车形成螺旋。

镜头360°高速环绕。

随后一切恢复全速。

她重重落地，
机车横向高速漂移。

最终：

她在镜头前完成最终滑停。

蝎尾在身后缓缓摆动，
黄色义眼透过雨幕直视镜头。

东京霓虹在积水中燃烧般反射。

风格要求：

极端镜头运动
持续方向变化
暴雨与霓虹反射必须真实
强烈速度感与压迫感
绝不能像游戏CG
必须像高预算电影追逐场景
无文字无水印"
renoise-2055072530831147325,"Presented in the style of raw, handheld iPhone video footage, with all camera…",,其他,,广告带货,,en,Seedance 2.0,,,renoise-ai/awesome-seedance-prompts,https://github.com/renoise-ai/awesome-seedance-prompts/blob/904b6caffa21c2b114bb93e1bd0e37ba80b3dd10/data/prompts/2055072530831147325.json,CC-BY-4.0,John,https://x.com/john87445528/status/2055072530831147325,True,"prompts/其他/广告带货/renoise-2055072530831147325--Presented-in-the-style-of-raw,-handheld.md","Presented in the style of raw, handheld iPhone video footage, with all camera settings set to automatic, no post-processing color grading or special effects. The footage features slight hand-held shake and the operator's breathing sensation, occasional autofocus searching, delay, and brief loss of focus, automatic white balance switching between gym lighting and natural light. The image is flat overall, preserving real edge color fringing, slight overexposure, motion blur, and other optical imperfections. Only in-camera natural ambient sounds are used, including gym equipment sounds and faint air conditioning noise. Shot from a first-person handheld perspective, with natural reactive camera movements, occasionally slight swaying due to walking or adjusting angles. Medium and close-up compositions alternate, clearly showing the full body and action details of a plus-size Asian woman.
Wearing the reference image
of an elegant gold-embroidered long dress, she is exercising in the gym. She is wearing this formal dress, using cable machines and seated machines. At 0 seconds, the camera focuses on the woman from a medium shot, she is standing in front of the cable machine, hands gripping the handles ready to pull, the dress naturally flowing down. She slightly bows her head, quickly glancing at the camera with a hint of shyness. At 1 second, she starts pulling the cable with force, her body swaying back and forth, the sheer shoulder cape and skirt fluttering slightly with the movement. She frowns slightly as she exerts effort, occasionally looking up at the camera with a shy gaze. At 2 seconds, the woman continues pulling the machine, her movements accelerating, the dress fluttering with her body's sway. She looks up with a faint smile on her lips as she gazes at the camera. At 3 seconds, she stops pulling and walks to the nearby seated machine, sitting down, the dress swaying significantly with the movement. She lowers her head to adjust the hem and collar of the dress, her face showing a shy expression. At 4 seconds, she sits on the machine, leaning slightly forward, hands placed on her legs adjusting her posture. As she lowers her head to adjust her clothes, she looks at the camera with a shy gaze. At 5 seconds, she gently places her hands on her chest, slightly tilting her head up as she looks at the camera, a natural, slightly shy smile on her lips. At 6 seconds, she remains seated on the machine, looking at the camera with a soft gaze, a shy yet happy smile on her face, slightly adjusting her sitting posture. At 7 seconds, she stands up from the machine, the camera follows her movement, the dress fluttering slightly as she walks. She looks back at the camera with a shy and gentle smile. The footage presents a genuine, raw, handheld video quality with a documentary-level sense of natural imperfection, without any post-processing color grading or special effects. All camera behaviors conform to the physical characteristics of an iPhone being used in a gym."
renoise-2055089763422773494,Style: Ultra-realistic mass celebrity arrival scene. Single continuous shot…,,真人,现实向,时尚写真,,en,Seedance 2.0,,,renoise-ai/awesome-seedance-prompts,https://github.com/renoise-ai/awesome-seedance-prompts/blob/904b6caffa21c2b114bb93e1bd0e37ba80b3dd10/data/prompts/2055089763422773494.json,CC-BY-4.0,Cipher | AI & Web3,https://x.com/cipherwebthree/status/2055089763422773494,True,prompts/真人/现实向/时尚写真/renoise-2055089763422773494--Style-Ultra-realistic-mass-celebrity-arr.md,"Style: Ultra-realistic mass celebrity arrival scene. Single continuous shot. Handheld camera from crowd perspective. Natural micro-shake. No cuts. Documentary-level realism. Audio: Only natural environment sound loud crowd cheering, overlapping voices shouting, rapid camera shutter clicks, phones recording audio, distant city noises, footsteps, fabric movement. Lighting: Nightime, illuminated from street lights. Mixed reflections on polished surfaces. Soft but realistic shadows. Slight atmospheric haze for depth. Main Character: (Subject Reference Image) Calm, controlled presence. Subtle confident smile. Face identity must remain perfectly consistent across all frames. Outfit: Exactly the same from reference image. Location: An event in New York City. Scene Flow 0–3s: Camera starts from inside a dense crowd behind barricades. Handheld, slightly unstable. View partially blocked by people in front. Multiple phones raised, some screens visible recording. Crowd energy is loud, chaotic, restless. 3–6s: Camera lifts slightly above shoulder level, still handheld. Focus shifts naturally between heads, waving hands, and we see our subject exit a fancy hotel in New York City. Occasional bright flashes from media cameras. Anticipation rises as crowd leans forward. 6–10s: Security personnel step in, pushing the crowd back slightly. Camera reacts with natural shake. Through shifting gaps, the main character appears in the distance—initially soft and partially obscured, gradually becoming clearer while walking forward with a small escort team. He walks up to a fan and signs printed photo she is holding of (Subject Reference Image) 10–13s: Subtle handheld push-in (natural movement, not digital zoom). The main character is now clearly visible, walking confidently at center frame. Path is being cleared. He raises one hand and gives a calm, controlled wave with a slight smile. Camera struggles slightly to keep framing due to crowd movement. 13–15s: Camera shifts and tilts trying to follow. A luxury convoy becomes partially visible featuring three large premium SUVs. A security member opens the back door of a the suburban in the middle of the three. The main character enters quickly and rolls the window down. Vehicles begin moving forward as he waves to the crowd. Camera lifts slightly as people jump and try to capture the moment."
renoise-2055099814136643817,[Era] Early 1980s,,其他,,动态图形与界面,,en,Seedance 2.0,,,renoise-ai/awesome-seedance-prompts,https://github.com/renoise-ai/awesome-seedance-prompts/blob/904b6caffa21c2b114bb93e1bd0e37ba80b3dd10/data/prompts/2055099814136643817.json,CC-BY-4.0,CHRIS FIRST,https://x.com/chrisfirst/status/2055099814136643817,True,prompts/其他/动态图形与界面/renoise-2055099814136643817--Era-Early-1980s.md,"[Era] Early 1980s

[References]
Image 1 - The logo itself
Video 1 - Aesthetic influence for style reference only, including the postprocessing influences.
Video 2 - Aesthetic influence for style reference only, including the postprocessing influences.
Video 3 - Aesthetic influence for style reference only, including the postprocessing influences.

[Type] Logo introduction at the beginning of a VHS tape (before movie) showing a company involved in its production

[Recording] Mediocre quality VHS tape footage. Nostalgic 1980s VHS feel.

[Sound] very slightly distorted sound/music

[Action] The screen is initially black The logo (Image 1) reveals itself in a 1990s motion graphics style, drawing itself on screen The logo fades out

[Effects] VHS flicker, soft-bloom/pro-mist, scanlines"
renoise-2055113816049066174,First frame must match the @Image 2. Create a realistic live PSL (Pakistan…,,真人,现实向,运动,,en,Seedance 2.0,link-only,copyrighted-character,renoise-ai/awesome-seedance-prompts,https://github.com/renoise-ai/awesome-seedance-prompts/blob/904b6caffa21c2b114bb93e1bd0e37ba80b3dd10/data/prompts/2055113816049066174.json,CC-BY-4.0,Lariab Fatima‎,https://x.com/AiwithLariab/status/2055113816049066174,True,prompts/真人/现实向/运动/renoise-2055113816049066174--First-frame-must-match-the-Image-2.-Crea.md,
renoise-2055128042260070744,Use the uploaded image as the first frame.,,真人,现实向,音乐MV,,en,Seedance 2.0,,,renoise-ai/awesome-seedance-prompts,https://github.com/renoise-ai/awesome-seedance-prompts/blob/904b6caffa21c2b114bb93e1bd0e37ba80b3dd10/data/prompts/2055128042260070744.json,CC-BY-4.0,Zara,https://x.com/ZaraIrahh/status/2055128042260070744,True,prompts/真人/现实向/音乐MV/renoise-2055128042260070744--Use-the-uploaded-image-as-the-first-fram.md,"Use the uploaded image as the first frame.
Preserve the exact identity, outfit, hairstyle, LED screen texture, lighting, audience, and concert atmosphere.

The video should feel like:
a real fan secretly recording the giant concert screen during a live K-pop concert.

IMPORTANT:

* the camera framing must remain fixed the entire time
* NO zoom in
* NO zoom out
* NO camera push
* NO reframing
* ONLY the LED screen content moves
* no visible performer on stage
* subtle handheld iPhone recording shake only
* audience remains mostly static

[0.0s — 2.0s]
The idol gently adjusts the in-ear monitor near her ear.
She looks slightly off-camera, not directly at viewer.
Soft natural breathing and tiny hair movement.

[2.0s — 4.5s]
She slowly forms a shy smile.
Warm emotional expression, subtle eye smile.
Natural blinking and relaxed shoulder movement.

[4.5s — 7.0s]
She briefly glances slightly downward, then softly to the side again while lightly touching the in-ear.
Hold a gentle ending-fairy smile.

Lighting:

* pink-purple concert lighting
* realistic LED glow
* authentic jumbotron texture
* subtle concert grain

Style:

* photorealistic
* cinematic realism
* realistic Korean concert atmosphere
* NOT animated
* NOT AI-looking

[OUTPUT]

* 3:4 vertical
* 7 seconds
* realistic fan-recorded concert footage
* locked framing throughout the entire clip"
renoise-2055130840833622017,A live handheld broadcast camera slowly moves closer toward 2 people casually…,,真人,现实向,喜剧整活,,en,Seedance 2.0,,,renoise-ai/awesome-seedance-prompts,https://github.com/renoise-ai/awesome-seedance-prompts/blob/904b6caffa21c2b114bb93e1bd0e37ba80b3dd10/data/prompts/2055130840833622017.json,CC-BY-4.0,Zoraiz Ai,https://x.com/YaZoraiz/status/2055130840833622017,True,prompts/真人/现实向/喜剧整活/renoise-2055130840833622017--A-live-handheld-broadcast-camera-slowly.md,"A live handheld broadcast camera slowly moves closer toward 2 people casually sitting in the middle of a huge crowd during a live football match inside a night stadium. The thin black-haired man looks calm and serious while watching the game, while his glasses-wearing friend reacts excitedly. Supporters around them react wildly, screaming, waving their hands, and jumping passionately. The camera captures a natural candid moment like a crowd close-up accidentally selected by a professional TV operator.

Realistic crowd movement, dramatic stadium lighting, LED light reflections on faces, shallow depth of field, slight handheld shake, realistic autofocus, subtle motion blur from the crowd, imperfect framing like a real sports broadcast, cinematic broadcast camera aesthetic.

The thin black-haired man looks shy because he realizes the camera is capturing his face, while the white-haired man raises his hand. As the camera gets closer and focuses on the black-haired man’s face, suddenly a small wild yellow ball flies extremely fast from the field toward the stands and hits his face hard in a funny and shocking way. His head gets thrown backward with a hilarious shocked expression, while the glasses-wearing man laughs after seeing the incident. People around them instantly react with chaotic laughter, panic, and surprise. Then the man who got hit hurriedly runs down toward the field and chases the football players until he accidentally falls down in a funny way. The audience erupts in laughter.

The background remains softly blurred with a lively stadium atmosphere. In the top-left corner there is a realistic live match score overlay, while the top-right corner contains the TV channel logo and LIVE indicator.

The entire video should feel like a real viral television broadcast clip because of the unexpected funny moment. Ultra-realistic live TV realism, comedic accident timing, believable crowd reactions, cinematic sports broadcast aesthetic, authentic viral television moment."
renoise-2055136243898528073,"Hyperrealistic cinematic fashion film, ultra-detailed, photorealistic, shot on…",,真人,现实向,时尚写真,,en,Seedance 2.0,link-only,copyrighted-character,renoise-ai/awesome-seedance-prompts,https://github.com/renoise-ai/awesome-seedance-prompts/blob/904b6caffa21c2b114bb93e1bd0e37ba80b3dd10/data/prompts/2055136243898528073.json,CC-BY-4.0,Mr Das,https://x.com/MrDasOnX/status/2055136243898528073,True,"prompts/真人/现实向/时尚写真/renoise-2055136243898528073--Hyperrealistic-cinematic-fashion-film,-u.md",
renoise-2055167381442338920,Design a comprehensive research prompt that focuses on a future technology…,,真人,现实向,剧情短片,,en,Seedance 2.0,,,renoise-ai/awesome-seedance-prompts,https://github.com/renoise-ai/awesome-seedance-prompts/blob/904b6caffa21c2b114bb93e1bd0e37ba80b3dd10/data/prompts/2055167381442338920.json,CC-BY-4.0,Ruby Ai,https://x.com/HeyRu0by/status/2055167381442338920,True,prompts/真人/现实向/剧情短片/renoise-2055167381442338920--Design-a-comprehensive-research-prompt-t.md,"Design a comprehensive research prompt that focuses on a future technology topic, which examines the intersection of artificial intelligence, big data, and their impacts on human life. Explore various dimensions of how these technologies will evolve, their potential benefits, ethical considerations, and their influence on society. Provide a detailed overview with subtopics and key research questions."
renoise-2055193312588640561,Create a 15-second ultra-realistic cinematic commercial in 16:9 format for…,,其他,,广告带货,,en,Seedance 2.0,link-only,brand-ad,renoise-ai/awesome-seedance-prompts,https://github.com/renoise-ai/awesome-seedance-prompts/blob/904b6caffa21c2b114bb93e1bd0e37ba80b3dd10/data/prompts/2055193312588640561.json,CC-BY-4.0,Shami,https://x.com/ShamiWeb3/status/2055193312588640561,True,prompts/其他/广告带货/renoise-2055193312588640561--Create-a-15-second-ultra-realistic-cinem.md,
renoise-2055197598089347366,"She is sprinting at full speed, and with every powerful step, the world…",,真人,现实向,剧情短片,,en,Seedance 2.0,,,renoise-ai/awesome-seedance-prompts,https://github.com/renoise-ai/awesome-seedance-prompts/blob/904b6caffa21c2b114bb93e1bd0e37ba80b3dd10/data/prompts/2055197598089347366.json,CC-BY-4.0,Umesh,https://x.com/umesh_ai/status/2055197598089347366,True,"prompts/真人/现实向/剧情短片/renoise-2055197598089347366--She-is-sprinting-at-full-speed,-and-with.md","She is sprinting at full speed, and with every powerful step, the world transforms seamlessly beneath her feet. A blazing Sahara dune whipped by golden sandstorms becomes a rain-soaked Tokyo alley buzzing with neon, scooters, and umbrellas. Her next stride opens into a thunderous Amazon rainforest, leaves shaking under tropical rain, then a wind-battered Icelandic glacier where snow spirals around her. She races through a crowded Mumbai street during monsoon, splashing through puddles, then into a candlelit medieval cathedral alive with drifting dust and echoing bells. One footfall carries her across a midnight Maldives beach glowing with bioluminescent waves, the next into a roaring New York avenue beneath flashing billboards and taxi lights. She bursts through a misty Scottish castle ruin, then a cherry-blossom Kyoto garden where petals whirl like pink snow. The path snaps into a volcanic Hawaiian cliff glowing with lava, then a stormy Paris boulevard reflecting café lights. She charges through a lantern-filled Moroccan market, a frozen Siberian village under auroras, and finally an ancient Mayan temple swallowed by jungle rain. Each transition is fluid, fast, and breathtaking, as if every step tears open a living postcard from Earth."
renoise-2055201760977784863,[CORE ACTION] A single coffee cup falls off a high-rise balcony. As it…,,真人,特效向,超现实创意,,en,Seedance 2.0,,,renoise-ai/awesome-seedance-prompts,https://github.com/renoise-ai/awesome-seedance-prompts/blob/904b6caffa21c2b114bb93e1bd0e37ba80b3dd10/data/prompts/2055201760977784863.json,CC-BY-4.0,Dheepan Ratnam,https://x.com/Dheepanratnam/status/2055201760977784863,True,prompts/真人/特效向/超现实创意/renoise-2055201760977784863--CORE-ACTION-A-single-coffee-cup-falls-of.md,"[CORE ACTION] A single coffee cup falls off a high-rise balcony. As it plummets, the camera locks onto it, and the cup continuously transforms into different objects based on the environment it falls past, finally landing perfectly in a businessman's hand on the street.
[SUBJECT] The falling object. It morphs continuously: Ceramic Coffee Cup → Potted Plant → Paint Can → Bowling Ball → Fishbowl → Briefcase → Paper Airplane → back to a Coffee Cup.
[ENVIRONMENT] The vertical face of a sprawling, chaotic metropolis. High-rise glass balconies, neon billboards, rusted fire escapes, clotheslines, scaffolding, down to the crowded street level.
[CAMERA] 15-second continuous free-fall tracking shot. The camera is locked directly below the object, looking straight up as the city rushes past. Perfect center-frame tracking.
[LIGHTING & MOOD] Vertigo-inducing, high-energy. Sunlight at the top shifts into deep, shadowed, neon-lit concrete canyons as it falls.
[VFX & DYNAMICS] The morphs happen instantly when the object passes environmental thresholds (e.g., passing a billboard turns it neon; passing a clothesline turns it into a fabric bundle). The background motion blur is extreme to convey terminal velocity.
[SOUND CUES] A rising, roaring wind tunnel effect. Sharp, percussive whipping sounds as the object passes scaffolding. A sudden, dead-silent smack at the end when the cup is caught.
[TECHNICAL] Photorealistic live-action, 16:9, continuous unbroken shot, 15s."
renoise-2055203200563564619,15-second handcrafted paper cut-out animation with visible human interaction.,,漫剧,特效向,奇幻冒险,绘画风,en,Seedance 2.0,,,renoise-ai/awesome-seedance-prompts,https://github.com/renoise-ai/awesome-seedance-prompts/blob/904b6caffa21c2b114bb93e1bd0e37ba80b3dd10/data/prompts/2055203200563564619.json,CC-BY-4.0,OscarAI,https://x.com/Artedeingenio/status/2055203200563564619,True,prompts/漫剧/特效向/奇幻冒险/renoise-2055203200563564619--15-second-handcrafted-paper-cut-out-anim.md,"15-second handcrafted paper cut-out animation with visible human interaction.

The entire illustration is transformed into a physical handmade paper puppet set placed on a tabletop.

All characters and animals are separate cut-out paper pieces with visible white borders, layered paper depth, soft shadows and watercolor textures.

A real human hand occasionally enters the scene and gently moves the paper characters like a handcrafted animated storybook.

Movement is playful, expressive and clearly handmade.

0–3s:
The paper scene is still.
A human hand enters frame and slides the little girl slightly forward across the paper landscape.
Paper layers shift naturally.

3–6s:
The girl begins “walking” in stop-motion style.
Her paper legs move separately like articulated cut-outs.
A bird is lifted slightly by hand and placed onto another hill.

6–9s:
More paper creatures animate energetically:
the black cat walks across the foreground,
birds flap in simple cut-out motion,
small rabbits hop using playful stop-motion jumps.

9–12s:
The hand returns and rotates some animals slightly.
Trees wobble softly like layered cardboard pieces.
Paper leaves drift downward.

12–15s:
The girl lifts her arms happily.
Animals gather around her.
The hand gently adjusts the final composition like finishing a scrapbook page.
Everything settles into a beautiful handcrafted tableau.

Animation style:
energetic paper puppet motion
handmade stop-motion feeling
visible handcrafted imperfections
slightly choppy but charming movement

Visual style:
- preserve original watercolor illustration style exactly
- visible paper edges and layered cut-out depth
- textured watercolor paper
- handcrafted shadows
- no realism
- no CGI look
- no morphing

Camera:
slight overhead angle
subtle handheld movement
gentle cinematic push-in

Audio:
soft playful music
paper sliding sounds
light cardboard and craft noises
no voices"
renoise-2055209224742019371,"Expression transition from cold to shy smile, slow and natural, 8 seconds…",,真人,现实向,运动,,en,Seedance 2.0,,,renoise-ai/awesome-seedance-prompts,https://github.com/renoise-ai/awesome-seedance-prompts/blob/904b6caffa21c2b114bb93e1bd0e37ba80b3dd10/data/prompts/2055209224742019371.json,CC-BY-4.0,Aneeza Ai,https://x.com/Aneeza__S/status/2055209224742019371,True,prompts/真人/现实向/运动/renoise-2055209224742019371--Expression-transition-from-cold-to-shy-s.md,"Expression transition from cold to shy smile, slow and natural, 8 seconds. Start: The young woman sits courtside, poker-faced, cold and aloof expression, staring straight ahead, completely unaware of the camera. No smile, very calm. Middle: She slowly turns her head toward the camera. Her eyes shift softly. Her facial expression begins to soften. End: She notices the camera. Her cold expression breaks into a shy, subtle, gentle smile. Lips slightly parted. A natural blush appears on her cheeks. She makes brief eye contact with the camera, then looks down shyly before glancing back up with a soft smile. Camera: Static broadcast camera, slight depth of field, ESPN live TV texture. Style: Ultra-realistic, natural skin texture, authentic human micro-expressions, organic facial muscle movement, no AI smoothing, no morphing, no flickering, no distortion. Live arena lighting, broadcast color grading, subtle compression artifacts. 16:9. Negative prompt: Exaggerated smile, laughing, open mouth wide, crying, anger, robotic movement, CGI, cartoon, overacting, unnatural blinking, face swapping, glitching."
renoise-2055214109994393782,"Style: Hyper-realistic live NBA broadcast footage, authentic televised sports…",,真人,现实向,运动,,en,Seedance 2.0,link-only,real-person,renoise-ai/awesome-seedance-prompts,https://github.com/renoise-ai/awesome-seedance-prompts/blob/904b6caffa21c2b114bb93e1bd0e37ba80b3dd10/data/prompts/2055214109994393782.json,CC-BY-4.0,Jahan Zaib,https://x.com/jzaib4269/status/2055214109994393782,True,prompts/真人/现实向/运动/renoise-2055214109994393782--Style-Hyper-realistic-live-NBA-broadcast.md,
renoise-2055233217154949510,A cinematic 15-second emotional sci-fi sequence showing a robot slowly learning…,,真人,特效向,科幻,,en,Seedance 2.0,,,renoise-ai/awesome-seedance-prompts,https://github.com/renoise-ai/awesome-seedance-prompts/blob/904b6caffa21c2b114bb93e1bd0e37ba80b3dd10/data/prompts/2055233217154949510.json,CC-BY-4.0,ayzalnoor,https://x.com/ayzalnooor24521/status/2055233217154949510,True,prompts/真人/特效向/科幻/renoise-2055233217154949510--A-cinematic-15-second-emotional-sci-fi-s.md,"A cinematic 15-second emotional sci-fi sequence showing a robot slowly learning human emotions in daily life. 0–3s: A clean modern apartment in soft morning light. A humanoid robot stands still near a window, observing humans laughing and talking in the distance. Its LED eyes softly flicker, showing curiosity. 3–6s: The robot sits at a dining table with a family. It tries to mimic a smile while watching their expressions. Subtle UI-like visual cues appear near its face as it analyzes emotions like happiness and confusion. 6–9s: In a park scene, children are laughing. The robot gently picks up a fallen leaf, tilts its head, and its eyes glow slightly warmer as it processes “joy” and “playfulness.” 9–12s: Close-up emotional moment. The robot watches a human crying on a bench. It hesitates, then slowly extends its hand in a comforting gesture, learning empathy for the first time. 12–15s: Final cinematic shot. The robot stands alone under soft sunset light, now showing a faint natural smile. Background shifts from cold tones to warm golden hues, symbolizing emotional growth. Style: ultra-realistic cinematic sci-fi, soft natural lighting, emotional storytelling, shallow depth of field, film-grade color grading, subtle futuristic UI elements, peaceful ambient tone."
renoise-2055234234856722464,"A premium sneaker drops from darkness, caught by dramatic neon purple rim…",,真人,现实向,剧情短片,,en,Seedance 2.0,,,renoise-ai/awesome-seedance-prompts,https://github.com/renoise-ai/awesome-seedance-prompts/blob/904b6caffa21c2b114bb93e1bd0e37ba80b3dd10/data/prompts/2055234234856722464.json,CC-BY-4.0,Fikkkfx,https://x.com/FikkkFX/status/2055234234856722464,True,"prompts/真人/现实向/剧情短片/renoise-2055234234856722464--A-premium-sneaker-drops-from-darkness,-c.md","A premium sneaker drops from darkness, caught by dramatic neon purple rim light. Water splash rises in reverse slow-motion at landing impact. Camera executes smooth 180° orbit around the shoe. Extreme macro shot capturing sole texture detail. Deep bass impact SFX synced to landing. Pitch black background. Anamorphic lens flare on neon edge. Commercial ad quality. 5 seconds. No watermark."
renoise-2055262405647585770,Create an ultra-realistic full-body studio fashion portrait of me. Preserve my…,,真人,现实向,时尚写真,,en,Seedance 2.0,link-only,sexual,renoise-ai/awesome-seedance-prompts,https://github.com/renoise-ai/awesome-seedance-prompts/blob/904b6caffa21c2b114bb93e1bd0e37ba80b3dd10/data/prompts/2055262405647585770.json,CC-BY-4.0,Calira,https://x.com/CaliraVal/status/2055262405647585770,True,prompts/真人/现实向/时尚写真/renoise-2055262405647585770--Create-an-ultra-realistic-full-body-stud.md,
renoise-2055320638500250011,"14-second cute 3D style animated comedy short, ultra-detailed, vibrant colors…",,漫剧,现实向,喜剧搞笑,3D卡通,en,Seedance 2.0,,,renoise-ai/awesome-seedance-prompts,https://github.com/renoise-ai/awesome-seedance-prompts/blob/904b6caffa21c2b114bb93e1bd0e37ba80b3dd10/data/prompts/2055320638500250011.json,CC-BY-4.0,HOT (The Blue Cat 🥵),https://x.com/Hot_OnStudio/status/2055320638500250011,True,prompts/漫剧/现实向/喜剧搞笑/renoise-2055320638500250011--14-second-cute-3D-style-animated-comedy.md,"14-second cute 3D style animated comedy short, ultra-detailed, vibrant colors, warm cinematic lighting, smooth 24fps animation, exaggerated expressions and physics, emotional and funny tone. SHOT 1 (0.00–1.00s) – Wide establishing shot, eye-level, slow push-in: Cozy modern apartment dining area with warm lighting, family photos on the wall, and a small dining table. the blue cat (image1) stands beside the table, smiling proudly while lifting a plate cover to serve the purple guy (image 2). the purple guy ( wearing a comfortable cardigan and glasses, gentle face) is seated at the table, looking at the blue cat with a warm, knowing smile. Soft background showing part of the open kitchen. SHOT 2 (1.00–2.00s) – Tight close-up, high angle, static: Beautifully plated but slightly imperfect homemade dish (seared fish, stir-fried vegetables, rice) on a simple ceramic plate. blue cats’s hands visible in background. SHOT 3 (2.00–3.00s) – Extreme close-up on the purple guy’s face, eye-level: he takes a bite with chopsticks, eyes widen with delight then narrow playfully. he chews while giving a gentle, knowing side-eye to the blue cat, one eyebrow slightly raised, soft smirk. SHOT 4 (3.00–4.00s) – Close-up on the blue cat’s face, eye-level, slight push-in: him proud smile instantly drops into wide-eyed shock, hisopen, yebrows raised high. he stares in disbelief. SHOT 5 (4.00–5.00s) – Extreme close-up on the purple guy’s face again: he lowers her chopsticks slightly, now wearing a cheeky, loving grin, eyes sparkling with mischief as he looks directly forward. SHOT 6 (5.00–6.00s) – Wide shot, low angle in the home kitchen: the purple guy now wearing a slightly oversized colorful apron, standing confidently in foreground in front of the stove. the blue cat stands behind him in the doorway, looking surprised and confused. The purple guy has both hands on hips, determined and warm expression. SHOT 7 (6.00–7.00s) – Same kitchen wide shot, dynamic camera tilt down: Bright orange flames flare dramatically from the wok. The purple guy leans forward with focused energy, eyes narrowed in fierce but loving concentration, ready to cook. SHOT 8 (7.00–8.00s) – Dynamic close-up, low angle: the purple guy dramatically holds up a large kitchen knife, fierce yet caring expression, surrounded by flying slices of beef and vegetables in foreground that frame him like a dramatic action shot. SHOT 9 (8.00–9.00s) – Extreme close-up, low angle, fast-paced: Fresh ginger, garlic, and green onions being sliced, with juice and pieces flying in slow-motion around the knife, along with floating bok choy, cherry tomatoes, and chili peppers. SHOT 10 (9.00–10.00s) – Medium close-up in kitchen, eye-level: the purple guy intensely stirs a sizzling wok with a spatula, steam rising beautifully, strong flames underneath. his face shows pure focus and confidence, slight warm smile. SHOT 11 (10.00–11.00s) – Tight close-up, high angle: his hands elegantly plate the perfectly cooked dish (glossy stir-fried beef, vibrant vegetables, aromatic sauce) from the wok onto a plate using a spoon. SHOT 12 (11.00–12.00s) – Medium two-shot at the dining table, eye-level: the purple guy proudly holds up the finished plate toward the blue cat. The blue cat takes a big bite with chopsticks, eyes bulging in extreme delight and surprise. SHOT 13 (12.00–13.00s) – Close-up two-shot: the purple guy leans forward with a huge satisfied and loving smile, gently gesturing with his hand as if saying “See?” while looking at the blue cat. SHOT 14 (13.00–14.00s) – Close-up on the blue cat’s face: he suddenly starts crying happy tears, big cartoon tears rolling down his cheeks, chopsticks still in hand. SHOT 15 (14.00s – end) – Final wide shot, eye-level, slow pull-back: the purple guy stands triumphantly beside the table, hands clasped, warm and smug satisfied smile. The blue cat is sitting with his head slightly bowed in happy defeat, one hand dramatically holding his forehead while still crying joyful tears. This version keeps the exact same comedic rhythm, timing, and emotional payoff as the original while changing the characters, setting, and cultural details to a heartfelt home cooking story."
renoise-2055344746357473593,Cinematic ultra-realistic 6-second horizontal 16:9 MLB stadium broadcast edit…,,真人,现实向,运动,,en,Seedance 2.0,link-only,sexual,renoise-ai/awesome-seedance-prompts,https://github.com/renoise-ai/awesome-seedance-prompts/blob/904b6caffa21c2b114bb93e1bd0e37ba80b3dd10/data/prompts/2055344746357473593.json,CC-BY-4.0,Ozair AI,https://x.com/Ozayrr_irl/status/2055344746357473593,True,prompts/真人/现实向/运动/renoise-2055344746357473593--Cinematic-ultra-realistic-6-second-horiz.md,
renoise-2055356139282305363,Create a seamless 15-second cinematic 3D animated comedy video.,,漫剧,特效向,特效综合,3D卡通,en,Seedance 2.0,link-only,copyrighted-character,renoise-ai/awesome-seedance-prompts,https://github.com/renoise-ai/awesome-seedance-prompts/blob/904b6caffa21c2b114bb93e1bd0e37ba80b3dd10/data/prompts/2055356139282305363.json,CC-BY-4.0,ai.gezgini,https://x.com/ai_gezgini/status/2055356139282305363,True,prompts/漫剧/特效向/特效综合/renoise-2055356139282305363--Create-a-seamless-15-second-cinematic-3D.md,
renoise-2055365851550040352,Slow dolly orbit around young man lying in golden tall grass reading a book…,,真人,现实向,年代怀旧,,en,Seedance 2.0,,,renoise-ai/awesome-seedance-prompts,https://github.com/renoise-ai/awesome-seedance-prompts/blob/904b6caffa21c2b114bb93e1bd0e37ba80b3dd10/data/prompts/2055365851550040352.json,CC-BY-4.0,Fikkkfx,https://x.com/FikkkFX/status/2055365851550040352,True,prompts/真人/现实向/年代怀旧/renoise-2055365851550040352--Slow-dolly-orbit-around-young-man-lying.md,"Slow dolly orbit around young man lying in golden tall grass reading a book, olive tee, loose jeans, dark cap. Wind builds at 2s — pages scatter mid-air in extreme slow-motion, tumbling like white doves. Camera: ground-level wide → slow orbit right → rack focus from flying page to face. Golden hour backlight. 35mm film grain. Warm amber grade. Audio: wind through grass, pages fluttering, distant birdsong, lo-fi nostalgic piano fades in. 5 seconds. No watermark."
renoise-2055381529698693247,15-second continuous single-shot. No cuts. No scene transitions.,,漫剧,特效向,奇幻冒险,粘土定格,en,Seedance 2.0,,,renoise-ai/awesome-seedance-prompts,https://github.com/renoise-ai/awesome-seedance-prompts/blob/904b6caffa21c2b114bb93e1bd0e37ba80b3dd10/data/prompts/2055381529698693247.json,CC-BY-4.0,OscarAI,https://x.com/Artedeingenio/status/2055381529698693247,True,prompts/漫剧/特效向/奇幻冒险/renoise-2055381529698693247--15-second-continuous-single-shot.-No-cut.md,"15-second continuous single-shot. No cuts. No scene transitions.
Style: melancholic claymation animation, handcrafted stop-motion aesthetic, Tim Burton-inspired character design, soft cinematic depth of field, textured plasticine surfaces, exaggerated facial expressions, moody theatrical lighting, cozy surreal atmosphere, subtle emotional comedy.

0–3s — Strange little town.
Wide shot of a quiet miniature clay town at dusk.

Tiny crooked houses lean slightly sideways under warm streetlights.
Four anxious clay characters stand awkwardly in the middle of the street:
a nervous man with oversized glasses,
a pale gothic figure in a black suit,
a worried red-haired office worker,
and a skinny orange-haired man with enormous eyes.

Everything feels handmade:
fingerprints visible in the clay,
fabric textures,
tiny imperfections everywhere.

A distant accordion plays softly.

3–6s — Tiny nervous movements.
The camera slowly pushes toward the group.

The red-haired man nervously blinks several times.
The gothic figure slowly raises one trembling hand as if trying to explain something.
The glasses-wearing man adjusts his crooked tie while looking around anxiously.

Streetlights flicker softly.
A tiny clay leaf tumbles across the street.

6–9s — The realization.
The orange-haired character suddenly notices something above them.

All four slowly look upward in unison.
Their oversized eyes widen dramatically.

The camera tilts upward slightly but never fully reveals what they are seeing.

A strange mechanical humming fills the air.
One distant window turns on by itself.

9–12s — The world shifts.
Subtle stop-motion distortions begin affecting the environment:
walls bend slightly,
streetlights wobble,
windows slide a few centimeters out of place as if the town itself is nervous.

The gothic figure whispers softly:
“Do you ever feel like someone is moving us?”

The others freeze in terrified silence.

12–15s — Handmade nightmare.
The camera slowly pulls backward.

Gigantic human fingers briefly appear far above the miniature town, slightly out of focus, adjusting one rooftop like a stop-motion animator between frames.

The characters stare upward in existential horror.

Final frame:
everything suddenly freezes perfectly still like abandoned puppets on a stop-motion set while the warm streetlights continue flickering softly in the darkness."
renoise-2055383309924913589,Cinematic absurdist comedy scene of an ultra-serious international competitive…,,真人,现实向,喜剧整活,,en,Seedance 2.0,,,renoise-ai/awesome-seedance-prompts,https://github.com/renoise-ai/awesome-seedance-prompts/blob/904b6caffa21c2b114bb93e1bd0e37ba80b3dd10/data/prompts/2055383309924913589.json,CC-BY-4.0,.RW🦦,https://x.com/pacyuzu/status/2055383309924913589,True,prompts/真人/现实向/喜剧整活/renoise-2055383309924913589--Cinematic-absurdist-comedy-scene-of-an-u.md,"Cinematic absurdist comedy scene of an ultra-serious international competitive eating championship held inside a massive packed sports arena at night. Blinding stadium floodlights sweep across thousands of screaming fans waving banners and foam fingers. Giant LED screens display dramatic contestant introductions, stats, countdown timers, and intense close-ups of nervous competitors. Epic sports-event atmosphere like the Super Bowl mixed with a UFC weigh-in and Olympic finals.

At the center: a long polished competition table on a brightly lit stage. Contestants from different countries sit shoulder-to-shoulder wearing sponsor-covered jerseys, headbands, and numbered bibs. They look intensely focused — cracking knuckles, stretching jaws, sweating with concentration, staring forward like elite athletes before battle. Some bounce in their seats. Others close their eyes in meditation. One whispers a prayer. Another aggressively adjusts fingerless gloves.

Referees in black-and-white striped uniforms walk dramatically down the line inspecting the setup with total seriousness. Camera crews circle the stage with giant broadcast cameras. Reporters speak urgently into microphones. The audience buzzes with anticipation.

Then the food arrives.

Silver serving domes are carried out by white-gloved attendants in synchronized choreography. Tension builds. The music cuts out. One by one, the domes are lifted in dramatic slow motion…

Revealing a single tiny grape on each plate.

The crowd gasps.

The contestants stare at the grape like it is the most important meal of their lives.

Extreme close-ups:

trembling hands
eyes twitching
sweat dripping
veins bulging
dramatic orchestral music swelling
one contestant sizing up the grape like a predator hunting prey

The referee raises a whistle. Silence fills the stadium.

FWEEEEET!

Absolute chaos erupts.

The contestants lunge at the grape with horrifying intensity. Cinematic slow motion. Mouths open wide. Hands slam the table. One competitor dives face-first toward the plate. Another carefully calculates the optimal angle of attack. Crumbs fly despite there being almost nothing to eat. Hyper-dramatic sports cinematography, fast cuts, crowd screaming uncontrollably.

The audience completely loses their minds:

fans crying with emotion
commentators yelling
confetti cannons firing too early
people standing on chairs
giant scoreboard flashing “WORLD RECORD PACE”
slow-motion replays on giant screens

One contestant emerges victorious.

He slowly stands while dramatic victory music plays. The arena explodes with applause. He raises the tiny grape stem high into the air like an Olympic trophy. Tears stream down his face. Fireworks erupt overhead. The crowd chants his name. Commentators scream as if witnessing the greatest moment in sports history.

Ultra cinematic, hyper realistic, absurd humor, dramatic sports movie lighting, intense facial expressions, shallow depth of field, high detail crowd reactions, epic scale, exaggerated seriousness over something completely ridiculous, premium movie still quality, dynamic camera angles, IMAX sports documentary aesthetic, dramatic slow motion energy."
renoise-2055390789295878179,Title: “Perfect Toast Every Morning” — 1950s Toaster Commercial,,真人,现实向,年代怀旧,,en,Seedance 2.0,,,renoise-ai/awesome-seedance-prompts,https://github.com/renoise-ai/awesome-seedance-prompts/blob/904b6caffa21c2b114bb93e1bd0e37ba80b3dd10/data/prompts/2055390789295878179.json,CC-BY-4.0,AI Tales - Not by Humans,https://x.com/AITalesNBH/status/2055390789295878179,True,prompts/真人/现实向/年代怀旧/renoise-2055390789295878179--Title-Perfect-Toast-Every-Morning-—-1950.md,"Title: “Perfect Toast Every Morning” — 1950s Toaster Commercial
Style: 1950s American television commercial, realistic cinematic retro aesthetic, soft pastel palette, polished chrome reflections, warm morning sunlight, Kodak film grain, authentic vintage kitchen, elegant smiling housewife, cheerful orchestral jingle, highly detailed food cinematography, smooth camera movement, professionally staged advertising shots, realistic hand motions, subtle retro typography overlays.

Duration: 15 seconds
Format: Seedance 2.0 optimized storyboard prompt with narration and timestamps.

⸻

Seedance 2.0 Prompt

[0:00–0:03] — INTRO / PRODUCT REVEAL
Wide shot of a pristine 1950s pastel kitchen. A beautiful elegant woman in a light-blue vintage dress walks toward a shiny chrome toaster on the counter. Morning sunlight streams through lace curtains. She smiles warmly at the camera.

Camera: smooth dolly-in toward toaster
On-screen text: “The New QuickToast Deluxe!”

Narration (classic enthusiastic 1950s announcer voice):
“Start your morning the modern way… with the all-new QuickToast Deluxe!”

⸻

[0:03–0:06] — STEP 1: INSERT BREAD
Close-up of perfectly manicured hands placing two slices of bread into the toaster slots. Chrome gleams beautifully.

Camera: cinematic macro shot, shallow depth of field
On-screen icon: STEP 1 — INSERT

Narration:
“Simply insert your bread…”

⸻

[0:06–0:09] — STEP 2: SELECT TOAST LEVEL
Close-up of the woman turning the browning dial from light to golden crisp. Retro click sound. Small glowing indicator lights up.

Camera: rotating close-up around chrome dial
On-screen icon: STEP 2 — SELECT

Narration:
“Choose your perfect golden shade with precision control!”

⸻

[0:09–0:12] — STEP 3: PERFECT TOAST POP-UP
Toast pops up beautifully in slow motion with warm steam rising. Butter melts onto crispy toast. The woman serves breakfast beside coffee and orange juice.

Camera: slow-motion hero shot of toast emerging
On-screen icon: STEP 3 — ENJOY

Narration:
“Perfect toast… crisp, delicious, every single time!”

⸻

[0:12–0:15] — ADVANTAGES / FINAL HERO SHOT
Elegant final composition: toaster centered on kitchen counter beside plated breakfast. The woman happily takes a bite while smiling at camera.

Floating retro text around toaster:
• FAST
• EASY
• CONSISTENT
• BEAUTIFULLY DESIGNED

Camera: slow cinematic pull-back with glowing pastel lighting

Narration:
“QuickToast Deluxe — bringing modern convenience to the American kitchen!”

End Frame Text:
“QUICKTOAST DELUXE ✨”
“Perfect Every Time.”"
renoise-2055452981785673925,Create a hyper-realistic 4K cinematic Monster Hunter-style action sequence…,,真人,特效向,动作大片,,en,Seedance 2.0,,,renoise-ai/awesome-seedance-prompts,https://github.com/renoise-ai/awesome-seedance-prompts/blob/904b6caffa21c2b114bb93e1bd0e37ba80b3dd10/data/prompts/2055452981785673925.json,CC-BY-4.0,Salt,https://x.com/XMonetizationC_/status/2055452981785673925,True,prompts/真人/特效向/动作大片/renoise-2055452981785673925--Create-a-hyper-realistic-4K-cinematic-Mo.md,"Create a hyper-realistic 4K cinematic Monster Hunter-style action sequence, ultra-detailed, dramatic lighting, volumetric dust, epic scale, cinematic color grading with warm golden hour haze and deep shadows, shot on IMAX, 24fps, flawless motion, perfect anatomy and physics. Duration exactly 15 seconds.

0–2s: Extreme close-up on a battle-hardened warrior’s bandaged right hand gripping a katana. The blade ignites with intense glowing orange-red energy that crackles and pulses. Camera slowly orbits the ornate guard as faint green sparks begin to flicker along the edge.

2–4s: Rapid cut to a high-speed clash — the glowing katana slams into the armored tail-club of a massive spiky monster, exploding in a brilliant green energy burst with flying debris, shockwave, and glowing green particles spraying everywhere. Dynamic camera whip-pan follows the impact.

4–6s: Tight close-up on the warrior’s face — East Asian features, long dark hair whipping in the wind, glowing crimson-red eyes burning with intensity, sweat and dirt on skin. The glowing sword passes in front of his face, reflecting green and orange light across his determined expression. Slow-motion intensity.

6–8s: Wide establishing shot in a vast dusty wasteland arena under stormy skies. The armored warrior lands in a low combat crouch, katana trailing bright red energy. Opposite him towers a colossal quadrupedal monster — dark scaly hide covered in massive spikes, glowing orange eyes, green energy dripping from its open maw. Dust swirls violently around both.

8–10s: Fast-paced action montage — warrior sprints forward, leaps, and unleashes a blazing sword combo. Red energy trails streak through the air as the monster roars and swings its spiked tail. Camera orbits dynamically, capturing dust clouds, sparks, and impacts in perfect 4K detail.

10–12s: Extreme close-up on the monster’s massive reptilian orange eye as the warrior’s glowing katana blade slices right across it, green energy cracking and sparking violently"
renoise-2055468716192915457,"A cinematic, high-detail shot of a futuristic female android scientist with…",,真人,特效向,科幻,,en,Seedance 2.0,,,renoise-ai/awesome-seedance-prompts,https://github.com/renoise-ai/awesome-seedance-prompts/blob/904b6caffa21c2b114bb93e1bd0e37ba80b3dd10/data/prompts/2055468716192915457.json,CC-BY-4.0,Calira,https://x.com/CaliraVal/status/2055468716192915457,True,"prompts/真人/特效向/科幻/renoise-2055468716192915457--A-cinematic,-high-detail-shot-of-a-futur.md","A cinematic, high-detail shot of a futuristic female android scientist with short, bobbed silver hair. She is wearing a sleek white and black mechanical bodysuit and glowing blue tech-goggles. In a laboratory filled with neon pink and blue lighting, she carefully holds a glass vial containing a swirling, luminescent blue liquid. The scene features a shallow depth of field, focusing on her precise movements and the glowing bubbles within the chemical solution. 8K resolution, cyberpunk aesthetic, hyper-realistic textures, and smooth mechanical motion."
renoise-2055469551819661813,主体参考： <<<image_1>>> 精准锁死牛仔机器人外观——皮夹克质感、红围巾、牛仔帽、枪套、亮蓝色笑脸LED。重点锁死电影级真实物理质感，杜绝CG感。,,真人,特效向,科幻,,en,Seedance 2.0,,,renoise-ai/awesome-seedance-prompts,https://github.com/renoise-ai/awesome-seedance-prompts/blob/904b6caffa21c2b114bb93e1bd0e37ba80b3dd10/data/prompts/2055469551819661813.json,CC-BY-4.0,Mr.Iancu,https://x.com/Iancu_ai/status/2055469551819661813,True,prompts/真人/特效向/科幻/renoise-2055469551819661813--主体参考-image_1-精准锁死牛仔机器人外观——皮夹克质感-红围巾-牛仔帽.md,"主体参考： <<<image_1>>> 精准锁死牛仔机器人外观——皮夹克质感、红围巾、牛仔帽、枪套、亮蓝色笑脸LED。重点锁死电影级真实物理质感，杜绝CG感。
场景： 末日废土城市，废弃破败的复古服装店。正午阳光穿透天花板巨大破洞，形成强烈丁达尔效应（耶稣光）。四周满地丧尸残骸与血迹。
音效： 无音乐。仅保留脚步声与远处丧尸嘶吼声。
风格核心： 电影级极度写实，杜绝游戏CG纹理。参考美剧《辐射》美学+皮克斯动画动作控制。60年代复古科幻原子朋克，复古青橙+海盐蓝高对比，胶片颗粒质感。丁达尔光束与昏暗环境形成极致光影反差，高光不过爆，暗部保留完整细节。
分镜一： 全景接中景，框架构图。机位架设店内由内向外拍摄，固定机位或极缓Dolly out。从店内昏暗视角向外望去，机器人正面对镜头从门外步履谨慎走入，跨过地上丧尸残骸，身形逐渐被店内阴影笼罩。
分镜二： 中景，居中构图，缓慢前推渲染神圣静谧氛围。废墟光柱下，一具完好的复古假人模特——金发、红色波点连衣裙、墨镜——丁达尔光在她身上形成极美轮廓光。
分镜三： 面部特写，固定机位。机器人呆愣3秒，随后用机械手拍打自己脸颊侧面，猛摇头。LED先闪过故障乱码雪花条纹，随后定格成两颗巨大闪烁的粉红色爱心图案。
分镜四： 带前景遮挡的中景，Focus Pull。以假人叉腰手臂空隙作为天然画框，焦点从前景模特手臂和波点裙局部缓慢转移至背景机器人，将末日黑色幽默与极致浪漫定格。"
renoise-2055471291105222906,Create a single cinematic storyboard poster for a 15-second 3D animated barber…,,漫剧,现实向,日常治愈,3D卡通,en,Seedance 2.0,,,renoise-ai/awesome-seedance-prompts,https://github.com/renoise-ai/awesome-seedance-prompts/blob/904b6caffa21c2b114bb93e1bd0e37ba80b3dd10/data/prompts/2055471291105222906.json,CC-BY-4.0,Stonic AI,https://x.com/Stonic_AI/status/2055471291105222906,True,prompts/漫剧/现实向/日常治愈/renoise-2055471291105222906--Create-a-single-cinematic-storyboard-pos.md,"Create a single cinematic storyboard poster for a 15-second 3D animated barber shop transformation video in ultra-realistic Pixar + Unreal Engine style, 8K HDR quality. The storyboard should be designed as one complete image containing multiple sequential panels/scenes with professional movie storyboard layout, golden-black luxury theme, cinematic typography, timecodes, and smooth visual flow.

Scene 1: Stylish young boy arrives outside a modern luxury barber shop at night, warm lights glowing, cinematic entrance shot, soft door bell sound.
Scene 2: Barber warmly welcomes him with handshake and smile inside premium salon, subtle ambient shop chatter and relaxing background music.
Scene 3: Boy sits on luxury barber chair while barber places cutting sheet around him, chair rotation sound and cloth movement sound.
Scene 4: Close-up cinematic scissors haircut with realistic hair strands and comb detailing, crisp scissor cutting ASMR sounds.
Scene 5: Trimmer fade cut with ultra-detailed machine work and smooth fade lines, realistic electric trimmer buzzing sound.
Scene 6: Shaving scene with foam, razor glide, relaxing facial expression, cinematic lighting, smooth shaving razor sound.
Scene 7: Slow-motion hair falling shots during stylish haircut process, soft cinematic whoosh effects.
Scene 8: Hair wash scene with shampoo foam, water splash effects, realistic sink reflections, relaxing water pouring and shampoo sounds.
Scene 9: Towel wipe relaxing moment with soft warm lighting, gentle towel rubbing sound.
Scene 10: Hair dryer styling with airflow animation and premium salon atmosphere, realistic hair dryer sound with cinematic bass music build-up.
Scene 11: Barber applies shiny hair gel and styles textured modern hairstyle, smooth hand styling sounds.
Scene 12: Boy checks final hairstyle in mirror confidently, stylish beat drop in background music.
Scene 13: Final transformation reveal handsome stylish look, cinematic portrait shot, glowing background lights, epic cinematic ending music, luxury commercial vibe.

The entire storyboard must look like a professional animated movie production sheet with realistic 3D characters, luxury barber shop environment, cinematic shadows, depth of field, ultra-detailed textures, smooth reflections, warm orange lighting, black-gold premium design aesthetic, modern typography labels, clean panel borders, blockbuster commercial quality, immersive sound design, realistic audio sync, cinematic background score, ASMR grooming sounds, professional film trailer atmosphere."
renoise-2055475006239355085,"[Global style: cinematic fantasy, dramatic volumetric god rays, ethereal…",,真人,特效向,奇幻怪兽,,en,Seedance 2.0,,,renoise-ai/awesome-seedance-prompts,https://github.com/renoise-ai/awesome-seedance-prompts/blob/904b6caffa21c2b114bb93e1bd0e37ba80b3dd10/data/prompts/2055475006239355085.json,CC-BY-4.0,Shira Wiggles,https://x.com/ImperfectEngel/status/2055475006239355085,True,"prompts/真人/特效向/奇幻怪兽/renoise-2055475006239355085--Global-style-cinematic-fantasy,-dramatic.md","[Global style: cinematic fantasy, dramatic volumetric god rays, ethereal particle effects, glowing energy, ultra-smooth fluid motion, strong face and character consistency, rich warm color grading, epic and majestic atmosphere]

Slow cinematic camera with subtle orbiting movements and gentle push-ins. A powerful middle-aged female shaman stands barefoot on the edge of a rocky mountain cliff at sunrise. She slowly raises her arms to the sky, then begins a fierce rhythmic invocation and chant — eyes closed at first in deep concentration, then opening with intense glowing golden energy in her irises. Her long flowing dark hair and layered cloak decorated with bones, feathers, and tribal patterns whip dramatically in the strong wind. She grips a tall wooden staff wrapped in glowing vines and crystals that pulses with warm light. Powerful emotional intensity, subtle body sways, expressive hand gestures channeling raw energy.

A majestic black wolf with glowing amber eyes emerges from the swirling mist at the base of the cliff, climbs up the rocks gracefully, and stands proudly beside her in perfect harmony. Dynamic multishot angles: dramatic low-angle hero shots, intimate close-ups on her expressive face and glowing hands, sweeping wide shots revealing the vast mountain range, orbiting camera moves. Golden sunrise light breaking through dramatic clouds, floating golden embers and magical sparks swirling in the air, highly detailed, emotional and epic."
renoise-2055512860265206003,Ultra-realistic cinematic 45-second horizontal video in surreal romantic horror…,,真人,特效向,超现实创意,,en,Seedance 2.0,link-only,hate,renoise-ai/awesome-seedance-prompts,https://github.com/renoise-ai/awesome-seedance-prompts/blob/904b6caffa21c2b114bb93e1bd0e37ba80b3dd10/data/prompts/2055512860265206003.json,CC-BY-4.0,Shami,https://x.com/ShamiWeb3/status/2055512860265206003,True,prompts/真人/特效向/超现实创意/renoise-2055512860265206003--Ultra-realistic-cinematic-45-second-hori.md,
renoise-2055515790628000001,Ultra-realistic cinematic 10-second video inside a massive football stadium…,,真人,现实向,运动,,en,Seedance 2.0,link-only,real-person,renoise-ai/awesome-seedance-prompts,https://github.com/renoise-ai/awesome-seedance-prompts/blob/904b6caffa21c2b114bb93e1bd0e37ba80b3dd10/data/prompts/2055515790628000001.json,CC-BY-4.0,Malika Ai,https://x.com/ch_h234/status/2055515790628000001,True,prompts/真人/现实向/运动/renoise-2055515790628000001--Ultra-realistic-cinematic-10-second-vide.md,
renoise-2055521413042196752,DURATION: 10 seconds,,真人,现实向,运动,,en,Seedance 2.0,,,renoise-ai/awesome-seedance-prompts,https://github.com/renoise-ai/awesome-seedance-prompts/blob/904b6caffa21c2b114bb93e1bd0e37ba80b3dd10/data/prompts/2055521413042196752.json,CC-BY-4.0,Harboris,https://x.com/harboriis/status/2055521413042196752,True,prompts/真人/现实向/运动/renoise-2055521413042196752--DURATION-10-seconds.md,"DURATION: 10 seconds

STYLE:
Ultra realistic cinematic FPV roller coaster skateboarding sequence, gritty urban realism, sunset golden hour lighting, grounded street skateboarding physics, hybrid one-continuous-shot illusion mixed with cinematic multi-shot editing, aggressive but readable camera movement, realistic inertia, intense momentum, cinematic motion blur, realistic rooftop textures, dusty urban atmosphere, IMAX-scale energy.

MAIN CHARACTER:
Adult male skateboarder. Realistic face, focused expression, grounded street skater appearance.

CAMERA LANGUAGE:
Hybrid FPV roller coaster and cinematic multi-shot filmmaking.
Combination of:

extreme FPV chase shots,

side tracking shots,

front tracking shots,

cinematic full-body hero shots,

low angle wheel shots,

close-up facial shots,

wide rooftop reveal shots.

The camera must constantly change perspective dynamically while maintaining flow continuity. Camera movement feels physical and heavy with realistic inertia, not weightless CGI.

ENVIRONMENT:
Dense realistic urban rooftops during sunset. Rooftop houses, taller buildings, antennas, water tanks, metal rooftops, narrow rooftop gaps, moving train passing between buildings. Dry weather, warm sunset glow, long cinematic shadows.

SEQUENCE:

0:00 - 0:01
Cold open.
Wide cinematic full-body shot from the front as the skateboarder bursts across rooftops at high speed during sunset. Hoodie flaps in the wind. The camera rapidly pulls backward while tracking the skater head-on. Intense rooftop parallax.

0:01 - 0:02
Hard whip pan transition into extreme FPV side tracking shot close to the skateboard wheels. Small ollie across a rooftop gap. Sparks briefly appear from a quick metal grind. Fast near miss with rooftop antennas.

0:02 - 0:03
Quick cinematic close-up of the skater’s face while moving at high speed. Focused expression, sunlight hitting the face, realistic wind movement on the hoodie. The background streaks with motion blur.

0:03 - 0:04
FPV roller coaster movement returns. The camera aggressively dives beside the skater while he rides across slanted rooftops and performs a subtle wall ride. Realistic balance corrections and wheel vibration.

0:04 - 0:05
Wide rooftop reveal shot.
The moving train suddenly appears between the buildings below. Full-body side tracking shot of the skater accelerating toward the rooftop edge.

0:05 - 0:07
EPIC SLOW MOTION CENTERPIECE.
Ultra cinematic multi-shot sequence.
The skateboarder launches from the rooftop toward the moving train.

Shot 1:
Full-body side profile in slow motion.

Shot 2:
Front close-up of the skater’s face mid-air, focused expression, hoodie and pants violently flapping in the wind.

Shot 3:
Wide cinematic orbit shot showing the skater floating above the moving train during sunset.

Shot 4:
Extreme close-up of spinning skateboard wheels.

Strong cinematic atmosphere, drifting dust particles, subtle camera shake, realistic motion blur, IMAX-scale feeling.

0:07 - 0:09
Hard impact back into realtime.
The skateboard lands heavily onto the moving train rooftop. Extreme FPV roller coaster energy resumes. Fast traversal across train cars, ducking obstacles, intense near misses with poles and rooftop structures, aggressive banking camera movement, rapid dives and pull-up recoveries.

0:09 - 0:10
Final cinematic ending.
The skateboarder jumps off the train and lands cleanly onto the street below.

The camera swings around into a frontal full-body tracking shot revealing the character’s face one final time while he rolls forward calmly into the sunset. The camera slowly stabilizes while maintaining subtle momentum and wheel vibration."
renoise-2055524773997011025,SUBJECTS:,,漫剧,特效向,科幻机甲,2D日漫,en,Seedance 2.0,,,renoise-ai/awesome-seedance-prompts,https://github.com/renoise-ai/awesome-seedance-prompts/blob/904b6caffa21c2b114bb93e1bd0e37ba80b3dd10/data/prompts/2055524773997011025.json,CC-BY-4.0,MD,https://x.com/mdmadeit/status/2055524773997011025,True,prompts/漫剧/特效向/科幻机甲/renoise-2055524773997011025--SUBJECTS.md,"SUBJECTS:
Fire Clan infiltrator inspired by Azuki aesthetics @ image1. Black oversized flight jacket with orange lining, tactical cargo pants, wrapped shinobi sandals, ignition bracer, oversized modified greatsword, wrist-mounted grappling cable launcher. Ember cracks and heat distortion appear during movement.

ENVIRONMENT:
Neo-futuristic vertical megacity mixing cyberpunk Tokyo and East-Asian architecture. Begins atop a suspended Fire Clan furnace tower surrounded by industrial shrines, neon kanji signs, elevated railways, ventilation pipes, holographic billboards, and hanging cables. Final section enters an abandoned thermal reactor connected to underground train tunnels.

CAMERA:
Single continuous cinematic shot with FPV openings, side tracking, low-angle hero shots, close-up facial push-ins, front-facing tracking shots, and over-shoulder perspectives. Camera frequently rotates around the character to reveal facial expressions, glowing eyes, and ember reflections. Heavy FOV distortion, motion blur, and lens warping throughout.

STYLE:
2.5D anime cinematic style, bold linework, halftone textures, painterly shadows, cel-shading, stepped-frame character animation, exaggerated speed smears, chromatic aberration, ember particles, manga-style impact frames, and graphic overlays.

COLOR LOGIC:
Black, charcoal gray, ember orange, crimson red, and selective cyan industrial lighting. Extreme heat moments trigger brief black-and-white inversions while preserving ember glow and sparks.

Timeline

0:00–0:03:
Close-up side profile of the character overlooking the city from the furnace tower. Ember light reflects across the face while alarms echo in the distance. Camera circles toward a front-facing close-up before the character suddenly drops backward into the abyss. FPV tracking follows closely as pipes and neon signs streak past.
SFX: alarm sirens + rushing wind

0:03–0:06:
Camera swings into a front-facing tracking shot during freefall. Character fires a grappling cable into a moving cargo drone carrying molten fuel cells. The sudden pull launches the body sideways through narrow industrial corridors while sparks explode from metal surfaces.
SFX: cable snap + metal scraping

0:06–0:09:
Low-angle shot beneath the character reveals the face illuminated by ember energy while approaching a giant rotating cooling fan. Character ignites the bracer and bursts directly through the spinning blades. Time briefly slows as shattered blades freeze midair with manga-style framing and ember distortion.
SFX: turbine rupture + ignition burst

0:09–0:12:
Inside the abandoned thermal reactor, camera tracks beside the character during a wall-run above speeding maglev trains. Electrical arcs illuminate the face during rapid turns and close passes. Camera briefly pushes into an intense eye close-up before pulling back wide.
SFX: reactor hum + electrical crackling

0:12–0:15:
Character lands onto a speeding train roof and drags the greatsword across the metal surface, generating a massive trail of sparks and fire. Camera rotates into a dramatic front-facing hero shot as the character rises while the reactor erupts behind them. Frame freezes into a manga-cover composition with halftone texture and bold Fire Clan typography.
SFX: heavy metal grind + distant explosion"
renoise-2055556081896829019,Create a 12-shot cinematic luxury fashion film in a pure white infinity studio…,,真人,现实向,时尚写真,,en,Seedance 2.0,,,renoise-ai/awesome-seedance-prompts,https://github.com/renoise-ai/awesome-seedance-prompts/blob/904b6caffa21c2b114bb93e1bd0e37ba80b3dd10/data/prompts/2055556081896829019.json,CC-BY-4.0,Sharon Riley,https://x.com/Just_sharon7/status/2055556081896829019,True,prompts/真人/现实向/时尚写真/renoise-2055556081896829019--Create-a-12-shot-cinematic-luxury-fashio.md,"Create a 12-shot cinematic luxury fashion film in a pure white infinity studio. The video MUST follow ALL 12 panels EXACTLY in order from 1 to 12 without skipping, combining ultra-realistic fashion editorial cinematography, luxury commercial aesthetics, warm cinematic tones, glossy baby pink metallic textures, dramatic studio lighting, reflective chrome highlights, soft haze, slow-motion elegance, and premium Vogue-style camera work.

**SHOT 1 — Panther Close-Up**
Ultra-realistic extreme close-up portrait of a majestic black panther staring directly into camera with piercing yellow-green eyes, dramatic high-contrast lighting, ultra-sharp black fur texture, white background, subtle breathing movement, cinematic macro lens.

**SHOT 2 — Chrome Logo Reveal**
Highly detailed 3D metallic chrome “CREATIFY” logo in elegant cursive script floating above reflective white surface, reflective baby pink and silver tones, soft studio shadows, slow cinematic rotation, luxury branding commercial style.

**SHOT 3 — Standing Model in Dress**
Full-body fashion editorial shot of beautiful blonde model wearing flowing floor-length baby pink metallic gown, standing gracefully on white seamless background, soft studio lighting, elegant pose, slow push-in camera movement.

**SHOT 4 — Model Walking With Panther**
Elegant model in shimmering baby pink metallic gown walking side-by-side with sleek black panther toward camera, graceful synchronized movement, flowing dress motion, white studio environment, luxury fashion cinematography.

**SHOT 5 — Liquid Metal Fabric**
Extreme macro close-up of luxurious liquid metallic baby pink fabric with glossy folds and reflective chrome-like texture, dramatic lighting, soft movement rippling across material, high-end fashion product commercial look.

**SHOT 6 — Luxury Handbag Reveal**
Luxury baby pink metallic handbag with sleek curved design displayed on transparent glass pedestal with perfect reflection underneath, minimalist white studio setting, slow rotating product shot, soft cinematic spotlight.

**SHOT 7 — Kneeling With Panther**
Stunning blonde model in baby pink metallic crop top and skirt kneeling beside large black panther, gently touching its face, intimate emotional connection, dramatic editorial lighting, white studio background.

**SHOT 8 — Flowing Hair & Fabric**
Dynamic fashion shot of model with long blonde hair dramatically flowing into waves of shiny baby pink metallic fabric, strong wind effect, fluid sculptural motion, high-fashion editorial cinematography.

**SHOT 9 — Jewelry Showcase**
Luxury baby pink metallic jewelry collection including thick rings, cuffs, and chain necklace arranged on reflective white surface, sparkling highlights, macro camera glide, premium luxury product-commercial aesthetic.

**SHOT 10 — Lying With Panther**
Beautiful model in shiny baby pink metallic outfit lying beside relaxed black panther on white seamless floor, both looking directly at camera, intimate luxury editorial atmosphere, soft dramatic shadows.

**SHOT 11 — Motion Walking With Panther**
High-fashion motion shot of model confidently walking with black panther, flowing baby pink metallic gown trailing behind, subtle motion blur on legs and fabric, dynamic runway energy, cinematic tracking shot.

**SHOT 12 — Final Hero Shot**
Elegant full-body composition of model in long baby pink metallic dress standing gracefully beside small black panther, both facing forward in minimal white studio setting, soft glowing light, final chrome “CREATIFY” logo appearing elegantly as ending frame."
renoise-2055586402687926753,Create a seamless 15-second photorealistic live-action cinematic comedy video.,,真人,现实向,喜剧整活,,en,Seedance 2.0,,,renoise-ai/awesome-seedance-prompts,https://github.com/renoise-ai/awesome-seedance-prompts/blob/904b6caffa21c2b114bb93e1bd0e37ba80b3dd10/data/prompts/2055586402687926753.json,CC-BY-4.0,ai.gezgini,https://x.com/ai_gezgini/status/2055586402687926753,True,prompts/真人/现实向/喜剧整活/renoise-2055586402687926753--Create-a-seamless-15-second-photorealist.md,"Create a seamless 15-second photorealistic live-action cinematic comedy video.

REFERENCE USAGE:

Image 1 = storyboard reference.
Use it only for shot order, pose flow, camera logic, pacing, and comedy timing.
Do NOT recreate the grid, borders, captions, numbers, or any text.

Image 2 = strict woman identity reference.
Keep the same real woman throughout: long straight black hair, bright blue eyes, fair skin, slim athletic body, delicate facial structure.
She wears the same black athletic sports bra / crop top and black leggings.

Image 3 = strict cat identity reference.
Keep the same real fluffy white long-haired cat with pale green eyes, pink nose, soft natural fur, cute but mischievous personality.
The cat must stay fully white and fluffy.

STYLE:
Photorealistic live-action look, real human, real cat, natural skin texture, realistic hair movement, realistic fur detail, cinematic commercial quality, warm cozy apartment, soft morning sunlight, natural body movement, subtle comedy, shallow depth of field, soft bokeh, realistic camera lens, no cartoon style, no 3D animation look, no illustration, no anime, no exaggerated facial features.

SETTING:
Bright cozy yoga room with wooden floor, large sunlit window, sheer curtains, plants, wall shelves, cat tree near the window, and a yoga mat.

ACTION FLOW:

0:00–0:02
The woman kneels and opens the yoga mat in one smooth motion. The mat rolls out perfectly. She smiles peacefully, relaxed and happy.

0:02–0:03.5
She begins yoga in a calm floor pose, focused and serene. Warm sunlight fills the room.

0:03.5–0:04.5
Cut to the cat near the window / cat tree. Close-up on the cat’s real eyes and face. It suddenly notices her and gives a subtle mischievous look.

0:04.5–0:06
The cat jumps down, runs toward her, and climbs onto her back while she is in a low yoga pose. She tries to stay calm, but her smile starts to break.

0:06–0:07.5
She moves into a downward dog / plank-like pose. The cat slips underneath her body.

0:07.5–0:09
Important shot:

Low floor-level camera from directly in front of the woman, very close to the ground. The cat is directly under her, lifting its head and looking up. The woman looks down at the cat. Their faces are very close, almost nose-to-nose. Focus on both natural facial expressions. The cat gently touches her face with its paw. She laughs and loses concentration.

0:09–0:10.5
She stands up and tries to reset. She moves into a one-leg balance pose / tree pose with hands together, trying to stay focused.

0:10.5–0:12.5
The cat walks around her standing foot, rubs against her ankle, and steps over her toes naturally.

0:12.5–0:14
She wobbles dramatically but realistically, arms swinging as she tries to keep balance. Then she falls softly onto the yoga mat in a funny, harmless way.

0:14–0:15
The cat climbs onto her back and lies down peacefully like it has won. The woman laughs, relaxes, and accepts defeat. End with a warm cozy shot of both resting together.

CAMERA:
Realistic cinematic camera movement, gentle handheld feel, natural close-ups, low floor-level cat POV moments, realistic reaction shots, no hard chaotic cuts.

IMPORTANT:
Photorealistic live-action only.
Real woman, real cat, real apartment.
Do not recreate the storyboard layout.
Make it one continuous realistic cinematic short, not a slideshow."
renoise-2055595226002297193,Create a 15-second photorealistic luxury beauty advertisement for “Moist Heist…,,其他,,广告带货,,en,Seedance 2.0,link-only,sexual,renoise-ai/awesome-seedance-prompts,https://github.com/renoise-ai/awesome-seedance-prompts/blob/904b6caffa21c2b114bb93e1bd0e37ba80b3dd10/data/prompts/2055595226002297193.json,CC-BY-4.0,Shami,https://x.com/ShamiWeb3/status/2055595226002297193,True,prompts/其他/广告带货/renoise-2055595226002297193--Create-a-15-second-photorealistic-luxury.md,
renoise-2055607858583293999,A nostalgic Japanese slice-of-life anime scene inspired by 1990s–early 2000s…,,漫剧,现实向,日常治愈,2D日漫,en,Seedance 2.0,,,renoise-ai/awesome-seedance-prompts,https://github.com/renoise-ai/awesome-seedance-prompts/blob/904b6caffa21c2b114bb93e1bd0e37ba80b3dd10/data/prompts/2055607858583293999.json,CC-BY-4.0,Fikkkfx,https://x.com/FikkkFX/status/2055607858583293999,True,prompts/漫剧/现实向/日常治愈/renoise-2055607858583293999--A-nostalgic-Japanese-slice-of-life-anime.md,"A nostalgic Japanese slice-of-life anime scene inspired by 1990s–early 2000s full-color TV anime. Traditional cel-animation aesthetic with hand-painted watercolor backgrounds, soft outlines, subtle film grain, slight color shifting, and gentle frame shakiness. Warm afternoon light on a quiet grass football field, with a pale blue sky and soft clouds visible at the edge of the frame. An old-fashioned neighborhood training ground, faded white line markings, a worn leather football, simple net goal post, and short summer grass.

The animation focuses only on feet, hands, and the ball — no faces or full bodies shown. Calm fixed shots, gentle close-ups, and slow natural pacing. Maintain consistent boot shapes, jersey sleeves, ball texture, and field layout throughout all scenes. Soft two-tone cel shading, delicate dust and grass animation, and carefully detailed fabric and leather textures.

Scenes include:

1. A boot slowly placing a worn leather football on the penalty spot, pressing it gently into the soft grass until it sits still.
2. Two hands pulling up long socks over shin guards with care, smoothing the fabric neatly before standing.
3. A foot dragging the ball sideways across the grass in a slow dribble, grass blades bending and a faint dust trail lifting behind.
4. A single boot winding back and striking the ball cleanly — a brief motion blur on the foot, the ball rolling forward across the frame.
5. Two hands quietly picking up the ball from the ground and holding it at the hip, then the camera rests on the empty grass where the ball was, wind moving gently through the blades.

Ambient sounds are soft and realistic: boot pressing into turf, fabric rustling on socks, dull leather thud on ball strike, faint wind across the field, distant goal post netting swaying.

The atmosphere is warm, quiet, intimate, and deeply nostalgic, like a peaceful after-school afternoon from an old Japanese school sports anime. No live-action, no 3D rendering, no modern VFX, and no dramatic sports-broadcast presentation. No watermark, no logo, no text overlay, no signature."
renoise-2055612582615027985,15-second cinematic action sequence set in a surreal antigravity flower meadow…,,真人,特效向,武侠打斗,,en,Seedance 2.0,link-only,copyrighted-character,renoise-ai/awesome-seedance-prompts,https://github.com/renoise-ai/awesome-seedance-prompts/blob/904b6caffa21c2b114bb93e1bd0e37ba80b3dd10/data/prompts/2055612582615027985.json,CC-BY-4.0,MO,https://x.com/MO_IAI/status/2055612582615027985,True,prompts/真人/特效向/武侠打斗/renoise-2055612582615027985--15-second-cinematic-action-sequence-set.md,
renoise-2055615337257693382,Use the attached MARCO VS THE HIGH BAR character sheet as visual reference…,,漫剧,现实向,剧情短片,3D卡通,en,Seedance 2.0,,,renoise-ai/awesome-seedance-prompts,https://github.com/renoise-ai/awesome-seedance-prompts/blob/904b6caffa21c2b114bb93e1bd0e37ba80b3dd10/data/prompts/2055615337257693382.json,CC-BY-4.0,TechieSA,https://x.com/TechieBySA/status/2055615337257693382,True,prompts/漫剧/现实向/剧情短片/renoise-2055615337257693382--Use-the-attached-MARCO-VS-THE-HIGH-BAR-c.md,"Use the attached MARCO VS THE HIGH BAR character sheet as visual reference. Marco is a Pixar 3D athletic young man, early 20s, lean gymnast build, short dark hair. White long sleeve gymnastics top with vivid red panel down the chest, vivid red trousers, white grip gloves, white shoes. White chalk dust on hands, forearms and shoulders every single shot — always vivid against the red uniform.
THE GYMNASIUM: Bright competition gymnasium. Polished wood floor. Bright overhead lighting. Crowd blurred in background. Judges table at far end. Single polished steel high bar on two upright supports with tension cables, 2.8 metres above the floor, white chalk marks on the surface. One location only.
THE CHALK: White chalk dust in every shot. Explodes at the chalk clap. Trails from grips every swing. Explodes from both hands at every release. Always white. Always vivid against red.
0:00–0:02 — Wide front shot. Marco beneath the bar, eyes fixed upward. Claps both gloves together — explosive white chalk cloud bursts outward. Exhales slowly. Steps toward the bar.
SOUND: Gymnasium ambience. Sharp chalk clap. Slow exhale. Low rhythmic music begins.
0:02–0:04 — Medium side shot. Marco grips the bar. Three giant swings building speed — body fully extended, perfect straight line, chalk trailing from gloves with every pass. Bar bending slightly under the force.
SOUND: Leather on steel. Rhythmic whoosh building with each swing. Music building.
0:04–0:06 — Close-up on grip gloves on the bar. Leather rotating smoothly. White chalk exploding off the gloves with every pass. Polished steel gleaming. Everything fast and rhythmic.
SOUND: Leather friction on steel. Chalk bursts. Music building.
0:06–0:08 — Wide tracking shot. Maximum speed. Both hands release — chalk exploding from both gloves. Body fully horizontal above the bar, arms wide, completely airborne. One full second with no contact. Hands reach back. Fingertips touch steel. Catch. Clean and controlled.
SOUND: Double snap of release. Body through air. Near silence at the peak. Double crack of the catch. Bar ringing. Crowd gasp. Music swelling.
0:08–0:10 — Close-up on Marco’s face. Eyes locked forward. Jaw set. Chalk dust on his cheekbone. Not effort — precision. He already knows what is coming.
SOUND: Steady controlled breathing. Crowd anticipation building. Music at its peak.
0:10–0:12 — Wide shot. Three rapid swings to maximum speed. Both hands release at the peak — body shoots fully horizontal above the bar, arms spread wide. Largest chalk cloud of the entire video explodes from both hands. Bar swings empty below. Marco completely airborne surrounded by chalk dust. Hero frame.
SOUND: Music cuts to silence at release. Double snap. Body through air. Bar ringing empty. Complete crowd silence. One held breath.
0:12–0:13 — Slow motion close-up. Hands descending toward the bar. Fingertips touching steel. Grips closing one finger at a time. Catch. Chalk dust floating in slow motion air.
SOUND: Catch sounds deep and stretched. Bar ringing. Crowd eruption beginning.
0:13–0:15 — Wide static shot. Marco swings down, full twisting somersault dismount, lands perfectly — both feet together, arms raise immediately. White chalk dust settling slowly around him. Crowd erupting. Marco completely still, arms raised, chalk floating down. Fade out.
SOUND: Release crack. Landing thud. One beat of silence. Crowd erupts. Music returns warm. Fade out.
Camera: wide front, medium side, close-up on gloves, wide tracking for release and regrasp, close-up on face, wide for hero release, slow motion close-up for catch, wide static for dismount. No cutaways.
Style: Pixar 3D. Bright vivid competition lighting — NO dark frames. Marco consistent every shot. Chalk dust present and dramatic every shot. Bar polished steel with chalk marks throughout. Crowd atmosphere in every wide shot. This is a real competition. Everything feels earned."
renoise-2055622749348085926,SUBJECTS:,,真人,现实向,剧情短片,,en,Seedance 2.0,,,renoise-ai/awesome-seedance-prompts,https://github.com/renoise-ai/awesome-seedance-prompts/blob/904b6caffa21c2b114bb93e1bd0e37ba80b3dd10/data/prompts/2055622749348085926.json,CC-BY-4.0,Latte,https://x.com/0xbisc/status/2055622749348085926,True,prompts/真人/现实向/剧情短片/renoise-2055622749348085926--SUBJECTS.md,"SUBJECTS:
Asian teenage boy, slim build, sharp eyes, calm and focused.
ENVIRONMENT:
Clean outdoor courtyard, stone pavement, natural lighting, clear light and shadow. A wooden dummy or training post is visible in the courtyard. The entire video remains in the same courtyard setting.
STYLE:
Digital painting feel. Large simplified color blocks, hard-edge brushwork, low-detail structure, heavy shadows, preserving hand-drawn texture.
No realistic 3D feel, no commercial CG advertisement feel, no polished realism.
SHOT 1:
Hard cut opening. Close shot, 35mm, steady close follow / The boy is already in continuous training state, both hands rapidly changing contact with the wooden dummy, right and left hands continuously alternating, natural short-distance footwork movement, front kick connected as supporting motion, body movement coordinated and stable, overall rhythm clean and precise / SFX: fabric friction, light footsteps tapping stone pavement, subtle wooden dummy impact sounds
SHOT 2:
Action match cut. Medium close shot, 50mm, lateral tracking shot / The boy continuously performs multiple hand technique variations, straight punches, slapping hands, elbow techniques, and leg techniques naturally combined, movements short and compact, maintaining continuous pressure and stable rhythm throughout, the wooden dummy produces natural interaction feedback / SFX: continuous strike sounds, air friction sounds, wooden dummy reverberation
SHOT 3:
Fast transition. Close-up, 35mm, slow orbit / Eyes remain calm and focused, hand techniques continuously changing, maintaining stable interaction with the wooden dummy, movement transitions natural and clear, every contact carrying clear motion feedback, overall maintaining restrained and stable training feeling / SFX: breathing, air movement sounds, light wooden dummy collision sounds
SHOT 4:
Action transition cut. Full-body medium shot, 28mm, steady push-in / The boy continuously performs turning movements, elbow strikes, straight punches, and coordinated leg techniques, movement rhythm stable and natural, footwork light and precise, body movement remains coordinated, the wooden dummy and surrounding environment subtly reacting with the movements / SFX: foot friction, elbow strike impacts, light bamboo leaf rustling
SHOT 5:
Silent cut-in. Extreme close-up, 50mm, slight handheld feel / Arms continuously shifting at close range, straight punch naturally exerting force at the moment of impact, sleeves moving with the action, the wooden dummy producing clear feedback, leg techniques and footwork maintaining natural connection, overall movement stable and fluid / SFX: brief silence followed by deep impact sound
SHOT 6:
Action transition. Medium shot, 35mm, mirror reflection cut back to front view / The boy continuously performs slapping hands, straight punches, palm strikes, and turning movements, transitions smooth and clear, the wooden dummy continuously producing interaction feedback, clothes and hair maintaining moderate dynamic movement, overall maintaining stable training rhythm / SFX: wooden dummy collisions, fabric friction, air movement sounds
SHOT 7:
Ending shot. Medium close shot, 50mm, slow push-in then stable hold / After completing the final movement, the boy slowly stops, dust, clothing corners, and bamboo leaves naturally settling back down, the wooden dummy lightly swaying, slowly raising his eyes toward the camera, one hand maintaining a Wing Chun starting stance, standing steadily at the center of the courtyard / SFX: one deep muffled impact followed by the return of natural ambient wind sounds"
renoise-2055629034663321759,"Create video from reference image storyboard 4 panel, follow exactly the…",,真人,现实向,时尚写真,,en,Seedance 2.0,link-only,sexual,renoise-ai/awesome-seedance-prompts,https://github.com/renoise-ai/awesome-seedance-prompts/blob/904b6caffa21c2b114bb93e1bd0e37ba80b3dd10/data/prompts/2055629034663321759.json,CC-BY-4.0,Apil,https://x.com/apilpirman/status/2055629034663321759,True,prompts/真人/现实向/时尚写真/renoise-2055629034663321759--Create-video-from-reference-image-storyb.md,
renoise-2055630209022329193,Create a 15-second ultra-realistic cinematic pizza commercial video inside a…,,其他,,广告带货,,en,Seedance 2.0,,,renoise-ai/awesome-seedance-prompts,https://github.com/renoise-ai/awesome-seedance-prompts/blob/904b6caffa21c2b114bb93e1bd0e37ba80b3dd10/data/prompts/2055630209022329193.json,CC-BY-4.0,Stonic AI,https://x.com/Stonic_AI/status/2055630209022329193,True,prompts/其他/广告带货/renoise-2055630209022329193--Create-a-15-second-ultra-realistic-cinem.md,"Create a 15-second ultra-realistic cinematic pizza commercial video inside a modern professional pizza kitchen and fast-paced city environment. Focus on premium food cinematography, dynamic camera movement, and realistic motion physics."
renoise-2055642908741730568,A fluffy orange cat confidently driving a massive futuristic cargo truck…,,其他,,广告带货,,en,Seedance 2.0,,,renoise-ai/awesome-seedance-prompts,https://github.com/renoise-ai/awesome-seedance-prompts/blob/904b6caffa21c2b114bb93e1bd0e37ba80b3dd10/data/prompts/2055642908741730568.json,CC-BY-4.0,BATMAN,https://x.com/T_a_j_a_m_u_l01/status/2055642908741730568,True,prompts/其他/广告带货/renoise-2055642908741730568--A-fluffy-orange-cat-confidently-driving.md,"A fluffy orange cat confidently driving a massive futuristic cargo truck through a neon-lit cyberpunk highway at night, cinematic low-angle shots of the truck speeding through rain-soaked streets, glowing headlights cutting through fog, dramatic tire smoke and sparks, hyper realistic fur details on the cat, paws gripping the steering wheel naturally, luxury truck interior with holographic dashboard screens, explosive energy drink crates flying in slow motion from the back trailer, dynamic motion blur, reflective wet roads, electric blue and purple neon lighting, volumetric fog, realistic suspension movement, cinematic shadows, intense speed atmosphere, ultra detailed environment, high-end commercial advertisement aesthetic, glossy reflections on truck body, dramatic studio-quality lighting, depth of field, high speed photography style, photorealistic, 8k, masterpiece quality."
renoise-2055649453189771296,"Cinematic 15-second epic medieval battle trailer, ultra-realistic 4K, dark…",,真人,特效向,动作大片,,en,Seedance 2.0,,,renoise-ai/awesome-seedance-prompts,https://github.com/renoise-ai/awesome-seedance-prompts/blob/904b6caffa21c2b114bb93e1bd0e37ba80b3dd10/data/prompts/2055649453189771296.json,CC-BY-4.0,Salt,https://x.com/XMonetizationC_/status/2055649453189771296,True,prompts/真人/特效向/动作大片/renoise-2055649453189771296--Cinematic-15-second-epic-medieval-battle.md,"Cinematic 15-second epic medieval battle trailer, ultra-realistic 4K, dark filmic color grading with desaturated blues and grays, heavy atmospheric fog, dramatic volumetric lighting, intense motion, gritty war movie aesthetic like Game of Thrones meets The Northman, professional Hollywood trailer quality.

Scene sequence (perfect timing):

0–3s: Extreme close-up low-angle on a fierce armored knight in full dark steel plate and chainmail, face contorted in a battle cry, mouth wide open, raising both arms high with gauntlets clenched. Rain and mud splatter across his helmet and armor. Slow dramatic zoom in, wind howling, overcast stormy sky.

3–6s: Dynamic medium tracking shot through chaotic battlefield. Two heavily armored knights clash violently in the foreground — one swings a massive sword, sparks fly on impact. Mud and debris explode around them. Distant army of mounted knights charging through thick fog, black banners whipping in the wind, fallen bodies scattered on the ground.

6–9s: Wide sweeping drone shot across the foggy battlefield. Hundreds of silhouetted warriors and horses storm forward in a massive charge. Tattered flags on tall poles flap wildly. Bodies lie in the muddy ground, rain pouring, epic scale with cinematic depth of field and subtle slow-motion on impacts.

9–12s: Intense close-up action sequence — a knight is violently thrown to the ground in slow motion, armor slamming into thick mud, massive splash of water and dirt flying everywhere. Handheld camera shake for raw intensity, debris and rain particles in air, another knight’s shield and sword flashing past in foreground.

12–15s: Powerful final hero shot. A lone armored knight rises and stands tall in the center of the battlefield, full body visible, sword planted in the mud, helmet visor down, imposing silhouette against the stormy sky and waving banners. Slow subtle upward tilt, wind dramatically blowing his cloak, final dramatic pause.

Overall mood: Gritty, intense, epic, visceral medieval warfare. Hyper-realistic details on wet"
renoise-2055651099961639404,"Ultra-cinematic fast-paced macro food commercial, 8-shot sequence, hyper-real…",,其他,,广告带货,,en,Seedance 2.0,,,renoise-ai/awesome-seedance-prompts,https://github.com/renoise-ai/awesome-seedance-prompts/blob/904b6caffa21c2b114bb93e1bd0e37ba80b3dd10/data/prompts/2055651099961639404.json,CC-BY-4.0,ANKIT PATEL 🇮🇳 | AI,https://x.com/Ankit_patel211/status/2055651099961639404,True,prompts/其他/广告带货/renoise-2055651099961639404--Ultra-cinematic-fast-paced-macro-food-co.md,"Ultra-cinematic fast-paced macro food commercial, 8-shot sequence, hyper-real strawberry slice texture study, premium studio environment, glossy moisture droplets, extreme macro cinematography, intense camera motion capture, luxury advertising aesthetic, deep black background, dramatic softbox lighting, red translucent strawberry flesh glowing under studio lights, ultra sharp HDR detail, cinematic motion blur, energetic editing rhythm, high-speed transitions, tactile wet texture realism.

SHOT 1 (0s–2s) Extreme macro side-angle of sliced strawberry edge, camera rapidly slides left-to-right across glossy seeds and juice surface, aggressive parallax motion, dramatic rim light reflections, ultra shallow DOF, high-speed commercial camera movement.

SHOT 2 (2s–4s) Top-down macro slice texture, fast rotational orbit camera around strawberry center fibers, moisture glistening under moving studio light, cinematic focus pull from foreground pulp to background seeds.

SHOT 3 (4s–5.5s) Low-angle macro push-in shot through translucent strawberry flesh, internal fibers glowing red from backlight, high-speed dolly motion, droplets sparkling with dynamic reflections.

SHOT 4 (5.5s–7s) Diagonal cinematic close-up of juicy strawberry cut surface, fast handheld motion capture style, energetic micro shake, realistic liquid shine, shallow depth macro lens, glossy edge highlights.

SHOT 5 (7s–9s) Extreme close texture sweep across strawberry seeds and wet skin surface, ultra-fast tracking movement, cinematic macro probe lens aesthetic, dramatic contrast lighting, tactile organic texture detail.

SHOT 6 (9s–10.5s) Macro cross-section shot, camera dives into strawberry center cavity with smooth FPV-style motion, glowing translucent pulp fibers, cinematic studio spotlight sweeping across frame.

SHOT 7 (10.5s–12.5s) Tilted Dutch-angle macro shot of sliced strawberry edge, rapid focus breathing transitions, moisture droplets falling in slow motion, dynamic side-light reflections, intense commercial energy.

SHOT 8 (12.5s–15s) Final hero shot montage, ultra-fast sequence of all strawberry textures flashing rhythmically in sync with cinematic motion blur, rapid zoom transitions, glossy studio reflections, ending on frozen ultra-macro strawberry slice with dramatic black background and glowing red highlights, luxury food commercial finish."
renoise-2055686859473531036,"Sushi Chef: adult, wearing traditional sushi uniform With Logo YOUR AI GIRL…",,其他,,动态图形与界面,,en,Seedance 2.0,,,renoise-ai/awesome-seedance-prompts,https://github.com/renoise-ai/awesome-seedance-prompts/blob/904b6caffa21c2b114bb93e1bd0e37ba80b3dd10/data/prompts/2055686859473531036.json,CC-BY-4.0,Your AI Girl,https://x.com/youraigirl24/status/2055686859473531036,True,"prompts/其他/动态图形与界面/renoise-2055686859473531036--Sushi-Chef-adult,-wearing-traditional-su.md","Sushi Chef: adult, wearing traditional sushi uniform With Logo YOUR AI GIRL, positioned behind the counter, using a long sushi knife to chase with controlled precision that turns frantic (character reference @ image1)"
renoise-2055696807942852763,15-second animated magical storybook sequence.,,漫剧,特效向,奇幻冒险,绘画风,en,Seedance 2.0,,,renoise-ai/awesome-seedance-prompts,https://github.com/renoise-ai/awesome-seedance-prompts/blob/904b6caffa21c2b114bb93e1bd0e37ba80b3dd10/data/prompts/2055696807942852763.json,CC-BY-4.0,OscarAI,https://x.com/Artedeingenio/status/2055696807942852763,True,prompts/漫剧/特效向/奇幻冒险/renoise-2055696807942852763--15-second-animated-magical-storybook-seq.md,"15-second animated magical storybook sequence.
The uploaded illustrations appear as pages inside a beautifully handcrafted oversized children’s book resting on a wooden table.

The camera slowly moves across the open book while pages turn naturally from right to left.
Each illustration becomes a living animated scene for a few seconds before transitioning to the next page.

The animation feels warm, cinematic and dreamlike, like a classic illustrated fairy tale coming to life.

0–3s:
Close-up of a textured storybook cover opening slowly.
Soft dust particles float in warm sunlight.
The first page reveals the colorful bird standing on the mossy stone.
Flowers sway gently.
The bird blinks and tilts its head curiously.

3–5s:
A page turns naturally.
The girl and white fox illustration appears.
Grass moves softly in the wind.
The flower floats slightly between them.
The fox breathes gently and the girl’s hair moves in the breeze.

5–7s:
Another page turn.
The giant black cat illustration fills the screen.
The cat slowly blinks.
Its tail curls lazily.
The girl on its back swings her legs slightly while colorful plants sway around them.

7–9s:
Page transition with visible paper texture.
The giraffe scene appears.
Clouds drift slowly.
The girl adjusts her hat.
Tall grass bends softly under the sunlight.

9–11s:
Another page flips.
The white forest creature appears in the moonlit fantasy forest.
The glowing plants pulse softly.
The moon emits gentle ambient light.
The creature’s fur moves slightly as if touched by wind.

11–13s:
Page turns again.
The little girl and the giant green serpent appear in the jungle.
Leaves sway dramatically.
The serpent blinks slowly and lowers its head affectionately toward the girl.

13–15s:
The camera pulls back.
Several illustrated pages rapidly flip by like memories from a fairy tale.
The book slowly closes.
Soft glowing particles drift around it.
Final frame feels cozy, magical and nostalgic.

Style:
- preserve original illustration style exactly
- painterly children’s book aesthetic
- soft textured brushwork
- whimsical fantasy atmosphere
- visible watercolor and paper grain
- no realism
- no CGI look
- no morphing between illustrations

Camera:
slow cinematic movements
macro lens feeling
gentle depth of field
smooth page-turn transitions

Audio:
soft orchestral fairytale music
gentle piano and celesta
paper page turning sounds
subtle ambient forest atmosphere
no dialogue
no singing"
renoise-2055697800604586234,Cinematic time-lapse inside a vast empty Gothic cathedral at night. Towering…,,其他,,风景空镜,,en,Seedance 2.0,,,renoise-ai/awesome-seedance-prompts,https://github.com/renoise-ai/awesome-seedance-prompts/blob/904b6caffa21c2b114bb93e1bd0e37ba80b3dd10/data/prompts/2055697800604586234.json,CC-BY-4.0,.RW🦦,https://x.com/pacyuzu/status/2055697800604586234,True,prompts/其他/风景空镜/renoise-2055697800604586234--Cinematic-time-lapse-inside-a-vast-empty.md,"Cinematic time-lapse inside a vast empty Gothic cathedral at night. Towering stone arches disappear into darkness above. Moonlight filters faintly through massive stained-glass windows, casting dim colored patterns across ancient marble floors. Dust drifts slowly through the cold air. The entire cathedral is silent except for the soft crackle of a single candle burning at the center of the enormous space.

The camera remains locked in one elegant, symmetrical composition facing the candle from a distance, emphasizing the scale and loneliness of the cathedral around it. The atmosphere feels sacred, eternal, melancholic, and slightly supernatural.

Time begins accelerating.

Hours compress into seconds.

The candle flame flickers as night shifts into dawn and back into darkness repeatedly. Faint changing light moves through the stained glass windows. Shadows crawl across pillars and pews. The tiny candle slowly melts down while the cathedral remains perfectly still and indifferent.

Extreme macro details:

wax slowly dripping down the sides
tiny rivers of melted wax pooling beneath
flame dancing in slow motion
smoke trails curling upward
wick blackening and shrinking
reflections of the flame flickering across polished stone floors

As the candle shortens, the music swells with quiet emotional intensity. The cathedral feels ancient and alive. Dust particles move like stars in the darkness.

Eventually the flame weakens.

The final moments are stretched dramatically:

flicker
dim
flicker again
one last glow

Then total darkness.

Silence.

The screen remains black for a long beat.

From the cooling pool of melted wax, something begins to move.

Very slowly, impossibly, a brand-new candle starts emerging upward from the wax itself, perfectly smooth and untouched. The motion is subtle and almost organic, like rebirth or resurrection. The wax reshapes itself with unnatural precision.

No flame.

No sound.

Just the new candle standing upright where the old one died.

Perfect. Unburned. Waiting.

A faint beam of moonlight finally breaks through the stained glass and lands directly on the new candle as the camera slowly pushes in.

Cut to black.

Ultra cinematic, poetic visual storytelling, Tarkovsky-inspired atmosphere, sacred architecture, haunting stillness, photorealistic candle physics, emotional time-lapse photography, deep shadows, volumetric moonlight, spiritual symbolism, themes of death and rebirth, minimalist surrealism, cathedral ambience, slow contemplative pacing, high-detail wax textures, elegant composition, quiet existential beauty, premium art film aesthetic."
renoise-2055713667308536095,"Use @Image1 as the primary character reference, @Image2 as the creature…",,真人,特效向,奇幻怪兽,,en,Seedance 2.0,,,renoise-ai/awesome-seedance-prompts,https://github.com/renoise-ai/awesome-seedance-prompts/blob/904b6caffa21c2b114bb93e1bd0e37ba80b3dd10/data/prompts/2055713667308536095.json,CC-BY-4.0,LudovicCreator,https://x.com/LudovicCreator/status/2055713667308536095,True,prompts/真人/特效向/奇幻怪兽/renoise-2055713667308536095--Use-Image1-as-the-primary-character-refe.md,"Use @Image1 as the primary character reference, @Image2 as the creature reference, and @Image3 as the environment and atmosphere reference.

15-second cinematic arctic horror sequence, ultra realistic survival atmosphere. Night blizzard over a frozen abandoned research outpost buried in snow and black ice. Eira Voss slowly walks across the frozen surface with a flare light in one hand, heavy snow whipping across her face and jacket. Her breathing is visible in the freezing air. The camera tracks beside her in a slow handheld cinematic movement with subtle lens vibration from the wind.

In the distance, massive shapes move through the snowstorm near the ruined communication towers. Eira stops. The red emergency lights from the station flicker across the ice and reflect in her eyes. A deep rumbling growl echoes through the blizzard.

From the darkness, the Skelvar emerges slowly through the snow fog, enormous skeletal wolf-deer predator with frozen crystal antlers glowing faint blue. Ice particles fall from its body as it steps onto the black ice. Its exposed frozen ribs and glowing eyes become visible through the storm. Snow and frost swirl violently around the creature from the force of its movement.

The camera slowly pushes toward Eira’s terrified face, then shifts focus behind her as the creature lowers its head and charges across the ice with explosive speed. Snow erupts under its claws, black ice cracks beneath the impact. Eira turns and runs toward the research outpost entrance while emergency lights flash through the whiteout storm.

High-end cinematic realism, volumetric snow simulation, dynamic wind interaction, physically accurate ice reflections, intense atmosphere, grounded movement physics, realistic creature weight, horror tension, frozen particles, cinematic blue-gray lighting, ultra detailed textures, survival horror tone, seamless continuity, no cuts."
renoise-2055716838848274650,Use the provided 8-panel storyboard sheet @[storyboard ref] as the direct…,,漫剧,特效向,战斗大招,3D卡通,en,Seedance 2.0,,,renoise-ai/awesome-seedance-prompts,https://github.com/renoise-ai/awesome-seedance-prompts/blob/904b6caffa21c2b114bb93e1bd0e37ba80b3dd10/data/prompts/2055716838848274650.json,CC-BY-4.0,Okan Can,https://x.com/0kncn/status/2055716838848274650,True,prompts/漫剧/特效向/战斗大招/renoise-2055716838848274650--Use-the-provided-8-panel-storyboard-shee.md,"Use the provided 8-panel storyboard sheet @[storyboard ref] as the direct sequential visual keyframe reference for the entire 15-second video. Follow the exact 8-beat progression and pacing structure from the storyboard. Preserve the original choreography flow, visual rhythm, readable action direction, comedic escalation, and exaggerated motion continuity while expanding the movement with smooth connected animation between storyboard poses.

same elderly retired superhero throughout all shots, same two robbers throughout all shots, same cozy neighborhood grocery market environment consistency every shot. STYLE: Disney-inspired 3D animated feature film style, warm colorful family-adventure look, charming expressive faces, soft cinematic lighting, polished animation, bold silhouettes, dynamic motion clarity, smooth squash-and-stretch animation, high contrast lighting, stylized motion smears, comic-book energy, cinematic pacing, high readability action staging.

IMPORTANT: The blue arrows, red framing boxes, handwritten notes, panel borders, numbers, and storyboard markings are only production-board guides. Do not render any arrows, text, numbers, labels, borders, guide boxes, or storyboard annotations in the final video. Only animate the actual characters, environment, props, and action shown in the panels.

CHARACTER DESIGN RULES: The elderly hero has white hair, round glasses, kind expressive eyes, thick eyebrows, cardigan, shirt, trousers, comfortable shoes, and a wooden-looking cane that secretly transforms into a glowing high-tech weapon. Keep the same face, body proportions, clothes, cane design, and gentle old-man posture in every shot. The robbers remain the same two clumsy masked criminals throughout the sequence, expressive and comedic, not realistic or frightening.

CONSISTENCY RULES: Keep the market layout, fruit stands, aisles, checkout counter, lighting direction, background shoppers, and warm color palette consistent across every shot. Maintain exact storyboard continuity and shot order. No random new characters, no costume changes, no location changes, no visible storyboard graphics.

PHYSICS RULES: cloth inertia on the hero’s cardigan and robber clothing, hair reacting to motion, cane transformation with controlled blue glow, small sparks on impact, props bouncing with squash-and-stretch timing, believable object weight, smooth connected transitions, no stop motion, no slow motion, no freeze frame.

[00:00 – 00:01.8] SHOT 1 — Peaceful Arrival
The elderly retired hero slowly walks toward the Greenway Market entrance with a shopping bag in one hand and his cane in the other. The city background is calm and sunny, giving a warm everyday feeling before the chaos begins.
Camera: IMAX-style wide shot with gentle aerial pull-back.
Dialogue: none.

[00:01.8 – 00:03.4] SHOT 2 — Ordinary Shopper
Inside the grocery store, the old man peacefully examines a red apple at the fruit stand. Shoppers move around him casually, unaware of who he used to be. His cane taps softly on the floor.
Camera: medium shot with handheld natural lag.
Dialogue: Elderly Hero: “Hmm… still got an eye for the good ones.”

[00:03.4 – 00:05.2] SHOT 3 — Robbery Begins
Two clumsy robbers burst into the market near the checkout counter. Customers panic, duck behind aisles, and the cashier freezes. The robbers act loud and overconfident, creating comedic chaos.
Camera: low-angle cinematic framing with aggressive handheld energy.
Dialogue: Robber 1: “Everybody stay exactly where you are!”

[00:05.2 – 00:06.8] SHOT 4 — The Calm Turn
The elderly hero slowly turns his head toward the chaos, completely calm. His glasses catch the store light. Everyone around him looks worried, but he gives a tiny knowing smile.
Camera: long-lens close-up with slow dolly-in.
Dialogue: Elderly Hero: “Well… that’s inconvenient.”

[00:06.8 – 00:08.2] SHOT 5 — Cane Awakens
Close-up on his hand gripping the cane handle. He presses a hidden trigger. The wooden cane opens with smooth mechanical parts, revealing a glowing blue high-tech core. Tiny sparks flicker, but no storyboard arrows or labels appear.
Camera: macro insert shot, static focus on detail.
Dialogue: none.

[00:08.2 – 00:10.3] SHOT 6 — One Perfect Move
The old hero steps forward slowly but with perfect control. With one elegant cane sweep, he trips the first robber and knocks the robber’s weapon away. The movement is clean, funny, and heroic, with stylized motion smears and small impact sparks.
Camera: aggressive tracking shot following the cane movement.
Dialogue: Robber 1: “Wait—how is he that fast?!”

[00:10.3 – 00:12.6] SHOT 7 — Tactical Finish
The second robber tries to run through the aisle. From an overhead view, the hero calmly extends the glowing cane, redirecting a rolling basket to block the robber’s path. The robber tumbles safely into soft grocery bags, comedic but harmless.
Camera: overhead top-down tactical composition with smooth tracking.
Dialogue: Elderly Hero: “Careful. Fresh produce is slippery.”

[00:12.6 – 00:15.0] FINAL SHOT — Legend Continues Shopping
The market is safe. Customers stare in shock and admiration. The old hero’s cane folds back into a normal wooden cane. He smiles gently, picks up his shopping bag, and casually continues toward the checkout like nothing happened.
Camera: warm wide shot with gentle pull-back.
Dialogue: Child Shopper: “Are you a superhero?”
Dialogue: Elderly Hero: “Retired… mostly.”

Natural fade to black.

GLOBAL: maintain exact storyboard continuity, same character proportions every shot, same lighting direction every shot, cloth inertia, hair reacting to acceleration and movement, strong readable silhouettes, smooth connected transitions, high readability action posing, fast pacing locked exactly to storyboard progression, no visible arrows, no visible guide boxes, no handwritten notes, no panel numbers, no captions, no subtitles, no logos, no text on screen, no stop motion, no slow motion, no freeze frame."
renoise-2055718861425496432,15 second cinematic stop-motion inspired animated short. Handcrafted tactile…,,漫剧,现实向,剧情短片,粘土定格,en,Seedance 2.0,link-only,copyrighted-character,renoise-ai/awesome-seedance-prompts,https://github.com/renoise-ai/awesome-seedance-prompts/blob/904b6caffa21c2b114bb93e1bd0e37ba80b3dd10/data/prompts/2055718861425496432.json,CC-BY-4.0,Soul Motion labs,https://x.com/Soulmotionlabs/status/2055718861425496432,True,prompts/漫剧/现实向/剧情短片/renoise-2055718861425496432--15-second-cinematic-stop-motion-inspired.md,
renoise-2055832098435629466,Ultra-cinematic luxury skincare commercial for TAPNOW Hydra Beauty Micro Gel…,,其他,,广告带货,,en,Seedance 2.0,link-only,sexual,renoise-ai/awesome-seedance-prompts,https://github.com/renoise-ai/awesome-seedance-prompts/blob/904b6caffa21c2b114bb93e1bd0e37ba80b3dd10/data/prompts/2055832098435629466.json,CC-BY-4.0,Shami,https://x.com/ShamiWeb3/status/2055832098435629466,True,prompts/其他/广告带货/renoise-2055832098435629466--Ultra-cinematic-luxury-skincare-commerci.md,
