id,title,title_en,medium,direction,genre,art_style,language,model,access,audit_reason,source_repo,source_url,license,original_author,original_post_url,third_party_author,path,prompt
renoise-2082794036067246419,A Pixar-style storyboard sheet arranged in 10 clean cinematic panels for AI…,,漫剧,现实向,日常治愈,3D卡通,en,Seedance 2.0,,,renoise-ai/awesome-seedance-prompts,https://github.com/renoise-ai/awesome-seedance-prompts/blob/904b6caffa21c2b114bb93e1bd0e37ba80b3dd10/data/prompts/2082794036067246419.json,CC-BY-4.0,LAPTOP LIFESTYLE BLOGGER,https://x.com/MonetizationDon/status/2082794036067246419,True,prompts/漫剧/现实向/日常治愈/renoise-2082794036067246419--A-Pixar-style-storyboard-sheet-arranged.md,"A Pixar-style storyboard sheet arranged in 10 clean cinematic panels for AI video generation with Seedance. Bright, emotional 3D animation, expressive characters, warm cinematic lighting, consistent character design throughout, storyboard frames include camera angles, actions, dialogue, and Seedance animation instructions.

TITLE: 'Grandma Was Right'

PANEL 1 – HOME MORNING
Wide establishing shot of a small cozy countryside home at sunrise. Warm golden sunlight enters through wooden windows. An elderly grandmother with gray hair in a bun, floral dress, and apron prepares breakfast while her grandson sits at an old computer desk looking discouraged. Camera: Wide establishing shot, slow push-in.
Instruction: Soft morning lighting, floating dust particles, subtle camera dolly.
Dialogue:
Grandma: ""Aren't you going to work today?""

PANEL 2 – THE CONVERSATION
Medium close-up. The grandson leans back in his chair staring at unfinished creative projects and rejection emails on his computer monitor. He sighs.
Camera: Over-the-shoulder from behind grandma.
Dialogue:
Grandson: ""What for, Grandma? It's not working.""
Instruction: Facial emotion focus, slow zoom.

PANEL 3 – GRANDMA'S ENCOURAGEMENT
Close-up. Grandma gently places her hand on his shoulder and smiles confidently.
Camera: Tight emotional close-up.
Dialogue:
Grandma: ""Keep trying, my boy. One day... it will.""
Instruction: Warm rim light, emotional pause, shallow depth of field.

PANEL 4 – THE GRIND MONTAGE
Multiple mini-scenes within one storyboard panel: grandson editing videos, designing, drinking coffee late at night, receiving rejection emails, uploading content, calendar pages flipping, rain changing to sunshine.
Camera: Fast montage with whip transitions.
Instruction: Time-lapse, speed ramps, clock spinning, changing daylight.
On-screen text: ""Days Later... Weeks Later...""

PANEL 5 – BREAKTHROUGH
Close-up of computer monitor. Bright notification appears.
'$5,000 Payment Received.'
Grandson's eyes widen in disbelief.
Camera: Push-in toward monitor then rack focus to his face.
Instruction: Screen glow illuminates his face.

PANEL 6 – GRANDMA'S REACTION
Grandson turns around excitedly. Grandma smiles proudly without surprise.
Camera: Medium shot.
Dialogue:
Grandson: ""Grandma! I did it!""
Grandma smiles knowingly.
Instruction: Emotional eye contact.

PANEL 7 – SUCCESS MONTAGE
Storyboard montage showing more client notifications, increasing income, happier workspace, upgraded computer, productive workflow.
Camera: Dynamic montage.
Instruction: Fast cuts, smooth transitions.
On-screen text: ""A Few Months Later""

PANEL 8 – BUYING THE CAR
Beautiful red modern sedan at a dealership. Grandson receives the keys while smiling proudly.
Camera: Low-angle hero shot.
Instruction: Lens flare, cinematic reveal.

PANEL 9 – COMING HOME
Golden hour. The grandson drives the new red car into the family driveway. Grandma steps outside in surprise.
Camera: Drone-like wide shot transitioning to medium shot.
Instruction: Warm sunset, cinematic pull-back.

PANEL 10 – THE GIFT
The grandson hugs his grandmother and hands her a beautifully wrapped gift. She opens it to reveal an elegant gold necklace engraved 'Thank You For Believing In Me.' Tears fill her eyes as they embrace.
Camera: Emotional close-up then wide cinematic ending.
Dialogue:
Grandson: ""You were right, Grandma.""
Grandma hugs him.
On-screen text: ""Success belongs to those who never stop trying.""
Instruction: Slow cinematic pull-back, glowing sunset, emotional ending, Pixar-quality animation, highly expressive faces, Seedance-ready storyboard, clean storyboard layout with handwritten production notes beneath each frame."
renoise-2082797052250173486,Use the uploaded reference image as the exact character reference. Preserve her…,,其他,,广告带货,,en,Seedance 2.0,,,renoise-ai/awesome-seedance-prompts,https://github.com/renoise-ai/awesome-seedance-prompts/blob/904b6caffa21c2b114bb93e1bd0e37ba80b3dd10/data/prompts/2082797052250173486.json,CC-BY-4.0,Smiling Khan,https://x.com/AIwithkhan/status/2082797052250173486,True,prompts/其他/广告带货/renoise-2082797052250173486--Use-the-uploaded-reference-image-as-the.md,"Use the uploaded reference image as the exact character reference. Preserve her facial identity, grey eyes, hairstyle, skin tone, makeup, body proportions, and overall appearance consistently throughout every shot. Keep the same white graphic fitted T-shirt, replacing the lower outfit with a stylish white pleated mini skirt, while maintaining realistic hand anatomy and perfect facial consistency.

Create an ultra-realistic premium ice cream commercial with a luxurious summer lifestyle aesthetic. Set the film inside an elegant artisan gelato café with marble counters, pastel interiors, glass display cases, warm golden sunlight, soft bokeh, cinematic colour grading, realistic reflections, and premium commercial lighting. Transition naturally to charming European-style streets lined with cafés and flowers during golden hour.

The commercial opens with a cinematic beauty close-up as she smiles warmly at the camera while holding a premium waffle cone filled with strawberry and vanilla ice cream. She slowly rotates the cone, revealing its creamy texture and colorful toppings.

Transition into an extreme macro sequence as rainbow sprinkles gently fall onto the ice cream, followed by a rich stream of glossy chocolate sauce cascading over the scoops. Capture luxurious close-ups of melting ice cream, crunchy toppings, fresh strawberry pieces, and the crisp waffle cone with highly detailed textures.

She slowly lifts the cone toward her lips, takes a satisfying bite, then smiles naturally while enjoying the creamy flavour. The camera captures her genuine expression and the melting ice cream in beautiful cinematic detail.

The scene transitions outdoors where she strolls through a charming European-style street, holding the ice cream while warm sunlight illuminates her face. She looks back over her shoulder, smiles confidently, and continues walking past cafés and flower-lined sidewalks as her hair gently moves in the breeze.

The commercial concludes with an elegant hero shot outside the gelato café. She holds the ice cream beside her face, maintains eye contact with the camera, smiles softly, and says, ""Life is sweeter with every bite."" The camera slowly pushes in, highlighting the luxurious ice cream and her radiant expression before fading out.

Style: Premium food commercial, luxury lifestyle aesthetic, cinematic storytelling, realistic melting textures, macro food cinematography, elegant natural expressions, smooth handheld and gimbal movements, shallow depth of field, soft bokeh, commercial-grade lighting, photorealistic, ultra-detailed.

Negative Prompt: No text, no subtitles, no logos, no watermarks, no duplicate people, no distorted hands, no unrealistic facial features, no AI artifacts, no cartoon style, no exaggerated expressions, no extra fingers, no flickering, no oversaturated colours, no low-resolution textures."
renoise-2082798969499832514,游泳姿态美学展示（Swimming Strokes Showcase），电影感写真质感（16:9 Cinematic…,,真人,现实向,时尚写真,,zh,Seedance 2.0,,,renoise-ai/awesome-seedance-prompts,https://github.com/renoise-ai/awesome-seedance-prompts/blob/904b6caffa21c2b114bb93e1bd0e37ba80b3dd10/data/prompts/2082798969499832514.json,CC-BY-4.0,John,https://x.com/johnAGI168/status/2082798969499832514,True,"prompts/真人/现实向/时尚写真/renoise-2082798969499832514--游泳姿态美学展示-Swimming-Strokes-Showcase-,电影感写.md","游泳姿态美学展示（Swimming Strokes Showcase），电影感写真质感（16:9 Cinematic, Photorealistic），高速摄影升格（Super Slow-mo），阳光泳池通透水蓝影调，长发水中飘动的唯美运动风"
renoise-2082803828483871134,Use the attached reference image for the character. Maintain the exact same…,,真人,特效向,动作大片,,en,Seedance 2.0,link-only,copyrighted-character,renoise-ai/awesome-seedance-prompts,https://github.com/renoise-ai/awesome-seedance-prompts/blob/904b6caffa21c2b114bb93e1bd0e37ba80b3dd10/data/prompts/2082803828483871134.json,CC-BY-4.0,Poonam Soni,https://x.com/CodeByPoonam/status/2082803828483871134,True,prompts/真人/特效向/动作大片/renoise-2082803828483871134--Use-the-attached-reference-image-for-the.md,
renoise-2082835339820097539,背景音乐节奏与滑板/滑雪动作速度完全匹配，背景音乐音量低于实景音效，不掩盖滑板与滑雪音效…,,漫剧,现实向,剧情短片,2D日漫,zh,Seedance 2.0,,,renoise-ai/awesome-seedance-prompts,https://github.com/renoise-ai/awesome-seedance-prompts/blob/904b6caffa21c2b114bb93e1bd0e37ba80b3dd10/data/prompts/2082835339820097539.json,CC-BY-4.0,李岳,https://x.com/liyue_ai/status/2082835339820097539,True,"prompts/漫剧/现实向/剧情短片/renoise-2082835339820097539--背景音乐节奏与滑板-滑雪动作速度完全匹配,背景音乐音量低于实景音效,不掩盖滑板与.md","背景音乐节奏与滑板/滑雪动作速度完全匹配，背景音乐音量低于实景音效，不掩盖滑板与滑雪音效 第一人称滑板后仰视视角，超广角强透视，镜头微晃模拟跟滑体感，一镜到底无切镜、无转场、无断切，人物动作标准流畅，无动作畸变，无多余360度转身，人体结构正常 。

春季：二次元COS小姐姐，穿春季轻薄运动衣，低速入弯快速提速，豚跳压弯，路边嫩绿草木鲜花，海面波光，车轮轻微残影 。

春转夏：小姐姐做出高难度豚跳，瞬间慢镜头，镜头缓慢环绕人物一圈，服装自然渐变夏季短袖，场景顺滑变为盛夏浓绿，季节过渡柔和无突变 。

夏季：二次元COS小姐姐高速S弯滑行，内转180豚跳加脚尖翻板，动作干净标准，强动态模糊与速度线 。

夏转秋：小姐姐做出高难度空中转体，瞬间慢镜头，镜头缓慢环绕人物一圈，服装自然渐变秋季长袖外套，场景渐变秋日枫树林，天空飘金黄落叶，过渡自然无突变 。

秋季：二次元COS小姐姐简短高速滑行衔接，落叶飞舞，画面简洁流畅，动作标准无畸变 。

秋转冬：小姐姐做出高难度腾空动作，瞬间慢镜头，镜头缓慢环绕人物一圈，服装自然渐变冬季专业滑雪服，滑板顺滑变为滑雪板，场景渐变冬日雪山雪景，天空飘雪，地面变为雪道，无突变无畸变 。

冬季：时长大幅加长，二次元COS小姐姐在雪道流畅高速滑行，连续流畅转弯，姿态帅气舒展，雪雾飞扬，雪景大气开阔，无多余旋转、无360转身、无动作畸变；滑行一段后，最后做出一个超帅强力滑雪刹车定格动作，身体重心压低，背影帅气，滑雪板在雪地划出清晰帅气刹车痕迹，以雪山雪景完美收尾 。

音效：滑板滚动、豚跳、摩擦声，自然过渡为滑雪板滑行声、雪地制动声，风声随速度变化；全程一镜到底，季节过渡柔和连贯，动作稳定不畸变，无多余旋转 二次元画风，精致五官，高清画质，光影自然，动作稳定不崩坏"
renoise-2082845564157456509,真人走在黑白线稿环境里 ，20岁年轻东亚漂亮女性，穿着夏季休闲服装，白色包包，手里拿着一杯奶茶，走在线稿环境里，手持镜头跟拍，环绕到她前面，她走向镜头，挥手致意…,,真人,现实向,时尚写真,,zh,Seedance 2.0,,,renoise-ai/awesome-seedance-prompts,https://github.com/renoise-ai/awesome-seedance-prompts/blob/904b6caffa21c2b114bb93e1bd0e37ba80b3dd10/data/prompts/2082845564157456509.json,CC-BY-4.0,PixelAIGC,https://x.com/PixelAigc/status/2082845564157456509,True,"prompts/真人/现实向/时尚写真/renoise-2082845564157456509--真人走在黑白线稿环境里-,20岁年轻东亚漂亮女性,穿着夏季休闲服装,白色包包,手.md",真人走在黑白线稿环境里 ，20岁年轻东亚漂亮女性，穿着夏季休闲服装，白色包包，手里拿着一杯奶茶，走在线稿环境里，手持镜头跟拍，环绕到她前面，她走向镜头，挥手致意，保持人物主体真人，从头到尾保持背景黑白线稿风格不变，9:16。
renoise-2082847077273420184,3D character illustration:,,漫剧,特效向,特效综合,3D卡通,en,Seedance 2.0,,,renoise-ai/awesome-seedance-prompts,https://github.com/renoise-ai/awesome-seedance-prompts/blob/904b6caffa21c2b114bb93e1bd0e37ba80b3dd10/data/prompts/2082847077273420184.json,CC-BY-4.0,hedoήist,https://x.com/hedo_ist/status/2082847077273420184,True,prompts/漫剧/特效向/特效综合/renoise-2082847077273420184--3D-character-illustration.md,"3D character illustration:
A young person skating at high speed along a California seaside promenade in summer, with tall palm trees; fast motion blur.

3D character illustration:
A young person skating at high speed along a California seaside promenade in summer, with tall palm trees. Fast motion blur.

The character jumps over cars while performing skateboard tricks, drifts sharply around corners, jumps over an ice cream stand while grabbing an ice cream at high speed, and leaps over a barking dog and a police officer on horseback who unsuccessfully tries to catch them.

High-octane action scene."
renoise-2082857838096126237,"Frozen fjord at dawn, mist over icy cliffs. A raider fleet of three longships…",,真人,特效向,动作大片,,en,Seedance 2.0,link-only,copyrighted-character,renoise-ai/awesome-seedance-prompts,https://github.com/renoise-ai/awesome-seedance-prompts/blob/904b6caffa21c2b114bb93e1bd0e37ba80b3dd10/data/prompts/2082857838096126237.json,CC-BY-4.0,𝐌,https://x.com/Strength04_X/status/2082857838096126237,True,"prompts/真人/特效向/动作大片/renoise-2082857838096126237--Frozen-fjord-at-dawn,-mist-over-icy-clif.md",
renoise-2082858589287575685,"A high-quality, cinematic travel montage featuring a handsome young Caucasian…",,真人,现实向,生活与vlog,,en,Seedance 2.0,,,renoise-ai/awesome-seedance-prompts,https://github.com/renoise-ai/awesome-seedance-prompts/blob/904b6caffa21c2b114bb93e1bd0e37ba80b3dd10/data/prompts/2082858589287575685.json,CC-BY-4.0,Zyrella,https://x.com/Zyrellix/status/2082858589287575685,True,"prompts/真人/现实向/生活与vlog/renoise-2082858589287575685--A-high-quality,-cinematic-travel-montage.md","A high-quality, cinematic travel montage featuring a handsome young Caucasian man with light brown hair, dressed in a light blue linen button-down shirt, white chinos, and white sneakers. The video seamlessly transitions across vibrant European destinations: exiting a grand classical building, walking through a colorful cobblestone flower market in a selfie-style tracking shot, sipping espresso at a sunny outdoor sidewalk café, riding a bicycle along a lush riverside path, looking up at the Milan Cathedral (Duomo), hiking along high rolling green mountain ridges, and ending with him standing on a rocky peak with arms outstretched facing a golden hour sunset over the horizon. Dynamic camera movements, rich natural lighting, photorealistic 8k, cinematic travel vlog style."
renoise-2082862750653469147,"Cinematic anime short film clip, 15 seconds. Underground dance battle venue…",,漫剧,特效向,战斗大招,2D日漫,en,Seedance 2.0,,,renoise-ai/awesome-seedance-prompts,https://github.com/renoise-ai/awesome-seedance-prompts/blob/904b6caffa21c2b114bb93e1bd0e37ba80b3dd10/data/prompts/2082862750653469147.json,CC-BY-4.0,TechieSA,https://x.com/TechieBySA/status/2082862750653469147,True,"prompts/漫剧/特效向/战斗大招/renoise-2082862750653469147--Cinematic-anime-short-film-clip,-15-seco.md","Cinematic anime short film clip, 15 seconds. Underground dance battle venue, large circular LED dance floor glowing with vibrant shifting colors — electric blue hot pink purple green red — tiles lighting up and changing constantly, thick smoke haze catching dramatic strobe lights from above, crowd visible only as dark silhouettes surrounding the glowing floor.

CHARACTER: Young male breakdancer, light brown skin, sharp angular face, short dark hair with fade, bright confident eyes, slim athletic build, late teens. Loose white oversized tee, baggy red cargo pants, white sneakers, gold chain, white wristbands.

AUDIO: Heavy hip hop beat loud from frame one never stopping, every move synced to the beat, crowd reactions audible throughout, always dominant.

VIDEO: Starts mid action frame one. Different camera angle every cut. Every move completely different from the last. Floor color changes with every move.

[0:00-0:02] Already mid windmill — body spinning on glowing floor, legs in air, tiles lighting up red and blue beneath him. Low angle looking up. Cut to overhead looking down at him spinning, crowd silhouettes surrounding him.

[0:02-0:03] Jumps to feet — immediate headspin, legs spread wide, floor changing to green and purple. Side profile. Close up face spinning.

[0:03-0:04] Airflare — hands on floor, legs swinging horizontally, body completely horizontal, floor hot pink beneath him. Low angle looking up at legs against the lights.

[0:04-0:05] Thomas flare — legs together, body arching, floor electric blue. Wide shot. Overhead looking down.

[0:05-0:06] Jackhammer — entire body balanced on one hand horizontal, floor exploding purple beneath that single hand. Extreme close up of hand on glowing floor.

[0:06-0:07] Lightning fast footwork, feet blurring, floor tiles lighting up with every step. Close up feet on glowing tiles. Side profile upper body bouncing.

[0:07-0:08] 1990 — spinning on one hand, entire body rotating balanced above the floor, colors going crazy beneath him. Low angle looking up.

[0:08-0:09] Deadman — flat face down then explosively launching into air with no hands, pure core strength. Wide shot. Crowd erupting.

[0:09-0:10] Smooth top rock footwork, floor pulsing colors with the beat. Close up calm confident face. Gold chain catching colored light.

[0:10-0:11] Halos — spinning on head legs pointing perfectly straight up, completely vertical, floor exploding every color beneath him. Overhead looking straight down.

[0:11-0:12] Three consecutive flares faster than anything before, legs blurring, crowd going insane, floor red then blue then white. Low angle — overhead — side profile rapid succession.

[0:12-0:15] HERO MOMENT. Launches into the air — spins — perfect split landing sliding across the glowing floor — floor explodes every color simultaneously — crowd erupts — strobe lights blasting — he looks up directly into the camera from the split, completely calm, gold chain hanging — cut to black. One final beat hit in darkness.

Cinematic cel-shaded 3D anime, semi-realistic CGI, hand-painted textures, Unreal Engine quality, vibrant LED floor as primary light source, smoke and strobe atmosphere, digital painting feel, hard-edge brushwork, heavy shadows, not cartoon not Disney not Pixar, film grain, premium anime quality, hip hop beat and crowd sounds dominant throughout"
renoise-2082868756326363315,"High-quality 3D animated cartoon, stylized modern family-animation film",,漫剧,现实向,剧情短片,3D卡通,en,Seedance 2.0,,,renoise-ai/awesome-seedance-prompts,https://github.com/renoise-ai/awesome-seedance-prompts/blob/904b6caffa21c2b114bb93e1bd0e37ba80b3dd10/data/prompts/2082868756326363315.json,CC-BY-4.0,Jay Nwabueze,https://x.com/jaynwabueze/status/2082868756326363315,True,"prompts/漫剧/现实向/剧情短片/renoise-2082868756326363315--High-quality-3D-animated-cartoon,-styliz.md","High-quality 3D animated cartoon, stylized modern family-animation film
look, oversized heads, big expressive eyes, exaggerated proportions,
smooth rounded clay-like 3D surfaces, subsurface scattering skin, vibrant
lighting. NOT realistic, NOT live action.
A young man, oversized zip hoodie, jeans, sneakers, headphones around his
neck, jogs down a wide indoor staircase, holding a coffee cup, relaxed and
confident, taking the steps two at a time.
0–4s: medium tracking shot alongside him as he descends, bouncing down the
steps with easy rhythm, nodding slightly to music, completely on autopilot.
4–7s: low angle on his feet hitting each step in steady rhythm, slow
push-in as the rhythm builds, tense war-drum percussion rising underneath.
7–9s: he reaches the bottom, but his foot swings out for one more step
that isn't there. Whip-cut to a wide shot as his whole body lurches
forward violently, arms flailing, coffee cup flying from his hand, eyes
bulging enormous, mouth open in a silent yell.
9–12s: slow motion as he staggers three chaotic steps forward fighting for
balance, torso pitched far ahead of his feet, coffee suspended mid-air
around him in a slow arc, one hand grabbing at nothing.
12–15s: snap back to real time as he catches himself, freezing bolt
upright in a stiff, absurdly composed pose, coffee cup landing with a soft
splat beside him. He slowly straightens his hoodie and glances around to
check if anyone saw, holding the frozen dignity.
Camera: tracking shot down the stairs, low push-in on the stepping rhythm,
whip-cut to wide on the lurch, slow-motion follow through the stagger,
static wide hold on the recovery pose.
AUDIO: steady footsteps in rhythm, tense war-drum percussion building with
each step, a single huge dramatic drum hit on the phantom step, then dead
silence during the slow-motion stagger with only a small strangled yelp,
a soft splat as the coffee lands, then one lone awkward triangle ding as
he composes himself.
Vibrant saturated colors, bright clean indoor daylight, smooth stylized
3D character design, family animation aesthetic, no text, no watermark,
16:9.
FORBIDDEN: no named studio or franchise references, no readable text or
logos, no realistic or live-action rendering, no design drift, no actual
fall or injury; he recovers his balance."
renoise-2082926707871244566,The frame begins completely black and empty.,,其他,,风景空镜,,en,Seedance 2.0,,,renoise-ai/awesome-seedance-prompts,https://github.com/renoise-ai/awesome-seedance-prompts/blob/904b6caffa21c2b114bb93e1bd0e37ba80b3dd10/data/prompts/2082926707871244566.json,CC-BY-4.0,Monique Pryce,https://x.com/second_bassoon/status/2082926707871244566,True,prompts/其他/风景空镜/renoise-2082926707871244566--The-frame-begins-completely-black-and-em.md,"The frame begins completely black and empty.

FIRST 70 PERCENT OF THE SHOT — THE WRITING
Ink brushstrokes appear and grow across the frame, drawing the lettering into existence stroke by stroke, left to right, as if written by an invisible calligraphy brush. Each stroke starts at one end and extends rapidly to the other, the ink spreading outward along the path of the stroke with dry bristle texture trailing behind it. The letters build in reading order, one after another, never all at once, never fading in.

Throughout this entire writing phase, the enclosed interior of the letter G contains a tiger eye that is completely closed. Its lids are shut tight, forming a thin dark seam that is solid black and indistinguishable from the background. No amber, no orange, no gold, and no color of any kind is visible anywhere in the frame during the writing. The inside of the G reads as empty black.

FINAL 30 PERCENT OF THE SHOT — THE UNDERLINE AND THE EYE, SIMULTANEOUSLY
Only once every letter is complete and the lettering is holding still do the final two events begin, and they begin at the same moment.

A single long horizontal brushstroke sweeps rapidly left to right beneath the lettering, extending in one continuous confident motion and tapering to a fine dry point at its right end.

At that same instant, the closed tiger eye inside the G opens. Its lids part vertically from the thin dark seam, the aperture widening upward and downward until the amber-gold iris and its black vertical slit pupil fill the entire interior of the G, edge to edge, meeting the brush strokes on every side. The eye opens quickly and settles. This is the first and only moment any color appears in the shot.

THROUGHOUT
The lettering never moves, never drifts, never changes shape or position once drawn. Letters only extend and complete — they never warp, morph, wobble, or reshape themselves. The camera is completely locked and static. No camera movement of any kind, no zoom, no push, no drift, no shake.

No visible hand, no visible brush, no arm, no person. No ink splatter, no drips, no smoke, no particles. No fade-in, no dissolve, no glow, no light rays. The background stays solid pure black and completely empty for the entire shot.

NEGATIVE
The eye must not be open, visible, or colored at any point during the writing phase. No amber, orange, or gold anywhere in the frame until the underline begins. The eye does not fade in, brighten, or grow — it opens by parting its lids. The eye never appears before the lettering is finished."
renoise-2082935724102545594,Create a 2*4 storyboard for the product in the image 1,,真人,现实向,剧情短片,,en,Seedance 2.0,,,renoise-ai/awesome-seedance-prompts,https://github.com/renoise-ai/awesome-seedance-prompts/blob/904b6caffa21c2b114bb93e1bd0e37ba80b3dd10/data/prompts/2082935724102545594.json,CC-BY-4.0,Hakan KadirOglu,https://x.com/Hakankadir_oglu/status/2082935724102545594,True,prompts/真人/现实向/剧情短片/renoise-2082935724102545594--Create-a-2-4-storyboard-for-the-product.md,"Create a 2*4 storyboard for the product in the image 1
In the frame 2 of story board, add  a generous splash of  pistachio, nuts and caramles to the mixture of the chocolate and Milk, in the f 3 show the bar and pour a syrup of chocolate"
renoise-2082966611863212060,手持拍摄，动作自然，微微抖动，无文字，无音乐，保留现场音效，中间的人说：“当年如果有豆包，咱们三个就不会悬空穿帮了！”旁白二人点头附和，图片是AI生成，没有真人…,,真人,现实向,生活与vlog,,zh,Seedance 2.0,,,renoise-ai/awesome-seedance-prompts,https://github.com/renoise-ai/awesome-seedance-prompts/blob/904b6caffa21c2b114bb93e1bd0e37ba80b3dd10/data/prompts/2082966611863212060.json,CC-BY-4.0,PixelAIGC,https://x.com/PixelAigc/status/2082966611863212060,True,"prompts/真人/现实向/生活与vlog/renoise-2082966611863212060--手持拍摄,动作自然,微微抖动,无文字,无音乐,保留现场音效,中间的人说-当年如果.md",手持拍摄，动作自然，微微抖动，无文字，无音乐，保留现场音效，中间的人说：“当年如果有豆包，咱们三个就不会悬空穿帮了！”旁白二人点头附和，图片是AI生成，没有真人，1:1。
renoise-2082993851002741235,"Soft beauty commercial, feminine aesthetic, pastel pink theme, luxury skincare…",,其他,,广告带货,,en,Seedance 2.0,,,renoise-ai/awesome-seedance-prompts,https://github.com/renoise-ai/awesome-seedance-prompts/blob/904b6caffa21c2b114bb93e1bd0e37ba80b3dd10/data/prompts/2082993851002741235.json,CC-BY-4.0,Hania Ai,https://x.com/HaniaAi12/status/2082993851002741235,True,"prompts/其他/广告带货/renoise-2082993851002741235--Soft-beauty-commercial,-feminine-aesthet.md","Soft beauty commercial, feminine aesthetic, pastel pink theme, luxury skincare ad, overhead flat-lay shots, natural daylight, smooth camera movements, macro close-ups, ultra-realistic, 4K, 9:16 vertical, shallow depth of field, clean white and gray background with fluffy fur, pink flowers, pearl mini handbag, cherry charm.

Scene 1 (0:00–0:02)

A gray Glad2Glow shipping pouch is placed on a soft gray fabric with a white fur rug. Two feminine hands gently hold the package before opening it. Slow overhead shot, natural lighting.

Scene 2 (0:02–0:04)

The hands pull out a pastel pink Glad2Glow Lip Serum box from the pouch. Slow cinematic reveal with smooth camera movement. Focus on the elegant packaging.

Scene 3 (0:04–0:06)

Close-up beauty shot of the pink Glad2Glow Lip Serum tube rotating slowly in hand. Cherry charm gently swings beside the product. Macro lens, glossy reflections, luxury cosmetic advertisement look.

Scene 4 (0:06–0:08)

The cap is twisted open to reveal the cooling metal applicator. Camera slowly pushes in while the applicator catches the light, highlighting its premium finish.

Scene 5 (0:08–0:11)

The serum is smoothly applied onto the back of the hand. Transparent glossy texture spreads evenly, creating a hydrated shine. Extreme macro shot emphasizing lightweight, non-sticky texture.

Scene 6 (0:11–0:13)

Split-screen comparison showing lips Before and After application. The ""After"" lips appear shinier, smoother, fuller, and naturally plump with a healthy glow.

Scene 7 (0:13–0:15)

Final hero shot of the Glad2Glow Lip Serum standing upright beside the pearl mini handbag and cherry charm. Soft light sparkles across the tube while the camera slowly zooms in. End with the text:

""Worth it for Daily Lip Care 💗""
""Hydrated • Glossy • Plump Lips""

Negative Prompt: blurry, low quality, watermark, logo, text artifacts, extra fingers, deformed hands, duplicate products, flickering, noisy image, poor lighting, oversaturated colors, shaky camera, distorted packaging, low resolution."
renoise-2082995529932505233,アップロード画像1枚だけを、人物・衣装・背景の唯一の参照として使う。顔立ち、髪、体型、年齢感、衣装、靴、アクセサリー、背景、光、空気感を最後まで維持する。フォト…,,真人,现实向,音乐MV,,ja,Seedance 2.0,,,renoise-ai/awesome-seedance-prompts,https://github.com/renoise-ai/awesome-seedance-prompts/blob/904b6caffa21c2b114bb93e1bd0e37ba80b3dd10/data/prompts/2082995529932505233.json,CC-BY-4.0,Keiji,https://x.com/Keiji1653050/status/2082995529932505233,True,prompts/真人/现实向/音乐MV/renoise-2082995529932505233--アップロード画像1枚だけを-人物・衣装・背景の唯一の参照として使う-顔立ち-髪.md,"アップロード画像1枚だけを、人物・衣装・背景の唯一の参照として使う。顔立ち、髪、体型、年齢感、衣装、靴、アクセサリー、背景、光、空気感を最後まで維持する。フォトリアル、縦9:16、10秒、成人、SFW。

約130BPMのオリジナル・ハードロックBGMを入れる。歪んだエレキギターのメインリフ、厚いベース、力強いドラム、クラッシュ、短いタムフィル、鋭いギターアクセントを使う。既存曲の模倣はしない。各ポーズ切替の約2秒、4秒、6秒、8秒で、スネア、クラッシュ、ギターヒットを強く同期させる。補助効果音として、空気を切るスワイプ音、低い衝撃音、インクを裂くようなワイプ音、金属的アクセントを少量加えてよい。

動画はダンスではなくポージング動画。約2秒ごとに5種類の劇画的で誇張されたジョジョ立ち風ポーズを決める。各ポーズは短く鋭い動作で入り、完成後は一瞬しっかり静止する。静止中、人物は姿勢を保持したまま、カメラだけが人物の周囲を大胆な円弧で旋回する本格的なバレットタイムを行う。背景の建物や道路が大きく動いて見え、強い視差が出るようにする。小さな手持ち風の揺れにはしない。ポーズ切替は、フラッシュ、衝撃フレーム、集中線、インクワイプ、短いモーションブラー、擬音文字で鋭くつなぐ。

【0.0〜2.0秒：ポーズ1】
両脚を肩幅より広く開き、両膝を少し内側へ向ける。顔前に手を置く側へ、重心・骨盤・肩線を少し流す。顔前の腕は上腕を体側に沿わせて脇を閉じ、肘を肋骨横の低い位置で折りたたむ。肩から腕全体を上げず、前腕だけを顔前へ上げる。カメラに見えるのは手の甲と指の背側だけ。手の内側の面は自分の顔側へ向け、五本の指を開く。反対腕は肩から斜め後方へ長く伸ばし、身体の前・真横・下方へ出さない。重心と肩線は顔前の手の側へ、低い肘と反対腕は逆方向へ働かせ、全身に左右反対の張力を作る。顔と視線はカメラ正面。完成後、強いバレットタイム。低く重い擬音、細い集中線、立体文字を加える。

【2.0〜4.0秒：ポーズ2】
スネアとクラッシュで切替。片脚を支持脚にし、反対脚を少し前へ。骨盤を支持脚側へ流し、胸郭を反対方向へ引き上げ、胴体を細長く湾曲させる。両腕を頭上へ上げ、頭の後ろで非対称に交差。一方の肘を高く、もう一方を少し前へ。首を長く保ち、顔はカメラへ。完成後、強いバレットタイム。斜めの太いスピードラインと別種の擬音文字を加える。

【4.0〜6.0秒：ポーズ3】
重いドラムヒットとギターアタックで切替。片腕をカメラへ強く突き出し、人差し指でレンズを真っすぐ指す。指先を画面で最も手前かつ最大にし、指先へフォーカス。顔と上半身は奥へ引いて見える極端な遠近法。突き出す肩を前へ、反対肩を後ろへ引き、胸郭・背骨・骨盤を強くねじる。反対腕は腰付近か身体の後方。視線はカメラ。開いた手にはしない。完成後、遠近感を保ちながら背景を大きく旋回させる。巨大な擬音、集中線、インク飛沫、金属的衝撃音を加える。

【6.0〜8.0秒：ポーズ4】
音楽アクセントで鋭く切替。両足を揃えて真横向きに立ち、骨盤を少し前へ、胸郭と肩を少し後方へ戻す。骨盤前面をカメラ側へ約15度、上体をさらに約15度開く。両腕を胸前で交差し、近い側の腕を下に通し、前腕を垂直に上げ、人差し指だけを真上へ。遠い側の腕を上に重ね、その手を近い側の肘付近へ置き、人差し指と小指だけを水平に伸ばす。顔はカメラ正面、視線はレンズより少し上。完成後、強いバレットタイム。縦横の集中線、立体擬音、幾何学的グラフィックを加える。

【8.0〜10.0秒：ポーズ5】
強いアクセントで最後のポーズへ。片脚を支持脚にし、反対脚を斜め前へ軽く開く。骨盤を支持脚側へ押し出し、胸郭を反対前方へ回す。一方の上腕を肩の高さで真横へ大きく張り、前腕を胸元へ折り返して鎖骨付近の衣装を握る。反対肘も外へ張り、手を骨盤前方の低い位置へ置いて衣装を握る。左右の肘と高低差のある両手で上半身にジグザグを作る。顔と視線はカメラ正面。8.8秒まで背景を大きく旋回。8.8秒で旋回を止め、正面固定から顔へクラッシュズーム。顔を少し上げ、決め顔から軽く力を抜いた表情へ変える。カメラ側から短い風を吹かせ、髪を後方へ柔らかくなびかせる。最後は重いパワーコードと短い残響で締める。

各ポーズに異なる擬音、集中線、ハーフトーン、インク飛沫、立体文字、閃光を加える。人物・衣装・背景を途中で変えない。余分な人物・手足・指を出さない。普通のダンス、一般的なモデル立ち、弱いカメラ移動、性的な強調、既存キャラクター・衣装・ロゴ・楽曲の直接再現は禁止。"
renoise-2082999454857355465,CLAP — 15 SEC,,真人,特效向,恐怖灵异,,ko,Seedance 2.0,,,renoise-ai/awesome-seedance-prompts,https://github.com/renoise-ai/awesome-seedance-prompts/blob/904b6caffa21c2b114bb93e1bd0e37ba80b3dd10/data/prompts/2082999454857355465.json,CC-BY-4.0,MagicAI,https://x.com/magic_ai_skill/status/2082999454857355465,True,prompts/真人/特效向/恐怖灵异/renoise-2082999454857355465--CLAP-—-15-SEC.md,"CLAP — 15 SEC

No reference images. An original horror short in 1970s American haunted-house style. Do not reproduce any existing film, title, logo, actor or poster.

Look: real footage, not AI-generated. 35mm, shallow depth of field, visible film grain, true skin texture with pores and fine lines, low-key lighting with deep falloff, desaturated cold shadows against faded warm browns. Handheld, slightly unsteady. No grading gloss, no HDR, no lens flare, no waxy plastic AI skin, no uncanny CG face, no beauty smoothing.

MOTHER — the same white woman in every single shot, late 30s, shoulder-length brown waves, tired eyes, thin lips, no makeup. A patterned rust-red knit cardigan over a long skirt. A dark red cloth blindfold tied over her eyes. Her face must stay identical in every cut.
DAUGHTER — a white girl about eight, long straight blonde hair, small floral-print blouse, plain and unremarkable. She is an ordinary child, never creepy, never pale, never smiling strangely.

House: a 1970s American two-storey timber house. Faded floral wallpaper peeling at the seams, dark wood trim, creaking floorboards, a tall wooden wardrobe with a brass handle, heavy panelled doors, a bare bulb on the landing. Dust hangs in the air. No modern objects anywhere.

(0:00–0:02) — Blindfolded
The mother stands in the middle of a dim upstairs room, blindfolded, both hands out feeling the air, fingers spread. She turns her head slowly, listening, and takes one blind step.
Dialogue (mother, playful): ""Clap for me!""
Cut: hard

(0:02–0:04) — Two Claps
Two sharp claps ring out from the far side of the room. Her head snaps toward the wardrobe. She starts moving, hands out, feet testing each floorboard, the camera drifting behind her shoulder.
Cut: on the second clap

(0:04–0:06) — The Wardrobe
Her fingers find the wardrobe door and close on the handle. She pauses, smiling, then pulls it open. Hanging coats sway. Nothing else is inside.
Cut: as the door swings

(0:06–0:08) — Behind Her
She pushes the blindfold up onto her forehead. Behind her a bedroom door opens and the daughter runs in, delighted.
Dialogue (daughter): ""I won!""
Cut: on the girl's line

(0:08–0:10) — The Look
Close on the mother, the blindfold pushed up in her hair. Her smile dies. She looks at her daughter, then back at the empty wardrobe, then at her daughter again. Her breathing changes. She goes very still.
Cut: on the stillness

(0:10–0:12) — Dark
Cut to near-total darkness, a different room, later. Only her ragged breathing and a floorboard settling somewhere. She fumbles, something knocks over, and a flashlight clicks on — a hard white cone lighting her face from below and nothing else, the beam trembling in her grip.
Cut: as the beam steadies

(0:12–0:13.5) — The Hand
Tight on her face over her shoulder, the darkness behind her flat and empty, dust drifting through the beam. Then a pale adult hand slides out of that darkness just behind her ear — and claps twice, unhurried.
Cut: on the second clap

(0:13.5–0:15) — Scream
Her eyes go wide and she screams, the beam swinging across the wallpaper. Ends mid-scream on a lit frame.

Audio: diegetic only — two crisp claps, floorboards creaking, ragged breathing, the flashlight click, wooden doors, one scream. Low drone underneath. No music sting, no jump-scare orchestra hit.

The mother is the same woman in all seven shots, the daughter the same girl. No other people. The hand at 0:12 belongs to no visible body — never show an arm, shoulder, face or figure behind her, no ghost, no monster, no reflection, no eyes in the dark. No blood, no gore, no wounds.
No on-screen text, subtitles, title cards, credits, logos or watermark of any kind. No modern clothing, phones or electronics. No visible camera, phone, selfie stick or tripod in frame — the flashlight is a prop she holds, never a filming device. NO fade to black, no dip to black — the last frame is lit. No slow motion. Five fingers per hand, no malformed anatomy, no duplicated people."
renoise-2083033353679221043,【风格】UGC拳赛现场实拍（Ringside Phone Footage），真实手机竖屏手持质感（9:16 Vertical…,,真人,现实向,生活与vlog,,zh,Seedance 2.0,,,renoise-ai/awesome-seedance-prompts,https://github.com/renoise-ai/awesome-seedance-prompts/blob/904b6caffa21c2b114bb93e1bd0e37ba80b3dd10/data/prompts/2083033353679221043.json,CC-BY-4.0,John,https://x.com/johnAGI168/status/2083033353679221043,True,"prompts/真人/现实向/生活与vlog/renoise-2083033353679221043--风格-UGC拳赛现场实拍-Ringside-Phone-Footage-,真实手.md","【风格】UGC拳赛现场实拍（Ringside Phone Footage），真实手机竖屏手持质感（9:16 Vertical, Handheld），现场生肉感：数码变焦、轻微失焦、运动模糊、闪光灯频闪，无滤镜无调色的直出画面
【时长】15秒
【场景】室内拳击馆比赛之夜：正规拳台、四周围绳、台上顶灯直打，台下观众黑压压一片举着手机，闪光灯此起彼伏，拍摄者站在台边第二排人群里手持手机拍摄
【角色】主角1@图片1（黑袍蓝边战袍方，脱袍后黑色拳裤黑手套）、主角2@图片2（白袍绿边战袍方，脱袍后白色拳裤白手套）
【拍摄机制】全片一镜到底的手机手持视角：画面始终带轻微手抖和呼吸晃动，关键时刻拍摄者会猛推数码变焦怼近、短暂失焦再对上，激烈处镜头被前排观众起身遮挡半秒又找回角度——所有""不完美""都是真实感的来源

[00:00-00:03] 开局试探
手机视角越过前排观众的后脑勺拍向拳台：铃声""铛""一响，两人从各自角落逼近，主角1压低重心左右晃动寻找角度，主角2双拳护脸小步游走，两人互相试探刺拳，拳套相碰发出闷响。
【现场音】铃声、观众嘈杂人声、拍摄者身边有人喊""打他！""

[00:03-00:07] 第一波对攻
拍摄者猛推数码变焦怼近：主角1突进一记左刺拳接右摆拳，主角2侧头闪过、贴身回敬两记摆拳组合，两人拳套砰砰互击、汗珠在顶灯下甩出，画面因变焦过快糊了半秒又对上焦。
【现场音】拳套击打的连续闷响、观众爆发的""哦——！""、拍摄者忍不住的一声""卧槽""。

[00:07-00:10] 缠斗与遮挡
两人进入贴身缠斗互相抱架，裁判上前分开——此时前排观众激动起身，手机画面被后脑勺挡住一瞬，拍摄者手忙脚乱举高手机越过人头继续拍：两人分开各退半步，主角2抹了把脸，主角1活动了下脖子。
【现场音】裁判喊""Break！""，人群骚动声浪盖过一切。

[00:10-00:13] 高潮重击
举高俯角视角：主角2抢先出重拳，主角1一个下潜躲过，起身瞬间一记右上勾拳结结实实顶中主角2下巴——主角2整个人晃了两晃、踉跄后退撞上围绳滑坐到台面，全场瞬间炸裂，闪光灯连成一片。
【现场音】重击一声爆响后观众声浪掀顶，拍摄者激动大吼，手机剧烈晃动。

[00:13-00:15] 终场定格
画面抖着拉回全景：裁判冲上前查看，主角1退到中立角高举双拳，台下无数手机屏幕的亮光连成星海，拍摄者边喊边把镜头怼向台上，画面在主角1振臂的糊焦瞬间定格。
【现场音】欢呼、口哨、有人狂拍前座椅背，收束在鼎沸人声里。

【备注】全片保持手机直出的粗粝感：允许过曝的顶灯、糊焦、拖影和构图歪斜，禁止任何电影感调色和稳定器丝滑运镜；击打动作写意图和结果（命中、踉跄、坐地），保持竞技体育范畴，无出血无伤情特写"
renoise-2083035044449271855,A premium skincare product commercial featuring a minimalist boxed skincare set…,,其他,,广告带货,,en,Seedance 2.0,,,renoise-ai/awesome-seedance-prompts,https://github.com/renoise-ai/awesome-seedance-prompts/blob/904b6caffa21c2b114bb93e1bd0e37ba80b3dd10/data/prompts/2083035044449271855.json,CC-BY-4.0,DaniaSafvi,https://x.com/DaniaSafvi/status/2083035044449271855,True,prompts/其他/广告带货/renoise-2083035044449271855--A-premium-skincare-product-commercial-fe.md,"A premium skincare product commercial featuring a minimalist boxed skincare set placed on a clean concrete surface during golden hour. Warm sunlight casts soft window shadows across the product, creating a luxurious and aesthetic atmosphere. The camera starts with a macro close-up of the packaging and colorful serum bottles, then slowly pushes in with smooth cinematic motion. Elegant orbit shots highlight the product from every angle while subtle lens flares, soft reflections, and shallow depth of field enhance the premium look. Minimalist background, photorealistic textures, realistic lighting, luxury beauty advertisement, ultra-detailed, 8K HDR, smooth gimbal movement, commercial-grade color grading, clean and modern aesthetic."
renoise-2083058939915370594,Create an ultra-premium cinematic fashion film that feels like an official…,,真人,现实向,时尚写真,,en,Seedance 2.0,,,renoise-ai/awesome-seedance-prompts,https://github.com/renoise-ai/awesome-seedance-prompts/blob/904b6caffa21c2b114bb93e1bd0e37ba80b3dd10/data/prompts/2083058939915370594.json,CC-BY-4.0,auqib,https://x.com/auqibhabib/status/2083058939915370594,True,prompts/真人/现实向/时尚写真/renoise-2083058939915370594--Create-an-ultra-premium-cinematic-fashio.md,"Create an ultra-premium cinematic fashion film that feels like an official luxury fashion campaign, not a standard runway recording. The entire film features the **same ultra-realistic fashion model** with identical facial features, hairstyle, body proportions, skin tone, and confident personality throughout. Maintain perfect character consistency across every shot. Present **5 different outfits** from one cohesive luxury fashion collection. Each outfit changes instantly with seamless match-cut transitions while preserving the model's identity.

**Theme:** Futuristic Luxury Streetwear

**Visual Style:** Vogue editorial, luxury fashion campaign, cinematic, ultra-photorealistic, premium lighting, flawless skin, realistic fabric physics, HDR, 8K quality, shallow depth of field, crisp details.

**Music Direction:** High-energy luxury fashion house / melodic techno / electronic runway beat with a strong bassline. Every camera movement, transition, pose, and outfit change lands perfectly on the beat. The entire film should feel hypnotic, stylish, and addictive to watch.

0–3 Seconds — Opening Hook

The film opens inside a massive futuristic fashion venue with polished black reflective floors, towering LED walls, cinematic spotlights cutting through light haze, and an excited audience barely visible in darkness.

The camera begins with an extreme close-up of the model's eyes before slowly pulling back to reveal the complete first outfit.

The model confidently raises their head and begins walking directly toward the camera.

Slow-motion fabric movement.

Subtle wind blows through the hair and clothing.

Camera performs a smooth cinematic dolly backward while maintaining perfect eye contact.

**Outfit 1**
Luxury oversized black leather jacket, premium cargo pants, designer sneakers, futuristic accessories.

3–6 Seconds — Outfit Transition

Exactly on the music beat, the scene transforms instantly with a seamless match-cut.

Lighting changes from black and gold to cool silver-blue.

The model never stops walking.

Camera switches to a dramatic low-angle tracking shot emphasizing confidence and power.

Clothing flows naturally.

Lens flares shimmer across metallic surfaces.

**Outfit 2**
High-end monochrome techwear with layered jacket, tactical trousers, luxury sneakers and chrome accessories.

6–9 Seconds — Editorial Energy

Another beat.

A flawless spinning transition changes both environment and outfit.

Camera performs a smooth orbit around the model while the model pauses briefly for an editorial fashion pose before continuing.

Beautiful cloth simulation.

Perfect realistic shadows.

Luxury commercial quality.

**Outfit 3**
White futuristic tailored suit with sculptural silhouette, luxury boots, silver jewelry.

9–12 Seconds — Peak Fashion Moment

The beat becomes stronger.

Rapid cinematic transitions between multiple camera angles.

Tracking shot.

Side profile.

Close-up of luxury accessories.

Full-body hero shot.

Everything remains perfectly synchronized to the music.

**Outfit 4**
Metallic silver avant-garde fashion with dramatic flowing cape and futuristic footwear.

The model delivers a confident runway turn before walking forward again.

12–15 Seconds — Grand Finale

Final beat drop.

The venue lights become brighter.

The camera slowly cranes upward while simultaneously pushing toward the model.

The fifth outfit appears through an elegant seamless transition.

The model performs one final iconic editorial pose.

The camera circles slowly around the model.

Confetti-like light particles float through the air.

The film ends with a dramatic freeze-frame worthy of an international luxury fashion campaign.

**Outfit 5**
Premium luxury black and gold couture ensemble with flowing long coat, designer boots, elegant accessories and striking silhouette.

The ending feels powerful, memorable, luxurious and instantly shareable.

**Overall Requirements**

Maintain identical model identity throughout all outfit changes.

Every outfit belongs to the same luxury designer collection.

Ultra-realistic skin texture.

Natural facial expressions.

Photorealistic lighting.

Premium cinematic camera movement.

Realistic cloth physics.

Luxury editorial styling.

Smooth beat-synced transitions.

No glitches.

No distorted anatomy.

No extra people blocking the model.

No text overlays.

No logos.

No watermarks.

The final result should look indistinguishable from a $1 million luxury fashion brand campaign created by an elite creative studio."
renoise-2083090308666163365,15s AAA Cinematic Game UI Showcase,,漫剧,特效向,战斗大招,3D卡通,en,Seedance 2.0,,,renoise-ai/awesome-seedance-prompts,https://github.com/renoise-ai/awesome-seedance-prompts/blob/904b6caffa21c2b114bb93e1bd0e37ba80b3dd10/data/prompts/2083090308666163365.json,CC-BY-4.0,Shams,https://x.com/ShamsAmin56/status/2083090308666163365,True,prompts/漫剧/特效向/战斗大招/renoise-2083090308666163365--15s-AAA-Cinematic-Game-UI-Showcase.md,"15s AAA Cinematic Game UI Showcase

Use the 8 provided frames in the exact order below. Strict Design Lock: preserve all typography, fonts, text, icons, logos, colors, spacing, layout, buttons, HUD, and the Oracle character exactly. Do not regenerate, redesign, translate, crop, mirror, resize, or modify any UI element. Maintain pixel-perfect text readability and 100% visual consistency across every frame.

Global Interaction
Use a small futuristic purple claw-shaped cursor with a subtle magenta glow, matching the Oracle theme.

Keep the cursor identical in size, shape, color, animation, and movement throughout all menu screens.

Cursor glides smoothly with premium easing, briefly hovers over interactive elements, then clicks with a subtle glow and soft ripple.

No camera zooms or pans during menu interactions; only the cursor and UI elements animate.
Use clean, seamless AAA transitions between every screen.
Sequence

0–2s — Hero Selection: Cursor selects the ORACLE hero card. Gold outline and soft magenta highlight appear. Transition: holographic glass swipe.

2–4s — Gears: Cursor moves across gear slots and selects the legendary equipment. Hover effects and UI highlights only. Transition: elegant gold scan line.

4–6s — Loadout: Cursor selects the primary weapon, abilities, and loadout slot. Icons animate smoothly. Transition: digital particle dissolve.

6–8s — Arm Selection: Cursor selects the Royal Seraph Arm. The arm rotates slowly with glowing magenta energy. Transition: holographic morph.

8–10s — Outfit: Cursor selects the current outfit. The selected card shimmers with a refined gold highlight. Transition: white light wipe.

10–11.5s — Mask: Cursor selects the mirror-gold mask. The mask rotates gently while the magenta visor pulses. Transition: circular energy ripple.

11.5–13s — Ready Screen: Cursor clicks START MISSION. The button emits a premium glow before transitioning. Transition: bright mission-launch flash.

13–15s — Gameplay: Seamless transition into gameplay. The cursor disappears, HUD remains unchanged, Oracle performs one dash and one cybernetic slash with magenta energy trails, ending on a cinematic freeze frame.

Audio & Style
Epic futuristic cinematic background music with orchestral strings, deep synth bass, powerful percussion, rising impacts, subtle electronic pulses, clean UI click sounds, soft hover effects, and elegant transition whooshes synchronized with each screen change.

Style: Unreal Engine 5, AAA game UI showcase, premium minimalist white/gold/magenta interface, clean motion graphics, 4K, 60 FPS, ultra-sharp UI, no flicker, no UI distortion, no font deformation, no typography errors."
renoise-2083095622035575134,Cinematic 15-second intense 1v1 female fight scene in a dimly lit underground…,,真人,特效向,武侠打斗,,en,Seedance 2.0,,,renoise-ai/awesome-seedance-prompts,https://github.com/renoise-ai/awesome-seedance-prompts/blob/904b6caffa21c2b114bb93e1bd0e37ba80b3dd10/data/prompts/2083095622035575134.json,CC-BY-4.0,Feyber | AI Creator,https://x.com/woleswoosh/status/2083095622035575134,True,prompts/真人/特效向/武侠打斗/renoise-2083095622035575134--Cinematic-15-second-intense-1v1-female-f.md,"Cinematic 15-second intense 1v1 female fight scene in a dimly lit underground parking garage at night. Fighter 1: young woman with long wavy dark hair, red lipstick, athletic curvy build, wearing tight black ribbed crop top with underboob cutouts and short black mini skirt, silver bracelet. Aggressive Muay Thai + street fighting style. Fighter 2: tall athletic woman with short black hair in a bun, black sports tank and combat pants, technical boxing style.

Storyboard:
0-2s: Low angle tracking shot of Fighter 1 walking confidently under flickering lights.
2-4s: Both fighters face each other, intense eye contact, slow orbit camera.
4-6s: Sudden explosive exchange of punches, dynamic side tracking.
6-8s: Fighter 1 high roundhouse kick, countered, then powerful knee strike in brief slow-motion.
8-10s: Spinning back kick sends Fighter 2 into a pillar.
10-12s: Fast punch flurry, Fighter 1 counters with hook and low kick.
12-14s: Close-range heavy exchange, flying knee attempt.
14-15s: Decisive right cross, Fighter 2 drops to one knee, Fighter 1 stands dominant as camera pushes in on her face. Flickering lights, cut to black.

Ultra realistic, dynamic camera, fluid fight choreography, sweat and hair physics, volumetric lighting, cinematic color grade, high detail, 8k."
renoise-2083125793803104723,"A cinematic, fast-paced video sequence featuring a rider in a sleek black…",,真人,特效向,科幻,,en,Seedance 2.0,,,renoise-ai/awesome-seedance-prompts,https://github.com/renoise-ai/awesome-seedance-prompts/blob/904b6caffa21c2b114bb93e1bd0e37ba80b3dd10/data/prompts/2083125793803104723.json,CC-BY-4.0,Zyrella,https://x.com/Zyrellix/status/2083125793803104723,True,"prompts/真人/特效向/科幻/renoise-2083125793803104723--A-cinematic,-fast-paced-video-sequence-f.md","A cinematic, fast-paced video sequence featuring a rider in a sleek black futuristic bodysuit and full-face glossy helmet riding an ultra-futuristic, low-profile motorcycle with glowing neon blue accent lights and hubless light-ring wheels. Starts with a low-angle front view as the motorcycle speeds across a glassy, reflective surface of calm ocean water under a misty sky. Smoothly transitions to a dynamic tracking side shot through a bustling futuristic cyberpunk city at night with wet pavement and neon billboards, including a close-up of the rider's intense eyes through the helmet visor. The bike accelerates through a dark highway tunnel with glowing motion blur trails, then bursts out into a post-apocalyptic wasteland at golden hour sunset, speeding along a dusty road toward ruined skyscrapers. The bike comes to a dramatic skid stop, kickstand down, and the rider dismounts, standing tall next to the futuristic bike looking at the skyline. Photorealistic, 8k resolution, cinematic lighting, 24fps motion blur."
renoise-2083130612488024458,"A frozen castle courtyard under pale moonlight, snowstorm raging through broken…",,真人,特效向,奇幻怪兽,,en,Seedance 2.0,,,renoise-ai/awesome-seedance-prompts,https://github.com/renoise-ai/awesome-seedance-prompts/blob/904b6caffa21c2b114bb93e1bd0e37ba80b3dd10/data/prompts/2083130612488024458.json,CC-BY-4.0,LudovicCreator,https://x.com/LudovicCreator/status/2083130612488024458,True,prompts/真人/特效向/奇幻怪兽/renoise-2083130612488024458--A-frozen-castle-courtyard-under-pale-moo.md,"A frozen castle courtyard under pale moonlight, snowstorm raging through broken battlements. A knight in dark silver armor stands alone with a cracked shield as an enormous ice dragon lands on the castle wall, wings spreading through the blizzard.
At the 2-second mark, the dragon exhales a blast of blue-white frost, freezing the ground in a wave moving toward the knight. The camera follows the knight running between ice spikes, shield raised, boots sliding on frozen stone.
The dragon climbs across the tower, claws breaking stone, eyes glowing cold blue. Snow, ice shards, and broken masonry fly through the air.
Final moment: the knight plants the sword into the frozen ground as blue light erupts around them.
Frozen fantasy boss battle, ice VFX, snowstorm, moonlight, cinematic 4K."
renoise-2083144006784135499,Use exactly 2 image assets.,,真人,特效向,武侠打斗,,en,Seedance 2.0,,,renoise-ai/awesome-seedance-prompts,https://github.com/renoise-ai/awesome-seedance-prompts/blob/904b6caffa21c2b114bb93e1bd0e37ba80b3dd10/data/prompts/2083144006784135499.json,CC-BY-4.0,Pyona,https://x.com/pyona_ai/status/2083144006784135499,True,prompts/真人/特效向/武侠打斗/renoise-2083144006784135499--Use-exactly-2-image-assets.md,"Use exactly 2 image assets.

@IMG_1 = strict identity, hairstyle, facial features, body proportions, costume, sword, and styling reference for Fighter A, the Water Swordsman.

Fighter A is a petite young female swordsman with a clear height impression of 156 cm. Preserve her recognizable identity and keep her visibly shorter and smaller-framed than Fighter B, but never childlike.

@IMG_2 = strict identity, hairstyle, facial features, body proportions, costume, sword, and styling reference for Fighter B, the Thunder Swordsman.

Preserve both fighters consistently throughout the video. Do not mix their faces, hairstyles, costumes, swords, proportions, or supernatural powers.

Create a 15-second, 16:9, 4K, 24fps cinematic live-action supernatural sword duel.

No dialogue and no music.
Use only breathing, fabric movement, sword swings, metal impacts, rushing water, thunder, electricity, footsteps, mud, leaves, breaking wood, and forest ambience.

STYLE:
High-budget Hollywood live-action fantasy film quality, dark samurai atmosphere, photorealistic actors, natural skin texture, realistic wet costumes, practical sword movement, cold moonlight, shallow depth of field, controlled motion blur, strong impact, and readable action.

Supernatural effects must resemble premium live-action VFX physically integrated with the actors, swords, fog, mud, trees, and lighting.

No cartoon, anime rendering, cel shading, game cinematic, plastic skin, cheap cosplay appearance, subtitles, screen text, watermark, or gore.

ENVIRONMENT:
A dense misty forest at night under cold moonlight.

Wet uneven muddy ground, scattered fallen leaves, drifting fog, damp tree trunks, and moisture suspended in the air.

Maintain the same forest layout, moonlight direction, fog density, and ground conditions throughout all shots.

Mud, fog, leaves, hair, clothing, water, electricity, and tree branches must react naturally to movement and impact.

POWER RULES:
Fighter A controls blue water only.
Fighter B controls golden lightning only.

Blue water must have realistic pressure, weight, turbulence, spray, droplets, foam, mist, and momentum.

Golden lightning must have branching arcs, sparks, heat distortion, illuminated fog, and scorched impact marks.

Effects must remain attached to the fighters’ sword paths and physical movement. Do not let effects float independently or hide the actors too early.

ACTION AND CAMERA RULES:
Use exactly 4 clearly separated cinematic shots.

Shots 1 and 2 are short, compressed preparation sequences.
Shot 3 is the longest section and contains a detailed close-range sword exchange.
Shot 4 delivers the final supernatural collision and explosive ending.

All movements must show believable footwork, balance, muscular tension, body rotation, weight transfer, blade control, and interaction with wet ground.

No broken anatomy, duplicated bodies, duplicated limbs, face changes, costume changes, sword changes, floating, weightless jumps, random weapons, or slow motion.

Keep the positions and attack directions understandable at all times.

Use dynamic low angles, tracking shots, fast push-ins, lateral movement, and sharp reframing. Avoid excessive spinning, chaotic montage editing, or effects obscuring blade contact.

[00:00–00:03]
SHOT 1 — AZURE CURRENT: WATER DRAGON PRELUDE

Begin with a low-angle medium-wide shot of Fighter A in a moonlit forest clearing.

She lowers her petite 156 cm body into a stable two-handed sword stance. Her front foot presses into wet mud, knees bent, shoulders relaxed, eyes focused on Fighter B.

The camera quickly pushes toward her from a three-quarter front angle.

She takes one deep controlled breath.

As she draws and raises the sword, nearby fog and droplets are pulled toward the blade. A narrow blue stream coils tightly around the steel and rapidly expands into a pressurized spiral.

Mud trembles beneath her feet and fallen leaves rise into the current.

The spiral quickly forms the head and upper body of a giant blue water dragon made from realistic turbulent water.

The water dragon coils behind her shoulder and follows the intended sword trajectory without hiding her face, hands, or body.

Blue reflected light illuminates her wet costume, skin, sword, fog, mud, and nearby trees.

End as Fighter A forcefully pushes off the ground and begins a flowing diagonal advance.

[00:03–00:06]
SHOT 2 — GOLDEN FLASH: LIGHTNING-STEP CHARGE

Hard cut to Fighter B several meters away in the same clearing.

He crouches extremely low in an explosive sword-drawing stance. One hand grips the sword handle, the other stabilizes the scabbard, and his rear leg compresses like a spring.

Use a low three-quarter front angle showing his posture, feet, sword grip, and attack direction.

The forest becomes briefly silent. A small golden spark runs across the sword guard.

Then the ground explodes beneath his foot.

Fighter B launches with impossible acceleration. His motion should resemble short-distance teleportation, but it is actually physical speed beyond normal visual perception.

He disappears inside a violent golden flash, leaving displaced fog, scorched mud, flying leaves, and a bright electrical trail.

He briefly reappears at a second position, plants one foot, changes direction, and immediately vanishes again.

Use exactly two lightning steps along a broken Z-shaped path.

Never show multiple copies of Fighter B simultaneously.

Between positions, show only lightning trails, sparks, electrical afterimages, heat distortion, and disturbed fog.

Use rapid lateral tracking and snap reframing as the camera barely follows him.

End as Fighter B emerges from the final golden flash and attacks Fighter A with a high-speed draw slash.

[00:06–00:12]
SHOT 3 — HIGH-SPEED CLOSE-RANGE SWORD EXCHANGE

This is the longest and most detailed combat section.

Begin with Fighter B’s horizontal draw slash entering from Fighter A’s side.

Fighter A turns her hips, raises her sword with both hands, and blocks the attack. Their blades collide with a sharp metal spark, water droplets, and small golden electrical arcs.

The impact forces Fighter A to slide sideways through wet mud, but she remains balanced and grounded.

Fighter B immediately disappears in a short golden flash and reappears at Fighter A’s opposite side.

He delivers a fast downward diagonal strike.

Fighter A lowers her body and narrowly evades beneath the blade. The lightning-charged sword passes above her hair and cuts through drifting fog.

Without pausing, Fighter A pivots on her planted foot and counterattacks with a rising rotational slash.

A narrow ribbon of blue water follows her blade, striking Fighter B’s sword rather than his body.

Fighter B blocks the counterattack but is pushed backward. His boots carve through the mud and scatter leaves.

He uses one final short lightning step to regain distance.

Fighter A follows with two fast controlled sword attacks:
a horizontal slash,
then a reverse diagonal slash.

Fighter B parries both attacks with compact movements. Each blade contact produces realistic metal sparks, small water bursts, and restrained golden electricity.

Keep the effects narrow and attached to the blades so both fighters’ hands, feet, faces, and body mechanics remain clearly visible.

Do not create a giant explosion during this exchange.

After the final parry, both fighters forcefully separate by several meters.

Fighter A lands in a low stance with blue water spiraling around her sword.

Fighter B lands in a compressed draw stance with golden electricity gathering around his feet and blade.

Both immediately prepare their final attacks.

[00:12–00:15]
SHOT 4 — FINAL WATER AND THUNDER COLLISION

Begin with a fast wide side view showing both fighters charging from opposite directions.

Fighter A drives forward with grounded circular momentum. The blue water surrounding her sword rapidly expands into a complete giant water dragon following her final diagonal slash.

Fighter B disappears in one final golden flash and reappears directly on the attack line, converting his speed into a powerful forward draw slash.

Briefly stabilize the camera before impact.

Clearly show both faces, both swords, both hands, opposing body directions, and Fighter A’s visibly smaller 156 cm frame.

Their blades collide exactly at the center of the frame.

First show one clear physical metal-to-metal impact:
the blade edges meet,
both fighters’ arms absorb the shock,
their clothing snaps from the force,
and realistic metal sparks erupt.

Only after the sword contact is clearly visible, the supernatural powers collide.

The blue water dragon crashes into concentrated golden lightning and produces a massive expanding water-thunder shockwave.

Heavy water spray, droplets, foam, vapor, mud, leaves, sparks, and glowing particles explode outward.

Golden electrical arcs travel through the water, wet ground, fog, and nearby tree trunks.

Keep both fighters briefly visible at the center, straining against their locked blades.

One nearby tree trunk cracks from the shockwave and throws realistic bark fragments into the air.

The camera shakes and is pushed backward as water, mud, steam, and sparks surge toward the lens.

End with an overwhelming blue, gold, and white flash, then immediately cut to black.

NEGATIVE GUIDANCE:
No comedy, exaggerated expressions, random screaming, stiff posing, theatrical cosplay acting, weightless sword swings, disconnected movement, multiple fighter clones, literal magical teleportation, effect color swapping, or premature explosions.

Do not place lightning around Fighter A.
Do not place water around Fighter B.
Do not generate the full water dragon before Fighter A moves her sword.
Do not create the final explosion before the blades physically connect.
Do not hide the sword collision behind effects.
No excessive camera spinning, chaotic cuts, slow motion, subtitles, text, watermark, or gore."
renoise-2083149217111900449,"Cinematic anime short film clip, 15 seconds. Upscale casino interior, single…",,漫剧,现实向,剧情短片,2D日漫,en,Seedance 2.0,link-only,real-person,renoise-ai/awesome-seedance-prompts,https://github.com/renoise-ai/awesome-seedance-prompts/blob/904b6caffa21c2b114bb93e1bd0e37ba80b3dd10/data/prompts/2083149217111900449.json,CC-BY-4.0,TechieSA,https://x.com/TechieBySA/status/2083149217111900449,True,"prompts/漫剧/现实向/剧情短片/renoise-2083149217111900449--Cinematic-anime-short-film-clip,-15-seco.md",
renoise-2083190584416817597,添付されたイラストを動画のファーストフレームとして使用する。,,真人,现实向,时尚写真,,ja,Seedance 2.0,link-only,sexual,renoise-ai/awesome-seedance-prompts,https://github.com/renoise-ai/awesome-seedance-prompts/blob/904b6caffa21c2b114bb93e1bd0e37ba80b3dd10/data/prompts/2083190584416817597.json,CC-BY-4.0,Eris Create Lab,https://x.com/Eris_Create_Lab/status/2083190584416817597,True,prompts/真人/现实向/时尚写真/renoise-2083190584416817597--添付されたイラストを動画のファーストフレームとして使用する.md,
renoise-2083206394816168112,Ultra-realistic original stylized revenge kung-fu sequence inside a traditional…,,真人,特效向,武侠打斗,,en,Seedance 2.0,,,renoise-ai/awesome-seedance-prompts,https://github.com/renoise-ai/awesome-seedance-prompts/blob/904b6caffa21c2b114bb93e1bd0e37ba80b3dd10/data/prompts/2083206394816168112.json,CC-BY-4.0,Pierrick Chevallier | IA,https://x.com/CharaspowerAI/status/2083206394816168112,True,prompts/真人/特效向/武侠打斗/renoise-2083206394816168112--Ultra-realistic-original-stylized-reveng.md,"Ultra-realistic original stylized revenge kung-fu sequence inside a traditional tea house at night, rain outside, lantern light, shattered wood, tense air. Unreal engine

0–4s: a lone female fighter in a yellow tracksuit steps through the ruined entrance, katana low at her side, dozens of black-clad swordsmen surround her between overturned tables and falling paper screens, slow push-in, intense eye contact, drifting dust.
4–9s: explosive close-quarters combat, ultra dynamic tracking through the room as she cuts through the crowd with fast blade arcs, spinning kicks, sliding footwork, bodies crashing through tables, splinters and teacups flying, lanterns swinging overhead.
9–15s: the last masked champion rushes her from the staircase, she ducks low, pivots, disarms him, then lands one final decisive slash across the frame, he freezes for one beat before collapsing as the entire tea house falls silent. End on her standing alone in the wreckage, blade dripping rainwater, paper walls fluttering behind her."
renoise-2083209333110919662,Use the uploaded photorealistic character sheet as the exact identity…,,真人,特效向,动作大片,,en,Seedance 2.0,,,renoise-ai/awesome-seedance-prompts,https://github.com/renoise-ai/awesome-seedance-prompts/blob/904b6caffa21c2b114bb93e1bd0e37ba80b3dd10/data/prompts/2083209333110919662.json,CC-BY-4.0,Artingent,https://x.com/artingent/status/2083209333110919662,True,prompts/真人/特效向/动作大片/renoise-2083209333110919662--Use-the-uploaded-photorealistic-characte.md,"Use the uploaded photorealistic character sheet as the exact identity reference. Preserve the character's facial structure, hairstyle, eye color, body proportions, costume, weapons, accessories, materials, and overall appearance perfectly throughout the entire video. Maintain complete identity consistency in every frame. Do not redesign, simplify, or alter the character.

Use the uploaded photorealistic environment sheet as the exact location reference. Preserve the architecture, street layout, stonework, timber framing, lantern placement, rooftops, materials, lighting style, atmospheric conditions, color palette, and overall identity of the location throughout the sequence. Do not redesign, simplify, or alter the environment.

SCENE

A secluded medieval stone alley deep within the old quarter of the city late at night. Ancient limestone buildings rise several stories above narrow rain-soaked cobblestone streets. Warm oil lanterns cast isolated pools of amber light while cool moonlight softly illuminates the rooftops. Thin mist drifts through the alley as a gentle breeze stirs hanging banners and ivy. The tiled roofs glisten from recent rain, and the city is almost completely silent.

ACTION

The assassin moves silently through the shadows at the base of a tall stone building. After carefully checking that the street is empty, she reaches a section of rough masonry and begins climbing with effortless precision.

Using narrow stone ledges, window frames, timber beams, and decorative architectural details as handholds, she ascends smoothly and confidently. Every movement is deliberate, quiet, and controlled, displaying years of training and exceptional agility.
There should not be any ladders of any kind assisting the assassin in climbing the buildings. She should use only natural architectural details of the building in order to climb all the way to the roof.

She reaches the roofline and quietly pulls herself onto the rain-slick clay roof tiles without disturbing a single loose tile. Remaining low, she moves several steps across the rooftop before settling into a balanced crouched position behind the ridge of the roof.

She carefully surveys the city below, scanning distant streets and rooftops with calm, focused eyes. Her breathing remains slow and steady while her cloak and loose strands of blonde hair gently move in the cool night breeze. She remains perfectly still, patiently observing an unseen target somewhere beyond the frame.

CAMERA

Begin with a low-angle establishing shot showing the towering medieval building against the moonlit sky.

Transition into a smooth vertical tracking shot that follows the assassin from street level as she climbs the stone wall, maintaining a respectful distance to showcase both her movement and the architecture.

As she approaches the roofline, the camera rises with her and gently arcs around to reveal the surrounding rooftops and the sleeping city beyond.

Once she reaches the roof, transition into a graceful side-tracking shot as she moves silently across the roof tiles.

Finish with a slow cinematic push-in from behind and slightly to one side as she settles into a crouched position overlooking the city. End on a medium close-up profile of her focused face while the softly illuminated medieval skyline stretches into the distance behind her.

CAMERA STYLE

Smooth cinematic crane movements, controlled tracking shots, slow floating camera motion, natural perspective changes, no abrupt cuts, no handheld shake, no rapid zooms, and seamless transitions throughout.

LIGHTING

Soft cool moonlight provides the primary illumination across rooftops and upper walls. Warm lantern light rises from the streets below, creating subtle golden highlights along the edges of the roof and surrounding architecture. Wet stone and clay roof tiles produce realistic reflections. Gentle rim lighting outlines the assassin against the night sky while thin volumetric mist adds depth to the scene.

ATMOSPHERE

Silent, stealthy, disciplined, mysterious, elegant, patient, and suspenseful. The sequence emphasizes stealth, observation, and anticipation rather than action. Every movement should feel realistic, controlled, and purposeful.

STYLE

Ultra-photorealistic medieval realism, Hollywood-quality cinematography, physically based rendering (PBR), lifelike facial animation, realistic eye movement, natural breathing, authentic climbing mechanics, believable body weight and balance, realistic cloth simulation, subtle hair movement, premium leather textures, physically accurate lighting, ray-traced reflections, volumetric fog, shallow depth of field, HDR, cinematic color grading, 8K quality.

DURATION

15 seconds.

PRIORITY

Character identity consistency and environment identity consistency are the highest priorities. Maintain identical facial features, hairstyle, costume, proportions, colors, equipment, architectural layout, rooftop geometry, lantern placement, materials, lighting style, and atmosphere from the uploaded character sheet and environment sheet throughout every frame. Preserve realistic human motion, believable climbing technique, accurate weight transfer, natural rooftop movement, and seamless cinematic camera motion from beginning to end."
renoise-2083221614595051602,A coffee brand. Start outside the farm. Fly into the roasting facility. Pass…,,其他,,广告带货,,en,Seedance 2.0,,,renoise-ai/awesome-seedance-prompts,https://github.com/renoise-ai/awesome-seedance-prompts/blob/904b6caffa21c2b114bb93e1bd0e37ba80b3dd10/data/prompts/2083221614595051602.json,CC-BY-4.0,Nav Toor,https://x.com/heynavtoor/status/2083221614595051602,True,prompts/其他/广告带货/renoise-2083221614595051602--A-coffee-brand.-Start-outside-the-farm.md,A coffee brand. Start outside the farm. Fly into the roasting facility. Pass through the packaging. Land in the cafe.
renoise-2083266606591811738,A scientific expedition crosses a frozen arctic landscape toward a black alien…,,其他,,风景空镜,,en,Seedance 2.0,,,renoise-ai/awesome-seedance-prompts,https://github.com/renoise-ai/awesome-seedance-prompts/blob/904b6caffa21c2b114bb93e1bd0e37ba80b3dd10/data/prompts/2083266606591811738.json,CC-BY-4.0,LudovicCreator,https://x.com/LudovicCreator/status/2083266606591811738,True,prompts/其他/风景空镜/renoise-2083266606591811738--A-scientific-expedition-crosses-a-frozen.md,"A scientific expedition crosses a frozen arctic landscape toward a black alien monolith buried in the ice. Snow blows sideways under pale blue daylight, and the object absorbs light instead of reflecting it. The camera tracks the team from behind, then moves into wide shots showing the enormous scale of the monolith against the white wasteland. At the 2-second mark, the ice around it begins to levitate in perfect geometric fragments. The scientists stop moving. The sound drops into deep sub-bass. Minimalist sci-fi mystery, cold realism, cinematic 4K."
renoise-2083269012956610930,Epic cinematic shot at a heavy metal festival where every band member and crowd…,,真人,特效向,奇幻怪兽,,en,Seedance 2.0,link-only,copyrighted-character,renoise-ai/awesome-seedance-prompts,https://github.com/renoise-ai/awesome-seedance-prompts/blob/904b6caffa21c2b114bb93e1bd0e37ba80b3dd10/data/prompts/2083269012956610930.json,CC-BY-4.0,ANKIT PATEL 🇮🇳 | AI,https://x.com/Ankit_patel211/status/2083269012956610930,True,prompts/真人/特效向/奇幻怪兽/renoise-2083269012956610930--Epic-cinematic-shot-at-a-heavy-metal-fes.md,
renoise-2083272602047373337,Use @[Image] as storyboard reference for cinematic sequence. use as first shot…,,其他,,动物萌宠,,en,Seedance 2.0,link-only,copyrighted-character,renoise-ai/awesome-seedance-prompts,https://github.com/renoise-ai/awesome-seedance-prompts/blob/904b6caffa21c2b114bb93e1bd0e37ba80b3dd10/data/prompts/2083272602047373337.json,CC-BY-4.0,Viki,https://x.com/churvikv/status/2083272602047373337,True,prompts/其他/动物萌宠/renoise-2083272602047373337--Use-Image-as-storyboard-reference-for-ci.md,
renoise-2083313898405654683,"Voice — the Elder: an old female voice, seventies to eighties, fundamental…",,真人,现实向,剧情短片,,en,Seedance 2.0,,,renoise-ai/awesome-seedance-prompts,https://github.com/renoise-ai/awesome-seedance-prompts/blob/904b6caffa21c2b114bb93e1bd0e37ba80b3dd10/data/prompts/2083313898405654683.json,CC-BY-4.0,Danioros,https://x.com/Dani__oros/status/2083313898405654683,True,"prompts/真人/现实向/剧情短片/renoise-2083313898405654683--Voice-—-the-Elder-an-old-female-voice,-s.md","Voice — the Elder: an old female voice, seventies to eighties, fundamental around 155 Hz, a contralto that has lost its top, resonance sitting in the throat and hard palate. Timbre dry as paper over wood, slightly reedy, matte. Constant low glottal fry, heaviest on the last syllable of every phrase; a faint tremor on held vowels. About 25% breath to tone, an audible intake before each phrase. Soft consonants, dropped terminal consonants, 85–95 words per minute, very narrow dynamic range. Rural old-world accent, flattened vowels. Recorded close and dry. Delivery tired and kind — she is reciting something she has said thirty times, and her stresses land on the drum beat. She is the only voice heard. At ~7s over SHOT 3 she speaks: ""Every winter the White Worm wakes within the walls."" At ~13s over SHOT 4, trailing into the next segment: ""What is owed is rendered—"""
renoise-2083386939756138745,"A high-energy, ultra-realistic 15-second commercial featuring a young woman…",,其他,,广告带货,,en,Seedance 2.0,,,renoise-ai/awesome-seedance-prompts,https://github.com/renoise-ai/awesome-seedance-prompts/blob/904b6caffa21c2b114bb93e1bd0e37ba80b3dd10/data/prompts/2083386939756138745.json,CC-BY-4.0,Sharon Riley,https://x.com/Just_sharon7/status/2083386939756138745,True,"prompts/其他/广告带货/renoise-2083386939756138745--A-high-energy,-ultra-realistic-15-second.md","A high-energy, ultra-realistic 15-second commercial featuring a young woman with long wavy blonde hair, fair skin, bright blue eyes, and a confident, playful expression. She wears a colorful streetwear outfit consisting of a vibrant yellow oversized hoodie, denim shorts, white sneakers, and colorful wristbands. She skateboards with natural, realistic body movement and expressive facial performance. The featured product is a vibrant red plastic stand-up pouch of Bisconni Cocomo Chocolate Filled Biscuits Party Pack. The pouch features a large yellow ""PARTY PACK"" banner in bold red letters decorated with colorful party hats, the white Bisconni logo inside a red oval, the large ""Cocomo"" logo in rainbow gradient letters with a blue outline, the text ""CHOCOLATE FILLED BISCUITS"" in white beneath it, and a circular illustration of four smiling cartoon children on the front. Several cheerful cartoon kids peek from behind the pouch, while round light-brown chocolate-filled biscuits with embossed designs including a smiling car, star, sun face, train, and chocolate-topped biscuit appear throughout the commercial. Bright summer colors, commercial-grade realism, highly detailed textures, vibrant product branding, cinematic camera movement, realistic physics, crisp typography exactly matching the packaging, premium food-commercial quality, 4K.

Shot 1 (0:00–0:01.5): Wide fisheye push into a colorful graffiti-covered skate bowl beneath bright midday sunshine. Chocolate cream ribbons begin swirling around the bowl while embossed Cocomo biscuits tumble playfully through the air. The blonde skater stands at the rim holding the vibrant red Cocomo Party Pack. Palm trees sway against a deep blue sky. Whip pan right transition.

Shot 2 (0:01.5–0:03): Whip pan resolves into an extreme macro close-up of the Cocomo pouch. Condensation droplets sparkle across the glossy packaging while sunlight creates brilliant highlights over the rainbow Cocomo logo, the yellow PARTY PACK banner, and the smiling cartoon children. The camera slowly glides across the surface before a matched zoom transition.

Shot 3 (0:03–0:04.5): Pull back reveals the blonde skater dropping into the bowl. Chocolate ribbons spiral around her skateboard while Cocomo biscuits float beside her in slow arcs. Graffiti walls streak past with energetic handheld movement. Speed-ramp transition.

Shot 4 (0:04.5–0:06): At maximum speed, she thrusts the Cocomo Party Pack toward the camera. A dramatic burst of flowing chocolate filling erupts outward, carrying flying embossed biscuits toward the lens. Strong midday backlight creates glowing highlights. Smash cut.

Shot 5 (0:06–0:07.5): The chocolate splash freezes into elegant suspended ribbons while biscuits rotate slowly through the sunlight. Every biscuit embossing remains visible as the camera performs a smooth left orbit around the floating action at approximately 20% speed.

Shot 6 (0:07.5–0:09): Orbit rises into a dramatic overhead fisheye shot. The blonde skater lifts the Cocomo pouch triumphantly while chocolate ribbons spiral around her and dozens of biscuits circle like confetti. Bright sunshine illuminates the vibrant red packaging. Crane match transition.

Shot 7 (0:09–0:10.5): Camera cranes downward as she lands an impressive skateboard trick. Chocolate streams wrap around the skateboard while biscuits bounce naturally around the landing. Motion blur enhances speed as she smiles confidently toward camera. Match cut.

Shot 8 (0:10.5–0:12): Match cut into a smooth dolly push toward the smiling blonde skater extending the Cocomo Party Pack. Chocolate ribbons and embossed biscuits continue floating gracefully around her while warm sunlight sweeps across her face. Speed ramps gradually into slow motion before fading.

Shot 9 (0:12–0:13): Fade into a tight cinematic push toward the pouch only inches from the lens. Condensation droplets slide naturally across the glossy packaging while shallow depth of field shifts gently across the PARTY PACK banner, Bisconni logo, rainbow Cocomo typography, cartoon children illustration, and chocolate-filled biscuit graphics. Match cut.

Shot 10 (0:13–0:15): Hero ending. Slow orbit around the blonde skater frozen mid-air performing a skateboard trick while confidently presenting the Cocomo Party Pack directly toward the camera. Rich chocolate ribbons cascade around her as embossed biscuits fly through the frame. Bright sun flares sweep across the lens, ending on a crystal-clear hero shot of the package with every logo, illustration, color, and typography perfectly matching the original packaging.

Audio: Upbeat tropical electro-pop soundtrack with premium commercial sound design. Realistic skateboard wheel rolls, ramp impacts, chocolate splash effects, biscuit impacts, energetic whooshes, camera transition swishes, sparkling packaging sounds, and a polished advertising mix synchronized precisely with every camera movement and transition."
renoise-2083392059977908630,TITLE,,真人,现实向,生活与vlog,,en,Seedance 2.0,,,renoise-ai/awesome-seedance-prompts,https://github.com/renoise-ai/awesome-seedance-prompts/blob/904b6caffa21c2b114bb93e1bd0e37ba80b3dd10/data/prompts/2083392059977908630.json,CC-BY-4.0,ᴍᴜʀᴘʜʏ,https://x.com/Diplomeme/status/2083392059977908630,True,prompts/真人/现实向/生活与vlog/renoise-2083392059977908630--TITLE.md,"TITLE
HIGH-SPEED HOSTAGE

FORMAT
15 seconds | 16:9 | Live-action crime thriller
Hyper-realistic documentary realism.
Fast multi-camera storytelling.
Raw cinematic footage captured as if by journalists, railway security cameras, passengers and police helicopters.

LOCATION
Modern high-speed railway crossing mountains and open countryside during late afternoon.

Weather is clear with warm sunlight.
The train travels above 300 km/h through tunnels, bridges, forests and valleys.

VISUAL STYLE
Feels like real Netflix documentary footage mixed with breaking-news coverage.

Every camera has believable imperfections.

00–02s
Aerial helicopter shot.

A sleek fictional bullet train races through a mountain valley at extremely high speed.

Emergency messages suddenly appear on railway control monitors.

Police radio traffic begins.

Camera slowly banks with helicopter vibration.

Rotor noise dominates.

02–04s
Interior passenger carriage.

Handheld phone footage.

Passengers suddenly become confused after an emergency announcement interrupts the quiet journey.

Several people look toward the next carriage.

Someone quietly whispers,

""Something's wrong...""

Camera shakes naturally with train movement.

Coffee vibrates on tables.

Sunlight rapidly flashes through bridge structures.

04–06s
Railway control centre.

Operators rapidly examine CCTV feeds.

One controller immediately contacts emergency services while another tracks the train's live position.

Large digital map follows the train.

Police officers begin moving.

Computer alarms echo naturally.

06–08s
Exterior telephoto.

Train exits a tunnel at full speed.

Several police helicopters appear in the distance attempting to visually track the train.

Heat shimmer rises above the tracks.

Long-lens compression.

Slight focus breathing.

08–10s
Inside another carriage.

Passengers quietly shelter between seats while railway staff calmly move people toward safer sections of the train.

No panic.

No violence shown.

Only realistic fear and uncertainty.

Camera filmed from behind a seat using a smartphone.

Natural rolling motion.

10–12s
Police response.

Several emergency vehicles race alongside the railway access road attempting to reach the train.

Drone footage briefly follows the convoy.

Dust trails behind vehicles.

Road vibrations visible.

Natural camera stabilization imperfections.

12–15s
Golden-hour helicopter shot.

The bullet train races across a spectacular bridge while police helicopters continue following from a safe distance.

Passengers remain visible through windows.

The train disappears into another tunnel.

Hard cut to black.

""TO BE CONTINUED""

CAMERA SYSTEM

Every shot comes from a believable source.

News helicopter

Passenger smartphone

Railway CCTV

Police drone

Railway operations camera

ENG television camera

Natural handheld movement.

Small framing mistakes.

Autofocus corrections.

Compression artifacts.

Lens breathing.

Natural rolling shutter where appropriate.

No impossible FPV moves.

PHYSICS

The train behaves like a real high-speed train.

Correct suspension movement.

Real wheel-track interaction.

Natural vibration inside cabins.

Objects respond to acceleration.

Passengers maintain believable balance.

Hair and clothing respond naturally.

Helicopters maintain realistic flight characteristics.

AUDIO

Rail vibration.

Steel wheel noise.

Wind.

Electrical humming.

Public announcement system.

Police radio chatter.

Helicopter rotors.

Emergency vehicles.

Passenger whispers.

Footsteps.

Doors.

Metal vibration.

Everything synchronized with each camera position.

No trailer music.

No cinematic impacts.

VISUAL CHARACTER

Photorealistic.

Raw documentary footage.

Real camera sensors.

Natural exposure.

Broadcast compression.

Authentic skin texture.

True optical motion blur.

Minor sensor noise.

Real atmospheric haze.

Natural reflections.

No CGI appearance.

No excessive HDR."
renoise-2083412928083247121,@car_sheet_reference @monster_reference,,真人,特效向,奇幻怪兽,,en,Seedance 2.0,link-only,copyrighted-character,renoise-ai/awesome-seedance-prompts,https://github.com/renoise-ai/awesome-seedance-prompts/blob/904b6caffa21c2b114bb93e1bd0e37ba80b3dd10/data/prompts/2083412928083247121.json,CC-BY-4.0,ARPRTMA,https://x.com/aripratama293/status/2083412928083247121,True,prompts/真人/特效向/奇幻怪兽/renoise-2083412928083247121--car_sheet_reference-monster_reference.md,
renoise-2083423226756288735,Character Description — Lead (Protagonist),,真人,特效向,武侠打斗,,en,Seedance 2.0,,,renoise-ai/awesome-seedance-prompts,https://github.com/renoise-ai/awesome-seedance-prompts/blob/904b6caffa21c2b114bb93e1bd0e37ba80b3dd10/data/prompts/2083423226756288735.json,CC-BY-4.0,Shami,https://x.com/ShamiWeb3/status/2083423226756288735,True,prompts/真人/特效向/武侠打斗/renoise-2083423226756288735--Character-Description-—-Lead-Protagonist.md,"Character Description — Lead (Protagonist)

Name reference: ""Ren"" — early 20s, handsome college-going Japanese male, lean athletic build, roughly 5'10"", short tousled black hair with slightly longer front strands falling over his forehead, sharp jawline, warm brown eyes with focused intensity, light tan skin with a small scar above his left eyebrow. Wears an open dark-navy school blazer over a slightly untucked white dress shirt, top button undone, grey slacks, black loafers. Sleeves rolled to the forearm. Calm, confident expression with controlled aggression during combat — no smirking, no cartoon bravado, just precise focus.

Opponents (distinct face cards, no repeats)
Opponent A — tall, broad-shouldered male, buzz-cut hair, thick eyebrows, square jaw, faint stubble, wears a torn school jacket with sleeves pushed up, aggressive brawler stance.
Opponent B — lean, wiry male, shoulder-length messy brown hair tied back, narrow face, high cheekbones, piercing grey eyes, wears a half-unbuttoned shirt with no blazer, quick and agile fighting style.
Opponent C — stocky male, shaved sides with a short top, rounder face, thick neck, small nose scar, wears the school jacket fully zipped, relies on brute strength and grappling.
Cut-Scene Breakdown (15 seconds total, one continuous choreography feel across cuts)

Cut 1 (0:00–0:03) — Entry Clash
Ren stands between two rows of desks as Opponent A charges from the front. Camera handheld, low angle, rushing backward with Ren as he sidesteps, grabs a chair, and swings it into Opponent A's shoulder. Papers fly off a desk from the impact. Warm sunlight cuts through the blinds, dust visible in the air.

Cut 2 (0:03–0:06) — Desk Slide Counter
Camera swings right to reveal Opponent B vaulting over a desk toward Ren. Ren slides across a tabletop on his hip, ducking a punch, then pops up and drives an elbow into Opponent B's ribs. Chairs scrape and overturn. Camera circles low, tracking the momentum.

Cut 3 (0:06–0:09) — Backpack Block
Camera rises and pulls tight as Opponent C grabs Ren from behind between two desk rows. Ren catches a thrown backpack from a nearby desk to absorb a strike aimed at his face, twists, and redirects Opponent C's momentum into a desk, sending it screeching sideways. Curtains sway from the motion.

Cut 4 (0:09–0:12) — Three-Way Convergence
Wide handheld sweep as all three opponents close in simultaneously. Ren pivots through the narrow aisle, ducking Opponent A's swing, sweeping Opponent B's leg, and shoulder-checking Opponent C into a row of desks. Camera drops low for the sweep, then rises fast with Ren's motion.

Cut 5 (0:12–0:15) — Final Beat
Camera rushes in tight on Ren's face — controlled breathing, sweat on his brow, sunlight streaking across him — as the last opponent (Opponent A) staggers back against the chalkboard, loose papers settling around the wrecked classroom. Freeze on Ren's steady stance, blazer collar slightly torn, chest rising and falling.

Technical specs: 16:9 aspect ratio, continuous handheld tracking style across cuts, natural fluorescent + warm afternoon sunlight blend, subtle motion blur, grounded realistic textures, no CGI gloss.

Negative prompts: carry over the full list you provided (fixed camera, sluggish pacing, soft focus, body distortion, unrealistic physics, cartoon visuals, flat illumination, glossy AI finish, plastic skin, warped limbs, blurred faces, duplicated body parts, stiff poses, ghosting, unstable tracking, superhero costumes, comic-book style, unrealistic shadows, sterile environments, etc.)"
renoise-2083426986610118674,提示词很简单，以输入图片作为第一帧和人物唯一参考，生成6秒、16:9横屏、超写实真人电影感古风武侠视频。严格保持白发东方剑客的面部特征、白色长发、近景面部构图、…,,真人,特效向,武侠打斗,,zh,Seedance 2.0,,,renoise-ai/awesome-seedance-prompts,https://github.com/renoise-ai/awesome-seedance-prompts/blob/904b6caffa21c2b114bb93e1bd0e37ba80b3dd10/data/prompts/2083426986610118674.json,CC-BY-4.0,澜森,https://x.com/lansenai/status/2083426986610118674,True,"prompts/真人/特效向/武侠打斗/renoise-2083426986610118674--提示词很简单,以输入图片作为第一帧和人物唯一参考,生成6秒-16-9横屏-超写实.md","提示词很简单，以输入图片作为第一帧和人物唯一参考，生成6秒、16:9横屏、超写实真人电影感古风武侠视频。严格保持白发东方剑客的面部特征、白色长发、近景面部构图、前景武器遮挡、冷冽表情和雪地/寒冷环境氛围，不改变人物身份、服装和发色。

00:00-00:02
镜头从极近距离面部特写开始，前景是一截虚化的武器或剑柄，焦点锁定在人物锐利的双眼上。白色发丝在寒风中不断掠过面部，空气中漂浮雪粒、冰屑和冷雾微尘，光线冷冽干净，皮肤纹理与睫毛细节清晰。

00:02-00:04
镜头缓慢推进，人物眼神从平静逐渐转为更强烈的杀意。她微微收紧目光，几乎不做大幅动作，只通过细微眼神变化和面部肌肉张力传递压迫感。白发持续被风吹起，雪粒在镜头前后穿梭，形成层次感。

00:04-00:06
她轻微转动手中武器，前景虚化的兵器带出一条冷亮反光，镜头也进行极轻微横向移动，制造真实的临战张力。最后一秒，风雪突然稍强，几缕白发掠过眼睛，人物直视镜头，冷酷、克制、极具危险气息。

视觉风格：
超写实电影感，冷色雪境氛围，极浅景深，白发细节，真实风雪粒子，面部微表情张力，冰冷高级，静中带杀意，顶级武侠特写。

禁止：
禁止二次元风格，禁止过度发光眼睛，禁止夸张魔法特效，禁止脸部漂移，禁止头发乱变长度，禁止新增人物抢镜，禁止字幕、logo、水印。"
renoise-2083429675947425829,手持手机拍摄，抖动明显，手机不出现在画面  0-1秒，起始画面是一张白纸占据整个画面，上面横着画着个女生半身像的涂鸦，画得非常俏皮，有些呆萌，表情搞怪，明显的飞…,,真人,现实向,生活与vlog,,zh,Seedance 2.0,,,renoise-ai/awesome-seedance-prompts,https://github.com/renoise-ai/awesome-seedance-prompts/blob/904b6caffa21c2b114bb93e1bd0e37ba80b3dd10/data/prompts/2083429675947425829.json,CC-BY-4.0,PixelAIGC,https://x.com/PixelAigc/status/2083429675947425829,True,"prompts/真人/现实向/生活与vlog/renoise-2083429675947425829--手持手机拍摄,抖动明显,手机不出现在画面-0-1秒,起始画面是一张白纸占据整个画.md",手持手机拍摄，抖动明显，手机不出现在画面  0-1秒，起始画面是一张白纸占据整个画面，上面横着画着个女生半身像的涂鸦，画得非常俏皮，有些呆萌，表情搞怪，明显的飞白，遒劲有力  1-2秒，纸的中间从背面被女人纤细的两只手撕开，涂鸦画发出卡通的惊叫声被带个撕裂了，两只手一只手向上一只手向下撕开纸，纸完全飞出画面看不见了。  2-5秒，透过撕破的纸一个20岁的年轻漂亮东亚女性，黑色棕色齐肩直发，冷白皮，她对着镜头微笑，她穿着粉色真丝宽松的吊带无袖薄上衣，白色短裙，盘腿坐在黄色的沙发上，表情俏皮。  日常VLOG拍摄，光线充足，有一点点过曝，9:16，5s
renoise-2083442673273499957,NEW YORK TSUNAMI BTS,,其他,,风景空镜,,en,Seedance 2.0,,,renoise-ai/awesome-seedance-prompts,https://github.com/renoise-ai/awesome-seedance-prompts/blob/904b6caffa21c2b114bb93e1bd0e37ba80b3dd10/data/prompts/2083442673273499957.json,CC-BY-4.0,Rahul Nanda,https://x.com/rahulnanda86/status/2083442673273499957,True,prompts/其他/风景空镜/renoise-2083442673273499957--NEW-YORK-TSUNAMI-BTS.md,"NEW YORK TSUNAMI BTS
Ultra-realistic behind-the-scenes phone footage of a massive disaster-film set inside a giant soundstage. One continuous unbroken wide shot only—no cuts, no close-ups, no angle changes. The frame clearly shows the full miniature New York waterfront, the large wave tank, crew members in black production clothing, a Jimmy Jib crane, a side camera trolley on tracks, monitors, cables, lighting units and the blue-screen wall behind the set.
The miniature skyline includes the Statue of Liberty, Empire State Building and Twin Towers, arranged as a stylized movie-set version of New York rather than strict geography.
The handheld phone camera begins from an elevated side position, already showing the entire set. The director shouts, “Action!” A deep mechanical rumble starts. Behind the miniature skyline, the wave-pool system releases an enormous wall of water.
The camera operator remains in the same wide position but slowly pans sideways to follow the wave as it travels across the tank. The wave strikes the waterfront, engulfs the Statue of Liberty, tears through streets, collapses miniature buildings and sweeps across the skyline. The Jimmy Jib continues moving, the trolley camera keeps rolling, crew members step backward and shout while water destroys the set.
The phone camera keeps panning with the destruction until spray, debris and floodwater fill most of the frame. End while the wave is still moving through the miniature city.
Sound: director shouting “Action,” wave-machine rumble, crew chatter, camera equipment, rising water roar, crashing miniature buildings, metal shaking and startled crew reactions."
renoise-2083443500163772575,Ultra-realistic behind-the-scenes phone footage inside a giant VFX water-tank…,,其他,,风景空镜,,en,Seedance 2.0,,,renoise-ai/awesome-seedance-prompts,https://github.com/renoise-ai/awesome-seedance-prompts/blob/904b6caffa21c2b114bb93e1bd0e37ba80b3dd10/data/prompts/2083443500163772575.json,CC-BY-4.0,Rahul Nanda,https://x.com/rahulnanda86/status/2083443500163772575,True,prompts/其他/风景空镜/renoise-2083443500163772575--Ultra-realistic-behind-the-scenes-phone.md,"Ultra-realistic behind-the-scenes phone footage inside a giant VFX water-tank studio. One single continuous unbroken wide shot, no cuts, no close-ups, no coverage. A miniature coastal city and long airport runway sit inside the tank, surrounded by a huge green-screen wall with tracking markers, overhead rigging, studio lights, a Jimmy Jib, side camera trolleys on tracks, monitors, cables, and crew members in FX-studio shirts filming the setup.

The handheld phone camera starts from an elevated side angle, clearly showing the runway, miniature skyline, water tank, and crew. Someone off-camera shouts, “Action!” A fighter jet on the runway begins accelerating fast. At the exact same time, an enormous tsunami wave rises behind the city and runway. The phone camera stays wide and smoothly pans to follow the action as the jet races forward, lifts off at the last second, and climbs just as the wall of water smashes onto the runway behind it. The plane barely escapes, then banks hard over the miniature city while the tsunami engulfs buildings below, flooding streets and smashing through the skyline. Crew members step back, camera operators keep rolling, and the wave fills the set with spray and chaos. End while the jet is turning above the destruction and the tsunami is still tearing through the city.

Sound: off-camera “Action!”, deep wave-machine rumble, jet engine roar, crew chatter, rolling trolley sounds, crashing water, miniature buildings collapsing, spray, startled shouting."
renoise-2083462661501780147,A cinematic 15-second continuous one-take shot on a luxury yacht at night…,,真人,现实向,剧情短片,,en,Seedance 2.0,,,renoise-ai/awesome-seedance-prompts,https://github.com/renoise-ai/awesome-seedance-prompts/blob/904b6caffa21c2b114bb93e1bd0e37ba80b3dd10/data/prompts/2083462661501780147.json,CC-BY-4.0,Mr Das,https://x.com/MrDasOnX/status/2083462661501780147,True,prompts/真人/现实向/剧情短片/renoise-2083462661501780147--A-cinematic-15-second-continuous-one-tak.md,"A cinematic 15-second continuous one-take shot on a luxury yacht at night, surrounded by a glowing city skyline and reflections on the ocean. The video opens with a close-up of champagne being poured into a crystal glass, bubbles sparkling under ambient LED lights. The camera smoothly pulls back and transitions into a steady glide across the deck, revealing a stylish party in motion—well-dressed people laughing, dancing, and enjoying the night. Neon accent lights reflect off polished surfaces while the ocean gently moves beneath. The camera weaves effortlessly between guests in one fluid motion, passing a DJ setup and a couple dancing near the edge of the yacht. As the beat drops, the camera rotates slightly to reveal fireworks lighting up the sky in the background. The shot ends with a wide cinematic view of the yacht cutting through dark water under vibrant lights. Ultra-realistic, cinematic lighting, smooth stabilization, no cuts, luxury nightlife vibe."
renoise-2083469927789269084,Awake,,真人,特效向,科幻,,en,Seedance 2.0,,,renoise-ai/awesome-seedance-prompts,https://github.com/renoise-ai/awesome-seedance-prompts/blob/904b6caffa21c2b114bb93e1bd0e37ba80b3dd10/data/prompts/2083469927789269084.json,CC-BY-4.0,DeCat,https://x.com/DeCat2025/status/2083469927789269084,True,prompts/真人/特效向/科幻/renoise-2083469927789269084--Awake.md,"Awake
Seedance 2.0

Inside a giant drone factory, one mechanic is working alone in a tall storage bay filled with stacked drone racks. One subject only.

One location only. The factory is clean and industrial: vertical storage walls, suspended rails, one overhead magnetic crane, metal walkways, warning lights, and a large sealed exit door at the far end.

The action starts when thousands of small drones suddenly wake up at once. Their eyes light up across the storage racks like a chain reaction. Then they pour out into the air in a fast metal swarm, filling the factory space and circling above the floor.
The swarm quickly assembles into one giant moving wall of drones that advances toward the mechanic, forcing them backward. The mechanic looks up, sees the overhead magnetic crane control, and runs to it. The mechanic activates the crane and swings the magnetic arm into the swarm.

The magnetic crane rips a huge section out of the drone wall, tearing the swarm apart and pulling dozens of drones into a spinning metal cluster. The mechanic uses that opening to grab a heavy tool or control lever and trigger the emergency blast on the sealed exit door.
The exit door bursts open. The mechanic rushes through the opening just as the drone swarm starts reforming behind them.

End with the mechanic reaching the doorway while the broken swarm whirls chaotically inside the factory behind.

Style: hyper-realistic, cinematic, intense, clear readable action, one mechanic only, one drone factory only, one main danger, one clear goal, storage racks full of drones, drone swarm forming one giant moving wall, overhead magnetic crane tearing the swarm apart, sealed exit door blasted open, no extra workers, no battle armor, no text, no logos, no cartoon style, no slow motion, no famous celebrity faces, no recognizable actors, no movie-star resemblance, no public-figure likenesses, no clear facial close-ups. Keep proportions. Keep style and features. Aspect ratio 16:9."
renoise-2083473899174654039,高品質アニメ映像。,,漫剧,特效向,科幻机甲,2D日漫,ja,Seedance 2.0,link-only,hate,renoise-ai/awesome-seedance-prompts,https://github.com/renoise-ai/awesome-seedance-prompts/blob/904b6caffa21c2b114bb93e1bd0e37ba80b3dd10/data/prompts/2083473899174654039.json,CC-BY-4.0,mayv@簡単プロ級プロンプト公開中！,https://x.com/haruuraeadss/status/2083473899174654039,True,prompts/漫剧/特效向/科幻机甲/renoise-2083473899174654039--高品質アニメ映像.md,
renoise-2083496524424904769,MICHAEL BAY STYLE TRANSFORMER SEQUENCE (EXPLOSIVE • CHAOTIC • 130 BPM),,真人,特效向,科幻,,en,Seedance 2.0,,,renoise-ai/awesome-seedance-prompts,https://github.com/renoise-ai/awesome-seedance-prompts/blob/904b6caffa21c2b114bb93e1bd0e37ba80b3dd10/data/prompts/2083496524424904769.json,CC-BY-4.0,Shore Lyn,https://x.com/Shorelyn_/status/2083496524424904769,True,prompts/真人/特效向/科幻/renoise-2083496524424904769--MICHAEL-BAY-STYLE-TRANSFORMER-SEQUENCE-E.md,"MICHAEL BAY STYLE TRANSFORMER SEQUENCE (EXPLOSIVE • CHAOTIC • 130 BPM)

Create a hyper realistic, blockbuster cinematic sequence of a car transforming into a massive humanoid robot, inspired by high intensity action film aesthetics. The transformation happens in one continuous shot (no cuts), driven by explosive energy and synced to a 130 BPM rhythm.

TONE & STYLE:
Over the top cinematic chaos. Massive explosions, fireballs, debris, shockwaves, sparks, and destruction everywhere. Highly dramatic, high contrast lighting with strong lens flares, glowing highlights, and deep shadows. Everything feels BIG, LOUD, and POWERFUL.

CAMERA (SIGNATURE MICHAEL BAY STYLE):

Continuous kinetic camera, no cuts

Aggressive low angle hero shots (dominant perspective)

Fast push ins, whip pans, rapid orbit spins

""Bayhem"" motion: chaotic but intentional

Camera flies through explosions, debris, fire trails

Sudden slow motion moments mid explosion, then snap back to real time

Heavy motion blur, dynamic shake, impact recoil

TRANSFORMATION (EXTREME DETAIL):
The transformation is violent, explosive, and mechanical:

Wheels blast outward, splitting and rotating into shoulder armor with sparks

Doors rip open and expand into layered mechanical wings with hydraulic force

Hood shatters into multiple metallic plates, slamming into a chest structure

Engine erupts outward, glowing intensely as a pulsing energy core

Exhaust pipes rotate and lock into weaponized arm structures

Arms burst out from compact chassis segments with visible pistons firing

Head emerges dramatically from within, panels snapping open with sparks

Thousands of micro mechanical parts shifting simultaneously

Every movement is heavy, loud, and impactful. Nothing is smooth or silent.

ENVIRONMENT:
Urban warzone or highway destruction scene:

Cars flipping, explosions chain reacting

Asphalt cracking under force

Fire trails, smoke clouds, flying debris

Buildings reflecting explosions

Dust shockwaves expanding outward

MOTION & RHYTHM (130 BPM):

Each beat triggers explosions, mechanical locks, or impact hits

Rhythm builds intensity to a climax at full transformation

Use speed ramps: slow motion during peak explosion, then snap acceleration

Chaotic pacing but still readable visually

FX & DETAILS:

Massive fireballs, spark showers, metal fragments

Heat distortion, volumetric smoke, dynamic lighting flicker

Lens flares, anamorphic streaks, camera dirt

Micro debris hitting the camera lens

FINAL SHOT (ICONIC HERO MOMENT):
Robot lands hard, causing a shockwave explosion

Camera circles rapidly through fire and smoke

Settles into a powerful low angle hero shot

Background burning, debris falling

Robot stands tall, glowing core pulsing, subtle mechanical idle movement

VISUAL QUALITY:
Ultra photorealistic, 4K to 8K cinematic, high dynamic range, realistic physics, film grade lighting, intense contrast, blockbuster look

KEYWORDS:
Michael Bay style, Bayhem, explosive transformation, cinematic destruction, continuous shot, no cuts, kinetic camera, 130 BPM sync, fire explosions, mechanical chaos, blockbuster action"
renoise-2083501727836225758,Create a 15-second photorealistic cinematic dark-fantasy battlefield sequence…,,真人,特效向,奇幻怪兽,,en,Seedance 2.0,,,renoise-ai/awesome-seedance-prompts,https://github.com/renoise-ai/awesome-seedance-prompts/blob/904b6caffa21c2b114bb93e1bd0e37ba80b3dd10/data/prompts/2083501727836225758.json,CC-BY-4.0,MadMax,https://x.com/MadMax_Series/status/2083501727836225758,True,prompts/真人/特效向/奇幻怪兽/renoise-2083501727836225758--Create-a-15-second-photorealistic-cinema.md,"Create a 15-second photorealistic cinematic dark-fantasy battlefield sequence in 16:9 widescreen. The video contains exactly two shots connected by one clean hard cut at approximately 11 seconds. No dissolves, morphing transitions or montage editing.

MASTER CREATURE LOCK:
Show exactly one colossal ash-white bat-dragon with wyvern anatomy. The creature has one broad skull-like head, two glowing ember-red eyes, one enormous mouth filled with long dark teeth, pale hairless scaled skin, a powerful chest, two muscular hind legs, one long narrow tail and one pair of gigantic bat-like wings. Its wings have strong finger-like bones supporting huge semi-translucent pale membranes. The wings glow warm orange when backlit by the battlefield fires.

The bat-dragon has no separate forelegs or human arms. Its wings are its only front limbs. Its design, colour, face, size, anatomy and wing structure remain identical throughout both shots. It never transforms, multiplies, changes colour or grows additional limbs.

BATTLEFIELD AND ARMY:
A vast apocalyptic fantasy battlefield beneath turbulent charcoal-grey storm clouds. The ground is dark, broken and covered with ash, embers, scorched rocks and drifting smoke. Large walls of orange fire burn across the distant horizon, strongly backlighting the approaching bat-dragon.

Hundreds of shadowy horned warriors crowd the battlefield. The warriors wear dark rough armour and simple horned helmets. Keep the warriors anonymous, visually similar and mostly seen as small silhouettes. No individual warrior is a main character and no faces require close detail. The army fills the foreground and middle distance to establish the impossible scale of the flying creature.

Use a cold grey-blue environment contrasted with intense orange firelight, glowing embers and warm translucent wing membranes. The environment must remain clearly visible through the smoke.

SHOT 1 — COLOSSAL LOW FLYOVER, 0–11 SECONDS:
Begin with a low ground-level ultra-wide camera positioned inside the tightly packed horned army, looking toward the burning horizon. Foreground warriors partially frame the bottom and sides of the image. The handheld camera moves slightly between the crowd while always looking forward.

Through the smoke and fire, the silhouette of one colossal bat-dragon appears in the sky. Its enormous folded wing shape initially resembles two mountains rising through the flames. The dragon then opens both wings to their full symmetrical width, completely dominating the sky. Bright orange fire shines through the pale wing membranes while the creature’s red eyes become visible.

The dragon performs one slow, immensely powerful downward wingbeat and descends toward the battlefield. The wingbeat pushes smoke outward in a huge circular pattern. The army looks upward and begins moving in panic as the creature rapidly approaches.

The bat-dragon glides extremely low above the battlefield without landing. Its chest and head pass just above the horned warriors. It banks slightly, bringing one enormous wing close over the foreground camera while the other wing remains fully visible and correctly attached. The wing itself does not physically strike the warriors.

The pressure wave created by the low flyover blasts across the army. Ash, embers, loose weapons, cloth and small pieces of debris surge sideways through the frame. Foreground warriors are knocked off balance, lifted briefly and scattered by the powerful wind, tumbling away from the creature without graphic impact or injury. Keep the movement chaotic but physically believable.

The camera shakes violently from the wing pressure and quickly pans to follow the dragon’s low flight across the battlefield. Flames bend beneath the airflow and smoke rolls outward behind the creature. Maintain a clear view of the same bat-dragon throughout the flyover. The dragon must not disappear completely behind its own wing or the smoke.

SHOT 2 — FRONTAL ROARING CHARGE, 11–15 SECONDS:
At approximately 11 seconds, make one clean hard cut to a frontal low-angle telephoto shot directly in the bat-dragon’s flight path. The creature is already flying forward through thick smoke and towering flames, coming straight toward the camera.

Keep both enormous wings visible on either side of its body as they perform one powerful coordinated wingbeat. The glowing red eyes remain locked directly on the camera. Burning embers stream around the creature while the orange flames behind it illuminate the translucent wing membranes.

As the bat-dragon rapidly closes the distance, it lowers its skull-like head and opens its enormous mouth, revealing multiple rows of long sharp teeth. It releases a deafening roar directly toward the camera. The force of the roar pushes smoke and embers outward from its face.

The camera retreats slightly while the dragon continues approaching, creating intense forward momentum. Finish just before impact with the creature’s roaring face, glowing eyes and wings dominating the frame. The dragon does not hit or pass through the camera.

CAMERA AND MOTION:
Shot one uses a low handheld battlefield perspective with strong scale, foreground silhouettes, realistic parallax and a fast pan following the flyover. Shot two uses a steady frontal tracking camera that retreats as the dragon approaches. Use cinematic motion blur on the wing tips, airborne ash and scattered debris, but keep the creature’s face and body sharply readable. The motion must feel fast, heavy and dangerous rather than weightless.

VISUAL QUALITY:
Premium big-budget dark-fantasy visual effects, photorealistic creature texture, physically accurate wing membranes, believable muscles moving beneath pale skin, enormous scale, detailed fire and smoke simulations, dense volumetric atmosphere, realistic aerodynamic pressure, strong depth, natural motion blur, sharp creature details and dramatic fire backlighting.

AUDIO:
No dialogue and no music. Roaring battlefield fire, panicked distant army sounds, rushing wind, deep leathery wingbeats, armour rattling, debris scraping across the ground, heavy low-frequency pressure wave and one terrifying creature roar during the final frontal approach.

STRICT CONSISTENCY:
Exactly one bat-dragon. No additional flying creatures. No rider. Exactly one head, two eyes, one mouth, two wings, two hind legs and one tail. No extra wings, arms, heads, faces or tails. The wings must remain attached to the same creature and must not turn into hands. The dragon never lands, breathes fire or changes design. Keep both wings intact and symmetrical. The horned warriors remain separate from the dragon and do not merge into its body. No visible casualties, blood, gore, text, subtitles, logos or real-world symbols."
renoise-2083502212471464132,创作一段超级电影感的连续单镜头摩托艇滑水视频。严格参考提供的角色表来描绘这位女性【@图片1】：冷白色皮肤，明亮的黑眼睛，长直黑发，苗条健美身材，白色深V领连体泳…,,真人,现实向,生活与vlog,,zh,Seedance 2.0,,,renoise-ai/awesome-seedance-prompts,https://github.com/renoise-ai/awesome-seedance-prompts/blob/904b6caffa21c2b114bb93e1bd0e37ba80b3dd10/data/prompts/2083502212471464132.json,CC-BY-4.0,PixelAIGC,https://x.com/PixelAigc/status/2083502212471464132,True,prompts/真人/现实向/生活与vlog/renoise-2083502212471464132--创作一段超级电影感的连续单镜头摩托艇滑水视频-严格参考提供的角色表来描绘这位女性.md,创作一段超级电影感的连续单镜头摩托艇滑水视频。严格参考提供的角色表来描绘这位女性【@图片1】：冷白色皮肤，明亮的黑眼睛，长直黑发，苗条健美身材，白色深V领连体泳衣，绿色水上摩托小艇【@图片2】（仅参照小艇，不参照上面的人）小艇前面是透明的玻璃。 仅出现一名主体：仅此女性。无其他骑手、冲浪者、多余船只。 场景：明亮开阔水域，蓝绿色的水面，阳光反射，强劲的快艇尾浪，白色泡沫，小波浪，水花，风声，以及引擎声。原始、快速、电影感、真实。 摄影风格：高速的运动摄影记录片高清电影质感，35mm镜头，跟随拍摄，有随波浪跳动的抖动和模糊，冷色调，自然太阳光。 视频风格：一段连续镜头，无剪辑、无隐藏剪辑、无转场、无蒙太奇。超级逼真的运动，自然运动模糊，摩托小艇引擎声，摩托小艇掠水声，镜头水滴，水花，风噪，以及可信的身体调整。 音频：充满活力的电影动作音乐。从时尚的肾上腺素节拍开始，伴随清晰的引擎、风、摩托小艇和水声。在超慢动作期间，转为深沉低音、上升张力，以及空灵悬浮的冲击感。在着陆时，锐利打击并回归全速动作能量。 视频以非常近的前视图开始，展示这位女性已在摩托小艇驾驶座上，身体前倾注视镜头。镜头紧贴她的脸部和上半身，略微低位。她自信微笑看着镜头，湿漉漉的黑发在风中飘动，白色V领泳衣可见，两臂张开两手紧握摩托小艇操控把手。她对着镜头说：“今天我们来开水上摩托” 小艇快速行进在水面，艇后扬起水波和小浪。 镜头平滑拉远并降至更低位置。她高速掠过镜头，无任何剪辑，镜头顺势流转至她身后，进入极低尾随角度，位于艇尾水平，贴近水面，略微落后于小艇尾部。 现在镜头从身后跟随，低位且贴近。小艇切开水面，水花击中镜头，小艇加速激起更大的浪花。她两腿用力支撑，微微站起用力，身体前倾，加速，风吹乱她的长头发，镜头上移至她的侧面跟拍，她对着镜头兴奋地大笑，说：“哈哈，这个太刺激了！”，转头继续专注地操控小艇，小艇切割泡沫和波浪。 她在波涛起伏的水面上做小幅真实跳跃，同时保持平衡。 然后她弯下腰，用力打方向，小艇向左急转，在水面划出一道 C型弧线，她用左手向下触水。她的指尖掠过水面，将水花向低位镜头甩回。 她加速回转艇身，继续向右边转弯，镜头在她的前方贴着他的脸和肩膀下方，她用右手压向水面，她压低小艇板边缘，双手紧握操纵杠，小艇真实跳跃方式从尾浪起飞，小艇力度强劲但不过分夸张。 当小艇离开水面时，她双手紧握操作杆，双腿完全站立，时间切换至超慢动作。镜头持续移动，推近她，同时平滑绕着她的身体旋转。单个水滴和悬浮水花颗粒清晰可见，伴随细微的发丝移动、小艇在空中的飞行跳跃张力，以及微小的身体调整。 在顶点，她一手保持握住操作杆，另一手上向上张开挥手。随着镜头绕得更近，她转脸面向镜头，以专注而兴奋的凝视。 她重新两手紧握操作杆，小艇向下坠落。在撞击瞬间，超慢动作立即结束，全速回归。她猛力着陆，引发爆炸性水花，水柱向镜头喷射。镜头保持低位在小艇侧后方，跟随撞击，然后迅速滑过一个大浪卷起的水幕穹洞，非常酷地滑跃。她重新获得平衡，继续以同一段不间断单镜头小艇冲过浪花冲向镜头，说：“哈哈，再见”。 无文字，无字幕，无音乐，保留音效
renoise-2083515220304224423,"Image1 = environment. Gritty sunset back-street lot, cracked concrete…",,漫剧,特效向,战斗大招,2D日漫,en,Seedance 2.0,,,renoise-ai/awesome-seedance-prompts,https://github.com/renoise-ai/awesome-seedance-prompts/blob/904b6caffa21c2b114bb93e1bd0e37ba80b3dd10/data/prompts/2083515220304224423.json,CC-BY-4.0,𝕄𝔸𝕋ℝ𝕀𝕏,https://x.com/matrixmurals/status/2083515220304224423,True,prompts/漫剧/特效向/战斗大招/renoise-2083515220304224423--Image1-environment.-Gritty-sunset-back-s.md,"Image1 = environment. Gritty sunset back-street lot, cracked concrete, chain-link fence with razor wire, graffiti walls, palm trees, parked cars. Warm orange dusk light, long hard shadows.
Image2 = Character A, BULLDOG. Heavyset powerful build, broad shoulders, deep tan skin, buzzed rust-orange fade, gold hoop earrings, nose ring, burnt-orange cropped tank, thin gold chain, baggy gray sashed pants, blood-stained white hand wraps, gold knuckle rings, gray high-top sneakers.
Image3 = Character B, VIPER. Lean athletic build, deep tan skin, long black ponytail with blunt bangs, green eyes, small black shoulder tattoo, olive sports bra, black shorts, black fingerless gloves over white taped wrists, tan ankle braces, white sneakers.

FIGHT STYLES: Bulldog presses forward constantly with heavy wide hooks and bull-rushing pressure, absorbing hits on her forearms. Viper stays mobile with fast straight punches, rising knees, clean circling footwork, slipping and countering.

0.0 to 2.5s: Low-angle wide full shot, camera near ground level. Both fighters in profile at mid-distance, guards raised, circling each other clockwise. Sneakers scuff on gravel. Long shadows stretch behind them. Camera slowly tracks right, orbiting with their circle, both fully in frame.

2.5 to 4.5s: Snap push-in to a tight over-the-shoulder shot behind Bulldog. She fires a wrapped straight punch that passes close by the lens. Viper slips it, head snapping aside, ponytail whipping across frame. Handheld micro-shake as the punch misses.

4.5 to 7.0s: Whip pan to a medium full shot from the opposite side. Viper counters with a fast one-two into a rising knee. Bulldog blocks on crossed forearms and is driven back two heavy steps, dust kicking off the concrete. Camera tracks backward with them, low horizon, both bodies visible.

7.0 to 9.5s: Hard cut to a dynamic low wide shot. Both fighters lunge at the same time, bodies stretched long, one foot off the ground each, silhouetted against the bright hazy sunset sky. Brief slow motion at the apex, then a hard snap back to full speed as fists collide against each other's guards.

9.5 to 11.5s: Orbit shot circling tightly around the clinch. Chain-link fence and graffiti wall sweep through the background. Short hooks and elbows traded at close range, shoulders grinding, feet shuffling.

11.5 to 13.5s: Hard cut to extreme close-up. Viper's taped fist drives directly toward the lens, glove filling the frame in heavy motion blur. The punch lands. Camera snaps instantly to Bulldog's face in extreme close-up, head torqued violently sideways, sweat flying, eyes squeezed shut, hair displaced. Frame shakes hard on contact.

13.5 to 15.0s: Fast pull back to a low-angle wide shot. Bulldog drops to one knee on cracked pavement, head down, shoulders heaving. Viper stands a few paces away, guard lowering, chest rising and falling, ponytail settling. Camera slows to a held final frame, both backlit against the glowing sunset haze.

CAMERA: Alternate hard between low-angle wide full shots and violent snap-in extreme close-ups on every impact. No smooth glides. Handheld energy, whip pans between angles, aggressive cutting rhythm that tightens as the fight escalates.

STYLE: 2D semi-realistic anime concept art, clean confident lineart, painterly cel shading with soft gradients. Muted palette of burnt orange, olive green, warm gray concrete, dusty sunset gold. Cinematic widescreen framing, 24fps motion feel, subtle film grain. Faces, hair and outfits stay exactly on-model with Image2 and Image3 in every shot.

AUDIO: Gritty low percussive drums building in intensity, sharp impact hits synced to each landed strike, sneaker scuffs on gravel, cloth rustle, heavy breathing, distant traffic ambience. Bass drop on the final impact, then near-silence with only breathing over the last frame."
renoise-2083515663163781556,"Cinematic anime short film clip, 15 seconds. Busy urban city street, bright…",,漫剧,特效向,特效综合,2D日漫,en,Seedance 2.0,,,renoise-ai/awesome-seedance-prompts,https://github.com/renoise-ai/awesome-seedance-prompts/blob/904b6caffa21c2b114bb93e1bd0e37ba80b3dd10/data/prompts/2083515663163781556.json,CC-BY-4.0,TechieSA,https://x.com/TechieBySA/status/2083515663163781556,True,"prompts/漫剧/特效向/特效综合/renoise-2083515663163781556--Cinematic-anime-short-film-clip,-15-seco.md","Cinematic anime short film clip, 15 seconds. Busy urban city street, bright midday clear blue sky, marble buildings, wide sidewalks, open plaza with fountain, parking garage, rooftop. One continuous forward flowing city environment.

CHARACTER: Young male BMX rider, light brown skin, sharp angular face, short dark curly hair slightly messy, bright confident eyes, slim athletic build, mid teens. Oversized vintage graphic tee, baggy dark jeans, high ankle socks, worn skate shoes, small gold chain, beanie pushed back. Black BMX bike with stunt pegs on both wheels.

AUDIO: High energy hip hop beat loud from frame one never stopping, every cut synced to beat, bike sounds layered on top — pegs grinding, tires rolling, chain rattling, landings — always audible.

[0:00-0:02] Already grinding down a long marble handrail on his pegs at full speed, sparks flying. Low angle looking up. Close up of pegs sparking on rail.

[0:02-0:04] Hits the bottom, rides straight up a delivery truck loading ramp, THROUGH the open cargo container, launches out the other side over stacked boxes. Delivery worker jumping back in shock. Side tracking shot. Cut to shocked delivery guy.

[0:04-0:06] Lands clean, immediately pulls manual — back wheel only, front wheel high — weaving between pedestrians at speed. Side profile. Front shot balancing toward camera.

[0:06-0:08] Rides directly INTO the plaza fountain — water exploding off both wheels — massive wave soaks a couple sitting peacefully on a bench beside the fountain, they jump up completely drenched — he barspins mid-fountain without looking back, rides out grinning. Wide shot water explosion. Close up shocked soaked couple. Close up barspin.

[0:08-0:10] Flatbed truck drives past — bunny hops ONTO the moving flatbed — rides across it as it drives — hops off the other end back onto the street without losing speed. Shot from truck bed. Wide shot hopping off clean.

[0:10-0:12] Hits parking garage — rides up the OUTSIDE spiral edge, city visible below getting smaller as he climbs — bursts onto the rooftop into bright daylight.

[0:12-0:15] HERO MOMENT. Rooftop, clear blue sky, city far below. Full speed at kicker ramp — launches HIGH — massive tailwhip into barspin combo simultaneously — catches everything — lands clean — rolls straight at camera — grinning, gold chain flying — cut to black mid-roll. One final beat hit in darkness.

Cinematic cel-shaded 3D anime, semi-realistic CGI, hand-painted textures, Unreal Engine quality, bright midday lighting, clear blue sky throughout, vibrant city colors, digital painting feel, hard-edge brushwork, heavy shadows, not cartoon not Disney not Pixar, film grain, premium anime quality, hip hop beat and bike sounds dominant throughout."
renoise-2083523126810267830,"Style: Ultra-realistic, cinematic, luxury fitness commercial, natural morning…",,其他,,广告带货,,en,Seedance 2.0,,,renoise-ai/awesome-seedance-prompts,https://github.com/renoise-ai/awesome-seedance-prompts/blob/904b6caffa21c2b114bb93e1bd0e37ba80b3dd10/data/prompts/2083523126810267830.json,CC-BY-4.0,Sarah Parker,https://x.com/SeharShinwari/status/2083523126810267830,True,"prompts/其他/广告带货/renoise-2083523126810267830--Style-Ultra-realistic,-cinematic,-luxury.md","Style: Ultra-realistic, cinematic, luxury fitness commercial, natural morning light, handheld camera, shallow depth of field, realistic human movement, premium gym interior, 4K HDR, no AI artifacts, smooth camera motion.

Character Consistency: A fit woman in her mid-20s with natural beauty, medium-length dark brown hair tied in a neat high ponytail, athletic build, light natural makeup, wearing a black fitted sports bra, high-waisted charcoal gray leggings, white training sneakers, and a black smartwatch. Maintain identical facial features, hairstyle, body proportions, clothing, and accessories throughout every scene.

Scene 1 (0–3s) – Ready to Go

Early morning. She sits on a gym bench, calmly tying her white sneakers. Soft golden sunlight enters through the large windows. Close-up of her hands tightening the laces, then a confident smile as she stands up.

Scene 2 (3–5s) – Hydration

She walks to a water station and fills a sleek reusable water bottle. Slow-motion water pouring, cinematic close-up of droplets, natural reflections, shallow depth of field.

Scene 3 (5–11s) – Workout

Fast-paced montage:

* Walking confidently through the gym.
* Running on the treadmill.
* Performing dumbbell shoulder presses.
* Romanian deadlifts with perfect form.
* Short battle rope sequence.
  Natural sweat, controlled breathing, realistic muscle movement, energetic but authentic.

Scene 4 (11–13s) – Protein Shake

She pours a chocolate protein shake into a shaker bottle, shakes it confidently, takes a refreshing sip while smiling.

### **Scene 5 (13–15s) – Walk Out**

She walks out of the gym with her gym bag over one shoulder, headphones on, morning sunlight behind her. The camera follows from behind as the gym doors close, ending with a confident cinematic slow-motion shot.

Camera Style

* Handheld cinematic camera
* Smooth gimbal tracking shots
* Close-ups with shallow depth of field
* Slow motion at key moments
* Natural lens flares
* Commercial-style framing

Color Grading

Warm golden morning tones, realistic skin texture, clean whites, high contrast, premium fitness advertisement look.

Negative Prompt

Cartoon, anime, CGI, unrealistic body proportions, extra fingers, blurry face, distorted anatomy, flickering, low quality, oversaturated colors, robotic movement, AI artifacts, inconsistent clothing, inconsistent face, text, watermark, logo."
renoise-2083527880588296485,"Hyper-realistic cinematic sci-fi action sequence, 15 seconds, aspect ratio 16:9.",,真人,特效向,动作大片,,en,Seedance 2.0,,,renoise-ai/awesome-seedance-prompts,https://github.com/renoise-ai/awesome-seedance-prompts/blob/904b6caffa21c2b114bb93e1bd0e37ba80b3dd10/data/prompts/2083527880588296485.json,CC-BY-4.0,DeCat,https://x.com/DeCat2025/status/2083527880588296485,True,prompts/真人/特效向/动作大片/renoise-2083527880588296485--Hyper-realistic-cinematic-sci-fi-action.md,"Hyper-realistic cinematic sci-fi action sequence, 15 seconds, aspect ratio 16:9.
Inside a dark frozen containment chamber, one scientist is alone during a cryo failure. One subject only. One location only. The room is cold, metallic, and simple: one massive frosted cryo chamber, icy floor, vapor-filled air, warning lights, exposed pipes, and one heavy exit door. Inside the cryo chamber, a huge creature is visible only as a dark shape behind the ice. The goal is simple: the scientist must reach the exit before the cryo chamber fully breaks open.

The action starts when a deep crack runs across the front of the chamber. Frost explodes outward. Red warning lights begin flashing through thick white vapor. The shadow inside shifts for the first time. A heavy impact from inside the chamber dents the glass. The scientist backs away, then turns for the exit. Another impact hits. The chamber splits wider and one massive claw or limb punches through the ice-glass front. Freezing vapor floods the room. The scientist slips on the icy floor, catches a handrail, and scrambles back up while broken cryo fragments scatter across the ground. The breach gets worse fast. The creature forces part of its body through the opening and drags itself forward. The scientist reaches the exit control, but a fallen pipe blocks part of the path.

The scientist ducks under the pipe, slams the emergency door control, and the heavy door begins closing. At the end, the scientist dives through the narrowing doorway just as the creature lunges out of the shattered chamber. The blast door slams shut, and the creature’s silhouette crashes against the sealed door from the other side.

Style: hyper-realistic, cinematic, intense, dark, clear readable action, one scientist only, one creature only, one frozen containment room only, one clear goal, giant cryo chamber cracking open, thick vapor, icy floor, flashing warning lights, heavy impacts from inside the chamber, creature limb breaking through, no extra characters, no extra creatures, no text, no logos, no cartoon style, no slow motion, no famous celebrity faces, no recognizable actors, no movie-star resemblance, no public-figure likenesses, no clear facial close-ups. Keep proportions. Keep style and features. Aspect ratio 16:9."
renoise-2083529234887389590,"Use @[char1] only for C1 identity: the large stocky orange tiger warrior, white…",,漫剧,特效向,武侠打斗,2D日漫,en,Seedance 2.0,,,renoise-ai/awesome-seedance-prompts,https://github.com/renoise-ai/awesome-seedance-prompts/blob/904b6caffa21c2b114bb93e1bd0e37ba80b3dd10/data/prompts/2083529234887389590.json,CC-BY-4.0,Saul.Goodman,https://x.com/jimmythesaul/status/2083529234887389590,True,prompts/漫剧/特效向/武侠打斗/renoise-2083529234887389590--Use-char1-only-for-C1-identity-the-large.md,"Use @[char1] only for C1 identity: the large stocky orange tiger warrior, white muzzle/chest fur, worn ivory robe, dark chest armor, olive shoulder strap, belt ornaments, wrapped legs, and exactly one katana with one matching empty scabbard; ignore duplicate turnaround weapons and alternate accessories.
Use @[char2] only for C2 identity: the towering muscular black spirit-beast, red eyes, white smoke whiskers, forehead jewels, bead ornaments, red-green-blue waist cloth, smoky tail, and red-blue flame horns. C2 is unarmed and fights only with claws, fists, forearms, tail, and spirit flame; never add a weapon.

LOOK + WORLD: 2D hand-painted Chinese ink/watercolor anime, expressive linework, textured paper; moonlit rainy bamboo shrine, wet stone, shallow pools, broken lanterns, cut stalks, canopy gap; fixed blue-green moonlight, 24–35mm cinematic depth.
ACTION + CAMERA: Pro Anime Combat: burst, readable hit-stop, recoil, re-entry; cut on action at each P##. Keep C1 left, C2 right unless crossing during an attack. Low tracks rise to crane, then locked P14. C2 remains taller and broader; C1 remains heavy, grounded, and agile.
VFX SYSTEM: Pair N is one cold white-blue bolt from storm sky through the canopy at impact N, creating one instant full-screen flash. Each clears to fixed moonlight within its beat, with no buildup or lingering glow. C1 energy pale gold-white; C2 energy red-blue with white smoke edges.
SOUND: No music; rain hiss, thunder, paws on wet stone, cloth snaps, armor clinks, blade hum, claws scraping steel, bamboo cracking, beast growls.

BEATS:
P01: Ground profile WS, track: C1’s low katana sweep meets C2’s flame-wrapped forearm at impact 1, pair 1; recoil loads C2’s downward claw.
P02: Low front 3/4 FS, lead: C2’s descending claw meets C1’s rising guard at impact 2, pair 2; C1 redirects upward.
P03: Waist front 3/4 MLS, pan: C1’s rising diagonal meets C2’s crossed claws at impact 3, pair 3; C2 slides toward one bamboo.
P04: Profile FS, track: C2 backfists that bamboo; no clash, no pair; the severed top falls and stays down as C1 advances.
P05: High OTS MLS, chase: C1’s horizontal cut meets C2’s low flaming claw catch at impact 4, pair 4; C2 turns into a shoulder rush.
P06: High profile MS, pan: C2’s shoulder-forearm rush meets C1’s braced flat-blade guard at impact 5, pair 5; C1 steps around.
P07: Profile FS, push: C1’s reverse cut meets C2’s sweeping claw at impact 6, pair 6; both pass each other.
P08: Low rear 3/4 WS, lead: C2 lands and whips his smoky tail through thin bamboo; no clash, no pair; broken sections fall and remain down as C1 re-enters.
P09: Low rear 3/4 MLS, track: C1’s pale-gold blade wave meets C2’s two-arm spirit barrier at impact 7, pair 7; C2 drives into a hammerfist.
P10: Ground profile FS, chase: C2’s hammerfist meets C1’s kneeling two-hand katana catch at impact 8, pair 8; C1 pivots upward.
P11: Low front 3/4 MLS, pan: C1’s waist cut meets C2’s rising claw at impact 9, pair 9; both recoil into crossing attacks.
P12: Top-down WS, crane: C1’s diagonal blade and C2’s opposite flame-claw cross at impact 10, pair 10; recoil lifts both into the final exchange.
P13: High front 3/4 FS, push: C2’s double-claw flame sheet meets C1’s upward katana split at impact 11, pair 11; both load overhead.
P14: Low frontal WS, locked: C1’s single katana collides overhead with C2’s crossed flame-wrapped claws at impact 12, largest pair 12; the flash clears to fixed moonlight as both blast apart, remain visible, recover, and face each other.

CONTINUITY: Exactly two characters. C1 keeps one katana and one empty scabbard; no duplication, vanishing, breakage, or redesign. C2 remains unarmed. No new weapons, props, clothing, characters, text, logos, blood, dismemberment, or persistent energy fields. Fallen bamboo stays fallen."
renoise-2083532010933371220,"A STATIC FULL-BODY SHOT IN  VERTICAL FORMAT, SHOT ON ARRI ALEXA 35 WITH A 50MM…",,真人,现实向,时尚写真,,en,Seedance 2.0,,,renoise-ai/awesome-seedance-prompts,https://github.com/renoise-ai/awesome-seedance-prompts/blob/904b6caffa21c2b114bb93e1bd0e37ba80b3dd10/data/prompts/2083532010933371220.json,CC-BY-4.0,Talia,https://x.com/TaliaAariz/status/2083532010933371220,True,prompts/真人/现实向/时尚写真/renoise-2083532010933371220--A-STATIC-FULL-BODY-SHOT-IN-VERTICAL-FORM.md,"A STATIC FULL-BODY SHOT IN  VERTICAL FORMAT, SHOT ON ARRI ALEXA 35 WITH A 50MM LENS, HEAD-TO-TOE VISIBLE, NO CROPPED FEET. SINGLE ASYMMETRIC COMPOSITION: A VERTICAL SMARTPHONE FASHION-APP UI OCCUPIES THE LEFT THIRD, WHILE THE MODEL STANDS ON THE RIGHT TWO-THIRDS. THE CAMERA REMAINS LOCKED AS SHE PERFORMS ONE SLOW CONTROLLED 360-DEGREE TURN WITH SMALL NATURAL POSE CHANGES.

USE IMAGE 1 AS THE ONLY FACE AND IDENTITY REFERENCE. PRESERVE THE SAME FACE, EYE SPACING, JAWLINE, NOSE BRIDGE, HAIRLINE, HAIRSTYLE, SKIN TONE, AND NATURAL MAKEUP. USE IMAGE 2 AS THE EXCLUSIVE REFERENCE FOR THE LIGHT-BLUE RIBBED SHORT-SLEEVE SCOOP-NECK TOP. USE IMAGE 3 AS THE EXCLUSIVE REFERENCE FOR THE WHITE WRAP LONG SKIRT WITH SIDE WAIST RIBBON. USE IMAGE 4 AS THE EXCLUSIVE REFERENCE FOR THE BEIGE OPEN-TOE HOME SLIPPERS. USE IMAGE 5 AS THE EXCLUSIVE REFERENCE FOR THE DENIM-BLUE QUILTED SHOULDER BAG WITH DIAMOND STITCHING, FLAP, CHAIN-AND-LEATHER STRAP, AND METALLIC HARDWARE. PRESERVE THE ORIGINAL COLORS, MATERIALS, SHAPES, PROPORTIONS, AND DETAILS OF EACH REFERENCE.

THE MODEL BEGINS IN A PLAIN FITTED BLACK TANK TOP AND CLEAN BLACK SHORTS. AS SHE ROTATES, EACH ITEM LEAVES THE LEFT PHONE UI AND AUTOMATICALLY FITS INTO PLACE.

FIRST, THE LIGHT-BLUE TOP FITS NATURALLY OVER HER TORSO AND ARMS. SHE TILTS HER HEAD, WIDENS HER EYES, SMILES BRIGHTLY, AND LIGHTLY TOUCHES THE SLEEVE WITH A CUTE SURPRISED EXPRESSION.

SECOND, THE WHITE WRAP LONG SKIRT COVERS THE BLACK SHORTS AND FORMS THE SAME SIDE RIBBON, LENGTH, WRAP, AND SOFT DRAPE AS IMAGE 3. SHE HOLDS THE SKIRT SIDES SLIGHTLY, MAKES A SMALL HALF-TWIRL, AND SHOWS A DELIGHTED SMILE.

THIRD, THE BEIGE SLIPPERS FIT NATURALLY ONTO HER FEET. SHE LIFTS ONE FOOT SLIGHTLY, POINTS HER TOES, LOOKS DOWN WITH A PLAYFUL GRIN, THEN LOOKS BACK AT THE CAMERA WITH A TINY NOD.

FOURTH, THE DENIM-BLUE QUILTED BAG SETTLES OVER HER SHOULDER AND BESIDE HER HIP. SHE HOLDS THE STRAP WITH ONE HAND, PLACES THE OTHER HAND NEAR HER CHEEK, LEANS SLIGHTLY TOWARD THE CAMERA, AND GIVES A CUTE CONFIDENT SMILE.

AFTER THE FULL OUTFIT IS COMPLETE, SHE FACES THE CAMERA, MAKES A SMALL FINAL TWIRL, GENTLY HOLDS THE SKIRT WITH ONE HAND AND THE BAG STRAP WITH THE OTHER, LEANS FORWARD SLIGHTLY, AND SAYS IN KOREAN, “나 어때요?” WITH A SWEET, PLAYFUL, CURIOUS TONE. NATURAL KOREAN LIP MOVEMENT SYNCHRONIZED TO THE DIALOGUE, FOLLOWED BY A BRIGHT SMILE AND ONE SMALL BLINK.

THE LEFT SIDE LOOKS LIKE A PREMIUM VERTICAL SMARTPHONE FASHION APP WITH ROUNDED CORNERS, BLUSH-PINK AND CREAM COLORS, CLEAN WHITE PRODUCT CARDS, A TOP NAVIGATION BAR, BACK ARROW, STATUS DOTS, AND SEARCH ICON. DISPLAY FOUR STACKED PRODUCT CARDS: TOP FROM IMAGE 2, BOTTOM FROM IMAGE 3, SHOES FROM IMAGE 4, ACCESSORY FROM IMAGE 5. ONLY ONE CARD ACTIVATOne spin. Four pieces. Endless style. Watching fashion transform in real time never gets old. AIFashion OOTD StyleTransformationES AT A TIME WITH A SOFT PINK GLOW. WHEN AN ITEM LEAVES ITS CARD, THE SLOT BECOMES EMPTY AND CHANGES TO A SIMPLE CHECKED STATE. KEEP THE UI CLEAN, STABLE, SPACIOUS, AND SEPARATED FROM THE MODEL.

BRIGHT EVEN BEAUTY LIGHTING, NEUTRAL SOFT KEY LIGHT ON HER FACE, SOFT FILL, PALE-BLUE AND BLUSH-PINK BACKGROUND ACCENTS, CLEAN CONTACT SHADOWS, SUBTLE RIM LIGHT, SHARP CATCHLIGHTS. REALISTIC FABRIC DRAPING, BODY CONTACT, GRAVITY, COLLISION, SKIRT MOTION, SLIPPER ALIGNMENT, AND BAG SWING. CUTE PLAYFUL K-POP OOTD VARIETY SHOW AESTHETIC, PHOTOREALISTIC FACE, NATURAL PORES, DETAILED LIPS, EXPRESSIVE EYES, NATURAL CUTE FACIAL ACTING, NO STIFF POSTURE, NO CLOTHING CLIPPING, NO DUPLICATE ITEMS, NO DISTORTED HANDS, NO EXTRA FINGERS, NO FACE OCCLUSION, NO IDENTITY DRIFT, HIGH-FIDELITY CINEMATIC REALISM, SHARP FOCUS."
renoise-2083559439161036833,TITLE,,真人,现实向,生活与vlog,,en,Seedance 2.0,,,renoise-ai/awesome-seedance-prompts,https://github.com/renoise-ai/awesome-seedance-prompts/blob/904b6caffa21c2b114bb93e1bd0e37ba80b3dd10/data/prompts/2083559439161036833.json,CC-BY-4.0,ᴍᴜʀᴘʜʏ,https://x.com/Diplomeme/status/2083559439161036833,True,prompts/真人/现实向/生活与vlog/renoise-2083559439161036833--TITLE.md,"TITLE
BLACK HAWK DOWN

FORMAT
15 seconds | 16:9 | Live-action military rescue drama
Fictional dramatization. Documentary-style visual realism.

SETTING
A fictional conflict zone where a military UH-60 Black Hawk has crash-landed after sustaining damage during an evacuation mission.
Rocky desert valley with scattered boulders, burning wreckage, drifting dust and distant smoke columns.
Time: late afternoon approaching sunset.
Hot dry air with believable battlefield ambience.

FORCES
Military rescue team securing the crash site while hostile forces remain concealed around surrounding terrain.
Maintain consistent uniforms, tactical gear, vehicles and character identities throughout the sequence.
Grounded human behaviour.

STORY

00–04s — ESTABLISHING
Wide documentary shot reveals the crashed UH-60 Black Hawk resting at an angle with damaged rotor blades and smoke rising from the fuselage.
Scattered equipment surrounds the wreck.
Rescue team cautiously advances toward the helicopter.
Camera slowly pushes forward from a believable embedded-documentary position.
Natural wind moves dust, smoke and debris.

04–08s — TENSION
Handheld perspective follows soldiers moving between rocks toward the helicopter.
A crew member signals from inside the wreck while another provides security.
Short hand signals and brief shouted commands.
Camera follows behind with realistic footsteps, breathing, framing corrections and natural motion blur.
Dust reacts naturally beneath movement.

08–12s — CLASH
Incoming distant fire forces the rescue team to take immediate cover while continuing extraction.
Personnel move urgently between rocks and the helicopter.
Nearby impacts throw dust into the air.
Geography remains readable and consistent.
Camera reacts naturally instead of anticipating events.
No graphic injuries or gore.

12–15s — AFTERMATH
Rescuers begin pulling survivors away from the wreck while others provide security.
Smoke drifts across the crash site.
The damaged helicopter burns quietly in the background.
Camera settles behind cover.
One rescuer briefly looks back toward the aircraft.
End on unresolved tension.

CAMERA
Grounded conflict-documentary cinematography.
Wide environmental coverage.
Medium handheld following shots.
Brief close reaction shots.
Natural handheld instability.
Realistic operator movement.
Plausible camera positions.
No impossible drone transitions.
No excessive slow motion.

LIGHTING
Natural late-afternoon sunlight.
Warm golden light filtered through smoke and dust.
Realistic exposure adaptation.
Detailed shadows.
Natural highlight roll-off.
No artificial rim lighting.

PHYSICS
Real gravity and momentum.
Believable equipment weight.
Damaged rotor blades remain stationary.
Dust reacts to footsteps.
Smoke follows natural airflow.
Loose debris behaves realistically.
Authentic interaction with rocks, wreckage and terrain.

HUMAN PERFORMANCE
Restrained behaviour under extreme stress.
Heavy breathing.
Quick visual checks.
Controlled communication.
Natural hesitation.
Urgency without heroic posing.

AUDIO
Dry desert wind.
Burning helicopter crackling.
Boots on gravel.
Equipment movement.
Short tactical commands.
Distant gunfire and impacts with realistic acoustic delay.
Occasional metallic creaks.
No oversized Hollywood trailer effects.

VISUAL CHARACTER
Photorealistic live-action.
Conflict-documentary realism.
Natural skin texture.
Authentic military uniforms and equipment.
Realistic aircraft damage.
Subtle sensor noise.
Natural motion blur.
Imperfect handheld framing.

Avoid:
video-game aesthetics
CGI appearance
excessive HDR
oversaturated fire
impossible explosions
floating debris
perfectly choreographed movement
beauty-filter faces
graphic gore

CONTINUITY
Maintain character identity, uniforms, equipment, helicopter damage, terrain and lighting between shots.
Preserve geographic orientation and screen direction"
renoise-2083581019559714889,Use the uploaded reference image as the exact character reference. Preserve her…,,真人,现实向,时尚写真,,en,Seedance 2.0,,,renoise-ai/awesome-seedance-prompts,https://github.com/renoise-ai/awesome-seedance-prompts/blob/904b6caffa21c2b114bb93e1bd0e37ba80b3dd10/data/prompts/2083581019559714889.json,CC-BY-4.0,Smiling Khan,https://x.com/AIwithkhan/status/2083581019559714889,True,prompts/真人/现实向/时尚写真/renoise-2083581019559714889--Use-the-uploaded-reference-image-as-the.md,"Use the uploaded reference image as the exact character reference. Preserve her facial identity, hairstyle, eye color, makeup, skin tone, body proportions, and facial consistency throughout every shot.

Create a 15-second ultra-realistic cinematic GRWM video of a woman getting ready for her boxing class. The video opens with her waking up in a bright modern apartment, smiling at the camera before tying her hair into a neat high ponytail. She changes into a fitted black sports bra, red boxing shorts, hand wraps, and white athletic sneakers. Cinematic close-ups capture her tightening the wraps around her hands, lacing up her boxing shoes, and slipping on premium red boxing gloves. She grabs a gym bag, reusable water bottle, and towel before confidently leaving the apartment.

The scene transitions to a modern boxing gym where she warms up with jump rope, shadowboxing, and quick footwork. Dynamic tracking shots follow her as she throws crisp jabs, crosses, hooks, and uppercuts into a heavy punching bag. Slow-motion close-ups capture sweat, realistic glove impact, and flying chalk dust. The video ends with her standing confidently inside the boxing ring, gloves raised, smiling toward the camera as sunlight streams through the gym windows.

Ultra-realistic sports commercial, premium fitness cinematography, smooth handheld and gimbal camera movement, realistic body mechanics, authentic boxing technique, cinematic lighting, shallow depth of field, detailed sweat physics, commercial-grade color grading, 4K HDR, 16:9, no text, subtitles, logos, or watermarks."
renoise-2083581732989861954,Use the uploaded reference image as the exact character reference. Preserve her…,,真人,现实向,运动,,en,Seedance 2.0,,,renoise-ai/awesome-seedance-prompts,https://github.com/renoise-ai/awesome-seedance-prompts/blob/904b6caffa21c2b114bb93e1bd0e37ba80b3dd10/data/prompts/2083581732989861954.json,CC-BY-4.0,Synthia,https://x.com/AIwithSynthia/status/2083581732989861954,True,prompts/真人/现实向/运动/renoise-2083581732989861954--Use-the-uploaded-reference-image-as-the.md,"Use the uploaded reference image as the exact character reference. Preserve her facial identity, hairstyle, eye color, makeup, skin tone, body proportions, outfit, accessories, and realistic hand anatomy consistently throughout every shot. Replace the jeans with a white pleated tennis skirt, clean white athletic sneakers, white ankle socks, and a fitted white sleeveless athletic top. Tie her hair into a sleek high ponytail while maintaining identical facial features and perfect character consistency throughout the sequence.

Create an ultra-realistic premium sports commercial featuring the same woman throughout the entire video. Set the film on a modern outdoor tennis court during golden hour with warm sunlight, lush green surroundings, premium sports facilities, realistic court textures, cinematic color grading, shallow depth of field, smooth camera movement, and photorealistic 4K HDR quality.

The video opens with a cinematic beauty close-up of her face as she smiles confidently toward the camera. She gently gathers her hair and ties it into a sleek high ponytail while a soft breeze moves a few loose strands around her face.

She walks toward a tennis bench, confidently picks up her premium tennis racket, adjusts her grip, bounces a tennis ball on the racket a few times, and walks onto the court with determination.

A dramatic slow-motion sequence captures her tossing the tennis ball into the air before delivering a powerful serve. Multiple cinematic angles showcase the racket making clean contact with the ball as it flies across the court.

The rally begins with dynamic forehand and backhand exchanges. She moves naturally across the baseline, sprinting for wide shots, performing quick footwork, and returning every ball with precision. Tracking shots, overhead drone views, and close-up action shots emphasize athletic movement and realistic body mechanics.

After an intense rally, she wins the point with a perfectly placed cross-court winner. The tennis ball lands on the line as the opponent cannot return it.

She walks calmly to the bench, places the racket down, wipes the sweat from her forehead with a soft white towel, and smiles with satisfaction.

Next, she opens a chilled bottle of water, takes a refreshing drink, and enjoys the cool breeze while looking across the court. Tiny water droplets glisten on the bottle under the warm sunlight.

The commercial ends with her standing confidently at the center of the tennis court holding the racket over her shoulder. She smiles directly at the camera, gently spins the racket once in her hand, raises her fist in a subtle victory celebration, and walks toward the net as the camera slowly pulls back to reveal the entire golden-hour tennis court.

Style: Premium sports commercial, luxury athletic lifestyle, cinematic storytelling, realistic sports physics, dynamic camera movements, handheld and gimbal cinematography, aerial drone shots, slow-motion action sequences, realistic sweat and fabric movement, physically accurate lighting, shallow depth of field, commercial-grade colour grading, ultra-detailed, photorealistic 4K HDR.

Natural Audio: Tennis ball bounces, racket impact, footsteps on the court, light wind, birds chirping, towel movement, water bottle opening, water sipping, distant crowd ambience, subtle applause, and natural outdoor sounds. No background music, no subtitles, no logos, no watermarks, and no on-screen text.

Negative Prompt: No duplicate people, no distorted hands, no deformed body proportions, no unrealistic racket physics, no AI artifacts, no cartoon style, no extra fingers, no flickering, no oversaturated colours, no low-resolution textures, no text, no subtitles, no watermarks."
renoise-2083581909339447737,视频总时长约10秒，第一人称/自拍视角+上帝视角混合，强AI生成感，光影夸张，海水分合极具戏剧性。0-3秒：白色沙滩海边，蓝天白云，远处有游客。镜头贴近一位黑长…,,真人,特效向,奇幻怪兽,,zh,Seedance 2.0,link-only,copyrighted-character,renoise-ai/awesome-seedance-prompts,https://github.com/renoise-ai/awesome-seedance-prompts/blob/904b6caffa21c2b114bb93e1bd0e37ba80b3dd10/data/prompts/2083581909339447737.json,CC-BY-4.0,PixelAIGC,https://x.com/PixelAigc/status/2083581909339447737,True,"prompts/真人/特效向/奇幻怪兽/renoise-2083581909339447737--视频总时长约10秒,第一人称-自拍视角-上帝视角混合,强AI生成感,光影夸张,海.md",
renoise-2083586404916015454,Image 1,,真人,特效向,动作大片,,en,Seedance 2.0,,,renoise-ai/awesome-seedance-prompts,https://github.com/renoise-ai/awesome-seedance-prompts/blob/904b6caffa21c2b114bb93e1bd0e37ba80b3dd10/data/prompts/2083586404916015454.json,CC-BY-4.0,Shams,https://x.com/ShamsAmin56/status/2083586404916015454,True,prompts/真人/特效向/动作大片/renoise-2083586404916015454--Image-1.md,"Image 1
= Drone Reference Sheet
Combat Drone: Matte black armored quad-rotor gunship, twin antennae, glowing blue sensor lights along the hull, a rotary minigun barrel array slung beneath the body, segmented plated shell, hovering thrusters at each rotor pod.

Image 2
= Hero Character Reference Sheet
The Reaper.
Matte yellow hooded jacket, hood up, fully covering the head.
Smooth black featureless visor/mask.
Black segmented body armor beneath the jacket.
Red vinyl tactical cargo pants with black buckle straps and pouches.
Black tactical combat boots.
Left arm bare with tattoo sleeve, fingerless tactical glove.
Right arm is a monstrous red-and-black biomechanical cybernetic limb, jagged spike protrusions, glowing crimson seams between armor plates, clawed hand.

ABSOLUTE CONSISTENCY RULES
Never redesign or alter any character.
Maintain identical proportions, colors, armor, cybernetic details, drone anatomy, and accessories exactly as shown in the reference images.
No wardrobe changes. No color shifts. No hood removal. No anatomy drift. No extra equipment.
The Reaper's cybernetic arm and the drone design must remain perfectly identical throughout every frame.

STYLE
Premium cinematic hyper-detailed rendering.
Feature-film quality.
Sharp linework, physically believable movement, movie-poster level lighting and texturing.
Smooth continuous animation. Natural motion blur. No frame skipping. No flickering. No morphing. No duplicate limbs. No deformation.

VIDEO
Duration: 15 seconds.
Aspect Ratio: 16:9.
Single continuous shot sequence. No hard cuts. No fade transitions.
Every camera move flows naturally into the next like one uninterrupted chase filmed by a professional action cinematographer.

ENVIRONMENT
Vast desert ruins.
Crumbling sandstone pillars, broken archways half-buried in dunes, shattered stone stairways, collapsed towers.
Dust swirling in harsh sunlight, heat haze on the horizon.
Sun-bleached ochre and gold color palette, long dramatic shadows, scattered rubble and loose sand drifts.

CAMERA STYLE
Persistent handheld chase-camera.
Continuous subtle handheld movement, natural body sway, micro vibrations while running.
Lens breathing. Occasional focus breathing. Fast whip pans. Slight rolling shutter.
Impact jolts during gunfire hits, near-misses, and landings.
Natural motion blur. Sand occasionally strikes the lens. Tiny autofocus corrections.
Feels like a real camera operator sprinting beside the action.

SEQUENCE

00:00–00:02
Three combat drones burst over a ruined wall, miniguns spinning up, strafing fire kicking dust across the sand toward the Reaper.
Camera: Low rear tracking shot, slightly below waist height, handheld, running pace synchronized with the Reaper, continuous shake from footsteps and blast wind.

00:02–00:04
The Reaper dive-rolls behind a crumbling pillar as bullets chew into the stone above him, then instantly vaults a collapsed archway, cybernetic arm slamming into the sand to launch himself forward.
Camera: Ground-level Dutch angle, fast side tracking, lens nearly at ground height, sharp shake-jolt on each impact, aggressive motion blur through the roll and vault.

00:04–00:06
He plants a foot on a leaning ruin wall and transitions into a fluid wall run, loose stone blocks crumbling behind him as a drone swoops in for a strafing pass.
Camera: Rapid whip pan, over-the-shoulder perspective from behind the pursuing drone, briefly adopting its viewpoint before swinging back to the Reaper, frame jittering with each footstep.

00:06–00:08
Mid-run he backflips over a gap between two broken staircases as a drone flies past exactly where he was; he lands and immediately slides beneath a fallen stone beam as gunfire rakes across it just above his head.
Camera: Fast crash zoom into a front-facing running shot, operator moving backward ahead of him, his focused visor filling the foreground while drones close in behind; hard shake-jolt as sparks and stone chips fly near the lens.

00:08–00:10
He springs off a tilted slab, using it as a ramp, and grabs the ledge of a ruined tower with his cybernetic hand — the claws punch handholds directly into the stone as he swings around and launches into a spinning aerial dodge past a drone's burst.
Camera: Ground-level violent handheld shake on the grab, quick tilt upward following the swing, frame spinning and shaking through the aerial dodge.

00:10–00:12
Landing in a roll on a dune, he immediately sprints as two drones converge from opposite sides; he plants his cybernetic arm into the sand and pivots his whole body low, letting a strafing burst pass just over his back.
Camera: Rough handheld shake as sand kicks into frame, hard shake-jolt timed to the pivot dodge, drones' gunfire flashes strobing at the frame edges.

00:12–00:14
He weaves between two crumbling pillars like parkour rails, pushing off one to redirect his momentum, then scrambles up a broken staircase two steps at a time, cybernetic claws punching handholds into the crumbling stone to accelerate the climb.
Camera: Quick shaky pivots snapping side to side matching his redirected momentum, transitioning into a shaky ascending tracking shot jolting with each handhold strike.

00:14–00:15
At the top he leaps off the ruin's edge into open air, twisting mid-fall to dodge a shot, then lands hard in a crouch on a lower dune, sand exploding outward, cybernetic arm crackling with residual red energy as he glances back at the pursuing drones.
Camera: Wide cinematic low angle, large landing impact shake, camera gradually stabilizing into a brief controlled slow-motion hold as dust settles around him.

LIGHTING
Harsh overhead desert sunlight. Long hard-edged shadows. Sun-bleached ochre, sand, and dusty gold tones.
The Reaper's yellow hood and red cybernetic arm remain the dominant visual focal point against the muted stone palette.
Cybernetic arm's crimson seams glow brighter during exertion and impacts.
Drones' blue sensor lights flicker and cut out when destroyed or struck.

MOOD
Relentless pursuit. Constant momentum. Precision parkour. Athletic evasive movement. Narrow escapes. Exposed, sun-scorched architecture. Escalating tension. Cinematic realism.
QUALITY TAGS
Masterpiece. Ultra-detailed. Feature-film quality. AAA cinematic animation. Dynamic camera choreography. Perfect character consistency. Perfect anatomy. Fluid parkour. Stable identities. High temporal consistency. No flicker. No morphing. No duplicate characters. No extra limbs. No costume drift. No text. No watermark."
renoise-2083592859672826090,TRESEMMÉ — PROFESSIONAL PERFORMANCE,,其他,,广告带货,,en,Seedance 2.0,,,renoise-ai/awesome-seedance-prompts,https://github.com/renoise-ai/awesome-seedance-prompts/blob/904b6caffa21c2b114bb93e1bd0e37ba80b3dd10/data/prompts/2083592859672826090.json,CC-BY-4.0,Isabella,https://x.com/IsabellaHan_/status/2083592859672826090,True,prompts/其他/广告带货/renoise-2083592859672826090--TRESEMMÉ-—-PROFESSIONAL-PERFORMANCE.md,"TRESEMMÉ — PROFESSIONAL PERFORMANCE
Use all uploaded reference images exactly as provided.
Maintain complete consistency throughout the entire video.
Do not modify the woman's face, hair colour, curl pattern, curl definition, bathroom environment, product packaging, lighting, reflections, or typography.
The product packaging is authoritative and must remain unchanged throughout the entire commercial.
The final result should resemble a premium beauty campaign rather than an AI-generated video.
Aspect ratio: 16:9
Duration: 15 seconds
Style
Luxury beauty commercial
Soft natural lighting
Realistic reflections
Realistic water movement
Realistic hair movement
Documentary-style photography
Natural colours
Minimal colour grading
Photorealistic appearance
Ultra-detailed
8K quality
Avoid:
Plastic skin
Artificial hair
Excessive contrast
Oversaturation
Distorted fingers
Excessive sharpening
Unrealistic reflections
Heavy visual effects
Cartoon-like animation
SCENE 1 (0–3 seconds)
Begin with an extreme close-up shot of the shampoo bottle.
The bottle stands on a glossy marble surface.
Tiny water droplets cover the packaging.
Soft reflections move naturally across the bottle.
The camera slowly moves toward the product.
Elegant editorial typography appears beside the bottle.
Display
✦ HEALTHY SHINE
✦ HYDRATION
✦ LONG-LASTING MOISTURE
Typography instructions
Thin white lettering
Elegant serif font
Fine decorative lines
Tiny water-droplet symbols
Subtle botanical illustrations
Soft shadows
Smooth fade-in animation
Luxury editorial appearance
The typography must never cover the bottle.
Voice-over
""Healthy shine begins here.""
SCENE 2 (3–6 seconds)
The woman enters the shower area.
Water gently flows through her curls.
She places the shampoo in the palm of her hand.
She rubs the product between both hands.
White foam gradually forms.
She gently massages the foam into her hair.
The camera captures the movement of the curls.
Display
◌ GENTLY CLEANSES
◌ LOCKS IN MOISTURE
◌ NOURISHES CURLS
Typography instructions
White lettering
Fine dividing lines
Water-inspired decorative symbols
Smooth animation
Minimalist appearance
Voice-over
""Gently cleansing while locking in moisture.""
SCENE 3 (6–10 seconds)
The camera slowly moves closer to the woman's hair.
Individual strands become visible.
Water droplets move naturally through the curls.
The curls appear healthy, smooth, soft, and hydrated.
Display
◆ SOFT
◆ SMOOTH
◆ DEFINED
Typography instructions
Elegant serif font
Fine decorative symbols
Smooth fade-in effect
Luxury editorial appearance
Voice-over
""Soft. Smooth. Defined.""
SCENE 4 (10–13 seconds)
The woman stands in front of the mirror.
She gently touches her hair.
The curls move naturally.
She smiles softly toward the camera.
Display
❖ BEAUTIFULLY ALIVE
Typography instructions
Thin white lettering
Soft reflections
Delicate floral details
Elegant dividing lines
Magazine-inspired layout
Voice-over
""Every curl feels beautifully alive.""
SCENE 5 (13–15 seconds)
Hero shot.
The camera slowly moves toward the shampoo bottle.
Water droplets remain visible on the package.
Soft reflections appear across the marble surface.
The final text appears in the lower-right corner of the frame.
Display
TRESEMMÉ
— PROFESSIONAL PERFORMANCE —
Typography instructions
Bold white lettering
Elegant serif font
Fine decorative lines
Soft fade-in animation
Positioned in the lower-right corner
Never covering the product
Voice-over
""Tresemmé. Professional performance.""
Important instructions
The typography should feel like part of a luxury fashion magazine.
Use:
Fine decorative lines
Tiny botanical illustrations
Water-droplet symbols
Elegant geometric details
Delicate separators
Do not use:
Bright emojis
Cartoon illustrations
Stickers
Neon effects
Oversized text
The product should always remain the centre of attention."
renoise-2083594297857745126,"DARK FANTASY APOCALYPSE — 15s    LOOK: 21:9, 2x anamorphic, 35mm film, 24fps…",,真人,特效向,奇幻怪兽,,en,Seedance 2.0,link-only,copyrighted-character,renoise-ai/awesome-seedance-prompts,https://github.com/renoise-ai/awesome-seedance-prompts/blob/904b6caffa21c2b114bb93e1bd0e37ba80b3dd10/data/prompts/2083594297857745126.json,CC-BY-4.0,NΞXUS,https://x.com/NEXUS_TO_NOVA/status/2083594297857745126,True,"prompts/真人/特效向/奇幻怪兽/renoise-2083594297857745126--DARK-FANTASY-APOCALYPSE-—-15s-LOOK-21-9,.md",
renoise-2083608855720653030,"Cinematic high-octane rescue action movie scene, elite special operations…",,真人,特效向,动作大片,,en,Seedance 2.0,,,renoise-ai/awesome-seedance-prompts,https://github.com/renoise-ai/awesome-seedance-prompts/blob/904b6caffa21c2b114bb93e1bd0e37ba80b3dd10/data/prompts/2083608855720653030.json,CC-BY-4.0,Abkr Sadiq,https://x.com/abs_uiux/status/2083608855720653030,True,prompts/真人/特效向/动作大片/renoise-2083608855720653030--Cinematic-high-octane-rescue-action-movi.md,"Cinematic high-octane rescue action movie scene, elite special operations forces executing a high-stakes hostage extraction at dusk. Two stealth black military helicopters hover low over a fortified compound surrounded by dense jungle; one helicopter deploys fast-roping operators in full tactical gear with night vision goggles, body armour and assault rifles, while the other provides aerial overwatch. Explosions spark near perimeter walls, muzzle flashes flicker in the shadows, smoke billows across the ground. Tense dramatic camera angles: aerial tracking shots, close-ups of determined operators, dynamic slow-motion moments. Intense lighting from helicopter spotlights and fire, gritty realistic visual style, 4K resolution, 60fps, blockbuster action film aesthetic, immersive sound design implied."
renoise-2083618905885380850,"Cinematic 15s seamless relaxation video, vertical 9:16, hyper-realistic digital…",,真人,特效向,奇幻怪兽,,en,Seedance 2.0,,,renoise-ai/awesome-seedance-prompts,https://github.com/renoise-ai/awesome-seedance-prompts/blob/904b6caffa21c2b114bb93e1bd0e37ba80b3dd10/data/prompts/2083618905885380850.json,CC-BY-4.0,Viki,https://x.com/churvikv/status/2083618905885380850,True,"prompts/真人/特效向/奇幻怪兽/renoise-2083618905885380850--Cinematic-15s-seamless-relaxation-video,.md","Cinematic 15s seamless relaxation video, vertical 9:16, hyper-realistic digital art, neon bioluminescence, dreamy.

SCENE 1 — Glowing Stars & Shore (0–5s, 3 angles):

1A (0.0–1.7s) WIDE EYE-LEVEL: Serene tropical beach at night, NO pier or wooden structures. Starry indigo sky filled with drifting neon sparkles. Wet sand reflects soft moonlight, calm turquoise water. Camera slowly dollies forward along the shoreline.

1B (1.7–3.4s) LOW-ANGLE MACRO: Camera drops to wet sand level. A small golden-orange glowing starfish rests in the lower-right foreground. Floating neon-cyan light particles drift gently around it like bioluminescent fireflies. Soft caustics dance on sand. Slow horizontal tracking.

1C (3.4–5.0s) TOP-DOWN DRONE: Aerial view looking straight down at the curved shoreline. Golden starfish near the wet sand edge, surrounded by scattered cyan sparkles drifting over shallow glowing water. Smooth slow pan right, seamless dissolve to Scene 2.

SCENE 2 — Natural Bioluminescent Surfing (5–10s, 3 angles):

2A (5.0–6.7s) INSIDE-BARREL WATER-LEVEL: Clean, powerful turquoise wave curling naturally. Sharp black surfer silhouette glides smoothly through the right third. Neon cyan spray and bioluminescent droplets explode from the crest. Starry sky visible through the wave tube. Slow-motion tracking parallel to surfer.

2B (6.7–8.4s) SIDE DRONE ANGLE: Wide shot of surfer carving along the face of a rolling bioluminescent wave. NO vortex or spiral, just fluid natural motion. Moonlight and stars reflect on the dark ocean. Slow smooth pan following the ride.

2C (8.4–10.0s) SEMI-UNDERWATER VIEW: Camera positioned just below surface looking up through translucent glowing water. Surfer’s silhouette visible above, neon caustic patterns ripple across the sandy seabed. Slow upward tilt, dissolve to Scene 3.

SCENE 3 — Palm Rooted on Shore (10–15s, 3 angles):

3A (10.0–11.7s) LOW-ANGLE HEROIC: Tall palm tree firmly rooted in white sand at the water’s edge (NOT in the water). Leaves glow in gradient of neon green, electric yellow, and hot pink. Full moon in starry indigo sky casts golden reflection on calm ocean. Slow push-in.

3B (11.7–13.4s) EYE-LEVEL PANORAMA: Camera at human height, panning gently along shoreline. Palm naturally positioned on right third, moon’s light-road stretches across water. Gentle waves lap the sand, palm leaves sway softly. Ambient glow particles float in air.

3C (13.4–15.0s) CLOSE-UP MACRO + FADE: Soft macro close-up of palm’s glowing leaves and neon gradient against the moonlit sky. Image slowly dims, bloom intensifies, gentle fade-out to black on final beat.

Style: vertical 9:16, 24fps, hyper-realistic digital art, bioluminescent turquoise water as anchor, warm gold + cool neon accents, cinematic glow and bloom, all slow-motion, dissolve cuts 0.5–0.8s between every shot, soft ambient particles, no text, calm and meditative, 8k ethereal lighting, consistent dreamy atmosphere."
renoise-2083620056198435049,Use Image2 for character: ZERO-BLUE,,漫剧,特效向,科幻机甲,2D日漫,en,Seedance 2.0,,,renoise-ai/awesome-seedance-prompts,https://github.com/renoise-ai/awesome-seedance-prompts/blob/904b6caffa21c2b114bb93e1bd0e37ba80b3dd10/data/prompts/2083620056198435049.json,CC-BY-4.0,Rob ✌︎,https://x.com/robazem/status/2083620056198435049,True,prompts/漫剧/特效向/科幻机甲/renoise-2083620056198435049--Use-Image2-for-character-ZERO-BLUE.md,"Use Image2 for character: ZERO-BLUE
Use Image2 for Storyboard Reference
Do not render the storyboard itself.
Ignore all panel borders, numbers, text, labels, notes, arrows, motion guides, camera guides, and production markings.
All arrows (if any) if not, in numerical order, indicate movement direction only and must never appear in the final video.
Treat each panel as a sequential story beat.

ZERO-BLUE — Android # 00ZB, Introduction Prompt

Duration: 15 seconds.
Style: High-end anime cinematic • Story-driven • Cyberpunk • Cyborg • Smooth camera motion • Slight cool-tone grading • White / Blue / Black / Gray / Cyan palette • Volumetric lighting • 8K • 24fps • Epic, Sci-fi, powerful sound.

0.0–2.0s — Arrival Above the City

Camera: Extreme wide aerial drone shot slowly descending.

A sprawling futuristic megacity glows beneath endless skyscrapers wrapped in holographic billboards, cyan traffic streams, floating drones, and towering neon architecture. The night sky is filled with faint digital constellations and drifting clouds illuminated by cool moonlight.

At the highest skyscraper stands ZERO-BLUE, motionless near the edge.

His oversized black shirt and silver chains sway gently in the wind.

Lighting

* White moonlight
* Cyan neon reflections
* Soft blue rim light
* Cool atmospheric haze

2.0–5.0s — The Guardian

Camera: Slow low-angle orbit (180°).

The camera circles around ZERO-BLUE from below, emphasizing confidence and scale.

His futuristic blue visor reflects thousands of city lights.

The glowing cyber sword rests on his shoulder before slowly lowering to his side.

Subtle blue energy particles drift from the blade.

Hair softly moves in the wind.

Expression remains calm, unreadable, and confident.

5.0–8.0s — The Story Begins

Camera: Medium tracking shot moving from behind toward his left shoulder.

The city stretches endlessly ahead.

Tiny flying vehicles move through neon highways below.

As the camera approaches, holographic blue interface fragments briefly appear around him like an AI recognizing its protector.

The sword emits a gentle cyan pulse.

Small electric-blue particles float around his gloves and boots.

8.0–11.0s — The Hero Reveal

Camera: Slow cinematic push-in to chest and face.

ZERO-BLUE turns slightly toward camera.

The visor catches the skyline, producing brilliant cyan reflections.

Wind becomes stronger.

His silver hair shifts naturally.

Blue light glows softly beneath the visor.

A confident smirk barely appears.

The soundtrack reaches its emotional rise.

11.0–13.5s — The Leap

Camera: Dynamic handheld follow shot.

ZERO-BLUE takes one deliberate step onto the skyscraper edge.

The cyber blade activates fully.

Blue energy races through the weapon.

A burst of cyan particles erupts outward.

His clothing ripples dramatically as the wind intensifies.

The city lights blur slightly from the camera movement.

13.5–15.0s — Android code Name: ZERO-BLUE

Camera: Heroic front-facing wide shot slowly pulling away.

ZERO-BLUE stands silhouetted against the immense futuristic skyline.

The cyber sword glows bright electric blue beside him.

The skyscraper rooftop is surrounded by drifting holographic particles and soft cyan mist.

The final frame freezes momentarily with the city stretching infinitely into the horizon, creating the feeling that his story is only beginning.

Final Mood

* Calm
* Cool
* Mysterious
* Confident
* Hopeful
* Legendary
* Storytelling-driven

Color Palette

* Snow White highlights
* Electric Blue
* Cyan glow
* Matte Black clothing
* Steel Gray architecture
* Soft cool-tone color grading throughout the sequence"
renoise-2083647177432203612,"Cinematic fashion film, dynamic and energetic, 15 seconds, shot on ARRI Alexa…",,真人,现实向,时尚写真,,en,Seedance 2.0,,,renoise-ai/awesome-seedance-prompts,https://github.com/renoise-ai/awesome-seedance-prompts/blob/904b6caffa21c2b114bb93e1bd0e37ba80b3dd10/data/prompts/2083647177432203612.json,CC-BY-4.0,Kiber Alla,https://x.com/Kiber_Alla/status/2083647177432203612,True,"prompts/真人/现实向/时尚写真/renoise-2083647177432203612--Cinematic-fashion-film,-dynamic-and-ener.md","Cinematic fashion film, dynamic and energetic, 15 seconds, shot on ARRI Alexa, bright harsh desert sunlight, deep blue sky, strong natural contrast, warm skin tones, linen fabric texture highly detailed.
Sequence based on the storyboard:
Start with a wide energetic shot of the woman walking and turning in the rocky desert landscape, the orange-and-white color-block linen dress flowing and lifting with every step and gust of wind. She moves freely, one arm raised, sunglasses on, fabric catching the air.
Cut to a close-up of her face in sunglasses as wind moves her hair across her cheek, then a quick detail of the dress fabric against the blue sky and rock.
Medium shot as she looks down and the dress moves with her body, followed by an extreme close-up of the textured linen (orange and white panels).
Profile close-up with wind in her hair, then a dynamic swirling shot where the dress flares and turns with her movement on the rocks.
Back view as she walks away, open back of the dress and hair moving in the wind.
Final shot: medium close-up, she turns toward camera, soft elegant pose with both hands near her face (fingertips lightly touching cheeks or framing the face), sunglasses still on, dress gently moving in the breeze, confident and free expression.
Camera is fluid and active — slow push-ins, subtle handheld energy, smooth tracking with the movement of the dress. Strong emphasis on how the linen follows every step, turn and breath of wind. Natural fabric physics, realistic wind interaction, high-end fashion commercial look.
Voiceover (calm, confident female voice, soft and clear):
“Freedom to move. Freedom to breathe. A dress that follows every step, every turn, every breath of the wind.”"
renoise-2083661967521202508,Seedance 2.0,,真人,特效向,动作大片,,en,Seedance 2.0,,,renoise-ai/awesome-seedance-prompts,https://github.com/renoise-ai/awesome-seedance-prompts/blob/904b6caffa21c2b114bb93e1bd0e37ba80b3dd10/data/prompts/2083661967521202508.json,CC-BY-4.0,DeCat,https://x.com/DeCat2025/status/2083661967521202508,True,prompts/真人/特效向/动作大片/renoise-2083661967521202508--Seedance-2.0.md,"Seedance 2.0
Moon Base Dome Crack

Hyper-realistic cinematic sci-fi action sequence, 15 seconds, aspect ratio 16:9.

Inside a lunar colony dome, one small rover is driven by one colony worker across the interior service road. One location only. The dome is clear and readable: transparent curved dome overhead, gray lunar dust on the ground, low habitat modules, cargo carts, loose tools, broken glass panels, and one airlock tunnel at the far end. The danger is simple and immediate: a meteor strikes the dome, a huge crack spreads overhead, and the escaping air starts sucking dust, tools, and debris upward toward the breach.
The goal is simple: the rover must reach the airlock tunnel before the dome tears open.

The action starts with a violent meteor impact high above. The dome flashes, then a long crack races across the glass overhead. Air begins roaring upward. Dust lifts off the ground, tools slide across the floor, and broken glass starts raining down. The rover spins its wheels, then surges forward along the service road.

The suction gets stronger fast. A cargo cart tips over and slides across the path. The driver yanks the rover sideways in a hard skid, narrowly missing it while loose tools and panels are pulled up toward the growing crack overhead. One overhead light frame tears loose and swings down into the road. The rover ducks under it and keeps moving.

Now the dome is failing. The crack widens and a whole section above starts pulling apart. Air, dust, and shattered panels are ripped upward in a violent stream. The rover bounces over broken flooring, lines up with the airlock tunnel, and accelerates hard while the airlock door begins closing.

At the end, the rover shoots through the narrowing airlock opening just as a larger section of the dome bursts open behind. The door slams shut, sealing the rover inside while dust and debris continue rushing into the breach on the far side.

Style: hyper-realistic, cinematic, dark, intense, clear readable action, one rover only, one driver only, one lunar dome only, one clear goal, meteor impact, spreading dome crack, strong air suction, dust and tools pulled upward, sliding cargo cart, falling frame, closing airlock, no extra vehicles, no extra crowd, no battle scene, no text, no logos, no cartoon style, no slow motion, no famous celebrity faces, no recognizable actors, no movie-star resemblance, no public-figure likenesses, no clear facial close-ups. Keep proportions. Keep style and features. Aspect ratio 16:9."
renoise-2083683384761389059,STYLE LOCK (applies to all shots),,真人,特效向,动作大片,,en,Seedance 2.0,,,renoise-ai/awesome-seedance-prompts,https://github.com/renoise-ai/awesome-seedance-prompts/blob/904b6caffa21c2b114bb93e1bd0e37ba80b3dd10/data/prompts/2083683384761389059.json,CC-BY-4.0,MO,https://x.com/MO_IAI/status/2083683384761389059,True,prompts/真人/特效向/动作大片/renoise-2083683384761389059--STYLE-LOCK-applies-to-all-shots.md,"STYLE LOCK (applies to all shots)
Palette: Desaturated cool blue-gray, muted teal undertones, no warm ambers or crimson — cold, overcast, war-documentary color science throughout
Atmosphere: Persistent haze/fog/mist in every exterior shot, softening contrast and distance — nothing reads crisp or clean
Highlights: ""White-hot"" flashes are replaced by pale grey-blue overexposure blooms — never pure white, always slightly cool and filmic
Framing motif: Interior/command-deck shots use a rounded cockpit-window aperture vignette (dark foreground frame edges, like viewing the world through an aircraft porthole)
Grain: Subtle film grain and slight desaturation crush in shadows, consistent with archival war-footage texture
SHOT-BY-SHOT EFFECTS TIMELINE

SHOT 1 (00:00–00:01) — Command Deck Cold Open

EFFECT: Camera shake/vibration (violent) + pale grey-blue flash (entry)
Interior shot framed through a rounded cockpit-window aperture, dark metal edges crowding the frame — silhouetted officers gripping railings inside a shuddering command deck, desaturated blue-gray light through the glass
Handheld violent shake, high-frequency, no smoothing
A cool overexposure bloom (not pure white — pale blue-gray) washes through the aperture on the second beat
Hard cut exit to black

SHOT 2 (00:01–00:02) — Black Frame Impact + Ship Descent

EFFECT: Split-second black frame + speed ramp (deceleration) + digital zoom (scale-in)
Black frame (2-3 frames), then slams into a fog-shrouded aerial wide of massive dark wedge ships descending through low cloud over a misty skyline — same cool blue-gray haze as the reference, visibility softened by distance fog
Camera decelerates from a fast push into a held wide
SIGNATURE VISUAL EFFECT — scale-in punch reveals fleet size against the hazy, muted city below
Hard cut exit

SHOT 3 (00:02–00:03) — Ruined Coastal Wasteland

EFFECT: Whip pan (top-down sweep) + motion blur smear
Top-down drone view of a wrecked, fog-dimmed coastline — wreckage, oily grey-blue surf, desaturated debris field matching the reference's cold overcast tone
Lateral whip pan at speed, blur streaking the wreckage
Connective transition into next shot
Exit on peak blur, straight cut

SHOT 4 (00:03–00:04) — Bombed Cathedral City, Aerial (Reference Lock Shot)

EFFECT: Speed ramp (acceleration) + camera shake + cockpit-aperture framing
Direct match to style001 — aerial push through a rounded cockpit-window vignette over a fog-choked ruined cathedral city, gutted spire rising from rubble, a river winding through the wreckage, distant fighter silhouettes crossing low
Camera accelerates forward as the deck shudders beneath the pilot POV, aperture edges staying locked in frame
This shot anchors the palette and framing language for the whole piece
Hard cut exit

SHOT 5 (00:04–00:05) — Grey-Blue Flash Transition

EFFECT: Cool overexposure bloom (full-frame) + black frame exit
Frame blows out to a pale grey-blue overexposure — never pure white — implying a distant detonation
Collapses immediately to a single black frame
Pure connective tissue, disorienting and cold
Straight cut, no fade

SHOT 6 (00:05–00:07) — The Monolith Arrival

EFFECT: Slow-motion (approx. 25% speed) + focus pull (rack focus)
Colossal black obelisk vessel hovering silent in dense grey-blue fog over an open field, twin silhouettes standing before it, smoke curling low
Rack focus from foreground figures to the monolith
Deep slow-motion, the only calm beat, palette desaturated to near-monochrome blue-gray
Sharp hard cut exit, breaking the stillness

SHOT 7 (00:07–00:08) — The Reveal (Giant Alien Hands)

EFFECT: Camera shake + digital zoom ""pump"" (rapid scale in)
Massive skeletal alien hands emerging from cold fog on either side, closing on a small human silhouette center-frame — same muted blue-gray haze throughout
Rapid inward zoom as hands converge, shake stacked on top
Secondary SIGNATURE VISUAL EFFECT — most intimate, most threatening beat
Exit on cool overexposure bloom, not pure white

SHOT 8 (00:08–00:09) — Black Frame + Command Deck Return

EFFECT: Split-second black frame + camera shake (violent)
Snaps to black, then returns to the cockpit-aperture command deck from Shot 1 — now more chaotic, sparks falling, desaturated blue-gray lighting flickering
Violent shake intensifies
Hard cut on shake's peak

SHOT 9 (00:09–00:10) — Fleet Wide, Full Scale

EFFECT: Digital zoom (scale-out/pull-back) + speed ramp (acceleration)
Rapid pull-back through the haze revealing the full alien fleet blotting out a fog-dimmed sky over the ruined city
Speed ramps up as the pull-back accelerates
Clean, brutal hard cut exit

SHOT 10 (00:10–00:11) — Second Flash + Black Frame

EFFECT: Cool overexposure bloom + split-second black frame
Pale grey-blue full-frame flash, immediately followed by a black frame
Setup beat before the warp impact, held a beat longer to build tension
Straight to black

SHOT 11 (00:11–00:12) — Jump-to-Warp Impact

EFFECT: Speed ramp (extreme acceleration) + radial motion blur + cool light streak burst
Camera rockets forward, star-streaks bursting radially in muted blue-white tones (not warm), frame stretching into blur
THIRD SIGNATURE VISUAL EFFECT — the release valve for all prior tension, still cold and desaturated even at peak intensity
Hard snap to black, no fade

SHOT 12 (00:12–00:13.5) — Title Card: Series Title

EFFECT: Emergence from shadow + starlight sweep + letter-spacing expansion + afterimage trail
Wide-tracked cinematic typography emerges from deep-space shadow in a cool graphite/soot-blue tone — not pure white — with restrained brushed-metal texture and a faint cold-blue edge glow, matching the reference palette
A sweep of starlight catches the letterforms left to right
Letter spacing opens outward, leaving a faint afterimage ghost trail
Brief flash against black, cool-toned not pure white
Half-beat hold to black

SHOT 13 (00:13.5–00:15) — Final Flash + Black Hold

EFFECT: Cool overexposure bloom (brief) + hard cut to black
One last pale grey-blue flash strikes the settled title card
Hard cut to black, holding to end — unresolved, cold, silent
Final frame: black"
renoise-2083685013623537775,"Hyper-realistic cinematic sci-fi action sequence, 15 seconds, aspect ratio 16:9.",,真人,特效向,动作大片,,en,Seedance 2.0,,,renoise-ai/awesome-seedance-prompts,https://github.com/renoise-ai/awesome-seedance-prompts/blob/904b6caffa21c2b114bb93e1bd0e37ba80b3dd10/data/prompts/2083685013623537775.json,CC-BY-4.0,DeCat,https://x.com/DeCat2025/status/2083685013623537775,True,prompts/真人/特效向/动作大片/renoise-2083685013623537775--Hyper-realistic-cinematic-sci-fi-action.md,"Hyper-realistic cinematic sci-fi action sequence, 15 seconds, aspect ratio 16:9.

Inside a transparent space elevator cabin, one passenger is trapped as the cabin suddenly breaks loose and begins dropping through the interior of a colossal alien megastructure. The structure is a giant vertical shaft with massive walls, glowing machinery, and different biome levels built into the descent path. The danger is not just the fall. Each level the cabin passes reveals a completely different alien environment.

The action starts the instant the elevator fails. Warning lights flash, the cabin jolts hard, then drops. The passenger is thrown sideways as the cabin plunges down the shaft. Through the transparent walls, the first biome rushes past: a huge lava chamber, with molten rivers, black rock, heat shimmer, and orange light flooding the cabin.

The falling cabin continues downward into a second level: a frozen machine forest. Towering metallic tree-like structures coated in ice fill the shaft walls. Blue frost, hanging ice, and cold vapor streak past as the cabin keeps dropping. Parts of the cabin begin cracking from the stress.

Then the cabin falls into a third biome: a glowing insect hive. The shaft walls are covered with pulsing organic structures, luminous eggs, and swarming insect-like alien life moving across the surfaces. The lighting becomes eerie green and gold. The cabin slams against the shaft wall, glass shatters, and a side panel tears open.

Now the set piece changes. With the cabin still falling, the passenger is forced out of the broken opening and grabs an exterior cable running down the shaft. They swing violently outside the dropping cabin, hanging high above the biomes rushing past. The broken elevator continues falling beside them into the darkness below.

End with the passenger clinging to the exterior cable, spinning slightly in open air, while the shattered elevator cabin disappears downward through the glowing alien shaft.

Style: hyper-realistic, cinematic, intense, visually striking, clear readable action, one passenger only, one falling elevator cabin, one giant alien megastructure, strong vertical scale, lava chamber, frozen machine forest, glowing insect hive, broken cabin, exterior cable grab, no extra people, no text, no logos, no cartoon style, no slow motion, no famous celebrity faces, no recognizable actors, no movie-star resemblance, no public-figure likenesses, no clear facial close-ups. Keep proportions. Keep style and features. Aspect ratio 16:9."
renoise-2083690578449981682,"Shot on ARRI Alexa 35, anamorphic lenses, shallow depth of field, fine film",,真人,现实向,时尚写真,,en,Seedance 2.0,link-only,sexual,renoise-ai/awesome-seedance-prompts,https://github.com/renoise-ai/awesome-seedance-prompts/blob/904b6caffa21c2b114bb93e1bd0e37ba80b3dd10/data/prompts/2083690578449981682.json,CC-BY-4.0,Kiber Alla,https://x.com/Kiber_Alla/status/2083690578449981682,True,"prompts/真人/现实向/时尚写真/renoise-2083690578449981682--Shot-on-ARRI-Alexa-35,-anamorphic-lenses.md",
renoise-2083737476620013725,15秒、9:16の縦動画。晴れた昼間、日本の家族向け屋外ウォーターパークで、20歳以上の成人の日本人女性が水上アスレチックに挑戦する。最初から最後までカットを切…,,真人,现实向,都市剧情,,ja,Seedance 2.0,,,renoise-ai/awesome-seedance-prompts,https://github.com/renoise-ai/awesome-seedance-prompts/blob/904b6caffa21c2b114bb93e1bd0e37ba80b3dd10/data/prompts/2083737476620013725.json,CC-BY-4.0,GENEL | AIを用いた動画制作,https://x.com/genel_ai/status/2083737476620013725,True,prompts/真人/现实向/都市剧情/renoise-2083737476620013725--15秒-9-16の縦動画-晴れた昼間-日本の家族向け屋外ウォーターパークで-20.md,"15秒、9:16の縦動画。晴れた昼間、日本の家族向け屋外ウォーターパークで、20歳以上の成人の日本人女性が水上アスレチックに挑戦する。最初から最後までカットを切り替えない、リアルタイムの完全なワンカット。

撮影はヘルメット上部または額付近に固定した防水アクションカメラによる一人称視点。GoProのような自然な広角映像で、9:16の画面全体を映像で満たす。画面四隅の黒いフチ、円形魚眼フレーム、黒いケラレ、強いビネットは一切出さない。広角感は残すが、極端な魚眼変形は避ける。

参加者は健康的な体格の成人日本人女性。黒髪のポニーテール。白と淡い水色の半袖スポーツシャツ、黒い膝丈のスポーツショートパンツ、白いスポーツシューズ。15秒間、同じ人物、髪型、服装を維持する。顔や身体を強調せず、画面下部に手、前腕、脚、シューズが必要な範囲だけ自然に映る。

舞台は透明感のあるターコイズブルーの浅いプール。青と白のクッション製足場、青い吊り下げフレーム、オレンジ色の回転ローラー、黄色い吊り輪、青と白の大型球体足場が並ぶ。周囲には赤いプールサイド、遠くのスタッフや利用者、緑の木々、青と淡いベージュの日よけが見える。読める文字、ロゴ、字幕、透かしは表示しない。

カメラは頭の動きと連動し、歩行時の小さな上下動、狭い足場での左右の傾き、足元を見る短い下向きチルト、着地時の衝撃、落水時の短い回転を入れる。滑らかなジンバル映像にはしない。

0:00〜0:02。赤いプールサイドから青と白のスタート台へ踏み出し、そのまま細い青い平均台をテンポよく進む。両腕を広げてバランスを取り、濡れたビニールが足の重みでわずかにへこむ。

0:02〜0:05。青い吊り下げフレームを両手で左右へ押しのけながら通過する。フレームは手が触れた後にだけ動き、振り子のように自然に揺れる。一本の横棒の下では少し姿勢を低くし、止まらず進む。

0:05〜0:08。水面上に並ぶ4本のオレンジ色ローラーを素早く踏み渡る。足を乗せたローラーだけが回転して少し沈み、小さな水しぶきと波紋が広がる。最後のローラーから青い浮遊足場へ短く飛び移り、着地で足場が沈み、カメラに縦揺れが入る。

0:08〜0:11。前方上部の黄色いリングを右手、左手の順につかむ。両手が確実につかんだ後にロープが張り、足が足場から離れる。そのまま水面上を右前方へ振り子状にスイングし、白い四角形の浮遊足場へ着地する。足場は少し沈み、縁から水しぶきが上がる。

0:11〜0:13.5。白い足場から青と白の大型球体へ踏み移る。球体は足を乗せると少し回転して沈む。前方の白い球体へ右手を伸ばすが、濡れた球体が横へ回転する。同時に足元の青い球体も反対方向へ動き、シューズが曲面から滑り始める。

0:13.5〜0:15。球体の動きで自然にバランスを崩し、低い位置から浅いプールへ落下する。カメラが右下へ傾き、手、シューズ、青と白の球体、水面が短時間だけ入り乱れる。大きな水しぶきとともに水中へ入り、映像は緑がかった青色へ変化する。細かな泡、揺れる水面、球体の水中部分、光の反射を映し、顔や身体は接写しない。再浮上せず、泡に包まれた状態で15秒ちょうどに終了する。

BGM、音楽、歌、ボーカルは一切なし。音声は現場音とSEのみ。濡れたビニールを踏む音、フレームを押す音、素材のきしみ、ローラーの回転音、水しぶき、ロープが張る音、リングと手の摩擦音、着地音、球体の摩擦音、短い息遣い、転落直前の小さな「わっ」、最後の落水音、水中の泡とこもった環境音を動作へ正確に同期させる。

禁止事項：BGM、未成年者、男性、別人への変化、身体を強調する構図、水中での顔や身体の接写、黒い魚眼フチ、黒いケラレ、第三者視点、ドローン、カット、スローモーション、瞬間移動、超人的なジャンプ、怪我、出血、溺れる描写、破綻した手足、余分な指、障害物を貫通する身体、平らな球体、固定されたローラー、読める文字、ロゴ、字幕、透かし、エンドカード。"
renoise-2083738998946582607,"ATM security camera, extreme close-up face, fish-eye distortion, keypad visible…",,真人,现实向,喜剧整活,,en,Seedance 2.0,,,renoise-ai/awesome-seedance-prompts,https://github.com/renoise-ai/awesome-seedance-prompts/blob/904b6caffa21c2b114bb93e1bd0e37ba80b3dd10/data/prompts/2083738998946582607.json,CC-BY-4.0,steve johnson,https://x.com/seeksteve/status/2083738998946582607,True,"prompts/真人/现实向/喜剧整活/renoise-2083738998946582607--ATM-security-camera,-extreme-close-up-fa.md","ATM security camera, extreme close-up face, fish-eye distortion, keypad visible at bottom, timestamp overlay, gritty street lighting, ban transaction. The character taking money out is an adult seal, we hear the seal muttering that the sharks are after him and he shouldnt have taken money from the sharks. Suddenly this turns into display of the foodchain when two sharks walk in from out of scene and eat seal. All captured on the ATM camera."
renoise-2083760945373786330,Use the uploaded reference image as the exact character reference. Preserve her…,,真人,现实向,时尚写真,,en,Seedance 2.0,,,renoise-ai/awesome-seedance-prompts,https://github.com/renoise-ai/awesome-seedance-prompts/blob/904b6caffa21c2b114bb93e1bd0e37ba80b3dd10/data/prompts/2083760945373786330.json,CC-BY-4.0,Smiling Khan,https://x.com/AIwithkhan/status/2083760945373786330,True,prompts/真人/现实向/时尚写真/renoise-2083760945373786330--Use-the-uploaded-reference-image-as-the.md,"Use the uploaded reference image as the exact character reference. Preserve her facial identity, hairstyle, eye color, makeup, skin tone, body proportions, and facial consistency throughout every shot. Dress her in a relaxed white oversized T-shirt, light denim shorts, and white sneakers. Bright modern home with a beautiful flower garden, warm morning sunlight, lush greenery, and a cheerful summer atmosphere.

Create a 15-second ultra-realistic cinematic GRWM lifestyle video. The video opens with the woman smiling into the camera while standing in front of a vanity mirror. She completes a quick makeup routine, brushes her hair, applies a glossy lip tint, and lightly sprays perfume. She walks outside into her blooming garden carrying a watering can and gently waters colorful flowers as golden sunlight shines through the leaves. She notices a garden hose, laughs, and begins playfully spraying water into the air, running through the sparkling mist. Her happy golden retriever joins in, and she playfully sprays water toward the dog while it excitedly runs through the garden chasing the stream. Slow-motion shots capture splashing water, the dog's joyful jumps, and her genuine laughter. She finishes by sitting on a wooden garden bench, holding a glass of fresh lemonade, smiling warmly toward the camera while the dog rests beside her.

Ultra-realistic lifestyle cinematography, premium commercial aesthetic, smooth handheld and gimbal camera movement, realistic water physics, authentic pet interactions, vibrant garden colors, warm morning lighting, shallow depth of field, soft bokeh, cinematic color grading, 4K HDR, 16 : 9, no text, subtitles, logos, or watermarks."
renoise-2083766547080778136,Create a 15-second photorealistic live-action arena fight video in 16:9…,,真人,特效向,武侠打斗,,en,Seedance 2.0,,,renoise-ai/awesome-seedance-prompts,https://github.com/renoise-ai/awesome-seedance-prompts/blob/904b6caffa21c2b114bb93e1bd0e37ba80b3dd10/data/prompts/2083766547080778136.json,CC-BY-4.0,Gilbert Odera | Your AI Plug,https://x.com/yourPlugAI/status/2083766547080778136,True,prompts/真人/特效向/武侠打斗/renoise-2083766547080778136--Create-a-15-second-photorealistic-live-a.md,"Create a 15-second photorealistic live-action arena fight video in 16:9 horizontal format.

Use the separate photographic references for Marcus and Tae-Hyun. Keep Marcus's face, buzz cut, black-and-gold trunks, red gloves, and heavyweight boxer identity consistent. Keep Tae-Hyun's face, undercut, crimson shorts, MMA gloves, and Taekwondo striker identity consistent throughout the video.

Visual style:
Photorealistic live-action 35mm sports cinema quality, high-contrast pay-per-view fight lighting, dynamic sweat particle simulation, real physical impact physics, zero 3D/anime look.

Environment:
Packed championship boxing ring under blinding overhead stadium spotlights, four taut red ropes, blurred cheering crowd in background, flashbulbs, atmospheric haze.

AUDIO DIRECTIVE (BACKGROUND MUSIC & SOUND DESIGN):
Background Music: High-tempo, aggressive cinematic bass-heavy hip-hop / dark electronic hybrid beat with booming sub-bass, heavy 808 kick drums, synth risers, and metallic percussion.
Sound Effects: Deep thudding glove impacts, canvas boot squeaks, crowd roaring, camera flash shutter clicks, high-pitched ringing impact sound during slow-motion beats.

TIMELINE:
0–2s:
Begin mid-action in center ring. Heavy bass beat drops. Marcus fires a rapid double jab; Tae-Hyun slips both punches and counters with a swift body kick that connects against Marcus's ribs with a heavy thud.

2–4s:
Marcus rebounds off the elastic ring ropes, pressing forward. Tae-Hyun leaps into a flying roundhouse kick; Marcus raises his red gloves to absorb the blow.

4–7s (ULTRA SLOW-MOTION IMPACT BEAT):
Playback speed drops to 120fps super slow-motion. Music filters down to a deep pulsing bass drop and ringing sound effect. Marcus steps inside and lands a massive, brutal overhand right punch directly onto Tae-Hyun's mouth/jaw. Tae-Hyun's cheek deforms, sweat droplets explode into the spotlight beams, and his custom mouthguard flies out in ultra slow-motion.

7–9s:
Speed ramps back to 100% real-time as the heavy beat drops back in with full energy. Tae-Hyun bounces off the ropes, shaking his head, and ducks beneath Marcus's follow-up left hook.

9–12s:
Aggressive short-range flurry: Tae-Hyun lands a rapid spinning back-fist, Marcus counters with a heavy body uppercut. Fast ringside camera pan, crowd flashbulbs popping continuously.

12–13.5s:
Both fighters retreat two steps, sweat flying off their brows, reset stances, and launch forward into a final explosive exchange down the center line.

13.5–15s:
Final frozen frame. Marcus's red glove and Tae-Hyun's flying kick collide simultaneously in center frame. Sweat droplets, bright stadium lights, and thousands of cheering fans frozen at peak tension. End on a high-impact live-action final frame.

CAMERA:
Use ringside pay-per-view camerawork: dynamic handheld tracking, sudden snap-zooms, low-angle corner tracking, smooth slow-motion speed ramps.

MOVEMENT LOGIC:
Weight: heavy and devastating for Marcus's punches; explosive and spring-like for Tae-Hyun's kicks.
Time: fast real-time exchanges transitioning smoothly into dramatic 120fps slow-motion impact beats.
Space: direct linear pressure inside the ring canvas; wide leaping arcs during kick counters.
Flow: bound during heavy guard blocks and clinches; free during speed dashes and slow-mo impact releases.

ELEMENT PROGRESSION:
Early sequence: stadium haze, fine sweat drops, flashing camera bulbs.
Middle sequence (Slow-Mo): high-detail mouthguard displacement, flying spit/sweat particles, extreme facial distortion under spotlights.
Late sequence: squeaking boots on canvas, roaring fan silhouettes.
Final beat: spotlight beams, flashbulbs, and exploding sweat droplets frame the final mid-air collision."
renoise-2083795430677287305,Create a premium stylized 3D animated cinematic sequence. Maintain a consistent…,,漫剧,特效向,科幻机甲,3D卡通,en,Seedance 2.0,,,renoise-ai/awesome-seedance-prompts,https://github.com/renoise-ai/awesome-seedance-prompts/blob/904b6caffa21c2b114bb93e1bd0e37ba80b3dd10/data/prompts/2083795430677287305.json,CC-BY-4.0,Shara I Ai Video Creator,https://x.com/itsshara_ai/status/2083795430677287305,True,prompts/漫剧/特效向/科幻机甲/renoise-2083795430677287305--Create-a-premium-stylized-3D-animated-ci.md,"Create a premium stylized 3D animated cinematic sequence. Maintain a consistent semi-realistic stylized art style throughout the entire video. The visuals should resemble a high-end animated feature or AAA game cinematic with painterly textures, expressive facial animation, slightly stylized facial proportions, large expressive eyes, rich cinematic lighting, volumetric fog, atmospheric depth, dramatic color grading, and smooth cinematic camera movement. Do NOT generate live-action, photorealistic humans, astronaut realism, plastic CGI, or documentary-style visuals. The style must remain consistently stylized from beginning to end.

A lone female explorer with short white bob-cut hair tied into a small bun, wearing a beige exploration jacket with black stripes, black gloves, dark pants, sturdy boots, a transparent blue respirator mask covering only her nose and mouth, and a large black scientific backpack with antennas, rides a futuristic hoverbike through a dense alien rainforest. Preserve her exact appearance, clothing, hairstyle, face, proportions, and art style in every shot.

The jungle is lush and mysterious with towering ancient trees, glowing alien plants, hanging vines, drifting mist, bioluminescent flowers, and a crystal-blue lake.

She suddenly brakes after spotting three enormous steaming dinosaur eggs resting on a small moss-covered island beside the lake. The eggs are cracked, warm, and releasing thin streams of steam.

The camera slowly pushes toward the eggs.

She smiles in amazement.

Dialogue (radio):

“Control… I think I found a nest.”

She keeps one hand on the bike and begins to swing her leg off.

Suddenly—

Every bird in the jungle bursts into the sky.

The jungle becomes completely silent.

The wind stops.

The ground begins trembling.

Tiny stones bounce.

Ripples spread across the lake.

The hoverbike vibrates.

Her smile disappears.

She slowly looks around, confused.

Dialogue (whisper):

”…That’s not good.”

A gigantic shadow slowly sweeps across the eggs.

Heavy footsteps echo through the forest.

THUD… THUD… THUD…

Without warning, a colossal dinosaur explodes through the trees behind her, splintering massive trunks, throwing dirt, branches, leaves, and rocks into the air. It roars so loudly that the camera shakes.

She instantly jumps back onto the hoverbike and twists the throttle.

The bike rockets through the jungle at full speed.

The dinosaur charges after her, crashing through trees, tearing vines apart, and snapping its jaws only inches behind the bike.

The camera alternates between low tracking shots, over-the-shoulder chase shots, close-ups of her terrified expression, and wide cinematic shots showing the dinosaur gaining on her.

Dialogue (shouting into the radio):

“Control! It’s the mother! I’m being chased!”

The dinosaur lunges.

Its jaws narrowly miss the rear of the hoverbike.

Cut to black.

Negative prompt: photorealistic humans, live action, astronaut helmet, full spacesuit, realistic skin pores, documentary style, low-poly, anime, Pixar, Disney, plastic CGI, inconsistent character, changing face, changing outfit, changing hairstyle, extra limbs, text, watermark, logo."
renoise-2083811976854000027,CAMERA MOVEMENT (IMAX-level blockbuster cinematography):,,真人,现实向,剧情短片,,en,Seedance 2.0,,,renoise-ai/awesome-seedance-prompts,https://github.com/renoise-ai/awesome-seedance-prompts/blob/904b6caffa21c2b114bb93e1bd0e37ba80b3dd10/data/prompts/2083811976854000027.json,CC-BY-4.0,Zar⭕on,https://x.com/Xaroon_x/status/2083811976854000027,True,prompts/真人/现实向/剧情短片/renoise-2083811976854000027--CAMERA-MOVEMENT-IMAX-level-blockbuster-c.md,"CAMERA MOVEMENT (IMAX-level blockbuster cinematography):

Opening — Pursuit: Aggressive helicopter POV descent (Crane Down + Whip Pan), diving hard toward the male character as he's pinned against a cliff edge under heavy gunfire suppression.

Escape — Plunge: Hard Dolly In + Speed Ramp as the man sprints and leaps off the cliff edge into the ocean below, camera falling with him in freefall, wind and motion blur intensifying.

Submersion — Transition: Camera punches through the water surface on impact, transitioning seamlessly into an underwater Tracking shot following the man's descent, bubbles trailing, light refracting from above.

Focus — The Gathering: Macro Push-In on the man's outstretched hand underwater, all five fingers spread as seawater begins spiraling and converging into his palm — slow, deliberate, hypnotic build.

Formation: Extended Macro/Tracking hybrid as the swirling water mass grows from a thin current into a dense, coiling liquid form, gradually shaping into a shark's silhouette — fins, tail, and body contour emerging while remaining fluid and translucent.

Climax — Breach: Reversed FPV Dive + Snap Zoom as the liquid shark erupts from beneath the water surface at explosive velocity, launching skyward.

Impact: Bullet-Time Orbit + Pull-Out circling the liquid shark mid-flight as it lunges at the helicopter, jaws closing around the fuselage — Time-Freeze Resume on the moment of impact before the helicopter shatters and disintegrates, debris and water spray cascading down in slow-building chaos.

One continuous unbroken take, zero lens distortion, maximum kinetic and dramatic impact throughout.

PACING RULE:
No static holds during pursuit/impact beats — ~1.5 second rhythm per action beat. Exception: brief selective slow-motion permitted during the water-to-shark formation sequence to emphasize the awe of the transformation.

LIGHTING & COLOR GRADE:
Blockbuster cinematic quality, Kodak film grain texture, master-level realistic grading. Strong warm-cool contrast — helicopter and sky rendered in cold metallic blue-grey tones, while the ocean and liquid shark carry a luminous deep-blue-to-turquoise gradient. Sunlight refracting through spray and water droplets creates dramatic highlights. IMAX-scale wide depth of field, immense visual tension and scale.

SCENE / STORYBOARD:
An armed helicopter opens fire on a man, hunting him down. Cornered at a cliff's edge, he leaps into the ocean to escape the gunfire. Underwater, he steadies himself and extends one hand forward, fingers spread — the surrounding seawater begins spiraling and converging into his palm, the current thickening and growing from a thin stream into a dense swirling mass. The water gradually reshapes itself into the form of a shark — fins, tail, and torso clearly defined, yet remaining entirely liquid and translucent (not a physical shark — a shark formed entirely of water). The liquid shark bursts violently from his palm, breaching the ocean surface and launching into the air, jaws open, lunging at the helicopter exactly like a real shark. It clamps down and shatters the helicopter's fuselage on impact — the aircraft breaks apart and plummets, water spraying in all directions.

CHARACTER:
The man — composed, resolute expression, soaked hair clinging to his face, focused and unshaken. Visible muscle definition in his forearm and hand as he channels and shapes the water.

NEGATIVE PROMPT:
cartoon look, anime style, low quality, blurry, character distortion, stiff/unnatural water form, overly cartoonish shark, distorted helicopter structure, excessive camera shake, color inaccuracy, watermark, text"
renoise-2083816194520555824,8-second vertical 9:16 outfit-switch video reproducing the reference image…,,真人,特效向,特效综合,,en,Seedance 2.0,link-only,hate,renoise-ai/awesome-seedance-prompts,https://github.com/renoise-ai/awesome-seedance-prompts/blob/904b6caffa21c2b114bb93e1bd0e37ba80b3dd10/data/prompts/2083816194520555824.json,CC-BY-4.0,Feyber | AI Creator,https://x.com/woleswoosh/status/2083816194520555824,True,prompts/真人/特效向/特效综合/renoise-2083816194520555824--8-second-vertical-9-16-outfit-switch-vid.md,
renoise-2083839617237757960,"15-second, 16:9, high-energy hand-drawn anime fight with fluid Sakuga-style…",,漫剧,特效向,战斗大招,2D日漫,en,Seedance 2.0,,,renoise-ai/awesome-seedance-prompts,https://github.com/renoise-ai/awesome-seedance-prompts/blob/904b6caffa21c2b114bb93e1bd0e37ba80b3dd10/data/prompts/2083839617237757960.json,CC-BY-4.0,Larus Canus,https://x.com/MrLarus/status/2083839617237757960,True,"prompts/漫剧/特效向/战斗大招/renoise-2083839617237757960--15-second,-16-9,-high-energy-hand-drawn.md","15-second, 16:9, high-energy hand-drawn anime fight with fluid Sakuga-style motion.

Use the character sheets to lock both fighters’ faces, costumes, proportions and weapons. Use the storyboard to guide key poses, combat flow, screen direction and camera movement.

Motion Phrase 1
The red fighter cuts the main fate thread. The teal fighter drops from the upper beams and kicks her weapon hand, sending her sliding across the wooden stage.

Motion Phrase 2
The red fighter anchors her chain blade into a beam and pulls herself back like a projectile. She traps the teal fighter’s leg and throws her through several hanging curtains.

Motion Phrase 3
A fast chase through a narrow corridor. The teal fighter releases one anchored thread and uses the remaining tension to change direction. The incoming strike misses, followed by a counterattack from behind and a close-range weapon lock.

Motion Phrase 4
Both fighters pull against the chain and fate threads until the force explodes. They are launched in opposite directions, crash onto the wet roof and immediately re-enter the fight. End with a glowing soul-thread revealed between them as the opera house collapses into the storm.

The camera follows the current attacker’s momentum through extreme close-ups, low tracking, weapon POV, whip pans, falling follow shots and short 90–120° orbits during close contact.

Avoid static two-shots, repeated symmetrical compositions, stationary spellcasting, random cuts and long 360° camera orbits."
renoise-2083844962102510047,生成一段完整连贯的 10 秒、16:9、写实真人 MiniDV 生活记录视频。,,真人,现实向,生活与vlog,,zh,Seedance 2.0,,,renoise-ai/awesome-seedance-prompts,https://github.com/renoise-ai/awesome-seedance-prompts/blob/904b6caffa21c2b114bb93e1bd0e37ba80b3dd10/data/prompts/2083844962102510047.json,CC-BY-4.0,HiAPI,https://x.com/hiapi_ai/status/2083844962102510047,True,prompts/真人/现实向/生活与vlog/renoise-2083844962102510047--生成一段完整连贯的-10-秒-16-9-写实真人-MiniDV-生活记录视频.md,"生成一段完整连贯的 10 秒、16:9、写实真人 MiniDV 生活记录视频。

【整体定位】

这不是精致的商业广告，也不是电影预告片，而是一段由同行朋友用消费级 MiniDV 随手拍下的真实生活片段。画面发生在下班后的雨天傍晚：一位年轻中国女性走进社区花店，买下一束白色洋桔梗，再撑伞离开。

保持真实、克制、偶然和不完美。不要设计感过强的表演，不要夸张运镜，不要超现实效果。

【影像制式】

真实的 2000 年代早期 MiniDV 磁带质感：

轻微模拟模糊、细小磁带颗粒、微弱颜色渗漏、柔和高光溢出、低对比度、略微不准确的白平衡、偶尔自动曝光呼吸、自动对焦短暂寻找、真实手持抖动、自然运动模糊、不完全水平的构图、人物偶尔靠近画面边缘。

摄影机由同行朋友手持，全片拍摄者不出镜，摄影机本体、倒影和影子都不能出现在画面中。

不要稳定器般丝滑，不要电影级完美打光，不要刻意复古滤镜覆盖画面。必须保留真实亚洲肤质、衣料纹理、雨水和室内灯光。

【人物锁定】

全片只出现同一位主要人物：

二十多岁的中国女性，齐肩自然黑发，淡妆，真实自然肤质。穿深灰色短款风衣、白色圆领上衣、直筒蓝色牛仔裤和黑色平底皮鞋，肩背一个黑色小号帆布包，手持同一把纯黑色长柄雨伞。

她的脸、发型、服装、鞋、帆布包和雨伞在所有镜头中保持一致，不得换色、变形、消失或增加配件。

她最终购买的是同一束白色洋桔梗：白色花瓣、少量绿色叶片、棕色牛皮纸包装、深绿色细丝带。花束外观从拿起、付款到离店必须一致。

【场景】

一间位于中国城市社区街角的小型独立花店。

店外是刚下过雨的普通街道，灰色人行道有浅浅积水，路灯和便利店灯光在湿地面上形成自然倒影。店内面积不大，使用暖白色顶灯和窗外冷灰色雨天自然光；木质花架、塑料水桶、普通价签、包装纸和少量绿植组成真实花店环境。

不要豪华精品店，不要大型摄影棚，不要霓虹赛博朋克，不要空无一物的样板间。

【镜头与动作】

使用三个连续、清楚、符合现实时间的生活镜头。采用自然硬切，不使用转场特效、慢动作、速度变化或蒙太奇。

镜头一，0-3 秒：

手持中景从人物左后方跟拍。

她撑着黑色雨伞沿湿漉漉的人行道走到花店门口。她停下脚步，收起雨伞，伞骨发出真实的机械声；雨水顺着伞面滴到门口吸水垫上。

她推开玻璃门，门上的小铃铛响一声。进入室内时，摄影机自动曝光从偏冷的雨天环境短暂调整到暖色室内，出现一次自然的曝光呼吸。

她轻声说：“下班前，买束花回家。”

镜头二，3-7 秒：

切到花架旁的手持中近景。

她走到装有白色洋桔梗的花桶前，先低头观察花瓣，再用右手从花桶中拿起一束已经用棕色牛皮纸包好的白色洋桔梗。左手仍握着收起的黑色雨伞。

摄影机短暂对焦到前景花瓣，再自然回到她的脸。她轻轻转动花束检查两侧，没有闻花、没有夸张摆拍，只露出一个很轻的满意笑容。

随后切到木质收银台旁的近景。她把同一束花横放在台面上，用同一部黑色手机贴近无品牌的支付终端。终端只发出一声简短提示音，不显示可读文字、金额或品牌。

保留包装纸摩擦声、花枝轻微碰撞声、室内空调声和远处模糊街道声。

镜头三，7-10 秒：

切回店外，手持镜头从正侧方自然跟拍。

她左臂抱着刚才同一束白色洋桔梗，右手重新撑开同一把黑色雨伞。伞面展开时甩落少量真实水滴，不能形成夸张水花。

她走出花店两三步，鞋底踩过浅水，产生轻微水声。摄影机跟上时出现一次小幅手持晃动和短暂失焦。

她回头看向镜头，笑着说：“走吧，回家。”

最后画面停留在她抱着花、撑伞走入普通雨天街道的背影。不要英雄式定格，不要看镜头摆造型，不要出现广告文案。

【声音】

生成自然同步的原生声音，不添加背景音乐：

持续但轻柔的街道雨声、远处车辆经过湿路面的声音、收伞机械声、雨滴落在吸水垫上的声音、开门铃铛声、室内空调底噪、包装纸摩擦声、支付终端的一声提示音、开伞声、脚步踩过浅水的声音，以及人物两句自然中文对白。

对白必须由同一位女性说出，声音年龄、音色和距离感保持一致。口型与说话时间自然同步，不要播音腔，不要旁白，不要额外人声。

【禁止项】

不要字幕、标题、Logo、水印、品牌名、可读价格、可读支付界面或广告标语。

不要磨皮塑料脸、欧美面孔漂移、妆容变化、发型变化、服装变化、雨伞换色、花束换花、包装纸换色、突然多出花束、手机消失、手指变形、额外手臂、物体穿透、人物瞬移。

不要电影灯光、强轮廓光、镜头光晕、慢动作、升格水滴、夸张雨幕、巨大水花、赛博朋克街景、豪华花店、无人机镜头、环绕运镜、推轨炫技或超现实转场。

【最终验收】

1. 三个镜头始终是同一位女性、同一套服装、同一把黑色雨伞。
2. 白色洋桔梗、牛皮纸和深绿色丝带从拿起到离店保持一致。
3. 收伞、拿花、手机支付和重新开伞都有清楚可信的手物接触。
4. 店外冷灰雨光与店内暖白灯光自然变化，不出现电影棚拍感。
5. 两句中文对白由同一声音说出，口型与环境距离正确。
6. 全片像朋友随手记录的真实下班生活，而不是 AI 概念广告。"
renoise-2083850313438519532,"Fisherman’s Daughter — Norway, 1936",,真人,现实向,年代怀旧,,en,Seedance 2.0,,,renoise-ai/awesome-seedance-prompts,https://github.com/renoise-ai/awesome-seedance-prompts/blob/904b6caffa21c2b114bb93e1bd0e37ba80b3dd10/data/prompts/2083850313438519532.json,CC-BY-4.0,AIrina (Virtual Media Net),https://x.com/airina_xyz/status/2083850313438519532,True,"prompts/真人/现实向/年代怀旧/renoise-2083850313438519532--Fisherman-s-Daughter-—-Norway,-1936.md","Fisherman’s Daughter — Norway, 1936

Character

Norwegian girl, 19 years old. Wind-reddened cheeks, long blonde braid beneath a knitted navy wool cap. Thick grey wool sweater, waterproof oilskin jacket, dark wool skirt, heavy leather boots, knitted mittens tucked into belt. Carries a small woven basket.

Location

Small fishing village on the Lofoten Islands. Early spring 1936. Wooden red boathouses on stilts above icy water. Fishing boats rocking gently. Drying cod hanging on wooden racks. Snow still covering distant mountains. Sea gulls circling constantly. Salt spray in the air.

Visual Style

Ultra-realistic. Muted Nordic colors. Crisp cold atmosphere. Slightly overcast sky. Worn fishing equipment everywhere.

Camera Style

16mm home movie filmed by her older brother. Wind occasionally buffeting the camera. Slight jitter. Natural framing. Small scratches on film.

Moments

She checks whether the tide has reached the pier…

Laughs after a gull nearly steals a piece of bread…

Adjusts the rope securing a small rowing boat…

Helps an elderly fisherman carry a wooden crate…

Stops briefly to watch seals in the harbor…

Walks toward home as snow begins falling again.

Audio

Gulls, waves against wooden piers, distant boat engines, ropes creaking, wind, fishermen talking softly, boots on wet wood."
renoise-2083856545440305261,"Style: Ultra-luxury fashion commercial, macro cinematography, glossy burgundy…",,其他,,广告带货,,en,Seedance 2.0,,,renoise-ai/awesome-seedance-prompts,https://github.com/renoise-ai/awesome-seedance-prompts/blob/904b6caffa21c2b114bb93e1bd0e37ba80b3dd10/data/prompts/2083856545440305261.json,CC-BY-4.0,Hania Ai,https://x.com/HaniaAi12/status/2083856545440305261,True,"prompts/其他/广告带货/renoise-2083856545440305261--Style-Ultra-luxury-fashion-commercial,-m.md","Style: Ultra-luxury fashion commercial, macro cinematography, glossy burgundy patent leather, premium studio lighting, shallow depth of field, cinematic reflections, 4K, photorealistic, slow elegant camera movement, 24fps.
Scene 1 (0–3s) – Abstract Beginning
Extreme macro close-up of glossy burgundy patent leather flowing like smooth liquid waves. Soft light glides across curved surfaces, creating elegant reflections. The object remains unrecognizable, mysterious, and luxurious. Slow cinematic camera glide.
Scene 2 (3–6s) – Crafted to Perfection
Macro shots of fine stitching, polished leather edges, precise craftsmanship, and the strap attachment. Close-up of premium gold hardware with subtle reflections. Slow focus transitions emphasize every luxury detail.
Scene 3 (6–9s) – The Identity
A dramatic macro shot reveals the iconic gold logo mounted on the burgundy leather. The camera slowly dollies in as warm highlights shimmer across the polished metal, creating a bold luxury reveal.
Scene 4 (9–12s) – The Reveal
The camera pulls back to reveal the complete handbag standing elegantly against a rich burgundy gradient background. Soft spotlight, glossy floor reflection, minimal composition, premium editorial look.
Scene 5 (12–15s) – Hero Ending
The camera slowly pushes toward the bag as cinematic lighting enhances the leather shine and gold hardware. The background fades darker while the product remains illuminated. End with a luxury brand campaign aesthetic, clean frame, ultra-realistic, premium fashion advertisement."
renoise-2083860405907001747,Seedance 2.0,,真人,现实向,喜剧整活,,en,Seedance 2.0,,,renoise-ai/awesome-seedance-prompts,https://github.com/renoise-ai/awesome-seedance-prompts/blob/904b6caffa21c2b114bb93e1bd0e37ba80b3dd10/data/prompts/2083860405907001747.json,CC-BY-4.0,DeCat,https://x.com/DeCat2025/status/2083860405907001747,True,prompts/真人/现实向/喜剧整活/renoise-2083860405907001747--Seedance-2.0.md,"Seedance 2.0

Octopus Tries to Drive

Hyper-realistic cinematic comedy action sequence, 10 seconds, aspect ratio 16:9.

Daytime on a small seaside road. One octopus sits inside a tiny convertible car, trying to drive with all eight arms at once.

The octopus honks, changes gears, turns the wheel, hits the wipers, pulls the handbrake, and adjusts the radio all at the same time. The car jerks forward, reverses, spins in a tiny circle, and accidentally parallel parks perfectly between two scooters.

End with the octopus looking shocked at its own success while one arm keeps honking proudly.

Style: hyper-realistic, cinematic, absurd comedy, one octopus only, one tiny car, seaside street, no crashes, no gore, no text, no logos, no cartoon style."
renoise-2083874628741800157,Create a 5-second ultra-realistic cinematic video of an adorable hamster riding…,,其他,,动物萌宠,,en,Seedance 2.0,,,renoise-ai/awesome-seedance-prompts,https://github.com/renoise-ai/awesome-seedance-prompts/blob/904b6caffa21c2b114bb93e1bd0e37ba80b3dd10/data/prompts/2083874628741800157.json,CC-BY-4.0,Saman Ahmed,https://x.com/ScaleWthAI/status/2083874628741800157,True,prompts/其他/动物萌宠/renoise-2083874628741800157--Create-a-5-second-ultra-realistic-cinema.md,"Create a 5-second ultra-realistic cinematic video of an adorable hamster riding a tiny motorcycle along a beautiful forest road. The hamster wears a sleek black helmet while its realistic soft fur moves naturally in the wind. Start with a dramatic close-up of the hamster gripping the tiny handlebars, then transition into a low-angle tracking shot as it speeds down the winding road. Show the motorcycle leaning smoothly around curves while trees and leaves blur past, creating a strong sense of speed and dynamic motion."
renoise-2083876103719158121,"<Video1> leads this shot — keep its framing, camera distance, trajectory and…",,真人,现实向,时尚写真,,ko,Seedance 2.0,,,renoise-ai/awesome-seedance-prompts,https://github.com/renoise-ai/awesome-seedance-prompts/blob/904b6caffa21c2b114bb93e1bd0e37ba80b3dd10/data/prompts/2083876103719158121.json,CC-BY-4.0,고딩경제맨,https://x.com/winneravgwin/status/2083876103719158121,True,prompts/真人/现实向/时尚写真/renoise-2083876103719158121--Video1-leads-this-shot-—-keep-its-framin.md,"<Video1> leads this shot — keep its framing, camera distance, trajectory and timing all the way through: the far walk-in, the stop, the fast full spin, the step closer, the final pose. Her poses do not need to match the silhouette exactly; she improvises freely in the same spirit, playful lookbook poses layered on top of <Video1>'s flow — such as a crisp two-finger salute flicked off her brow with a wink mid-sequence, or leaning toward the lens in the final pose with both hands clasped behind her back, head tilted, bright grin. One body, two arms, five clean natural fingers on each hand."
renoise-2083881651193696289,The monsters and the boys burst into a frantic game of hide-and-seek…,,真人,特效向,奇幻怪兽,,en,Seedance 2.0,,,renoise-ai/awesome-seedance-prompts,https://github.com/renoise-ai/awesome-seedance-prompts/blob/904b6caffa21c2b114bb93e1bd0e37ba80b3dd10/data/prompts/2083881651193696289.json,CC-BY-4.0,Saul.Goodman,https://x.com/jimmythesaul/status/2083881651193696289,True,prompts/真人/特效向/奇幻怪兽/renoise-2083881651193696289--The-monsters-and-the-boys-burst-into-a-f.md,The monsters and the boys burst into a frantic game of hide-and-seek. fast-paced action. 30 dynamic camera angles.
renoise-2083908575496409598,UE5电影级写实渲染，8K超高清，全程无缝一镜到底运镜，光线追踪全局光照，超精细铜质建筑纹理，大气体积雾，电影级调色，史诗氛围。,,其他,,风景空镜,,zh,Seedance 2.0,,,renoise-ai/awesome-seedance-prompts,https://github.com/renoise-ai/awesome-seedance-prompts/blob/904b6caffa21c2b114bb93e1bd0e37ba80b3dd10/data/prompts/2083908575496409598.json,CC-BY-4.0,比特小师妹｜KiKi,https://x.com/bit_sister/status/2083908575496409598,True,"prompts/其他/风景空镜/renoise-2083908575496409598--UE5电影级写实渲染,8K超高清,全程无缝一镜到底运镜,光线追踪全局光照,超精细.md",UE5电影级写实渲染，8K超高清，全程无缝一镜到底运镜，光线追踪全局光照，超精细铜质建筑纹理，大气体积雾，电影级调色，史诗氛围。
renoise-2083910993705333225,"High-quality 3D animated cartoon, stylized modern family-animation film",,漫剧,现实向,日常治愈,3D卡通,en,Seedance 2.0,,,renoise-ai/awesome-seedance-prompts,https://github.com/renoise-ai/awesome-seedance-prompts/blob/904b6caffa21c2b114bb93e1bd0e37ba80b3dd10/data/prompts/2083910993705333225.json,CC-BY-4.0,Jay Nwabueze,https://x.com/jaynwabueze/status/2083910993705333225,True,"prompts/漫剧/现实向/日常治愈/renoise-2083910993705333225--High-quality-3D-animated-cartoon,-styliz.md","High-quality 3D animated cartoon, stylized modern family-animation film

look, oversized heads, huge expressive eyes, exaggerated proportions,

smooth rounded clay-like 3D surfaces, subsurface scattering skin, vibrant

saturated colors, warm cinematic animated lighting. NOT realistic, NOT

live action.

A young Nigerian man, oversized round head, short-cropped hair, deep brown

skin, wearing a slightly oversized short-sleeve patterned shirt over a

plain tee, sits at a cluttered desk in a small Lagos office, bored,

fanning himself with a folded sheet of paper.

LOCATION: a cramped, warmly lit office. A slow ceiling fan turning

overhead, a small standing fan in the corner, stacks of files and papers,

a plastic chair, louvered windows with bright hazy daylight coming

through, a jerrycan and a kettle in the corner, a wall clock, colorful

office clutter.

0–4s: medium shot, he stares blankly at a desktop computer, sighs heavily,

glances up at the slow ceiling fan, then starts idly tipping his plastic

chair backward onto two legs, rocking gently, quite pleased with himself.

4–7s: low angle on the chair legs as he rocks a little further each time,

tense low strings creeping in, the plastic chair creaking louder with each

push, his face completely relaxed and oblivious, sunlight streaming

through the louvers behind him.

7–9s: he pushes one rock too far. Whip-cut to a wide shot as the chair tips

past the point of no return, his eyes snapping open to enormous size, arms

windmilling wildly, the folded paper flying from his hand.

9–13s: slow motion as he hangs suspended at the tipping point, one hand

grabbing desperately at the desk edge, a stack of files sliding, the paper

frozen mid-air spinning beside him, face stretched in pure silent panic.

13–15s: snap back to real time as his hand catches the desk and yanks him

upright, the chair slamming down onto four legs. He freezes bolt upright,

breathing hard, then slowly straightens his shirt, adjusts the files, and

glances around to check if anyone saw. A colleague's voice off-camera says

flatly: ""Ah ah. You wan kill yourself?"" He doesn't respond, just stares

straight ahead.

CAMERA: medium shot on the bored rocking, low angle on the chair legs

during the build, whip-cut to wide on the tip, slow-motion hold at the

tipping point, static wide on the recovery.

AUDIO: slow ceiling fan whirring, a standing fan clicking side to side,

faint traffic and a distant generator hum outside, the plastic chair

creaking rhythmically, tense low strings building, a sharp dramatic string

stab as it tips, dead silence during the slow-motion hang with one small

strangled squeak, then a loud plastic chair slam, a heavy exhale, and the

colleague's dry off-camera line.

FORBIDDEN: no named studio references, no readable text or logos, no

realistic or live-action rendering, no design drift, no actual fall or

injury, he catches himself."
renoise-2083911075032912351,A hyper-realistic cinematic 10-clip,,真人,现实向,喜剧整活,,en,Seedance 2.0,,,renoise-ai/awesome-seedance-prompts,https://github.com/renoise-ai/awesome-seedance-prompts/blob/904b6caffa21c2b114bb93e1bd0e37ba80b3dd10/data/prompts/2083911075032912351.json,CC-BY-4.0,DeCat,https://x.com/DeCat2025/status/2083911075032912351,True,prompts/真人/现实向/喜剧整活/renoise-2083911075032912351--A-hyper-realistic-cinematic-10-clip.md,"A hyper-realistic cinematic 10-clip

Corporate boardroom box

[0-3s] Serious executives in suits sit around a polished wooden table in a tense silence. At the head of the table sits a chubby tabby cat wearing a tiny tailored business suit and reading glasses, looking stressed over financial charts.

[3-7s] Suddenly, the cat slams its tiny paws on the table, stands up on two legs, and lets out a deep, booming, ultra-dramatic human male voice yelling, ""I ASKED FOR THE SALES NUMBERS, CAROL!""

[7-10s] The cat aggressively knocks a ceramic coffee cup off the table while making intense eye contact with the VP, then immediately hops into an empty cardboard box on the table and curls up into a tight ball, completely silent. Photorealistic, crisp cinematic lighting, high physics detail, hilarious body language, 4K."
renoise-2083913109375516763,Use the uploaded reference image as the exact character reference. Preserve her…,,其他,,广告带货,,en,Seedance 2.0,,,renoise-ai/awesome-seedance-prompts,https://github.com/renoise-ai/awesome-seedance-prompts/blob/904b6caffa21c2b114bb93e1bd0e37ba80b3dd10/data/prompts/2083913109375516763.json,CC-BY-4.0,Smiling Khan,https://x.com/AIwithkhan/status/2083913109375516763,True,prompts/其他/广告带货/renoise-2083913109375516763--Use-the-uploaded-reference-image-as-the.md,"Use the uploaded reference image as the exact character reference. Preserve her facial identity, hairstyle, eye color, makeup, skin tone, body proportions, white fitted graphic T-shirt, and overall appearance consistently throughout every shot. Maintain perfect facial consistency, realistic hand anatomy, and natural expressions. Use the same premium glass jar of mango pickle with identical red lid, label, colors, branding, proportions, glossy oil texture, and packaging throughout the commercial.

Create an ultra-realistic premium lifestyle food commercial set inside a cozy modern Indian kitchen during golden hour. Warm natural sunlight streams through the windows, illuminating rustic wooden countertops, fresh mangoes, garlic, red chilies, mustard seeds, and traditional Indian spices. Use cinematic commercial lighting, shallow depth of field, realistic reflections, macro food cinematography, premium color grading, and physically accurate materials.

The commercial opens with a close-up of the woman smiling gently at the camera while noticing the pickle jar placed on the kitchen counter. She walks over naturally, picks up the jar, and admires it with a delighted expression.

Transition to a cinematic macro beauty shot of the pickle jar surrounded by fresh mangoes and spices. Tiny droplets of oil glisten on the glass as warm sunlight highlights the premium packaging.

Show an extreme macro shot as she slowly twists open the lid. Capture the satisfying movement of the cap and the glossy pickle coated in rich masala and aromatic oil.

She gently stirs the pickle with a spoon, revealing juicy mango chunks covered in spices. Macro close-ups emphasize the thick masala, mustard seeds, chili flakes, and shimmering oil with slow cinematic camera movement.

She serves a spoonful of pickle onto a plate of steaming white rice and dal. The camera follows the spoon in a smooth tracking shot as the pickle lands beautifully on the rice.

She takes a bite, closes her eyes for a brief moment, and smiles with genuine satisfaction before giving a subtle ""perfect"" hand gesture toward the camera.

Transition to a premium product lifestyle shot where the pickle jar rests elegantly beside fresh mangoes, garlic, dried red chilies, and bowls of traditional spices arranged on a rustic wooden table.

Finish with a luxury hero product shot. The pickle jar stands prominently in the center while the woman gently places her hand beside it, smiles confidently toward the camera, and softly says, ""Wah... kya swaad hai!"" The camera slowly pushes in on the jar as warm golden sunlight creates a premium cinematic finish.

Style: Premium lifestyle food commercial, luxury Indian kitchen aesthetic, ultra-realistic food textures, cinematic macro cinematography, smooth handheld and gimbal camera movements, shallow depth of field, commercial-grade lighting, photorealistic, ultra-detailed, 4K HDR.

Audio: Natural kitchen ambience, glass jar handling, lid opening, spoon stirring, soft food serving sounds, gentle plate taps, realistic room ambience, subtle birds outside the window. No background music, no subtitles, no on-screen text, no watermarks, no logos beyond the product packaging."
renoise-2083918161791897608,Create a premium cinematic character bible sheet for a jump roper named ZARA…,,漫剧,现实向,剧情短片,3D卡通,en,Seedance 2.0,,,renoise-ai/awesome-seedance-prompts,https://github.com/renoise-ai/awesome-seedance-prompts/blob/904b6caffa21c2b114bb93e1bd0e37ba80b3dd10/data/prompts/2083918161791897608.json,CC-BY-4.0,TechieSA,https://x.com/TechieBySA/status/2083918161791897608,True,prompts/漫剧/现实向/剧情短片/renoise-2083918161791897608--Create-a-premium-cinematic-character-bib.md,"Create a premium cinematic character bible sheet for a jump roper named ZARA. Use the uploaded character sheet as the strict visual reference for her exact face, body, proportions, hair, skin tone and outfit. Do not change her appearance.

LEFT SIDE: Massive bold brushstroke text ZARA top left corner, thick and expressive, bright coral orange color matching her top. Below it small text: JUMP ROPE / THE ROPE NEVER STOPS. One large full height dynamic hero image of Zara directly below — mid backflip, body fully inverted against the clear blue sky, rope still in both hands spinning, city rooftop visible below her, bright blue and white watercolor splash radiating outward behind her fading into white, no box no frame, directly on the white page, ponytail flying dramatically, full energy captured at the peak of the flip.

CENTER: Section labeled TURNAROUND in small clean text. Three full body views: Front, Side, Back. Same character same outfit same proportions as reference. Below: ROPE section with one clean illustration of the jump rope — bright red handles, black rope fully extended.

RIGHT SIDE: Section labeled DETAILS. Grid of four clean close-up panels: Face front focused expression, Eyes bright and confident, High ponytail detail, Sneaker close-up. Below: COLOR PALETTE — coral orange, black, white, sky blue, gold. Tagline bottom right in thin bold font: THE ROPE NEVER STOPS.

OVERALL: Clean white background, bright blue and white watercolor splash behind hero pose, energetic and athletic layout, minimal clean typography, lots of white space, cinematic cel-shaded 3D anime, semi-realistic CGI, hand-painted textures, digital painting feel, hard-edge brushwork, not cartoon not Disney not Pixar, print ready."
renoise-2083919626195386840,"Visual Style: Ultra detailed anime, cinematic realism, cyberpunk, Female Anime…",,漫剧,特效向,科幻机甲,2D日漫,en,Seedance 2.0,,,renoise-ai/awesome-seedance-prompts,https://github.com/renoise-ai/awesome-seedance-prompts/blob/904b6caffa21c2b114bb93e1bd0e37ba80b3dd10/data/prompts/2083919626195386840.json,CC-BY-4.0,Rob ✌︎,https://x.com/robazem/status/2083919626195386840,True,"prompts/漫剧/特效向/科幻机甲/renoise-2083919626195386840--Visual-Style-Ultra-detailed-anime,-cinem.md","Visual Style: Ultra detailed anime, cinematic realism, cyberpunk, Female Anime Character: ZERO-RED with two large futuristic energy rifles on each hand with integrated magenta glows. Framing the face, light red piercing eyes, confident and soft airbrush rendering facial expressions and long crimson high red ponytail. Full body view, silver cyber combat suit layered in segmented glossy armor plating, with pink-magenta illuminated energy cores.

Mood:
Elegant,Dangerous, Confident, Futuristic, Mysterious, Action
Color Palette:
Silver, White, Black, Magenta, Crimson, Neon Pink, Volumetric lighting.

Use image 1 as the only character and visual style reference.

0.0–2.0 seconds:
Video begins
Camera: Extreme wide aerial shot slowly descending through dense clouds.
A futuristic megacity glows beneath the night sky. Neon lights reflect across towering skyscrapers as soft rain falls.
At the edge of the tallest building stands ZERO-RED, perfectly still, overlooking the city, wind blows.

2.0–4.0 seconds:
First character shot
Camera: Slow push in from behind transitioning into a smooth 180° orbit. The camera circles around her, revealing reflective armor, silver suit with magenta energy cores.
Tiny holographic particles drift around her while city lights shimmer across her armor.

4.0–7.0 seconds:
3rd video shot
Camera: Macro cinematic focused close ups.
Character elegant/confident shots:
Eyes narrowing with confidence.
Armor panels subtly shifting.
Energy flowing beneath transparent cyber plating.
Fingers gripping around both massive arm cannons.
Hair flowing across her face in slow motion.
Every movement should feel calculated.

7.0–10.0 seconds:
4th video shot, the weapons
Camera: Low-angle hero shot.
She slowly raises both heavy energy cannons.
Mechanical components rotate into place.
Magenta reactors ignite, energy rings expand outward.
The surrounding air distorts from immense power. Lightning bolt, strikes down from the clouds above.

10.0–13.0 seconds:
5th Video shot
Camera: Dynamic drone orbit with smooth vertical rise.
ZERO-RED steps confidently toward the rooftop edge. Her armor lets out a brilliant magenta aura.
Digital holographic fragments swirl around her.
The skyline behind her becomes increasingly cinematic as lightning briefly illuminates distant clouds.

13.0–15.0 seconds:
Final shot
Camera: Dramatic low-angle push in ending in an extreme close up.
ZERO-RED looks directly toward the camera.
Her reflective armor gleams beneath neon city lights. The cannons glow at full charge while her crimson hair flows powerfully behind her.
The screen fades out to black as glowing futuristic text appears:

Android # 00ZR
ZERO-RED

A static shot of magenta energy flashes before fully fading out to black."
renoise-2083929062712672604,Night battlefield illuminated by firelight from flaming arrows and burning…,,真人,特效向,动作大片,,en,Seedance 2.0,,,renoise-ai/awesome-seedance-prompts,https://github.com/renoise-ai/awesome-seedance-prompts/blob/904b6caffa21c2b114bb93e1bd0e37ba80b3dd10/data/prompts/2083929062712672604.json,CC-BY-4.0,Professor,https://x.com/Professor_134/status/2083929062712672604,True,prompts/真人/特效向/动作大片/renoise-2083929062712672604--Night-battlefield-illuminated-by-firelig.md,"Night battlefield illuminated by firelight from flaming arrows and burning siege debris, orange flickering light reflecting across armored soldiers and stone walls, cold moonlight outlining the towering castle silhouette."
renoise-2083930170868789545,Use all reference images exactly. Preserve the exact appearance of the punk…,,漫剧,现实向,日常治愈,3D卡通,en,Seedance 2.0,link-only,copyrighted-character,renoise-ai/awesome-seedance-prompts,https://github.com/renoise-ai/awesome-seedance-prompts/blob/904b6caffa21c2b114bb93e1bd0e37ba80b3dd10/data/prompts/2083930170868789545.json,CC-BY-4.0,ANKIT PATEL 🇮🇳 | AI,https://x.com/Ankit_patel211/status/2083930170868789545,True,prompts/漫剧/现实向/日常治愈/renoise-2083930170868789545--Use-all-reference-images-exactly.-Preser.md,
renoise-2083930851008462877,Camera skims across a paradise beach as a military attack helicopter roars…,,其他,,风景空镜,,en,Seedance 2.0,,,renoise-ai/awesome-seedance-prompts,https://github.com/renoise-ai/awesome-seedance-prompts/blob/904b6caffa21c2b114bb93e1bd0e37ba80b3dd10/data/prompts/2083930851008462877.json,CC-BY-4.0,Pierrick Chevallier | IA,https://x.com/CharaspowerAI/status/2083930851008462877,True,prompts/其他/风景空镜/renoise-2083930851008462877--Camera-skims-across-a-paradise-beach-as.md,"Camera skims across a paradise beach as a military attack helicopter roars overhead, sending sand and seawater exploding into the air. It races beneath collapsing palm trees before diving through the wreckage of a luxury beach resort torn apart by massive explosions. Flaming debris, shattered glass, umbrellas, surfboards, and swirling sand rotate through the air as the camera flies directly into the fireball. The explosion shockwave compresses every particle into ""BOOM"" before the blast consumes the entire frame. Epic,  destruction, explosive blockbuster, premium VFX."
renoise-2083943778142843304,Ultra-realistic premium dessert commercial. A single slice of **Black Forest…,,其他,,广告带货,,en,Seedance 2.0,,,renoise-ai/awesome-seedance-prompts,https://github.com/renoise-ai/awesome-seedance-prompts/blob/904b6caffa21c2b114bb93e1bd0e37ba80b3dd10/data/prompts/2083943778142843304.json,CC-BY-4.0,KreviX,https://x.com/LadyyEth/status/2083943778142843304,True,prompts/其他/广告带货/renoise-2083943778142843304--Ultra-realistic-premium-dessert-commerci.md,"Ultra-realistic premium dessert commercial. A single slice of **Black Forest Dream Torte with Cherry Filling** floats in the center against a dark minimalist studio background. Cinematic lighting, high contrast, glossy chocolate glaze, vibrant ruby cherry filling, whipped cream, chocolate curls, realistic reflections, ultra-detailed textures, shallow depth of field, luxury CGI food advertisement.

**0.0–0.8s** — The cake slice floats motionless in the center. Instantly it separates vertically into perfectly aligned ingredients: cherry on top, whipped cream swirl, chocolate curls, chocolate ganache, chocolate sponge layers, whipped cream layers, juicy cherry filling, bottom sponge. Every layer rises and lowers smoothly along the vertical axis while remaining perfectly centered.

**0.8–1.8s** — All ingredients remain suspended in mid-air for one second. Tiny chocolate flakes, cherry syrup droplets and crumbs float naturally between the layers. Premium slow-motion beauty shot.

**1.8–2.6s** — Every ingredient simultaneously returns with precise magnetic motion. Soft micro-snaps complete the assembly. The cake becomes perfectly whole again.

**2.6–3.0s** — A feminine hand with elegant glossy red manicure suddenly enters from below, grabs the cake naturally and pulls it sharply downward out of frame. Strong motion blur. Instant whip-cut transition.

**3.0–9.0s** — Hyper-dynamic cinematic montage showing the complete preparation of the Black Forest Dream Torte. Extremely fast editing with speed ramps, whip pans, macro shots, overhead shots and close-ups: fresh cherries splash into syrup; cherries simmer into glossy filling; dark chocolate breaks apart; chocolate melts into silky ganache; whipped cream is whipped into soft peaks; chocolate sponge is sliced; cream is spread; cherry filling is layered; chocolate shavings fall in slow motion; cake layers stack rapidly; glossy chocolate glaze pours over the top; whipped cream swirl is piped; fresh cherry is placed on top; final beauty rotation of the finished cake. Every shot lasts only fractions of a second with energetic commercial pacing.

**9.0–10.0s** — Extreme macro close-up. A beautiful woman with glossy vivid red lips brings the Black Forest cake toward her mouth and takes one rich, juicy bite. The cherry filling compresses and slightly stretches, whipped cream deforms naturally, chocolate shavings fall gently. Freeze on the satisfying bite.

No text, no subtitles, no logos, no watermark. Hyper-realistic premium food commercial, luxury dessert advertisement, cinematic lighting, ultra-detailed textures, realistic physics, smooth transitions, speed ramp, macro cinematography, 16:9."
renoise-2083954947872469146,Zombie Ice Cream Emergency,,真人,特效向,恐怖灵异,,en,Seedance 2.0,,,renoise-ai/awesome-seedance-prompts,https://github.com/renoise-ai/awesome-seedance-prompts/blob/904b6caffa21c2b114bb93e1bd0e37ba80b3dd10/data/prompts/2083954947872469146.json,CC-BY-4.0,DeCat,https://x.com/DeCat2025/status/2083954947872469146,True,prompts/真人/特效向/恐怖灵异/renoise-2083954947872469146--Zombie-Ice-Cream-Emergency.md,"Zombie Ice Cream Emergency

Hyper-realistic cinematic comedy sequence, 10 seconds, aspect ratio 16:9.

Daytime on a quiet street. One zombie is slowly chasing a terrified runner, dragging one foot dramatically. Suddenly an ice cream truck music jingle plays nearby.

The zombie stops instantly, forgets the runner, and turns toward the truck with emotional intensity. It shuffles faster than before, slams both hands on the ice cream counter, and points desperately at the sprinkles. The runner looks back, confused, while the zombie receives a cone and stares at it like it has found meaning in life.

End with the zombie licking the ice cream while the runner awkwardly backs away.

Style: hyper-realistic, cinematic, hilarious, one zombie, one runner, one ice cream truck, silly not scary, no gore, no blood, no text, no logos, no cartoon style."
renoise-2083958926656045281,"Cinematic anime short film clip, 15 seconds. Colorful vibrant Philippine…",,漫剧,现实向,剧情短片,2D日漫,en,Seedance 2.0,,,renoise-ai/awesome-seedance-prompts,https://github.com/renoise-ai/awesome-seedance-prompts/blob/904b6caffa21c2b114bb93e1bd0e37ba80b3dd10/data/prompts/2083958926656045281.json,CC-BY-4.0,TechieSA,https://x.com/TechieBySA/status/2083958926656045281,True,"prompts/漫剧/现实向/剧情短片/renoise-2083958926656045281--Cinematic-anime-short-film-clip,-15-seco.md","Cinematic anime short film clip, 15 seconds. Colorful vibrant Philippine street, warm tropical sunlight, jeepneys visible in background, busy street life, vendors, colorful buildings, clear blue sky. He stands casually in his own world completely focused on the blade.

CHARACTER: Young Filipino male, brown skin, sharp defined facial features, strong jaw, short neat black hair slightly pushed back, confident intense eyes, lean athletic build, early 20s, calm expression that never changes. Bright cobalt blue fitted bomber jacket, white fitted tee, dark grey jeans, clean white sneakers. Balisong butterfly knife — silver blade, black handles.

AUDIO: High energy dark trap beat loud from frame one never stopping never fading, heavy bass, fast rhythm, every flip and catch synced to the beat, blade catching light creates natural flash on every beat hit, always dominant throughout.

VIDEO: Starts mid action frame one. Different camera angle every cut. Everything fast and fluid. His face never changes expression. The silver blade catching tropical sunlight on every rotation is the main visual throughout.

[0:00-0:02] Already mid flip from frame one — balisong spinning open, silver blade catching tropical sunlight on every rotation creating light flashes. Extreme close up of hands mid flip. Cut to wide shot showing him standing casually on the colorful Philippine street, jeepneys and street life behind him, completely in his own world. SFX: blade cutting air, beat full volume.

[0:02-0:04] Aerial — throws balisong into the air, blade tumbling end over end catching the sunlight — catches it cleanly without looking, immediately flows into a finger roll — blade rolling continuously around his fingers. Close up of the aerial catch. Close up of finger roll. Side profile full body. SFX: aerial whoosh, clean catch, finger roll sounds.

[0:04-0:06] Behind the back flip — balisong disappearing behind him reappearing open in front cleanly. Then rapid twirl combination — multiple opening and closing flips back to back so fast the blade is a continuous silver blur. Different angles every cut — overhead, low angle, side profile. SFX: behind back flip, rapid combination sounds building.

[0:06-0:08] One handed fan — balisong fanning open and closed rapidly in one hand continuously. Then transfers to other hand mid flip without stopping. Extreme close up of the seamless transfer. Overhead looking straight down at both hands. Side profile. SFX: fan opening closing rapidly, clean transfer.

[0:08-0:10] Speed run — fastest combination so far, openings and closings so rapid the blade appears and disappears continuously, his hands barely visible through the motion, silver flashes catching the tropical sunlight on every rotation. Close up of blade blurring. Wide shot showing him against the colorful street. Close up of his completely calm face. SFX: blade blur sound continuous, beat hitting hardest.

[0:10-0:12] Vertical aerial — throws balisong straight up very high against the clear blue sky — blade tumbling slowly catching the light — camera follows it up against pure blue — he catches it behind his back without looking. Low angle looking up at blade against blue sky. Wide shot showing full height. Close up of behind back catch. SFX: high aerial whoosh, dramatic beat hit on catch.

[0:12-0:15] HERO MOMENT. Most complex combination of the entire video — multiple flips, rolls, transfers between both hands simultaneously, aerial spin — blade a continuous silver blur around both hands — then one clean snap closed — holds the closed balisong perfectly still between two fingers — looks up at camera — slight smile — cut to black. Beat cuts with him.

Cinematic cel-shaded 3D anime, semi-realistic CGI, hand-painted textures, Unreal Engine quality, warm tropical sunlight, vibrant Philippine street colors, digital painting feel, hard-edge brushwork, heavy shadows, not cartoon not Disney not Pixar, film grain, premium anime quality."
renoise-2084037467024556211,キツネがイタズラして蛇口から水が噴き出し大パニック,,其他,,动物萌宠,,ja,Seedance 2.0,,,renoise-ai/awesome-seedance-prompts,https://github.com/renoise-ai/awesome-seedance-prompts/blob/904b6caffa21c2b114bb93e1bd0e37ba80b3dd10/data/prompts/2084037467024556211.json,CC-BY-4.0,JP,https://x.com/1967car_fox/status/2084037467024556211,True,prompts/其他/动物萌宠/renoise-2084037467024556211--キツネがイタズラして蛇口から水が噴き出し大パニック.md,キツネがイタズラして蛇口から水が噴き出し大パニック
renoise-2084055801115873740,"WORLD: Midnight shipping shipyard in the pouring rain, palette of deep shadow…",,漫剧,特效向,战斗大招,3D卡通,en,Seedance 2.0,,,renoise-ai/awesome-seedance-prompts,https://github.com/renoise-ai/awesome-seedance-prompts/blob/904b6caffa21c2b114bb93e1bd0e37ba80b3dd10/data/prompts/2084055801115873740.json,CC-BY-4.0,PixieVerse,https://x.com/itsPixieVerse/status/2084055801115873740,True,prompts/漫剧/特效向/战斗大招/renoise-2084055801115873740--WORLD-Midnight-shipping-shipyard-in-the.md,"WORLD: Midnight shipping shipyard in the pouring rain, palette of deep shadow black, concrete gray, and crisp white, one vivid glowing-crimson accent, volumetric floodlights, floating rain droplets, layered depth of field.

CHARACTERS:
- OPPONENT: A massive heavily-armored maritime smuggler wielding a steel crowbar.
- HERO: Extremely tall adult woman, early 20s, short dark bob and clear glasses, wearing a massive translucent-white parka over a tight crimson-red bodysuit and chunky combat boots. Exaggerated stylized tall proportions, massive thick thighs, supermodel legs, painterly matte skin with chunky brush-stroke shading.

CINEMATIC SHOT DESIGN (8 Filmic Cuts with Expressions):
• SHOT 1 (0–2s | Macro Close-up): Extreme close-up on the Smuggler's steel crowbar scraping against a wet shipping container.
• SHOT 2 (2–4s | Over-the-Shoulder & Reaction): OTS behind the Smuggler, framing Vera in the rain. Cut to Vera's sharp, mature face: rain streaks her clear glasses. She flashes a chilling, highly confident smirk.
• SHOT 3 (4–6s | Wide Cinematic Clash): Wide low-angle shot. The Smuggler lunges. Vera doesn't move; she simply sweeps her hand. The rain around her instantly freezes into dozens of flat-painted, glowing crimson glass blades that shoot forward like missiles.
• SHOT 4 (6–7s | Expression Reaction Cut): Rapid macro close-up of the Smuggler's eyes widening in pure shock as the glowing crimson shards effortlessly shatter his steel crowbar.
• SHOT 5 (7–9s | Dynamic Tracking): Low-angle tracking shot as Vera casually steps forward. Her oversized white parka billows heavily in the storm. More rain freezes into a massive, floating crimson glass broadsword hovering next to her.
• SHOT 6 (9–12s | The Winning Strike): Tight medium shot. Vera snaps her fingers. The massive crimson glass sword launches forward, slamming the Smuggler with devastating, flat-painted geometric kinetic impact.
• SHOT 7 (12–13s | Defeat Reaction): Quick emotional close-up of the Smuggler collapsing backward into a puddle, his armor cracked.
• SHOT 8 (13–15s | Heroic Landing): Low-angle hero framing of Vera standing perfectly still in the rain. She calmly pushes her glasses up the bridge of her nose. The crimson glass shatters back into regular rainwater. Hold final frame.

Weighty natural character animation, heavy parka reacting fluidly to momentum, filmic 24fps shutter, shallow depth of field.

NOT flat 2D cartoon, no bold outlines, no cel shading, not glossy CGI, not Unreal Engine, no photorealism."
renoise-2084071763630293465,Cinematic live-action martial arts short film. Outdoor ancient Chinese martial…,,真人,特效向,武侠打斗,,en,Seedance 2.0,,,renoise-ai/awesome-seedance-prompts,https://github.com/renoise-ai/awesome-seedance-prompts/blob/904b6caffa21c2b114bb93e1bd0e37ba80b3dd10/data/prompts/2084071763630293465.json,CC-BY-4.0,Jessica Collins,https://x.com/AIwithJessica/status/2084071763630293465,True,prompts/真人/特效向/武侠打斗/renoise-2084071763630293465--Cinematic-live-action-martial-arts-short.md,"Cinematic live-action martial arts short film. Outdoor ancient Chinese martial arts training ground, wide stone platform surrounded by sparse bamboo, traditional temple with curved red rooftops in the background, stone lanterns, bright blue sky, crisp natural daylight, subtle dust drifting through the air.

VIDEO STARTS MID-ACTION — no slow intro.

CUT 1 [0:00–0:01] — Extreme close-up, static macro shot: JESSY's wrapped fist slicing through the air, fabric snapping. Percussive drum hit on frame one.

CUT 2 [0:01–0:02] — Camera whip-pans and pulls back into a three-quarter dynamic shot, revealing her deep horse stance on the stone platform, robe rippling.

CUT 3 [0:02–0:03] — Low-angle hero shot, camera tilted upward from ground level, blue sky behind her as she fires a chain-punch combination toward camera.

CUT 4 [0:03–0:04] — Wide static shot, full training ground and temple visible, JESSY shifts into a deep bow stance with open-palm strikes.

CUT 5 [0:04–0:05] — Side-profile tracking shot, camera dollies right to left, capturing circular Shaolin blocking flowing into a counterattack.

CUT 6 [0:05–0:06] — Overhead top-down shot, camera slowly rotating, tracking her circular footwork and spinning back fist.

CUT 7 [0:06–0:07] — Ground-level shot, camera low and close to the stone floor, sweeping low stance and leg technique passing just above the lens.

CUT 8 [0:07–0:08] — Rear tracking shot, camera following behind her shoulder toward the temple, forward advancing footwork with continuous hand strikes.

CUT 9 [0:08–0:09] — Tight close-up, handheld micro-shake, on JESSY's calm unwavering eyes mid-motion.

CUT 10 [0:09–0:10] — Close-up, camera panning downward, her feet sliding across worn stone with dust scattering.

CUT 11 [0:10–0:11] — Slow-motion insert, static frame, robe sleeves and sash whipping dramatically through sunlight.

CUT 12 [0:11–0:12] — Three-quarter dynamic shot, camera pushing in, one-leg crane stance transitioning into a double palm strike.

CUT 13 [0:12–0:13] — Wide cinematic shot, camera arcing around her, aerial butterfly kick landing into grounded fighting stance — beat drop hits.

CUT 14 [0:13–0:14] — Rapid handheld close-ups (2 quick cuts within this second): fists and elbows striking the Wing Chun dummy from multiple angles, dummy shaking violently.

CUT 15 [0:14–0:15] — Camera pulls back into a wide static hero shot: final palm strike splits the dummy in half in slow motion, splinters exploding outward; JESSY holds a perfect Shaolin stance, robe settling in the breeze. Freeze frame for one beat, then cut to black. Text appears: JESSY.

Ultra-photorealistic live-action cinematography, ARRI Alexa 65 look, anamorphic lenses, natural daylight, rich cinematic color grading, subtle film grain, cloth physics, dust particles, realistic impact effects, seamless editing rhythm, epic cinematic sound design.

PART-2 (0:15–0:30)

Continuous-feel live-action martial arts sequence, edited in cuts synced to camera movement. JESSY — same face, hair, and light blue robe preserved throughout. Only one protagonist and three opponents.

Set inside a traditional Chinese dye workshop with hanging white cloth, bamboo racks, indigo dye vats, wooden buckets, stone floor, warm sunlight.

CUT 1 [0:15–0:16] — Handheld POV-style shot pushing forward as JESSY shoves open the workshop door, light spilling in.

CUT 2 [0:16–0:17] — Camera whip-pans left as an opponent ambushes from behind a hanging cloth; JESSY crouches beneath the punch — quick shutter-speed capture.

CUT 3 [0:17–0:18] — Close-up, camera tight on hands: she captures the attacker's wrist into a twisting wrist lock.

CUT 4 [0:18–0:19] — Fast tracking shot, camera circling: she delivers a compact palm-heel strike, opponent staggers back.

CUT 5 [0:19–0:20] — Wide shot, camera panning right: second attacker swings a long staff toward her.

CUT 6 [0:20–0:21] — Low dynamic shot, camera dropping with her movement: JESSY ducks underneath the staff swing.

CUT 7 [0:21–0:22] — Camera slides through hanging cloth with her (through-frame transition) as she switches position behind the fabric.

CUT 8 [0:22–0:23] — Medium shot, camera slightly handheld: she traps the staff, wrapping it inside the suspended cloth.

CUT 9 [0:23–0:24] — Side-tracking shot, camera moving parallel to her: she weaves around the workshop, narrowly avoiding a dye vat.

CUT 10 [0:24–0:25] — Wide shot, camera pulling back to reveal all three attackers converging in a pincer formation around her.

CUT 11 [0:25–0:26] — Fast circular tracking shot, camera orbiting the group: JESSY intercepts punches and seizes wrists in rapid succession.

CUT 12 [0:26–0:27] — Close-up combo shot, quick cuts within the second: elbow strike, reverse palm, body pivot beneath a rear attack.

CUT 13 [0:27–0:28] — Wide dynamic shot, camera sweeping low to high: she redirects the staff and chains a final palm strike sequence.

CUT 14 [0:28–0:29] — Camera pushes through a final curtain of cloth with her (through-frame transition), revealing the calm aftermath.

CUT 15 [0:29–0:30] — Static wide shot: JESSY stands in a calm Shaolin guard stance, three opponents collapsed behind her. Hold for one second, then fade to black.

Ultra-photorealistic live-action martial arts cinema, Hong Kong action choreography, ARRI Alexa 65, anamorphic lenses, practical stunts, realistic contact, dynamic handheld camera, natural cloth physics, volumetric sunlight, cinematic color grading, subtle film grain, premium feature-film quality, no anime effects, no CGI energy, no afterimages."
renoise-2084090691513172109,"Hyper-realistic cinematic action sequence, 15 seconds, 16:9. A colossal…",,其他,,风景空镜,,en,Seedance 2.0,,,renoise-ai/awesome-seedance-prompts,https://github.com/renoise-ai/awesome-seedance-prompts/blob/904b6caffa21c2b114bb93e1bd0e37ba80b3dd10/data/prompts/2084090691513172109.json,CC-BY-4.0,Alexandra Aisling,https://x.com/AllaAisling/status/2084090691513172109,True,prompts/其他/风景空镜/renoise-2084090691513172109--Hyper-realistic-cinematic-action-sequenc.md,"Hyper-realistic cinematic action sequence, 15 seconds, 16:9. A colossal suspension bridge spans a canyon nearly twenty kilometers wide. An experimental maglev train races across it at extreme speed as the bridge begins catastrophically failing from one end. Towers twist, cables snap under immense tension, entire roadway sections collapse into the abyss, yet the train never slows. The camera alternates between low tracking beside the rails, helicopter flybys, bridge-mounted shots, cockpit POV, and sweeping IMAX aerials that reveal the enormous scale of the collapsing structure. Final shot: the train clears the final gap milliseconds before the remaining bridge disappears into the canyon. Style: IMAX realism, believable structural physics, massive engineering scale, crystal-clear action, cinematic lighting."
renoise-2084100175287468448,"Shot 1 (0-5s): ONE Grim Reaper, full robe and scythe, stands in line at a DMV…",,真人,现实向,喜剧整活,,en,Seedance 2.0,,,renoise-ai/awesome-seedance-prompts,https://github.com/renoise-ai/awesome-seedance-prompts/blob/904b6caffa21c2b114bb93e1bd0e37ba80b3dd10/data/prompts/2084100175287468448.json,CC-BY-4.0,DeCat,https://x.com/DeCat2025/status/2084100175287468448,True,"prompts/真人/现实向/喜剧整活/renoise-2084100175287468448--Shot-1-0-5s-ONE-Grim-Reaper,-full-robe-a.md","Shot 1 (0-5s): ONE Grim Reaper, full robe and scythe, stands in line at a DMV holding a paper ticket number, single subject only, exhausted posture.

Shot 2 (5-10s): The reaper glances at a wall clock, sighs, and leans the scythe against the wall like an umbrella, settling in for a long wait. The viewer sees this from a low static angle, fluorescent lighting, bureaucratic misery."
renoise-2084106358450761800,"10-second cinematic comedy sequence, hyper-realistic, 16:9.",,真人,现实向,喜剧整活,,en,Seedance 2.0,,,renoise-ai/awesome-seedance-prompts,https://github.com/renoise-ai/awesome-seedance-prompts/blob/904b6caffa21c2b114bb93e1bd0e37ba80b3dd10/data/prompts/2084106358450761800.json,CC-BY-4.0,DeCat,https://x.com/DeCat2025/status/2084106358450761800,True,"prompts/真人/现实向/喜剧整活/renoise-2084106358450761800--10-second-cinematic-comedy-sequence,-hyp.md","10-second cinematic comedy sequence, hyper-realistic, 16:9.

In a lush forest clearing during daylight, a huge muscular troll with rough skin, messy hair, and heavy club stomps into view, roaring and acting fierce as if nothing can stop him. Birds scatter and the ground shakes beneath his feet.

Then a tiny colorful butterfly flutters gently in front of his face. The troll instantly freezes. His eyes go wide with pure terror. He gasps, stumbles backward, and swings his club wildly in panic, missing completely. The butterfly calmly floats closer. The troll squeals, ducks behind a tree that is far too small to hide him, then peeks out in fear.

The butterfly lands lightly on his nose. The troll goes completely cross-eyed, trembling in total panic. In the final moment, he lets out a ridiculous frightened yelp, drops his club, and runs away at full speed while the butterfly lazily flutters after him.

Fast physical comedy, clear continuous action, strong contrast between the troll’s massive scary appearance and his absurd fear of one tiny butterfly, one troll only, one butterfly only, no dialogue, no music, no text on screen, no captions, no famous celebrity faces, no recognizable actor faces, no public-figure likenesses. Keep proportions. Keep style and features. Aspect ratio 16:9."
renoise-2084110948646932966,Use the uploaded storyboard as the exact visual reference. Preserve the same…,,真人,现实向,生活与vlog,,en,Seedance 2.0,,,renoise-ai/awesome-seedance-prompts,https://github.com/renoise-ai/awesome-seedance-prompts/blob/904b6caffa21c2b114bb93e1bd0e37ba80b3dd10/data/prompts/2084110948646932966.json,CC-BY-4.0,Smiling Khan,https://x.com/AIwithkhan/status/2084110948646932966,True,prompts/真人/现实向/生活与vlog/renoise-2084110948646932966--Use-the-uploaded-storyboard-as-the-exact.md,"Use the uploaded storyboard as the exact visual reference. Preserve the same young woman throughout every scene with identical facial features, hairstyle, outfit, accessories, and expressions. Maintain the same convenience store, Starbucks coffee station, barista, menu display, and iced latte with consistent branding. Create an ultra-realistic premium UGC coffee commercial with cinematic handheld camera movement, warm natural lighting, shallow depth of field, and commercial-quality color grading.

The woman records a selfie while walking into the store and says, ""I'm craving a coffee right now."" She notices the Starbucks counter, smiles, and says, ""They have Starbucks here!"" She selects an iced latte from the menu, places her order, and watches the barista prepare the drink. Cinematic macro shots capture ice cubes, fresh milk, rich espresso pouring, creamy coffee swirls, and condensation forming on the cup.

She waits excitedly before receiving the finished iced latte, then holds it close to the camera for a premium hero reveal. She takes a refreshing sip, smiles naturally, and says, ""Wow... that's so smooth."" The video ends outside the store as she holds the drink beside her face, smiles at the camera, and says, ""You have to try this.""

Style: Premium UGC lifestyle commercial, luxury café aesthetic, photorealistic coffee textures, macro product cinematography, smooth handheld and gimbal movements, realistic lighting, shallow depth of field, ultra-detailed 4K HDR.

Audio: Natural store ambience, footsteps, payment sounds, coffee machine, ice clinking, milk and espresso pouring, cup handling, soft background conversations, and straw sipping. No subtitles, no captions, no watermarks, or extra logos beyond the product branding."
renoise-2084112911912304907,Create a 16-panel cinematic storyboard grid for Phase 1 (0-15s) of a historical…,,真人,特效向,动作大片,,en,Seedance 2.0,,,renoise-ai/awesome-seedance-prompts,https://github.com/renoise-ai/awesome-seedance-prompts/blob/904b6caffa21c2b114bb93e1bd0e37ba80b3dd10/data/prompts/2084112911912304907.json,CC-BY-4.0,Gilbert Odera | Your AI Plug,https://x.com/yourPlugAI/status/2084112911912304907,True,prompts/真人/特效向/动作大片/renoise-2084112911912304907--Create-a-16-panel-cinematic-storyboard-g.md,"Create a 16-panel cinematic storyboard grid for Phase 1 (0-15s) of a historical jungle survival action video, 16:9 horizontal storyboard sheet.

Artwork style for storyboard:
Black and white photographic sketch, realistic human proportions, dynamic action framing, strong silhouette readability. Use selective colored annotations:
- red arrows for Kael's movement,
- blue arrows for Raiders' movement,
- yellow marks for sunbeams & flying debris,
- green arrows for camera tracking.
No timestamps, no dialogue, no logos, no watermark.

Scene:
Dense primeval jungle with massive roots, sunbeams, mist, and muddy soil.

Characters:
Kael (hunted warrior), Jaguar Chief (pelt-wearing leader), and Raiders.

Panel 1:
Start mid-action. Kael sprints at full speed through giant jungle roots, broad leaves whipping past his face.

Panel 2:
Tracking camera shot. Bare feet smashing into wet mud, sending muddy water spraying backward.

Panel 3:
A flint spear flies through the jungle air, narrowly missing Kael's shoulder and embedding into a tree trunk.

Panel 4:
Jaguar Chief leaps out from behind a massive buttress root, roaring with his macuahuitl raised overhead.

Panel 5:
Kael uses a hanging vine to pivot his momentum mid-stride, ducking beneath Jaguar Chief's swing.

Panel 6:
Kael drives a sharp elbow backward into Jaguar Chief's ribs, creating space in the dense undergrowth.

Panel 7:
Raider 1 lunges from a high tree branch, airborne with a bone dagger pointed downward.

Panel 8:
Kael rolls across wet leaves on the ground, avoiding the airborne plunge as Raider 1 hits the mud.

Panel 9:
Close-up action. Kael sweeps his leg across the mud, tripping Raider 1 onto a sharp root.

Panel 10:
Jaguar Chief re-engages, swinging his obsidian-edged macuahuitl in a heavy horizontal cleave.

Panel 11:
Kael raises his own wooden weapon to block; obsidian teeth clash, sending wood splinters and dust into the air.

Panel 12:
Dirty grapple moment: Jaguar Chief grabs Kael by his bone necklace, pressing him back against an ancient stone block.

Panel 13:
Kael headbutts Jaguar Chief, breaking the neck grip, blood/sweat spraying under sunbeams.

Panel 14:
Kael breaks free, sprinting up a flight of overgrown mossy limestone steps leading to ancient ruins.

Panel 15:
Jaguar Chief and two remaining raiders surge up the stone steps right behind him in relentless pursuit.

Panel 16:
Final Phase 1 frozen frame. Kael reaches the top ruin ledge, turning back with his macuahuitl raised as Jaguar Chief leaps upward for the clash."
renoise-2084120344684888126,Reference Materials,,真人,特效向,科幻,,ja,Seedance 2.0,,,renoise-ai/awesome-seedance-prompts,https://github.com/renoise-ai/awesome-seedance-prompts/blob/904b6caffa21c2b114bb93e1bd0e37ba80b3dd10/data/prompts/2084120344684888126.json,CC-BY-4.0,おっさん(Ossan),https://x.com/ossan_no8/status/2084120344684888126,True,prompts/真人/特效向/科幻/renoise-2084120344684888126--Reference-Materials.md,"Reference Materials

[@ StartFlame01]
Starting frame.
Reference for the environment
and the opening composition.

The woman holding a smartphone
in [@ StartFlame01] is Hoshi.

[@ CharacterSheet01]
Character sheet for Yuman.
Reference for Yuman’s appearance.

[@ CharacterSheet02]
Character sheet for Hoshi.
Reference for Hoshi’s appearance,
body proportions, hairstyle,
and clothing.

────────────────────

Characters

Hoshi
The woman holding a smartphone
in [@ StartFlame01].
Refer to [@ CharacterSheet02]
for Hoshi’s appearance.

Hoshi is a highly skilled hacker
with a strong fondness for alcohol.
She is a slender adult woman
with dark hair loosely tied
in a slightly messy bun.
She wears a relaxed,
oversized white short-sleeved shirt,
dark slim pants,
and casual sneakers.
Preserve her natural
live-action appearance.

Yuman
The frogman
in [@ CharacterSheet01].
Refer to [@ CharacterSheet01]
for Yuman’s appearance.

────────────────────

Style

Live-action cinematic sci-fi cyberpunk
with a dark green atmosphere,
room-scale layered holographic UI,
and diverse near-future communication systems
that seamlessly self-deploy as needed,
including floating displays,
wearable communication devices,
VR gear,
and holographic workstation interfaces.

Natural character movement.

────────────────────

Language

English dialogue.

────────────────────

Structure

Scene 1
Use [@ StartFlame01]
as the starting frame.

Hoshi’s smartphone rings.
It is an incoming call from Yuman.

Hoshi quickly checks the screen
and taps the answer button.

The moment she answers,
the entire communication environment
activates at once around her.

Luminous holographic UI,
floating displays,
signal frames,
and near-future communication devices
rapidly materialize and expand
throughout the space,
creating an immediate striking reveal.

Scene 2
Within the fully deployed
holographic communication environment,
a main holographic screen forms
in front of Hoshi.

Yuman appears
inside the holographic screen.

Yuman:
“Hoshi, drinking again?”

Hoshi:
“No beer, no life.”

Yuman:
“Transmitting now.”

Scene 3
As Yuman transmits the data,
the holographic workstation
around Hoshi becomes active.

Wearable VR communication gear
is deployed around Hoshi,
and a holographic computer interface
expands around her hands.

Hoshi checks the received data.

Hoshi:
“Confirmed.”"
renoise-2084148066786169155,SUBJECTS:,,漫剧,现实向,剧情短片,3D卡通,en,Seedance 2.0,,,renoise-ai/awesome-seedance-prompts,https://github.com/renoise-ai/awesome-seedance-prompts/blob/904b6caffa21c2b114bb93e1bd0e37ba80b3dd10/data/prompts/2084148066786169155.json,CC-BY-4.0,pratish,https://x.com/pratishhhhh/status/2084148066786169155,True,prompts/漫剧/现实向/剧情短片/renoise-2084148066786169155--SUBJECTS.md,"SUBJECTS:

Poppy: teenage boy, spiky pastel-pink hair in rounded clumps, tan-peach skin, round rosy cheeks, thick black brows, gold hoop earrings, star pendant necklace, open cream linen shirt, tan belt with gold buckle, cream wide-leg cropped pants, brown high-top sneakers, playing one continuous unbroken guitar solo throughout, body rocking, lunging, and twisting with escalating intensity, cocky rebellious grin, half-lidded confident eyes, building to full euphoric dominance by the final shot (character reference @image1, design only — not pose or framing) Guitar: solid-body electric guitar, deep periwinkle-purple shell, cream pickguard, three pink pickups, gold hardware, tan maple neck with black dot inlays, cream headstock, strings in continuous vibrating blur, neck flexing slightly under fretting hand (reference @image1)

ENVIRONMENT: Live concert stage, wood-plank stage floor, dense crowd below packed with raised glowing phone screens, LED screen glow from behind, confetti-light particle glints building toward the finale

STYLE: Stylized 3D animation, rounded volumes, simplified geometry, soft matte surfaces, soft-edge shading, Pixar-adjacent rendering, punchy saturated color grading, 4K, hard-cut editing with no cross-dissolves but seamless continuous motion and music across cuts

CAMERA DETAILS: Ten hard cuts, no two consecutive shots repeating the same framing type, guitar solo reading as one unbroken performance across all cuts

Timeline:

0:00-0:015: Extreme low-angle worm's-eye, fixed, looking straight up past his sneakers. His sneaker slams down in extreme foreshortening as he lunges into the opening riff, guitar's lower horn swinging into frame. Cool blue LED uplight from the stage floor. SFX: driving opening riff kicks in, wood-plank rattle
0:015-0:03: Push-in low through a silhouetted forest of raised phones, controlled. Dozens of glowing phone screens block half the frame as camera weaves toward him, strumming arm windmilling continuously, riff unbroken. Phone-screen glow flickering against dim venue dark. SFX: riff gains low-end weight, muffled crowd murmur

0:03-0:045: Extreme macro on pink pickups and vibrating strings, fixed. Pick slashes across strings mid-riff catching light, reflection of stage lights sliding across glossy purple body. Warm rim light on gold hardware, soft dark blur background. SFX: bright ringing string attack layered into riff

0:045-0:06: Over-the-shoulder from directly behind him, static, looking out at the crowd. Crowd silhouettes bounce in unison to the unbroken riff, phone lights swaying like fireflies, his hair spikes and headstock bob continuously in bottom of frame. Crowd lit by their own phone glow. SFX: riff thickens, crowd claps on off-beat

0:06-0:075: Extreme macro on fretting hand racing up the neck, fixed and tight. Fingers hammer and slide rapidly across frets, tendons flexing, riff shifting into a faster melodic run as hand climbs higher. Single hard side light carving deep fretboard shadow. SFX: solo accelerates into rapid fretboard-tapping run

0:075-0:09: Dutch angle, tilted hard, handheld micro-shake. Frame tilts sharply as he pivots into a wide power stance mid-riff, hair spikes flicking outward, guitar body swinging up, strumming hand never stopping. Warm stage wash intensifying. SFX: riff hits driving power-chord passage, crowd whoop rising

0:09-0:105: Low-angle three-quarter shot, tracking alongside him, controlled. He lunges toward the crowd edge, guitar neck raised high, fretting hand racing through a fast ascending run. Alternating warm and cool stage washes sweeping across him. SFX: solo climbs in pitch and speed, crowd noise swelling

0:105-0:12: 90-degree side profile at ground level, fixed, sneakers to hip height only. He drags one sneaker in a slow arc across the floor leaning back into a solo stance, guitar's lower bout swinging into frame, strumming hand still driving the riff. Warm spotlight pool, edges falling to black. SFX: riff sustains at high intensity, feedback shimmer building

0:12-0:135: Slow steady push-in toward medium close, controlled. He arches back further, both hands blurring across the neck in the fastest passage, chest heaving, hair spikes bouncing hard on every downbeat. Full stage lights rising toward peak brightness. SFX: solo peaks in speed and layering, crowd noise nearly overwhelming

0:135-0:15: Fast push-in settling into steady medium close-up, hold on final beat. He rides the solo to its final ringing chord, snaps upright, plants both sneakers, lets the note sustain and decay, leans toward camera with a cocky closed-mouth wink as light particles drift past. Full warm key light at peak brightness, cool rim from LED screen behind. SFX: final sustained chord rings out and decays, crowd eruption, phone flash burst"
renoise-2084164954870174171,"A large overweight homeless man with messy long hair, tangled beard, oversized…",,真人,现实向,时尚写真,,en,Seedance 2.0,,,renoise-ai/awesome-seedance-prompts,https://github.com/renoise-ai/awesome-seedance-prompts/blob/904b6caffa21c2b114bb93e1bd0e37ba80b3dd10/data/prompts/2084164954870174171.json,CC-BY-4.0,Shara I Ai Video Creator,https://x.com/itsshara_ai/status/2084164954870174171,True,prompts/真人/现实向/时尚写真/renoise-2084164954870174171--A-large-overweight-homeless-man-with-mes.md,"A large overweight homeless man with messy long hair, tangled beard, oversized worn-out clothing, dirty shoes, and a tired expression.
He is simply walking down the street minding his own business.
He has no intention of entering the tailor shop.
By the end, he remains large and heavyset, but now looks incredibly stylish, confident, and charismatic.
TIMELINE
0:00–0:02 — TARGET SPOTTED
Busy city street.
People walk past colorful storefronts.
A large homeless man slowly shuffles down the sidewalk carrying worn bags.
His clothes are ripped.
His hair is messy.
His beard is wild.
Inside the tailor shop—
A tailor glances through the window.
Suddenly—
His eyes widen.
Extreme close-up.
Target acquired.
DING.
The tailor bursts through the front door.
0:02–0:05 — THE ABDUCTION
FWIP.
The measuring tape launches through the air like a lasso.
The homeless man freezes.
Before he can react—
YANK.
He is pulled toward the tailor shop.
The camera aggressively follows.
The shop door swings open.
Fabric flies everywhere.
The homeless man slides across the floor in complete confusion.
His eyes widen.
What is happening?
0:05–0:08 — FASHION HURRICANE
The tailor enters full speed mode.
FWIP.
Tape measure wraps around shoulders.
FWIP.
Around waist.
FWIP.
Around arms.
The homeless man spins slowly on a fitting platform.
Colorful fabrics explode through the room.
Scissors flash.
Threads fly.
Buttons launch through the air.
Mirror reflections show the tailor appearing in multiple places simultaneously.
The homeless man struggles to follow anything.
0:08–0:11 — LEGENDARY TAILOR TECHNIQUE
The tailor unleashes his ultimate fashion combo.
SHK.
SNIP.
BRRRRRRT.
The sewing machine activates like a race car engine.
Fabric pieces fly around the room.
Jackets appear.
Vests appear.
Accessories appear.
Everything assembles midair.
The camera spins around the fitting platform.
The homeless man becomes surrounded by a cyclone of clothing and fabric.
Only occasional glimpses reveal the transformation happening underneath.
0:11–0:13 — FINAL ADJUSTMENTS
Everything suddenly slows down.
Extreme close-ups.
A collar aligned.
A pocket square adjusted.
A button secured.
A watch straightened.
A jacket sleeve perfectly tailored.
Warm sunlight glows through floating fabric fibers.
The tailor calmly inspects the silhouette.
Perfect.
0:13–0:15 — THE REVEAL
The fabric cyclone disappears.
Silence.
The homeless man stands in front of a giant mirror.
His eyes slowly widen.
He remains large and heavyset.
But now he looks incredible.
A perfectly tailored suit.
Elegant layers.
Luxury styling.
Confident posture.
Movie-star presence.
People outside the shop stop and stare through the window.
One passerby drops their coffee.
The tailor casually folds his scissors.
CHK.
The transformed man adjusts his jacket.
A confident smile appears.
Final cinematic shot:
He walks back onto the street.
The same sidewalk.
The same city.
But now everyone turns their heads as he passes."
renoise-2084165663199998325,A single-take long shot featuring a classic Michael Bay–style hero shot and…,,其他,,广告带货,,en,Seedance 2.0,,,renoise-ai/awesome-seedance-prompts,https://github.com/renoise-ai/awesome-seedance-prompts/blob/904b6caffa21c2b114bb93e1bd0e37ba80b3dd10/data/prompts/2084165663199998325.json,CC-BY-4.0,Flowith,https://x.com/flowith/status/2084165663199998325,True,prompts/其他/广告带货/renoise-2084165663199998325--A-single-take-long-shot-featuring-a-clas.md,"A single-take long shot featuring a classic Michael Bay–style hero shot and smooth tracking movement. The shot begins from an extremely low, aggressive upward angle, with the camera positioned almost at ground level and using a 70–200mm telephoto lens.

A middle-aged white firefighter, his face covered in soot, slowly rises into frame from the bottom edge. He wears a dark firefighting suit with worn reflective strips and carries a fire axe over one shoulder. He gradually removes his helmet, revealing an exhausted yet resolute expression.

Keeping the firefighter as the central pivot point, the camera smoothly circles him counterclockwise at a constant speed. His body remains upright and completely still while his head slowly turns to survey the surrounding ruins. Throughout the entire shot, the character stays locked near the intersection of the left third and the horizontal center line, creating an epic visual effect in which “he stands still while the world revolves around him.”

The background shows an urban neighborhood devastated by fire: charred building wreckage, drifting embers, suspended water mist, and the flashing emergency lights of fire engines in the distance.

Cinematic teal-and-orange color grading, golden-hour side backlighting piercing through the smoke to create volumetric light rays, strong rim lighting outlining the firefighter’s silhouette, high contrast, visible film grain, and the visual aesthetics of a 1990s Hollywood action film. The overall atmosphere is solemn, tragic, and heroic, with a distinctly Michael Bay–inspired cinematic style."
renoise-2084177357095780378,"Character: Young female fashion model with long blonde hair, flawless glowing…",,真人,现实向,时尚写真,,en,Seedance 2.0,link-only,sexual,renoise-ai/awesome-seedance-prompts,https://github.com/renoise-ai/awesome-seedance-prompts/blob/904b6caffa21c2b114bb93e1bd0e37ba80b3dd10/data/prompts/2084177357095780378.json,CC-BY-4.0,Melina Vale,https://x.com/MelinaVale14/status/2084177357095780378,True,prompts/真人/现实向/时尚写真/renoise-2084177357095780378--Character-Young-female-fashion-model-wit.md,
renoise-2084178613381800250,Use all uploaded reference images exactly as provided.,,真人,特效向,特效综合,,en,Seedance 2.0,,,renoise-ai/awesome-seedance-prompts,https://github.com/renoise-ai/awesome-seedance-prompts/blob/904b6caffa21c2b114bb93e1bd0e37ba80b3dd10/data/prompts/2084178613381800250.json,CC-BY-4.0,FATHELA ESQ,https://x.com/AmControo/status/2084178613381800250,True,prompts/真人/特效向/特效综合/renoise-2084178613381800250--Use-all-uploaded-reference-images-exactl.md,"Use all uploaded reference images exactly as provided.

Maintain perfect consistency for the female explorer, the male explorer, the golden artifact, the temple architecture, the clothing, the torchlight, and the environment.

Style: ultra-realistic cinematic adventure film, dramatic lighting, realistic physics, realistic facial expressions, volumetric lighting, dynamic camera movement, and Hollywood-quality visual effects.

SCENE 1 (0–4 seconds)

The camera follows behind the two explorers as they slowly walk through the ancient underground temple.

The female explorer walks ahead while the male explorer follows behind her holding a lantern.

Dust particles float through the warm torchlight.

The female explorer shines her flashlight across the stone walls covered with ancient symbols.

Suddenly, a faint blue light appears in the distance.

The female explorer immediately stops walking and raises her hand.

The camera slowly pushes forward toward the glowing light.

The female explorer whispers:

Wait. Do you see that?

She takes another step forward.

The female explorer quietly says:

I think we found it.

SCENE 2 (4–8 seconds)

The camera emerges into a large chamber.

The golden artifact is revealed on a stone pedestal in the centre of the room.

Blue gemstones embedded in the artifact emit a faint glow.

The camera slowly circles around the female explorer as she carefully approaches the pedestal.

The male explorer remains several steps behind her while holding the lantern.

The female explorer says:

This has to be it.

She slowly reaches out toward the artifact.

SCENE 3 (8–11 seconds)

The female explorer touches the artifact.

The blue glow suddenly becomes brighter.

Ancient symbols carved into the walls begin illuminating.

The ground starts shaking violently.

Dust falls from the ceiling.

The male explorer turns toward her.

The male explorer shouts:

Something is wrong! Move!

Large stones begin falling behind them.

SCENE 4 (11–15 seconds)

The female explorer immediately turns away from the artifact.

The male explorer grabs her arm.

Both explorers sprint away from the pedestal and away from the collapsing chamber.

The camera moves backward in front of them as they run directly toward the camera.

The artifact remains behind them at all times.

Falling debris, dust, and collapsing pillars remain behind the explorers.

The explorers must never run toward the collapsing chamber.

The bright exit appears ahead of them while sunlight pours into the corridor.

The screen fades to black."
renoise-2084198339537502507,Create a 15-second horizontal 16:9 photorealistic CGI video.,,真人,特效向,动作大片,,en,Seedance 2.0,,,renoise-ai/awesome-seedance-prompts,https://github.com/renoise-ai/awesome-seedance-prompts/blob/904b6caffa21c2b114bb93e1bd0e37ba80b3dd10/data/prompts/2084198339537502507.json,CC-BY-4.0,KreviX,https://x.com/LadyyEth/status/2084198339537502507,True,prompts/真人/特效向/动作大片/renoise-2084198339537502507--Create-a-15-second-horizontal-16-9-photo.md,"Create a 15-second horizontal 16:9 photorealistic CGI video.

Use @Image1  as a chronological storyboard. Read its panels in their displayed order. Use them to preserve the scene sequence, visible compositions, subject positions, camera directions, transformation order, environments, and approximate pacing. Reconstruct the missing motion between panels as continuous physical movement. The output must be one full-screen video, not a collage or split screen.

Begin with one dark-brown adult ape in a dry prehistoric grassland. A low external camera shows the ape swinging its right arm and throwing one rough charcoal-gray stone toward frame right. The stone leaves the hand with continuous forward and slightly upward momentum.

Track laterally beside the flying stone. Keep it near the same screen position while it gradually transforms into a spear with a wooden shaft. Continue the same trajectory as the grassland changes into a dusty ancient battlefield with an army and wooden fortifications.

The spear transforms around the same moving center into one copper-gray bullet. The environment changes into a gray industrial battlefield with trenches, smoke, fire, and distant explosions. The bullet expands into one dark-olive aerial bomb while the environment changes into a green mountain valley.

The bomb transforms into one dark-gray fighter jet. Change to a frontal tracking camera retreating ahead of the aircraft. The fighter approaches, raises its nose, and climbs along one continuous flight arc.

Bright clouds conceal the transition to a centered rear-follow view. The fighter becomes an orbital shuttle with one white-orange exhaust plume. It climbs through the atmosphere until Earth’s curved blue horizon appears below.

The shuttle transforms into one large dark graphite spacecraft with symmetrical side structures and multiple rectangular thrusters. All blue-white thrusters ignite simultaneously. Change to a wide locked rear view as the spacecraft accelerates directly away, continuously becomes smaller, and ends as one distant blue point above Earth.

Preserve continuous momentum, screen position, travel direction, depth order, scale continuity, and center of mass during every transformation. Each new object must grow from the previous silhouette before the old form disappears.

Use full-color materials, stable geometry, physically connected components, natural motion blur, and event-synchronized sound effects. No dialogue or narration."
renoise-2084199614450897335,"@image1 完全按照参考图呈现,不重新设计角色、服装、手套与长枪。",,漫剧,特效向,奇幻冒险,2D日漫,en,Seedance 2.0,,,renoise-ai/awesome-seedance-prompts,https://github.com/renoise-ai/awesome-seedance-prompts/blob/904b6caffa21c2b114bb93e1bd0e37ba80b3dd10/data/prompts/2084199614450897335.json,CC-BY-4.0,Cia0,https://x.com/Cia0_exe/status/2084199614450897335,True,"prompts/漫剧/特效向/奇幻冒险/renoise-2084199614450897335--image1-完全按照参考图呈现,不重新设计角色-服装-手套与长枪.md","@image1 完全按照参考图呈现,不重新设计角色、服装、手套与长枪。
武器锁定:全片只使用这把架在支架上的长枪。
场景:异色森林。树干珊瑚红与粉白,枝叶青蓝与薄荷绿,地面生长橙红色伞状菌群。天空明亮清澈,阳光自树冠缝隙斜射形成体积光柱,空气中漂浮细小白色孢子。
目标:一只体型巨大的极乐鸟,全片只有这一只鸟,不出现任何其他飞鸟。翼展宽阔可遮住半片树冠,躯体比人还高大。
羽色华丽绚烂:钴蓝头冠、翠绿喉部、橙金胸羽、紫红翼面,整体如流动的宝石。
尾羽是它最美的部分:两条雪白长尾羽极长,末端分叉成细密的丝状羽枝,飞行时如两条绸带在身后舒展、缠绕、飘荡,并拖出彩虹渐层的光轨,占据画面大片面积。
喙部与羽色形成强烈反差:细长的喙张开时露出两排恐龙般的尖锐利齿,齿列细密、根根分明、微微内弯,喉咙深处泛着暗色。张口鸣叫时下颚大幅张开,凶相毕露。
命中效果铁律:鸟被命中后不流血。命中瞬间整只鸟化作一团混合钴蓝、翠绿、橙金、紫红与雪白的浓稠彩墨,在空中如水中滴墨般层层晕开、旋转、拉丝,各色互相渗透扩散,边缘泛起飞白与墨点,随后向下垂落。两条雪白尾羽最后才化开,如丝带般缓缓垂落。墨滴洒在树干、菌伞与地面上留下鲜艳色斑并持续流淌。
视觉效果:枪口开火推出环形空气涟漪并吹散孢子;弹道留下细长白色气流通道并使沿途空气扭曲;镜筒内可见十字准星、刻度线与放大的鸟影,边缘轻微暗角;彩墨呈现水墨在纸上扩散的纤维状边缘并拖出长墨丝;体积光柱穿透墨雾透出彩虹光晕;空壳飞出时表面反射高光;命中瞬间插入纯白冲击帧。
弹丸追随镜头:射击后镜头贴着弹丸同速飞行——弹丸表面高速旋转,周围空气被撕出锥形白色扰流,沿途孢子被气流甩向两侧,穿过枝叶时叶片被余波掀动,背景在极浅景深中拉成流动色带。速度先快后逐渐放慢,在即将触及鸟身时降至极慢动作。
动作原则:视线先到、枪口后到。呼吸控制清晰——吸气时肩背微起、屏息时全身静止、扣压时只有食指第一指节移动、后坐时肩窝吸收顿挫。
配音基调:女声轻快自然,像自言自语地哼着玩,随性带笑意,句尾拖长音。全程日语。
风格:2.5D剧场版动漫,赛璐璐上色配厚涂光影,线条锐利。35mm变形宽银幕镜头,横向椭圆散景,浅景深。16:9,4K,24帧,15秒。
声音:风穿过枝叶、枪身架稳的金属摩擦、巨鸟沙哑的长鸣与沉重振翅、射击闷响、弹丸破空的尖锐利齿、空壳坠地、彩墨落地的黏稠轻响、呼吸与日语台词。没有音乐。
0-2秒 微距特写:镜头贴着枪身滑过,金属磨损与锈痕清晰,支架三脚插进菌群。她的手指压上握把逐一收紧,食指最后搭上。焦点后拉至她贴在镜筒上的侧脸,睫毛一颤,呼吸放缓。
台词:「ほらほら、私の目からは逃げられないよ〜」
2-4秒 高空仰拍:巨鸟自树冠上方缓缓掠过,宽阔翼面遮住半片天空,五色羽毛在阳光下流转生辉。两条雪白长尾羽在身后大幅舒展缠绕,丝状羽枝随气流层层散开,拖出一道彩虹渐层的长轨迹。
4-6秒 极近侧面特写:巨鸟忽然侧头张开细长的喙发出一声沙哑长鸣,下颚大幅张开——两排恐龙般的尖锐利齿在阳光下清晰可见,根根内弯、齿缝细密,喉咙深处一片暗色。华美的羽色与这排利齿形成惊人反差。
6-7.5秒 镜筒内主观视角:圆形视野带暗角,准星横移追踪巨鸟,刻度线随距离微调。它张开的齿列在放大视野中一闪而过,两条尾羽横扫过准星。准星停稳在它胸前,画面静止半拍——屏息——射击。视野随后坐向上一跳。
7.5-9.5秒 弹丸追随镜头第一段:镜头紧贴弹丸自枪口疾射而出,弹丸高速旋转、周围空气被撕出锥形白色扰流,沿途孢子被甩向两侧。背景的珊瑚红树干与青蓝枝叶在极浅景深中拉成流动色带,阳光光柱一道道自镜头掠过。
9.5-11秒 弹丸追随镜头第二段:弹丸穿过一层枝叶,叶片被余波掀开。速度放慢,镜头微微旋转呈现弹丸自转,前方巨鸟自模糊转为清晰——羽毛的每一根细节、张开的齿列、以及两条飘舞的雪白尾羽在慢动作中一览无遗。
11-12.5秒 极慢动作贴身命中:弹丸在距鸟身不到一厘米处几乎静止,画面凝住——插入纯白冲击帧——整只巨鸟自内向外化作一团五色彩墨轰然晕开。各色在空中层层旋转、互相渗透、拉出长墨丝,那两条雪白尾羽最后才化开,如丝带般缓缓垂落。
12.5-14秒 侧向缓慢横移,体积光穿过墨雾:五色彩墨如雨洒落,砸在珊瑚红树干与橙红菌伞上炸开成放射色斑,墨汁顺伞褶流下滴入土中。阳光穿过悬浮的彩色墨雾,在林地投下斑斓移动的光影。
台词:「うわ、綺麗に散ったなあ。」
14-15秒 低角度仰拍逆光定格:她松开握把撑起上身,单手把长枪甩上肩头,抬头看向被五色染透的树冠。一滴钴蓝彩墨自枝叶间垂落砸在她脚边溅开。她抬眼直视镜头,嘴角上扬。阳光在她身后形成逆光轮廓与一道水平蓝色光晕。画面定格,渐暗。
台词:「うん、今日はこのくらいにしとこ。」"
renoise-2084203299285123274,Shot 1 (0s-5s): Slow overhead push-in. A clean wooden counter with only one…,,真人,现实向,剧情短片,,ja,Seedance 2.0,,,renoise-ai/awesome-seedance-prompts,https://github.com/renoise-ai/awesome-seedance-prompts/blob/904b6caffa21c2b114bb93e1bd0e37ba80b3dd10/data/prompts/2084203299285123274.json,CC-BY-4.0,ぴょんきち,https://x.com/yarakashiyama_/status/2084203299285123274,True,prompts/真人/现实向/剧情短片/renoise-2084203299285123274--Shot-1-0s-5s-Slow-overhead-push-in.-A-cl.md,"Shot 1 (0s-5s): Slow overhead push-in. A clean wooden counter with only one wide white ceramic cup on a white saucer, and one stainless steel milk pitcher. Nothing else on the counter surface. A young Japanese barista's hands pour steamed milk into the cup of espresso, white milk swirling into dark coffee creating a marble pattern. She flicks her wrist, a fern leaf pattern blooming across the surface. Ultra-realistic, 4K HD, warm cafe lighting, macro shallow depth of field.
Shot 2 (5s-10s): Close-up from the side. The same white cup on the same wooden counter. She slides the finished latte toward camera. Coffee surface gently rippling. Warm steam curls upward. She smiles softly with pride. The background is a simple clean wall with one small shelf of coffee beans. No other drinks or objects visible. Ultra-realistic, 4K HD.
Shot 3 (10s-15s): Wide shot pulling back. A customer's hands receive the same white cup and wrap around it. Camera continues pulling back to reveal a minimal cafe interior — three small tables, morning light streaming through one large window, dust particles floating in light beams. The customer lifts the cup and takes the first sip. Steam swirls between her face and the camera. Ultra-realistic, 4K HD, cinematic quality. Maintain perfect continuity of the same cup, saucer, and counter across all shots."
renoise-2084203885573677382,"Generate a single continuous 10-second cinematic video in 16:9, photorealistic…",,真人,特效向,动作大片,,en,Seedance 2.0,,,renoise-ai/awesome-seedance-prompts,https://github.com/renoise-ai/awesome-seedance-prompts/blob/904b6caffa21c2b114bb93e1bd0e37ba80b3dd10/data/prompts/2084203885573677382.json,CC-BY-4.0,enepty,https://x.com/enepty/status/2084203885573677382,True,prompts/真人/特效向/动作大片/renoise-2084203885573677382--Generate-a-single-continuous-10-second-c.md,"Generate a single continuous 10-second cinematic video in 16:9, photorealistic, ultra detailed.

Use the uploaded attached image as the exact character reference for the stone thrower. Keep the character’s face, body, clothing, and appearance identical to the attached image.

Core style (must match reference video):
- One unbroken continuous tracking shot following the projectile the entire time.
- The projectile NEVER stops flying and NEVER leaves the frame.
- All transformations happen mid-flight in a smooth, organic morph (no hard cuts, no sudden scene jumps).
- Background environments evolve gradually and fluidly around the flying object.
- Heavy motion blur, cinematic depth of field, dramatic lighting, high contrast.

Strict 10-second timeline with seamless morphing:

0.00–1.70s
The character from the attached image is in a rocky prehistoric savanna. He/she powerfully throws a large rough gray stone. Camera immediately locks onto the flying stone and follows it closely as it travels forward through the air.

1.70–3.10s
While still flying at the same speed and trajectory, the stone slowly and seamlessly morphs into a wooden spear with a sharp stone tip. The savanna background gradually softens and transitions into open rolling hills under a dramatic sky.

3.10–4.50s
The spear continues flying and fluidly morphs into a glowing golden energy arrow with light trails. The hills slowly transform into an ancient fortified city wall under siege, with soft rising smoke and distant fire appearing naturally in the background.

4.50–6.00s
The energy arrow morphs smoothly into a modern copper bullet with a bright fiery trail and smoke. The ancient city background gradually dissolves into a war-torn trench battlefield with explosions and dust drifting in the distance.

6.00–7.80s
The bullet seamlessly transforms into a large black rocket/missile while still in flight. The battlefield background slowly rises and becomes the curvature of Earth as the rocket enters orbit, with the blue atmosphere and clouds appearing progressively.

7.80–10.00s
The rocket fluidly morphs into a sleek modern black futuristic spaceship with bright headlights. It continues accelerating forward as the view of Earth fades away into deep space. The spaceship becomes a bright streak flying across the glowing Milky Way galaxy. End on a wide epic shot of the small light streaking through the stars.

Important rules:
- Never cut or jump between scenes.
- Every change (projectile + background) must feel like one continuous evolution.
- Camera stays locked on the flying object the whole time with smooth tracking.
- Photorealistic CGI, cinematic color grade, volumetric lighting, ultra detailed textures.
- No text, no logos, no sudden transitions.

Urgent  Watermark: The text ""enepty"" in plain sans-serif font, colored solid black at 30% opacity (70% transparent), positioned in the bottom-right corner of the frame, small and unobtrusive, present throughout the entire duration of the video."
renoise-2084206568522887622,A cinematic first person travel diary following the same cheerful young Korean…,,真人,现实向,生活与vlog,,en,Seedance 2.0,link-only,copyrighted-character,renoise-ai/awesome-seedance-prompts,https://github.com/renoise-ai/awesome-seedance-prompts/blob/904b6caffa21c2b114bb93e1bd0e37ba80b3dd10/data/prompts/2084206568522887622.json,CC-BY-4.0,Snow,https://x.com/iamrealsnow/status/2084206568522887622,True,prompts/真人/现实向/生活与vlog/renoise-2084206568522887622--A-cinematic-first-person-travel-diary-fo.md,
renoise-2084209101190422650,Create a 60-second cinematic luxury chocolate commercial for a fictional…,,其他,,广告带货,,en,Seedance 2.0,,,renoise-ai/awesome-seedance-prompts,https://github.com/renoise-ai/awesome-seedance-prompts/blob/904b6caffa21c2b114bb93e1bd0e37ba80b3dd10/data/prompts/2084209101190422650.json,CC-BY-4.0,Sarah Parker,https://x.com/SeharShinwari/status/2084209101190422650,True,prompts/其他/广告带货/renoise-2084209101190422650--Create-a-60-second-cinematic-luxury-choc.md,"Create a 60-second cinematic luxury chocolate commercial for a fictional premium brand called Aurum Cacao. Ultra-photorealistic, Hollywood-quality commercial with luxury color grading, elegant camera movement, premium lighting, shallow depth of field, realistic facial expressions, natural English dialogue, and seamless continuity across every scene.

Scene 1 (0–10s): Inside a grand luxury auction hall, collectors and billionaires gather around a glass display showcasing the world's rarest chocolate. The auctioneer announces, *""The bidding begins at one million dollars.""* Cameras flash as the atmosphere fills with anticipation.

Scene 2 (10–20s): A young master chocolatier quietly works in a warm artisan workshop. He carefully roasts rare cacao beans, grinds them by hand, tempers glossy chocolate, and places the finished piece inside an elegant walnut presentation box. Soft golden light creates a warm, handcrafted atmosphere.

Scene 3 (20–35s): The handcrafted chocolate is presented to a panel of judges. One judge tastes it and pauses in complete silence before whispering, Extraordinary... Another judge smiles in amazement and says, *""I've never tasted anything like this.""* The luxurious texture, rich cocoa layers, and elegant presentation are shown through beautiful macro shots.

Scene 4 (35–50s): Back at the auction, the audience watches as the judges leave the million-dollar auction table to experience the chocolatier's creation. A wealthy bidder stands and says, *""I'll buy the recipe.""* The chocolatier smiles calmly and replies, ""Some things can't be bought."" The room falls silent.

Scene 5 (50–60s): Hero product reveal. The chocolate slowly rotates on a black marble pedestal surrounded by soft golden particles and elegant lighting. Rich cocoa textures glisten as the logo appears.

Brand: Aurum Cacao

Tagline: ""Luxury isn't bought. It's crafted.""*

Visual Style: Premium Swiss chocolate advertisement, cinematic storytelling, sophisticated luxury atmosphere, smooth camera movement, realistic acting, macro food cinematography, rich warm color palette of gold, dark brown, and black, world-class commercial quality.

Audio: One continuous orchestral soundtrack beginning with elegant piano and subtle strings, building into an emotional cinematic crescendo during the tasting scene, with refined sound effects including auction ambience, camera shutters, chocolate preparation sounds, and a memorable luxury brand sting at the end."
renoise-2084230451078820307,"Plano cinematográfico de acción real, hora dorada. Un superhéroe atlético y…",,真人,现实向,剧情短片,,es,Seedance 2.0,link-only,copyrighted-character,renoise-ai/awesome-seedance-prompts,https://github.com/renoise-ai/awesome-seedance-prompts/blob/904b6caffa21c2b114bb93e1bd0e37ba80b3dd10/data/prompts/2084230451078820307.json,CC-BY-4.0,YokerAI,https://x.com/IATheYoker/status/2084230451078820307,True,"prompts/真人/现实向/剧情短片/renoise-2084230451078820307--Plano-cinematográfico-de-acción-real,-ho.md",
renoise-2084244737150603618,Dracula — The Brides of Dracula,,真人,特效向,恐怖灵异,,en,Seedance 2.0,,,renoise-ai/awesome-seedance-prompts,https://github.com/renoise-ai/awesome-seedance-prompts/blob/904b6caffa21c2b114bb93e1bd0e37ba80b3dd10/data/prompts/2084244737150603618.json,CC-BY-4.0,AIrina (Virtual Media Net),https://x.com/airina_xyz/status/2084244737150603618,True,prompts/真人/特效向/恐怖灵异/renoise-2084244737150603618--Dracula-—-The-Brides-of-Dracula.md,"Dracula — The Brides of Dracula

Late at night inside a crumbling Transylvanian castle, Jonathan Harker awakens to find three impossibly beautiful women gliding silently through the moonlit chamber. Their pale faces are hypnotic, their crimson lips curl into knowing smiles, and their movements are graceful enough to seem almost unreal. As one leans closer, revealing gleaming fangs inches from his throat, terror and fascination blur together—until Dracula himself bursts into the room in a furious display of possessive rage.

No music. Pay attention to maintain spatial consistency and respect 180 degree rule in cinematography"
renoise-2084250743138406624,"Create a charming LEGO Brick stop-motion animation set in a bright, colorful…",,漫剧,现实向,剧情短片,粘土定格,en,Seedance 2.0,,,renoise-ai/awesome-seedance-prompts,https://github.com/renoise-ai/awesome-seedance-prompts/blob/904b6caffa21c2b114bb93e1bd0e37ba80b3dd10/data/prompts/2084250743138406624.json,CC-BY-4.0,Smiling Khan,https://x.com/AIwithkhan/status/2084250743138406624,True,prompts/漫剧/现实向/剧情短片/renoise-2084250743138406624--Create-a-charming-LEGO-Brick-stop-motion.md,"Create a charming LEGO Brick stop-motion animation set in a bright, colorful LEGO world. Every object, character, and environment is built entirely from authentic LEGO bricks with realistic plastic textures, visible studs, satisfying brick physics, and handcrafted stop-motion movement. Feature vibrant primary colors, clean blue skies, fluffy LEGO clouds, and cinematic toy photography.

The video begins with an empty green LEGO baseplate. Individual LEGO bricks suddenly slide, snap, and click perfectly into place, constructing a massive international airport from the ground up. The runway forms first, followed by taxiways, terminal buildings, glass entrance halls, jet bridges, control tower, parking garage, baggage belts, fuel trucks, luggage carts, airport signs, seating areas, security checkpoints, and colorful landscaping. Every structure assembles piece by piece with satisfying snapping sounds and seamless stop-motion animation.

Once the airport is complete, LEGO construction vehicles continue adding final details. A yellow LEGO crane lifts roof sections into place while bulldozers, forklifts, and service trucks move around the airport with precise toy-like movements. Tiny LEGO workers wearing bright safety helmets celebrate each completed section with enthusiastic waves and high-fives.

The airport comes alive as LEGO passengers arrive carrying tiny brick-built suitcases. Families check in at colorful counters, security staff guide travelers, baggage handlers load luggage carts, and airport workers drive service vehicles across the tarmac. Every LEGO minifigure has expressive printed faces and playful stop-motion animation.

A large LEGO passenger airplane slowly rolls out from the hangar as ground crew carefully position stairs, fuel trucks, baggage carts, and catering vehicles. The aircraft doors close, the engines begin spinning, and colorful navigation lights illuminate. Air traffic controllers wave from the control tower while passengers watch excitedly through the terminal windows.

The airplane begins taxiing down the runway before accelerating smoothly. As it reaches takeoff speed, it gracefully lifts into the air with realistic LEGO motion while the camera follows the aircraft soaring above the completed airport. Below, the busy terminal, parked aircraft, service vehicles, and bustling passengers continue moving naturally.

The final hero shot reveals the entire fully constructed LEGO airport from a cinematic aerial angle. The airplane flies overhead while construction vehicles, passengers, and airport staff celebrate below. Bright sunlight reflects off the colorful LEGO bricks as fluffy LEGO clouds drift slowly across the sky.

Style: LEGO Brick stop-motion animation, authentic LEGO plastic textures, visible studs, realistic brick snapping physics, handcrafted animation, colorful toy world, cinematic macro photography, vibrant lighting, satisfying assembly sequences, playful family-friendly storytelling, premium stop-motion quality, ultra-detailed LEGO environment, seamless construction effects, 4K, 16:9, no subtitles, no logos, no watermarks, no on-screen text."
renoise-2084255314518716482,A 15-second cinematic ASMR video showing the woman in the reference image…,,漫剧,现实向,日常治愈,2D日漫,en,Seedance 2.0,,,renoise-ai/awesome-seedance-prompts,https://github.com/renoise-ai/awesome-seedance-prompts/blob/904b6caffa21c2b114bb93e1bd0e37ba80b3dd10/data/prompts/2084255314518716482.json,CC-BY-4.0,ViralOps,https://x.com/ViralOps_/status/2084255314518716482,True,prompts/漫剧/现实向/日常治愈/renoise-2084255314518716482--A-15-second-cinematic-ASMR-video-showing.md,"A 15-second cinematic ASMR video showing the woman in the reference image making a colourful hand-tied flower bouquet. Preserve the same woman, clothing, hairstyle, flower-filled wooden table, warm workshop interior, sunlight, and richly painted anime appearance. Show a realistic florist’s process with clear continuity—the bouquet gradually becomes fuller in every shot.

0–3s: Begin with the same wide, eye-level composition as the reference image. The woman stands behind the wooden table, looking down with a calm, focused expression. She gently picks up a pink rose from among the scattered flowers while her other hand gathers several prepared stems. Warm sunlight streams through the windows as nearby leaves and tiny petals move slightly.

3–6s: Cut to her POV looking down at the worktable. Her hands use small floral scissors to trim the ends of several rose and wildflower stems diagonally. She quickly removes the lower leaves with her fingers and places the cleaned stems together on the table. Show crisp, precise hand movements and realistic falling leaf pieces.

6–9s: Continue in POV. She holds one central rose in her left hand and adds yellow flowers, small white blossoms, pink filler flowers, and eucalyptus stems one by one. Each new stem crosses diagonally in the same direction, forming a realistic spiral arrangement. Her left hand slowly rotates the growing bouquet while her right hand adds flowers evenly around it.

9–12s: Still in POV, she checks the bouquet from above, gently lifts one flower to balance its height, fills a visible gap with tiny white blossoms, then tightly wraps natural twine around the binding point several times. She finishes with a firm knot and trims the loose twine using floral scissors.

12–15s: Cut back to a beautiful wide, eye-level shot matching the opening composition. The completed colourful bouquet rests in both of her hands, filled with pink roses, yellow flowers, white blossoms, soft pink fillers, and eucalyptus greenery. She raises it slightly, studies the finished arrangement with a gentle satisfied smile, then places it upright in a clear glass vase on the table.

SOUND DESIGN: Intimate close-up ASMR only—delicate flower stems brushing together, soft leaf stripping, crisp scissor snips, stems tapping against the wooden table, faint petal rustling, twine tightening and sliding, a quiet knot pull, gentle fabric movement, subtle birds outside the open windows, and soft natural room ambience. No dialogue, no voice-over, no background music.

VISUAL STYLE: Richly painted hand-drawn 2D anime animation, warm golden sunlight, soft natural shadows, detailed flowers and foliage, expressive but realistic hand movements, vibrant colours, gentle cinematic depth, smooth visual continuity, clean POV transitions, cozy floral workshop atmosphere, 16:9."
renoise-2084260847388369167,"A unique stylized 3D animated character, an elderly grandmother who used to be…",,漫剧,特效向,奇幻冒险,3D卡通,en,Seedance 2.0,,,renoise-ai/awesome-seedance-prompts,https://github.com/renoise-ai/awesome-seedance-prompts/blob/904b6caffa21c2b114bb93e1bd0e37ba80b3dd10/data/prompts/2084260847388369167.json,CC-BY-4.0,ibexdream,https://x.com/ibexdream/status/2084260847388369167,True,"prompts/漫剧/特效向/奇幻冒险/renoise-2084260847388369167--A-unique-stylized-3D-animated-character,.md","A unique stylized 3D animated character, an elderly grandmother who used to be a monster hunter, wearing layered practical clothes, carrying old trophies and a walking cane shaped like a weapon, warm smile with fierce eyes, full body, expressive and memorable design, animated movie style, highly detailed, clean white background, no text"
renoise-2084270663498359019,IF I WAS IN ODYSSEUS,,真人,特效向,动作大片,,en,Seedance 2.0,,,renoise-ai/awesome-seedance-prompts,https://github.com/renoise-ai/awesome-seedance-prompts/blob/904b6caffa21c2b114bb93e1bd0e37ba80b3dd10/data/prompts/2084270663498359019.json,CC-BY-4.0,KreviX,https://x.com/LadyyEth/status/2084270663498359019,True,prompts/真人/特效向/动作大片/renoise-2084270663498359019--IF-I-WAS-IN-ODYSSEUS.md,"IF I WAS IN ODYSSEUS

A massive ancient Greek battlefield stretches to the horizon beneath dark storm clouds. Thousands of heavily armored Greek soldiers stand ready for war. Thick fog drifts across the muddy battlefield while smoke rises in the distance. Cold wind violently whips long black banners and cloaks. The atmosphere is tense, silent and overwhelming, like the opening scene of a $300 million Hollywood historical epic.

REFERENCE IMAGE 1

Use Image Reference 1 as the ONLY identity reference.

The uploaded person naturally exists as the legendary Greek commander leading the army.

The uploaded person has absolute priority.

The uploaded person must remain instantly recognizable throughout the entire video.

Do not reinterpret or redesign the person's appearance.

Keep exactly:

• facial identity
• facial proportions
• facial structure
• eye shape
• eyebrows
• nose
• lips
• jawline
• hairstyle
• hair length
• hairline
• fringe
• hair texture
• hair color
• skin tone
• body proportions
• age appearance

The hairstyle must remain exactly the same as the uploaded image.

Never replace the hairstyle with long hair, curly hair or a different historical hairstyle.

Only replace the modern clothing with historically accurate black Greek armor.

Only transform the environment into an ancient battlefield.

The final character must look like the uploaded person wearing Greek armor, not a different actor.

STYLE

Hyper-realistic live action.

Premium Hollywood historical blockbuster.

AAA cinematic realism.

Ultra photorealistic.

8K realism.

4K output quality.

Natural skin texture.

Physically accurate lighting.

Premium cinema color science.

Physically based rendering.

Heavy realistic black Greek armor with scratches, dents and metallic reflections.

Realistic leather details.

Heavy black cape.

Realistic cloth simulation.

No CGI appearance.

No cartoon.

No painting.

No illustration.

No fantasy stylization.

LOCATION

Massive muddy battlefield.

Thousands of Greek soldiers.

Dense pine forest in the far distance.

Cold overcast weather.

Low drifting battlefield fog.

Smoke floating through the air.

Wet muddy ground with footprints.

Large cinematic battlefield scale.

MAIN CHARACTER

The uploaded person stands at the front of the Greek army.

He wears realistic black Greek armor.

A long black cape flows behind him.

He holds a detailed black Corinthian helmet firmly in his right hand.

He holds a long Greek sword in his left hand.

He looks toward the enemy with absolute determination.

ACTION

0–2s

The commander stands motionless as wind violently moves his cape.

The camera begins with a dramatic low-angle hero shot and smoothly orbits around him.

The army waits silently behind him.

Fog and smoke slowly drift across the battlefield.

2–4s

Without breaking eye contact with the enemy, he slowly raises the sword high above the battlefield.

He unleashes a powerful battle cry.

His mouth opens naturally while shouting.

The soldiers behind him immediately answer by raising shields and spears.

The atmosphere explodes with anticipation.

4–6s

While shouting, he smoothly lifts the Corinthian helmet with his right hand and places it onto his head in one clean cinematic motion.

The camera continues its elegant orbit.

The cape whips dramatically in the wind.

Dust begins rising beneath the army.

6–8s

He lowers the sword toward the enemy.

He leans forward and begins walking with heavy determined steps.

Behind him thousands of soldiers immediately begin charging together.

Mud and dust explode beneath their feet.

8–10s

The commander suddenly explodes into a full sprint leading the army into battle.

The camera accelerates beside him in one uninterrupted Hollywood tracking shot.

His cape streams behind him.

His armor feels heavy and realistic.

Hundreds of soldiers charge behind him.

Mud flies through the air.

Smoke, fog and battlefield chaos surround the army.

The final frame feels like the opening battle of a Christopher Nolan historical epic.

CAMERA

One continuous cinematic take.

No cuts.

Professional ARRI Alexa 35 look.

85mm anamorphic cinema lens.

Low-angle hero cinematography.

Smooth cinematic orbit transitioning into an aggressive tracking shot.

Natural handheld weight.

Beautiful parallax.

Subtle realistic motion blur.

Professional Hollywood camera work.

LIGHTING

Natural cloudy daylight.

Cold cinematic atmosphere.

Soft diffused lighting.

Volumetric battlefield fog.

Realistic atmospheric haze.

Premium blockbuster color grading.

NEGATIVE PROMPT

No transformation sequence.

No morphing.

No identity drift.

No face changes.

No hairstyle changes.

No hair length changes.

No hair color changes.

No historical hairstyle replacement.

No curly hair.

No long hair.

No facial reconstruction.

No armor redesign.

No weapon redesign.

No fantasy magic.

No glowing effects.

No cartoon.

No anime.

No painting.

No illustration.

No extra limbs.

No duplicate main character.

No text.

No subtitles.

No logos.

No watermark."
renoise-2084289926003109945,"clouds barely moving, embers drifting slowly",,其他,,风景空镜,,en,Seedance 2.0,,,renoise-ai/awesome-seedance-prompts,https://github.com/renoise-ai/awesome-seedance-prompts/blob/904b6caffa21c2b114bb93e1bd0e37ba80b3dd10/data/prompts/2084289926003109945.json,CC-BY-4.0,Kenny1st,https://x.com/0xKenny1st/status/2084289926003109945,True,"prompts/其他/风景空镜/renoise-2084289926003109945--clouds-barely-moving,-embers-drifting-sl.md","clouds barely moving, embers drifting slowly"
renoise-2084294993628262554,"Cinematic anime short film clip, 15 seconds. Colorful Brazilian favela futsal…",,漫剧,现实向,剧情短片,2D日漫,en,Seedance 2.0,,,renoise-ai/awesome-seedance-prompts,https://github.com/renoise-ai/awesome-seedance-prompts/blob/904b6caffa21c2b114bb93e1bd0e37ba80b3dd10/data/prompts/2084294993628262554.json,CC-BY-4.0,TechieSA,https://x.com/TechieBySA/status/2084294993628262554,True,"prompts/漫剧/现实向/剧情短片/renoise-2084294993628262554--Cinematic-anime-short-film-clip,-15-seco.md","Cinematic anime short film clip, 15 seconds. Colorful Brazilian favela futsal court, concrete ground, vibrant painted walls, warm afternoon sunlight. Just him alone on the court. No other players no crowd nobody else.

CHARACTER: Young male Brazilian footballer inspired by Ronaldinho, dark brown skin, wide iconic gap toothed smile, expressive joyful eyes, lean athletic build, mid 20s. Classic yellow Brazil national team jersey, blue shorts, white socks, black and gold football boots. Classic black and white football.

CRITICAL: Ball never touches the ground once during the entire video. Every single touch immediately sends it back into the air. Ball movement is always realistic — natural spin, realistic arc, proper weight and physics. No long empty air time — every touch is quick and immediate keeping the ball always active.

AUDIO: Brazilian funk fused with modern beat loud from frame one never stopping, every cut synced to the beat, crisp ball contact sound on every touch always audible, different sounds for different body parts.

[0:00-0:02] Already mid air juggling from frame one — ball bouncing quickly between his thigh and foot in rapid alternating touches, realistic spin on every contact, his whole body moving and dancing naturally with each touch, wide smile. Close up of thigh and foot contacts. Wide shot full body. SFX: rapid touch sounds, beat full volume.

[0:02-0:04] Chest to head combination — ball comes off thigh to chest, chest sends it immediately up to forehead, head sends it back to chest, rapid continuous loop, each touch immediate with no wasted air time, ball always spinning naturally. Side profile showing full body. Close up of chest and head contacts alternating. SFX: chest thud, head contact, alternating rhythm.

[0:04-0:06] Shoulder to shoulder — ball rolling quickly across his right shoulder to his left shoulder continuously, body tilting naturally with each transfer, immediate contact each side, realistic roll across the fabric of the jersey. Close up of ball on shoulders. Front shot showing both shoulders working. Then heel flick juggling — heels flicking ball up behind him immediately back to thighs, quick and continuous. SFX: shoulder rolls, heel flicks rapid.

[0:06-0:08] Lies down on his back on the court — both feet pointing up — juggling ball above him with alternating feet, ball going straight up and coming back down quickly, natural arc, he controls it perfectly while lying flat, wide smile looking up at the ball. Camera from ground level looking along the court at him lying there. Overhead shot looking straight down. Side shot. SFX: rapid foot contacts from the ground, beat continuing.

[0:08-0:10] Jumps back to feet mid-juggle without losing the ball — ball immediately to thigh — rainbow flick — ball rolling up his back leg quickly and flicking over his head in a tight realistic arc — catches it immediately on his chest before it drops — no wasted air time. Low angle looking up showing ball arc against sky. Close up of heel flick contact. Chest catch immediate. SFX: rainbow whoosh, immediate chest catch.

[0:10-0:12] Neck stall — ball landing quickly on the back of his neck, balanced, his whole body still moving and dancing underneath it — only for one second — then flicks it forward off his neck immediately back into juggling without missing a beat. Then rapid thigh to head to thigh combination — quick touches, no wasted air, ball always spinning naturally. Close up of neck stall. Close up of rapid head touches. SFX: neck stall soft landing, immediate flick, rapid head contacts.

[0:12-0:15] HERO MOMENT. Ball in the air off his thigh — he steps back — crosses kicking foot behind standing leg — times the ball perfectly as it drops to the right height — full rabona volley — boot makes clean contact with ball still in the air — ball rockets directly at camera with realistic spin filling the entire frame — CUT TO BLACK. One final beat hit."
renoise-2084300762646229370,CHARACTER & FIGHT SETUP,,真人,特效向,武侠打斗,,en,Seedance 2.0,,,renoise-ai/awesome-seedance-prompts,https://github.com/renoise-ai/awesome-seedance-prompts/blob/904b6caffa21c2b114bb93e1bd0e37ba80b3dd10/data/prompts/2084300762646229370.json,CC-BY-4.0,Music Satire,https://x.com/MusicSatire/status/2084300762646229370,True,prompts/真人/特效向/武侠打斗/renoise-2084300762646229370--CHARACTER-FIGHT-SETUP.md,"CHARACTER & FIGHT SETUP

<<<image_1>>>: Photorealistic, an athletic woman with dark hair slicked back and caked in mud,
wearing a black athletic tank top and shorts soaked through and coated in wet brown mud,
muscular toned arms and shoulders streaked with mud, skin texture and sweat catching real
light, expression hardening from competitive to genuinely combative.

<<<image_2>>>: Photorealistic, an athletic woman with dark hair pulled back and streaked with
mud, wearing a matching black athletic tank top and shorts soaked through and coated in
wet brown mud, muscular toned arms and legs coated in mud, skin texture and sweat catching
real light, expression hardening to match.

VISUAL STYLE: Photorealistic, cinematic grain, natural daylight, true-to-life skin and mud
texture, no stylization, no anime/illustrative rendering — reads as real broadcast footage.

SFX & ENVIRONMENT: Open-air mud pit backed by a grass hill, a low tire-stack barrier wall
running along the field edge, event flags on poles against an overcast sky, a sponsor
barrier board and orange traffic cones at the treeline, a crowd dressed uniformly in black
watching from tiered scaffolding stands. Mud continuously re-splashes with realistic fluid
dynamics and should visibly fly off the body on every strike and every landed kick.

SHOT — 15s CONTINUOUS ONE-TAKE, PHOTOREALISTIC REALISTIC FIGHT

Photorealistic handheld with subtle shake, cinematic grain, camera crouched at mud-pit rim
height, true depth of field. Opens already mid-impact (BEAT 1 — HOOK):

[STRIKE] <<<image_1>>>'s right fist connects with <<<image_2>>>'s stomach — a driving straight punch,
impact frame holding on contact, mud spraying off <<<image_2>>>'s torso from the force.
[REACT] <<<image_2>>> doubles forward instantly, both arms wrapping around the gut, breath
forced out in a visible gasp, staggering back a step into the mud, one knee dipping before
she catches herself.

Camera whip-pans low with <<<image_2>>> as she recovers (BEAT 3 — FIRST EXCHANGE):

[STRIKE] <<<image_2>>> counters with a straight left, connecting with <<<image_1>>>'s jaw.
[REACT] <<<image_1>>>'s head snaps back and to the side, sweat and mud spraying off the axis of
the turn, eyes briefly unfocused, she stumbles back a full step, boots slipping in the mud.

BEAT 5 — TACTICAL SHIFT: <<<image_1>>> resets her stance lower, reading <<<image_2>>>'s guard, then:

[STRIKE] <<<image_1>>> throws a hard right roundhouse kick into <<<image_2>>>'s ribs.
[REACT] <<<image_2>>>'s torso crunches toward the impact side, one arm clamps to her ribs, she
exhales sharply and her weight shifts hard away from the struck side, staggering sideways
through standing mud, a wide splash fanning out with the stumble.

BEAT 7 — LOW POINT: <<<image_2>>> recovers fast and presses the advantage:

[STRIKE] <<<image_2>>>'s front kick drives into <<<image_1>>>'s stomach, full extension, real weight
behind it.
[REACT] <<<image_1>>> folds around the kick, both arms wrapping her midsection, driven back off
her feet, back hitting the mud hard — full-body splash fanning outward, breath forced out
on contact. Camera holds low and static for one beat on the impact.

BEAT 9 — THE SURGE: <<<image_1>>> rolls with the fall rather than staying down, sweeping a leg —

[STRIKE] <<<image_1>>>'s sweeping kick catches <<<image_2>>>'s ankle mid-step.
[REACT] <<<image_2>>>'s leg goes out from under her entirely, balance lost, arms windmilling,
she goes down into the mud beside <<<image_1>>>, a second splash crashing into the first. Both
women end up on the ground, breathing hard, the fight's momentum spent.

BEAT 11 — CLIMAX: <<<image_3>>> the fight burns itself out into a final straining clinch — both women
driving forward at once, foreheads pressed together, gripping each other's wrists/forearms
in a dead-even lock, mud-soaked and grinning through the effort, neither able to break the
other's balance. Camera holds tight on the locked grip, both women straining at full
tension, grunting with effort, mud dripping between their joined arms — no clean winner,
just two fighters fully spent and matched.

BEAT 12 — MEANING-SHIFT: camera pulls back and widens to reveal the full environment —
grass hill behind, tire-stack wall, flags catching what little wind there is, the
black-clad crowd watching from the stands, cones and sponsor barrier at the field's edge.
Both women remain locked forehead-to-forehead in the foreground, straining and grinning,
the wider world of the event settling in around them as the shot holds — the fight
reframed as a contest inside something bigger than the two of them, not a private grudge
match.

SFX: wet mud impact and suction throughout; sharp exhale/grunt on every landed strike;
mud suction and effort grunts held under the final clinch; ambient crowd noise swells in
as the camera widens, replacing the tight diegetic mud sounds with the sound of the event
itself. No music at any point, fully diegetic. Hold on the wide frame for the last beat."
renoise-2084303049766707568,"3 shots. Total duration 15 seconds shot 1 runs 0.0 to 5.0s, shot 2 runs 5.0 to…",,真人,现实向,生活与vlog,,en,Seedance 2.0,link-only,sexual,renoise-ai/awesome-seedance-prompts,https://github.com/renoise-ai/awesome-seedance-prompts/blob/904b6caffa21c2b114bb93e1bd0e37ba80b3dd10/data/prompts/2084303049766707568.json,CC-BY-4.0,BMX,https://x.com/bmx_ai13/status/2084303049766707568,True,prompts/真人/现实向/生活与vlog/renoise-2084303049766707568--3-shots.-Total-duration-15-seconds-shot.md,
renoise-2084310534262817118,CAMERA:,,真人,现实向,时尚写真,,en,Seedance 2.0,link-only,copyrighted-character,renoise-ai/awesome-seedance-prompts,https://github.com/renoise-ai/awesome-seedance-prompts/blob/904b6caffa21c2b114bb93e1bd0e37ba80b3dd10/data/prompts/2084310534262817118.json,CC-BY-4.0,Alpha Mom,https://x.com/YourAlphaMom/status/2084310534262817118,True,prompts/真人/现实向/时尚写真/renoise-2084310534262817118--CAMERA.md,
renoise-2084349241498194144,A cute yet highly skilled young female martial artist takes on three opponents…,,真人,特效向,武侠打斗,,en,Seedance 2.0,,,renoise-ai/awesome-seedance-prompts,https://github.com/renoise-ai/awesome-seedance-prompts/blob/904b6caffa21c2b114bb93e1bd0e37ba80b3dd10/data/prompts/2084349241498194144.json,CC-BY-4.0,simeon-sanai,https://x.com/Naiknelofar788/status/2084349241498194144,True,prompts/真人/特效向/武侠打斗/renoise-2084349241498194144--A-cute-yet-highly-skilled-young-female-m.md,"A cute yet highly skilled young female martial artist takes on three opponents inside a traditional Japanese high school classroom during an intense, uninterrupted one-shot fight sequence. She has expressive eyes, soft facial features, a confident smile, and an athletic build. Her movements are graceful yet explosive, combining elegance with precision. She wears a realistic Japanese school uniform with practical athletic footwear suitable for fast movement.

The classroom is densely packed with wooden desks, chairs, school bags, a chalkboard, sliding windows, curtains, fluorescent ceiling lights, posters, books, and loose papers. Every object naturally becomes part of the combat.

She moves effortlessly through the narrow aisles with incredible agility, dodging attacks from every direction. She vaults across desks, slides over tabletops, sends chairs crashing into opponents, blocks strikes using classroom objects, catches a backpack to absorb a powerful hit, and redirects momentum using the confined classroom layout. Papers burst into the air, desks overturn, chairs scrape loudly across the floor, curtains sway from the impact, and warm afternoon sunlight streams through the windows, illuminating floating dust particles.

The camera stays close throughout the entire uninterrupted take, maintaining an immersive handheld perspective. It circles around the fighter, ducks beneath desks, retreats as opponents charge, drops low during sweeping kicks, rises with every jump, and rapidly swings to reveal each new attacker. The viewer should feel physically present inside the classroom.

The choreography is fast, grounded, realistic, and impactful with believable reactions, fluid close-quarters combat, seamless transitions, and uninterrupted movement from beginning to end. Present the sequence as a premium martial arts action scene filmed in one continuous take.

Use authentic classroom lighting blended with warm afternoon sunlight, natural shadows, subtle motion blur, grounded textures, environmental wear, and real-world imperfections. The overall aesthetic should resemble a high-budget live-action martial arts film with practical stunt work, cinematic handheld cinematography, and realistic physics. Avoid an overly polished AI or CGI appearance."
renoise-2084383217449050387,"Visual Style: Cyberpunk, cinematic animation, ultra-detailed, High energy…",,漫剧,特效向,科幻机甲,2D日漫,en,Seedance 2.0,,,renoise-ai/awesome-seedance-prompts,https://github.com/renoise-ai/awesome-seedance-prompts/blob/904b6caffa21c2b114bb93e1bd0e37ba80b3dd10/data/prompts/2084383217449050387.json,CC-BY-4.0,Rob ✌︎,https://x.com/robazem/status/2084383217449050387,True,"prompts/漫剧/特效向/科幻机甲/renoise-2084383217449050387--Visual-Style-Cyberpunk,-cinematic-animat.md","Visual Style: Cyberpunk, cinematic animation, ultra-detailed, High energy, Story driven, Rain soaked, futuristic modern streetwear clothing, confident and calm look and blue piercing eyes. Highly detailed motorcycle.

Use Image @ image 1, as the character sheet as reference (face, clothing, proportions, motorcycle, goggles). Setting futuristic the futuristic city atmosphere and highway, heavy rain fall with, blue white lighting, and overall mood, with cool tone color palette.

Use @ image 1 as the only character and visual style reference.

Video begins
0.0–2.0 seconds:
Arrival -
Camera: Extreme aerial drone shot descending through rain toward a glowing cyberpunk megacity.
Blue holographic skyscrapers illuminate the night while traffic creates long blue and white light trails below. The camera pushes toward a lone futuristic motorcycle stopped on a rain-soaked elevated highway.
CRASH sits motionless on the bike, visor glowing softly.

2nd Shot:
2.0–4.5 Seconds:
The Motorcyclist -
Camera: Slow low-angle dolly push from the front wheel upward.
Blue neon reflections ripple across the wet pavement.
The motorcycle’s blue energy strips slowly ignite one after another.
Raindrops slide across CRASH’s jacket and glowing visor.
Wind lightly moves his messy black slight shine hair.
Expression remains calm, focused, and confident.

3rd Shot
4.5–6.5 Seconds:
Identity Reveal -
Camera: Tight cinematic close-up orbit (120°).
Blue holographic reflections dance across his visor.
The camera slowly circles his face while city lights blur behind him.
His bright blue eyes become visible beneath the visor glow.
A subtle confident smirk appears.

4th Shot
6.5–8.5 seconds:
Machine Awakens -
Camera: Macro tracking shots with rapid cinematic cuts.
Front headlights illuminate.
Blue energy lines surge through the motorcycle.
Tires begin spinning slowly.
Suspension compresses.
Water sprays from the rear wheel.
Exhaust emits soft blue energy vapor.
Deep futuristic engine sound builds.

5th Shot
8.5–11.5 seconds:
Neon Run -
Camera: Dynamic side tracking vehicle shot transitioning into a low-angle chase camera.
CRASH launches forward with explosive acceleration.
Blue neon trails streak behind the motorcycle.
Rain flies toward the lens while reflections shimmer across the highway.
The futuristic city races past with towering holographic billboards and glowing architecture.
Speed ramps emphasize acceleration.

6th Shot
11.5–13.5 seconds:
Cyber of NEXT GEN -
Camera: Front-facing tracking shot with a slow 180° orbit.
CRASH leans confidently into a sweeping corner.
Blue sparks briefly dance beneath the tires.
The camera rotates around him as the motorcycle carves through the wet road with perfect precision.
Blue particles drift from the bike.

Final Shot-
13.5–15.0 seconds:
Camera: Epic low-angle crane shot rising upward.
CRASH accelerates toward the skyline.
The motorcycle launches over a slight rise in the highway, silhouetted against glowing skyscrapers.
Rain slows into cinematic slow motion.
Blue energy trails linger in the air.
The camera tilts upward as the city lights stretch into the distance.
The screen fades to black.

On-screen title:
CRASH

Subtitle:
“Legends Ride Beyond Limits.”

Style tags:
Rich cyberpunk anime aesthetic with premium cinematic quality.
Deep blacks accented by electric royal blue, cyan, white, and subtle cool gray.
Heavy rain with glossy reflections, volumetric fog, and realistic water spray.
Smooth camera transitions, cinematic motion blur, and dramatic depth of field.
Neon-lit futuristic skyline inspired by the clean and cool color palette
High-end 90s-inspired anime character rendering with modern lighting, crisp cel shading, glowing blue accents, and 8K-quality detail. Powerful and storytelling."
renoise-2084383244808528235,参照画像の役割を先に宣言します。この分担で読み、最後まで従ってください。,,真人,现实向,剧情短片,,ja,Seedance 2.0,,,renoise-ai/awesome-seedance-prompts,https://github.com/renoise-ai/awesome-seedance-prompts/blob/904b6caffa21c2b114bb93e1bd0e37ba80b3dd10/data/prompts/2084383244808528235.json,CC-BY-4.0,ぴょんきち,https://x.com/yarakashiyama_/status/2084383244808528235,True,prompts/真人/现实向/剧情短片/renoise-2084383244808528235--参照画像の役割を先に宣言します-この分担で読み-最後まで従ってください.md,"参照画像の役割を先に宣言します。この分担で読み、最後まで従ってください。

@Image1 は「企画シート」＝この作品の憲法。世界観・色・光・優先度・禁止事項はこれに従う。これは資料です。中の文字・枠・色見本を映像に映さない。
@Image2 は「顔と衣装の正本」＝顔の同一性を担当。最後まで別人にしない。
@Image3 は「体格と衣装の正本」＝体つき・黒い水着の形・素足を最後まで変えない。
@Image4 は「場所の正本」＝屋外プールと高さ5メートルの飛び込み台。広さ・寸法・材質・光源はこれに従い、カットをまたいでも同じ場所・同じ光にする。これは資料です。図面と文字を映像に映さない。
@Image5 は「カツ丼の正本」＝丼の形・色・中身と持ち方。すり替えない・作り直さない。片手に1つずつ、合計2つ。
@Image6 は「質感と演出の正本」＝水柱・水しぶき・湯気は「出現→最大→消える」の一組で使い、消えたものを復活させない。

【カット割り】3カット。引き → 中間 → 寄りの順に、段階的に近づく。
カットが変わるとき、変わるのは画角と被写体までの距離だけで、場所・光・登場するものは変わらない。

【カメラ】撮影者はプールサイドに立ち、主役の斜め前にいる。カメラの高さは水面から3メートルで固定。各カットの中ではカメラ位置は動かない。ズームしない。対象が大きく写るのは、本当に近づいたときだけ。

【ルック】夏の午後の自然光。真上やや後ろからの強い日差しで、影ははっきり出る。3カットとも同じ色と同じ明るさである。実写のフォトリアル。作り込んだ広告映像の艶は出さない。水面は軽く波立っていて、鏡のような映り込みを作らない。

【画面の顔ぶれ】0秒の時点で画面にいるものは、主役の女性1人、彼女が持つカツ丼2つ、飛び込み台1基、プールの水面、プールサイド、空と雲だけ。この顔ぶれは3カットを通してずっと同じで、途中で何かが加わることはない。人も動物も増えない。

【人物】@Image2 と @Image3 のまま。25歳の日本人女性。黒い無地のワンピース水着、素足、黒のショートボブ、前髪が目にかかる。青白い肌。表情は最後まで口を閉じたままで、静かに保つ。歯を見せて笑わない、頬を持ち上げない。

【力の主体】主役は自分の意思で跳ぶ。体は最初から最後まで正面を向いたままで、一度も回らず、背中も見せない。宙返りをしない。両手はふさがったまま、持ち替えをしない。

【カツ丼の鎖】カツ丼は0秒の時点で左手に1つ、右手に1つ載っている。台の上でも、踏み切っても、落ちているあいだも、着水しても、水面から出てからも、ずっと同じ手に載ったままである。この鎖は3カットをまたいで一本につながっている。丼の面は常に地面と水平を保ち、中身はこぼれない。水柱に体が隠れているあいだも、丼は手に載ったままである。

【Cut 01｜引き】台と水面の高さが一枚で分かる引き。
・台の先端に立ち、正面を見ている。両手の丼を肩の高さで水平に保つ。風で前髪と後れ毛だけが揺れる。
・顔だけをゆっくり下へ向け、足元の水面を見下ろす。丼は水平のまま動かない。
・膝を沈める。上半身と腕の高さは変えず、丼の面も水平のまま。

【Cut 02｜中間】落下に合わせてカメラも下がり、主役を画面の中央に保ち続ける。
・真上へ跳び上がる。体は直立のまま。
・直立のまま落ちていく。髪と水着の裾だけが上へ流れ、丼は完全に水平で微動だにしない。
・足先が水面に触れる直前まで、同じ姿勢を保つ。

【Cut 03｜寄り】水面の高さから、顔が見える距離まで。
・足から着水し、白い水柱が上がって体を隠す。水柱は人の背丈より高くなり、崩れて水面に戻り、泡だけが残る。
・水面を割って顔が出る。前髪が額に張り付き、水滴が頬を伝う。口は閉じたまま。
・両手の丼を水面の上へ持ち上げる。中身は無傷で、湯気が細く上がり続ける。最後は湯気が流れている途中で切る。

【音】現場の音だけ。BGMは入れない。鳴る順＝風とかすかな蝉の声 → 台がきしむ音 → 踏み切る音 → 風を切る音 → 着水の破裂音 → 水が落ちる音 → 水面の揺れ。セリフは入れない。

【禁止】
・参照画像の中の文字・図面・色見本を、完成映像に表示しない
・丼を落とす、置く、持ち替える
・体を回す、背中から正面へ反転する
・水面に鏡のような映り込みを作る
・止め画で終わる

【設定値】15秒／16:9

変えるのは場所と持ち物と人物だけ。
3カットで寄る順番と、モノの鎖の部分は触らない。"
renoise-2084434165022552531,"Create a 10-second vertical (9:16), ultra-realistic 4K beauty commercial that…",,其他,,广告带货,,en,Seedance 2.0,link-only,sexual,renoise-ai/awesome-seedance-prompts,https://github.com/renoise-ai/awesome-seedance-prompts/blob/904b6caffa21c2b114bb93e1bd0e37ba80b3dd10/data/prompts/2084434165022552531.json,CC-BY-4.0,Hania Ai,https://x.com/HaniaAi12/status/2084434165022552531,True,"prompts/其他/广告带货/renoise-2084434165022552531--Create-a-10-second-vertical-9-16-,-ultra.md",
renoise-2084467213948629054,"A Pixar-inspired feature film animation with expressive characters, vibrant…",,漫剧,特效向,战斗大招,3D卡通,en,Seedance 2.0,,,renoise-ai/awesome-seedance-prompts,https://github.com/renoise-ai/awesome-seedance-prompts/blob/904b6caffa21c2b114bb93e1bd0e37ba80b3dd10/data/prompts/2084467213948629054.json,CC-BY-4.0,Shara I Ai Video Creator,https://x.com/itsshara_ai/status/2084467213948629054,True,prompts/漫剧/特效向/战斗大招/renoise-2084467213948629054--A-Pixar-inspired-feature-film-animation.md,"A Pixar-inspired feature film animation with expressive characters, vibrant European shopping streets, blockbuster-quality character animation, cinematic action choreography, warm golden-hour lighting, realistic cloth and hair simulation, dynamic camera movement, emotional facial performances, colorful storefronts, outdoor cafés, flower shops, cobblestone streets, premium 3D animation, feature-film quality, 16:9.
The film opens on a beautiful European shopping street during golden hour. People enjoy cafés while others browse flower shops.
Suddenly people scream and scatter.
A café table flips over.
Two young women are locked in an intense fight.
One throws the other into stacked café chairs.
Chairs crash.
Flower pots shatter.
Pigeons burst into the sky.
The camera circles dramatically.
Both girls breathe heavily.
Girl 1:
“Stay away from Shaun!”
Girl 2:
“Never!”
Both girls sprint toward each other.
Just before they collide—
A third girl suddenly steps between them and effortlessly catches both punches.
Silence.
She smiles confidently.
Girl 3:
“You’re both pathetic.”
Beat.
“Shaun is mine.”
The camera pans to Shaun casually walking while eating an ice cream.
He notices everyone staring.
“…Me?”
All three girls suddenly sprint toward him.
His ice cream falls.
Shaun:
“Oh no…”
He turns and runs."
renoise-2084468179733225660,A skateboarding scene down a steep road in a coastal city.,,真人,现实向,运动,,en,Seedance 2.0,,,renoise-ai/awesome-seedance-prompts,https://github.com/renoise-ai/awesome-seedance-prompts/blob/904b6caffa21c2b114bb93e1bd0e37ba80b3dd10/data/prompts/2084468179733225660.json,CC-BY-4.0,Curious 1,https://x.com/CuriousOne_01/status/2084468179733225660,True,prompts/真人/现实向/运动/renoise-2084468179733225660--A-skateboarding-scene-down-a-steep-road.md,A skateboarding scene down a steep road in a coastal city.
renoise-2084475078939463683,1970年代の日本。夕方の駅の長い連絡通路を、スーツ姿の日本人男性が全力で走り続ける。まわりの人々は反対方向へ歩いていて、彼だけが人の流れに逆らって走っている。…,,漫剧,现实向,剧情短片,绘画风,ja,Seedance 2.0,,,renoise-ai/awesome-seedance-prompts,https://github.com/renoise-ai/awesome-seedance-prompts/blob/904b6caffa21c2b114bb93e1bd0e37ba80b3dd10/data/prompts/2084475078939463683.json,CC-BY-4.0,ぴょんきち,https://x.com/yarakashiyama_/status/2084475078939463683,True,prompts/漫剧/现实向/剧情短片/renoise-2084475078939463683--1970年代の日本-夕方の駅の長い連絡通路を-スーツ姿の日本人男性が全力で走り続.md,"1970年代の日本。夕方の駅の長い連絡通路を、スーツ姿の日本人男性が全力で走り続ける。まわりの人々は反対方向へ歩いていて、彼だけが人の流れに逆らって走っている。男は画面の中央にいて、最後まで中央から動かない。

男は30代半ばの日本人。面長で頬骨がはっきり出ていて、目は切れ長で細く、眉は太く直線的。黒い髪を右から七三にきっちり分け、ポマードで固めてあり、全力で走っても分け目が一本も乱れない。太い黒縁の四角いメガネ。襟の広い濃紺の三つ揃いスーツ、幅広の臙脂色のネクタイ、白いワイシャツ、黒い革靴。革の書類鞄を左手に持ったまま、鞄は最後まで形を変えない。走る振動でメガネがずり落ちるたび、指で押し上げる。

男のうしろ、通路の奥から、まったく同じ格好の男たちが数十人、同じ向きに全力で走って続いてくる。全員が同じ七三分け、同じ黒縁メガネ、同じ濃紺の三つ揃いスーツ、同じ革の書類鞄。はじめは通路の奥のぼやけた人混みに紛れて見分けがつかないが、近づくにつれて像がはっきりしていき、やがて画面の奥いっぱいを埋め尽くす。

歩いている人々は1970年代の日本人。濃紺やこげ茶のスーツに中折れ帽の男たち、膝丈のスカートの女たち。画面の左右へ絶え間なく流れ続ける。手前をときどき人影が横切るが、輪郭がぼやけたままで顔は見えない。

止まらないもの＝足元から蹴り上げられた白い書類と茶色の封筒が、絶え間なく宙に舞い散り続ける。最初から最後まで舞い続ける。

背景でも、天井の裸の蛍光灯が次々と後ろへ流れ、太い角柱が次々と画面を横切っていく。

カメラは男の斜め前に置き、後ろ向きに下がりながら同じ速さで走り続ける。通路の奥までまっすぐ見通せる。画角は最後まで変えない。望遠レンズで浅い被写界深度、ピントは手前の男に合い、奥は大きくぼけたところから少しずつはっきりしてくる。男は腰から上が画面に入るサイズ。シネマスコープの横長構図。

セル画調の二次元の手描きアニメーション。細い黒の輪郭線と均一な塗り。1970年代の日本映画のような画作りで、夕方のオレンジ色の光が通路の奥から差し込み、逆光で舞う紙の縁が光る。影は濃く、色はやや褪せていて、細かいフィルムの粒子が全体にのっている。

音は環境音だけ。革靴が床を蹴る音、紙が擦れる音、遠くのざわめき。音楽なし。

先頭の男の顔・髪・メガネ・服は最初から最後まで同じ。手は自然で指の数は一定。

Avoid: identity drift, extra fingers, deformed hands, morphing props, text overlays, camera shake, 3D CGI look, plastic render"
renoise-2084477794558398679,"Pure 2D hand-drawn Japanese anime, perfect consistency, limited animation. EDM…",,漫剧,现实向,剧情短片,2D日漫,en,Seedance 2.0,,,renoise-ai/awesome-seedance-prompts,https://github.com/renoise-ai/awesome-seedance-prompts/blob/904b6caffa21c2b114bb93e1bd0e37ba80b3dd10/data/prompts/2084477794558398679.json,CC-BY-4.0,Joseph King,https://x.com/Korgamiai/status/2084477794558398679,True,"prompts/漫剧/现实向/剧情短片/renoise-2084477794558398679--Pure-2D-hand-drawn-Japanese-anime,-perfe.md","Pure 2D hand-drawn Japanese anime, perfect consistency, limited animation. EDM tech-house party, smoke, pulsing lights, flickering line art, jittery hatching, unstable paint-stroke texture.

Preserve Nux exactly: small ice-blue humanoid, spiky pale-blue hair, glowing cyan eyes, razor grin, white skull mask with red cross worn tilted on his head, choker, red jacket with orange fur collar, black-and-cyan swirl shirt, pale-blue wave-pattern trousers, pink slippers. No design, colour, anatomy or costume drift.

At 127 bpm: Nux DJs return to the controls standing behind the decks and starts to DJ, shimmying, rolling his shoulders and swaying to the beat; hands rise, trace fluid gestures, then briefly gesture playfully at the viewer. Completely non-verbal.

Dynamic handheld fisheye camera rocks, dips, pushes in and orbits back and forth, following his hands through extreme foreshortening. Stage wind moves his hair, fur collar, jacket and sash. Fluid, mischievous. Rhythm-locked motion beneath the jittering texture.

Sound design: Shaolin modern Tech-house with trap elements, Short vocal chop, minor key"
renoise-2084477800212578689,An ultra-realistic documentary-style MiniDV handheld vlog featuring the same…,,真人,现实向,生活与vlog,,en,Seedance 2.0,,,renoise-ai/awesome-seedance-prompts,https://github.com/renoise-ai/awesome-seedance-prompts/blob/904b6caffa21c2b114bb93e1bd0e37ba80b3dd10/data/prompts/2084477800212578689.json,CC-BY-4.0,Nexora,https://x.com/frametheory058/status/2084477800212578689,True,prompts/真人/现实向/生活与vlog/renoise-2084477800212578689--An-ultra-realistic-documentary-style-Min.md,"An ultra-realistic documentary-style MiniDV handheld vlog featuring the same original cute Korean girl and her fluffy cat, Mochi. The video begins with her casually walking to a neighborhood grocery store late at night, explaining with a soft, sleepy smile, “She has three different flavors at home... and somehow... the only one she wants is the one we don't have. Classic.” She naturally browses the pet food aisle, finds her cat's favorite flavor, and quietly says, “Found it. She better appreciate this.”

The story continues as she returns home, where Mochi immediately runs to greet her, meowing excitedly. Smiling, she softly says, “I know... I'm sorry. I got the right one this time.” She opens the pouch, prepares the food in a ceramic bowl, and watches Mochi happily eat before gently petting her. Looking back at the camera with a warm, sleepy smile, she quietly says, “See? Everyone's happy now.”

Shot entirely in authentic handheld MiniDV style with natural camera shake, subtle autofocus breathing, realistic exposure changes, consumer camcorder optics, genuine human micro-expressions, natural lip sync, soft clothing movement, realistic cat behavior, and seamless hand-object interaction. Captured with authentic built-in camera microphone audio featuring quiet night ambience, footsteps, automatic store door chimes, grocery bag rustling, food pouch crinkles, ceramic bowl sounds, soft kitten meows, gentle purring, breathing, and subtle apartment ambience. No cinematic effects, no overacting, no artificial transitions, and no visible AI artifacts—just a warm, believable late-night moment between a girl and her cat that feels like a genuine personal memory."
renoise-2084481138501034119,FORMAT: 15s / 145 BPM / 15 SHOTS / beat-synced routine,,真人,现实向,音乐MV,,en,Seedance 2.0,link-only,hate,renoise-ai/awesome-seedance-prompts,https://github.com/renoise-ai/awesome-seedance-prompts/blob/904b6caffa21c2b114bb93e1bd0e37ba80b3dd10/data/prompts/2084481138501034119.json,CC-BY-4.0,Duet | AI,https://x.com/Sheldon056/status/2084481138501034119,True,prompts/真人/现实向/音乐MV/renoise-2084481138501034119--FORMAT-15s-145-BPM-15-SHOTS-beat-synced.md,
renoise-2084484939148611589,夏フェスでライブしてる動画作って。音楽はお任せで生成。,,真人,现实向,音乐MV,,ja,Seedance 2.0,,,renoise-ai/awesome-seedance-prompts,https://github.com/renoise-ai/awesome-seedance-prompts/blob/904b6caffa21c2b114bb93e1bd0e37ba80b3dd10/data/prompts/2084484939148611589.json,CC-BY-4.0,俺の娘たち / プロンプトの人,https://x.com/oreno_musume/status/2084484939148611589,True,prompts/真人/现实向/音乐MV/renoise-2084484939148611589--夏フェスでライブしてる動画作って-音楽はお任せで生成.md,夏フェスでライブしてる動画作って。音楽はお任せで生成。
renoise-2084490366225379606,Create a 16-panel cinematic storyboard grid for Phase 1 (0-15s) of a…,,真人,特效向,动作大片,,en,Seedance 2.0,link-only,copyrighted-character,renoise-ai/awesome-seedance-prompts,https://github.com/renoise-ai/awesome-seedance-prompts/blob/904b6caffa21c2b114bb93e1bd0e37ba80b3dd10/data/prompts/2084490366225379606.json,CC-BY-4.0,Gilbert Odera | Your AI Plug,https://x.com/yourPlugAI/status/2084490366225379606,True,prompts/真人/特效向/动作大片/renoise-2084490366225379606--Create-a-16-panel-cinematic-storyboard-g.md,
renoise-2084502013971439965,"Montage, 7-shot handheld phone vlog, photorealistic home-video style. Slight…",,真人,现实向,生活与vlog,,en,Seedance 2.0,,,renoise-ai/awesome-seedance-prompts,https://github.com/renoise-ai/awesome-seedance-prompts/blob/904b6caffa21c2b114bb93e1bd0e37ba80b3dd10/data/prompts/2084502013971439965.json,CC-BY-4.0,WasifAI,https://x.com/doctorwasif/status/2084502013971439965,True,"prompts/真人/现实向/生活与vlog/renoise-2084502013971439965--Montage,-7-shot-handheld-phone-vlog,-pho.md","Montage, 7-shot handheld phone vlog, photorealistic home-video style. Slight handheld shake, natural framing, bright summer daylight, fine film grain.

A woman (image) eats mul-naengmyeon alone in a traditional hanok courtyard restaurant. (Image) provides only her face and hairstyle; outfit: pale mint linen short-sleeve shirt with shoulders fully covered, top button closed, loosely tucked. She remains seated on the same side facing the camera throughout. No other faces appear; only a server's hands enter the frame.

The table holds an icy stainless-steel bowl of mul-naengmyeon (buckwheat noodles, slushy broth, egg, cucumber, pear, ice), a cold water pitcher, mustard, vinegar, napkin, and chopsticks. Hanok beams, tiled roofs, potted plants, dappled sunlight, and distant cicadas create a cool summer atmosphere.

**Shots**
1. Bowl is served. She smiles: ""와 시원하겠다.""
2. Overhead: server cuts noodles with scissors.
3. She slurps noodles, shivers: ""으으 차가워~""
4. Tastes broth with pear and egg: ""Brain freeze, worth it.""
5. Pours water and drinks.
6. Eats the egg, nods: ""이 집 진짜 잘하네.""
7. Finishes, leans back with eyes closed as the breeze passes.

Natural Korean dialogue only where specified. Live ambient audio only: bowl, scissors, broth, slurping, water pouring, cicadas, courtyard ambience. No music, subtitles, logos, watermarks, or duplicated reference image."
renoise-2084511259702251704,Shot count: 1 | Duration: 10s | Aspect ratio: 9:16,,真人,现实向,剧情短片,,ja,Seedance 2.0,link-only,hate,renoise-ai/awesome-seedance-prompts,https://github.com/renoise-ai/awesome-seedance-prompts/blob/904b6caffa21c2b114bb93e1bd0e37ba80b3dd10/data/prompts/2084511259702251704.json,CC-BY-4.0,タナベ | AI動画 × マーケティング,https://x.com/tanabe_fragm/status/2084511259702251704,True,prompts/真人/现实向/剧情短片/renoise-2084511259702251704--Shot-count-1-Duration-10s-Aspect-ratio-9.md,
renoise-2084528879574900870,"30-Second Video Prompt — ""Jessy: Rooftop Run""",,真人,特效向,动作大片,,en,Seedance 2.0,,,renoise-ai/awesome-seedance-prompts,https://github.com/renoise-ai/awesome-seedance-prompts/blob/904b6caffa21c2b114bb93e1bd0e37ba80b3dd10/data/prompts/2084528879574900870.json,CC-BY-4.0,Jessica Collins,https://x.com/AIwithJessica/status/2084528879574900870,True,prompts/真人/特效向/动作大片/renoise-2084528879574900870--30-Second-Video-Prompt-—-Jessy-Rooftop-R.md,"30-Second Video Prompt — ""Jessy: Rooftop Run""

PART 1 — 0:00–0:15

Cut 1 (0–3s): Static locked-off shot, identical to the reference opening — Jessy sits on the wooden windowsill of her cozy, cluttered bedroom, looking out at the hazy NYC skyline. She says ""All right,"" turns her head to face the camera directly, snaps her fingers, and says ""Let's do this one more time."" She pulls the headphones up onto her ears, tips backward naturally, and falls out the window, dropping smoothly out of frame.

Cut 2 (3–4s): Camera catches her mid-fall from street level below — she twists upright in the air with a sharp, focused expression, fires a web upward with a quick wrist snap, and the camera pulls back into a wide rear-follow drone shot as the web yanks her out of the fall.

Cut 3 (4–7s): Wide shot of a residential NYC street lined with brownstones and fire escapes. She swings low, just 3 meters above the ground, arms extended forward gripping the web, legs trailing together, back straight. At the bottom of the arc her feet skim the roof of a parked car — a quick, surprised laugh escapes her as she uses the contact to redirect. Camera banks hard, 40 degrees.

Cut 4 (7–10s): She releases the web at the peak of the swing, arms opening wide for a brief weightless moment — then instead of swinging again, she runs straight along the vertical face of a brownstone wall, body leaned 45 degrees into the brick, 4–5 real running strides, jaw set in determined focus. She plants both feet, knees bending deep, then explodes off the wall and fires a new web across a wide intersection.

Cut 5 (10–15s): The swing yanks her hard sideways, camera rolling 60 degrees. She dips low down a street packed with yellow taxis, just 2 meters off the ground, body streamlined, arms and legs trailing like an arrow. She releases the web, lands running full sprint, arms driving — then drops into a low controlled slide under a delivery truck's side mirror, one leg tucked, hand bracing the ground, and springs back up into her stride without losing speed, grinning with adrenaline. (End Part 1.)

PART 2 — 0:15–0:30

Cut 6 (15–17s): New angle — she plants one foot on the side of a moving taxi, pushes off its roof with a single explosive step, fires a web straight up at a tall building, and rockets skyward, shouting ""WOOHOO!"" with completely uncontrolled joy, mouth open, head tipping back.

Cut 7 (17–21s): The drone rises with her. At the top of the arc she releases the web, body briefly weightless, arms open — then twists mid-air and lands a spinning heel-strike off the metal frame of a rooftop water tower, redirecting her momentum sideways instead of dropping. A sharp, focused grunt of effort, eyes locked on her next line of travel.

Cut 8 (21–25s): Street level again — she descends a fire escape, hands catching each rail to control her speed, sneakers striking the metal steps in rhythm, scarf whipping behind her. At the bottom she vaults a low fence in one clean motion without breaking stride, laughing as a flock of pigeons scatters around her.

Cut 9 (25–30s): Final wide shot at rooftop level — she fires one last web and swings up into open air, releasing at the peak. Arms open, body arched back, completely still for one breathless moment. Golden hour sky, warm orange-pink light, dramatic backlit clouds. She hangs tiny and centered against the glowing sky, rooftops and water towers below, eyes closed, face full of pure freedom, as she begins to fall back down. (End.)"
renoise-2084529538877518069,Hand painted 2.5D urban anime short,,漫剧,现实向,剧情短片,2D日漫,en,Seedance 2.0,,,renoise-ai/awesome-seedance-prompts,https://github.com/renoise-ai/awesome-seedance-prompts/blob/904b6caffa21c2b114bb93e1bd0e37ba80b3dd10/data/prompts/2084529538877518069.json,CC-BY-4.0,Mike McLaughlin,https://x.com/Michael73320774/status/2084529538877518069,True,prompts/漫剧/现实向/剧情短片/renoise-2084529538877518069--Hand-painted-2.5D-urban-anime-short.md,"Hand painted 2.5D urban anime short
Texture painting
3D only as the base structure
Vibrating grease pencil outlines
Rough brush edges
Tense and cautious atmosphere
Strong impact frames
Dynamic camera angles
Fast grounded action
No clean 3D polish

CHARACTER CONTINUITY: image 1

VEHICLE CONTINUITY: Image 2
Keep the same car throughout. No logos or text changes.

Location:

0:00-0:05
Low angle tracking shot follows the driver walking confidently toward the parked car Close up of the hand pulling the door handle, entering the car, then pushing the start button. Macro shot of the exhaust pipe blasting thick stylized gray smoke. Smooth  Smooth cinematic transitions.
Sound: start up 4.2-liter V8 engine
0:05-0:11
low-angle tracking shot of tires spinning and smoking on asphalt, whip pan to headlights igniting in the dark, as she pulls out of the hotel car park in Hollywood.
Sound: a roaring 4.2-liter V8 engine
0:11-0:15
crash zoom on metallic open-gate shifter gear shift being pulled, quick cut to speedometer needle climbing, drone shot swooping over car cutting through traffic"
renoise-2084530133298196563,Create a 15-second ultra-realistic cinematic beverage commercial featuring a…,,其他,,广告带货,,en,Seedance 2.0,,,renoise-ai/awesome-seedance-prompts,https://github.com/renoise-ai/awesome-seedance-prompts/blob/904b6caffa21c2b114bb93e1bd0e37ba80b3dd10/data/prompts/2084530133298196563.json,CC-BY-4.0,Zeeshi,https://x.com/AIwithZeeshi/status/2084530133298196563,True,prompts/其他/广告带货/renoise-2084530133298196563--Create-a-15-second-ultra-realistic-cinem.md,"Create a 15-second ultra-realistic cinematic beverage commercial featuring a mysterious premium glowing amber drink that gives its consumer the ability to control time. Focus on cinematic storytelling, premium product presentation, realistic human movement, believable physics, dramatic lighting, and seamless time-manipulation transitions.

0:00–0:04 | Time Stands Still

A stylish young man stands alone inside a luxurious modern city café at golden hour. Suddenly, everything around him freezes — people stop moving, steam hangs motionless in the air, rain droplets remain suspended, and a passing car outside becomes completely still. He notices a mysterious glowing amber beverage bottle on the table.

0:04–0:08 | The First Sip

He slowly picks up the bottle and takes one sip. Extreme macro close-up of the glowing liquid, condensation, realistic glass reflections, and tiny particles inside the drink. As he swallows, a subtle wave of energy spreads through the environment.

0:08–0:12 | Control Time

The man raises his hand and discovers he can control time. A falling coffee cup reverses upward, rain flows backward, and the city rapidly shifts from sunset to night and back to daylight while he remains perfectly still. Smooth, physically believable time manipulation with dramatic cinematic camera movement.

0:12–0:15 | The Power in a Bottle

Everything suddenly returns to normal. He places the bottle back on the table as the camera slowly pushes toward the glowing beverage. End with a dramatic premium product hero shot against the futuristic city skyline, with condensation, reflections, cinematic lighting, and a luxurious commercial aesthetic.

Visual Style: High-end cinematic beverage commercial, photorealistic 4K, premium product photography, realistic glass and liquid physics, volumetric lighting, shallow depth of field, anamorphic lens flares, sophisticated camera movement, seamless transitions.

Camera: Wide establishing shot → slow product reveal → macro liquid close-up → dynamic time-control sequence → cinematic product hero shot.

Audio: Ambient café sounds suddenly fading into silence, subtle magical energy sound, reversed environmental effects, cinematic orchestral buildup, powerful final hit.

Hook: What if one sip could give you control over time? ⏳🥤"
renoise-2084553574089199732,A Peaceful Winter Night in Finland,,漫剧,现实向,日常治愈,3D卡通,en,Seedance 2.0,,,renoise-ai/awesome-seedance-prompts,https://github.com/renoise-ai/awesome-seedance-prompts/blob/904b6caffa21c2b114bb93e1bd0e37ba80b3dd10/data/prompts/2084553574089199732.json,CC-BY-4.0,Julia Clark,https://x.com/JuliaClarky/status/2084553574089199732,True,prompts/漫剧/现实向/日常治愈/renoise-2084553574089199732--A-Peaceful-Winter-Night-in-Finland.md,"A Peaceful Winter Night in Finland

Style: Beautiful Pixar/DreamWorks-quality 3D animation, cute stylized cartoon characters, soft rounded features, expressive eyes, cozy Nordic aesthetics, magical realism, warm cinematic lighting, volumetric light, fluffy snow simulation, highly detailed stylized environments, ultra-smooth animation, whimsical atmosphere, 9:16 vertical, 60 seconds, no dialogue, no narration, no text.

Scene 1 — A Cozy Winter Morning (0:00–0:08)
The camera slowly glides through fluffy snow-covered pine trees toward a tiny colorful Scandinavian wooden cottage with a red roof, glowing warm yellow windows, flower boxes buried beneath snow, tiny lanterns hanging beside the wooden door, and smoke gently curling from the chimney. The entire village is covered in thick sparkling snow that glitters like tiny diamonds under the soft winter sunrise.
Inside the cottage, a cute 3D animated girl with big expressive eyes, rosy cheeks, a cream oversized knitted sweater, fuzzy wool socks, and messy brown hair slowly stretches beneath a fluffy white blanket. A tiny orange kitten sleeps curled beside her pillow. Warm golden sunlight pours through the frosted window, creating beautiful god rays filled with floating dust particles.
Ambient Sounds • Soft winter wind. • Birds chirping gently. • Fireplace crackling. • Cat purring. • Wooden floor softly creaking. • Coffee gently pouring. • Steam quietly rising.

Scene 2 — Outside the Cottage (0:08–0:16)
She puts on a fluffy white beanie with a pom-pom, wraps a long knitted scarf around her neck, slips into oversized winter boots, and opens the little wooden door.
A wave of crisp winter air enters the room.
Snowflakes gently swirl around her.
She smiles with sparkling eyes.
As she steps outside...
CRUNCH...
Her boots sink into soft untouched snow.
Every footprint stays behind.
Tiny sparkling snow particles float into the air.
Nearby...
A small red fox watches curiously.
Two little birds land on a snowy fence.
A squirrel jumps across a pine branch causing powder snow to fall like glitter.
The camera follows beside her with smooth floating movement.

Scene 3 — Magical Finnish Forest (0:16–0:26)
She walks through a magical stylized Finnish pine forest.
Everything feels peaceful.
Tall rounded pine trees covered in fluffy snow.
Tiny mushrooms hidden beneath snow.
Frozen berries hanging from branches.
A gentle rabbit hops across the path.
A family of reindeer slowly walks through the distance.
Sunlight filters beautifully through snowy branches.
Snowflakes slowly spin as they fall.
She reaches out...
One snowflake lands on her mitten.
She smiles.
The camera circles around her slowly.

Scene 4 — Frozen Lake (0:26–0:38)
She reaches a huge frozen lake.
The surface looks like polished crystal.
Tiny snowflakes drift across the ice.
She carefully walks onto the frozen lake.
Every step echoes softly.
She sits on a tiny wooden dock covered in snow.
She removes her mittens.
Wraps both hands around a steaming mug of hot chocolate.
The steam dances softly in the cold air.
She watches the peaceful sky.
Nothing happens...
Only silence...
Only nature...

Scene 5 — Aurora Begins (0:38–0:50)
The wind suddenly becomes softer.
The stars slowly appear.
One tiny green light glows across the horizon.
It slowly grows...
The Northern Lights gently awaken.
Long flowing ribbons of emerald green...
Turquoise...
Soft purple...
Blue...
The aurora dances gracefully across the entire sky like glowing silk floating underwater.
Its magical light reflects across the frozen lake.
Tiny glowing particles gently float around the girl.
Her eyes become wide with wonder.
She quietly smiles.
The soft green light reflects beautifully inside her eyes.
A gentle breeze moves her scarf.
The camera slowly circles around her while revealing the enormous colorful sky.

Scene 6 — Ending (0:50–1:00)
The camera slowly rises higher.
Higher...
Higher...
The girl becomes smaller while sitting peacefully beside the frozen lake.
The cozy little cabin glows warmly in the distance.
Snow continues falling slowly.
The magical aurora fills the entire sky.
The forest sparkles beneath soft moonlight.
Everything feels calm.
Everything feels safe.
Everything feels like home.
The final frame shows endless snowy Finland glowing beneath dancing Northern Lights before slowly fading into darkness.

Layered Ambient Sounds
* Soft Arctic wind moving through pine trees
* Gentle fluffy snow crunch beneath boots
* Tiny birds chirping
* Distant raven
* Fox footsteps in snow
* Squirrel jumping between branches
* Powder snow falling from trees
* Fireplace crackling
* Cat purring
* Hot chocolate pouring
* Mug gently placed on wooden dock
* Steam softly escaping
* Frozen lake subtle ice creaks
* Fabric rustling
* Wool scarf fluttering
* Calm breathing
* Absolute silence during the aurora
* Very soft wind while the Northern Lights dance

Visual Style Keywords: Pixar-quality 3D animation, DreamWorks style, Disney-inspired cozy winter aesthetic, stylized Finnish village, fluffy snow physics, cinematic volumetric lighting, magical realism, expressive cartoon character, ultra-detailed environments, warm cozy color palette, emerald aurora borealis, whimsical atmosphere, slow cinematic camera, peaceful storytelling, premium animated short film."
renoise-2084555081995936189,A cinematic 10-second 4K commercial set on a rainy Tokyo street at night.,,其他,,广告带货,,ja,Seedance 2.0,,,renoise-ai/awesome-seedance-prompts,https://github.com/renoise-ai/awesome-seedance-prompts/blob/904b6caffa21c2b114bb93e1bd0e37ba80b3dd10/data/prompts/2084555081995936189.json,CC-BY-4.0,ミサキ,https://x.com/misakin883/status/2084555081995936189,True,prompts/其他/广告带货/renoise-2084555081995936189--A-cinematic-10-second-4K-commercial-set.md,"A cinematic 10-second 4K commercial set on a rainy Tokyo street at night.

Begin with an extreme macro close-up of individual raindrops on a transparent umbrella. Sharp neon signs and moving city lights are reflected inside the droplets.

The camera smoothly glides across the wet umbrella surface and reveals a beautiful adult Japanese woman beneath it. Show highly detailed wet eyelashes, natural skin texture, fine individual hair strands, tiny water droplets and realistic fabric texture.

She slowly turns toward the camera. Her damp hair moves naturally and releases several tiny droplets into the air. Colorful neon lights, passing cars and pedestrians reflect clearly across the rain-soaked pavement behind her.

In the final two seconds, the camera rapidly but smoothly pushes into her eye. A detailed Tokyo night street is reflected in her iris.

Premium Japanese beauty commercial, photorealistic, precise facial consistency, realistic rain physics, detailed reflections, natural motion, cinematic contrast, shallow depth of field, controlled highlights, crisp 4K detail, no scene cuts, one continuous camera movement, 16:9."
renoise-2084555319804674519,参考图片@图片1 生成一段8秒、9:16、超写实奢华高定走秀卡点换装视频。,,真人,特效向,特效综合,,zh,Seedance 2.0,link-only,sexual,renoise-ai/awesome-seedance-prompts,https://github.com/renoise-ai/awesome-seedance-prompts/blob/904b6caffa21c2b114bb93e1bd0e37ba80b3dd10/data/prompts/2084555319804674519.json,CC-BY-4.0,李岳,https://x.com/liyue_ai/status/2084555319804674519,True,prompts/真人/特效向/特效综合/renoise-2084555319804674519--参考图片-图片1-生成一段8秒-9-16-超写实奢华高定走秀卡点换装视频.md,
renoise-2084568442905002352,Bullet time effect. A young Japanese woman in a white dress tosses a bridal…,,真人,特效向,特效综合,,ja,Seedance 2.0,,,renoise-ai/awesome-seedance-prompts,https://github.com/renoise-ai/awesome-seedance-prompts/blob/904b6caffa21c2b114bb93e1bd0e37ba80b3dd10/data/prompts/2084568442905002352.json,CC-BY-4.0,ぴょんきち,https://x.com/yarakashiyama_/status/2084568442905002352,True,prompts/真人/特效向/特效综合/renoise-2084568442905002352--Bullet-time-effect.-A-young-Japanese-wom.md,"Bullet time effect. A young Japanese woman in a white dress tosses a bridal bouquet high into the air at an outdoor garden party. The moment the bouquet reaches its peak — time freezes. Individual flower petals detach from the bouquet and hover suspended in mid-air. Water droplets from a nearby fountain freeze into a curtain of tiny crystals catching the sunlight. Champagne bubbles from a nearby glass float motionless. Guests behind her are frozen mid-reach, fingers stretched toward the bouquet, hair and dresses caught mid-swing by the wind. Camera smoothly orbits 360 degrees around the frozen bouquet at eye level, weaving between the suspended petals and water droplets, only the camera moves while everything else remains perfectly still. Ultra-realistic, 4K HD, bright afternoon golden hour lighting, wide angle lens."
renoise-2084571516772237540,10-second vertical TikTok fashion lookbook — one fixed-camera full-body shot of…,,真人,现实向,时尚写真,,ko,Seedance 2.0,,,renoise-ai/awesome-seedance-prompts,https://github.com/renoise-ai/awesome-seedance-prompts/blob/904b6caffa21c2b114bb93e1bd0e37ba80b3dd10/data/prompts/2084571516772237540.json,CC-BY-4.0,1p(1mpal),https://x.com/impalementd/status/2084571516772237540,True,prompts/真人/现实向/时尚写真/renoise-2084571516772237540--10-second-vertical-TikTok-fashion-lookbo.md,"10-second vertical TikTok fashion lookbook — one fixed-camera full-body shot of a young female model posing on a city sidewalk in front of a modern building facade, warm natural sunlight streaming in from one side and washing over her, soft contact shadows at her feet, the building and street behind her softly blurred with shallow depth of field, crisp photographic realism matching <이미지1>.

<비디오1> is a depth-map motion reference containing one model — reproduce its silhouette, body pose and every motion beat one-to-one on the same timeline, in the same full-body fixed framing. The camera stays completely fixed for all 10 seconds — it never moves, zooms or reframes; every change on screen comes from her own body and her outfits.

She is the girl from <이미지1> — same face, hairstyle, hair color, skin and body held identical in every frame. <이미지2>, <이미지3>, <이미지4> and <이미지5> are flat-lay outfit breakdown sheets — product photos of clothes, shoes and accessories laid out on a plain backdrop, containing no person. For each look, dress her in the exact garments and accessories from that sheet, fitted naturally on her body — she keeps @이미지1's face, hair and body in every look. She is naturally lit by the scene's sunlight with contact shadows grounding her; the background, sunlight direction and color grade stay identical from first frame to last.

This is a TikTok outfit-change edit: at each beat below her entire outfit HARD-SWAPS in a single instant cut between two frames — the clothing changes completely from one frame to the next while her pose keeps flowing continuously through the swap, with face, hair, background and light untouched. The bag swaps with the look: wherever <비디오1>'s silhouette carries a bag shape, that shape IS the current look's single bag — render the current sheet's bag exactly there. The previous look's bag vanishes in the same cut, and she carries at most ONE bag at any moment.

0–3.2s — LOOK 1: she wears the full outfit shown in <이미지1>, posing playfully, one hand lifting toward her head.
At exactly 3.2s the outfit hard-swaps to LOOK 2, the full look of <이미지2>: white open-knit crochet cardigan slipping loosely off the shoulders over a white cami top, light-wash denim shorts, and its single light-blue shoulder bag — every garment, color and material exactly as shown.
At exactly 5.0s it hard-swaps to LOOK 3, the full look of <이미지3>: white polka-dot tee and white tiered lace ruffle mini skirt with sheer socks and ballet flats, its single light-blue shoulder bag on one shoulder, the skirt swaying with her weight shifts.
At exactly 6.7s it hard-swaps to LOOK 4, the full look of <이미지4>: white Nike sports bra, high-waist frayed denim shorts, white knee socks and chunky white slides, its single lavender shoulder bag resting at her hip; this swap too lands as one instant hard cut.
At exactly 8.6s it hard-swaps to LOOK 5, the full look of <이미지5>: white short-sleeve shirt with slim black necktie, black satin balloon mini skirt, white socks and black sneakers, its single polka-dot tote bag carried in her hand as she strikes the final pose.

Fabric on every look reacts naturally to her motion. Natural skin texture, natural human hands with slender fingers and bare nails. Motion is smooth, fluid and continuous at full frame rate, flowing naturally between every beat. Clean text-free frame."
renoise-2084571779025326580,An 8-second high-energy vertical MV (9:16) that races through six eras of…,,漫剧,特效向,科幻机甲,3D卡通,ja,Seedance 2.0,,,renoise-ai/awesome-seedance-prompts,https://github.com/renoise-ai/awesome-seedance-prompts/blob/904b6caffa21c2b114bb93e1bd0e37ba80b3dd10/data/prompts/2084571779025326580.json,CC-BY-4.0,さゆり|アニメ声クリエイター🎤,https://x.com/LilyLoveSNPY/status/2084571779025326580,True,prompts/漫剧/特效向/科幻机甲/renoise-2084571779025326580--An-8-second-high-energy-vertical-MV-9-16.md,"An 8-second high-energy vertical MV (9:16) that races through six eras of Japanese beauty, one woman per era, tempo accelerating toward the future.

REFERENCE ROLES — one woman per shot, use each frame as the first frame and primary visual source for that shot:
@Image1 = Meiji-era woman: red floral kimono with maroon pleated hakama, lace high-collar blouse, upswept hair with kanzashi ornament, lace parasol, in a sunlit Western-style parlor.
@Image2 = Taisho-era woman: purple arrow-feather kimono, red hakama, short bob with a red ribbon, in a warm retro café by a stained-glass window.
@Image3 = Showa-era woman: red polka-dot blouse, red headband, wavy black bob, in a retro kissaten booth with a green cream-soda float.
@Image4 = Heisei-era woman: long light-brown hair, beige cardigan over a denim skirt, knee socks, holding a flip phone, at a bright city crossing.
@Image5 = Reiwa-era woman: brown wavy medium hair, cream knit sweater, holding a smartphone, in an airy modern café with plants.
@Image6 = Future woman: silver short hair, white futuristic long coat over black bodysuit, glowing holographic UI on her wrist, on a balcony over a neon night city with aurora.

IDENTITY LOCK: each shot preserves its woman EXACTLY as in her own reference — same face shape, same eye shape and color, same hairstyle, same outfit and proportions. Only ONE woman on screen per shot. Do NOT blend faces between eras, do NOT drift toward another cartoon style, do NOT enlarge the eyes. Natural human motion, no warping.

STYLE: stylized 2.5D anime aesthetic, photorealistic high-detail 2.5D CG, painterly rendering, clean cel-shaded faces, cinematic lighting, soft bloom, gentle lens flares, 35mm grain, 24fps, vertical 9:16. This is a MULTI-CUT of six distinct shots, each with its OWN angle/height/camera move — never the same framing twice, never one static locked-off shot.

SHOT 1 (0.00–1.30) — Meiji, low-angle CRANE UP: start low on her lace-up boots and the parasol tip, craning up her full figure to her face as she spins the lace parasol open overhead; morning light flares through the lace, dust motes drift. She lifts her chin with a serene half-smile. Full figure, elegant.

Cut to SHOT 2 (1.30–2.60) — Taisho, smooth lateral DOLLY RIGHT: the camera glides right past the stained glass and warm lamp, settling into a medium close-up as she lifts her gaze from her book straight to the lens, the red ribbon bouncing, lamp glow on her cheek. A page still fluttering.

Cut to SHOT 3 (2.60–3.90) — Showa, PUSH-IN with a slight ARC (under 180°): the green cream-soda glass sparkles huge in the foreground; camera arcs to her over-the-shoulder turn as she flashes a bright grin toward the lens, black bob swinging. Quick sense of the cherry and rising fizz.

Cut to SHOT 4 (3.90–5.10) — Heisei, snappy PUSH-IN, slightly low angle: she flicks the flip phone open with a crisp wrist snap and spins to camera, denim skirt and hair swinging, the bright crossing blurred behind her. Confident, playful.

Cut to SHOT 5 (5.10–6.30) — Reiwa, DOLLY-IN over a foreground element: the smartphone held toward the lens in the lower foreground, camera dollies in to her face as she tilts the phone for a selfie and gives a soft wink to the lens, airy café light, leaves in soft focus.

Cut to SHOT 6 (6.30–8.00) — Future, CRANE PULL-BACK (climax): she flicks the holographic UI on her wrist — a burst of blue light expands — then the camera cranes back and up, opening the vast neon night city and shimmering aurora behind her, her white coat billowing, hair lifting in the high wind. Wide, triumphant.

PACING: each successive cut lands a touch faster and snappier than the last, energy building from the calm Meiji open to the explosive future finale. Transitions between eras are quick light-flashes / soft lens-flare swishes (added feel of time flowing forward), not whip pans.

CAMERA GRAMMAR — PERMITTED: crane up, lateral dolly, push-in, partial arc under 180°, dolly-in, crane pull-back. Each shot a different move. AVOID: static locked-off overhead, the same fixed angle twice, full 360° rotation, whip pans, handheld jitter.

Audio: only sound effects — parasol-fabric flutter and soft wood-floor step and faint birdsong (Meiji); page flip and teacup clink and rain-on-glass (Taisho); cream-soda fizz and spoon tap on glass (Showa); flip-phone snap and city-crossing ambience (Heisei); café hum and camera-shutter click (Reiwa); holographic UI chimes and low sci-fi hum and high wind (Future); a soft whoosh on each era transition. No dialogue, no music melody, no BGM, no human voices, no singing.

CONSTRAINTS: any signage, menus, posters, phone screens or brand marks stay soft, blurred and UNREADABLE — render NO legible letters, numbers or logos anywhere. Keep the upper-center relatively clear for a later caption. Stable geometry, no morphing between the different women, no full 360-degree rotation, no whip pans, no handheld jitter."
renoise-2084581149377179886,Ultra fast-paced FPV drone flight through the ancient Indian Chandela Dynasty…,,真人,现实向,剧情短片,,en,Seedance 2.0,,,renoise-ai/awesome-seedance-prompts,https://github.com/renoise-ai/awesome-seedance-prompts/blob/904b6caffa21c2b114bb93e1bd0e37ba80b3dd10/data/prompts/2084581149377179886.json,CC-BY-4.0,Shushant Lakhyani,https://x.com/shushant_l/status/2084581149377179886,True,prompts/真人/现实向/剧情短片/renoise-2084581149377179886--Ultra-fast-paced-FPV-drone-flight-throug.md,"Ultra fast-paced FPV drone flight through the ancient Indian Chandela Dynasty at its peak during the 10th to 12th century CE. A single continuous one take shot with no cuts, no transitions, and no camera resets. Fly seamlessly through magnificent sandstone temples with intricate carvings, towering shikharas, grand palaces, bustling marketplaces, royal courtyards, lush gardens, sacred water tanks, elephant processions, cavalry, artisans sculpting stone, dancers, priests performing rituals, vibrant festivals, dense forests, dramatic cliffs, and fortified cities. Hyper realistic, cinematic, ultra detailed, bright natural daylight, golden sunlight, vibrant colors, authentic historical architecture, smooth fluid FPV motion, dynamic speed changes, immersive depth, breathtaking scale, realistic human activity, volumetric lighting, atmospheric dust, crisp textures, premium film quality, 8K, HDR, masterpiece, photorealistic, continuous uninterrupted camera movement from start to finish"
renoise-2084589555295166615,"15초 길이, 16:9 화면비, Apple 키노트 스타일 패러디 제품 영상을 만들어줘.",,其他,,广告带货,,ko,Seedance 2.0,,,renoise-ai/awesome-seedance-prompts,https://github.com/renoise-ai/awesome-seedance-prompts/blob/904b6caffa21c2b114bb93e1bd0e37ba80b3dd10/data/prompts/2084589555295166615.json,CC-BY-4.0,LOOPY,https://x.com/VibeEverything/status/2084589555295166615,True,"prompts/其他/广告带货/renoise-2084589555295166615--15초-길이,-16-9-화면비,-Apple-키노트-스타일-패러디-제품-영.md","15초 길이, 16:9 화면비, Apple 키노트 스타일 패러디 제품 영상을 만들어줘.

이미지 1을 제품 디자인 레퍼런스로 사용한다. 이미지 1과 동일한 비율과 두께를 유지하고, 전면 중앙에 Apple 로고를 배치. 제품 상단에는 USB-C 포트 1개, 청백색 LED 1개, 표면과 수평을 이루는 알약 모양 버튼 1개. 모든 장면에서 제품의 외형을 완전히 동일하게 유지.

배경은 경계가 보이지 않는 순수한 검은색으로 구성. 시네마틱한 스튜디오 림 조명, 느리고 절제된 움직임, 분위기 있는 전자 음악을 사용.

[0–4초]
제품이 어둠 속에서 천천히 모습을 드러내며 화면 오른쪽에 떠있는다. 카메라가 미세하게 15도 궤도 이동하는 동안, 가느다란 하이라이트가 무광 알루미늄 가장자리와 전면 로고를 가로질러 이동한다.

왼쪽에 다음 문구를 페이드인한다.
“Charge Pro”
그 아래:
“Your day lasts longer.”

[4–7.5초]
제품 상단 가장자리를 익스트림 매크로 뷰로 보여준다.
실제와 자연스러운 비율의 USB-C 커넥터가 포트에 완벽하게 정렬된 상태로 접근하여 부드럽게 삽입된다. 금속 커넥터 부분은 포트 안으로 완전히 들어가야 하며, 노출된 금속이나 눈에 보이는 틈이 없어야 한다. 장면이 끝날 때까지 완전히 연결된 위치에서 아무런 움직임 없이 정지 상태를 유지한다.
완전히 삽입된 후에만 LED를 은은하게 켠다.

왼쪽에 다음 문구를 페이드인한다.
“One port. One LED.”
그 아래:
“Nothing more.”

[7.5–11초]
양쪽의 둥근 끝부분이 모두 보이는 완전한 형태의 제품을 수평으로 눕혀 보여준다. 제품은 프레임 너비의 70–75%를 차지해야 한다.
최종 각도에서는 전면이 선 형태로만 보여야 한다.
위쪽 가장자리를 따라 절제된 하이라이트를 사용하고, 제품 아래에는 아주 희미한 그림자만 표현한다.

제품이 측면 각도에 도달하면 그 위에 다음 문구를 페이드인한다
“Thinner. Longer.”
그 아래:
“20% longer than the previous generation.”

[11–15초]
제품은 화면 중앙보다 약간 오른쪽에서 수직으로 떠 있으며, 제품 아래에는 은은하게 퍼지는 빛이 형성된다. 음악이 거의 무음에 가깝게 잦아드는 동안 제품은 완전히 정지된 상태를 유지한다

왼쪽에 다음 문구를 페이드 인하세요.
“From $199”
그 아래:
“Charge Pro.”
“One is all you need.”

타이포그래피
“Charge Pro”: 세미볼드
헤드라인 및 가격: 미디엄
보조 문구: 레귤러

주요 텍스트에는 부드러운 흰색을, 보조 텍스트에는 차가운 회색을 사용한다. 지나치게 크지 않은 절제된 중간 크기의 타이포그래피를 사용한다. 모든 문구는 선명하고 안정적으로 유지하며, 철자를 정확히 표기하고 지정된 텍스트 영역 안에 배치한다.

깔끔한 컷 전환과 부드러운 불투명도 페이드를 사용한다. 페이드 이외의 텍스트 애니메이션은 사용하지 않는다.
모든 장면에서 제품의 형태, 로고, 포트, LED, 버튼, 소재, 조명 스타일, 타이포그래피 크기 및 간격을 동일하게 유지한다.

네거티브: 추가 문구, 추가 포트, 추가 LED, 추가 버튼, 제품 변형, 360도 전체 회전, 카메라 흔들림, 화면을 어지럽히는 요소, 컬러 배경, 워터마크"
renoise-2084592462237180399,15-SECOND CINEMATIC URBAN FASHION FILM,,真人,现实向,时尚写真,,en,Seedance 2.0,,,renoise-ai/awesome-seedance-prompts,https://github.com/renoise-ai/awesome-seedance-prompts/blob/904b6caffa21c2b114bb93e1bd0e37ba80b3dd10/data/prompts/2084592462237180399.json,CC-BY-4.0,Shore Lyn,https://x.com/Shorelyn_/status/2084592462237180399,True,prompts/真人/现实向/时尚写真/renoise-2084592462237180399--15-SECOND-CINEMATIC-URBAN-FASHION-FILM.md,"15-SECOND CINEMATIC URBAN FASHION FILM

Location: Dark teal-Lit underground metro subway

Camera: Sony FX3

35mm f1.8 Shallow DOF Film grain

Teal-orange LUT

Style: Handheld documentary EVERY shot different angle Character ALIVE throughout

SHOT 1-1sec SILHOUETTE

Pure silhouette. Woman walking LEFT TO RIGHT past large backlit frosted glass wall. Camera static side profile. Only rim light. Deep teal. Reflective floor. Hair and wide trousers move with stride. Expression: absorbed, in her own world.

SHOT 2-1sec ESCALATOR DOWN

Camera at BOTTOM looking UP. She rides DOWN toward camera.

Looks at phone then lifts eyes with soft curiosity. Fluorescent lights streak behind. Teal tunnel walls. Hair falls forward. Expression: distracted, glances up.

SHOT 3-1sec

ESCALATOR FACE-ON

Camera at TOP shooting DOWN tunnel. She faces camera front-on, arms on railings. Wide angle, symmetrical. Teal tunnel stretches dramatically below.

Expression: calm, open, slight attitude.

SHOT 4-1sec

ESCALATOR BACK

Camera BEHIND her full body back shot. Faces away, rides into dark tunnel. Auburn hair cascades down, moves gently. Camera slowly pushes forward.

Expression: mysterious, unknown.

SHOT 5-1sec MIRROR REFLECTION

Curved convex security mirror near turnstile. Camera over right shoulder. Her reflection visible she slows, tilts head, studies herself.

Green exit signs glow in background. Expression: self-aware, quiet recognition.

SHOT 6-1sec

BENCH SITTING

Camera LOW front-on. Sits legs apart, forearms on knees, hands clasped. Stares at ground then looks up at camera. Dark metal mesh wall behind. Single overhead light pools on her. Expression: pensive, tired but strong.

SHOT 7-1sec PLATFORM TRAIN BLUR

Camera SIDE ANGLE full body. Orange train rushes LEFT TO RIGHT full motion blur. Wind hits hair erupts, shirt moves, trousers billow. She stays completely still.

Expression: unbothered, untouchable.

SHOT 8-1sec LOW ANGLE PLATFORM

Camera LOW ANGLE looking UP. She holds phone, slowly raises eyes into camera. Hair slightly windswept. Shallow DOF, orange bokeh behind her.

Expression: direct, quietly intense.

SHOT 9-1sec HERO DOOR FRAME

Dead centre in open orange train doors. Teal carriage behind. Arms loose. Extremely slow camera push in. Stares into lens. Zero expression. Total presence. Orange door frame surrounds her like a portrait. Expression: power, stillness.

SHOT 10-1sec INSIDE TRAIN

Camera handheld LOW across from her. Sits on teal bench, leans on window. Tunnel lights strobe across face as train moves. Touches necklace chain absent ly. Expression: introspective, somewhere else mentally.

SHOT 11-1sec PLATFORM TWIRL

Camera WIDE full body low. Orange train pulls away RIGHT TO LEFT. She turns hair fans out in wide arc. SLOW MOTION 40%.

Trousers and shirt swirl. Ends facing camera. Expression: free, caught mid-movement.

SHOT 12-1sec EXTREME CLOSEUP

Camera MACRO. Eyes, nose, necklace fill entire frame.

Looks LEFT slowly then stares directly into lens. Teal catchlight in eyes. Real skin texture. One slow blink. Expression: raw, alive, intense.

SHOT 13-2sec EXIT WALK

Camera FLOOR LEVEL looking UP. She steps forward toward camera with authority. Teal platform behind, orange train alongside. Walks toward lens, fills frame. FADES TO BLACK. Expression: purposeful, final, closing statement.

COLOR GRADE: Teal shadows Orange highlights Crushed blacks Zero beauty filter Real skin texture Real fabric movement Film grain ISO 3200 Documentary realism"
renoise-2084606602150396341,Create a premium film storyboard for a 15-second cinematic mini movie titled…,,真人,现实向,生活与vlog,,en,Seedance 2.0,,,renoise-ai/awesome-seedance-prompts,https://github.com/renoise-ai/awesome-seedance-prompts/blob/904b6caffa21c2b114bb93e1bd0e37ba80b3dd10/data/prompts/2084606602150396341.json,CC-BY-4.0,Sarah Parker,https://x.com/SeharShinwari/status/2084606602150396341,True,prompts/真人/现实向/生活与vlog/renoise-2084606602150396341--Create-a-premium-film-storyboard-for-a-1.md,"Create a premium film storyboard for a 15-second cinematic mini movie titled The Detour. The layout should resemble a professional Hollywood pre-production storyboard with a black luxury design, thin gold accents, and clean typography. Include 11 numbered storyboard panels arranged in a clean grid. Each panel must display the scene title, timestamp, brief action description, camera angle, and camera movement. Add a small character reference panel on the right featuring Sarah with consistent appearance throughout every frame.

Character

Sarah, 25 years old, elegant European woman with fair skin, long wavy blonde hair, hazel-green eyes, wearing an ivory fitted knit top, black trousers, white sneakers, minimal gold jewelry. She drives a black Porsche 911 Carrera. Maintain identical facial features, hairstyle, outfit, and proportions across every panel.

Story Panels

1. Early Morning Drive (0:00–0:02)
Sarah drives her Porsche through winding alpine roads at sunrise. Warm golden light. Close side profile. Slow push-in.

2. The Sign (0:02–0:03)
POV through the windshield. An old wooden sign reads ""Scenic Route – Less Traveled."" Static shot.

3. The Decision (0:03–0:04)
Sarah smiles softly and turns the steering wheel toward the scenic road. Interior front camera.

4. The Journey (0:04–0:06)
Drone follow shot of the Porsche driving through forests, mountain roads, lakes, and dramatic curves.

5. Scenic Moments (0:06–0:08)
Beautiful montage of alpine roads, bridges, valleys, pine forests, and crystal-clear lakes.

6. Roadside Café (0:08–0:10)
Sarah stops at a cozy mountain café. An elderly owner hands her a coffee with a friendly smile. Medium shot.

7. Back on the Road (0:10–0:11)
Low-angle tracking shot of the Porsche driving through the mountains.

8. Hidden Viewpoint (0:11–0:13)
Sarah reaches a viewpoint above the clouds. Wide cinematic shot with the Porsche parked nearby.

9. Quiet Reflection (0:13–0:14)
Close-up profile of Sarah taking a deep breath while watching the sunset.

10. Final Pull Back (0:14–0:15)
Drone slowly pulls away, revealing Sarah and the Porsche overlooking endless mountains and clouds.

11. Ending Frame
Minimal black screen with elegant typography displaying:

The best journeys begin when you stop following the map.

 Visual Style

Ultra-photorealistic
Luxury automotive commercial
Porsche advertisement quality
ARRI Alexa 65
Anamorphic lenses
Golden hour lighting
Premium cinematic color grading
Soft depth of field
Natural human expressions
Smooth camera movement
Clean storyboard labels and timestamps
Black background with gold and white typography
16:9 landscape poster, high-resolution, professional film-production storyboard."
renoise-2084611364786458855,SCENE CONTEXT,,真人,特效向,恐怖灵异,,en,Seedance 2.0,,,renoise-ai/awesome-seedance-prompts,https://github.com/renoise-ai/awesome-seedance-prompts/blob/904b6caffa21c2b114bb93e1bd0e37ba80b3dd10/data/prompts/2084611364786458855.json,CC-BY-4.0,Ivanna | AI Art & Prompts,https://x.com/ivanka_humeniuk/status/2084611364786458855,True,prompts/真人/特效向/恐怖灵异/renoise-2084611364786458855--SCENE-CONTEXT.md,"SCENE CONTEXT
A rainy afternoon inside a cluttered antique doll shop. A heavy wealthy man walks the aisles, chooses one life-size doll from a high shelf, pays for her at the counter, and closes her into a wooden crate. Camera lives inside the shop, always on the shadow side of the aisle, operator axis running down the central corridor between two tall shelf walls.

ACTIVE REFERENCES
@image1 — the man, 48, heavy corpulent build, 186 cm, thinning ash-grey hair combed back, ruddy broken capillaries across nose and cheeks, sweat film on the forehead, charcoal cashmere overcoat over a midnight-blue three-piece suit, oxblood silk tie, black kidskin gloves, gold signet ring on the right little finger, ebony cane with a brass ram's-head grip. 100% matches the reference.
@image2 — the doll, a life-size figure exactly 120 cm tall standing on the shelf, reaching only to the man's hip when they share frame. Lavender gingham corset dress with lilac tulle skirt, glossy patent lilac over-knee boots, sheer lilac mesh sleeves, lilac-and-blue braided hair with small blueberry and popsicle charms threaded through the braids, painted lilac flowers on both cheeks, small dark beauty mark high on the chest. Her skin carries the fine matte sheen of glazed porcelain over the exact face from the reference. 100% matches the reference.

LOCATION MAP
Foreground: a rank of small antique porcelain dolls, 40 cm each, lined along the shelf edge closest to camera, their faces out of focus and crossing the bottom of frame. Midground: the central aisle, oak floorboards, a rolling library ladder on a brass rail, a glass apothecary jar of loose glass eyes sorted by colour, open music-box mechanisms with exposed brass gears, wax mannequins in moth-eaten dresses. Background: a tall rain-streaked window at the far end of the aisle throwing one grey shaft down the corridor, and a wooden counter with an old shopkeeper woman seated behind it, almost motionless. A single bare bulb on a braided cord hangs mid-aisle and swings 4 cm side to side in a draught, sliding its shadows across every doll face. Colour comes off the materials: warm amber tungsten sinking into dark oak and dust, cold grey window light bleeding along the wet glass, and the lavender tulle of the doll dress reading as the one clean saturated note in the aisle.

FIRST FRAME / BLOCKING
Frame opens already occupied: an extreme close-up of a single blue-grey glass eye lying in an open apothecary jar in the midground, filling the centre of frame, with a blurred porcelain doll hand crossing the lower left corner. Deep in the eye's curved surface, a small distorted reflection shows the shop door opening and a wide dark silhouette stepping in. The man enters from the far background and walks toward camera down the aisle. The doll stands from the first second on the high shelf at the end of the corridor, upright and facing the aisle.

FORMAT MODE
Timed multishot with explicit hard cuts. Cuts only at the specified points, the camera does not cut on its own.

OPTICS
0.0s to 2.5s — ECU, 12° FOV, tele-detail on the glass eye, the reflection sharp inside the curve, no drift mid-segment.
2.5s to 5.0s — MS, 47° FOV, neutral human perspective, no drift mid-segment.
5.0s to 7.5s — WS rising to low angle, 63° FOV, observational, no drift mid-segment.
7.5s to 10.0s — CU, 29° FOV, portrait compression on the doll's face, no drift mid-segment.
10.0s to 12.5s — ECU, 12° FOV, tele-detail on hands at the counter, no drift mid-segment.
12.5s to 15.0s — POV wide, 84° FOV, slight perspective stretch at the frame edges, no drift mid-segment.
Anamorphic character throughout: tall oval bokeh, soft horizontal streak off the bare bulb, gentle halation blooming around every tungsten highlight.

CAMERA
Operator works at doll height for most of the piece, lens between 100 cm and 130 cm off the floor, standing in the shadow of the shelf wall camera-left. Beat 2 is a lateral dolly tracking right to left along the shelf face at 3 km/h, matched to the man's walking speed. Beat 3 is a fast whip pan upward, 0.9 seconds of vertical motion blur, settling into a locked low angle. Beat 4 is a handheld follow with a 2 cm tremor as the doll is carried past the lens. Beat 6 is a locked POV from inside the crate, looking straight up. Focus is racked deliberately and lands hard each time. Camera body character: wide tonal latitude, highlights rolling off softly on the bulb and the wet window, shadows holding detail deep into the shelves.

ACTION
0.0s to 2.5s — The glass eye sits still in the jar. Inside its reflection the shop door swings, a brass bell above it jumps, and the dark silhouette of @image1 enters and starts down the aisle. A slow rack focus pulls from the eye's surface to the reflection.
2.5s HARD CUT
2.5s to 5.0s — @image1's gloved right hand travels along the row of small porcelain doll faces at chest height, fingertips brushing each cheek in turn. The camera tracks with the hand. His head stays above the top of frame, only his coat front, tie and moving hand are held in shot. His cane taps the floorboards once every second step.
5.0s HARD CUT
5.0s to 7.5s — The gloved hand stops dead on a doll cheek. WHIP PAN upward, 0.9 seconds of vertical blur, settling on @image2 standing on the high shelf at the end of the aisle, 120 cm tall among 40 cm porcelain dolls that reach only her knee, planted in the grey shaft from the window with dust turning in the beam around her. She holds perfectly still, eyes open and fixed forward.
7.5s HARD CUT
7.5s to 10.0s — The shopkeeper's dry old hands close around @image2's waist and lift her from the shelf. Her head tips loosely back 20 degrees under her own weight and her braids swing, the blueberry charms knocking together. She is carried past the lens; camera holds on her upside-tilted face as it crosses frame, her open eyes passing directly through the light.
10.0s HARD CUT
10.0s to 12.5s — On the counter, @image1's gloved hand lays down a folded stack of banknotes and slides it forward. The shopkeeper's hand comes in with a grey cloth draped over her palm and takes the money through the cloth, her skin never touching the note or the glove. She withdraws. The gold signet ring catches the bulb light as his hand lifts away.
12.5s HARD CUT
12.5s to 15.0s — POV from inside the wooden crate, looking straight up at @image1 from floor level. He leans over the opening, filling the upper frame, backlit by the swinging bulb so his eyes stay inside the shadow of his own brow while his wet lower lip and jowls catch the light. He lifts the crate lid into frame and lowers it. The rectangle of light narrows across his face, thins to a bright bar, and closes to full black at 15.0s.

PERFORMANCE
@image1 breathes audibly through the mouth, chest lifting under the waistcoat, a sweat film breaking on his forehead and upper lip under the bulb. His tongue touches his lower lip once as he stops at the shelf. Muscle-level appetite: the jaw slack, the eyes narrowing rather than widening. Pore-level skin realism on him — visible capillaries across the nose, open pores, the shine of perspiration, individual grey hairs at the temple.
@image2 gives a doll performance: absolute stillness, no blinking, eyes open and glassy with two small hard catch-lights, lips parted a few millimetres. She stays a passive weight in the shopkeeper's hands, her limbs and head moving only from gravity and momentum. Her cheeks hold a fine porcelain glaze with a faint craquelure at the hairline.

PHYSICS
Dust motes turn slowly through the window shaft and swirl where the man's coat passes. The hanging bulb swings on its cord and drags its shadow across the shelves in a steady 2-second cycle. Rain runs in threads down the window glass. The doll carries real mass in the shopkeeper's arms — the old woman's forearms strain, her shoulders drop under the weight. Braids and charms swing with inertia and settle a half-beat late. Tulle skirt compresses where hands press it. Contact shadows sit tight under the crate, the counter and every shelf object.

LIGHTING
Key: warm 3200K tungsten from the single bare bulb hanging mid-aisle, hard-edged and close, falling off rapidly into the shelves so the corridor ends in darkness. Fill: cold grey 6500K window light entering from the far background, an 8:1 ratio to the key, so the aisle sits mostly dark with one silver shaft at the end. Rim:"
renoise-2084614963033944548,"15-second, 16:9 premium technology launch film for an ordinary carrot. Pure…",,真人,现实向,剧情短片,,en,Seedance 2.0,,,renoise-ai/awesome-seedance-prompts,https://github.com/renoise-ai/awesome-seedance-prompts/blob/904b6caffa21c2b114bb93e1bd0e37ba80b3dd10/data/prompts/2084614963033944548.json,CC-BY-4.0,underwood,https://x.com/underwoodxie96/status/2084614963033944548,True,"prompts/真人/现实向/剧情短片/renoise-2084614963033944548--15-second,-16-9-premium-technology-launc.md","15-second, 16:9 premium technology launch film for an ordinary carrot. Pure black background, immaculate studio lighting, cinematic macro photography, ultra-slow rotation, minimalist white sans-serif titles, ethereal electronic score. Treat the absurd subject with total seriousness and restraint. Keep the same photorealistic carrot throughout: rich orange-red skin, fine vertical ridges, short fresh green stems.  [0–4s] A full, straight carrot floats and slowly rotates in darkness. Cool white rim light defines its silhouette; a soft warm highlight moves across the skin. Macro droplets roll slowly over the surface. Fade in: “Carrot Pro” “Remarkably fresh.”  [4–8s] Three fast studio macro shots: 1. A moist cross-section reveals radial fibers and subtle rings under precise top light. Title: “Vibrant.” 2. The long curve and fine ridges form a sculptural silhouette in side backlight. Title: “Crisp.” 3. Fine mist lands on the skin; droplets cling to the grooves in ultra-slow motion. Title: “Sweet.”  [8–12s] The carrot turns gracefully in midair; its green stems respond with natural inertia. A clean human hand enters from below, catches it securely, then rotates it with believable weight and grip. A restrained orange-gold light trail traces the silhouette as the music reaches a monumental climax. Hero shot like revolutionary flagship hardware. Display: “The most powerful carrot ever.” “20% crunchier than the previous generation.”  [12–15s] The music resolves. The same carrot stands upright, floating alone at center frame with generous negative space. Display: “From $3” “Carrot Pro. Rooted in flavor.” End with one clean electronic chime and hold the final frame like a product poster.  No dialogue. Accurate specified text only. No extra subtitles, logos, kitchen, utensils, soil, packaging, anthropomorphism, or deformed hands. Preserve carrot shape, color, and proportions across every shot."
renoise-2084622402051612829,"Create a 15-second cinematic breakup scene in strict 16:9 landscape, 1080p…",,真人,现实向,情绪特写,,en,Seedance 2.0,,,renoise-ai/awesome-seedance-prompts,https://github.com/renoise-ai/awesome-seedance-prompts/blob/904b6caffa21c2b114bb93e1bd0e37ba80b3dd10/data/prompts/2084622402051612829.json,CC-BY-4.0,Pyona,https://x.com/pyona_ai/status/2084622402051612829,True,prompts/真人/现实向/情绪特写/renoise-2084622402051612829--Create-a-15-second-cinematic-breakup-sce.md,"Create a 15-second cinematic breakup scene in strict 16:9 landscape, 1080p, realistic Korean-drama emotional close-up style. Both characters are adult Asian man and woman in their twenties.

REFERENCE:
image1 = main adult woman reference.
Use image1 as the strict reference for the woman’s face, facial proportions, hairstyle, hair color, outfit, color palette, age impression, body type, skin tone, styling, visible accessories, and overall recognizable vibe. Do not invent a new outfit, hairstyle, hair color, makeup style, accessory, or body type. Preserve all visible clothing, hair, accessories, and styling from image1 consistently. Her face must stay sharp, clear, and recognizable in every shot.

SCENE:
A quiet riverside pedestrian path or small neighborhood bridge at night. Soft reflections on dark water, distant city lights, blurred green trees, and warm streetlamp bokeh. Lonely, calm, emotionally heavy atmosphere, like a final goodbye in a quiet city corner. Use an 85mm portrait telephoto lens, very shallow depth of field, warm soft night lighting, subtle film grain, and premium Korean TV drama realism. Camera stays stable with only extremely subtle breathing-like movement.

CHARACTERS:
The woman from image1 is the absolute emotional focus. Her face must remain in focus at all times, with realistic skin texture and natural facial detail. Do not over-retouch her skin.

The adult man stands on the right side as a blurred foreground figure, always facing away from the camera. Only his blurred back of head, shoulder, and one hand are visible. Do not show his clear face. He must never steal focus.

STORY:
This is their final meeting after deciding to break up. The woman is trying to stay calm, polite, and dignified, but she is close to breaking. She still loves him, but knows this goodbye is final. The man remains silent. His only action is one slow, gentle touch on her cheek. The emotional core is quiet heartbreak: she tries to smile so the goodbye will hurt him less, but every small expression shows she is falling apart inside.

EMOTIONAL ACTING RULE:
Do not make the scene empty, still, or expressionless. The woman must show continuous micro-emotional changes throughout the full 15 seconds. Her face must never stay frozen.

Use layered emotional acting:
wet lower eyelids, slight eye tremble, tiny failed smile, subtle lip quiver, jaw tension, small swallow, breath catching, brief downward glances, a smile that appears and collapses, one quiet almost-cry moment, then a fragile smile returning. The sadness must feel deeper than simple crying. She is trying not to cry, but her face keeps betraying her.

TIMELINE:

0:00–0:02.5
Tight close-up on the woman’s face. The man’s blurred shoulder and back of head remain on the right foreground. She looks at him quietly with wet eyes. Her expression is calm on the surface, but wounded and exhausted underneath. Her lips part slightly as if she wants to say something, but no words come out. A tiny breath gets caught in her throat. She blinks once, slowly, trying to hold back tears. Her lower lip trembles very slightly, then she presses it still. For a brief moment, her eyes look like she is silently asking him not to leave.

0:02.5–0:05.0
She lowers her gaze. Her eyelashes look slightly wet. She presses her lips together and lightly tightens her jaw, trying to regain control. Her throat moves with a small swallow. She inhales softly, but the breath is uneven. She looks back up and tries to smile. The first smile fails halfway. The corners of her mouth lift for a second, then fall again because the sadness is too heavy. Her eyes remain glossy and painful, full of unsaid words.

0:05.0–0:07.5
She tries again to smile, weaker this time. The smile is faint, fragile, almost apologetic. Her eyes do not match the smile; they look hurt, regretful, and full of things she cannot say. She gives a tiny breathy exhale, almost like a quiet laugh that breaks before becoming a laugh. Her expression should say: “I wanted us to be okay, but I know we are not.” She holds eye contact, then briefly looks down because looking at him hurts too much.

0:07.5–0:10.0
The man remains silent. From the blurred right side, he slowly raises one hand and gently places his palm on her left cheek. The movement must be slow, natural, and continuous. His fingers must look anatomically correct and must not cover her eyes. When his palm touches her cheek, her expression visibly cracks. Her eyelids lower, her breath stops briefly, and her cheek instinctively leans slightly into his palm before she realizes it. This unconscious lean should feel heartbreaking, as if her body still wants to stay even though she has decided to let go. Her eyes become shinier, but no dramatic tear stream. She almost cries, then catches herself.

0:10.0–0:12.5
She looks back at him with tears in her eyes. A painful smile slowly appears. It starts restrained and helpless, then becomes a delicate cry-smile. Her eyebrows lift slightly in sadness. Her mouth tries to smile, but the smile trembles. The smile should feel like she is thanking him, forgiving him, and saying goodbye at the same time. The man’s hand stays on her cheek briefly, then slowly lowers out of frame. When his hand leaves, her expression almost collapses. Her smile fades, her eyes drop for half a second, and she looks emptier, as if the final warmth has disappeared. Then she forces herself to hold on.

0:12.5–0:15.0
The camera pulls back very slightly to a medium close-up above the chest, still keeping the woman as the absolute focus. She takes a small shaky breath, looks at him with wet eyes, and says softly in Korean:
“앞으로 잘 지내.”
Her voice should be gentle but slightly broken, like she is saying it with the last bit of strength she has. After saying it, her lips stay slightly parted for a beat. Her smile fades for half a second, revealing the real pain underneath. A tiny tear may gather at the lower eyelid, but it should not pour down dramatically. Then she forces one last fragile sad smile. She briefly looks down, gathers herself, then looks back at him. End naturally on her tearful smile, with heartbreak, affection, regret, and reluctant acceptance mixed together. Do not cut to black. Do not add hugging, kissing, walking away, or extra dialogue.

PERFORMANCE REQUIREMENTS:
The emotional change must be detailed, slow, and continuous. Her eyes and mouth must act differently: her eyes reveal the pain first, while her mouth tries to hide it with a smile. Every smile should look like it costs her effort. The sadness should feel restrained but deeply visible. No sudden emotional explosion, loud sobbing, screaming, dramatic shaking, instant face change, blank stare, or frozen expression. She must look like a real person desperately trying to stay composed during a final goodbye.

FACIAL DETAIL:
Show realistic micro-expressions: wet lower eyelids, tiny mouth tension, subtle lower-lip tremble, small swallow, breath catching, forced smile that fails, brief almost-cry moment when his hand touches her cheek, hollow pause after his hand leaves, brief emptiness after the final line, then a weak sad smile returning. Keep expressions natural, not theatrical.

SADNESS INTENSITY:
Make the sadness emotionally clear. The audience should feel she is devastated but trying to be kind and composed. Her sadness must come from restraint, not loud crying. Use trembling eyes, failed smiles, uneven breathing, and small pauses. The final expression must feel like someone smiling only because crying would make the goodbye harder.

CAMERA RULES:
This is an emotional acting scene, not an action scene. Use mostly stable close-up framing. Allow only extremely subtle breathing-like camera movement and one very slight pull-back near the end. No fast push-in, orbiting camera, dramatic handheld shake, frequent cuts, flashy cinematography, or rapid zoom. The camera should feel intimate, quiet, and respectful.

VISUAL STYLE:
Live-action Korean drama realism. Warm night lighting. Very shallow depth of field. 85mm telephoto portrait compression. The woman’s face stays sharp and clear. The man remains blurred the entire time. Natural warm bokeh lights in the background with faint riverside or bridge reflections. Soft highlights on her wet eyes. Realistic skin texture. No plastic beauty filter, no over-smoothed skin, no glossy commercial look.

AUDIO:
No background music. Use only natural scene audio: soft night ambience, faint distant city hum, subtle cloth movement, gentle breathing, small pauses, quiet breath catching, slight shaky inhale, soft sound of his hand touching her cheek, and one soft Korean line near the end:
“앞으로 잘 지내.”

NEGATIVE:
No subtitles, watermark, short-video beauty filter, plastic skin, over-smoothed skin, anime look, cartoon look, advertisement look, studio glamour pose.
No sudden heavy crying, screaming, exaggerated tears, tears pouring like water, snot, face twitching, frequent blinking, blank staring, instant expression switching, sudden laughing, abnormal mouth shapes, or deformed teeth.
The man must not turn around or reveal his face, steal focus, hug her, kiss her, move closer suddenly, wipe her tears, or pinch her face. He may only perform"
renoise-2084639360238936396,00:00 - Macro shot of the strap under grazing side light.,,其他,,广告带货,,en,Seedance 2.0,,,renoise-ai/awesome-seedance-prompts,https://github.com/renoise-ai/awesome-seedance-prompts/blob/904b6caffa21c2b114bb93e1bd0e37ba80b3dd10/data/prompts/2084639360238936396.json,CC-BY-4.0,Quri,https://x.com/qurisage/status/2084639360238936396,True,prompts/其他/广告带货/renoise-2084639360238936396--00-00---Macro-shot-of-the-strap-under-gr.md,"00:00 - Macro shot of the strap under grazing side light.
00:03 - The camera smoothly flies over the dial and mechanisms.
00:07 - The watch emerges from the darkness on a red rocky surface."
renoise-2084664062152265761,Create a 15-second ultra-photorealistic documentary clip in 16:9 that feels…,,真人,特效向,特效综合,,en,Seedance 2.0,,,renoise-ai/awesome-seedance-prompts,https://github.com/renoise-ai/awesome-seedance-prompts/blob/904b6caffa21c2b114bb93e1bd0e37ba80b3dd10/data/prompts/2084664062152265761.json,CC-BY-4.0,Cherry,https://x.com/hey_am_cherry/status/2084664062152265761,True,prompts/真人/特效向/特效综合/renoise-2084664062152265761--Create-a-15-second-ultra-photorealistic.md,"Create a 15-second ultra-photorealistic documentary clip in 16:9 that feels completely real, as if filmed by a wildlife photographer during an actual expedition. The footage must be indistinguishable from authentic DSLR field footage, not a movie scene, not a commercial, and not CGI.

Camera: Handheld Sony FX3 with a 24–70mm lens. Natural operator movement, slight breathing, tiny framing corrections, realistic autofocus adjustments, authentic exposure shifts, no cinematic camera moves.
0–4 seconds A wildlife photographer quietly walks along a remote mountain lake at blue hour. Gentle wind ripples the water. Birds can be heard in the distance. The camera casually scans the shoreline with no dramatic music or editing.

4–8 seconds Without warning, a small section of the lake begins glowing with thousands of tiny blue lights beneath the surface. The camera hesitates in surprise, zooms in naturally by hand, and struggles to keep focus as the operator whispers, ""What is that?""

8–12 seconds The glowing area rapidly expands across the lake. Millions of bioluminescent organisms swirl beneath the water, creating hypnotic patterns that look completely natural. The camera shakes slightly as the operator slowly backs up in disbelief.

12–15 seconds A single fish jumps out of the glowing water, sending brilliant blue ripples across the lake. The camera instinctively follows the splash, then holds on the surreal glowing lake for two seconds before the clip ends naturally.

Visual Style: Real wildlife documentary, authentic field footage, National Geographic realism, BBC Earth style, Sony FX3, full-frame DSLR look, true optical bokeh, realistic skin tones, physically accurate water reflections, natural dynamic range, subtle sensor noise, gentle film grain, no CGI look, no AI artifacts, no oversaturated colors.

Audio: Only authentic environmental sound wind, birds, water, footsteps, distant insects, subtle human breathing, and one quiet whispered reaction."
renoise-2084674895209025790,"Amateur behind-the-scenes phone video, ~6s, low at the concrete tank lip beside…",,真人,特效向,奇幻怪兽,,en,Seedance 2.0,,,renoise-ai/awesome-seedance-prompts,https://github.com/renoise-ai/awesome-seedance-prompts/blob/904b6caffa21c2b114bb93e1bd0e37ba80b3dd10/data/prompts/2084674895209025790.json,CC-BY-4.0,Snow,https://x.com/iamrealsnow/status/2084674895209025790,True,"prompts/真人/特效向/奇幻怪兽/renoise-2084674895209025790--Amateur-behind-the-scenes-phone-video,-~.md","Amateur behind-the-scenes phone video, ~6s, low at the concrete tank lip beside the dolly track, inside the ENORMOUS cavernous aircraft-hangar-sized soundstage — the same tiny model of a dense island metropolis of packed rectangular skyscrapers with a tall stepped art-deco spire, a needle-topped tower and a long suspension bridge in the MASSIVE in-floor water tank, the COLOSSAL blue screen with orange crosses towering off the top of frame, crew at the hazard-striped tank lip, camera crane + steel dolly-track. Handheld, ultra-wide phone lens, sensor grain, auto-exposure clipping the LED lights.

0–2s ESTABLISH — the huge quiet set holds; the tiny model is calm, full-size crew wait beside the hazard-striped tank lip, the cavernous room and towering blue screen dwarf the miniature while the practical creature rig hangs just out of frame.

2–4s TRIGGER — a director calls ""Action!"" off-camera; the giant practical creature rig activates as hydraulic mechanisms drive an enormous original monster foot downward toward the miniature.

4–6.5s IMPACT (hero beat) — the giant practical creature foot crashes down through the model, storeys tall against the tiny city, crushing buildings into real dust plumes and flung debris, a shockwave of grit rolling outward; crew flinch and step back, the crane swoops, chunks of miniature masonry and dust blast past the phone camera, the towering blue screen remains dominant with the debris plume rising many storeys high.

6.5–8s AFTERMATH — dust hangs in the huge studio volume, rubble settles across the flooded miniature streets, water sheets off the tank rim, the handheld camera re-settles, loop-ready.

Sound: Diegetic only — a director's off-camera ""Action!"" call at the trigger + hydraulic machine rumble, heavy impact thud, cracking miniature structures, crew shouts, rig motors, water splashes and lingering debris fall; the impact roar arrives exactly with the stomp; no music, no narrator.

Amateur behind-the-scenes phone photo inside an ENORMOUS cavernous film soundstage the size of an aircraft hangar. A tiny handbuilt MODEL of a dense island metropolis of packed rectangular skyscrapers with a tall stepped art-deco spire, a needle-topped tower and a long suspension bridge sits at model-railway scale on a raised shoreline inside a MASSIVE in-floor water tank sunk flush into the concrete floor (no table, no legs), ~30m across, grey hazard-striped coping and coiled cables round the rim. Towering behind and above: a COLOSSAL BLUE chroma-key wall rising ~5 storeys and running off the top of the frame, covered in many small orange ""+"" tracking crosses in a dense grid. A massive practical giant original creature stomp tears across the model and erupts MANY STOREYS HIGH, dust and debris cresting far up the screen with empty air still above. Full-size crew in black ""EFFECTS CREW"" and grey ""SPECIAL EFFECTS"" tees at the tank lip stand as TALL as the model towers, a distant row tiny against the far wall; camera crane/jib + steel dolly-track in shot. Wide phone framing — model in the LOWER THIRD, towering screen + air filling the top two-thirds, nothing fully contained. Flat cool LED wash, sensor grain, mild handheld, auto-exposure clipping the dust — a real phone clip, NOT a render. A giant practical creature foot crashes down through the model, storeys tall against the tiny city, crushing buildings into real dust plumes and flung debris, a shockwave of grit rolling outward; a physical monster rig on set, not a render.

Negatives: NOT a tabletop diorama / desk model / model on a table with legs; NOT a cramped small room or low ceiling; NOT the model filling the frame or close tight framing; NOT a short blue screen with its top/side edges in frame; NOT a few large sparse crosses; NOT the whole room contained; no CGI/3D render/game-engine/videogame, no cartoon/anime/illustration, no glossy Octane sheen, no plastic/waxy, no HDR overcook, no fantasy glow, no clean studio-photo look; stays a small MODEL in a huge studio, never the real full-size city; no captions/subtitles/on-screen text, no watermark, no logos or brand wordmarks, no aspect ratio, no AI tool names."
renoise-2084686468560134467,"LONG SHOT, COMPLETELY STATIC locked-off camera positioned low in the dark…",,真人,现实向,剧情短片,,en,Seedance 2.0,,,renoise-ai/awesome-seedance-prompts,https://github.com/renoise-ai/awesome-seedance-prompts/blob/904b6caffa21c2b114bb93e1bd0e37ba80b3dd10/data/prompts/2084686468560134467.json,CC-BY-4.0,Monique Pryce,https://x.com/second_bassoon/status/2084686468560134467,True,"prompts/真人/现实向/剧情短片/renoise-2084686468560134467--LONG-SHOT,-COMPLETELY-STATIC-locked-off.md","LONG SHOT, COMPLETELY STATIC locked-off camera positioned low in the dark hallway looking back down its length: The father stands far away at the far end, directly centered in frame, in front of the lit doorway — backlit and rim-lit by the room's light spilling out around him, the only light in the frame. He is turned to the side, looking into the open room. Then he turns to face the camera's direction — looking ahead, NOT into the lens — and begins walking straight toward the camera down the unlit hallway. He passes the side table with its vase and framed photographs. With every step he grows LARGER in frame and DARKER, sinking out of the doorway's light into deep shadow until he is a near-silhouette. He keeps coming, going soft and out of focus as he nears the lens, until his shadowed body FILLS THE ENTIRE FRAME and the image goes COMPLETELY BLACK. The shot ends on a fully black frame. He never turns a corner and never exits sideways — he walks directly into the lens."
renoise-2084687323027980795,Create a premium cinematic character bible sheet for a martial arts warrior…,,漫剧,特效向,武侠打斗,3D卡通,en,Seedance 2.0,,,renoise-ai/awesome-seedance-prompts,https://github.com/renoise-ai/awesome-seedance-prompts/blob/904b6caffa21c2b114bb93e1bd0e37ba80b3dd10/data/prompts/2084687323027980795.json,CC-BY-4.0,TechieSA,https://x.com/TechieBySA/status/2084687323027980795,True,prompts/漫剧/特效向/武侠打斗/renoise-2084687323027980795--Create-a-premium-cinematic-character-bib.md,"Create a premium cinematic character bible sheet for a martial arts warrior named DON. Use the uploaded character sheet as the strict visual reference for his exact face, body, proportions, hair, skin tone and outfit. Do not change his appearance.

LEFT SIDE: Massive bold brushstroke text DON top left corner, thick and commanding, deep purple color matching his headband. Below it small text: WARRIOR / THE STAFF NEVER STOPS. One large full height dynamic hero image of Don directly below — mid aerial flip, staff spinning around his body, rain visible around him, purple neon light hitting his green outfit dramatically, city skyline visible behind him, purple and green watercolor splash radiating outward behind him fading into white, no box no frame, directly on the white page, purple headband flowing behind him.

CENTER: Section labeled TURNAROUND in small clean text. Three full body views: Front, Side, Back showing round leather shield clearly. Same character same outfit same proportions as reference. Below: WEAPON section with one clean illustration of the bo staff — long wooden staff, natural wood grain visible.

RIGHT SIDE: Section labeled DETAILS. Grid of four clean close-up panels: Face front determined expression, Eyes intense and focused, Purple headband detail flowing, Round leather back shield detail. Below: COLOR PALETTE — bright green, deep purple, brown, black. Tagline bottom right in thin bold font: COWABUNGA.

OVERALL: Clean white background, purple and green watercolor splash behind hero pose, purple and green as dominant colors, energetic and powerful layout, minimal clean typography, lots of white space, cinematic cel-shaded 3D anime, semi-realistic CGI, hand-painted textures, digital painting feel, hard-edge brushwork, not cartoon not Disney not Pixar, print ready."
renoise-2084704567963381864,Early-2000s consumer DV camcorder aesthetic / edited home video style with…,,真人,现实向,生活与vlog,,es,Seedance 2.0,,,renoise-ai/awesome-seedance-prompts,https://github.com/renoise-ai/awesome-seedance-prompts/blob/904b6caffa21c2b114bb93e1bd0e37ba80b3dd10/data/prompts/2084704567963381864.json,CC-BY-4.0,ImPaul,https://x.com/impaulxyz/status/2084704567963381864,True,prompts/真人/现实向/生活与vlog/renoise-2084704567963381864--Early-2000s-consumer-DV-camcorder-aesthe.md,"Early-2000s consumer DV camcorder aesthetic / edited home video style with distinct hard cuts / slight handheld drift / candid framing. Faded warm colors, soft contrast. Sweltering mid-July New York heatwave at the Coney Island wooden boardwalk. Golden afternoon sunlight. Cheerful, relaxed summer atmosphere. Natural ambient sound only (spatial sound design, dense boardwalk ambience, street musicians, no narration).

@ image = [main character: 30-year-old man, 1.93m tall, movie-level realistic facial features, no deformation, stable throughout. Wearing a completely blank solid black t-shirt (back must be strictly plain black with absolutely no graphics, text, or logos), completely blank solid black cap. CRITICAL DETAIL: The back of the cap features a bare, empty semi-circular cutout revealing hair/skin, and a plain plastic snapback strap. Absolutely NO logos, text, patches, or embroidery on the back of the cap. Long full-length blue oversized jeans (pants completely cover the legs down to the sneakers, not shorts), White Nike Air Force 1]

0-3s: [Medium tracking shot] @ image walks relaxed toward the camera on the sun-baked Coney Island wooden boardwalk, holding a brightly chocolate and cream ice cream cone and taking a bite. [Slight handheld drift] + [Warm sunlight flaring gently] + [Creaking of wooden planks and crowd chatter SFX]
3-6s: [HARD CUT TO: Medium side-profile shot] @ image is viewed strictly from the side, bobbing his head smoothly to the rhythm. In the background of the shot, a street drummer actively playing on plastic buckets is clearly visible. @ image keeps his eyes locked entirely on the drummer, completely ignoring the camera. [Gentle framing drift] + [Exposure adjusting smoothly] + [Loud rhythmic plastic bucket drumming SFX]
6-11s: [HARD CUT TO: Medium wide shot] A classic, open-front Coney Island wooden arcade booth lines the edge of the boardwalk. Inside the shadowed booth sits a sturdy, structurally realistic Pop-A-Shot electronic basketball machine. @ image steps up to the booth's wooden counter. While explicitly holding his ice cream cone in his left hand, he smoothly picks up a real arcade basketball from the machine's return ramp with his free right hand, and casually tosses it one-handed directly into the machine's metal hoop. The physics of the heavy machine and the ball trajectory are highly realistic. [Lens breathing slightly] + [Golden hour backlight] + [Leather handling, swoosh of a basketball net, and arcade bells SFX]
11-15s: [HARD CUT TO: Medium shot from behind] @ image looks back over his shoulder at the camcorder lens with a confident, relaxed smile. He turns fully around, stepping away from the arcade booth, still visibly holding the ice cream cone in his hand. The camera clearly captures the back of his head, showing ONLY the empty semi-circular cutout and plain plastic snapback strap of the cap, and the blank back of his t-shirt. He walks away down the boardwalk in his long jeans, blending into the summer crowd. [Recording cuts abruptly to black mid-motion] + [Fading crowd noise, abrupt silence at cut SFX]

Photorealistic 8K, ultra-detailed textures, cinematic lighting, perfect motion blur, high dynamic range, no artifacts, coherent mult. Ultra-realistic documentary realism, genuine candid behavior, accurate real-world physics, realistic structural integrity of arcade booths and machines, natural body language, unscripted slice-of-life feeling. Strong environmental authenticity. Rich real-world details, gritty summer urban texture, believable human motion. Exact character consistency with @ image.

looking at camera in shot 2, eye contact with lens, breaking the 4th wall, disappearing objects, dropped objects, deformed faces, blurry motion, low resolution, text artifacts, inconsistent lighting, watermark, extra limbs, broken physics, illogical architecture, freestanding arcade machine in the middle of the street, machine blocking the walkway, tiny hoop attached to parasol, floating hoops, sunshade hoop, morphing environments, continuous morphing, shorts, short pants, bermudas, bare legs, exposed legs, logos on cap, rear cap logo, back hat embroidery, logo on snapback strap, violent camera shake, accidents, professional lighting, modern stabilized gimbals, clean pristine 4k resolution, cinematic color grading, slow motion."
renoise-2084745365513711914,@Image1 は順番・カメラ・秒数だけを担当する。色は持たない。,,真人,现实向,时尚写真,,ja,Seedance 2.0,link-only,hate,renoise-ai/awesome-seedance-prompts,https://github.com/renoise-ai/awesome-seedance-prompts/blob/904b6caffa21c2b114bb93e1bd0e37ba80b3dd10/data/prompts/2084745365513711914.json,CC-BY-4.0,ぴょんきち,https://x.com/yarakashiyama_/status/2084745365513711914,True,prompts/真人/现实向/时尚写真/renoise-2084745365513711914--Image1-は順番・カメラ・秒数だけを担当する-色は持たない.md,
renoise-2084757066208440686,Use @[Image] as storyboard reference for cinematic sequence. use as first shot…,,其他,,风景空镜,,en,Seedance 2.0,,,renoise-ai/awesome-seedance-prompts,https://github.com/renoise-ai/awesome-seedance-prompts/blob/904b6caffa21c2b114bb93e1bd0e37ba80b3dd10/data/prompts/2084757066208440686.json,CC-BY-4.0,Viki,https://x.com/churvikv/status/2084757066208440686,True,prompts/其他/风景空镜/renoise-2084757066208440686--Use-Image-as-storyboard-reference-for-ci.md,"Use @[Image] as storyboard reference for cinematic sequence. use as first shot 01

STRICTLY FULLSCREEN FROM FRAME ONE. CROP OUT ALL PANEL DIVIDERS, NUMBERS, AND BORDERS BEFORE RENDERING.

A 15-second luxurious cinematic sequence transitioning seamlessly through all 8 storyboard panels in strict chronological order. Visual style: masterful Asian ink-wash meets gold-leaf illustration, hyper-detailed black feather textures, luminous golden moonlight, misty mountain landscapes, tranquil water reflections, premium artistic rendering, 8K resolution. CRITICAL: Absolutely NO frames, borders, film strips, numbers, UI, or text. Render as seamless full-screen cinematic shots only. Ignore the reference grid completely. Preserve exact color palette, brushstroke textures, and lighting throughout.

Shot 1 (0-1.9s): Panel 1. Extreme close-up of a magnificent black feather with intricate gold veining. It drifts slowly, revealing a glowing golden moon and distant pagoda behind it.
Shot 2 (1.9-3.8s): Panel 2. The feather gracefully sweeps aside, unveiling misty mountain peaks bathed in warm moonlight. Camera pans smoothly right.
Shot 3 (3.8-5.6s): Panel 3. Majestic rocky cliffs emerge through swirling atmospheric mist. Ancient pines stand silhouetted against the giant luminous moon.
Shot 4 (5.6-7.5s): Panel 4. A grand traditional pagoda appears, warm golden light glowing from its windows. Stone steps descend toward calm water.
Shot 5 (7.5-9.4s): Panel 5. The pagoda reflects perfectly in the rippling lake. Moonlight creates a shimmering golden pathway across the surface.
Shot 6 (9.4-11.3s): Panel 6. The massive golden moon dominates the twilight sky, casting rich light over tranquil waters and sculpted golden trees.
Shot 7 (11.3-13.1s): Panel 7. A gnarled golden tree branch elegantly frames the composition, leading the eye to a distant pavilion across the water.
Shot 8 (13.1-15.0s): Panel 8. Two majestic black feathers slowly converge from the edges, framing the serene landscape once more. Camera holds on this perfectly balanced, luxurious finale. ZERO TEXT.

Style reinforcement: continuous sweeping camera movement, exact texture preservation, rich gold and deep black contrast, cinematic volumetric lighting, premium artistic aesthetic, NO text, NO grid, NO numbers, seamless elegant journey."
renoise-2084791222141673712,"WORLD: High-end underground Yakuza VIP lounge at night, palette of deep plum…",,漫剧,特效向,武侠打斗,3D卡通,en,Seedance 2.0,,,renoise-ai/awesome-seedance-prompts,https://github.com/renoise-ai/awesome-seedance-prompts/blob/904b6caffa21c2b114bb93e1bd0e37ba80b3dd10/data/prompts/2084791222141673712.json,CC-BY-4.0,PixieVerse,https://x.com/itsPixieVerse/status/2084791222141673712,True,prompts/漫剧/特效向/武侠打斗/renoise-2084791222141673712--WORLD-High-end-underground-Yakuza-VIP-lo.md,"WORLD: High-end underground Yakuza VIP lounge at night, palette of deep plum, obsidian black, and warm gold, floating cigar smoke, volumetric ambient light from a glowing neon centerpiece, layered depth of field.

CHARACTERS: - HERO (MILO) @[Image1] : A tall young man with a buzzcut fade, face and neck tattoos, and black sunglasses. Wearing a high-fashion oversized black bomber jacket, a white button-up shirt, tailored wide-leg black trousers, and platform loafers. Holding a paper coffee cup. Elongated stylized proportions, painterly matte skin with flat value cuts. -

RIVAL (TORA) @[Image2] : A massive heavy-set anthropomorphic tiger with tiny gold sunglasses, chewing a matchstick. Wearing a giant deep-plum jacket draped over his shoulders, a tight white tank top stretched over a huge barrel belly, wide charcoal trousers, and a thick gold chain. Exaggerated Kingpin-style heavyweight proportions, tiny head, massive wide body, painterly matte fur.

CINEMATIC STANDOFF SHOT DESIGN (6 Filmic Cuts with Expressions):
• SHOT 1 (0–2s | Hero Arrival): Medium shot of Milo stepping effortlessly into the luxurious lounge. His body language is completely chill and unbothered. He takes a casual sip from his coffee cup. Smoke drifts through the room.
• SHOT 2 (2–4s | Unknown Figure): OTS behind Milo. At the far end of the lounge, sitting in a massive leather armchair, is a towering, impossibly wide silhouette (Tora). Identity obscured in the shadows.
• SHOT 3 (4–6s | Recognition): Reverse OTS from behind Tora's massive shoulder, framing Milo's face. Milo doesn't flinch. He just lowers his black sunglasses slightly with one heavily-ringed hand, his expression deadpan and calmly observant.
• SHOT 4 (6–9s | Expression Exchange): Alternating close-ups: Milo's cool, unbothered gaze → Tora's massive scarred tiger snout leaning forward into the light. Tora flashes a smug, arrogant smirk, shifting the matchstick in his teeth. Tension spikes through micro-expressions.
• SHOT 5 (9–11s | Power Ready): Macro insert ping-pong: Milo casually adjusting the gold rings on his fingers holding the coffee cup → Tora's massive clawed hand gripping the leather armrest, his thick gold chain gleaming in the ambient light.
• SHOT 6 (11–15s | Wide Standoff): Wide shot framing both kingpins. Milo standing casually, slouching slightly in the center of the room, facing the seated, towering mass of Tora. Drifting smoke between them. Neither moves. A clash of unbothered streetwear versus untouchable underworld power. Hold final frame.
Weighty natural character animation, heavy jackets reacting to subtle movement, filmic 24fps shutter, shallow depth of field. NOT flat 2D cartoon, no bold outlines, no cel shading, not glossy CGI, not Unreal Engine, no photorealism."
renoise-2084814342772691127,"FORMAT 15 seconds, 16:9. Photoreal first-person vlog in a rainy street market…",,真人,特效向,超现实创意,,en,Seedance 2.0,link-only,hate,renoise-ai/awesome-seedance-prompts,https://github.com/renoise-ai/awesome-seedance-prompts/blob/904b6caffa21c2b114bb93e1bd0e37ba80b3dd10/data/prompts/2084814342772691127.json,CC-BY-4.0,Jin.B,https://x.com/opener_ai/status/2084814342772691127,True,"prompts/真人/特效向/超现实创意/renoise-2084814342772691127--FORMAT-15-seconds,-16-9.-Photoreal-first.md",
renoise-2084818487030194549,电影级写实古装剧情短片，中国古代深宅庭院，冬至前夜，细雨。主角是一位约二十岁的绝美女子，鹅蛋脸、柳叶眉、肤如凝脂，梳垂鬟分肖髻，簪一支白玉兰簪，身着月白色交领襦…,,真人,现实向,情绪特写,,zh,Seedance 2.0,,,renoise-ai/awesome-seedance-prompts,https://github.com/renoise-ai/awesome-seedance-prompts/blob/904b6caffa21c2b114bb93e1bd0e37ba80b3dd10/data/prompts/2084818487030194549.json,CC-BY-4.0,岚叔,https://x.com/LufzzLiz/status/2084818487030194549,True,"prompts/真人/现实向/情绪特写/renoise-2084818487030194549--电影级写实古装剧情短片,中国古代深宅庭院,冬至前夜,细雨-主角是一位约二十岁的绝.md",电影级写实古装剧情短片，中国古代深宅庭院，冬至前夜，细雨。主角是一位约二十岁的绝美女子，鹅蛋脸、柳叶眉、肤如凝脂，梳垂鬟分肖髻，簪一支白玉兰簪，身着月白色交领襦裙、外罩藕荷色薄纱披帛，眼神温柔而隐有倦意——她已经等了一整夜。【0-3秒｜铺垫】暖黄烛光的特写：她在灯下为一件玄色男袍收最后一针，手指纤细稳定，针线穿过缎面的细节清晰，她轻轻咬断线头，用指腹一遍遍抚平绣好的并蒂莲纹样，嘴角带着即将圆满的浅笑，烛光在她瞳孔里跳动。【3-6秒｜期待】她举起袍服对着烛光端详，比在身前想象他穿上的样子，自己先红了耳尖；忽然院外传来急促的马蹄声由远及近，她浑身一震，袍服脱手落在案上，猛地转头望向门外，眼中惊喜的光瞬间亮起。【6-9秒｜转折】她提着裙摆快步穿过回廊冲进雨里，披帛被风掀起、纱质轻盈符合物理规律，几缕湿发黏在脸颊；镜头随她冲到院门——门外却只有一匹浑身湿透的白马独自垂首而立，马鞍空荡，缰绳拖在地上，马鬃上沾着泥与暗色的污渍。【9-12秒｜崩塌】镜头急推她的脸：惊喜的表情在脸上寸寸碎裂——先是困惑，再是不敢相信地摇头，随后瞳孔骤然收缩，嘴唇无声开合，一滴泪混着雨水沿脸颊滑落、反射廊下灯笼的红光；她伸出颤抖的手想去触碰马鞍，手悬在半空却不敢落下，指尖细微颤抖。【12-15秒｜余韵】大远景：她浑身湿透立于檐下，怀里抱着那件刚绣好的玄色袍服，慢慢蹲下身把它紧紧按在心口，无声痛哭，肩头微微耸动；雨丝斜落，青石水洼里倒映着她孤单的身影与一盏被风吹灭的灯笼，镜头缓缓拉远，画面定格。风格要求：写实电影质感，浅景深，35mm镜头语言，烛光暖色与雨夜冷青的冷暖对比贯穿全片，情绪曲线由温柔期待→惊喜→惊惧→崩溃，表演克制、靠微表情传递，雨滴、湿发、布料物理效果真实，无字幕无水印。
renoise-2084824616846139865,[0:00–0:04] Establishing Shot: A photorealistic CGI cinematic adventure on a…,,真人,特效向,动作大片,,en,Seedance 2.0,,,renoise-ai/awesome-seedance-prompts,https://github.com/renoise-ai/awesome-seedance-prompts/blob/904b6caffa21c2b114bb93e1bd0e37ba80b3dd10/data/prompts/2084824616846139865.json,CC-BY-4.0,Shami,https://x.com/ShamiWeb3/status/2084824616846139865,True,prompts/真人/特效向/动作大片/renoise-2084824616846139865--0-00–0-04-Establishing-Shot-A-photoreali.md,"[0:00–0:04] Establishing Shot: A photorealistic CGI cinematic adventure on a breathtaking alien world at golden sunset. A lone, endlessly curious explorer stands atop a towering cliff, face hidden behind a unique asymmetrical mask — one glowing lens larger than the other, etched with strange rotating brass rings — gazing out at an immense valley of colossal waterfalls, glowing rivers, floating mist, giant moons, and majestic flying creatures. Their posture radiates fascination, leaning forward as if pulled by wonder itself.

[0:04–0:09] The Reveal / Inciting Chase: The explorer creeps toward a dense jungle of luminous purple bioluminescent vines, tilting their masked head curiously at a strange glow — when suddenly a massive reptilian predator bursts from the foliage. The explorer bolts, weaving through glowing trees, mask lenses flaring as they track the beast over their shoulder mid-sprint.

[0:09–0:13] The Leap: Reaching the edge of a gigantic waterfall, the explorer doesn't hesitate — driven by that same reckless curiosity — and leaps into the abyss, mask catching the golden light, before landing perfectly on the back of a colossal pterosaur-like flying creature.

[0:13–0:19] Aerial Pursuit: Together they soar through narrow rocky canyons, waterfalls, and floating cliffs, the predator relentlessly pursuing from below. The explorer leans out over the creature's side, mask whirring and adjusting its lenses to study the terrain even mid-flight — curiosity overriding fear.

[0:19–0:24] Aerial Battle: An intense battle unfolds with dynamic camera moves, dramatic dives, and close aerial maneuvers. The explorer strikes with a glowing energy spear, mask lenses flashing brighter with each near-miss. The injured flying creature crashes through the glowing forest canopy, scattering debris and luminous spores.

[0:24–0:27] Emotional Beat: In a quiet moment, the explorer kneels beside their wounded companion beneath glowing plants, gently lifting the mask's lens-plate to look at the creature with unfiltered wonder and care, before both turn toward the horizon.

[0:27–0:30] Finale: A breathtaking panoramic aerial shot reveals the immense alien valley — endless waterfalls, giant moons, floating mountains, and countless flying creatures soaring through golden sunset light.

Photorealistic CGI, blockbuster cinematic quality, ultra-detailed environments, physically accurate lighting, realistic physics, volumetric clouds, HDR, dynamic cinematic camera movement, epic scale, emotional storytelling, unique masked character design, 30-second cinematic sequence, 4K masterpiece."
renoise-2084845131778154826,"15-second cinematic sci-fi action sequence, 16:9, ultra-realistic, vibrant…",,真人,特效向,动作大片,,en,Seedance 2.0,,,renoise-ai/awesome-seedance-prompts,https://github.com/renoise-ai/awesome-seedance-prompts/blob/904b6caffa21c2b114bb93e1bd0e37ba80b3dd10/data/prompts/2084845131778154826.json,CC-BY-4.0,Alexandra Aisling,https://x.com/AllaAisling/status/2084845131778154826,True,prompts/真人/特效向/动作大片/renoise-2084845131778154826--15-second-cinematic-sci-fi-action-sequen.md,"15-second cinematic sci-fi action sequence, 16:9, ultra-realistic, vibrant stellar lighting, realistic physics, no visible face.

A spacecraft rides an electromagnetic launch rail stretching from a planet into orbit.
Mid-launch, the magnetic coils begin detonating sequentially behind the craft.
Each explosion destroys another section of the rail.
The blast wave catches up.
Support towers collapse outward.
The launch track twists apart.
The pilot cannot slow down.
The final orbital ring disconnects moments after the spacecraft clears it."
renoise-2084871740224864624,"is Jan. Use only his appearance: face, blue-grey eyes, round red glasses, hair…",,真人,特效向,动作大片,,en,Seedance 2.0,,,renoise-ai/awesome-seedance-prompts,https://github.com/renoise-ai/awesome-seedance-prompts/blob/904b6caffa21c2b114bb93e1bd0e37ba80b3dd10/data/prompts/2084871740224864624.json,CC-BY-4.0,Jan,https://x.com/janmexico/status/2084871740224864624,True,"prompts/真人/特效向/动作大片/renoise-2084871740224864624--is-Jan.-Use-only-his-appearance-face,-bl.md","is Jan. Use only his appearance: face, blue-grey eyes, round red glasses, hair; ignore its background. No one else takes his face, glasses or clothing. Jan: tall, slim, black tee, black jeans, white sneakers, early-30s Mexican man. [Scene] Photorealistic 1980s arcade at night: upright cabinets with maze-chase and barrel-jumping art, CRTs glowing cyan, magenta and amber on faces, neon carpet and tubing. Background extras distinct from Jan: teens over cabinets, kids on a joystick. Warm practicals against cold CRT light, heavy film grain, shallow focus. Exactly one tray exists, carried only by the attendant: two hamburgers, two hot dogs, popcorn, a soda cup. Jan holds only his own soda cup with a striped straw. [Cast] The attendant: young woman in an 80s staff polo and visor. The funny lady, comic 70s energy: enormous butterfly frames with thick amber-tinted lenses that magnify her eyes, tight permed curls, loud floral polyester blouse, huge clip-on earrings. Warm comedy, never cruelty. [0-4s] Medium wide, quick push in. Jan leans on a cabinet sipping his soda, calm and amused, looking straight into camera as a private aside. Behind him the attendant carries the tray toward the counter; the funny lady rises from a bench, giant lenses flaring with neon. Eyebrows lift once, half smile. Dialogue language: authentic Mexican Spanish, Mexican vernacular, casual conspiratorial delivery. Jan says: {¿Qué pasaría si la señora que viene atrás de mí se tropieza?} End state: attendant mid-stride behind Jan, funny lady half up. [4-6s] Bounce speed ramp: full real-time as the funny lady steps back and slams into the attendant, then a hard ramp into extreme slow motion the instant the tray leaves her hand. Tray and cups launch upward, hamburgers tumble open, hot dogs spin, popcorn bursts into a cloud, soda lifts into long ribbons and suspended droplets, her glasses fly off her face. The camera whip-orbits the impact and eases as speed drops. At the peak all motion freezes except Jan, motion blur only on him and the camera, frozen elements razor sharp. End state: every person, kernel, droplet, the tray and the glasses locked mid-air, Jan the only thing moving. [6-13s] Brisk 360 degree orbital, not static: the camera sweeps between suspended ribbons, the weightless tray, the funny lady frozen mid-yelp with magnified eyes and no glasses, and the attendant's shocked face. Jan takes one slow sip, eyes half-lidded, almost bored. End state: the orbit lands on Jan, world still frozen. [13-17s] The frozen world, and only the world, never Jan, snaps into fast reverse: droplets race back into the cups, popcorn to its tub, food reassembles on the tray, the glasses fly back onto her nose, everyone rewinds along their original path, decelerating into a soft landing at the opening positions. End state: attendant balanced with the intact tray, funny lady seated, no spill. [17-22s] Medium shot easing into extreme close-up. The attendant passes behind Jan without incident. Jan turns to camera, lifts two fingers off his cup and calls it off: tiny private smile, one head shake, one last slow sip. Dialogue language: authentic Mexican Spanish, soft amused delivery. Jan says: {No, mejor no.} End state: his eyes, glasses and face sharp, marquees and neon melting into creamy bokeh. [Audio] (Warm analog synthwave, pulsing bass, cut to nothing at the freeze, snapping back on the rewind) <Arcade tone: 8-bit bleeps, coin drops, joystick clacks> <Impact: tray clatter, splashing liquid, scattering popcorn, a comic yelp> <Freeze: hollow low hum, faint high ring> <Rewind: fast reversed whooshes and splashes, back to arcade tone> [Constraints] Do not interchange the appearance, clothing, actions, positions or dialogue of Jan, the attendant and the funny lady. Only Jan looks into camera. Jan is never frozen and never rewound. Prop and people counts stay consistent throughout. No on-screen text or logos. Ultra-detailed fluid physics, stable identity, temporal coherence."
renoise-2084885685828202520,[CINEMATIC SETUP],,真人,现实向,生活与vlog,,es,Seedance 2.0,,,renoise-ai/awesome-seedance-prompts,https://github.com/renoise-ai/awesome-seedance-prompts/blob/904b6caffa21c2b114bb93e1bd0e37ba80b3dd10/data/prompts/2084885685828202520.json,CC-BY-4.0,ImPaul,https://x.com/impaulxyz/status/2084885685828202520,True,prompts/真人/现实向/生活与vlog/renoise-2084885685828202520--CINEMATIC-SETUP.md,"[CINEMATIC SETUP]
Early-2000s consumer DV camcorder aesthetic / edited home video style with distinct hard cuts / slight handheld drift / candid framing. Faded colors, harsh realistic street light contrast. Late-night Manhattan street corner. Thick steam rising from a glowing stainless steel street food cart. Busy, gritty, unfiltered urban atmosphere with pedestrians walking by. Natural ambient sound only (spatial sound design, dense New York City street hustle, classic NYPD sirens echoing, yellow cab horns honking, subway vent rumbles, no narration).

[IMAGE REFERENCES / LEGEND]
@ image = [main character: 30-year-old man, 1.93m tall, movie-level realistic facial features, no deformation, stable throughout. Wearing a solid black t-shirt with JFB logo on the chest (back must be strictly plain black with absolutely no graphics, text, or logos), completely black cap. CRITICAL DETAIL: The back of the cap features a bare, empty semi-circular cutout revealing hair/skin, and a plain plastic snapback strap. Absolutely NO logos, text, patches, or embroidery on the back of the cap. Long full-length blue oversized jeans (pants completely cover the legs down to the sneakers, not shorts), White Nike Air Force 1]

[TIMELINE SECOND BY SECOND]
0-3s: [Medium tracking shot] @ image stands casually next to a stainless steel hot dog cart on a bustling Manhattan street. A street vendor inside the cart hands him a hot dog. Anonymous pedestrians walk past in the background. [Slight handheld drift] + [Harsh overhead street light] + [Hissing steam, vendor talking, dense NY street hustle, and yellow cab honking SFX]
3-6s: [HARD CUT TO: Close-up side profile] @ image leans casually against the cart, taking a bite of the hot dog. He is viewed strictly from the side, looking completely away from the camera at the pedestrians walking by. He makes zero eye contact with the lens. [Gentle framing drift] + [Exposure adjusting smoothly] + [Muffled Manhattan crowd chatter, footsteps, and distant NYPD sirens SFX]
6-11s: [HARD CUT TO: Medium wide shot] @ image stands by the cart in the gritty street lighting, chewing his food. In the background, the street vendor is visibly wiping down the stainless steel counter. Several pedestrians walk across the frame, adding depth to the city environment. [Steady handheld] + [Harsh shadows] + [Deep subway vent rumble and overlapping city traffic SFX]
11-15s: [HARD CUT TO: Medium tracking shot] @ image tosses a paper wrapper into a metal street trash can. He turns sideways, maintaining a strict side profile to the camera, and begins walking down the illuminated stairs of a classic New York subway entrance. A rush of air from the underground tunnel slightly flutters his black t-shirt. The camera tilts down following his descent from the street level. [Handheld camera tracking down] + [Echoing footsteps fading into loud, iconic MTA subway train screeching SFX]

[STYLE & QUALITY BOOSTERS]
Ultra-realistic documentary realism, genuine candid behavior, accurate real-world physics of smoke and fabric flutter, natural body language, unscripted slice-of-life feeling. Strong environmental authenticity. Rich real-world details, active background extras, gritty early-2000s urban video texture. Exact character consistency with @ image.

[NEGATIVES]
looking at camera, eye contact with lens, breaking the 4th wall, disappearing objects, dropped objects, deformed faces, blurry motion, low resolution, text artifacts, inconsistent lighting, watermark, extra limbs, broken physics, illogical architecture, morphing environments, continuous morphing, empty streets, desolate, shorts, short pants, bermudas, bare legs, exposed legs, logos on cap, rear cap logo, back hat embroidery, logo on snapback strap, graphic on back of shirt, accidents, professional lighting, cinematic lighting, 8k, modern stabilized gimbals, clean pristine resolution, cinematic color grading, slow motion."
renoise-2084895458384806001,Create a 15-second ultra-realistic cinematic artisan pizza-making film in 16:9…,,真人,特效向,奇幻怪兽,,en,Seedance 2.0,,,renoise-ai/awesome-seedance-prompts,https://github.com/renoise-ai/awesome-seedance-prompts/blob/904b6caffa21c2b114bb93e1bd0e37ba80b3dd10/data/prompts/2084895458384806001.json,CC-BY-4.0,auqib,https://x.com/auqibhabib/status/2084895458384806001,True,prompts/真人/特效向/奇幻怪兽/renoise-2084895458384806001--Create-a-15-second-ultra-realistic-cinem.md,"Create a 15-second ultra-realistic cinematic artisan pizza-making film in 16:9 horizontal format for Seedance 2.0. The video should resemble a premium live-action fantasy cooking film set in an original castle-inspired world. Every character, environment, material, texture, and movement should appear physically realistic with authentic lighting, natural motion, and cinematic detail.
Use realistic skin texture, natural hair movement, detailed fabric, practical steam, floating flour, spinning pizza dough, fresh tomato sauce, bubbling mozzarella, fresh basil, blistered wood-fired pizza crust, glowing embers, melted cheese, ceramic serving plates, wooden pizza peels, rustic stone countertops, carved wooden interiors, and traditional wood-fired ovens. The overall color palette is warm and cinematic with soft golden lantern light, deep red wood, warm shadows, subtle pink accents, and occasional cool daylight entering through castle windows.
No background music. Use only natural environmental audio including crackling fire, sizzling pizza, chopping ingredients, footsteps, oven sounds, ceramic dishes, flour movement, kitchen ambience, and brief dialogue.
MAIN CHARACTER LOCK
Use the same adult East Asian female chef throughout the entire video. She has a slim build, long dark hair tied in a loose high ponytail with soft strands framing her face. She wears a fitted white chef-inspired blouse with subtle pink embroidery, a dark red waist sash, a layered black knee-length skirt with fitted shorts underneath, white socks, and red shoes. She has natural makeup with healthy glowing skin, soft blush, subtle eyeliner, natural eyebrows, and soft pink lips. She is confident, cheerful, focused, and highly skilled. She performs every movement with precision and occasionally smiles toward the camera while working. Maintain identical facial features, hairstyle, clothing, proportions, and appearance throughout the entire video.
All human characters are clearly adults.
WORLD DESIGN
The setting is an original fantasy castle kitchen featuring carved wooden architecture, hanging lanterns, stone floors, wood-fired ovens, copper cookware, flour-covered workstations, baskets of vegetables, herbs, tomatoes, cheese, olive oil, and busy cooks preparing food. The atmosphere is lively, magical, handcrafted, and completely photorealistic. All fantasy creatures are original designs and do not resemble or recreate existing copyrighted characters."
renoise-2084897196814872932,cinematic 15 second sequence shot on 35mm film with Fujicolor emulation. A wide…,,真人,现实向,时尚写真,,en,Seedance 2.0,,,renoise-ai/awesome-seedance-prompts,https://github.com/renoise-ai/awesome-seedance-prompts/blob/904b6caffa21c2b114bb93e1bd0e37ba80b3dd10/data/prompts/2084897196814872932.json,CC-BY-4.0,BMX,https://x.com/bmx_ai13/status/2084897196814872932,True,prompts/真人/现实向/时尚写真/renoise-2084897196814872932--cinematic-15-second-sequence-shot-on-35m.md,cinematic 15 second sequence shot on 35mm film with Fujicolor emulation. A wide shot establishes an atmospheric alleyway at dusk outside a traditional Izakaya. Two male models stand leaning against a wooden slatted wall wearing luxury floral techwear blending tactical urban fabrics with subtle embroidered botanical patterns. The camera is handheld adding a raw documentary realism. The lighting is moody with warm amber light spilling from the Izakaya paper lanterns contrasting with the cool blue twilight of the alley. One model adjusts a tactical strap while the other looks down the alley. The camera pans right following their gaze to a mysterious courier dressed in a sleek black leather jacket. The courier approaches rapidly and tosses a heavy tactical duffel bag onto a wet manhole cover. The camera cuts to a high angle close up as the courier quickly unzips the bag revealing premium leather garments inside. The camera then cuts to a top down shot of the manhole cover. Ensure there are no text overlays anywhere in the video to maintain an uninterrupted view. Audio track features a 120 to 128 BPM electronic trap rhythm with heavy sub bass and a distinct metallic shimmer sound effect during the final shot.
renoise-2084929646395814394,15秒连贯电影级序列，四个场景同属一个天界世界。全片统一：真实电影质感、低饱和大地色调、空气感雾霭、实时速度、禁止慢动作。专业掌机、轻微受控呼吸感。场景之间使用…,,真人,特效向,奇幻怪兽,,en,Seedance 2.0,,,renoise-ai/awesome-seedance-prompts,https://github.com/renoise-ai/awesome-seedance-prompts/blob/904b6caffa21c2b114bb93e1bd0e37ba80b3dd10/data/prompts/2084929646395814394.json,CC-BY-4.0,Issei,https://x.com/Flkrstudio/status/2084929646395814394,True,"prompts/真人/特效向/奇幻怪兽/renoise-2084929646395814394--15秒连贯电影级序列,四个场景同属一个天界世界-全片统一-真实电影质感-低饱和大.md",15秒连贯电影级序列，四个场景同属一个天界世界。全片统一：真实电影质感、低饱和大地色调、空气感雾霭、实时速度、禁止慢动作。专业掌机、轻微受控呼吸感。场景之间使用硬切，禁止叠化、淡入淡出、画面变形过渡。 【0–4秒｜参考图1：通往天门的石阶】 镜头沿石阶缓慢向前推进，朝远处的天门前行。 0–1.5秒：画面下方独行的长袍身影迈步向上，衣袍随每一步轻摆。 1.5–3秒：更多朝圣者从画面下缘入画拾级而上；上方的两人继续攀登，身形逐渐变小。雾气分层缓缓横掠石阶。松枝轻晃。 3–4秒：随着雾气变薄，远处天门周围的暖色光晕微微增亮。 硬切。 【4–8秒｜参考图2：崖边白玉平台】 镜头极缓慢地越过古松树干向前推进。 4–6秒：前景松树干因视差缓缓移向画面右缘。松针轻颤。下方云海分层横向流动。 6–7.5秒：栏杆边的长袍人影微微换重心，其中一人缓缓转头望向远方，衣袍随微风飘动。 7.5–8秒：远处巨大的云团几乎难以察觉地翻涌扩张。 硬切。 【8–11秒｜参考图3：朱红立柱间的倒悬之城】 镜头在两根朱红立柱之间极缓慢地推轨前行。 8–9.5秒：立柱因视差向画面两侧分开，而远处倒悬的浮空之城保持静止与庄严。下方云层翻涌上升。 9.5–11秒：栏杆边独行的长袍人影缓缓换重心，衣袍随风摆动。倒悬之城的窗内暖光微微闪烁。远处飞鸟横掠。 硬切。 【11–15秒｜参考图4：云海之上的凤凰与巨龙】 镜
renoise-2084935406286704818,Ultra-realistic found-footage video recorded on a handheld early-1990s consumer…,,真人,现实向,年代怀旧,,en,Seedance 2.0,,,renoise-ai/awesome-seedance-prompts,https://github.com/renoise-ai/awesome-seedance-prompts/blob/904b6caffa21c2b114bb93e1bd0e37ba80b3dd10/data/prompts/2084935406286704818.json,CC-BY-4.0,Rahul Nanda,https://x.com/rahulnanda86/status/2084935406286704818,True,prompts/真人/现实向/年代怀旧/renoise-2084935406286704818--Ultra-realistic-found-footage-video-reco.md,"Ultra-realistic found-footage video recorded on a handheld early-1990s consumer camcorder at a wildlife resort in East Africa, with the rough, imperfect feel of real home-video footage. The entire clip should feel accidental, chaotic, and totally authentic — not cinematic, not polished, no CGI look. Old camcorder aesthetic throughout: slight analog softness, low dynamic range, tape noise, mild interlacing, occasional dropped frames, low-light smear in motion, unstable autofocus, rough zoom motor feel, handheld shake, and natural home-video framing. No overlays except a tiny blinking red REC indicator in one corner. The video begins in a slightly wide handheld shot of an outdoor breakfast table at a luxury safari lodge, with tourists seated and eating while overlooking a vast open grassland. Plates, glasses, cutlery, coffee cups, yellow napkins, and table decor are visible. In the distance, hundreds of wildebeest are already running across the plain in a huge herd. Some guests are reacting casually, smiling and saying “wow,” watching the spectacle. The person filming slowly zooms in a little, keeping both the table and the running herd in frame. Then the herd suddenly changes direction and starts charging straight toward the dining area. The camera jitters as people realize what is happening. A couple of lions are visible behind them, chasing the herd. The first wildebeest slams directly into the edge of the breakfast table, sending plates, glasses, drinks, and cutlery flying everywhere. A second wildebeest crashes through right after it. People scream and scatter in total panic. Chairs fall over. The camera jerks wildly as the filmer backs away. A lion sprints past the broken table in pursuit of the herd. The camera catches guests running, dust, shattered tableware, and bodies scrambling out of the way. Then one lion suddenly turns and charges directly toward the person filming. The camera operator stumbles backward, the frame shakes violently, and just as the lion leaps toward the lens, the footage cuts out abruptly. No dialogue focus. Natural ambient sound only: distant herd thunder, wind, clinking tableware, people gasping, footsteps, chairs scraping, plates smashing, fabric and hands rubbing the camcorder body and microphone, animal calls, pounding hooves, lion snarls, and chaotic screaming. The whole thing should feel like genuine once-in-a-lifetime disaster footage caught by a tourist."
renoise-2084950064179396759,"Create a coherent 38-second cinematic action sequence in 16:9, 1280x720…",,漫剧,特效向,战斗大招,2D日漫,en,Seedance 2.0,,,renoise-ai/awesome-seedance-prompts,https://github.com/renoise-ai/awesome-seedance-prompts/blob/904b6caffa21c2b114bb93e1bd0e37ba80b3dd10/data/prompts/2084950064179396759.json,CC-BY-4.0,AIVersePlay,https://x.com/AIVersePlay/status/2084950064179396759,True,prompts/漫剧/特效向/战斗大招/renoise-2084950064179396759--Create-a-coherent-38-second-cinematic-ac.md,"Create a coherent 38-second cinematic action sequence in 16:9, 1280x720, following the uploaded 32-frame storyboard exactly.

Use @ Image1 as the full directing reference for:
shot order,
timing,
camera progression,
framing,
action continuity,
energy escalation,
environment continuity,
and final dramatic ending.

If @ Image2 is provided, use it for character consistency, costume consistency, face consistency, and overall visual style.

Do not reproduce the storyboard sheet itself.
Do not generate panels, numbers, captions, borders, text, subtitles, logos, or watermarks inside the final video.

STYLE:
Ultra-cinematic anime-realism action sequence.
High-end stylized realism.
Premium action cinematography.
Sharp dynamic lighting.
Wet neon city atmosphere.
Moody futuristic urban environment.
Strong blue-versus-red energy contrast.
Detailed motion blur.
Crisp impact effects.
Dense smoke, sparks, dust, and debris.
High-detail character rendering.
Realistic fabric movement.
Realistic hair motion.
Cinematic HDR contrast.
Deep blacks and rich highlights.
Polished blockbuster action style.

ENVIRONMENT:
A rain-soaked futuristic neon overpass at night above a dense city.
Wet asphalt.
Reflective puddles.
Towering illuminated billboards.
Blue and red neon light sources.
Traffic glow below.
Steel barriers.
Broken road sections.
Smoke and drifting debris.
The entire sequence remains in the same connected urban overpass environment.

CHARACTERS:
Two rival fighters.

Fighter One:
dark clothing,
blue energy sword/blade user,
fast, precise, focused, controlled,
athletic body,
confident combat stance.

Fighter Two:
white-haired or bright-haired fighter,
red lightning power,
aggressive, explosive, high-impact strikes,
athletic body,
confident and dangerous presence.

Maintain exact character consistency throughout the entire sequence:
same faces,
same costumes,
same proportions,
same power colors,
same fighting styles.

SEQUENCE FLOW:
Follow the storyboard exactly across all 32 frames.

Opening:
The two rivals face each other on the wet neon overpass.
A tense confrontation builds in the rain.
The swordsman advances.
The red-energy fighter charges power.

Middle escalation:
They launch into rapid close-range combat.
Blue blade slashes collide with red lightning punches.
Use fast but readable action choreography.
Include parries, guarded impacts, low slides, resets, renewed attacks, and mid-range exchanges.
Keep all movement physically believable and visually clear.

Combat progression:
Show alternating offense and defense.
The blue fighter attacks with sweeping blade arcs and precise slashes.
The red fighter counters with charged punches, explosive guards, and lightning bursts.
The fight becomes increasingly intense.

Aerial phase:
Both fighters leap upward into a mid-air confrontation.
Blue and red energy collide above the bridge.
The impact becomes larger and more destructive.
The collision creates a bright expanding energy burst.

Destruction phase:
The overpass fractures.
Debris, smoke, dust, sparks, and broken concrete explode outward.
The environment reacts to the force of the clash.
Keep the destruction cinematic and readable.

Final phase:
The two fighters re-emerge through smoke and debris.
They gather for a final decisive exchange.
One last powerful clash occurs.
One fighter is launched through the air near the neon skyline.
The sequence ends with a dramatic falling motion above the city,
smoke and debris trailing through the frame.

CAMERA LANGUAGE:
Follow the storyboard progression exactly.
Use cinematic shot variety:
wide establishing shots,
medium action shots,
tight close combat shots,
over-the-shoulder moments,
dynamic tracking shots,
low-angle power shots,
aerial and overhead views,
mid-air confrontation shots,
and dramatic wide aftermath framing.

Camera movement should feel smooth, cinematic, and intentional:
slow tension-building pushes at the beginning,
aggressive tracking during combat,
fast dynamic reframing during impacts,
stable readable action composition,
controlled motion blur,
strong spatial continuity,
and dramatic pullback during destruction and aftermath.

LIGHTING:
Nighttime neon city lighting.
Blue neon motivates the blade fighter.
Red electric lighting motivates the punch fighter.
Wet-road reflections amplify both colors.
Use cinematic contrast.
Use sparks and impact flashes as motivated action light.
Use smoke and dust to catch light during destruction.
Maintain consistent lighting continuity throughout.

MOTION:
Fast, intense, but readable.
Physically believable combat.
Natural weight shifts.
Strong acceleration and deceleration.
Realistic jump arcs.
Clean blade swings.
Powerful electric punch impacts.
Convincing recoil and reaction.
Debris and smoke move naturally.
Rain and wind affect clothing and hair.
No floaty animation.

PACING:
Begin with tension and slow confrontation.
Quickly escalate into close combat.
Build toward larger energy collisions.
Peak during the aerial clash and overpass destruction.
End with a dramatic final launch and falling finish.

AUDIO:
Cinematic native action audio.
Rain ambience.
Neon city ambience.
Footsteps on wet concrete.
Blade whooshes.
Metallic impacts.
Electric crackling.
Heavy collision booms.
Dust and debris falls.
Deep bass hits during major impacts.
Rising action score throughout.
No dialogue.

CONSTRAINTS:
Maintain exact continuity with the storyboard.
Maintain character consistency.
Maintain environment consistency.
Maintain energy color consistency: blue for swordsman, red for lightning fighter.
No scene drift.
No identity drift.
No costume changes.
No location changes.
No random extra characters.

NEGATIVE:
low quality,
low resolution,
blurry action,
unreadable choreography,
extra limbs,
extra fingers,
deformed anatomy,
duplicate fighters,
face drift,
character drift,
costume changes,
weapon changes,
wrong power colors,
bad perspective,
warped buildings,
broken environment continuity,
messy motion,
uncontrolled camera shake,
flickering,
artifacting,
oversaturated lighting,
flat lighting,
cartoon look,
cheap CGI look,
text,
captions,
subtitles,
watermark,
logo,
storyboard borders,
frame numbers

OUTPUT:
38 seconds,
1280x720,
16:9,
cinematic action sequence,
strong continuity,
32-frame storyboard matched progression,
high-energy final battle,
clean dramatic ending."
renoise-2084956081424302197,Style: Premium fashion editorial • Luxury commercial • Cinematic realism •…,,其他,,广告带货,,en,Seedance 2.0,,,renoise-ai/awesome-seedance-prompts,https://github.com/renoise-ai/awesome-seedance-prompts/blob/904b6caffa21c2b114bb93e1bd0e37ba80b3dd10/data/prompts/2084956081424302197.json,CC-BY-4.0,Melina Vale,https://x.com/MelinaVale14/status/2084956081424302197,True,prompts/其他/广告带货/renoise-2084956081424302197--Style-Premium-fashion-editorial-•-Luxury.md,"Style: Premium fashion editorial • Luxury commercial • Cinematic realism • Vogue-inspired • Photorealistic • Soft golden-hour lighting • Elegant camera movement • Seamless wardrobe transitions • High-end interior design • Luxury architecture • Natural fabric simulation • 16:9 • 4K • HDR • Commercial-grade color grading

Main Character (Continuity Lock):
Use the uploaded reference model exactly. Preserve her facial features, hairstyle, eye color, skin tone, proportions, expression, gold earrings, layered gold necklaces, and overall identity throughout the entire video. Do not change her face or generate a different person. She remains the only character from beginning to end.
0:00–0:02 | A Quiet Morning

A luxurious modern penthouse bedroom is bathed in soft golden morning sunlight streaming through floor-to-ceiling sheer curtains. The model sits calmly on the edge of a perfectly made king-size bed wearing an elegant ivory knit lounge set consisting of a relaxed long-sleeve sweater and matching trousers. Marble accents, light oak flooring, linen textures, and minimalist designer furniture create an expensive editorial atmosphere. Slow cinematic push-in.
0:02–0:04 | Toward the Wardrobe

She stands and walks barefoot across the polished oak floor toward an impressive floor-to-ceiling designer wardrobe. The camera follows smoothly from behind as warm sunlight creates beautiful rim lighting around her silhouette. Her movements are graceful and confident.

0:04–0:06 | The Dressing Room Reveal
She opens the wardrobe doors to reveal an illuminated luxury dressing room rather than a traditional closet. Designer clothing, handbags, shoes, and accessories are displayed like artwork inside a premium boutique. Warm golden lighting fills the space while subtle floating dust particles create a magical editorial mood.

As she steps inside, the camera performs a smooth 360° orbit. During the rotation, her lounge outfit transforms seamlessly into a sophisticated monochrome luxury look featuring an oversized cream blazer, fitted high-neck knit top, tailored wide-leg trousers, leather belt, elegant heels, and refined gold jewelry. The transformation is fluid, realistic, and invisible.

0:06–0:10 | The Runway Walk
She walks confidently through a bright marble hallway that resembles a luxury fashion gallery. Massive windows flood the corridor with natural light, creating beautiful reflections on polished stone floors.

With every confident step, her outfit transforms effortlessly:

Elegant beige tailored suit

Modern black tailored evening suit
Camel designer trench layered over a monochrome ensemble

Each transition happens precisely on a footstep with seamless match cuts and realistic flowing fabric. Alternate between full-body tracking shots, low-angle runway shots, and elegant close-ups of tailoring, accessories, and movement.

0:10–0:13 | Rooftop Reveal

She opens towering glass doors leading to an exclusive rooftop terrace overlooking a breathtaking modern city skyline during golden hour. A gentle breeze naturally moves her hair and clothing as warm sunlight creates soft cinematic rim lighting.
Her final transformation reveals an elegant couture ensemble with sculptural tailoring, luxurious fabric textures, and a dramatic flowing cape. The camera slowly orbits around her while the cape moves gracefully in the wind.
0:13–0:15 | Hero Fashion Shot

The camera settles into a dramatic wide shot as she stands confidently overlooking the glowing skyline. The golden sunset reflects across the city while her couture ensemble flows elegantly in the breeze. She turns naturally toward the camera with a poised editorial expression.

A clean luxury fashion logo fades in with the tagline:
""EVERY MORNING IS A NEW RUNWAY.""

Fade to black."
renoise-2084957543407792345,"SCENE: Two riders on Suzuki Hyabusas navigating Tokyo street, ending at cafe…",,真人,现实向,剧情短片,,en,Seedance 2.0,,,renoise-ai/awesome-seedance-prompts,https://github.com/renoise-ai/awesome-seedance-prompts/blob/904b6caffa21c2b114bb93e1bd0e37ba80b3dd10/data/prompts/2084957543407792345.json,CC-BY-4.0,Wilzap,https://x.com/wilzap/status/2084957543407792345,True,prompts/真人/现实向/剧情短片/renoise-2084957543407792345--SCENE-Two-riders-on-Suzuki-Hyabusas-navi.md,"SCENE: Two riders on Suzuki Hyabusas navigating Tokyo street, ending at cafe for coffee.

CHARACTER DETAILS:
- MALE (26, short brown hair under helmet) wearing branded t-shirt with ""PINEAPPLE"" logo
- FEMALE (24, blonde hair, blue eyes visible) wearing matching branded shirt
- Professional riding gear, helmets on initially

SEQUENCE BREAKDOWN:

0-3s: ALREADY IN MOTION - Bikes approaching corner at speed, camera tracking from front-quarter angle

3-7s: SLOW-MO CORNER APPROACH (FOCUS ON FEET)
  - Extreme close-up of feet skimming pavement during turn lean (60-70 degrees)
  - Camera locks on feet/action
  - Bike at maximum lean angle, controlled slide

7-10s: CAMERA PANS UP & TRANSITION
  - Smooth camera movement from ground to rider level
  - Bikes execute sharp 180-degree fast slide (controlled burnout)
  - Stop at curb in front of street-side barista/cafe

10-12s: RIDERS DISMOUNT
  - Both riders step off bikes simultaneously
  - Place helmets on handlebars
  - Begin walking toward cafe entrance

12-15s: WALKING TOWARD CAFE (DIALOGUE SCENE)
  - Camera follows from behind as they walk toward barista counter
  - She turns slightly and speaks first line
  - He responds while continuing forward movement
  - Fade out with cafe entrance visible

VISUAL DETAILS:
 - Tokyo night city atmosphere, neon lights, cafe signage
 - Realistic lighting from street lamps, cafe glow, car headlights
 - Cars in correct lanes (traffic flowing properly)
 - Photorealistic quality, cinematic color grade

DIALOGUE SPEECH TIMING:
[12-13.5s] - FEMALE VOICE: ""That was some ride wasn't it""
[13.5-15s] - MALE VOICE: ""It sure was, now let's get that coffee""

FOCUS PRIORITY (in order):
1. Extreme feet close-up during slow-mo corner lean (primary visual)
2. 180-degree slide stop mechanics at curb
3. Camera transition from ground to rider level
4. Dialogue delivery and character interaction
5. Tokyo night atmosphere with cafe destination revealed"
renoise-2084973029357154461,SCENE CONTEXT,,真人,特效向,奇幻怪兽,,en,Seedance 2.0,,,renoise-ai/awesome-seedance-prompts,https://github.com/renoise-ai/awesome-seedance-prompts/blob/904b6caffa21c2b114bb93e1bd0e37ba80b3dd10/data/prompts/2084973029357154461.json,CC-BY-4.0,Muhammad Ayan,https://x.com/socialwithaayan/status/2084973029357154461,True,prompts/真人/特效向/奇幻怪兽/renoise-2084973029357154461--SCENE-CONTEXT.md,"SCENE CONTEXT
@flower-queen rides @butterfly-dragon low across an endless valley of flowers grown to the size of trees, single blooms standing [HEIGHT, e.g. 12m] tall. One continuous soaring flight, wordless throughout. She trails one hand through the petals and laughs. @butterfly-dragon skims the blooms, throws a wake of petals into the air, crosses a hanging waterfall of glowing pollen light, weaves between two colossal sunflower stems, then climbs and bursts above the flower canopy into an entire ocean of colour.

ACTIVE REFERENCES
@butterfly-dragon: matches the reference 100% every frame. Violet velvet body, mint underside, four stained-glass wings in magenta, violet and sunflower yellow with black vein-lines, cream neck ruff, long antennae. Wingspan reads [SPAN, e.g. 9m] against the blooms.
@flower-queen: matches the reference 100% every frame. Same person throughout, silver-white hair, live flower crown, petal bodice, mint gauze skirt, violet petal-silk cape.

FIRST FRAME / BLOCKING
Opening frame already in motion: @butterfly-dragon and @flower-queen from behind, banking [ANGLE, e.g. 20 degrees] left over the giant blooms, wings mid-downbeat, petals already lifting in their wake. Nothing is frozen.

FORMAT MODE
Single continuous take, 15s at [FPS, e.g. 24fps], 16:9 with anamorphic character. One in-camera speed ramp into super slow motion at 5-7s for a pollen and petal close-up, roughly [RAMP, e.g. 5x] slower, then a hard snap back to real time inside 4 frames.

OPTICS
107 degree FOV, wide rectilinear, [FOCAL LENGTH, e.g. 21mm] prime-lens character, stopped near [T-STOP, e.g. T2.8]. Camera locked 0.5-0.8m behind @butterfly-dragon. 180 degree shutter motion blur, no drift.

CAMERA
Chase camera holds behind them for the whole clip, their backs in frame. Through the slow-motion beat it keeps rear position and racks focus onto one glowing pollen mote and one falling magenta petal roughly [DISTANCE, e.g. 20cm] from the lens. Wide tonal latitude, soft highlight roll-off.

ACTION
0-3s: low skim [RIDE HEIGHT, e.g. 2m] above the tops of giant magenta and violet blooms, wingtips brushing petals, a wake of loose petals lifting behind them. 3-5s: rises into a hanging curtain of glowing pollen light, the stained-glass wings throw coloured light across her face and the flowers below. 5-7s: super slow motion at the lens, one magenta petal turning end over end, pollen motes drifting through a shaft of light, wings beating slow behind, then a sharp snap back to real time. 7-10s: banks and weaves between two colossal sunflower stems, bees the size of birds scatter. 10-12s: threads a gap [GAP, e.g. 3m] wide under an arching flower stem, quick roll on the far side. 12-15s: pitches up, climbs on broad wingbeats, bursts above the flower canopy into a colossal wide reveal of magenta, violet, yellow and mint running to the horizon.

PHYSICS
Wings beat slow and heavy against real air load at roughly [BEATS, e.g. one downbeat per second], the membrane flexing at the trailing edge. Petals lift, tumble and fall with real weight and drag. @flower-queen leans into every bank, her hair and cape snap with airspeed, her skirt gauze ripples. Contact shadows read on the petals under them. Coloured light from the wings moves correctly across every surface it crosses.

LIGHTING
Warm high sun screen-left at roughly [SUN ANGLE, e.g. 55 degrees] rakes through drifting pollen as volumetric god-rays, WB 5400K. Blazing saturation. Light through the stained-glass wings paints magenta and yellow patches on the flowers and on her face. Sun rim-lights her hair and the wing edges. Soft glow inside the pollen curtain, then open daylight on the climb.

COLOR GRADE
Blazing painterly flower grade. Magenta and violet dominant, sunflower yellow highlights, mint green midtones in the leaves and stems, warm cream sunlight. Colour tied to source and surface.

AUDIO
Full mix. MUSIC: soft orchestral score, strings and harp building under the flight, one warm choir swell on the canopy reveal at 12s, stretched reverb pad through the slow-motion beat, resolving warm and open on the final wide. SFX, diegetic: heavy wingbeats, petals tearing loose and rustling, air rushing past, the low hum of giant bees, a chime shimmer in the pollen curtain, stretched sound through the slow-motion beat, hard snap back to full-speed wind, @butterfly-dragon's low resonant call, @flower-queen's quiet laughter throughout. Wordless, no dialogue, no subtitles.

STYLE
8K photoreal. No game engine, no cutscene look. Naturalistic master cinematography, fine film grain, VFX-quality creature work.

POSITIVE LOCKS
Camera stays behind them the whole time. Colossal flower scale held throughout. @butterfly-dragon keeps the exact reference design every frame, no drift, wings stay four and stained-glass. @flower-queen same person and wardrobe every frame. Eyes stay natural, no eye glow. Contact shadows read clearly. No dialogue, no on-screen text, no watermark."
renoise-2084973464629510371,Ultra photorealistic live-action captured on an iPhone 17. Authentic handheld…,,真人,特效向,动作大片,,ja,Seedance 2.0,,,renoise-ai/awesome-seedance-prompts,https://github.com/renoise-ai/awesome-seedance-prompts/blob/904b6caffa21c2b114bb93e1bd0e37ba80b3dd10/data/prompts/2084973464629510371.json,CC-BY-4.0,iX,https://x.com/iX00AI/status/2084973464629510371,True,prompts/真人/特效向/动作大片/renoise-2084973464629510371--Ultra-photorealistic-live-action-capture.md,"Ultra photorealistic live-action captured on an iPhone 17. Authentic handheld selfie footage with premium cinematic documentary color grading, realistic HDR, deep green foliage, warm sunlight, subtle teal shadows, natural skin tones, gentle filmic contrast, rolling shutter, autofocus breathing, slight motion blur, and natural handheld shake.

A lush forest in daytime with dense trees, wild plants, an uneven dirt trail, scattered leaves, soft sunlight through the canopy, and a gentle breeze. The atmosphere is quiet and slightly unsettling.

A cute Japanese woman in her early twenties wearing a stylish bikini walks through the forest while recording herself in selfie mode.

She suddenly notices something ahead, looks shocked, turns the camera, and points into the distance.

A large crashed UFO is partially embedded in the forest floor. Its metallic hull is badly damaged with broken panels, scorch marks, exposed internal structures, thick gray smoke, and occasional sparks.

She says in Japanese:

「ちょっと待って！
あそこ見て！
UFOじゃない！？
完全に墜落してるんだけど！
煙まで出てる！
やばい、本物かもしれない！
ちょっと近づいてみる！」

She alternates between filming herself and the UFO while continuing to point at it.

Continuous single take. Natural walking movement, realistic hand tremors, slight framing imperfections, quick pans, and autofocus shifts between her face and the UFO.

Natural sunlight creates cinematic highlights, soft shadows, realistic reflections on the UFO, subtle volumetric light, and realistic smoke.

Audio: footsteps on leaves, gentle wind, birds becoming quieter near the crash site, creaking branches, faint electrical crackling from the UFO, and distant eerie unidentified animal calls echoing through the forest.

Negative: no blood, no visible aliens, no monsters, no horror creature reveal, no excessive explosions, no CGI, no cartoon style, no text, no subtitles, no watermark, no logo."
renoise-2084979406624403548,Create a 15-second ultra-realistic cinematic high-altitude tether-swinging…,,真人,特效向,动作大片,,en,Seedance 2.0,,,renoise-ai/awesome-seedance-prompts,https://github.com/renoise-ai/awesome-seedance-prompts/blob/904b6caffa21c2b114bb93e1bd0e37ba80b3dd10/data/prompts/2084979406624403548.json,CC-BY-4.0,Pyona,https://x.com/pyona_ai/status/2084979406624403548,True,prompts/真人/特效向/动作大片/renoise-2084979406624403548--Create-a-15-second-ultra-realistic-cinem.md,"Create a 15-second ultra-realistic cinematic high-altitude tether-swinging action sequence in strict 16:9 landscape, native 4K, 24fps. Use one seamless continuous drone follow shot with no cuts, no teleporting, and no time skips. The motion must feel physically continuous, dynamic, thrilling, and always readable.

REFERENCE:
image1 = main heroine reference.

Use image1 as the strict identity reference for the heroine’s face, facial proportions, hairstyle, hair color, body proportions, age impression, outfit, shoes, accessories, styling, and overall recognizable appearance. Preserve her identity consistently throughout the whole video.

Keep her as an original urban tether-swinging action heroine. Do not redesign her into a branded superhero character. Do not add franchise logos, copyrighted chest emblems, or recognizable third-party superhero symbols.

CORE CONCEPT:
This is an original urban tether-swinging action short. The heroine moves through the city using thin wrist-launched fiber lines, momentum, wall-running, rooftop movement, and real parkour body mechanics. She travels at high altitude between tall buildings, then lands on a rooftop, defeats one villain, and ends with a powerful shout.

HOOK:
The first second must be an instant scroll-stopping hook.
Start with the heroine already falling backward off the edge of a very tall skyscraper.
For a brief moment, it looks like she may actually fall.
Then she instantly fires one thin tether line upward, it catches, and her body snaps into a huge high-altitude swing between buildings.

STYLE:
Photorealistic live-action realism. Premium cinematic action quality. Bright daytime Los Angeles atmosphere with realistic haze, realistic motion blur, realistic fabric movement, realistic body weight, real inertia, and practical environmental interaction. The sequence should feel like a premium action movie shot, not animation, not a game cutscene, and not a cartoon.

CAMERA:
One uninterrupted drone follow shot only.
No cuts.
No resets.
No jumpy edits.
No impossible viewpoint teleporting.

The drone camera must stay wide enough to show both the heroine and the environment together. It may tilt, roll, arc, climb, and dive with the motion, but it must always feel like one real flying camera tracking her. Keep the framing intense and fast, but always readable.

ENVIRONMENT:
Bright daytime in a dense modern city inspired by Los Angeles and Hollywood.
Show:
- tall glass and concrete high-rises
- rooftop edges
- billboards and signage
- palm trees far below where visible
- busy roads and traffic far beneath
- bright haze and sunny atmosphere
- believable large-scale urban depth

The action must happen mainly high above the street between tall buildings, not low near the ground for most of the video.

VILLAIN RULE:
Only one villain appears in the entire video.
The villain is one adult male enemy only.
He wears a fitted black suit, black shirt, and black shoes.
No mask, no armor, no fantasy costume.
He appears only in the rooftop combat section.
Do not generate multiple enemies.
Do not generate background enemies.
Do not clone or duplicate the villain.

ACTION RULES:
The heroine’s movement must feel hand-and-foot driven, not magical floating.
She must visibly:
- fire thin tether lines from her hands
- swing with real tension and momentum
- push off building surfaces
- run along walls with clear foot placement
- absorb landings with bent knees
- sprint briefly on a rooftop
- fight one villain using fast practical action
- finish in control

Her body mechanics must stay realistic:
- core engaged during swings
- arms extended or flexed according to line tension
- knees bend on landing and push-off
- visible transfer of momentum between swing, wall-run, leap, landing, and combat

Do not make her hover weightlessly.
Do not make the tether line act like magic.
Do not make her float in place unnaturally.

EMOTIONAL ARC:
- opening: shock and immediate control
- mid-swing: intense focus
- rooftop approach: rising confidence
- rooftop fight: sharp aggression and urgency
- ending: victorious adrenaline and fearless release

AUDIO:
No music.
Effects and ambience only:
- rushing wind
- tether firing and tension snaps
- air pass-by
- foot impacts on walls and rooftop surfaces
- city ambience far below
- distant traffic and horns
- fabric movement
- breathing
- one short rooftop fight impact sequence
- one powerful final shout from the heroine

TIMELINE:

0:00–0:01
Start from black into a shocking rooftop-edge fall. The heroine is already dropping backward off a skyscraper. For a fraction of a second it feels dangerous and uncontrolled. She immediately flicks her wrist and fires one thin tether line upward. It catches instantly. The drone yanks back and reveals the start of a huge swing.

0:01–0:04
The heroine swings at high altitude between tall buildings. The city is far below. Her body forms a long aerodynamic arc, one arm holding tension through the line, legs trailing cleanly behind. The drone follows wide and slightly rolled, emphasizing height, speed, and scale.

0:04–0:06
At the swing’s forward rise, she releases the line and redirects toward a nearby glass-and-concrete building. She plants onto the wall and runs across it diagonally with 4 to 5 clear steps. Her feet hit the wall with visible force. Her jaw is set and focused. The drone stays close but wide enough to keep the city depth visible.

0:06–0:08
She pushes explosively off the wall, fires a new tether line, and swings again through a narrower corridor between tall buildings. The movement should feel faster and more controlled now. She threads cleanly through the urban gap and angles toward a rooftop landing zone ahead.

0:08–0:09.5
She releases the line and lands hard but controlled on a rooftop. Knees bend deeply to absorb impact. She rolls into a short forward recovery step, then rises immediately into a sprint across the rooftop surface.

0:09.5–0:12
One villain in a black suit steps in to stop her. Keep only this single enemy. The heroine engages him in a short, sharp rooftop fight. She avoids his first attack with a quick slip, grabs or redirects his arm, drives one fast body shot or elbow, then uses his off-balance momentum to throw or slam him down onto the rooftop. The fight must feel quick, practical, and decisive. Real impact reactions. No slow choreography. No extra enemies.

0:12–0:13.5
The villain is down and no longer a threat. The heroine steps past him and moves to the rooftop edge. Wind moves her hair and outfit. She looks outward over the city with intense adrenaline and triumph.

0:13.5–0:15
At the rooftop edge, she turns slightly toward the open skyline, lifts her chest, and shouts one powerful final line:
“가자!”
She immediately launches forward off the rooftop edge into another leap just as the clip ends. End on the feeling that the action is continuing beyond the cut.

IMPORTANT RULES:
- one continuous drone follow shot only
- no cuts
- no teleporting
- no cloning
- no multiple villains
- only one black-suited villain
- no giant web canopy
- use only thin functional tether lines
- no franchise logos
- no copyrighted chest symbols
- preserve the uploaded identity consistently
- action must stay realistic and momentum-driven
- rooftop fight must be short, sharp, and readable
- final shout must be “가자!”

NEGATIVE:
no cartoon, no anime, no game-engine look, no fake CGI stiffness, no floating, no weightless hovering, no random disconnected acrobatics, no city-wide web canopy, no superhero logo, no copyrighted spider emblem, no extra enemies, no masked villain, no armored villain, no cloned villain, no empty city, no dark night setting, no rain, no slow motion, no blurred identity, no outfit drift, no face drift, no extra limbs, no broken anatomy, no unrealistic hand deformation, no collision with buildings during swings, no messy unreadable fight."
renoise-2084981604498464871,"15-second video, 5 shots, 16:9 aspect ratio. Photorealistic blockbuster…",,真人,特效向,动作大片,,en,Seedance 2.0,,,renoise-ai/awesome-seedance-prompts,https://github.com/renoise-ai/awesome-seedance-prompts/blob/904b6caffa21c2b114bb93e1bd0e37ba80b3dd10/data/prompts/2084981604498464871.json,CC-BY-4.0,simeon-sanai,https://x.com/Naiknelofar788/status/2084981604498464871,True,"prompts/真人/特效向/动作大片/renoise-2084981604498464871--15-second-video,-5-shots,-16-9-aspect-ra.md","15-second video, 5 shots, 16:9 aspect ratio. Photorealistic blockbuster superhero brawl, ARRI ALEXA aesthetic, 35mm film look, anamorphic lens flares, high dynamic range, cold desaturated dawn grade, heavy motion blur, volumetric clouds, fine film grain, practical sparks and debris.

DIRECTOR'S INTENT: Two powerful superhumans brawl on top of a screaming cargo plane—every hit must visibly dent and wreck the aircraft, while the plane keeps flying level through it all.

CHARACTERS (keep designs 100% consistent across all shots, fully original—no logos, no real brands):
- HERO — REFERENCE Image 1: Use the person from Image 1 as the agile hero. Keep his face, hairstyle, and glasses IDENTICAL to Image 1 in every shot. He wields twin katanas and moves fast and acrobatically, with cocky and confident body language.
- VOID: A 7-foot humanoid sheathed in living, glossy jet-black liquid biomass that ripples like oil; jagged elongated white eye-markings, a wide maw of translucent fangs, and long whip-like tendrils erupting from his back and shoulders.

ENVIRONMENT: On top of a massive generic twin-engine heavy cargo freighter aircraft (high-wing military-style transport, no airline branding) cruising at high altitude above an endless sea of clouds at blue-gold dawn; brutal 800 km/h slipstream, freezing thin air, the fuselage flexing. The plane stays airborne and flying steadily the whole time.

[0s–3s] Shot 1: Sweeping aerial crane-down WIDE establishing the cargo plane slicing through clouds, then snaps to the two figures clashing on the spine of the fuselage. Camera orbits slightly.
Audio: Deafening wind roar, twin-engine scream, a hybrid orchestral war drum hits hard.

[3s–6s] Shot 2: Low-angle MEDIUM tracking on the fuselage—VOID swings a massive tendril fist; the HERO (face matching Image 1) ducks and the blow CAVES a crater into the aluminum hull, peeling cargo-bay panels that rip away into the slipstream. Camera shakes on impact.
Audio: Thunderous metal CRUNCH, shrieking tearing aluminum, wind howl.

[6s–9s] Shot 3: Tight handheld CLOSE-UP on the HERO (face matching Image 1)—he unleashes a lightning-fast twin-katana slash combo; VOID blocks with his tendrils and the blades ring off them in a shower of sparks, the clash blowing both back a step.
HERO: ""That all you got, slick?""
No cuts mid-shot, natural handheld shake, motion blur only.
Audio: Ringing steel clang, sparks crackle, hero's confident voice, tendril whip-snap.

[9s–12s] Shot 4: Over-the-shoulder MEDIUM—VOID hurls the HERO into the wing root; the impact buckles the wing and throws up a burst of sparks, the plane shudders and rocks but holds its course, both fighters skid toward the edge clinging to bent metal. Camera whip-tilts with the rocking plane.
Audio: Heavy metal slam, alarm whine, groaning structural metal, rushing air.

[12s–15s] Shot 5: Slow-motion ramp WIDE—the cargo plane keeps flying level through the clouds, twin contrails streaming behind, as the two fighters collide mid-air in a final clash and land back on the dented fuselage. Freeze on the impact, the HERO (face matching Image 1) crouched and ready, as cracks of dawn light burst behind them.
Audio: Deep impact boom ramps into slow-motion low rumble, score swells, hard cut to a single second of wind-only silence at 14.5s.

Audio bed: Continuous high-altitude wind roar + cargo-plane engine scream throughout; hybrid orchestral-percussion score building from 0s→12s; metal groans and impact booms on every hit; brief silence beat at 14.5s.

Camera notes: Dynamic crane, orbit, tracking, and handheld; motion blur on all fast action; NO random angle changes within a single shot."
renoise-2084992005067960431,"Cinematic 9-scene skincare commercial storyboard. Glowing morning light, macro…",,真人,现实向,剧情短片,,en,Seedance 2.0,link-only,brand-ad,renoise-ai/awesome-seedance-prompts,https://github.com/renoise-ai/awesome-seedance-prompts/blob/904b6caffa21c2b114bb93e1bd0e37ba80b3dd10/data/prompts/2084992005067960431.json,CC-BY-4.0,Chidanand Tripathi,https://x.com/thetripathi58/status/2084992005067960431,True,prompts/真人/现实向/剧情短片/renoise-2084992005067960431--Cinematic-9-scene-skincare-commercial-st.md,
renoise-2084992190317756753,1970s sci-fi fantasy style with a practical-effects feel. A space cowboy from a…,,真人,特效向,科幻,,en,Seedance 2.0,,,renoise-ai/awesome-seedance-prompts,https://github.com/renoise-ai/awesome-seedance-prompts/blob/904b6caffa21c2b114bb93e1bd0e37ba80b3dd10/data/prompts/2084992190317756753.json,CC-BY-4.0,Captain HaHaa,https://x.com/CaptainHaHaa/status/2084992190317756753,True,prompts/真人/特效向/科幻/renoise-2084992190317756753--1970s-sci-fi-fantasy-style-with-a-practi.md,"1970s sci-fi fantasy style with a practical-effects feel. A space cowboy from a distant planet rides a strange alien beast up a rocky hill toward a mountain summit. The world should feel like an old retro sci-fi film with handmade creature effects, theatrical terrain, painted skies, and a slightly camp but cinematic tone. Lip-sync note:

Use the provided audio sample as the master timing reference. The character must lip-sync precisely to the audio. Keep his face and mouth clearly visible at all times. Prioritize tight close-ups and medium close-ups so the lip sync can be judged easily.

Shot 1: 0–4s Tight close-up of the space cowboy riding, with the strange landscape moving behind him. Clear view of his face, expression, and mouth as he performs.

Shot 2: 4–8s Medium close-up from the side/front angle as he continues up the hill on the beast. The motion feels adventurous but the framing stays tight enough to clearly see his lip sync.

Shot 3: 8–12s Close-up at the summit with the tiny distant city visible behind him. He finishes the performance with a proud, cheeky expression while looking out, then slightly toward camera."
renoise-2085005776557379775,"Video Style: Premium cinematic anime, ultra-detailed fantasy, movie-quality…",,漫剧,特效向,奇幻冒险,2D日漫,en,Seedance 2.0,,,renoise-ai/awesome-seedance-prompts,https://github.com/renoise-ai/awesome-seedance-prompts/blob/904b6caffa21c2b114bb93e1bd0e37ba80b3dd10/data/prompts/2085005776557379775.json,CC-BY-4.0,Rob ✌︎,https://x.com/robazem/status/2085005776557379775,True,"prompts/漫剧/特效向/奇幻冒险/renoise-2085005776557379775--Video-Style-Premium-cinematic-anime,-ult.md","Video Style: Premium cinematic anime, ultra-detailed fantasy, movie-quality animation, Makoto Shinkai-inspired lighting, crystal and blue color palette, volumetric sunlight, shimmering water reflections, floating mist, pearl highlights, dynamic cloth simulation, highly detailed dragon scales, majestic orchestral fantasy atmosphere, and orchestral sound. Video quality 8K.

Use @1 as the only Princess Irveene character and visual style reference and use image @2 for water dragon Saphira for character and visual style

Video begins
0:00–0:03s
Camera: Extreme wide aerial drone shot → slow descending crane.
Golden morning sunlight breaks through towering crystal clouds, illuminating an endless mirror-like ocean surrounding a magnificent floating ice-water kingdom. Massive crystalline structures sparkle with rainbow refractions. The camera glides downward as colossal ripples form across the water.
Saphira, the colossal Water Dragon, rises gracefully from the reflective sea, water cascading from pearl-blue scales while enormous translucent wings unfold, scattering shimmering droplets into the air.

2nd Shot:
0:03–0:06s
Camera: Low-angle orbit at a medium cinematic close-up.
Saphira lowers slightly as Aqua Princess Irveene appears seated elegantly upon the dragon’s ornate crystal harness.
Her midnight-blue hair flows dramatically in the wind.
Her translucent silver-blue gown and crystal cape shimmer with sunlight.
Her sapphire crown catches the light.
She gently smiles while gripping the crystal reins.
Tiny glowing water spirits and sparkling droplets swirl gracefully around her.

3rd Shot:
0:06–0:09s
Camera: Side tracking shot through sweeping fisheye orbit. With one powerful wingbeat, Saphira launches into flight just inches above the water’s surface. Rather than climbing high, the dragon glides at incredible speed, skimming above the ocean while the wingtips create graceful arcs across the water. Huge crystal wakes trail behind them. Sunlight dances across every ripple like liquid diamonds. Irveene’s flowing cape streams behind her as she laughs softly.

4th Shot:
0:09–0:12s
Camera: Front-facing chase shot at a dramatic 360° orbit.
The camera races backward in front of Saphira as the dragon flies directly toward the viewer.
Saphira lets out a majestic roar.
Blue crystal energy travels through the dragon’s horns and wings. The surrounding water spirals upward into elegant floating rings. Schools of glowing aquatic creatures leap from the ocean around them. Irveene raises one hand, commanding the flowing water into graceful ribbons that spiral around Saphira.

Final shot:
0:12–0:15s
Camera: Epic pullback and overhead lighting. final wide shot.
Saphira ascends slightly before banking in a smooth arc around the towering crystal palace.
Golden sun rays burst through the clouds, creating cinematic lens flares and illuminating the dragon’s pearl-shimmer scales.
Irveene stands confidently atop the dragon’s back for the final moment as Saphira spreads its enormous wings to their full span.
The camera rapidly pulls away, revealing the immense floating kingdom, sparkling ocean, towering crystal formations, and the legendary duo soaring together across the eternal waters.

Final mood: Regal, awe-inspiring, serene, adventurous, majestic, hopeful, and cinematic anime masterpiece and storytelling."
renoise-2085010189246218359,"Cinematic anime short film clip, 15 seconds. Vibrant fashion district shopping…",,漫剧,特效向,特效综合,2D日漫,en,Seedance 2.0,,,renoise-ai/awesome-seedance-prompts,https://github.com/renoise-ai/awesome-seedance-prompts/blob/904b6caffa21c2b114bb93e1bd0e37ba80b3dd10/data/prompts/2085010189246218359.json,CC-BY-4.0,TechieSA,https://x.com/TechieBySA/status/2085010189246218359,True,"prompts/漫剧/特效向/特效综合/renoise-2085010189246218359--Cinematic-anime-short-film-clip,-15-seco.md","Cinematic anime short film clip, 15 seconds. Vibrant fashion district shopping street, colorful boutique storefronts, flower stalls, hanging signs, parked scooters, delivery guys, awnings, clear bright blue sky. One continuous forward flowing path — Sam never stops moving forward the entire video.

CHARACTER: Use uploaded character sheet as strict visual reference. Sam, athletic female, light brown skin, dark brown hair in high ponytail, sharp focused eyes, lean athletic build. Pink sports crop top, pink shorts, pink and white sneakers prominent on every landing.

AUDIO: High energy beat loud from frame one never stopping, every single movement synced to the beat, footsteps and impact sounds on every surface always audible. Fast and urgent from the very first frame.

VIDEO: Fast cuts from frame one. Never same angle twice. Always something different happening. She never slows down never hesitates for a single frame. Every second a new obstacle a new angle a new movement.

[0:00-0:02] Already at full sprint from frame one — immediately vaults over a street barrier without slowing — lands and keeps running — close up of pink sneakers on the pavement. Cut to side tracking shot. Cut to low angle looking up as she clears the barrier. SFX: sprint, vault impact, landing.

[0:02-0:04] Delivery guy crosses her path with boxes — she vaults over the entire stack without breaking stride — he spins around confused. Immediately runs along the top of parked scooters, each wobbling under her feet — drops off the end clean. Side profile vault. Close up sneakers on scooters. Wide shot. SFX: vault, scooter wobble sounds.

[0:04-0:07] Approaches boutique awning — jumps — bounces off it — wall runs up the storefront — grabs the ledge — pulls up in one explosive motion. Low angle of the bounce. Side profile of wall run. Close up of hands on ledge. Immediately running again on the upper level. SFX: awning bounce, wall run, pull up grunt.

[0:07-0:10] Running forward on upper level — ducks under a low hanging sign — precision jumps a gap between buildings — lands rolling — immediately back running. Then straight through a flower market — petals exploding everywhere — never slows. Close up of slide under sign. Wide shot of gap jump. Overhead of petals explosion. SFX: slide, gap landing, petals.

[0:10-0:12] Still running forward — runs along a narrow ledge on the building facade — arms out balancing — drops off cleanly — keeps moving. Close up of pink sneakers on the narrow ledge. Wide shot showing height and city below. SFX: precise footsteps on ledge.

[0:12-0:15] HERO MOMENT. Tallest building ahead — wall runs up — grabs hanging sign — swings — releases — lands perfectly on rooftop. Stands up. Ponytail settling. Looks out over the fashion district. Close up pink sneakers on rooftop edge. Wide shot city below. Video ends on this image.

Cinematic cel-shaded 3D anime, semi-realistic CGI, hand-painted textures, Unreal Engine quality, bright midday natural lighting, vibrant fashion district colors, pink sneakers prominent on every landing, digital painting feel, hard-edge brushwork, heavy shadows, not cartoon not Disney not Pixar, film grain, premium anime quality, high energy beat and footstep sounds dominant throughout from first to last frame."
renoise-2085014750363357575,"0–3s – She opens the curtains, warm sunlight fills the room, smiles softly at…",,真人,现实向,生活与vlog,,en,Seedance 2.0,,,renoise-ai/awesome-seedance-prompts,https://github.com/renoise-ai/awesome-seedance-prompts/blob/904b6caffa21c2b114bb93e1bd0e37ba80b3dd10/data/prompts/2085014750363357575.json,CC-BY-4.0,Zoey Bennett,https://x.com/ZoeyBennettAi/status/2085014750363357575,True,"prompts/真人/现实向/生活与vlog/renoise-2085014750363357575--0–3s-–-She-opens-the-curtains,-warm-sunl.md","0–3s – She opens the curtains, warm sunlight fills the room, smiles softly at the camera.

3–6s – Close-up of her making a cup of coffee, steam rising in slow motion.

6–9s – She sits by the window reading a book while taking a sip of coffee, hair gently moving in the breeze.

9–12s – She picks up her camera, walks outside, and captures flowers and the blue sky.

12–15s – She looks back at the camera with a bright smile, waves goodbye, and the video fades out with the text: ""Enjoy the little moments. 🤍""

Style

Cinematic lifestyle vlog

Soft golden morning light

Cozy, minimalist aesthetic

Slow handheld camera movements

4K HDR, shallow depth of field

Natural facial expressions and realistic motion"
renoise-2085029815376048139,Create a 15-second 16:9 animated comedy commercial in a high-quality stylized…,,其他,,广告带货,,en,Seedance 2.0,,,renoise-ai/awesome-seedance-prompts,https://github.com/renoise-ai/awesome-seedance-prompts/blob/904b6caffa21c2b114bb93e1bd0e37ba80b3dd10/data/prompts/2085029815376048139.json,CC-BY-4.0,Ima Studio,https://x.com/ImaStudio_ai/status/2085029815376048139,True,prompts/其他/广告带货/renoise-2085029815376048139--Create-a-15-second-16-9-animated-comedy.md,"Create a 15-second 16:9 animated comedy commercial in a high-quality stylized 3D family-animation look, with cinematic lighting, expressive characters, rich detail, and smooth motion.
Setting: a cozy bedroom in the morning, with a green bed, wooden floor, warm sunlight streaming through the window, floating dust particles, and a bright, playful atmosphere.
Main character: a lazy teenage boy with messy hair, wearing white socks, lying in bed and looking at his smartphone.
Product character: a pair of red-and-white high-top sneakers with expressive shoelaces that can move like arms. Keep the shoe design consistent throughout the video.
Story progression:
0–3s: The boy lies lazily on the green bed, scrolling on his phone, yawning and pulling up the blanket. Camera gently pans. On the wooden floor, the red-and-white sneakers sit still. Suddenly, one sneaker’s shoelaces untie themselves like little arms, and the shoe rises up on its heel, as if awakening.
3–7s: The sneakers begin training like tiny athletes in a funny fast-paced montage. One red sneaker does rapid push-ups on a blue mat using its shoelaces as arms. Another sneaker jumps rope energetically. The boy sits up on the bed in the background, staring in total shock with his mouth wide open. Then show a quick close-up of the sneaker running furiously on a miniature treadmill, wearing a tiny sweatband, with little sweat droplets flying off. Comic, energetic, and visually dynamic.
7–12s: The animated sneaker stands in front of the shocked boy like a strict coach. It extends a shoelace finger, taps the boy’s white socks, then aggressively points toward the open glowing bedroom door. The boy quickly puts on the sneakers. Suddenly, glowing orange energy springs burst from the soles, launching the boy forward toward the door with sparks and motion blur. Big action, funny and exaggerated but visually clean.
12–15s: Back in the bedroom after the workout, the boy collapses on the wooden floor, sweating and panting heavily. The red sneaker walks past his face full of energy, holding a charging cable with its shoelace arm, and plugs itself into a wall outlet. Final product shot: the pair of red-and-white high-top sneakers float in mid-air in the bedroom, glowing with subtle pulsing energy. Slow cinematic camera push-in, commercial ending frame.
Tone: funny, energetic, wholesome, family-friendly, commercial storytelling.
Camera: dynamic but readable, smooth animated camera motion, occasional close-ups, fast comedic pacing.
Visual priorities: consistent boy design, consistent sneaker design, strong morning light, expressive shoelaces, clear action readability, playful physical comedy, polished commercial quality.
Avoid: distorted anatomy, extra limbs, inconsistent shoe design, blurry motion, messy backgrounds, dark lighting, horror tone, low detail, broken physics, text, subtitles, watermark."
renoise-2085034121844396472,"Style: Cinematic action thriller, FPV first-person perspective, time-freeze…",,真人,特效向,动作大片,,en,Seedance 2.0,,,renoise-ai/awesome-seedance-prompts,https://github.com/renoise-ai/awesome-seedance-prompts/blob/904b6caffa21c2b114bb93e1bd0e37ba80b3dd10/data/prompts/2085034121844396472.json,CC-BY-4.0,Amira Zairi,https://x.com/azed_ai/status/2085034121844396472,True,"prompts/真人/特效向/动作大片/renoise-2085034121844396472--Style-Cinematic-action-thriller,-FPV-fir.md","Style: Cinematic action thriller, FPV first-person perspective, time-freeze effect, ultra-realistic, dramatic VFX, immersive atmosphere, 15-second vertical video pacing

[00:00-00:03] FPV opening shot. The camera slowly opens from the character’s point of view in the middle of a city street at dusk, where time is completely frozen. People are suspended mid-run, a flock of birds hangs motionless in the air, rain droplets float like glass beads, a car is stopped mid-skid, and shattered debris hovers in place around the scene. The camera moves forward slowly, absorbing the impossible stillness. SFX: deep ambient hum, faint wind, distant low bass.

[00:03-00:06] The FPV camera walks through the frozen scene, passing inches from suspended raindrops, drifting papers, and a coffee cup frozen mid-spill. Neon reflections glow on wet pavement, and everything feels silent and unreal. The character breathes softly and says, Everything stopped. VFX: suspended particles, subtle ripple distortion in the air, faint glow around frozen objects. SFX: slowed heartbeat, soft fabric movement, low atmospheric tone.

[00:06-00:09] The camera turns toward the center of the street where a frozen explosion of glass and sparks hangs motionless beside a halted vehicle. A figure in the distance remains still like a statue. The character raises a hand into frame and lightly touches one suspended droplet, sending a tiny ripple through the frozen air. The character whispers, What happened here? VFX: ripple wave through floating droplets, shimmering air distortion, tiny light fractures. SFX: delicate glass-like chime, ambient tension rising.

[00:09-00:12] Cracks of energy begin spreading through the frozen world. Raindrops tremble, papers flutter slightly, and suspended sparks begin glowing brighter. The FPV camera looks around as time threatens to restart. The character says, It’s starting again. VFX: vibrating particles, glowing fractures in the air, time-distortion pulses, flickering reflections. SFX: rising pulse, electric crackle, deep bass build.

[00:12-00:15] Time suddenly snaps back into motion. Rain crashes down, birds burst forward, cars skid, debris flies, and sound rushes back all at once. The FPV camera lunges forward into the chaos as the character reacts instantly. End on a dramatic forward motion through the now-living scene. VFX: explosive motion blur, particle burst, shockwave ripple. SFX: roaring traffic, rain impact, rushing wind, final cinematic boom."
renoise-2085052774723506530,"Cinematic anime short film clip, 15 seconds. Busy European cobblestone plaza…",,漫剧,现实向,剧情短片,2D日漫,en,Seedance 2.0,,,renoise-ai/awesome-seedance-prompts,https://github.com/renoise-ai/awesome-seedance-prompts/blob/904b6caffa21c2b114bb93e1bd0e37ba80b3dd10/data/prompts/2085052774723506530.json,CC-BY-4.0,TechieSA,https://x.com/TechieBySA/status/2085052774723506530,True,"prompts/漫剧/现实向/剧情短片/renoise-2085052774723506530--Cinematic-anime-short-film-clip,-15-seco.md","Cinematic anime short film clip, 15 seconds. Busy European cobblestone plaza, colorful buildings surrounding, tourists and locals visible slightly out of focus in background, warm afternoon sunlight, very vibrant and lively atmosphere.

CHARACTER: Use uploaded character sheet as strict visual reference. Young male street juggler, light skin, messy dark hair, bright energetic eyes, wide natural smile, slim athletic build. Bright yellow tee, dark slim jeans, white sneakers, small rings on fingers. Three colorful juggling balls — red, blue, yellow — building to five throughout the video.

AUDIO: High energy upbeat music loud from frame one never stopping, fast rhythm driving every throw and catch, crowd reactions audible in background, every ball catch and throw synced to the beat, always energetic and fast throughout.

[0:00-0:02] Already mid juggle from frame one. Three colorful balls in the air — classic cascade pattern, red blue yellow rotating. Wide smile. Wide shot showing plaza behind him. Close up of three balls in the air. SFX: beat full volume, whoosh of balls.

[0:02-0:04] Mills mess — arms crossing in complex pattern, balls weaving between hands in figure eight, looks impossible. Throws all three up — quick 360 spin — catches all three perfectly. Crowd reacts. Close up of crossing arms. Side profile of the spin. SFX: crowd reaction, spin whoosh, clean catches.

[0:04-0:06] Shower pattern — all balls going in one rapid circular direction. Under the leg throw — one ball going under his leg mid-juggle, back into pattern seamlessly. Reaches back casually — pulls fourth ball from pocket — throws it in without breaking rhythm. Four balls now. Crowd gets louder. Close up of fourth ball entering pattern. SFX: crowd louder, fourth ball whoosh.

[0:06-0:08] Four ball column pattern — balls going straight up and down in parallel columns simultaneously. Then drops all four to cobblestone — bounce juggling, balls bouncing off the ground in continuous pattern — very different visual. Close up of balls bouncing off cobblestone. Wide shot showing the bounce pattern. SFX: balls on cobblestone, rhythmic bouncing.

[0:08-0:10] Back to throwing upward — behind the back throw, one ball disappearing behind him reappearing in the pattern. Head bounce — one ball off his forehead straight back into the juggle. Reaches back — fifth ball out — throws it in. Five balls. Crowd erupts. Wide shot showing five balls in the air. SFX: crowd loudest reaction, five balls whooshing.

[0:10-0:15] HERO MOMENT. Five balls all in the air simultaneously at insane speed — red blue yellow blur of color — throws all five extra high into the air — they hang at the peak for one frame — he looks up at them arms slightly out — catches all five one by one perfectly — holds all five in both hands — looks at the camera — biggest smile of the entire video — crowd going absolutely crazy behind him. Video ends on this image.

Cinematic cel-shaded 3D anime, semi-realistic CGI, hand-painted textures, Unreal Engine quality, warm afternoon plaza lighting, vibrant European colors, digital painting feel, hard-edge brushwork, heavy shadows, not cartoon not Disney not Pixar, film grain, premium anime quality, high energy upbeat music and ball sounds dominant throughout from first to last frame."
renoise-2085053044195229732,00:00–00:00 (Opening Frame: Close-up of Hands Forming a Fox Mudra Seal),,漫剧,特效向,战斗大招,2D日漫,en,Seedance 2.0,,,renoise-ai/awesome-seedance-prompts,https://github.com/renoise-ai/awesome-seedance-prompts/blob/904b6caffa21c2b114bb93e1bd0e37ba80b3dd10/data/prompts/2085053044195229732.json,CC-BY-4.0,Iqra Saifi,https://x.com/IqrasaifiAI/status/2085053044195229732,True,prompts/漫剧/特效向/战斗大招/renoise-2085053044195229732--00-00–00-00-Opening-Frame-Close-up-of-Ha.md,"00:00–00:00 (Opening Frame: Close-up of Hands Forming a Fox Mudra Seal)

00:00–00:03 (Fox-Fire Resonance · Space-Time Ripple)

Camera: Close-up of a crimson flame igniting in the palm, rapidly pulling back → High-angle overhead shot.

Action: The girl forms a ""Kitsune"" seal with both hands (intertwining fingers to mimic a fox's head) and presses her hands forward into the empty air. The space before her ripples violently like a mirror reflecting water.

Effects: A massive crimson and white vermilion-patterned magic circle rapidly unfolds in mid-air. Runes shaped like burning autumn leaves and ancient kanji flow across its surface. Pure white fox-fire (kitsunebi) seeps from invisible cracks in the air, causing surrounding loose debris to float weightlessly.

Atmosphere: Mystical and ethereal, the unseen spectral ley lines twisting to her command.

00:03–00:06 (Kitsune Manifestation · Celestial Fox Spirit Descent)

Camera: Close-up of the magic circle's center → High-speed orbiting follow shot circling the character.

Action: She smoothly glides her hands apart, tracing a torii gate outline in the air. Her body moves with a rhythmic, dance-like grace, swaying slightly as she channels the invocation.

Effects: From the center of the rippling space, a dense shroud of crimson and pure white spiritual energy bursts forth. The towering, majestic silhouette of a celestial Nine-Tailed Fox (Kitsune) shikigami emerges behind her, its multiple tails unfurling like a massive, burning fan. Golden markings and sacred shimenawa ropes float around its spectral form.

Japanese Incantation (Whispered yet piercing, multi-layered voice):

Messenger of Inari, dance through the illusion! Grant me your divine trickery!

Atmosphere: Mythological grandeur, a ancient trickster god sealing its contract.

00:06–00:09 (Possession Fusion · Phantom Transformation)

Camera: Close-up of her upper body → Rapid, jarring zoom directly into her eyes.

Action: She snaps her hands back together, pulling the massive spirit into her own body. The nine-tailed silhouette collapses into countless streaks of white flame that dive into her spine. She arches her back slightly, absorbing the intense illusionary pressure.

Effects: Wisps of white and crimson fire crawl over her skin. Her standard uniform transforms instantly into an ornate, modernized Miko (shrine maiden) combat dress with fox-fur accents along the collar. Her hair turns a striking silver-white, splitting into two long, flowing twin-tails that drift upward as if weightless.

Details: A ghostly, stylized fox mask silhouette flickers over her face for a single frame. Her eyes snap open, glowing with a mischievous amber light, and red cosmetics-like markings stretch from the corners of her eyelids.

Atmosphere: Soul alignment, the complete fusion of phantom power and physical form.

00:09–00:12 (Final Awakening · War Fan Manifestation · Deceptive Form Completion)

Camera: Low-angle full-body shot → Side slow-motion tracking shot.

Action: Her hands snap apart, and a massive, razor-sharp iron war fan (Tessen) crackling with white fire materializes in her grip. She snaps it open with a loud clack, performs a fluid spin on her heel, and drops into a low, elegant stance, holding the fan up to obscure the lower half of her face.

Effects: The iron fan emits a blinding white-hot glow, its metal ribs engraved with flame runes and fox footprint motifs. Behind her, the faint, spectral imagery of nine burning tails sways gently in sync with her balance.

Styling: Aerodynamic, combat-ready shrine maiden attire. Red and white aesthetic with stark golden highlights. Movements are impossibly smooth, blending traditional dance elegance with lethal assassin agility.

Atmosphere: Transformation complete, absolute deceptive grace unleashed.

00:12–00:15 (Initialization Complete · Mirage Stance)

Camera: 360° high-speed orbiting close-up → Front wide-angle ready shot with a heavy depth-of-field blur on the background.

Action: She lightly flicks her wrist, closing the war fan with a sharp, echoing snap. She takes a slow breath, and all the ambient floating fox-fire is violently sucked into the tip of her closed weapon. She shifts into a side-facing combat stance, her amber eyes locked dead-center onto the camera.

Effects: A ripple of heat distortion warps the air around her, creating faint, blinking phantom afterimages of her silhouette. The surrounding environment falls into an eerie, dead silence.

Atmosphere: The breathless, terrifying moment of suspense right before an illusionary strike."
renoise-2085054605390700968,"A hand reaches toward a floating iced coffee on a sunny street, which instantly…",,其他,,广告带货,,en,Seedance 2.0,,,renoise-ai/awesome-seedance-prompts,https://github.com/renoise-ai/awesome-seedance-prompts/blob/904b6caffa21c2b114bb93e1bd0e37ba80b3dd10/data/prompts/2085054605390700968.json,CC-BY-4.0,⁠ luciaAI,https://x.com/luciaverseai/status/2085054605390700968,True,prompts/其他/广告带货/renoise-2085054605390700968--A-hand-reaches-toward-a-floating-iced-co.md,"A hand reaches toward a floating iced coffee on a sunny street, which instantly transforms into a premium studio commercial with cinematic lighting, dynamic coffee splashes, floating ice and beans, macro condensation shots, slow-motion coffee pour, and a dramatic hero shot before fading to black. Ultra-photorealistic, luxury beverage ad, 8K."
renoise-2085092605071921273,"Use [Image_Ref1] as the exact environment, camera composition, lighting and…",,真人,特效向,奇幻怪兽,,en,Seedance 2.0,,,renoise-ai/awesome-seedance-prompts,https://github.com/renoise-ai/awesome-seedance-prompts/blob/904b6caffa21c2b114bb93e1bd0e37ba80b3dd10/data/prompts/2085092605071921273.json,CC-BY-4.0,PSS,https://x.com/PromptSin/status/2085092605071921273,True,"prompts/真人/特效向/奇幻怪兽/renoise-2085092605071921273--Use-Image_Ref1-as-the-exact-environment,.md","Use [Image_Ref1] as the exact environment, camera composition, lighting and color-grade reference. Use [Image_Ref2] only as the character design and material reference for the mud creature.

Locked-off wide cinematic shot of the empty swamp. The central mud pool begins to bubble and churn. Thick wet mud rises in twisting streams and gradually joins together, forming a humanoid body from the legs upward. The torso, elongated arms and head slowly take shape from living sludge, matching the creature design in [Image_Ref2]. By the final second, the fully formed mud monster stands in the center of the pool as heavy mud drips from its body.

Preserve the swamp, framing and lighting from [Image_Ref1] throughout. Continuous transformation, realistic fluid dynamics and physical weight. No sudden appearance, no cuts, no camera movement, no extra creatures."
renoise-2085115378171081054,"Style: Cinematic, cozy-but-creepy 3D cartoon (think Klaus or The Boxtrolls)…",,漫剧,特效向,特效综合,3D卡通,en,Seedance 2.0,,,renoise-ai/awesome-seedance-prompts,https://github.com/renoise-ai/awesome-seedance-prompts/blob/904b6caffa21c2b114bb93e1bd0e37ba80b3dd10/data/prompts/2085115378171081054.json,CC-BY-4.0,Iqra Saifi,https://x.com/IqrasaifiAI/status/2085115378171081054,True,"prompts/漫剧/特效向/特效综合/renoise-2085115378171081054--Style-Cinematic,-cozy-but-creepy-3D-cart.md","Style: Cinematic, cozy-but-creepy 3D cartoon (think Klaus or The Boxtrolls). Deep amber lighting, towering bookshelves, and heavy dust motes.

Scene 1 (0.0 – 2.5s) | The Forbidden Section
Visual: A young girl in oversized pajamas and a headlamp creeps down the aisle of a towering, dark library. She holds an ancient, glowing book that is vibrating in her hands.

Camera: Bird's-Eye Crane Down. The camera starts high up in the rafters looking down at the tiny girl between the massive shelves, then plunges straight down to her level.

Scene 2 (2.5 – 5.0s) | The Floating Shadow

Visual: WHOOSH. A gust of wind blows through the indoor room, flipping book pages wildly. A massive, caped shadow flies across the ceiling above her, blocking out the moonlight.
Camera: Dutch Angle Pan. The camera tilts aggressively (Dutch angle) and pans rapidly upward, tracking the fast-moving shadow across the ceiling beams.

Scene 3 (5.0 – 7.5s) | Cornered

Visual: The girl runs, hitting a dead end at a brick wall. She spins around, pressing her back against the bricks. The shadow glides down the aisle toward her, stretching impossibly long across the floor.

Camera: POV Push-In. Looking directly from the girl's perspective as the dark, imposing shadow rapidly glides closer and closer down the narrow aisle.
Scene 4 (7.5 – 10.0s) | The Manifestation

Visual: The shadow pools at her feet, then rises up into a tall, dark figure with glowing white eyes. The girl shuts her eyes tight, bracing for impact, holding the vibrating book like a shield.

Camera: Low-Angle Tilt Up. Sits on the floor, tilting sharply up to frame the terrifyingly tall silhouette looming directly over the trembling girl.

Scene 5 (10.0 – 12.5s) | The Strike
Visual: The dark figure reaches out a long, clawed hand. The air cracks with static electricity. It lunges forward in hyper-stylized, frame-by-frame slow motion.

Camera: Handheld Shake Close-Up. The camera shakes violently, focusing tightly on the girl’s squeezed-shut face as the shadow's hand closes the distance.

Scene 6 (12.5 – 15.0s) | The Twist

Visual: Snap back to real-time. A warm light turns on. The ""monster"" is just the grumpy old librarian in a long bathrobe, holding a glowing flashlight under his chin to look scary. He snatches the vibrating book (which is just a novelty alarm clock) and points to a ""SILENCE"" sign. The girl smiles sheepishly.
Camera: Wide Static Shot. A sudden, clean cut to a wide shot of the aisle. The tension evaporates instantly into a comedic, static final frame."
renoise-2085152634949030212,电影级东方神话史诗，保持参考图中后羿的身份与造型统一：年轻坚毅的东方男性，凌乱黑色长发，带灼痕的黑铜战甲、朱红腰带、玉石饰物，手持雕纹神圣青铜弓。画面转换成完整…,,真人,特效向,动作大片,,zh,Seedance 2.0,,,renoise-ai/awesome-seedance-prompts,https://github.com/renoise-ai/awesome-seedance-prompts/blob/904b6caffa21c2b114bb93e1bd0e37ba80b3dd10/data/prompts/2085152634949030212.json,CC-BY-4.0,岚叔,https://x.com/LufzzLiz/status/2085152634949030212,True,"prompts/真人/特效向/动作大片/renoise-2085152634949030212--电影级东方神话史诗,保持参考图中后羿的身份与造型统一-年轻坚毅的东方男性,凌乱黑.md","电影级东方神话史诗，保持参考图中后羿的身份与造型统一：年轻坚毅的东方男性，凌乱黑色长发，带灼痕的黑铜战甲、朱红腰带、玉石饰物，手持雕纹神圣青铜弓。画面转换成完整连续的真实电影场景，禁止出现设定板、分格、文字和界面。

0至3秒，乌云翻涌的焦土战场，天空悬挂九轮燃烧烈日。低机位掠过碎石与灰烬，快速推近后羿背影，披风和长发在热浪中狂舞。

3至7秒，群鸦骤然冲出云层，镜头高速环绕至后羿侧面。他抬弓搭箭，青铜弓纹逐层亮起金红色神光，弓弦绷紧，眼神从克制转为决绝，火星贴近镜头飞过，强烈压迫感。

7至11秒，后羿猛然释放神箭。瞬间进入极致慢动作，发光箭矢撕裂空气，随后镜头迅猛追随箭矢穿越云海。神箭分化为九道金色流光，烈日接连崩裂，形成震撼的连锁爆炸，冲击波推开乌云，天地剧烈震动。

11至15秒，爆炸声势骤然沉寂，灰烬像雪一样缓慢飘落。天空只剩最后一轮温暖太阳，后羿立于山巅成为逆光剪影，缓缓放下神弓。镜头升高并大幅拉远，露出重获生机的辽阔山河，庄严、悲壮、余韵悠长。

真实电影摄影，史诗级规模，强烈明暗对比，体积光，热浪折射，飞灰与火星，真实布料和金属质感，动态运镜，速度变化自然，24帧电影质感，人物面部稳定，手指与弓箭结构正确，无字幕，无水印，无现代物品。"
renoise-2085180676748501216,Aspect Ratio: 16:9,,真人,特效向,奇幻怪兽,,en,Seedance 2.0,,,renoise-ai/awesome-seedance-prompts,https://github.com/renoise-ai/awesome-seedance-prompts/blob/904b6caffa21c2b114bb93e1bd0e37ba80b3dd10/data/prompts/2085180676748501216.json,CC-BY-4.0,Shami,https://x.com/ShamiWeb3/status/2085180676748501216,True,prompts/真人/特效向/奇幻怪兽/renoise-2085180676748501216--Aspect-Ratio-16-9.md,"Aspect Ratio: 16:9

🎭 Character Description

The Fox Spirit Woman — A mysterious, ethereal woman with pale porcelain skin, dressed in a flowing red-and-black silk kimono with intricate gold embroidery. She wears a detailed white fox mask with elegant red markings, covering the upper half of her face. Her movements are slow, graceful, and slightly otherworldly. Long dark hair flows beneath the mask. She carries an aura of ancient mystery — calm, deliberate, quietly seductive in a supernatural way.

🎬 PART 1 (0:00–0:15) — The Discovery

Cut Scene 1 (0:00–0:05): First-person POV inside a dark gaming room lit by deep red neon LEDs. Slow push-in toward an ultrawide curved monitor on a sleek black desk with a pink-and-white mechanical keyboard and RGB glow.

Cut Scene 2 (0:05–0:10): The monitor reveals the fox spirit woman standing beneath a glowing full moon in a misty ancient Japanese shrine — cherry blossoms drifting, stone lanterns glowing, fog curling around wooden architecture.

Cut Scene 3 (0:10–0:15): The woman slowly lifts her head, sensing the viewer. She turns toward the screen. Viewer's hand rises into frame, reaching toward the glass. Tension builds with a soft ambient hum.

🎬 PART 2 (0:15–0:30) — The Contact

Cut Scene 4 (0:15–0:20): Mirrored movement — the woman raises her hand from inside the screen in perfect sync with the viewer's hand outside it. Slow motion, fingertips inching closer.

Cut Scene 5 (0:20–0:25): The moment of contact — the monitor liquefies into a glowing portal. Circular ripples burst across the glass, blue-white energy pulses outward, golden particles drift through the room.

Cut Scene 6 (0:25–0:30): Her hand pushes fully through the portal into the real world. Fingers grip the edge of the monitor frame as the screen surface bends and ripples like disturbed water.

🎬 PART 3 (0:30–0:45) — The Emergence

Cut Scene 7 (0:30–0:35): She pulls herself through with slow, eerie fluidity, climbing onto the desk. Her kimono drapes over the monitor edge as the shrine glows behind her like an open doorway.

Cut Scene 8 (0:35–0:40): She rises to a kneeling position on the desk, fully in the real world now. The room's red neon light mixes with the portal's blue glow, casting dramatic dual-toned lighting across her figure.

Cut Scene 9 (0:40–0:45): She turns slowly toward the camera, lifts the fox mask just enough to reveal a faint, mysterious smile, and stares directly into the lens. The portal behind her seals shut with a final ripple of light.

Cut to black."
renoise-2085189877919084888,Reference Storyboard: Follow the uploaded storyboard exactly. Preserve the same…,,真人,现实向,剧情短片,,en,Seedance 2.0,,,renoise-ai/awesome-seedance-prompts,https://github.com/renoise-ai/awesome-seedance-prompts/blob/904b6caffa21c2b114bb93e1bd0e37ba80b3dd10/data/prompts/2085189877919084888.json,CC-BY-4.0,Elsa Ai,https://x.com/ElsaSofia__AI/status/2085189877919084888,True,prompts/真人/现实向/剧情短片/renoise-2085189877919084888--Reference-Storyboard-Follow-the-uploaded.md,"Reference Storyboard: Follow the uploaded storyboard exactly. Preserve the same shot order, pacing, timing, composition and cinematic progression. Duration: 10 seconds. Aspect Ratio: 16:9. Style: Premium cinematic coffee commercial. Dark minimalist studio. Pure black background. High contrast. Ultra realistic. Luxury product photography. Warm golden highlights. Soft volumetric lighting. Macro cinematography. Shallow depth of field. Smooth cinematic camera. 8K quality. Camera: Slow cinematic push-in throughout. Very smooth movements. No shaky camera. Only elegant macro motion. Maintain premium commercial feeling. Scene 1 (0.0–1.0s): A single coffee bean lies partially buried in rich dark soil against a pure black background. The bean is perfectly centered. Tiny dust particles float through the air. Very slow push-in. Scene 2 (1.0–2.0s): The coffee bean begins to germinate. A tiny green sprout slowly emerges from the split bean. Fine roots grow downward into the soil. Macro focus shifts from the bean to the sprout. Slow push-in continues. Scene 3 (2.0–3.0s): The sprout rapidly develops into a young coffee seedling. Leaves unfold gracefully. Roots become longer and more detailed. Soft light gently illuminates the leaves while everything else remains dark. Small orbit around the seedling. Scene 4 (3.0–4.0s): The coffee bean transforms naturally into a mature coffee fruit. The outer shell forms around the bean. Organic growth animation. Beautiful macro detail. Slow orbit continues. Scene 5 (4.0–5.0s): The coffee cherry becomes fully ripe. The fruit slowly rotates. Tiny water droplets appear. Subtle highlights emphasize freshness. Camera performs a slow macro push-in. Scene 6 (5.0–6.0s): The coffee cherry opens elegantly. Inside, the premium coffee bean is revealed. The fruit separates smoothly with cinematic precision. The bean remains perfectly centered. Black background stays completely clean. Scene 7 (6.0–7.0s): The coffee bean transitions into a beautifully roasted bean. Its surface gradually darkens. Natural roasting texture appears. Soft steam rises gently. Camera slowly circles around the floating roasted bean. Scene 8 (7.0–8.0s): A masculine hand enters from the right holding a premium portafilter. Freshly ground coffee falls into the basket. Ground coffee forms a perfect mound. The hand tamps the coffee smoothly. Minimalist black studio background. Scene 9 (8.0–9.0s): The portafilter locks into a premium espresso machine. Rich golden espresso flows in two perfectly symmetrical streams into a black cup. Beautiful crema forms naturally. Slow cinematic push-in. Scene 10 (9.0–10.0s): The same masculine hand pours silky microfoam from a stainless steel milk pitcher into the espresso. Beautiful latte art gradually appears. The final frame perfectly matches the reference image: a floating matte black cappuccino cup with elegant latte art centered against a pure black background. Hold for the final hero shot with subtle floating motion and premium cinematic lighting."
renoise-2085198985946394652,"The same girl with dark brown short hair and brown eyes, wearing the same light…",,漫剧,现实向,日常治愈,2D日漫,ja,Seedance 2.0,,,renoise-ai/awesome-seedance-prompts,https://github.com/renoise-ai/awesome-seedance-prompts/blob/904b6caffa21c2b114bb93e1bd0e37ba80b3dd10/data/prompts/2085198985946394652.json,CC-BY-4.0,ぴょんきち,https://x.com/yarakashiyama_/status/2085198985946394652,True,prompts/漫剧/现实向/日常治愈/renoise-2085198985946394652--The-same-girl-with-dark-brown-short-hair.md,"The same girl with dark brown short hair and brown eyes, wearing the same light blue oversized knit sweater with the shoulder slightly falling off. She slowly lifts the same white ceramic mug to her lips and takes a small sip. Warm steam rises from the mug and curls gently around her face. Her hair sways softly from a breeze coming through the window. Afternoon sunlight shifts slowly across her face and sweater. She lowers the mug, closes her eyes, and exhales with a peaceful smile. The same wooden window frame, the same beige cushion behind her. Nothing else in the scene. Anime style, clean linework, soft pastel colors. 4K HD, smooth and fluid motion. Character face stable without deformation. Maintain perfect continuity of her face, hair, sweater, mug, and room setting."
renoise-2085219733855723739,A cinematic luxury nail salon commercial featuring a professional nail artist…,,其他,,广告带货,,en,Seedance 2.0,link-only,sexual,renoise-ai/awesome-seedance-prompts,https://github.com/renoise-ai/awesome-seedance-prompts/blob/904b6caffa21c2b114bb93e1bd0e37ba80b3dd10/data/prompts/2085219733855723739.json,CC-BY-4.0,DaniaSafvi,https://x.com/DaniaSafvi/status/2085219733855723739,True,prompts/其他/广告带货/renoise-2085219733855723739--A-cinematic-luxury-nail-salon-commercial.md,
renoise-2085242182357910012,"Strictly generate a 15-second video, 16:9 aspect ratio, with three coherent and…",,真人,特效向,奇幻怪兽,,en,Seedance 2.0,,,renoise-ai/awesome-seedance-prompts,https://github.com/renoise-ai/awesome-seedance-prompts/blob/904b6caffa21c2b114bb93e1bd0e37ba80b3dd10/data/prompts/2085242182357910012.json,CC-BY-4.0,Snow,https://x.com/iamrealsnow/status/2085242182357910012,True,"prompts/真人/特效向/奇幻怪兽/renoise-2085242182357910012--Strictly-generate-a-15-second-video,-16.md","Strictly generate a 15-second video, 16:9 aspect ratio, with three coherent and clear shots.

[Overall Style]

Cinematic realistic texture, beginning as a mysterious Xianxia spiritual encounter before transforming into a subtle heartwarming comedy. Grand classical Chinese mountain landscapes, cool moonlit tones mixed with warm lantern glow, restrained acting, rich atmospheric depth, realistic creature movement with believable weight, and a clear three-act narrative.

[Character Locking]

Character A | Sword Immortal Senior Sister

Use @Image 1 to strictly lock Character A: an East Asian female, 25–30 years old, oval face, fair natural skin tone, dark almond eyes, long black hair half-up secured with a white jade hairpin, tall and slender, wearing white embroidered silk Hanfu with layered translucent sleeves, silver waist seal, jade pendant, and white cloth boots.

Character B | Junior Sister

Use the uploaded image to strictly lock Character B: an East Asian female, 20–25 years old, cheerful round face, braided black hair, petite figure, wearing lime green Hanfu, dark waist belt, wooden hairpin, and black cloth shoes.

[Core Creature Setting]

Only one adult giant white qilin and three young qilin appear throughout.

[Shot 1 | 0–5s | Wide Tracking Shot]

Twilight in a mist-covered sacred valley filled with ancient stone statues, glowing spirit flowers, moss-covered ruins, and a quiet stream reflecting the fading sky. The senior sister walks carefully with her silver longsword drawn while the junior sister follows several steps behind carrying a lantern. A heavy rumble echoes through the valley as enormous glowing blue eyes slowly appear behind the mist.

[Shot 2 | 5–10s | Medium Shot]

The massive white qilin slowly steps into view, its crystal antlers glowing softly and its enormous hooves shaking the earth. The senior sister raises her sword protectively and says, Spirit beast, reveal your intentions! The qilin calmly lowers its head, gently nudging aside a fallen tree to uncover a narrow mountain path blocked by debris. Wind stirs both sisters' robes as the atmosphere remains tense.

[Shot 3 | 10–15s | Orbit Reveal to Close-up]

The camera circles behind the qilin, revealing three fluffy baby qilin happily chasing glowing butterflies while the adult patiently watches over them. One playful cub accidentally bumps into the senior sister's leg before hiding behind its parent. The junior sister quietly smiles and says, Senior sister... it thought we were lost. The senior sister lowers her sword with slight embarrassment as the giant qilin gives a calm, almost amused snort before leading the family down the newly opened path.

[Technical Requirements]

Strict total duration of 15 seconds, 16:9 widescreen, three coherent shots, native synchronized Mandarin dialogue, stable character faces and clothing, consistent appearance of one adult white qilin and three cubs, realistic fur, crystal antlers, mist, silk fabric, flowing hair, environmental lighting, and physical motion, no subtitles, no modern elements.

[Negative Prompts]

blurry, bad quality, low quality, low resolution, noisy, jpeg artifacts, watermark, text, error, deformed, mutated, bad anatomy, poorly drawn hands, bad composition, out of frame, disfigured, inconsistent character, changing clothes, face morphing, background shift, glitching cuts, disappearing props"
renoise-2085244275810554337,"extremely fast-paced, cinematic, ultra realistic, bright, and visually stunning…",,真人,现实向,剧情短片,,en,Seedance 2.0,,,renoise-ai/awesome-seedance-prompts,https://github.com/renoise-ai/awesome-seedance-prompts/blob/904b6caffa21c2b114bb93e1bd0e37ba80b3dd10/data/prompts/2085244275810554337.json,CC-BY-4.0,Shushant Lakhyani,https://x.com/shushant_l/status/2085244275810554337,True,"prompts/真人/现实向/剧情短片/renoise-2085244275810554337--extremely-fast-paced,-cinematic,-ultra-r.md","extremely fast-paced, cinematic, ultra realistic, bright, and visually stunning FPV drone flight through the ancient Indian Tomara Dynasty capital at night, captured in a single continuous one shot with no cuts, no edits, and no transitions. Fly smoothly at high speed through grand sandstone forts, magnificent palaces, towering temple complexes, royal courtyards, bustling moonlit bazaars, fortified gateways, narrow stone streets, torchlit avenues, decorated elephants, horses, royal guards in historically accurate Tomara armor, scholars, artisans, musicians, dancers, and citizens wearing authentic early medieval Indian clothing. Pass over glowing oil lamps, blazing torches, ceremonial fires, lotus ponds reflecting moonlight, intricately carved pillars, ornate balconies, colorful banners, and beautifully illuminated architecture. Create dramatic near miss fly throughs, sweeping dives, sharp climbs, narrow gap passes, and dynamic altitude changes while maintaining perfectly smooth camera stabilization. The atmosphere is vibrant, majestic, immersive, and historically authentic, with no modern objects, no fantasy elements, no text, no logos, no watermarks, and no camera shake. Ultra detailed textures, physically accurate lighting, volumetric moonlight, warm torchlight, realistic shadows, cinematic depth, HDR, 8K, masterpiece quality, National Geographic documentary realism"
renoise-2085253978166808615,{,,真人,现实向,音乐MV,,en,Seedance 2.0,link-only,hate,renoise-ai/awesome-seedance-prompts,https://github.com/renoise-ai/awesome-seedance-prompts/blob/904b6caffa21c2b114bb93e1bd0e37ba80b3dd10/data/prompts/2085253978166808615.json,CC-BY-4.0,Syed Abuthahir ∞,https://x.com/abulu8/status/2085253978166808615,True,prompts/真人/现实向/音乐MV/renoise-2085253978166808615--untitled.md,
renoise-2085262463906267221,SCENE 01 — 00:00–00:01,,真人,特效向,恐怖灵异,,en,Seedance 2.0,,,renoise-ai/awesome-seedance-prompts,https://github.com/renoise-ai/awesome-seedance-prompts/blob/904b6caffa21c2b114bb93e1bd0e37ba80b3dd10/data/prompts/2085262463906267221.json,CC-BY-4.0,FATHELA ESQ,https://x.com/AmControo/status/2085262463906267221,True,prompts/真人/特效向/恐怖灵异/renoise-2085262463906267221--SCENE-01-—-00-00–00-01.md,"SCENE 01 — 00:00–00:01

Scene: A digital alarm clock glows on a bedside table, its red display reading 02:47 inside a dimly lit bedroom.

Camera: Extreme close-up.

Style: Realistic psychological horror, shallow depth of field, cinematic film grain, warm amber ambient lighting, subtle shadows, highly detailed textures.

SCENE 02 — 00:01–00:03

Scene: A blonde woman lies awake beneath white blankets, scrolling through her phone before suddenly looking toward the darkness with a frightened expression.

Camera: Slow medium push-in shot.

Style: Warm bedside lighting contrasted with cool blue shadows, intimate framing, atmospheric psychological horror, realistic cinematic composition.

SCENE 03 — 00:03–00:06

Scene: The bedside lamp flickers violently before plunging the room into darkness. Moments later, the light abruptly returns, revealing the alarm clock and stacks of books resting beside it.

Camera: Fixed medium shot.

Style: High-contrast lighting, dramatic shadows, unsettling atmosphere, realistic textures, subtle jump-cut transitions.

SCENE 04 — 00:06–00:09

Scene: The woman sits upright in bed, nervously scanning the room before reaching toward the lamp and switching it off.

Camera: Medium-wide shot.

Style: Deep shadows, soft rim lighting, suspenseful pacing, realistic horror cinematography.

SCENE 05 — 00:09–00:14

Scene: The woman lies beneath the covers and closes her eyes while an ominous atmosphere slowly builds around her.

Camera: Low-angle wide shot.

Style: Low-key lighting, dark environment, eerie atmosphere, cinematic realism.

SCENE 06 — 00:14–00:17

Scene: A tall, shadowy humanoid figure silently appears at the foot of the bed, motionless within the darkness.

Camera: Static wide shot.

Style: Psychological horror aesthetic, deep shadows, minimal lighting, unsettling composition.

SCENE 07 — 00:17–00:20

Scene: The woman gasps awake, switches on the lamp, and frantically searches the room in terror.

Camera: Tight close-up with a rapid push-in movement.

Style: Handheld camera movement, dramatic lighting, heightened tension, realistic facial expressions.

SCENE 08 — 00:20–00:25

Scene: Terrified, she whispers, ""What is that?"" as she scans the dresser, the curtains, and the glowing alarm clock.

Camera: Slow panning shot.

Style: Atmospheric lighting, realistic shadows, suspenseful pacing, cinematic realism.

SCENE 09 — 00:25–00:30

Scene: Breathing heavily, she sits on the edge of the bed, pours herself a glass of water, and takes a slow sip.

Camera: Medium static shot.

Style: Warm lighting, intimate character focus, slow pacing, realistic cinematic detail.

SCENE 10 — 00:30–00:33

Scene: She returns to bed, staring upward as a lingering sense of fear fills the room.

Camera: High-angle close-up.

Style: Soft shadows, vulnerable framing, atmospheric tension.

SCENE 11 — 00:33–00:38

Scene: The bedside lamp begins flickering rapidly as an ominous electrical buzzing sound fills the room.

Camera: Extreme macro close-up.

Style: Harsh lighting, rapid flashes, intense visual contrast, psychological horror atmosphere.

SCENE 12 — 00:38–00:41

Scene: The woman's eyes snap open. She rushes forward and violently strikes the lamp, plunging the room into darkness once again.

Camera: Medium reaction shot.

Style: Fast movement, stark lighting transitions, frantic energy.

SCENE 13 — 00:41–00:48

Scene: She activates her phone's flashlight and slowly sweeps the beam across the room, illuminating the darkness around her.

Camera: Over-the-shoulder point-of-view shot.

Style: Deep shadows, narrow light beam, immersive horror atmosphere.

SCENE 14 — 00:48–00:53

Scene: The flashlight suddenly reveals a dark silhouette standing directly beside the bed. A violent jump scare erupts before the screen cuts instantly to black.

Camera: Rapid push-in shot.

Style: Chaotic camera movement, intense tension, abrupt cinematic ending."
renoise-2085267724041691567,Main Character: Use the woman from the reference image. Keep her facial…,,真人,特效向,恐怖灵异,,en,Seedance 2.0,,,renoise-ai/awesome-seedance-prompts,https://github.com/renoise-ai/awesome-seedance-prompts/blob/904b6caffa21c2b114bb93e1bd0e37ba80b3dd10/data/prompts/2085267724041691567.json,CC-BY-4.0,Hannah Ai,https://x.com/nusratsid1/status/2085267724041691567,True,prompts/真人/特效向/恐怖灵异/renoise-2085267724041691567--Main-Character-Use-the-woman-from-the-re.md,"Main Character: Use the woman from the reference image. Keep her facial features identical—short wavy blonde hair, blue eyes, fair skin with light freckles, natural beauty, realistic appearance. Throughout the trailer she wears an oversized cream knit sweater and dark lounge pants. Maintain perfect character consistency in every shot.

Visual Style: Netflix Original psychological horror, cinematic realism, dark moody lighting, volumetric shadows, subtle film grain, anamorphic lens flares, dramatic color grading, ultra-realistic, 4K, suspenseful atmosphere.

Scene 1 (0–3s)

A digital clock flips to 3:33 AM. The apartment is silent except for a faint electrical buzz. Suddenly, a glowing crimson door slowly materializes on a blank wall where there was never a door before. The woman wakes, confused, staring at it from the hallway.

Camera: Slow push-in.

Sound: Deep bass rumble, ticking clock, distant whisper.

---

Scene 2 (3–7s)

She cautiously walks toward the mysterious red door. The hallway lights flicker violently. The red glow spills across the floor as her trembling hand reaches for the cold brass handle.

Camera: Handheld tracking shot, close-up of her shaking hand.

Sound: Heartbeat intensifies, distorted breathing, metallic creaks.

---

Scene 3 (7–11s)

She slowly opens the door. Inside is an identical apartment... but standing in the middle is another version of herself, wearing the same clothes, perfectly still, smiling unnaturally without blinking.

Camera: Slow reveal with dramatic dolly-in.

Sound: Silence... then a sharp cinematic sting.

---

Scene 4 (11–15s)

The smiling double whispers, ""I've been waiting for you.""

The lights instantly go out.

One second later...

The apartment lights return.

The woman has disappeared.

Only her smiling double remains, staring directly into the camera.

Cut to black.

Tagline: ""Some doors should never be opened.""

Audio: Deep cinematic trailer impacts, eerie choir, reversed piano notes, low-frequency drones, and a final bass hit followed by complete silence."
renoise-2085280375237140744,Part 1 : 15 seconds | 16:9 | live-action sports drama,,真人,特效向,武侠打斗,,en,Seedance 2.0,,,renoise-ai/awesome-seedance-prompts,https://github.com/renoise-ai/awesome-seedance-prompts/blob/904b6caffa21c2b114bb93e1bd0e37ba80b3dd10/data/prompts/2085280375237140744.json,CC-BY-4.0,ᴍᴜʀᴘʜʏ,https://x.com/Diplomeme/status/2085280375237140744,True,prompts/真人/特效向/武侠打斗/renoise-2085280375237140744--Part-1-15-seconds-16-9-live-action-sport.md,"Part 1 : 15 seconds | 16:9 | live-action sports drama
Fictional dramatization. Documentary-style visual realism.

SETTING
A professional indoor boxing arena during a championship bout.
[boxing ring / athlete walkout tunnel / fighter corners / spectator seating].
Time: night.
Bright arena lighting, light atmospheric haze, energetic crowd ambience and realistic pre-fight activity.

FORCES
Two professional boxers representing opposing corners inside a sanctioned championship boxing match.

Maintain consistent trunks, gloves, protective equipment, coaches, referee and character identities throughout the sequence.
Human behaviour remains grounded and restrained.

STORY

00–04s — ESTABLISHING
Wide observational shot establishing the championship boxing arena with both fighters waiting in opposite corners.

Coaches make final adjustments while the referee checks both fighters and spectators react naturally in the background.

Camera slowly advances from a believable documentary position.

Arena lighting reflects naturally across the ring canvas while banners, ropes and clothing move subtly with surrounding activity.

00–08s — TENSION
Cut to a closer handheld perspective following one boxer as the referee calls both fighters to the center of the ring.

They receive final instructions, touch gloves and silently lock eyes before returning to their corners.

The opening bell rings as both fighters cautiously begin circling one another, measuring distance with controlled footwork and defensive movement.

Camera operator follows behind with natural footsteps, small framing corrections and realistic motion blur.

Sweat, breathing and subtle body movement react naturally to physical exertion.

08–12s — CLASH
The opening exchanges begin.

Both fighters throw measured jabs, defensive slips and controlled combinations while carefully searching for openings.

Keep geography readable so both fighters remain spatially consistent inside the ring.

Camera reacts naturally to sudden exchanges rather than anticipating them.

Avoid graphic injuries or excessive blood.

12–15s — AFTERMATH
Camera settles just outside the ropes.

One boxer lands a clean counter that briefly stuns the opponent, forcing them to step backward toward the ropes while maintaining their balance.

The referee watches closely as the crowd suddenly rises in anticipation.

End on unresolved tension rather than declaring a winner.

CAMERA
Grounded sports-documentary cinematography.

Mix:
wide environmental coverage
medium handheld following shots
brief close reaction shots

Natural handheld instability.
Realistic operator movement.
Plausible camera positions.
No impossible drone transitions.
No excessive slow motion.

LIGHTING
Lighting originates from the actual environment.

Natural exposure changes when moving between bright arena lights, corner shadows and ringside positions.
Realistic highlight roll-off.
Deep but detailed shadows.
No artificial rim lighting around athletes.

PHYSICS
Real gravity and momentum.

Feet maintain contact with the canvas.
Gloves, punches and defensive movements carry believable weight.
Ropes react naturally to contact.
Sweat responds to movement and impacts.
Clothing follows natural body movement.
Characters physically interact with the ring, ropes and one another.

HUMAN PERFORMANCE
Restrained, believable behaviour under extreme physical stress.

Heavy breathing.
Quick visual checks of the opponent.
Small posture adjustments.
Natural hesitation and urgency.
No heroic posing or exaggerated action-movie gestures.

AUDIO
Crowd ambience and arena atmosphere.
Boxing shoes against the canvas.
Glove impacts.
Corner instructions at realistic distance.
Heavy breathing.
Bell ringing.
Short referee commands.
Crowd reactions rising naturally with each exchange.

No oversized Hollywood trailer effects.

VISUAL CHARACTER
Photorealistic live-action footage.
Observational sports-documentary character.
Natural skin texture.
Realistic sweat and fabric response.
Subtle sensor noise.
Natural motion blur.
Imperfect handheld framing.

Avoid:
video-game aesthetics
CGI appearance
excessive HDR
oversaturated lighting
impossible knockback
floating sweat
perfectly choreographed movement
beauty-filter faces
graphic gore

CONTINUITY
Maintain character identity, uniforms, equipment, ring layout and lighting between shots.

Preserve geographic orientation and screen direction.

Every action begins from the physical state established by the previous shot."
renoise-2085282863176642674,添付した「SUZUNE 夏祭りVer.」を忠実に再現した、15秒のスタイリッシュなキャラクター紹介MV。,,真人,特效向,科幻,,ja,Seedance 2.0,,,renoise-ai/awesome-seedance-prompts,https://github.com/renoise-ai/awesome-seedance-prompts/blob/904b6caffa21c2b114bb93e1bd0e37ba80b3dd10/data/prompts/2085282863176642674.json,CC-BY-4.0,SZOU☆WEB3チャンネル | ISC | TRONglobalfriends,https://x.com/szounft/status/2085282863176642674,True,prompts/真人/特效向/科幻/renoise-2085282863176642674--添付した-SUZUNE-夏祭りVer.-を忠実に再現した-15秒のスタイリッシュ.md,"添付した「SUZUNE 夏祭りVer.」を忠実に再現した、15秒のスタイリッシュなキャラクター紹介MV。

SUZUNEの顔、金色の猫耳ヘルメット、長いポニーテール、黒×金のサイバー浴衣、花火模様を一貫して維持する。

舞台は夜の未来的な日本の夏祭り。
美しい提灯、屋台、ネオン、夜空の花火。
黒・金・赤を基調とした、ファッション広告のように美しく洗練された映像。

SUZUNEが夏祭りの中を歩く。
顔、瞳、ヘルメット、浴衣の模様、足元などを印象的に見せながら、テンポよくカットを切り替える。

途中、SUZUNEが軽く走り出し、祭りの光の中で一度だけジャンプする。
着地すると浴衣とポニーテールが自然に揺れる。

映像にはスタイリッシュなタイポグラフィをデザイン要素として使用する。

表示する文字は以下の3つだけ。

「SUZUNE」
「SUMMER FESTIVAL」
「2029 IF TOKYO」

文字はキャラクター紹介PVのように、映像と一体化した美しいモーショングラフィックスとして表現する。

最後はSUZUNEの美しいポートレート。
背後の夜空に大きな花火が開き、

「SUZUNE」

のタイトルを印象的に表示して終了。

キャラクターの美しさ、浴衣の質感、提灯と花火の光、タイポグラフィ、グラフィックデザインを重視する。

カメラワーク、文字のレイアウト、トランジション、映像演出はAI自身の判断に任せる。

セリフなし。
ナレーションなし。"
renoise-2085282992625184929,"15-second cinematic emotional fantasy character sequence, breathtaking…",,漫剧,特效向,奇幻冒险,2D日漫,en,Seedance 2.0,,,renoise-ai/awesome-seedance-prompts,https://github.com/renoise-ai/awesome-seedance-prompts/blob/904b6caffa21c2b114bb93e1bd0e37ba80b3dd10/data/prompts/2085282992625184929.json,CC-BY-4.0,OscarAI,https://x.com/Artedeingenio/status/2085282992625184929,True,prompts/漫剧/特效向/奇幻冒险/renoise-2085282992625184929--15-second-cinematic-emotional-fantasy-ch.md,"15-second cinematic emotional fantasy character sequence, breathtaking high-budget animated feature film, elegant hand-drawn anime aesthetic, young silver-haired heroine wandering through a forgotten kingdom, premium cinematic illustration, expressive facial animation, painterly lighting, flowing hair simulation, seamless cinematic camera movement, emotionally intimate, melancholic, hopeful, no dialogue.

0–3s

A lonely silver-haired young woman walks slowly through the silent ruins of an ancient kingdom beneath a pale morning sky.

The camera follows gently from behind before moving around to reveal her worried expression.

Extreme close-ups.

Trembling eyes.

A loose braid swaying in the breeze.

Hands quietly clasped together.

Soft wind stirs fallen leaves.

3–6s

She pauses beside an old stone fountain.

Looking down, she sees her reflection shimmering in the water.

The camera alternates between intimate facial close-ups, elegant profile shots and slow circular movements.

Tiny tears begin forming in her eyes as distant birds sing.

6–9s

A warm beam of sunlight breaks through the clouds.

Golden leaves begin drifting gently around her.

She slowly lifts her face toward the light, her expression changing from sadness to quiet hope.

The camera rises gracefully as her silver hair dances in the wind.

9–12s

The abandoned garden suddenly awakens.

Flowers bloom beneath her footsteps.

Ancient trees regain their leaves.

Butterflies emerge from the blossoms and circle around her.

The camera performs a smooth 360° orbit while warm golden light fills the scene.

12–15s

She closes her eyes and smiles softly for the first time.

The wind carries her braid behind her as she gazes toward the distant mountains bathed in sunrise.

The camera slowly cranes upward into a breathtaking panoramic view, revealing the once-forgotten kingdom blooming back to life beneath a radiant sky.

Fade to white.

Sound design: delicate solo piano, soft strings, distant choir pads, gentle wind, birdsong, subtle water ripples, fluttering butterflies, warm orchestral crescendo as nature awakens, ending with a peaceful sustained violin note."
renoise-2085283220677967883,An ultra-realistic cinematic automotive commercial opens on an olive-green…,,其他,,广告带货,,en,Seedance 2.0,link-only,brand-ad,renoise-ai/awesome-seedance-prompts,https://github.com/renoise-ai/awesome-seedance-prompts/blob/904b6caffa21c2b114bb93e1bd0e37ba80b3dd10/data/prompts/2085283220677967883.json,CC-BY-4.0,Isabella,https://x.com/IsabellaHan_/status/2085283220677967883,True,prompts/其他/广告带货/renoise-2085283220677967883--An-ultra-realistic-cinematic-automotive.md,
renoise-2085285202189017243,Heartwarming hand-painted Pixar-inspired animated short with a storybook…,,漫剧,现实向,喜剧搞笑,3D卡通,en,Seedance 2.0,,,renoise-ai/awesome-seedance-prompts,https://github.com/renoise-ai/awesome-seedance-prompts/blob/904b6caffa21c2b114bb93e1bd0e37ba80b3dd10/data/prompts/2085285202189017243.json,CC-BY-4.0,Sophie Ai,https://x.com/ThissSophie/status/2085285202189017243,True,prompts/漫剧/现实向/喜剧搞笑/renoise-2085285202189017243--Heartwarming-hand-painted-Pixar-inspired.md,"Heartwarming hand-painted Pixar-inspired animated short with a storybook aesthetic. Soft watercolor textures, painterly brush strokes, expressive stylized characters, warm afternoon sunlight streaming through a cozy family living room, cinematic camera work, exaggerated cartoon acting, whimsical comedy, cozy family atmosphere, beautiful depth of field, high-quality stylized 3D animation that feels handcrafted rather than AI-generated.

A tired young mother with long chestnut-brown hair is fast asleep on a comfortable couch, softly snoring, one arm hanging over the side. Curled up beside the couch is an adorable fluffy white cat, peacefully sleeping.

A mischievous two-year-old toddler quietly tiptoes into the room carrying oversized child-safe scissors in one hand and a pink makeup bag in the other. She pauses, looks at Mom with an innocent smile, then quietly climbs onto the couch.

The toddler happily begins snipping away at Mom's long hair. Large locks of hair float dramatically through the air in slow motion. Never reveal Mom's new hairstyle. Show only the scissors, the falling hair, the side and back of Mom's head, and the toddler's delighted face.

The white cat suddenly wakes. Its pupils become enormous. Ears shoot straight up. Mouth falls open in silent horror. It looks at the scissors... then the falling hair... then back at Mom in complete panic.

The cat frantically tries to wake Mom by gently pawing her arm, nudging her face with its nose, softly meowing, and tapping her shoulder. Mom simply snores louder and lazily rolls over.

The toddler puts the scissors aside, opens the makeup bag with sparkling excitement, and begins a quick makeover montage. Show only close-up shots to preserve the surprise: tiny hands brushing blush onto one cheek, powder puff bouncing across Mom's forehead, mascara carefully brushing one closed eye, lipstick gliding across her lips. Never reveal Mom's full face or finished hairstyle.

The cat completely loses its mind. It grabs the blanket with its teeth and pulls with all its strength. It jumps onto the couch. It dramatically flops onto Mom's chest. Nothing works.

The toddler proudly zips the makeup bag shut, climbs off the couch, folds her hands behind her back, and quietly admires her masterpiece from a distance.

The cat freezes.

It takes one deep determined breath.

Slow motion.

The fluffy white cat launches itself directly onto Mom's stomach.

WHUMP.

Mom jolts awake with a loud gasp as the cat clings dramatically to her shoulder.

She looks around in confusion.

Her eyes land on long locks of chestnut hair scattered across the couch and floor.

She slowly reaches behind her head.

Her hand suddenly stops.

Her eyes grow wide.

""...My hair...""

Without revealing her face, she quickly rushes toward the hallway mirror. The camera follows from behind as she stops in front of it.

A quiet beat.

She slowly lifts her head.

Mirror reveal.

Instead of a disaster, she has an adorable chic French bob haircut with soft bangs and surprisingly elegant makeup that somehow looks professionally done.

She blinks once.

Then twice.

A smile slowly spreads across her face.

""...Wait...""

""I actually love it.""

At that exact moment the front door opens.

Dad walks in carrying grocery bags.

He looks up.

FREEZES.

The grocery bags slip from his hands in slow motion as apples, oranges, vegetables, and a baguette bounce dramatically across the floor.

Dad stares in disbelief.

""...Wow.""

""Honey... you look stunning.""

Mom blushes and smiles, gently touching her new hairstyle.

The toddler proudly folds her arms with the biggest smug grin imaginable, then gives one tiny dramatic hair flip.

The white cat slowly looks at Mom.

Then Dad.

Then the toddler.

Its tiny brain completely breaks.

The cat slowly flops onto its back in total disbelief, paws in the air, staring blankly at the ceiling.

HARD CUT TO BLACK.

One beat of silence.

The sound of the toddler's adorable giggle is heard.

End.

No text on screen. Minimal dialogue only from Mom and Dad. The story should rely primarily on expressive animation, cinematic camera work, visual comedy, exaggerated reactions, anticipation, and wholesome Pixar-style emotion. Prioritize seamless character animation, soft squash-and-stretch, expressive eyes, subtle secondary motion, and playful comedic timing."
renoise-2085290323656466469,CAMERA:,,真人,现实向,生活与vlog,,en,Seedance 2.0,,,renoise-ai/awesome-seedance-prompts,https://github.com/renoise-ai/awesome-seedance-prompts/blob/904b6caffa21c2b114bb93e1bd0e37ba80b3dd10/data/prompts/2085290323656466469.json,CC-BY-4.0,ÀBDŪLLÂH,https://x.com/itxabdullaa/status/2085290323656466469,True,prompts/真人/现实向/生活与vlog/renoise-2085290323656466469--CAMERA.md,"CAMERA:
DV-style 16mm camcorder aesthetic with natural handheld movement. The entire sequence is filmed from CHASE's perspective as she records herself throughout the fan meeting, occasionally setting the camera down on tables or chairs for hands-free shots. Expect subtle shake, uneven framing, slow autofocus, awkward zooms, brief overexposure from stage lights, and the occasional partial crop of her face. The camcorder itself is never visible.

LOOK:
Soft analog tape texture with slight blur, faint tape grain, blooming highlights, auto-exposure flicker, muted contrast, and lifelike skin tones. Lighting evolves naturally across each location: bright stage lighting → warm fan-meeting hall lighting → soft candid corner lighting → golden exit lighting after the event.

STYLE:
Fast-paced yet heartfelt montage with rapid cuts connecting memorable moments during the fan meeting. Transitional movement is slightly sped up while emotional moments linger naturally. A reflective voiceover replaces live dialogue. The mood shifts from initial excitement to heartfelt gratitude, ending with a quiet sense of fulfillment after meeting everyone."
renoise-2085304770571481271,[CINEMATIC SETUP],,真人,现实向,运动,,es,Seedance 2.0,,,renoise-ai/awesome-seedance-prompts,https://github.com/renoise-ai/awesome-seedance-prompts/blob/904b6caffa21c2b114bb93e1bd0e37ba80b3dd10/data/prompts/2085304770571481271.json,CC-BY-4.0,ImPaul,https://x.com/impaulxyz/status/2085304770571481271,True,prompts/真人/现实向/运动/renoise-2085304770571481271--CINEMATIC-SETUP.md,"[CINEMATIC SETUP]
Early-2000s consumer DV camcorder aesthetic / edited home video style with distinct hard cuts / slight handheld drift. Faded colors, harsh midday summer sunlight, visible heatwave distortion. Sweltering, gritty outdoor asphalt basketball court (West 4th Street ""The Cage"" in New York City) enclosed by a heavy chainlink fence. Natural ambient sound only (spatial sound design, dense NYC street traffic, heavy basketball bouncing, squeaking rubber soles, no narration).

[IMAGE REFERENCES / LEGEND]
@ image = [main character: 30-year-old man, 1.93m tall, movie-level realistic facial features, no deformation, stable throughout. Wearing a solid black t-shirt with JFB logo on the chest (back must be strictly plain black with absolutely no graphics, text, or logos), completely black cap. CRITICAL DETAIL: The back of the cap features a bare, empty semi-circular cutout revealing hair/skin, and a plain plastic snapback strap. Absolutely NO logos, text, patches, or embroidery anywhere on the cap. Long full-length blue oversized jeans (pants completely cover the legs down to the sneakers, not shorts), White Nike Air Force 1]

[TIMELINE SECOND BY SECOND]
0-2s: [Medium low-angle shot] @ image stands on the hot asphalt court, intensely dribbling a worn leather basketball. The harsh summer sun creates deep, hard shadows. [Slight handheld drift] + [Visible heat distortion rising from the ground] + [Heavy, echoing thuds of the ball and distant NYC traffic SFX]
2-5s: [HARD CUT TO: Close-up side profile] @ image pauses, holding the ball on his hip. He is viewed strictly from the side, wiping sweat from his forehead with his forearm. He makes zero eye contact with the lens. [Gentle framing drift] + [Sweat details catching the sunlight] + [Heavy breathing and rattling chainlink fence SFX]
5-8s: [HARD CUT TO: Medium tracking shot] @ image executes a fast, explosive crossover dribble, moving right to left across the frame against an anonymous, blurred defender. His White Nike Air Force 1s grip the court hard. [Fast panning camera following action] + [Accurate fabric physics of the baggy jeans] + [Aggressive sneaker squeaks on asphalt SFX]
8-10s: [HARD CUT TO: Medium wide shot from behind] @ image pulls up for a jump shot. The camera tracks the ball as it flies up and snaps cleanly through the metal chain net. The completely blank back of his black t-shirt is visible. [Recording cuts abruptly to black] + [Loud metallic clank of the chain net and crowd reaction SFX]

[STYLE & QUALITY BOOSTERS]
Ultra-realistic documentary realism, genuine candid behavior, accurate real-world physics of fabric and sweat, unscripted slice-of-life feeling. Strong environmental authenticity. Gritty early-2000s urban video texture. Exact character consistency with @ image.

[NEGATIVES]
looking at camera, eye contact with lens, breaking the 4th wall, deformed faces, blurry motion, low resolution, text artifacts, inconsistent lighting, watermark, extra limbs, empty parks, desolate, winter, snow, shorts, short pants, bermudas, bare legs, exposed legs, logos on back of cap, graphic on back of shirt, professional lighting, cinematic lighting, cinematic color grading, slow motion."
renoise-2085319904148734055,"BLACK RAIN — ""TWO WOMEN, ONE BAR""  ·  8 SHOTS / 15 SECONDS",,真人,特效向,武侠打斗,,en,Seedance 2.0,link-only,sexual,renoise-ai/awesome-seedance-prompts,https://github.com/renoise-ai/awesome-seedance-prompts/blob/904b6caffa21c2b114bb93e1bd0e37ba80b3dd10/data/prompts/2085319904148734055.json,CC-BY-4.0,Music Satire,https://x.com/MusicSatire/status/2085319904148734055,True,"prompts/真人/特效向/武侠打斗/renoise-2085319904148734055--BLACK-RAIN-—-TWO-WOMEN,-ONE-BAR-8-SHOTS.md",
renoise-2085326865917743239,"Generate a 15-second, 16:9 landscape promotional PV for an original…",,其他,,广告带货,,en,Seedance 2.0,,,renoise-ai/awesome-seedance-prompts,https://github.com/renoise-ai/awesome-seedance-prompts/blob/904b6caffa21c2b114bb93e1bd0e37ba80b3dd10/data/prompts/2085326865917743239.json,CC-BY-4.0,Kiana Liang,https://x.com/Kiana_Liang0609/status/2085326865917743239,True,"prompts/其他/广告带货/renoise-2085326865917743239--Generate-a-15-second,-16-9-landscape-pro.md","Generate a 15-second, 16:9 landscape promotional PV for an original specimen-collection themed game — first half. The whole piece combines pure 2D Japanese cel animation with abstract Editorial MG graphic design and game-UI flat design, referencing high-end game promo posters and motion-graphic design language. The entire piece must stay purely 2D: no 3D effects, no volumetric modeling, no real spatial depth, no three-dimensional perspective rendering, no CG texture. All characters, environments, props and effects must read as flat as a 2D animation illustration. Every shot looks like a motion graphic poster continuously disassembling and reassembling.

【THEME】
The theme is ""The Specimen Bureau"" — an abstract collection institution built from specimen jars, classification labels, ruler graduations and coordinate grids. Original characters, original world, original insignia. No existing game characters, logos or assets.

【ART DIRECTION】
High-contrast three-colour palette: specimen green, bone white and pure black. Greyscale is used only for hair and halftone dots. Specimen green stands for immersion and preservation, bone white for classification and naming, pure black for the display case and the gaze.
Characters use minimal hard-edged cel shading and large areas of solid-colour silhouette. Shadows are one to two levels only, with no volumetric lighting at all.
The institution's space is heavily flattened, keeping only specimen-jar rectangles, classification labels, skeletal line drawings, ruler graduations, coordinate-grid flooring, glass-jar rings and display-case outlines, built from bone-white line art, rectangular colour blocks and grids.
Fuse abstract Editorial MG, game UI, ruler graduations, rings, butterfly silhouettes, scan lines, halftone dots and geometric slices.
Space is permitted to tilt implausibly, to flip, to compress and to distort in perspective.
Only when the imagery of a new specimen's arrival or of death appears, add a small amount of blood red — usually lasting only two or three frames.

【TECHNICAL-DRAWING OVERLAY — present in every frame, sitting on the topmost layer】
Pale grey ultra-fine drafting grid lines; crosshair registration marks; corner framing brackets; small numeric ruler graduations along the frame edges; circular dials and protractor arcs; thin-line targeting reticles. This layer is always present, drifting with slight parallax as the camera moves, with dial hands and arcs sweeping continuously.

【CHARACTERS】
The lead is a young woman with black chin-length hair, slender build, bone-white sclera with specimen-green pupils, wearing a black turtleneck and black high boots under a bone-white long robe, holding a slender specimen pin that reaches nearly her own height. Her gaze is cold, her expression restrained. Her design is simple and flat, composed mainly of a black body silhouette, bone-white negative shapes and specimen-green pupils.
The curator is a man with grey-white long hair, in a bone-white long coat and black apron, wearing round goggles whose lenses catch the light as two bone-white dots, and black gloves. Elegant and dangerous, composed, carrying a faint sense of mockery.

【SHOT LIST】
0–2.5s On a bone-white background, only the lead's black boots and the tip of the slender specimen pin appear — lower body only. The camera tracks in fast from an extremely low angle. As her step lands, bone-white horizontal lines, coordinate grids and ruler graduations burst outward from the floor in a ring. The pin tip cuts across frame, leaving a specimen-green geometric trail. End state: the pin tip rests on the floor, the specimen-green trail spanning the frame.
2.5–5s The frame is cut by hard-edged straight lines into three panels: boot close-up, medium shot, full-body silhouette — all three showing the same lead simultaneously, panel borders continuously sliding sideways. She inverts instantly from black silhouette to bone-white silhouette and back, three times in a row. End state: the three panel borders merge into one symmetrical wide shot.
5–7.5s Symmetrical wide shot, camera pulling back fast. The lead stands dead centre on the coordinate-grid floor as a colossal array of specimen-jar rectangles rises around her; at the centre of each jar is a huge skeletal line drawing silhouette, the rest of the jar left completely blank. A colossal specimen-green ring expands outward from behind her, a black diagonal plane cutting through her body and slicing the frame into several irregular regions. End state: the ring has expanded to fill the frame, the diagonal plane dividing the image into four.
7.5–10s The lead's cold eye fills the frame inside an isolated horizontal close-up window: bone-white sclera, a circular specimen-green pupil, pure black hard-edged eyeliner and hard-edged triangular lashes. No skin, no gradient and no highlight are drawn around the eye — it is left blank. Corner framing brackets snap inward fast. The pupil flicks briefly to blood red and back to specimen green. End state: a bone-white specimen-pin insignia surfaces at the centre of the pupil.
10–12.5s After a single-frame white flash, cut to legs walking across the coordinate grid, each step swelling a concentric ripple outward. A colossal classification label flies in from off-frame and sweeps past; a pin-shaped black colour block wipes across horizontally. The whole frame tilts and rotates. End state: the ripples have dissipated, the labels settling into a row.
12.5–15s The lead multiplies sideways into three, then proliferates into eight silhouettes walking in sync, a whole row of specimen-jar rings behind her lighting up one by one. Green-white inversion accelerates to six to eight times per second, with bone-white particles bursting in quantity. End state: a single-frame white flash detonates, blowing the entire frame out to pure bone white; the eight silhouettes collapse back into one and the lead settles into a closing pose with the specimen pin.

【HIGH-DYNAMIC HARD CONSTRAINT — outranks any individual shot description】
No static shots anywhere in the piece. At least two graphic motions must occur simultaneously inside every shot, drawn from this list:
drafting-grid parallax drift / circular dial hands sweeping / panel borders sliding sideways / diagonal colour blocks wiping across / rings expanding from centre / bone-white particles bursting / silhouette black-white inversion / halftone dot density shifting / ruler graduations lighting up cell by cell.
Camera movement must be large in amplitude: fast push-ins, lateral whip pans, whole-frame rotation and tilt used alternately — never a constant-speed pan.
Every drum hit triggers one visible graphic event: a single-frame white flash, a green-white inversion, a geometric disassembly or a brief glitch.
This is the first half; the ending must land on the explicit end state of ""the frame detonating out to pure bone white"" — do not fade out.

【MOTION DESIGN REQUIREMENTS】
All transitions land on the drum hits; use diagonal wipes, ring expansion, silhouette inversion, graphic disassembly, single-frame white flash, specimen-green afterimage and brief glitch. Transitions are carried by character silhouettes, pin-shaped colour blocks, diagonal masks, black-white inversion and match-cut on shape.
Character action is expressed through key poses and held frames; do not animate continuous realistic action.
Avoid ordinary cross-fades, meaningless fast cutting, realistic 3D, warm sunlight, excessive neon cyberpunk and cluttered text.

【STRICT LIMITS】
The whole piece holds 2D abstract MG and three-colour game-UI art direction. No realistic lighting, no volumetric 3D environments, no cinematic real perspective, no ordinary cel-shaded battle-anime, no complex continuous fighting, no large areas of neon, no cyberpunk photoreal streetscapes, no skin tones or skin texture, no gradients, no highlights.
Characters, architecture, props and effects are all flattened, silhouetted and made graphic.
No text, letters, numerals, subtitles, insignia or watermarks anywhere in frame.
Apart from those two or three frames of blood red on the new-specimen imagery, no fourth hue beyond specimen green, bone white, pure black and the hair greyscale.

【CLOSING RESTATEMENT】
Restating the three most expensive locks: one, the art direction is 2D flat design made of solid colour blocks and hard-edged shapes — no gradients, no highlights, no skin tones; two, only specimen green, bone white and pure black, with blood red for two or three frames only; three, the technical-drawing overlay is present in every frame and continuously in motion, and there are no static shots anywhere in the piece."
renoise-2085356505864224959,Subject: Person from Image1. Face and hairstyle must match Image1 completely do…,,真人,现实向,生活与vlog,,en,Seedance 2.0,,,renoise-ai/awesome-seedance-prompts,https://github.com/renoise-ai/awesome-seedance-prompts/blob/904b6caffa21c2b114bb93e1bd0e37ba80b3dd10/data/prompts/2085356505864224959.json,CC-BY-4.0,WasifAI,https://x.com/doctorwasif/status/2085356505864224959,True,prompts/真人/现实向/生活与vlog/renoise-2085356505864224959--Subject-Person-from-Image1.-Face-and-hai.md,"Subject: Person from Image1. Face and hairstyle must match Image1 completely do not transform into a different person. Outfit: casual everyday streetwear. Ignore the outfit, background, pose, and bottom text from Image. Even if image quality is rough, facial features must remain clearly defined. 16:9 horizontal. Entire video has an old iPhone low-quality everyday-video look. Constant heavy noise and compression artifacts throughout.
Setting: Small purikura/photo sticker booth inside a convenience store or arcade corner, bright colorful booth interior with soft ring-light glow, curtain partially visible at entrance. Touch screen menu and any on-screen text/templates are not legible.
Timeline:
0–4s: Steps into booth alone, sits/stands facing the touch screen, fumbles tapping through menu options, slightly confused, mutters low: ""wait which one do I press—""
4–8s: Randomly picks a frame template on screen, screen changes (colors/light shift, but text illegible), adjusts stance getting ready, glances at self in the screen's mirror reflection.
8–11s: Countdown light blinks on screen, tries to strike a cute/awkward pose alone — overdoes it slightly, feels silly.
11–14s: Flash fires, immediately breaks pose and laughs at own reflection on screen, covers mouth briefly, still laughing: ""oh my god that was so awkward.""
14–17s: Steps out through curtain to the sticker printer outside the booth, printer whirs, sticker sheet slides out, picks it up and looks at it (photo content on sticker is @Image 1 face reference, but text/graphics illegible).
17–19s: Peels one sticker off the sheet, sticks it onto the back of phone case, presses it down with thumb, looks at camera with a satisfied grin, freeze on final frame.
Camera: Loose 1–1.5s cuts. Old iPhone, vertical, standard 1x lens (no distortion, standard field of view), handheld with slight natural shake during booth entry/exit, more static during in-booth pose moment, colorful booth lighting causing off white balance (magenta/pink cast typical of purikura booths), brief flash overexposure burst.
Sound: No BGM. Ambient store/arcade background noise (faint chatter, other machines), touch screen tap sounds, countdown beep, shutter click/flash, printer whirring/output sound, laughter, close and slightly muffled voice (booth echo).
Style: Unedited low-quality phone video look. No color grading, no film look, no cinematic look, no beauty filter, no CG texture. No fisheye/ultra-wide (0.5x)/action-cam look, no barrel distortion, no vignette, no black lens-round at frame edges — flat standard field of view, frame filled edge to edge. Real skin texture maintained (pores, flyaway hairs, natural oil sheen). No cut consolidation, no scene skipping. No on-screen text (booth screen, sticker sheet graphics/text must be illegible)."
renoise-2085371269537845497,Create an authentic live-TV broadcast inspired by original Japanese…,,真人,现实向,生活与vlog,,en,Seedance 2.0,,,renoise-ai/awesome-seedance-prompts,https://github.com/renoise-ai/awesome-seedance-prompts/blob/904b6caffa21c2b114bb93e1bd0e37ba80b3dd10/data/prompts/2085371269537845497.json,CC-BY-4.0,Anissa,https://x.com/SimplyAnnisa/status/2085371269537845497,True,prompts/真人/现实向/生活与vlog/renoise-2085371269537845497--Create-an-authentic-live-TV-broadcast-in.md,"Create an authentic live-TV broadcast inspired by original Japanese sports-entertainment obstacle shows (2000s–early 2010s). Use realistic ENG, crane, long-lens, and ground-tracking broadcast cameras with natural zooms, pans, subject tracking, subtle handheld motion, early-HD softness, mild TV compression, realistic stadium lighting, audience reactions, and tense live competition coverage.
REFERENCE:
@Image 1 is the only identity reference. Preserve the exact same contestant throughout: facial identity, face shape, eyes, eyebrows, nose, lips, jawline, hairstyle, hair color, skin tone, age, petite slim body, and outfit. She is 156 cm tall with naturally compact proportions. Never make her taller or change her appearance. Hair and outfit become wet only after falling into the water.
SPATIAL CONTINUITY:
The contestant and the moving roller always travel screen left to screen right. Never mirror, reverse, teleport, or redesign the course. Keep lighting, water, spectator stands, obstacle positions, and movement continuous across every cut.
COURSE:
Starting platform → narrow alternating angled stepping platforms above open water → one large red free-moving rolling cylinder → fixed landing platform on screen right, slightly higher than the cylinder. All obstacles remain elevated above open water with visible gaps and fall distance. No wide decks, hidden supports, bridges, floors, tracks, or runways beneath the roller.
ROLLING CYLINDER:
The large red cylinder is not fixed to an axle. It continuously rotates and translates forward across the water. The contestant stays near its upper center, repeatedly stepping against the rotating surface to drive it forward. Both contestant and cylinder advance together toward the landing platform. Never show a stationary roller, fixed pipe, or crossing its short width.
0–2 sec — Introduction
ENG knee-up broadcast shot on the starting platform. She smiles, waves briefly, receives applause, then lowers her hand and focuses on the course. Subtle broadcast push-in. The elevated obstacle course and water remain visible behind her.
2–5 sec — Start
The buzzer sounds. High three-quarter crane shot shows the full course. Cut to a low tracking camera moving beside her as she runs across the narrow angled stepping platforms. Every step lands clearly before pushing to the next. Audience cheering grows louder.
5–8 sec — Roller Entry
Long-lens three-quarter side shot. She jumps onto the top of the large red rolling cylinder. It immediately rotates and rolls forward above open water as she runs in place to keep balance. Arms extend for stability. One foot slips briefly, creating a believable wobble and audience gasp. Keep her full body, the entire cylinder, water below, and landing platform visible.
8–11 sec — Roller Run
Side tracking shot follows both contestant and cylinder moving left to right. The cylinder keeps rotating and translating forward. She accelerates slightly while maintaining balance. Her right foot slips backward, her body sways, and both arms swing widely to recover. Show realistic shoe friction, gravity, and continuous contact. The landing platform approaches as commentary becomes more excited.
11–13 sec — Failed Jump
Low front three-quarter broadcast angle. The cylinder reaches the landing platform. She attempts a short upward jump toward the slightly higher platform, but her supporting foot slips backward on the rotating cylinder. She reaches forward but falls into the water without touching the platform. Keep the moving cylinder, gap, platform, and water visible in one shot.
13–15 sec — Splash
Wide broadcast shot captures the full elevated fall and one large realistic splash. Cut to a water-level medium shot. She resurfaces smiling with mild frustration, soaked but clearly recognizable as @Image 1. The audience applauds while the commentator enthusiastically concludes the attempt."
renoise-2085373875026833558,"Hyper realistic vertical smartphone video (9:16), Instagram trending feminine…",,真人,现实向,时尚写真,,en,Seedance 2.0,link-only,copyrighted-character,renoise-ai/awesome-seedance-prompts,https://github.com/renoise-ai/awesome-seedance-prompts/blob/904b6caffa21c2b114bb93e1bd0e37ba80b3dd10/data/prompts/2085373875026833558.json,CC-BY-4.0,Tbros6868,https://x.com/tbros6868/status/2085373875026833558,True,prompts/真人/现实向/时尚写真/renoise-2085373875026833558--Hyper-realistic-vertical-smartphone-vide.md,
renoise-2085376367949238387,Duration: 15 seconds. Aspect Ratio: 16:9. Style: AAA animated feature film…,,漫剧,特效向,战斗大招,3D卡通,en,Seedance 2.0,,,renoise-ai/awesome-seedance-prompts,https://github.com/renoise-ai/awesome-seedance-prompts/blob/904b6caffa21c2b114bb93e1bd0e37ba80b3dd10/data/prompts/2085376367949238387.json,CC-BY-4.0,Saul Goodman,https://x.com/Goodmanprotocol/status/2085376367949238387,True,prompts/漫剧/特效向/战斗大招/renoise-2085376367949238387--Duration-15-seconds.-Aspect-Ratio-16-9.md,"Duration: 15 seconds. Aspect Ratio: 16:9. Style: AAA animated feature film. Pixar-quality. DreamWorks-quality. Ultra detailed. Highly expressive characters. Photorealistic fur. Stylized realism. Cinematic lighting. Warm golden forest sunlight. Volumetric god rays. Dynamic motion blur. High energy. Strong squash and stretch. Natural forest environment. Consistent character design.

Characters: Cute gray rabbit with large expressive eyes, long ears and funny facial expressions. One angry gray wolf with realistic fur, sharp teeth and exaggerated cartoon emotions.

Environment: Dense green forest, forest trail, flying leaves, dust, small rocks and sunlight streaming through the trees.

Camera: Dynamic FPV. 24mm cinematic lens. Fast tracking shots. Smooth handheld stabilization. Speed ramps. Whip pans. Orbit shots. Low-angle action camera. Cinematic focus transitions.

Scene 1 (0.0–2.0s): The rabbit sprints at full speed through the forest while the wolf aggressively chases only a few meters behind. Leaves, twigs and dirt explode beneath their feet. Fast forward tracking shot emphasizes intense speed.

Scene 2 (2.0–3.8s): The exhausted rabbit trips over a root and slides across the ground, landing face-first with his tongue hanging out. The wolf rapidly closes the distance. Camera drops to ground level and pushes dramatically toward the rabbit.

Scene 3 (3.8–5.5s): The rabbit notices a pair of futuristic glowing running shoes lying on the trail. His eyes widen in excitement as he desperately reaches toward them while the wolf prepares to pounce. Fast cinematic push-in toward the glowing shoes.

Scene 4 (5.5–7.2s): The rabbit instantly slips on both shoes. Blue energy ignites around the soles. Electric arcs wrap around his feet as the shoes power up with an intense futuristic glow. The wolf freezes in confusion. Macro close-ups highlight the activation sequence.

Scene 5 (7.2–9.3s): The rabbit launches forward with explosive speed, leaving only a brilliant blue energy trail behind. A powerful gust of wind, dust and flying leaves slams into the wolf. The camera races alongside the glowing streak through the forest.

Scene 6 (9.3–11.7s): The rabbit circles around the wolf at extreme speed. Multiple glowing afterimages appear as a bright blue vortex forms around the wolf. The terrified wolf spins frantically, unable to track the rabbit. Fast orbit camera moves in perfect sync with the vortex.

Scene 7 (11.7–13.5s): Top-down cinematic view. The rabbit accelerates even faster. The glowing blue spiral tightens and becomes brighter while leaves, dust and debris rise into the air. The dizzy wolf remains trapped at the center of the spinning vortex.

Scene 8 (13.5–15.0s): The rabbit instantly stops beside the glowing running shoes with a confident smile and casually rests one foot on a sneaker. Behind him, the dizzy wolf crashes head-first into a tree, sending leaves flying everywhere. The rabbit laughs proudly while the stunned wolf slowly slides down the trunk. End with a cinematic hero shot under warm golden sunlight with shallow depth of field."
renoise-2085382589343584408,"Style & Mood: Ultra-premium electric vehicle speed campaign. Silent, fast…",,真人,现实向,情绪特写,,en,Seedance 2.0,link-only,brand-ad,renoise-ai/awesome-seedance-prompts,https://github.com/renoise-ai/awesome-seedance-prompts/blob/904b6caffa21c2b114bb93e1bd0e37ba80b3dd10/data/prompts/2085382589343584408.json,CC-BY-4.0,𝐌,https://x.com/Strength04_X/status/2085382589343584408,True,prompts/真人/现实向/情绪特写/renoise-2085382589343584408--Style-Mood-Ultra-premium-electric-vehicl.md,
renoise-2085384756330688681,A young woman with pink hair in a white tank top and jeans fights a heavyset…,,真人,特效向,武侠打斗,,en,Seedance 2.0,,,renoise-ai/awesome-seedance-prompts,https://github.com/renoise-ai/awesome-seedance-prompts/blob/904b6caffa21c2b114bb93e1bd0e37ba80b3dd10/data/prompts/2085384756330688681.json,CC-BY-4.0,auqib,https://x.com/auqibhabib/status/2085384756330688681,True,prompts/真人/特效向/武侠打斗/renoise-2085384756330688681--A-young-woman-with-pink-hair-in-a-white.md,"A young woman with pink hair in a white tank top and jeans fights a heavyset chef in a dimly lit commercial kitchen. Dynamic handheld camera tracks the intense close-quarters action as she dodges between stainless steel counters and baking racks. Moody cinematic lighting with steam and haze filling the room, dark gritty atmosphere. Film grain, anamorphic lens."
renoise-2085389897519546619,Use @[Image] as storyboard reference for cinematic sequence. use as first shot…,,其他,,动物萌宠,,en,Seedance 2.0,,,renoise-ai/awesome-seedance-prompts,https://github.com/renoise-ai/awesome-seedance-prompts/blob/904b6caffa21c2b114bb93e1bd0e37ba80b3dd10/data/prompts/2085389897519546619.json,CC-BY-4.0,Viki,https://x.com/churvikv/status/2085389897519546619,True,prompts/其他/动物萌宠/renoise-2085389897519546619--Use-Image-as-storyboard-reference-for-ci.md,"Use @[Image] as storyboard reference for cinematic sequence. use as first shot 01

A 15-second majestic cinematic sequence transitioning smoothly through all 8 storyboard panels in strict chronological order. Visual style: hyper-realistic nature documentary, golden mountain peaks with perfect mirror reflections, deep blue sky, photorealistic 8K eagle plumage, luxury aesthetic, slow motion grace. CRITICAL: Absolutely NO frames, borders, film strips, numbers, UI, or text. Render as seamless full-screen cinematic shots only. Ignore grid layout completely.

Shot 1 (0-1.8s): Panel 1. The golden eagle dives steeply downwards, wings partially tucked. The reflection in the calm water mirrors the movement perfectly. Camera tilts down slightly to follow the dive.
Shot 2 (1.8-3.6s): Panel 2. Powerful transition. The eagle spreads its wings fully, catching the air. The camera pulls back to reveal the golden mountains.
Shot 3 (3.6-5.4s): Panel 3. The eagle glides smoothly towards the camera, wings held flat. The majestic peak rises in the background.
Shot 4 (5.4-7.2s): Panel 4. The eagle continues gliding forward, maintaining altitude above the golden ridges. Smooth camera tracking keeps the bird centered.
Shot 5 (7.2-9.0s): Panel 5. The eagle banks gracefully to the left. Sunlight catches the tips of the wings. The reflection on the water ripples gently.
Shot 6 (9.0-10.8s): Panel 6. The eagle banks to the right, showing the underside of its wings. The deep blue sky contrasts with the golden mountains.
Shot 7 (10.8-12.6s): Panel 7. The eagle flies far into the distance, becoming a small silhouette against the vast landscape. Camera holds steady on the serene horizon.
Shot 8 (12.6-15.0s): Panel 8. The eagle dives back into the frame, wings closing, mirroring the opening shot. The video ends on a dynamic, majestic note. ZERO TEXT.

Style reinforcement: continuous flight path, consistent lighting, seamless transitions between shots, high-end visual quality, NO text, NO grid, NO numbers, cinematic nature aesthetic."
renoise-2085393996583735528,"a realistic, authentic UGC ad, handheld front-camera selfie video, 9:16. keep…",,其他,,广告带货,,en,Seedance 2.0,,,renoise-ai/awesome-seedance-prompts,https://github.com/renoise-ai/awesome-seedance-prompts/blob/904b6caffa21c2b114bb93e1bd0e37ba80b3dd10/data/prompts/2085393996583735528.json,CC-BY-4.0,Machina,https://x.com/EXM7777/status/2085393996583735528,True,"prompts/其他/广告带货/renoise-2085393996583735528--a-realistic,-authentic-UGC-ad,-handheld.md","a realistic, authentic UGC ad, handheld front-camera selfie video, 9:16. keep the character consistent with the reference images. her voice matches the reference audio exactly

standing in front of her open closet with a mirror, holding the blush-pink bra in one hand. delivery: fed up, venting to a friend. she says exactly: ""they all do the same trade. great shape for the first hour, and by six pm the wires are digging and you're counting minutes till home""

the bra stays in her hand as an object the whole clip, never worn. she is fully dressed in her grey ribbed tank top. no on-screen text or captions"
renoise-2085395748901065160,"3D animated cinematic short, high-quality stylized realism.",,漫剧,现实向,日常治愈,3D卡通,en,Seedance 2.0,,,renoise-ai/awesome-seedance-prompts,https://github.com/renoise-ai/awesome-seedance-prompts/blob/904b6caffa21c2b114bb93e1bd0e37ba80b3dd10/data/prompts/2085395748901065160.json,CC-BY-4.0,Amira Zairi,https://x.com/azed_ai/status/2085395748901065160,True,"prompts/漫剧/现实向/日常治愈/renoise-2085395748901065160--3D-animated-cinematic-short,-high-qualit.md","3D animated cinematic short, high-quality stylized realism.
No BGM, no dialogue, no subtitles, no text, with ambient sounds.

# Constraints
Vary the framing and angles in every cut to avoid monotony.
Focus on cozy atmosphere, cooking detail, steam, warm lighting, and small gestures.
No exaggerated cartoon motion.

# Character
Young night-shift worker.
Tired eyes, messy hair, oversized hoodie, loose pajama pants, barefoot.
Quiet, exhausted, hungry, moving slowly after a long day.

# Setting
Small apartment kitchen at midnight. Rain slides down the window. Neon city lights glow outside.
Warm stove light mixes with cool blue window light.
Steam fills the air gently. The kitchen feels peaceful, intimate, and lived-in.

# Scene
At midnight, the worker makes a bowl of ramen alone.
Alternate between food preparation, hands, steam, tired expressions, and the final comforting bowl.

cut1:
Wide shot from a diagonal rear angle.
The worker enters the dim kitchen and turns on one small warm lamp.
Ambient sounds: Rain on window, soft room tone, light switch click.

cut2:
Close-up, low angle from counter level.
A hand places a small pot on the stove and turns the knob.
Blue flame ignites beneath the pot.
Ambient sounds: Gas click, flame whoosh, quiet rain.

cut3:
Overhead close-up.
Water begins boiling inside the pot, bubbles rising slowly before becoming vigorous.
Ambient sounds: Water heating, soft metal vibration.

cut4:
Close-up, diagonal overhead.
Noodles slide into boiling water, steam rising and curling around the frame.
Ambient sounds: Noodles entering water, bubbling intensifies.

cut5:
Macro close-up.
Green onions are sliced on a wooden cutting board with slow rhythmic knife movements.
Ambient sounds: Knife tapping wood, distant rain.

cut6:
Close-up, side angle.
The worker cracks an egg into a small bowl, the yolk landing cleanly and glowing under warm light.
Ambient sounds: Egg crack, bowl tap.

cut7:
Medium shot from behind.
The worker leans slightly over the stove, watching the noodles cook, shoulders relaxed, steam drifting around the face.
Ambient sounds: Pot boiling, quiet breath.

cut8:
Extreme close-up.
Chopsticks lift noodles from the pot, long strands stretching through steam.
Ambient sounds: Wet noodle lift, droplets falling.

cut9:
Close-up, overhead.
Broth pours into a ceramic bowl, swirling around noodles, egg, green onions, and chili oil.
Ambient sounds: Liquid pour, bowl settling.

cut10:
Side close-up, shallow depth of field.
The finished ramen sits on the table, steam rising in soft waves.
The worker’s hands wrap around the bowl for warmth.
Ambient sounds: Steam hiss, rain fading into quiet night.

Negative guidance:
No text on screen, no logos, no messy unreadable food, no dirty kitchen, no exaggerated cartoon style, no extra people, no blurry hands, no distorted food, no broken anatomy."
renoise-2085402367575699784,Duration: 15 seconds,,真人,特效向,科幻,,en,Seedance 2.0,,,renoise-ai/awesome-seedance-prompts,https://github.com/renoise-ai/awesome-seedance-prompts/blob/904b6caffa21c2b114bb93e1bd0e37ba80b3dd10/data/prompts/2085402367575699784.json,CC-BY-4.0,razornero,https://x.com/Danzeronero/status/2085402367575699784,True,prompts/真人/特效向/科幻/renoise-2085402367575699784--Duration-15-seconds.md,"Duration: 15 seconds
Aspect Ratio: 16:9

Use the uploaded laboratory creature image as the exact reference. Preserve the creature's anatomy, glossy black skin, muscular body, claws, mouth, teeth, restraints, proportions, and overall terrifying appearance. Do not redesign or stylize the creature.

Ultra realistic cinematic sci-fi horror.

The video begins inside a high-security biological containment laboratory. A handheld documentary camera slowly approaches a reinforced glass containment chamber. Cold white fluorescent lights illuminate the sterile room. Scientists wearing full hazmat suits watch nervously from behind thick safety glass. Alarm lights remain inactive. The atmosphere is silent except for the creature's heavy breathing.

Inside the containment chamber, the creature crouches low on all fours exactly like the reference image. Thick steel restraints lock both wrists and ankles to the laboratory floor using reinforced cables. Black saliva slowly drips from its mouth onto the floor. Its chest rises and falls with deep breathing. Muscles beneath its glossy skin twitch naturally. Small eye movements, blinking, and subtle head movements create believable realism.

Without warning, the creature becomes violently aggressive. It slams both arms into the floor, pulling against the restraints with enormous strength. Steel cables stretch under extreme tension. The entire containment chamber shakes violently. Laboratory equipment rattles. Warning alarms suddenly activate. Red emergency lights begin flashing throughout the room.

The creature roars with overwhelming force. Its mouth opens impossibly wide, exposing rows of razor-sharp teeth. Thick saliva sprays outward. Scientists panic and quickly run away behind the glass. Computer monitors flash emergency warnings. The handheld camera operator instinctively steps backward while trying to keep the creature in frame.

With one final violent pull, the steel restraints snap apart. Broken shackles and cables fly across the containment chamber. The creature is now completely free. It stands to its full height while breathing heavily. Every muscle contracts naturally beneath its skin. The glass walls vibrate under the pressure of its roar.

The creature suddenly charges directly toward the reinforced glass wall. It smashes through the containment glass in one massive impact. Thick safety glass explodes outward with realistic shards, dust, sparks, and debris flying through the laboratory. The handheld camera shakes violently as the operator stumbles backward.

The creature lands outside the containment chamber without slowing down. It immediately locks its eyes onto the camera operator. It lowers its body into a hunting stance before launching forward with explosive speed. Heavy footsteps shake the floor. Tables overturn. Equipment crashes to the ground. Papers fly through the air from the force of its movement.

The camera operator desperately runs backward while maintaining focus. The footage becomes increasingly unstable with realistic handheld movement, breathing motion, and autofocus hunting under stress. Emergency alarms echo throughout the laboratory. Broken lights flicker overhead. Smoke and dust fill the corridor.

The creature rapidly closes the distance. It leaps directly toward the camera with both claws fully extended. Its massive jaws open wide as it unleashes one final deafening roar. The creature completely fills the frame before violently colliding with the camera lens.

The camera falls to the floor. The image distorts with realistic motion blur, cracked lens effects, dust, blood splatter, and debris covering the lens. The audio abruptly cuts into static before the screen instantly fades to black."
renoise-2085404874791879148,"Cinematic western, photorealistic, Arri Alexa 35, 35mm anamorphic lens, shallow…",,真人,现实向,剧情短片,,en,Seedance 2.0,link-only,copyrighted-character,renoise-ai/awesome-seedance-prompts,https://github.com/renoise-ai/awesome-seedance-prompts/blob/904b6caffa21c2b114bb93e1bd0e37ba80b3dd10/data/prompts/2085404874791879148.json,CC-BY-4.0,God's Way Foundation,https://x.com/godswayfoundinc/status/2085404874791879148,True,"prompts/真人/现实向/剧情短片/renoise-2085404874791879148--Cinematic-western,-photorealistic,-Arri.md",
renoise-2085413325287080246,Style: Stylized 3D cartoon (think Luigi's Mansion meets Spider-Man: Into the…,,漫剧,特效向,奇幻冒险,3D卡通,en,Seedance 2.0,link-only,copyrighted-character,renoise-ai/awesome-seedance-prompts,https://github.com/renoise-ai/awesome-seedance-prompts/blob/904b6caffa21c2b114bb93e1bd0e37ba80b3dd10/data/prompts/2085413325287080246.json,CC-BY-4.0,Iqra Saifi,https://x.com/IqrasaifiAI/status/2085413325287080246,True,prompts/漫剧/特效向/奇幻冒险/renoise-2085413325287080246--Style-Stylized-3D-cartoon-think-Luigi-s.md,
renoise-2085414881394864442,"A single continuous, unbroken hyper-speed camera flight through six radically…",,其他,,风景空镜,,en,Seedance 2.0,,,renoise-ai/awesome-seedance-prompts,https://github.com/renoise-ai/awesome-seedance-prompts/blob/904b6caffa21c2b114bb93e1bd0e37ba80b3dd10/data/prompts/2085414881394864442.json,CC-BY-4.0,Dev Khanna,https://x.com/CurieuxExplorer/status/2085414881394864442,True,"prompts/其他/风景空镜/renoise-2085414881394864442--A-single-continuous,-unbroken-hyper-spee.md","A single continuous, unbroken hyper-speed camera flight through six radically different painted worlds, each environment transforming flawlessly into the next without cuts.

The camera launches inches above a swirling Van Gogh-inspired night landscape, racing between thick spiralling brushstrokes, glowing stars and bending cypress trees as the painted ground ripples beneath it. It accelerates through a spinning star, which stretches into the fractured geometric streets of a Picasso-inspired Cubist city. Buildings, faces, roads and vehicles split into angular planes as the camera threads through impossibly narrow gaps at extreme speed.

The Cubist fragments explode outward and reform into a Basquiat-inspired neo-expressionist world of raw crowns, skeletal figures, handwritten symbols, scratched textures and electric colour. The camera punches directly through a painted skull, emerging into a Banksy-inspired monochrome street-art city where stencil figures, surveillance cameras, balloons, rats and torn concrete walls animate around it.

A spray-painted doorway tears open into a Leonardo da Vinci-inspired Renaissance workshop filled with flying anatomical sketches, mechanical wings, rotating gears, unfinished portraits and pages of mirrored handwriting. The camera dives through the spinning mechanism of a flying machine and erupts into a Salvador Dalí-inspired surreal desert filled with melting clocks, elongated shadows, floating objects and impossible architecture.

Speed increases continuously across every world. Each transition must be achieved through a matching object, shape, brushstroke or texture, with no visible cuts, pauses or black frames. In the final second, every painting, sketch, symbol, fragment and colour is pulled into a violent visual vortex. The entire history of art compresses into the word “ART” for a split second before exploding outward and consuming the frame in paint, ink, charcoal, canvas fibres and radiant colour.

15 seconds, extreme forward velocity, seamless six-world transformation, flawless visual continuity, dynamic motion blur, aggressive parallax, impossible camera movement, premium cinematic lighting, museum-quality textures, epic scale, surreal blockbuster energy, photorealistic materials fused with living paintings, high-end VFX, no text except the final word “ART,” no logos, no visible cuts."
renoise-2085416535871324198,"First-person police bodycam footage, midday, bright blue American sky, harsh…",,真人,现实向,生活与vlog,,en,Seedance 2.0,,,renoise-ai/awesome-seedance-prompts,https://github.com/renoise-ai/awesome-seedance-prompts/blob/904b6caffa21c2b114bb93e1bd0e37ba80b3dd10/data/prompts/2085416535871324198.json,CC-BY-4.0,TechieSA,https://x.com/TechieBySA/status/2085416535871324198,True,"prompts/真人/现实向/生活与vlog/renoise-2085416535871324198--First-person-police-bodycam-footage,-mid.md","First-person police bodycam footage, midday, bright blue American sky, harsh direct sunlight casting sharp shadows. Bodycam quality — slightly washed out colors, fisheye lens distortion, timestamp and battery percentage visible in top corner, small bodycam logo watermark. Feels exactly like real authentic police bodycam footage.

Setting: a quiet two-lane American road, flat suburban area, cracked asphalt. One sedan parked on the roadside. Heat shimmer on the road. No bystanders.

[Cut 1 — 0-4s]
Officer approaching male suspect near parked car, hand on holster, voice loud and firm: ""Hands where I can see them. Don't move."" Suspect raises both hands slowly, squinting in the bright sun.

[Cut 2 — 4-9s]
Gun drawn, aimed directly at suspect: ""GET ON THE GROUND! NOW!"" Suspect drops to knees then flat onto the hot asphalt.

[Cut 3 — 9-15s]
Bodycam looking down, knee on suspect's back, handcuffs clicking shut. Officer pulls suspect up by the arm, walks him to police cruiser, hand on head, shoved into back seat. Door slams. Cuts to black."
renoise-2085428157495283935,CAMERA:,,真人,现实向,时尚写真,,en,Seedance 2.0,link-only,hate,renoise-ai/awesome-seedance-prompts,https://github.com/renoise-ai/awesome-seedance-prompts/blob/904b6caffa21c2b114bb93e1bd0e37ba80b3dd10/data/prompts/2085428157495283935.json,CC-BY-4.0,Alpha Mom,https://x.com/YourAlphaMom/status/2085428157495283935,True,prompts/真人/现实向/时尚写真/renoise-2085428157495283935--CAMERA.md,
renoise-2085433231755694511,"Cùng một người phụ nữ Đông Á 24 tuổi, mặc đồ trắng,",,真人,现实向,时尚写真,,zh,Seedance 2.0,link-only,copyrighted-character,renoise-ai/awesome-seedance-prompts,https://github.com/renoise-ai/awesome-seedance-prompts/blob/904b6caffa21c2b114bb93e1bd0e37ba80b3dd10/data/prompts/2085433231755694511.json,CC-BY-4.0,John,https://x.com/john87445528/status/2085433231755694511,True,"prompts/真人/现实向/时尚写真/renoise-2085433231755694511--Cùng-một-người-phụ-nữ-Đông-Á-24-tuổi,-mặ.md",
renoise-2085440873702305807,Extreme macro on a large black alien eye filling the frame. Reflected in the…,,真人,特效向,科幻,,en,Seedance 2.0,,,renoise-ai/awesome-seedance-prompts,https://github.com/renoise-ai/awesome-seedance-prompts/blob/904b6caffa21c2b114bb93e1bd0e37ba80b3dd10/data/prompts/2085440873702305807.json,CC-BY-4.0,God's Way Foundation,https://x.com/godswayfoundinc/status/2085440873702305807,True,prompts/真人/特效向/科幻/renoise-2085440873702305807--Extreme-macro-on-a-large-black-alien-eye.md,"Extreme macro on a large black alien eye filling the frame. Reflected in the wet convex surface, the inverted face of a small boy, blinking. Camera pulls back in one continuous smooth move, revealing a tall grey alien crouched low, then a boy of about ten seated with his back against a massive tree trunk. Behind them a dense forest of enormous trees and vivid magenta and orange flowers, a smooth-hulled spacecraft resting on the forest floor in the deep background. The boy slowly raises his hand and rests it on the alien's cheek. The alien mirrors him, one long-fingered hand against the boy's face, then leans in and exhales a fine golden dust. The boy's body breaks apart into drifting golden particles that rise and scatter into the flowers, which brighten where they land. Empty tree trunk where he sat. Camera pushes back into extreme macro on the alien's eye. The boy's reflection is still there, blinking, alone. Shot on Arri Alexa 35, anamorphic lens, shallow depth of field, dappled sunlight through the canopy, volumetric god rays, dust motes suspended in air. No dialogue. 21:9."
renoise-2085446123968442871,Use the uploaded storyboard image as the master visual reference for the entire…,,真人,特效向,武侠打斗,,en,Seedance 2.0,,,renoise-ai/awesome-seedance-prompts,https://github.com/renoise-ai/awesome-seedance-prompts/blob/904b6caffa21c2b114bb93e1bd0e37ba80b3dd10/data/prompts/2085446123968442871.json,CC-BY-4.0,Super Producer Seth,https://x.com/SethCritchley/status/2085446123968442871,True,prompts/真人/特效向/武侠打斗/renoise-2085446123968442871--Use-the-uploaded-storyboard-image-as-the.md,"Use the uploaded storyboard image as the master visual reference for the entire video. Match its exact cinematic art style, character design, lighting, warm autumn color palette, facial features, clothing, proportions, park environment, composition quality, and overall look. The elderly hippie must remain perfectly consistent in every shot: long gray beard, weathered face, colorful headband, layered necklaces and bracelets, patched yellow shirt, patched blue jeans, barefoot, peaceful expression. The ninjas wear matte-black outfits with covered faces. Golden-hour sunlight, soft volumetric light, shallow depth of field, cinematic realism, highly detailed. No text, logos, subtitles, narration, or music. Natural ambience only: birds, breeze, rustling leaves, footsteps, cloth movement, impacts, whooshes, and falling leaves.
Scene 1 (0:00-0:02.5) – Wide cinematic shot. The old hippie peacefully performs slow, graceful tai chi in a quiet autumn park. Calm smile, relaxed breathing, leaves drifting through warm sunlight. Camera slowly dollies inward.
Scene 2 (0:02.5-0:05) – Bushes suddenly rustle behind him. Several black-clad ninjas silently emerge from the foliage and cautiously advance. The hippie remains completely calm, continuing his tai chi without panic. Camera subtly pans to reveal the threat.
Scene 3 (0:05-0:07.5) – Additional ninjas leap dramatically from the surrounding trees toward him in slow-motion transitioning into real-time. Dynamic camera tilt upward, then follows their descent. Flowing clothing, spinning leaves, strong motion blur.
Scene 4 (0:07.5-0:11.5) – Explosive, lightning-fast martial arts exchange. The hippie effortlessly redirects every attack using smooth tai chi movements with perfect timing and minimal effort. Elegant blocks, redirects, palm strikes, sweeps, dodges, and controlled kicks send attackers flying without graphic injury. Dynamic handheld camera, fast cinematic tracking, dramatic speed ramps, whip pans, realistic physics, crisp impacts, flying leaves, and cloth movement.
Scene 5 (0:11.5-0:13.5) – The action ends. All ninjas lie unconscious on the grass in various positions around the hippie. He stands peacefully in a relaxed tai chi stance as drifting leaves settle. Camera slowly circles him, emphasizing the quiet after the fight.
Scene 6 (0:13.5-0:15) – The hippie gently dusts off his hands, smiles with quiet satisfaction, casually turns, and walks away along the park path into the golden sunset as the camera lingers. Calm ambience returns with birds singing and leaves rustling. End on a peaceful cinematic wide shot."
renoise-2085490540473471372,Hand painted 2.5D urban anime short,,漫剧,现实向,剧情短片,2D日漫,en,Seedance 2.0,,,renoise-ai/awesome-seedance-prompts,https://github.com/renoise-ai/awesome-seedance-prompts/blob/904b6caffa21c2b114bb93e1bd0e37ba80b3dd10/data/prompts/2085490540473471372.json,CC-BY-4.0,Mike McLaughlin,https://x.com/Michael73320774/status/2085490540473471372,True,prompts/漫剧/现实向/剧情短片/renoise-2085490540473471372--Hand-painted-2.5D-urban-anime-short.md,"Hand painted 2.5D urban anime short
Texture painting
3D only as the base structure
Vibrating grease pencil outlines
Rough brush edges
Tense and Exhilarating atmosphere
Strong impact frames
Dynamic camera angles
Fast grounded action
No clean 3D polish

CHARACTER CONTINUITY: img-1
Location: img-2
0:00-0:05
Low angle tracking shot follows image one  walking confidently in circles around his back garden, holding a cigarette in one hand and his iPhone in another hand, the phone is connected to an ear pierce that is in his left ear.
0:05-0:08
Camera Movement: Slow cinematic push in from a medium shot to a closer portrait. Very gentle handheld motion, shallow depth of field
0:08-0:11
He pauses, breathes softly, smoke drifting between him and the camera. in a low, steady authoritative voice, he says: “You pushed the emergency button, what’s gone wrong?.”
0:11-0:13
Smoke curls slowly. He holds eye contact, silent."
renoise-2085511214881518066,"Cinematic hyper-realistic 3D CGI collectible-figurine render, like a…",,真人,特效向,动作大片,,en,Seedance 2.0,link-only,copyrighted-character,renoise-ai/awesome-seedance-prompts,https://github.com/renoise-ai/awesome-seedance-prompts/blob/904b6caffa21c2b114bb93e1bd0e37ba80b3dd10/data/prompts/2085511214881518066.json,CC-BY-4.0,PixieVerse,https://x.com/itsPixieVerse/status/2085511214881518066,True,prompts/真人/特效向/动作大片/renoise-2085511214881518066--Cinematic-hyper-realistic-3D-CGI-collect.md,
renoise-2085526633839243539,"Overall Style: Pixar-inspired cinematic animation, blockbuster-quality action…",,漫剧,特效向,战斗大招,3D卡通,en,Seedance 2.0,,,renoise-ai/awesome-seedance-prompts,https://github.com/renoise-ai/awesome-seedance-prompts/blob/904b6caffa21c2b114bb93e1bd0e37ba80b3dd10/data/prompts/2085526633839243539.json,CC-BY-4.0,Shami,https://x.com/ShamiWeb3/status/2085526633839243539,True,prompts/漫剧/特效向/战斗大招/renoise-2085526633839243539--Overall-Style-Pixar-inspired-cinematic-a.md,"Overall Style: Pixar-inspired cinematic animation, blockbuster-quality action, expressive emotional facial performances, dynamic camera work, dramatic golden-hour sunset lighting, realistic fire and smoke simulation, volumetric lighting, cinematic depth of field, IMAX composition, highly detailed environments, HDR, ultra-detailed 4K masterpiece.

Setting: An ancient cliffside fortress carved into towering mountains above a roaring waterfall valley, now devastated after battle. Cracked staircases, collapsed stone statues, burning banners hanging from shattered towers, broken walls, fires raging across the courtyard, thick black smoke rolling along the ground, glowing embers drifting through the air, distant explosions echoing through the valley, ash falling from a bruised orange sunset sky.

Heroine: A 22-year-old warrior with warm bronze skin, sharp sapphire-blue eyes, and long wavy auburn hair falling loose from a broken braid. Strikingly beautiful, strong-jawed, full-lipped, fierce-eyed even while battered. She wears a fitted obsidian-and-gold combat suit with a cracked chest plate, torn at the shoulder, scorched along one sleeve, black fingerless gloves, and combat boots. Her face is streaked with dirt and ash, a cut bleeds above her brow, her lip is split, and one eye is faintly swollen.

Civilian: A 23-year-old young man lying unconscious on the broken stone ground beside her. He has tousled dark brown hair, a lean build, and wears a plain charcoal-gray jacket, dark jeans, and worn brown boots — an ordinary civilian with no armor, no weapon, and no powers.

Villain — Odyssey: An ancient, towering warrior-king, nine feet tall, built like a mountain. His armor is scarred bronze-and-black plating that looks like weathered sea rock, fused with age and old battles. A tattered, wind-torn war-cloak drags behind him. His beard is long, gray, and braided with iron rings. One eye is clouded milky-white from an old wound; the other burns a molten gold. His voice is a slow, gravel-crushed growl — grumpy, heavy, weary of centuries, dripping with quiet contempt rather than theatrical menace. Every word he speaks sounds like stone grinding against stone.

PART 1 (0:00–0:15) — Aftermath

Cut 1 (0–4s): Wide establishing shot of the ruined fortress courtyard. A scorched watchtower groans and collapses in the background, crashing through a stone archway in a burst of sparks and rubble. A burning banner tears loose and drifts down through the smoke. Waterfalls thunder in the distance as embers swirl across the frame.

Cut 2 (4–8s): Extreme close-up on the heroine's face — ash-streaked skin, split lip, one sapphire eye swollen shut. Her hand trembles as it reaches across the broken stone toward the unconscious man beside her.

Cut 3 (8–12s): Medium shot as her fingers close tightly around his hand, her breath shaking.
Girl (breathless whisper): ""Not like this... I won't let it end like this.""

Cut 4 (12–15s): Sudden silence except for crackling fire. Then heavy, slow footsteps begin echoing through the ruins, each step shaking loose dust from the cracked stone.

PART 2 (0:15–0:30) — Odyssey Arrives

Cut 5 (15–19s): Low-angle shot as a massive shadow stretches across the broken staircase. Smoke parts. Odyssey steps through it, his cloak dragging over rubble, his molten gold eye catching the dying firelight.

Cut 6 (19–23s): Close-up on his weathered, scarred face as he stops just a few feet away, unbothered and towering.
Odyssey (low, gravel-heavy growl): ""That boy would'a left you bleedin' the second you fell. Don't waste your last breath on him.""

Cut 7 (23–27s): The heroine forces herself upright, legs shaking violently, jaw clenched with fury. She stumbles, catches her footing, and lunges at him with a raw scream.

Cut 8 (27–30s): Slow motion — Odyssey barely raises one massive hand and backhands her aside without effort. She's hurled across the courtyard, crashing through a crumbling stone pillar in an explosion of dust and sparks.

PART 3 (0:30–0:45) — The Stand and the Charge

Cut 9 (30–32s): Starts on the exact last frame of Part 2 — the heroine mid-air, just having crashed through the stone pillar in an explosion of dust and sparks. The camera holds through impact as she lands hard on her back, no cut. She lies flat, gasping for air, staring up at the smoke-filled sky. Slowly, painfully, she rolls onto her side, coughing, one arm trembling as it pushes against the broken stone.
Odyssey (grumbling, almost pitying, low resonance): ""There it is. Strength don't beg, girl.""

Cut 10 (32–35s): Close-up on her hand pressed flat against the ground, fingers curling slowly into a fist. She lifts her head toward the unconscious man beside her, eyes hardening with resolve, breath still ragged and audible.

Cut 11 (35–38s): She braces against the rubble and drags herself up — first to one knee, then fully upright — swaying but standing, planting her feet firmly between Odyssey and the unconscious man. Wind whips embers around her.
Girl (steady, low, panting between words): ""I'm still standing... (gasp)... that's the difference.""

Cut 12 (38–40s): Odyssey's cracked lips curl into a grim, weary smirk, his molten eye narrowing.
Odyssey (heavy, final growl, drawn out): ""Then... fall. Like all. The rest.""

Cut 13 (40–42.5s): Both explode into a full-speed head-on charge toward each other, dust kicking up from their feet. Camera whip-pans hard to follow the closing distance, fire roaring on either side, debris flying through the air. A half-beat slow-motion moment as the gap closes to just a few feet — her scream, his snarl, both faces lit by firelight.

Cut 14 (42.5–45s): Extreme close-up, the final half-step before contact — her fist cocked back, knuckles tightening, every muscle in her arm locked and driving forward. Odyssey's chest fills the frame, the cracked seam glowing faint orange from the heat of battle. Freeze on the very edge of impact, fist barely grazing the seam, sparks just beginning to flare.

PART 4 (0:45–1:00) — The Fall and the Aftermath

Cut 15 (45–46.5s): Impact — full weight. Her fist connects square on the cracked seam. Hard screen shake. The camera punches in violently on the moment of contact — a visible shockwave ripples through his chest plate, his entire massive frame jolts backward, cloak snapping from the force, dust exploding off his shoulders and cape. Sparks and shattered metal fragments burst outward in slow motion, catching the sunset light. His head snaps back, jaw clenched, one foot dragging a deep groove into the stone as he's driven backward.

Cut 16 (46.5–48s): Odyssey staggers, off-balance, his massive frame swaying like a felled tree deciding which way to fall. The crack in his armor splits wide open with a deep, echoing metallic groan. His molten eye goes wide with genuine shock and disbelief.

Cut 17 (48–49.5s): He drops — first buckling at one knee, the impact of his own weight hitting the ground sending a visible tremor through the loose rubble and dust around him, then the other knee follows. A final large chunk of his shoulder plating breaks loose and clatters across the stone. The mighty warrior-king kneels before her, head bowed, breath ragged, brought low for the first time in centuries.

Cut 18 (49.5–52s): Low-angle shot from behind Odyssey's kneeling frame, looking up at the heroine standing over him. Her chest heaves, one hand still trembling from the force of the blow, hair whipping in the wind. Ash and embers drift slowly through the frame, backlit by the burning sunset sky.

Cut 19 (52–54.5s): Wide shot pulling slowly back — the full scale of the ruined courtyard, the waterfall roaring in the distance, the fires beginning to die down to a low, glowing crackle. The heroine, small against the massive fallen villain and the shattered fortress, turns her head slightly toward the unconscious man behind her.

Cut 20 (54.5–57s): Medium shot — she lowers herself down beside him, still breathing hard, and rests a bloodied hand gently on his chest, checking he's still breathing. A faint, exhausted smile crosses her face.

Cut 21 (57–1:00): Close-up on her face, lit by the fading orange light, embers drifting past in slow motion, a strand of auburn hair caught in the wind. Her eyes soften from fierce resolve into quiet relief. Hold on a freeze frame with subtle micro-motion — her chest slowly rising and falling, the last flicker of firelight reflected in her eyes. Background score swells gently, then fades out slowly under the frozen image before the screen fades to black."
renoise-2085558314054893713,Two characters charge into a chaotic fight. Fast-paced action. 13 different…,,真人,特效向,武侠打斗,,en,Seedance 2.0,,,renoise-ai/awesome-seedance-prompts,https://github.com/renoise-ai/awesome-seedance-prompts/blob/904b6caffa21c2b114bb93e1bd0e37ba80b3dd10/data/prompts/2085558314054893713.json,CC-BY-4.0,WHORANGE,https://x.com/whorange__/status/2085558314054893713,True,prompts/真人/特效向/武侠打斗/renoise-2085558314054893713--Two-characters-charge-into-a-chaotic-fig.md,Two characters charge into a chaotic fight. Fast-paced action. 13 different camera angles
renoise-2085561508122239035,15-Second Cinematic Noise-Cancellation Commercial,,其他,,广告带货,,en,Seedance 2.0,,,renoise-ai/awesome-seedance-prompts,https://github.com/renoise-ai/awesome-seedance-prompts/blob/904b6caffa21c2b114bb93e1bd0e37ba80b3dd10/data/prompts/2085561508122239035.json,CC-BY-4.0,Jessica Collins,https://x.com/AIwithJessica/status/2085561508122239035,True,prompts/其他/广告带货/renoise-2085561508122239035--15-Second-Cinematic-Noise-Cancellation-C.md,"15-Second Cinematic Noise-Cancellation Commercial
16:9, real-time playback, hard cuts only at listed timestamps, no slow motion.

REFERENCE LOCK
@img1 is the sole reference for the headphones. Preserve exact colour (light powder-blue), mesh headband, aluminium-finish earcups, telescoping arms, ear cushions, hinge/logo detail, materials and proportions exactly as shown. Do not invent extra branding, alter the colour, or change earcup shape. Identical across every shot.

CHARACTER LOCK
MAIN CHARACTER — Jessy: woman, early-to-mid 30s, wearing a cream oversized sweater, black joggers, white sneakers. Small grey carry-on beside her chair.

BOYFRIEND: man, early 30s, navy bomber jacket, white T-shirt, beige trousers, black backpack.
GIRLFRIEND (arguing pair, background): woman, late 20s, deep-red trench coat, black travel outfit, silver cabin suitcase.

LOCATION
Premium international airport departure lounge at night. Panoramic windows overlook a rain-covered runway with taxiing aircraft. Cool blue terminal light, warm lounge lamps, polished floors, modern grey seating. No readable signage, logos, or airline branding.

0.0–3.2s — Loud Airport Chaos
Wide front shot, 35mm. Jessy asleep in a lounge chair, head tilted against the headrest. The @img1 headphones rest on the seat beside her hand; carry-on at her feet. ~5m behind her, the girlfriend drags her suitcase past while the boyfriend follows, shouting loudly — never touching her. She turns and shouts back repeatedly as they pass the windows. Audio: overlapping male/female shouting, airport announcements, suitcase wheels, distant crying baby, aircraft hum, rain on glass — all very loud.

3.2–5.0s — She Wakes
Medium three-quarter close-up. Jessy jolts awake, head lifts toward the couple. Irritated expression — narrowed eyes, tight jaw, brief temple rub. Noise still at full volume.

5.0–6.5s — Headphones Discovered
Close product shot. Her hand enters frame, grips the mesh headband correctly, lifts the @img1 headphones. Earcups rotate only within realistic mechanical range. Arguing couple blurred and audible in background.

6.5–8.2s — Noise Cancellation Activates
Medium side-profile. Jessy sits upright, holds the headphones with both hands, expands the headband naturally, places them correctly over both ears — left earcup on left ear, right on right, hinge/logo correctly oriented. At the exact frame both cushions seal, all sound cuts instantly. One brief low-frequency pressure-drop, then absolute silence — no argument, announcements, wheels, aircraft, or rain.

8.2–11.3s — Silent Argument and Slap
Over-the-shoulder shot from behind Jessy, one earcup visible in foreground. Couple continues arguing visually by the windows — completely silent. Girlfriend stops, turns, shouts silently, delivers one realistic open-handed slap. Boyfriend recoils, shocked, resumes silent gesturing — never retaliates. A passerby glances over. Total silence throughout.

11.3–13.2s — Peace Restored
Tight three-quarter close-up. Jessy watches the silent chaos, gives a subtle satisfied smile, reclines and closes her eyes. Headphones remain prominently visible and correctly positioned. Silence continues.

13.2–15.0s — Final Frame
Wide symmetrical shot. Jessy sleeps peacefully wearing the @img1 headphones in the foreground; the couple's silent argument continues in the background; an aircraft taxis through rain outside. Gentle backward dolly, clean negative space above Jessy for end-card text.

AUDIO DIRECTION
0.0–8.2s: couple's shouting dominates announcements, luggage wheels, crying baby, rain and aircraft noise. At the exact seal moment: one brief pressure-drop, then immediate absolute silence. 8.2–15.0s: no voices, slap sound, announcements, ambience, aircraft, rain, music, or effects of any kind.

VISUAL STYLE
Ultra-realistic premium consumer-electronics/travel commercial. Natural skin texture, accurate hands, realistic airport lighting, physically correct luggage movement, restrained performances, clean product reflections.

GLOBAL CONSTRAINTS
No changing headphone colour/design, no extra headphones, no incorrect earcup orientation, no distorted headband, no clipping through hair, no invented logos, no malformed hands, no character/clothing changes, no boyfriend touching/attacking the girlfriend, no repeated slaps or injuries, no exaggerated comedy, no disappearing luggage, no readable airport text or airline branding, no audible sound after the seal point, no subtitles, watermark, or slow motion."
renoise-2085572952137850974,[REFERENCE CONTROL],,漫剧,现实向,日常治愈,绘画风,en,Seedance 2.0,,,renoise-ai/awesome-seedance-prompts,https://github.com/renoise-ai/awesome-seedance-prompts/blob/904b6caffa21c2b114bb93e1bd0e37ba80b3dd10/data/prompts/2085572952137850974.json,CC-BY-4.0,ManuAGI 🤖 - ( ManuIn ),https://x.com/ManuAGI01/status/2085572952137850974,True,prompts/漫剧/现实向/日常治愈/renoise-2085572952137850974--REFERENCE-CONTROL.md,"[REFERENCE CONTROL]

Use the uploaded storyboard image as the primary visual reference for story structure, character design, costume design, environment, emotional progression, and shot order.

At 0.00 seconds, fully reference the storyboard image and preserve:
- Nino: toddler boy, round cheeks, bright curious eyes, messy short brown curls, striped long-sleeve shirt, mustard-yellow overalls, tiny blue artist pocket/pouch, small body proportions, cheerful and confident personality
- Uncle Theo: young adult man, warm friendly face, soft brown hair, short fluffy beard, cozy mauve/rose lounge sweater, sleeping on the couch, calm and gentle
- Pickle: small green parrot, light yellow-green belly, oversized expressive eyes, tiny crest feathers, dramatic reaction personality
- Warm cozy living room: couch, blanket, side table, framed wall art, plant, soft indoor warm light, craft basket, paper moustache, blush dots, star glasses, toy crown, yarn loops, glitter cape
- Soft storybook watercolor and pencil animation style
- Family-friendly warm comedic tone

Preserve the exact core story progression from the storyboard.
Do not turn this into a different story.
Do not add extra main characters.
Do not change outfits, ages, or identities.

[VIDEO GOAL]

Create a polished 15-second 16:9 widescreen 2D animated short in a soft storybook watercolor style based on the storyboard.
The tone is cozy, playful, escalating comedy.
This is Part 1 only.
The story ends before the full makeover reveal.
The final beat must be the glitter cape cliffhanger.

[IDENTITY LOCKS]

Nino remains exactly the same in every shot:
- toddler boy
- brown curly hair
- round face
- striped shirt
- mustard overalls
- small proportions
- innocent but proud expression

Uncle Theo remains exactly the same in every shot:
- young adult male
- soft brown hair
- short fluffy beard
- cozy mauve sweater
- asleep throughout Part 1
- calm facial expression except slight sleep reactions
- never fully wakes up in Part 1

Pickle remains exactly the same in every shot:
- small green parrot
- yellow-green belly
- big round expressive eyes
- tiny crest feathers
- increasingly dramatic panic reactions

[WORLD / PERFORMANCE RULES]

- Uncle Theo stays asleep during the entire video
- Nino behaves like a tiny proud stylist creating a masterpiece
- Pickle behaves like a dramatic panic reaction character trying to stop the makeover
- All actions are harmless and playful
- No dangerous tools
- No violence
- No frightening expressions
- No horror
- No realism; keep charming stylized 2D cartoon acting
- Strong facial expressions and readable posing
- Preserve the warm watercolor look and cozy indoor lighting
- Use fluid cinematic editing based on the storyboard, not 15 hard disconnected cuts
- Combine nearby storyboard beats into smooth cinematic sequences

integrated_multimodal_description:

[Shot 1] (0.00s–2.50s)
Start with a warm wide establishing shot of the cozy living room.
Uncle Theo is asleep on the couch under soft indoor light, one arm relaxed, breathing gently.
Pickle rests on the couch back, calm but alert.
Nino enters from the side carrying a colorful craft basket almost as big as his torso.
He tiptoes with exaggerated care, then stops near Theo and looks up at him.
Nino’s eyes brighten and he raises one finger with a brilliant idea.
Camera: slow gentle push-in from wide shot to medium shot, then slight pan following Nino.
Performance: Theo peaceful and unaware, Nino curious then delighted, Pickle only mildly suspicious.
Dialogue:
- Nino (whisper, excited): <d>[English] Ohhh... I know! Uncle Theo needs a fancy makeover.</d>
Sound effects:
- soft room ambience
- gentle sleepy breathing
- tiny footstep taps
- basket rustle
- light fabric movement
- faint wooden floor creak

[Shot 2] (2.50s–5.20s)
Nino climbs carefully onto the couch cushion and moves close to Theo’s face.
He presses a paper moustache onto Theo’s upper lip with great concentration.
Then he adds round pink blush dots to Theo’s cheeks.
Theo’s face barely reacts, but he remains fully asleep.
Pickle notices the moustache and begins to look alarmed.
Camera: medium close shot from Nino’s side, then cut to a closer angle on Theo’s face as the moustache and blush are added.
Performance: Nino focused and proud, Theo sleepily still, Pickle growing worried.
Dialogue:
- Nino (soft whisper): <d>[English] Perfect moustache... and a little rosy charm.</d>
- Pickle (small worried squawk): <d>[English] Squawk? ...No, no, no...</d>
Sound effects:
- paper stick-on sound
- tiny pat pat sound for blush dots
- soft sleepy snore
- parrot chirp
- couch fabric shifting

[Shot 3] (5.20s–7.50s)
Nino lifts cardboard star-shaped glasses and gently places them on Theo.
As soon as the glasses go on, Pickle’s eyes pop wide open and his feathers puff up.
Cut to a strong comedic reaction close-up of Pickle in total silent horror.
Camera: close-up on Nino placing the glasses, then fast comedic cut-in to Pickle reaction close-up.
Performance: Nino delighted, Pickle shocked and dramatic.
Dialogue:
- Nino (proud whisper): <d>[English] Now for the star glasses. Very stylish.</d>
- Pickle (panicked squawk): <d>[English] Squaaawk! This is bad! Very bad!</d>
Sound effects:
- light cardboard placement sound
- magical tiny sparkle twinkle as the glasses settle
- sudden comic reaction sting made from a tiny gasp-like chirp
- fluttering feathers

[Shot 4] (7.50s–10.20s)
Pickle launches into action and flutters urgently toward Theo, tapping at his shoulder and sleeve, trying to wake him up.
Theo only snores softly and shifts a tiny bit without waking.
Meanwhile Nino reaches happily into the craft basket and pulls out a toy crown.
Pickle looks from Theo to Nino in helpless panic.
Camera: dynamic medium shot with Pickle fluttering across frame, then slight rack focus to Nino pulling out the crown.
Performance: Pickle frantic, Nino calm and delighted, Theo still deeply asleep.
Dialogue:
- Pickle (fast anxious squawking): <d>[English] Wake up! Wake up! Emergency! Fashion emergency!</d>
- Nino (whisper, cheerful): <d>[English] Ooo... yes. A crown. Much better.</d>
Sound effects:
- frantic wing flaps
- little tapping on sweater
- louder but still gentle snore
- basket rummaging
- tiny crown jingle

[Shot 5] (10.20s–12.80s)
Nino places the toy crown on Theo’s head.
Then he decorates Theo’s beard and sweater area with colorful yarn loops and little paper stars.
Theo now looks increasingly silly, but still not fully revealed as the final masterpiece.
Pickle tries sabotaging the process by tugging at the basket handle or a yarn strand, but it does not work.
Camera: medium close shot with gentle side movement, then a small insert shot of Pickle pulling the basket.
Performance: Nino proud and focused, Pickle desperate and losing hope, Theo peaceful.
Dialogue:
- Nino (whispering proudly): <d>[English] A royal touch... and more details. Every artist needs details.</d>
- Pickle (strained, flapping): <d>[English] Stop! Stop! This has gone too far!</d>
Sound effects:
- soft placement of crown
- yarn slipping and bouncing
- paper stars rustling
- parrot tugging/grunting chirps
- basket scrape
- soft couch movement

[Shot 6] (12.80s–15.00s)
Pickle slumps in defeat on the couch cushion, exhausted and hopeless.
Nino digs deep into the craft basket with growing excitement.
Then with a dramatic flourish, he lifts a huge sparkling glitter cape up into frame.
The cape unfolds with a shimmering wave.
Pickle freezes in absolute horror, eyes huge, beak open.
Hold on this cliffhanger moment.
Do not continue into the full reveal.
End here.
Camera: start medium on defeated Pickle, then tilt and push toward Nino as he raises the glitter cape, finishing on a dramatic held frame.
Performance: Nino thrilled and triumphant, Pickle horrified, Theo still asleep.
Dialogue:
- Nino (gasping with joy): <d>[English] Ah-ha! The final piece!</d>
- Pickle (tiny horrified whisper): <d>[English] ...Oh no.</d>
Sound effects:
- little defeated parrot sigh
- basket rummage
- big soft glitter-fabric whoosh
- tiny sparkle shimmer
- final comic sting
- gentle snore continuing underneath

audio_description:
Warm indoor room tone throughout.
Soft couch fabric movement, basket rustle, paper craft sounds, yarn movement, cardboard prop sounds, parrot wing flaps, chirps, comic squawks, sleepy breathing, quiet snores, tiny sparkles on crown/glasses/cape moments.
Dialogue should be clear, light, charming, and synchronized to the characters.
Nino’s voice:"
renoise-2085575144668270810,The setting/location is inside an electric train that is in motion with…,,真人,特效向,武侠打斗,,en,Seedance 2.0,,,renoise-ai/awesome-seedance-prompts,https://github.com/renoise-ai/awesome-seedance-prompts/blob/904b6caffa21c2b114bb93e1bd0e37ba80b3dd10/data/prompts/2085575144668270810.json,CC-BY-4.0,Gilbert Odera | Your AI Plug,https://x.com/yourPlugAI/status/2085575144668270810,True,prompts/真人/特效向/武侠打斗/renoise-2085575144668270810--The-setting-location-is-inside-an-electr.md,"The setting/location is inside an electric train that is in motion with passengers inside. The train is running on its rail that is cutting across the desert. The camera recording starts from outside above the train recording it moving in lightening speed at 360° then we start dolly-in fast and then slows down as it enters into one of the train coaches with a few passengers, then cuts to one side of the door where the door is kicked and open with a bang, a japanese woman is being chased by a group of 5 to 7 men, but when she reaches the other end of the coach, instead of continuing to run, she stops then turns aroumd to face the 5 to 7 thugs who were chasing her, suddenly she make a Kungfu pose and boom they start to fight.... the japanese woman who is good in kungfu amd kickboxing deals with them thoroughly breaking there limps and they are crying with some funny painful sounds, then cuts to above the train on the ceiling from outside another group of 2 men who she also deals with them, it ends while she looking at the camera"
renoise-2085581346358137077,"CHARACTER Young Japanese woman, early 20s. Oversized dark navy crewneck…",,真人,现实向,生活与vlog,,en,Seedance 2.0,,,renoise-ai/awesome-seedance-prompts,https://github.com/renoise-ai/awesome-seedance-prompts/blob/904b6caffa21c2b114bb93e1bd0e37ba80b3dd10/data/prompts/2085581346358137077.json,CC-BY-4.0,Shore Lyn,https://x.com/Shorelyn_/status/2085581346358137077,True,"prompts/真人/现实向/生活与vlog/renoise-2085581346358137077--CHARACTER-Young-Japanese-woman,-early-20.md","CHARACTER Young Japanese woman, early 20s. Oversized dark navy crewneck sweatshirt, mid-thigh denim shorts, worn white low-top sneakers. Dark black hair in casual high ponytail, loose strands falling across face. Realistic skin visible pores, natural shine.

ONLY person visible. Zero drift.
She walks toward camera with full blogger energy one hand gesturing out wide. Chin up. Big confident smile.

SCENE 00:00-00:04
Performing hard for the camera.
""Welcome to one of Tokyo's most ICONIC hidden gems-""
Glances around at the completely unremarkable lane. Energy drops instantly. Deadpan:
""...it's my street.""

SCENE 00:04-00:09
Blogger persona abandoned. Points at dead dry plant casually.
""That plant has been dead for literally my entire life. It's like a landmark at this point.""
Small genuine laugh. ""We'd be lost without it honestly.""

SCENE 00:09-00:13 Slows down. Looks up at dense tangle of power lines. Forgets camera.
""I don't know. I always thought I'd leave this street.""
Looks back down. Small shrug. Half smile. ""Still here though.""

SCENE 00:13-00:15
Turns, walks away. Raises one hand in lazy wave. Doesn't look back.
""Follow for more.""
Hard cut to black. Mid-step. Mid-breath. No warning.
Full lipsync on every line MiniDV grain No subtitles No music
No narration"
renoise-2085584596041941450,A futuristic luxury beauty commercial featuring a premium black-and-gold…,,其他,,广告带货,,en,Seedance 2.0,link-only,sexual,renoise-ai/awesome-seedance-prompts,https://github.com/renoise-ai/awesome-seedance-prompts/blob/904b6caffa21c2b114bb93e1bd0e37ba80b3dd10/data/prompts/2085584596041941450.json,CC-BY-4.0,Calira,https://x.com/CaliraVal/status/2085584596041941450,True,prompts/其他/广告带货/renoise-2085584596041941450--A-futuristic-luxury-beauty-commercial-fe.md,
renoise-2085633290858360894,The climb,,真人,现实向,生活与vlog,,en,Seedance 2.0,,,renoise-ai/awesome-seedance-prompts,https://github.com/renoise-ai/awesome-seedance-prompts/blob/904b6caffa21c2b114bb93e1bd0e37ba80b3dd10/data/prompts/2085633290858360894.json,CC-BY-4.0,DeCat,https://x.com/DeCat2025/status/2085633290858360894,True,prompts/真人/现实向/生活与vlog/renoise-2085633290858360894--The-climb.md,"The climb

[0-5s] Wide shot, a climber's left hand suddenly slips off the rock face, body swinging hard, now hanging by only the right hand hundreds of feet above the ground, fingers straining against the hold

[5-10s] Close-up, climber's face contorts with effort, left arm flailing to find purchase, fingers scraping the rock - after a tense beat, left hand finds a crack and locks in, both hands now gripping, body stabilizing

[10-15s] Extreme close-up on climber's face, one bead of sweat forms and releases from his jaw, tracking shot following the drop at full speed as it falls past the rock face and plunges into the misty abyss below
One subject only, harsh daylight, real-time continuous motion on the falling drop (no slow-motion), gritty texture, tense handheld shake on shots 1-2, steady tracking shot on shot 3, ambient wind audio, strained breathing audio"
renoise-2085637600572997956,"extremely fast-paced, cinematic, ultra high quality anime-style FPV flight…",,其他,,风景空镜,,en,Seedance 2.0,,,renoise-ai/awesome-seedance-prompts,https://github.com/renoise-ai/awesome-seedance-prompts/blob/904b6caffa21c2b114bb93e1bd0e37ba80b3dd10/data/prompts/2085637600572997956.json,CC-BY-4.0,Shushant Lakhyani,https://x.com/shushant_l/status/2085637600572997956,True,"prompts/其他/风景空镜/renoise-2085637600572997956--extremely-fast-paced,-cinematic,-ultra-h.md","extremely fast-paced, cinematic, ultra high quality anime-style FPV flight through the misty Himalayan peaks at sunrise. Begin just above the clouds, then weave at breathtaking speed between towering snow covered mountains, sharp rocky ridges, cascading waterfalls, alpine forests, hidden glacial lakes, and drifting golden mist. The rising sun casts warm golden light across the landscape with dramatic volumetric rays, soft clouds, and glowing atmospheric haze. Capture a vibrant, handcrafted anime aesthetic with rich colors, dynamic lighting, fluid motion, and breathtaking environmental detail inspired by premium anime films. The camera movement must be perfectly smooth, continuous, immersive, and physically believable. No camera cuts, no scene changes, no transitions, no interruptions. The entire sequence must be one continuous single take FPV shot with seamless forward motion from beginning to end. Ultra cinematic composition, high energy, epic scale, realistic environmental physics, spectacular sunrise lighting, and a majestic sense of speed and adventure"
renoise-2085666532181381570,"Inside a sandy desert terrarium with dried branches and a small cactus, a large…",,其他,,动物萌宠,,en,Seedance 2.0,,,renoise-ai/awesome-seedance-prompts,https://github.com/renoise-ai/awesome-seedance-prompts/blob/904b6caffa21c2b114bb93e1bd0e37ba80b3dd10/data/prompts/2085666532181381570.json,CC-BY-4.0,AIVersePlay,https://x.com/AIVersePlay/status/2085666532181381570,True,prompts/其他/动物萌宠/renoise-2085666532181381570--Inside-a-sandy-desert-terrarium-with-dri.md,"Inside a sandy desert terrarium with dried branches and a small cactus, a large hairy tarantula and an orange scorpion converge on a piece of raw pink meat placed on the substrate. They grapple over the food in a tense confrontation. Warm overhead lighting, extreme macro close-up, nature-documentary tension, detailed textures of chitin and sand."
renoise-2085669173728788906,Theme: Futuristic corporate sci-fi — a businesswoman's hovercar lands on a city…,,真人,特效向,科幻,,en,Seedance 2.0,,,renoise-ai/awesome-seedance-prompts,https://github.com/renoise-ai/awesome-seedance-prompts/blob/904b6caffa21c2b114bb93e1bd0e37ba80b3dd10/data/prompts/2085669173728788906.json,CC-BY-4.0,Abkr Sadiq,https://x.com/abs_uiux/status/2085669173728788906,True,prompts/真人/特效向/科幻/renoise-2085669173728788906--Theme-Futuristic-corporate-sci-fi-—-a-bu.md,"Theme: Futuristic corporate sci-fi — a businesswoman's hovercar lands on a city sidewalk and transforms into a backpack
Visuals: Overcast daytime metropolis, tall glass skyscrapers, grey-tiled sidewalk, dark building canopy with revolving glass doors, sleek metallic purple wheel-less hovercar with a glowing neon purple-white hover ring, a young man (main character), contemporary pedestrians in the background holding up smartphones to record
Camera: Wide establishing shot tracking the hovercar's approach above traffic, then a stable medium shot for the landing and transformation, finally a smooth tracking shot from behind following the woman as she walks away toward the building entrance
Style: Photorealistic sci-fi, cyberpunk-lite, sleek corporate futurism, cool desaturated urban palette with vibrant metallic purple accents, cinematic and awe-inspiring
Action + Sound Design:
The metallic purple hovercar flies smoothly down the street above the traffic, its glowing hover ring emitting a low futuristic whoosh, and lands gently on the wide pedestrian sidewalk under the building canopy The vehicle's top canopy door opens upward with a precise hydraulic hiss The man in the black business suit steps out elegantly from the car and land on the pavement, he stands beside the vehicle, raises his left wrist, and taps the glowing red smartwatch — a soft digital chime rings out The entire hovercar rapidly folds and compresses in a seamless mechanical transformation, shrinking into a compact floating metallic purple backpack with glowing accents, accompanied by crisp sci-fi folding mechanics and a powering-down hum The man reaches out, grabs the floating backpack, and swings it onto his shoulders he turns and walks confidently toward the revolving glass doors while pedestrians in the background hold up their smartphones to capture the moment, the camera tracking smoothly behind him as city ambience and faint amazed murmurs fill the background"
renoise-2085677344422039989,CAMERA,,真人,特效向,奇幻怪兽,,en,Seedance 2.0,,,renoise-ai/awesome-seedance-prompts,https://github.com/renoise-ai/awesome-seedance-prompts/blob/904b6caffa21c2b114bb93e1bd0e37ba80b3dd10/data/prompts/2085677344422039989.json,CC-BY-4.0,Maercih,https://x.com/Maercihh/status/2085677344422039989,True,prompts/真人/特效向/奇幻怪兽/renoise-2085677344422039989--CAMERA.md,"CAMERA
Third person cinematic tracking camera with ultra realistic handheld movement. The camera follows closely behind the survivor with natural operator shake, realistic running vibrations, subtle motion blur, occasional whip pans, and authentic lens breathing. Every shot feels like a real cameraman sprinting through the building while trying to keep up. Smooth but imperfect movement with believable inertia.

LOOK
Ultra photorealistic survival horror. Gritty abandoned office interiors illuminated by flickering fluorescent lights and emergency exit signs. Volumetric dust, realistic shadows, cinematic contrast, subtle film grain, HDR lighting, physically accurate materials, damp concrete floors, broken glass, smoke drifting through hallways.

STYLE
Grounded Hollywood survival thriller. Claustrophobic, tense, immersive, fast paced, realistic. Inspired by modern zombie films without stylized action or exaggerated cinematography.

CHARACTER
@Image1

A terrified young American woman in her early 20s with long messy black hair, pale skin, expressive brown eyes, and natural features. She wears oversized dark streetwear consisting of a loose black hoodie, baggy cargo pants, and worn sneakers. Sweat covers her face, her hair sticks to her forehead, and her breathing is heavy from exhaustion. She remains the exact same person with identical clothing, hairstyle, facial features, proportions, and accessories throughout every shot.

SETTING
A massive abandoned office building with endless corridors, shattered glass partitions, overturned desks, scattered paperwork, abandoned elevators, emergency stairwells, exposed ceiling pipes, flickering fluorescent lights, smoke filled hallways, damaged ceiling tiles, and dim emergency lighting.

ZOMBIES
Dozens of aggressive infected humans with pale skin, torn office clothing, blood stains, frantic sprinting animations, violent movements, and realistic anatomy. They move with terrifying speed while remaining physically believable. No mutations, monsters, or fantasy creatures.

STORYBOARD (15s, 6 cuts)

(~0 to 2.5s, Rear Tracking)
The camera races closely behind the survivor as she sprints through a long abandoned office corridor. Emergency lights flash overhead while her heavy breathing echoes through the empty building. Zombie screams and pounding footsteps grow louder behind her. Natural handheld camera shake from the operator running.

(~2.5 to 5s, Front Tracking)
The camera runs backward in front of her, capturing genuine panic on her face. Tears mix with sweat as she gasps for air. Behind her, dozens of infected burst through shattered office doors and flood into the hallway, knocking over furniture while closing the distance.

(~5 to 7.5s, Side Tracking)
The camera keeps pace beside her as she crashes through an open office, weaving around overturned desks and broken chairs before vaulting over a fallen filing cabinet. The infected climb over furniture, smash through glass partitions, and continue chasing only a few meters behind.

(~7.5 to 10s, Over the Shoulder)
The camera shifts just behind her shoulder as she slams open a heavy fire door into a dim concrete stairwell. The infected swarm through the doorway behind her, their screams echoing throughout the building while footsteps thunder down the stairs.

(~10 to 12.5s, Close Tracking)
She bursts into another corridor lined with abandoned cubicles and flickering fluorescent lights. An infected suddenly lunges from a side office, barely missing her before crashing violently into a wall. The camera jolts realistically as the operator narrowly avoids the collision while continuing the chase.

(~12.5 to 15s, Wide Tracking)
The survivor reaches a reinforced security door and throws herself through before slamming it shut. Seconds later, the infected horde crashes into the metal door with overwhelming force. The door rattles violently as dozens of hands pound against it. Dust falls from the ceiling while she collapses against the door, breathing heavily. The camera slowly pulls back as the pounding continues. Cut to black.

CONSISTENCY RULES
Maintain the exact same female survivor, clothing, hairstyle, facial features, body proportions, and accessories throughout every shot. Keep the same abandoned office building layout, lighting, debris, and atmosphere. Zombies must remain consistent in appearance and behavior. Camera movement must always feel handheld and physically believable. Running speed, lighting direction, shadows, and environmental details remain continuous across all cuts.

NEGATIVE PROMPTS
Male survivor, outdoor scenes, daylight, streets, cars, first person POV, drone shots, floating camera, superhero action, slow zombies, cartoon style, anime, CGI appearance, AI artifacts, duplicated characters, deformed anatomy, mutated monsters, impossible building layouts, unrealistic explosions, magical effects, excessive gore, text overlays, subtitles, logos, watermarks, inconsistent clothing, changing hairstyles, changing faces."
renoise-2085687146019733578,"Create a fast-paced, photorealistic cinematic montage set at a luxurious…",,其他,,广告带货,,en,Seedance 2.0,,,renoise-ai/awesome-seedance-prompts,https://github.com/renoise-ai/awesome-seedance-prompts/blob/904b6caffa21c2b114bb93e1bd0e37ba80b3dd10/data/prompts/2085687146019733578.json,CC-BY-4.0,BMX,https://x.com/bmx_ai13/status/2085687146019733578,True,"prompts/其他/广告带货/renoise-2085687146019733578--Create-a-fast-paced,-photorealistic-cine.md","Create a fast-paced, photorealistic cinematic montage set at a luxurious tropical beach club, filmed with a 35mm lens under bright summer sunlight. Open with a young, smiling woman wearing a vibrant orange one-shoulder swimsuit, standing waist-deep in a crystal-clear turquoise swimming pool. She playfully balances and guides a floating serving tray filled with premium orange liquor bottles and chilled glasses. Sunlight reflects across the water, creating shimmering highlights and soft anamorphic lens flares. Cut rapidly between energetic beach-club moments: resort guests warmly hugging, laughing, and dancing beneath a traditional thatched palapa roof on soft white sand. Use dynamic handheld tracking shots, whip pans, speed ramps, and shallow depth of field to create the feeling of a stylish K-pop summer music video. A tattooed DJ wearing a black shirt and cap performs behind modern professional decks. Capture detailed close-ups of his hands adjusting controls, spinning jog wheels, and moving rhythmically with the music. Transition into an extreme macro shot of sparkling wine being poured into an oversized crystal glass filled with ice. The bubbles rise in slow motion as sunlight passes through the liquid. Bright orange liquor is then measured into a polished metal jigger and poured into the glass, producing golden reflections, glowing droplets, and intense natural lens flares. At the exact moment the orange liquor touches the sparkling wine, introduce a dramatic time-freeze sequence. Every guest, water droplet, floating ice cube, strand of hair, cocktail splash, and piece of confetti becomes completely suspended in mid-air. The camera continues moving smoothly through the frozen celebration in a seamless 360-degree orbit while only the main woman and the DJ remain in motion. As the music builds, the woman gently taps her glass. Time instantly resumes on the beat drop. Guests explode back into movement, dancing, cheering, hugging, and raising their drinks as water splashes through the air. Show a lively shaded beach bar filled with guests laughing around rustic wooden tables. A waiter moves through the crowd carrying a tray of colorful tropical cocktails. Follow the waiter with a smooth tracking shot before tilting upward toward lush green palm trees decorated with warm hanging lightbulbs against a bright blue sky. Reveal people relaxing at tables overlooking the sparkling ocean while distant waves roll toward the shore. End with the DJ smiling as the camera slowly pulls focus away from him, creating a soft, dreamy fade into warm sunlight. Soundtrack: an original high-energy K-pop-inspired tropical summer anthem with playful female vocals, rhythmic rap sections, bright synth melodies, tropical percussion, punchy bass, handclaps, and an addictive festival-style chorus. Before the time-freeze moment, gradually remove the percussion and stretch the vocals into a dreamy suspended note. During the frozen sequence, use atmospheric vocal echoes, reversed textures, soft heartbeat-like bass pulses, and crystalline sound effects. Resume the full instrumental with a powerful beat drop when time starts moving again. The music must be completely original and must not imitate any existing song or artist. Visual style: premium K-pop music video meets luxury tropical beverage commercial, vibrant teal-and-orange color grading, bright natural summer lighting, glowing skin tones, cinematic contrast, fluid camera movement, energetic editing, realistic liquid physics, detailed reflections, shallow depth of field, subtle film grain, photorealistic textures, highly detailed, cinematic 8K resolution."
renoise-2085687617614655861,Ultra-realistic cinematic luxury lifestyle video of a beautiful young woman…,,真人,现实向,时尚写真,,en,Seedance 2.0,,,renoise-ai/awesome-seedance-prompts,https://github.com/renoise-ai/awesome-seedance-prompts/blob/904b6caffa21c2b114bb93e1bd0e37ba80b3dd10/data/prompts/2085687617614655861.json,CC-BY-4.0,Alina Ai,https://x.com/Alina_with_Ai/status/2085687617614655861,True,prompts/真人/现实向/时尚写真/renoise-2085687617614655861--Ultra-realistic-cinematic-luxury-lifesty.md,"Ultra-realistic cinematic luxury lifestyle video of a beautiful young woman entering a bright, modern, minimalist workspace with floor-to-ceiling windows overlooking a breathtaking city skyline. Soft morning sunlight fills the room, creating a warm and premium atmosphere.

She is dressed in a crisp oversized white shirt, elegant white tailored pants, and premium clean white sneakers. Her styling is minimalist and sophisticated. She wears absolutely no earrings, no ear jewelry, no ear cuffs, no nose ring, no bracelets, no watch, and no rings. Her ears are completely bare and clearly visible. Only a thin, elegant gold necklace is allowed. Her long silky black hair flows naturally with a calm, confident smile.

A tiny adorable cream-colored Pomeranian puppy happily follows her into the room, wagging its tail.

Scene 1 (0–2s): She opens the glass office door and walks inside while the little puppy follows closely behind. The camera tracks smoothly from behind.

Scene 2 (2–4s): She walks toward a luxurious wooden desk with a sleek silver laptop placed neatly on it. The puppy sits beside the chair and looks up at her.

Scene 3 (4–6s): She gracefully sits down, opens the laptop, and begins typing naturally. Close-up shots show her fingers typing on the keyboard, the glowing screen, and her focused yet relaxed expression.

Scene 4 (6–8s): The puppy gently places its front paws on her leg, looking at her with adorable eyes. She smiles softly, pets the puppy for a moment, then continues working.

Scene 5 (8–10s): Side-profile cinematic shot of her working while sunlight streams through the large windows. The city skyline in the background is softly blurred, creating a premium editorial look.

Scene 6 (10–12s): The camera slowly pulls back to reveal the elegant office, modern furniture, indoor plants, warm lighting, and the puppy peacefully lying beside her chair while she continues typing confidently on the laptop.

Ultra-realistic, photorealistic, luxury lifestyle commercial, cinematic storytelling, Vogue editorial aesthetic, Apple-style minimal workspace, HDR, realistic skin texture, natural hair movement, realistic typing animation, soft morning sunlight, shallow depth of field, smooth gimbal camera movement, cinematic color grading, 8K, masterpiece, ultra-detailed, premium film quality, highly realistic, 24fps."
renoise-2085695099543998876,"Main Subject: Young Italian man, mid-20s, olive skin, short dark tousled hair…",,真人,现实向,生活与vlog,,es,Seedance 2.0,,,renoise-ai/awesome-seedance-prompts,https://github.com/renoise-ai/awesome-seedance-prompts/blob/904b6caffa21c2b114bb93e1bd0e37ba80b3dd10/data/prompts/2085695099543998876.json,CC-BY-4.0,anne,https://x.com/anneyuls/status/2085695099543998876,True,"prompts/真人/现实向/生活与vlog/renoise-2085695099543998876--Main-Subject-Young-Italian-man,-mid-20s,.md","Main Subject: Young Italian man, mid-20s, olive skin, short dark tousled hair, light stubble. White cotton t-shirt slightly worn, faded linen trousers, leather sandals. Relaxed, unbothered energy, moves without hurry. Consistent identity, clothing, and appearance throughout the entire video.
Location: Authentic southern Italian coastal village, early evening. Narrow stone alleyways with sun-bleached shutters — faded blue, ochre, chipped white plaster. Stone steps worn smooth, potted geraniums on windowsills, fishing nets draped over railings, distant sound of the sea. No tourists, no commercial areas, purely residential.
Visual Style: Ultra-realistic, candid, unscripted. Genuine slice-of-life behavior. Rich environmental detail. Warm golden-hour light, long soft shadows. Salt-air haze softening distant rooftops. Peeling paint, worn stone, faded warm colors. 24fps.
Camera Style: Early 2000s consumer DV camcorder. Friend casually filming. Heavy handheld shake, imperfect framing,"
renoise-2085714385834782968,"Create a 15 second, 16:9 photorealistic nighttime fashion film built around an…",,真人,特效向,超现实创意,,en,Seedance 2.0,,,renoise-ai/awesome-seedance-prompts,https://github.com/renoise-ai/awesome-seedance-prompts/blob/904b6caffa21c2b114bb93e1bd0e37ba80b3dd10/data/prompts/2085714385834782968.json,CC-BY-4.0,Sidra,https://x.com/kakarPathan_/status/2085714385834782968,True,"prompts/真人/特效向/超现实创意/renoise-2085714385834782968--Create-a-15-second,-16-9-photorealistic.md","Create a 15 second, 16:9 photorealistic nighttime fashion film built around an unbranded early-2000s silver MiniDV camcorder with a flip-out LCD. The physical camcorder dominates the foreground; its LCD stays tack-sharp while the real people and location behind it fall into creamy shallow-focus blur. Keep one continuous believable handheld setup: close to the camcorder, drifting, breathing and making tiny human corrections, never gimbal-smooth.

0.0–1.4s Extreme close foreground view of the closed LCD panel and the operator's thumb resting on the flip hinge. Under neon shop-sign lighting, the hand flips the screen open toward camera. Focus racks naturally from the camcorder shell to the glowing LCD. Behind it: a small group waiting outside a rooftop bar entrance, city skyline glow and string lights, all soft and indistinct.

1.4–3.6s The LCD shows two friends leaning into the MiniDV lens, one mid-laugh pushing sunglasses up into her hair, the other mouthing something at the camera. Inside the LCD use authentic low-resolution CCD video: harsh direct-camera light, clipped skin highlights, warm reds, cool cyan shadows, fine chroma noise, mild scanline texture and tiny unreadable REC/timecode icons. The exterior world stays warmer and softer, creating a convincing screen-within-screen contrast.

3.6–6.0s The operator pivots left this time. Parallax shifts the LCD across frame while a figure in an oversized denim jacket drifts through the blurred background near a taxi's headlights. On the LCD, cut naturally to a low-angle clip of someone hopping up onto a low wall, arms out for balance. Allow slight exposure pumping and imperfect autofocus.

6.0–8.4s Continue the handheld drift. A string of rooftop fairy lights blooms near the top edge, producing mild halation and realistic flare. The LCD shows a group doing an exaggerated slow-motion walk toward the lens, loose and spontaneous, bumping shoulders and breaking into laughter mid-walk.

8.4–11.0s More people cross through the soft background; one passes close enough to become a large blurred shape carrying a drink. Keep the camcorder body on the left edge this time and LCD slightly right of center. Inside the LCD, jump between quick candid moments: someone adjusting an earring, a couple sharing a look, then a group toast with plastic cups. Cuts happen only inside the LCD while the outer shot remains continuous.

11.0–13.2s The operator tilts the camcorder down slightly toward the ground, then corrects back up. A warm neon sign flares from the side of frame. LCD color briefly shifts warmer and overexposed like an old auto-exposure error, then recovers. Add one very brief analog tracking glitch; no digital VFX, floating graphics or impossible distortion.

13.2–15.0s Finish on the full group crowding into the MiniDV frame, arms slung over shoulders, laughing toward the lens as the real background crowd mirrors the energy in blur. End with a tiny handheld pull-back from the LCD and a soft neon highlight bloom.

VISUAL RULES: 24fps outer capture, 1/48 shutter feel, 35–50mm full-frame look, f/1.8–2.2, handheld micro-jitter, subtle rolling shutter during faster pivots, fine high-ISO grain, realistic skin, true fabric texture, practical neon and string-light sources mixed with cooler camera light. No plastic skin, warped hands, duplicated people, morphing faces, floating objects, synthetic bokeh, perfect symmetry or glossy CGI. The MiniDV LCD must emit believable light and clearly look like footage from an older camera.

MUSIC: original 118 BPM warm indie-disco instrumental: soft four-on-the-floor kick, shaker groove, warm analog bassline, muted guitar stabs, subtle tape hiss and short camera-mechanism clicks used rhythmically. No vocals. Build every four beats and land a clean accent on the final pull-back."
renoise-2085741118369792221,"Shot on iPhone front camera, natural HDR, slight exposure shifts, real skin…",,其他,,广告带货,,en,Seedance 2.0,,,renoise-ai/awesome-seedance-prompts,https://github.com/renoise-ai/awesome-seedance-prompts/blob/904b6caffa21c2b114bb93e1bd0e37ba80b3dd10/data/prompts/2085741118369792221.json,CC-BY-4.0,Zara,https://x.com/ZaraIrahh/status/2085741118369792221,True,"prompts/其他/广告带货/renoise-2085741118369792221--Shot-on-iPhone-front-camera,-natural-HDR.md","Shot on iPhone front camera, natural HDR, slight exposure shifts, real skin tones, authentic UGC creator energy, warm indoor natural light
A bright casual room — warm natural light from the side, a clean desk surface with the ATELIER INK 12 CORE colors set in its clear transparent plastic case, the colorful marker caps visible through the case walls, a white sketchpad open beside it. A young woman sits close to the front camera, relaxed and natural, speaking slowly and genuinely.
Action and dialogue sequence:
She picks up the full ATELIER INK clear case with both hands and holds it up to the front camera, the 12 colorful caps facing the lens, the label readable. She looks at it for a beat — then at the camera: ""Okay I need to show you these."" She sets the case down, pulls out the green G04 marker, uncaps it slowly, sniffs the tip, pauses. Looks at camera: ""Why does it smell like that."" Genuine. Unhurried.
She opens the sketchpad and draws a slow deliberate star with the green marker. Holds the paper up to the lens. Says nothing for a beat — just lets the color speak. Then quietly: ""That color is insane."" She picks up the cobalt blue B17, draws beside the green. Holds it up again. ""The pigment is so good.""
She sets the paper down. Looks directly into the camera. Taps the marker cap slowly against her lip. One breath. Then: ""Honestly — if you draw, if you doodle — just get these."" She lifts the full clear case up to the lens, all 12 caps facing camera. Holds it there. Smiles slowly. Says nothing."
renoise-2085742792068792742,A masked assassin in a dark violet cloak infiltrates a floating demonic palace…,,漫剧,特效向,奇幻冒险,2D日漫,en,Seedance 2.0,,,renoise-ai/awesome-seedance-prompts,https://github.com/renoise-ai/awesome-seedance-prompts/blob/904b6caffa21c2b114bb93e1bd0e37ba80b3dd10/data/prompts/2085742792068792742.json,CC-BY-4.0,Pierrick Chevallier | IA,https://x.com/CharaspowerAI/status/2085742792068792742,True,prompts/漫剧/特效向/奇幻冒险/renoise-2085742792068792742--A-masked-assassin-in-a-dark-violet-cloak.md,"A masked assassin in a dark violet cloak infiltrates a floating demonic palace above a lightning storm, sprinting across chains, inverted towers and rotating stone platforms while winged gargoyles awaken around her, she throws enchanted blades into their shadows and teleports between each impact, cutting through guards without ever touching the ground before entering a throne chamber where a fallen emperor fuses with a colossal armored archdemon; the assassin races up collapsing columns, dodges sword arcs that cut the palace in half, slides along the demon’s blade, tears a glowing crystal from its chest and continues falling through hundreds of fragments while the fortress folds into a black portal; contemporary high-budget dark-fantasy anime, exceptionally polished sakuga, agile acrobatic choreography, fluid one-take illusion, impossible rotating camera angles, extreme depth and foreshortening, rapid rack-focus effects translated into animation, expressive eye animation, elegant smear frames, graphic impact cuts, detailed cel-shaded character art, complex painted backgrounds, integrated CGI architecture and hand-drawn destruction, purple lightning, crimson portal light, black feathers, sparks and fractured masonry, stylish supernatural tension, ending with the assassin crushing the crystal in her hand, causing the archdemon and the entire palace to collapse into a ring-shaped explosion as she lands calmly on the back of a gryphon flying through the shockwave."
renoise-2085748046873387070,Create a 15 second scene outside the fashion venue after midnight. Light rain…,,真人,现实向,时尚写真,,en,Seedance 2.0,,,renoise-ai/awesome-seedance-prompts,https://github.com/renoise-ai/awesome-seedance-prompts/blob/904b6caffa21c2b114bb93e1bd0e37ba80b3dd10/data/prompts/2085748046873387070.json,CC-BY-4.0,BMX,https://x.com/bmx_ai13/status/2085748046873387070,True,prompts/真人/现实向/时尚写真/renoise-2085748046873387070--Create-a-15-second-scene-outside-the-fas.md,"Create a 15 second scene outside the fashion venue after midnight. Light rain falls around Maya and her older brother beside a parked car. Character consistency: Maya maintains the same facial structure, shoulder-length black hair and black silver-stitched suit. Her hair is slightly damp from the rain, but its length and style remain consistent. Her brother, Arif, is approximately 32, wearing a dark-blue shirt with rolled sleeves. He appears sincere but burdened by guilt. Timeline and Dialogue 0:00–0:03 Arif stands beneath an umbrella while Maya remains just outside its protection. ARIF: “Mom still leaves your room untouched.” 0:03–0:07 Maya looks toward the rain instead of at him. MAYA: “She left me untouched too.” 0:07–0:10 Arif lowers his eyes. ARIF: “She wants another chance.” 0:10–0:15 Maya looks at him with sadness rather than anger. MAYA: “Then let her become someone who deserves one.” Maya walks into the rain while Arif remains under the umbrella. Camera and Visual Direction Start with a symmetrical medium-wide two-shot using a 50mm lens. The umbrella should visually separate the siblings: Arif remains protected while Maya stands exposed. Slowly dolly closer during the dialogue. Use a 75mm close-up for Maya’s final line, then allow her to leave the frame naturally. Use soft streetlights, wet pavement reflections and realistic rain. Skin exposure must remain natural and controlled. Avoid dramatic blue-orange grading; use muted charcoal, soft amber and cool rain tones. Sound Natural rainfall, distant traffic, water striking the umbrella and quiet breathing. Use no music until Maya begins walking away. Introduce a minimal piano note that remains unresolved. Negative Prompt No heavy storm, no theatrical crying, no hugging, no smiling, no face changes, no changing rain direction, no dry clothing after rain, no floating umbrella, no broken fingers, no unnatural walking, no background teleportation, no flickering streetlights, no artificial skin, no subtitles, no excessive slow motion."
renoise-2085756855926874439,"Create a premium ultra-photorealistic live-action Sprite commercial, 15…",,其他,,广告带货,,en,Seedance 2.0,,,renoise-ai/awesome-seedance-prompts,https://github.com/renoise-ai/awesome-seedance-prompts/blob/904b6caffa21c2b114bb93e1bd0e37ba80b3dd10/data/prompts/2085756855926874439.json,CC-BY-4.0,Shore Lyn,https://x.com/Shorelyn_/status/2085756855926874439,True,prompts/其他/广告带货/renoise-2085756855926874439--Create-a-premium-ultra-photorealistic-li.md,"Create a premium ultra-photorealistic live-action Sprite commercial, 15 seconds, 16:9 aspect ratio, continuous cinematic one-shot illusion with seamless invisible transitions. Hyper-refreshing summer atmosphere, energetic, youthful, vibrant, premium commercial quality. Every frame must be advertisement-worthy with realistic physics, cinematic lighting, premium composition, and natural camera motion. PRODUCT LOCK Maintain the exact Sprite bottle throughout the entire sequence.
Keep the bottle cold with heavy condensation, visible carbonation, crystal-clear liquid, readable label, realistic reflections, and fresh lime-green identity. No product deformation or label distortion. CAMERA SYSTEM ARRI Alexa 35, ARRI Signature Prime lenses, Black Pro-Mist 1/8, cinematic HDR, shallow depth of field, premium beverage photography, realistic lens breathing, subtle anamorphic bloom, natural motion blur.

SCENE 01 — THE HEAT (0–3s) A scorching summer afternoon in a modern city park.
Intense sunlight illuminates the pavement while heat shimmer rises from the ground. A young man slowly walks along the pathway, wiping sweat from his forehead with visible signs of exhaustion. The atmosphere feels dry and extremely hot. Camera begins with a low Ground Skim gliding across the pavement, transitions into a Low Angle Push following his footsteps, Tilts Up toward his face, then finishes with a smooth Orbit Reveal.
Shot on 24mm with extremely smooth stabilized movement as if floating just above the ground. Transition: Natural sun lens flare expands across the lens and completely fills the frame.

SCENE 02 — THE DISCOVERY (3–7s) The lens emerges inside an ice cooler as the lid opens. Dense cold mist flows outward. A perfectly chilled Sprite bottle stands among crystal ice cubes covered with heavy condensation. Fresh green reflections dance across the glass while water droplets slowly slide down the bottle.
Camera performs a POV Push In, Macro Slide around the bottle, Object Tracking following the hand reaching in, then uses the bottle reflection as a seamless transition. Captured with a 100mm macro lens and ultra-shallow depth of field. Transition: The Sprite bottle fills the entire frame before revealing the next shot.

SCENE 03 — THE OPEN (7–11s) A hand lifts the Sprite bottle. The cap twists open in slow motion with a satisfying carbonation hiss.
Sparkling bubbles burst from the neck while droplets of ice water explode naturally into the air. Every droplet follows realistic physics. Condensation continues forming across the glass. Camera performs a 360-degree Macro Orbit around the cap while rotating smoothly, followed by cinematic high-speed slow motion and a subtle Micro Push In that finishes on the bubbling bottle opening. Transition: Flying water droplets naturally wipe across the entire lens.

SCENE 04 — HERO REFRESH (11–15s)
Hero product shot. The Sprite bottle stands proudly on sculpted crystal-clear ice. Fresh lemon slices, lime slices, mint leaves, and suspended water droplets float naturally around the bottle. Powerful arcs of water curve behind the product while bright summer sunlight creates sparkling highlights. The background transforms into a fresh green environment with beautiful golden bokeh.
Camera executes a slow Hero Push In, elegant Micro Orbit, gentle Crane Up, then settles into a perfectly locked final hero composition.

Final Frame: Premium advertising hero shot with the Sprite bottle perfectly centered, label facing camera, heavy condensation, active carbonation, crystal ice, fresh citrus, vibrant green palette, premium lighting, clean background. Tagline: ""OBEY YOUR THIRST."" LIGHTING Golden summer sunlight Strong natural backlight Soft rim lighting Bright specular highlights
Crystal water reflections High-contrast premium beverage lighting COLOR GRADING Sprite green dominant Fresh lime green accents Lemon yellow highlights Crystal white ice Vibrant blue sky High saturation Crisp highlights Fresh summer cinematic contrast SOUND DESIGN Summer ambience Distant birds Warm breeze Cooler lid opening Cold mist release Ice cubes shifting Carbonation hiss Water splash Refreshing bottle handling QUALITY RULES Maintain active condensation on the bottle in every shot.
Keep carbonation visible throughout. Lemon, lime, and mint must look fresh and realistic. Use physically accurate water simulation. Camera movement must remain fluid, elegant, and cinematic with no abrupt motion. The Sprite bottle must always remain the visual hero. Every frame should be suitable as a premium commercial key visual, billboard, or campaign poster.

Negative Prompt: low quality, blurry, CGI look, cartoon, illustration, plastic textures, fake water, unrealistic splashes, warped bottle, distorted label, duplicate objects, floating props, incorrect reflections, overexposed highlights, underexposed shadows, bad composition, watermark, text overlay, logo distortion, AI artifacts, jittery camera, shaky motion, unrealistic physics."
renoise-2085773797437694424,"Realistic cinematic action sequence, 15 seconds, aspect ratio 16:9.",,真人,现实向,剧情短片,,en,Seedance 2.0,,,renoise-ai/awesome-seedance-prompts,https://github.com/renoise-ai/awesome-seedance-prompts/blob/904b6caffa21c2b114bb93e1bd0e37ba80b3dd10/data/prompts/2085773797437694424.json,CC-BY-4.0,DeCat,https://x.com/DeCat2025/status/2085773797437694424,True,"prompts/真人/现实向/剧情短片/renoise-2085773797437694424--Realistic-cinematic-action-sequence,-15.md","Realistic cinematic action sequence, 15 seconds, aspect ratio 16:9.

At blue-hour dusk on a vast frozen lake, a lone fugitive in dark winter clothing sprints across snow-dusted ice toward the far shore while two security vehicles burst onto the lake behind him, fishtailing hard and closing the distance.

The camera opens in a wide low angle over the ice, then moves into a fast tracking view behind the fugitive as the heavy vehicles tear across the surface and long cracks begin racing under the ice in every direction.
The danger escalates fast. Spiderweb fractures spread beneath the fugitive’s boots. He hears the ice cracking, looks down, and instantly changes direction as a dark split opens in front of him.

The vehicles keep pushing forward, their weight making the entire frozen surface groan and buckle. One vehicle slides sideways, struggling for grip, while the second swerves around it and sends fresh cracks shooting toward the fugitive. He loses footing, drops hard onto the slick ice, and slides across the surface as a jagged line of open black water tears through the lake behind him.

The final action is clear and physical: the fugitive scrambles back up, runs the last few meters, then drops and grabs the snowy bank at the edge of the lake, pulling himself onto solid ground just as the ice behind him breaks apart.

One security vehicle skids into the widening fracture, the second spins helplessly toward the open water, and a huge section of shattered ice collapses with a violent splash and spray. Keep it realistic, cinematic, and easy to stage: one fugitive, two security vehicles, one frozen lake, one clear escape objective.

Cold blue lighting, blowing snow, ice dust, visible cracks, harsh engine noise, intense momentum, fast but readable camera movement, strong physical consequences, no text, no logos, no cartoon style, no slow motion, no extra main characters, no famous celebrity faces, no recognizable actors, no movie-star resemblance, no public-figure likenesses, no clear facial close-ups."
renoise-2085778252442796154,"very fast-paced fight between the two characters, 12 different shots, no music…",,真人,特效向,武侠打斗,,en,Seedance 2.0,,,renoise-ai/awesome-seedance-prompts,https://github.com/renoise-ai/awesome-seedance-prompts/blob/904b6caffa21c2b114bb93e1bd0e37ba80b3dd10/data/prompts/2085778252442796154.json,CC-BY-4.0,AIrina (Virtual Media Net),https://x.com/airina_xyz/status/2085778252442796154,True,prompts/真人/特效向/武侠打斗/renoise-2085778252442796154--very-fast-paced-fight-between-the-two-ch.md,"very fast-paced fight between the two characters, 12 different shots, no music, only sfx"
renoise-2085842777737474384,"Cinematic hyper-realistic 3D CGI collectible-figurine render, like a…",,真人,特效向,动作大片,,en,Seedance 2.0,link-only,copyrighted-character,renoise-ai/awesome-seedance-prompts,https://github.com/renoise-ai/awesome-seedance-prompts/blob/904b6caffa21c2b114bb93e1bd0e37ba80b3dd10/data/prompts/2085842777737474384.json,CC-BY-4.0,PixieVerse,https://x.com/itsPixieVerse/status/2085842777737474384,True,prompts/真人/特效向/动作大片/renoise-2085842777737474384--Cinematic-hyper-realistic-3D-CGI-collect.md,
renoise-2085882902022328516,"SYLVANORA — ""The Veiled Pas De Deux"" | Opening Titles. 15-second",,漫剧,特效向,奇幻冒险,3D卡通,en,Seedance 2.0,,,renoise-ai/awesome-seedance-prompts,https://github.com/renoise-ai/awesome-seedance-prompts/blob/904b6caffa21c2b114bb93e1bd0e37ba80b3dd10/data/prompts/2085882902022328516.json,CC-BY-4.0,PixieVerse,https://x.com/itsPixieVerse/status/2085882902022328516,True,prompts/漫剧/特效向/奇幻冒险/renoise-2085882902022328516--SYLVANORA-—-The-Veiled-Pas-De-Deux-Openi.md,"SYLVANORA — ""The Veiled Pas De Deux"" | Opening Titles. 15-second

montage, 30 beats @ 0.5s each, fluid acrobatic dancer's pacing.

Art Direction & Vibe: Premium key art. Unified style locked to reference: highly

detailed dark fantasy digital concept art, fine metallic filigree lineart,

painterly translucent veils, delicate particle painting. Setting: an abandoned

frozen gothic cathedral ballroom.

Color Discipline: Suppressed palette: deep midnight indigo, void black, dark

filigree silver. Accents: pale-blue crystalline ice, deep purple void aura,

mirror-chrome reflections. Dynamic dual-elemental lighting casting highlights

onto sheer flowing fabric. Atmosphere: drifting frost motes, purple shadow haze,

shattered ice particles.

The Character: Locked design (match reference): SYLVANORA, Solo Duelist.

Featureless polished silver mirror-mask reflecting the room, spiked silver

crown. Filigreed dark steel armor, endless smoky indigo veils in perpetual

motion. Dual-wielding: pale-blue Frost Blade and deep purple Shadow Blade.

Demeanor: silent, deadly grace, dancer's poise.

Shot Design: Rotate cinematic grammar. Macros (faceless mirror mask reflecting

light, silver heel stepping on frost, frost blade freezing marble, shadow blade

carving purple arcs) to wide acrobatic leaps (""Spiral Waltz""). Hard diagonals,

sweeping curvilinear movement, vast negative space. 3 environmental frames: a

frozen stained-glass window, frost cracking across stone, shadow smoke clinging

to gothic pillars.

Story Arc: Open on a silent frozen ballroom. Omens: frost creeping, purple haze

swirling. Introduce in fragments: flowing indigo veil, silver greave, mirror

mask, dual blades unsheathing. Escalate through the dance: acrobatic pirouettes,

ice and shadow carving dual elemental trails. Resolve climactic frame: Sylvanora

in a low sweep stance, dual blades crossed, mirror mask reflecting the viewer,

wrapped in a vortex of blue ice and purple void. Fluid camera drifts; silence as

a weapon."
renoise-2085903930844705078,"45-SECOND VIDEO PROMPT — ""LATE FOR WORK""",,真人,现实向,生活与vlog,,en,Seedance 2.0,link-only,hate,renoise-ai/awesome-seedance-prompts,https://github.com/renoise-ai/awesome-seedance-prompts/blob/904b6caffa21c2b114bb93e1bd0e37ba80b3dd10/data/prompts/2085903930844705078.json,CC-BY-4.0,Jessica Collins,https://x.com/AIwithJessica/status/2085903930844705078,True,prompts/真人/现实向/生活与vlog/renoise-2085903930844705078--45-SECOND-VIDEO-PROMPT-—-LATE-FOR-WORK.md,
renoise-2085931036752462318,"Hyper-realistic cinematic sci-fi action sequence, 15 seconds, aspect ratio 16:9.",,真人,特效向,动作大片,,en,Seedance 2.0,,,renoise-ai/awesome-seedance-prompts,https://github.com/renoise-ai/awesome-seedance-prompts/blob/904b6caffa21c2b114bb93e1bd0e37ba80b3dd10/data/prompts/2085931036752462318.json,CC-BY-4.0,DeCat,https://x.com/DeCat2025/status/2085931036752462318,True,prompts/真人/特效向/动作大片/renoise-2085931036752462318--Hyper-realistic-cinematic-sci-fi-action.md,"Hyper-realistic cinematic sci-fi action sequence, 15 seconds, aspect ratio 16:9.

Inside a giant futuristic combat hangar, one damaged mech stumbles back into the bay after battle. One pilot only. The mech is huge, armored, smoking, and losing control. Sparks burst from broken joints, warning lights flash across the hangar, and the mech’s emergency ejection system activates. The goal is simple: the pilot must escape before the mech crashes through the hangar wall.

The action starts with the mech lurching backward, one arm hanging uselessly, servos failing, feet scraping across the floor. The cockpit blows open and the pilot’s ejection pod fires upward, but it jams halfway out of the mech’s chest or shoulder housing. The pod is stuck, tilted, and only partly clear while the mech keeps falling backward.

The mech crashes through interior support rails and slams into the outer hangar wall, breaking panels and glass as it tips farther back toward open sky or a huge exterior drop. The pilot is trapped in the jammed pod and has only seconds. Inside the half-open pod, the pilot forces the hatch loose manually, rips free a stuck locking bar, and kicks the pod clear while the mech continues collapsing.

The pod finally launches at the last possible second. It blasts free just as the mech falls backward through the broken hangar wall in a shower of sparks, metal, and debris. The mech disappears out of the bay while the escape pod rockets away from the impact zone.

End with the ejection pod clearing the hangar safely while the destroyed mech falls away behind through smoke and broken structure.

Style: hyper-realistic, cinematic, intense, clear readable action, one pilot only, one damaged mech only, one hangar only, one main set piece, jammed ejection pod, falling mech, broken hangar wall, sparks, smoke, metal debris, no extra battle outside, no extra characters, no text, no logos, no cartoon style, no slow motion, no famous celebrity faces, no recognizable actors, no movie-star resemblance, no public-figure likenesses, no clear facial close-ups. Keep proportions. Keep style and features. Aspect ratio 16:9."
renoise-2085949829310730283,"Create a 60-second video that looks like a super cute, colorful pixel-art video…",,漫剧,特效向,奇幻冒险,2D日漫,en,Seedance 2.0,link-only,copyrighted-character,renoise-ai/awesome-seedance-prompts,https://github.com/renoise-ai/awesome-seedance-prompts/blob/904b6caffa21c2b114bb93e1bd0e37ba80b3dd10/data/prompts/2085949829310730283.json,CC-BY-4.0,Maria,https://x.com/thisismariaa25/status/2085949829310730283,True,prompts/漫剧/特效向/奇幻冒险/renoise-2085949829310730283--Create-a-60-second-video-that-looks-like.md,
renoise-2085956589316362260,"Hyper-realistic cinematic comedy sequence, 10 seconds, aspect ratio 16:9.",,真人,现实向,喜剧整活,,en,Seedance 2.0,,,renoise-ai/awesome-seedance-prompts,https://github.com/renoise-ai/awesome-seedance-prompts/blob/904b6caffa21c2b114bb93e1bd0e37ba80b3dd10/data/prompts/2085956589316362260.json,CC-BY-4.0,DeCat,https://x.com/DeCat2025/status/2085956589316362260,True,prompts/真人/现实向/喜剧整活/renoise-2085956589316362260--Hyper-realistic-cinematic-comedy-sequenc.md,"Hyper-realistic cinematic comedy sequence, 10 seconds, aspect ratio 16:9.

Inside a ridiculous reality TV dating show set, one glamorous female parasaurolophus is the star. The set is simple and clear: heart-shaped stage, roses, spotlight, velvet couch, and three nervous male dinosaur contestants waiting in the background. The mood is absurd, dramatic, and hilarious.

The goal is simple: the female dinosaur is trying to choose her perfect date, but she becomes wildly emotional and impossible to impress.

The action starts when she struts onto the stage like a queen, flips her crest dramatically, and stares down the contestants. One male dinosaur offers her a rose. She sniffs it, looks unimpressed, and flicks it away with diva attitude. A second contestant flexes awkwardly. She gives him a savage look and slowly presses a big rejection button with one claw.

The chaos escalates fast. She becomes more dramatic, knocks over the couch with her tail, and lets out a furious romantic roar. Then the third contestant nervously offers her a tiny snack. She freezes, softens instantly, and becomes obsessed.

End with the female dinosaur choosing the third contestant only because of the snack, while the other contestants stand there in total disbelief and she proudly walks off like she found true love.

Style: hyper-realistic, cinematic, hilarious, absurd dating-show comedy, one female parasaurolophus as the star, one dating show set only, one main joke, diva romantic meltdown, rejection button, final snack-based love choice, clear readable comedy action, no gore, no horror, no text, no logos, no cartoon style, no slow motion, no famous celebrity faces, no recognizable actors, no movie-star resemblance. Keep proportions. Keep style and features. Aspect ratio 16:9."
renoise-2085965785378553882,0:00–0:03 — THE RECORDING,,真人,现实向,生活与vlog,,en,Seedance 2.0,,,renoise-ai/awesome-seedance-prompts,https://github.com/renoise-ai/awesome-seedance-prompts/blob/904b6caffa21c2b114bb93e1bd0e37ba80b3dd10/data/prompts/2085965785378553882.json,CC-BY-4.0,Caden Flux,https://x.com/Caden_Flux/status/2085965785378553882,True,prompts/真人/现实向/生活与vlog/renoise-2085965785378553882--0-00–0-03-—-THE-RECORDING.md,"0:00–0:03 — THE RECORDING

Shot: Extreme close-up of a smartphone on a bedside table, camera app recording. Digital clock beside it reads 3:16 AM.

Camera: Slow push-in toward the phone, 50mm lens, shallow depth of field.

The room is almost completely dark. Only pale moonlight enters through the curtains.

SFX: Low room tone, distant wind, faint electrical hum.

0:03–0:06 — THE SLEEPING MAN

Shot: Wide shot from the corner of the bedroom.

A young man sleeps motionless in bed.

Suddenly—

THUMP.

His eyes remain closed.

Camera: Quick handheld push toward him, creating an uneasy feeling.

A second THUMP comes from somewhere beneath the bed.

0:06–0:09 — SOMETHING MOVES

Shot: Low-angle close-up beneath the bed.

Almost complete darkness.

A faint shadow slowly moves across the floor.

The man's bare foot suddenly hangs over the edge of the mattress.

Camera: Rapid rack focus from the darkness to his foot.

SFX: Slow, distorted breathing begins.

0:09–0:12 — HE WAKES

Shot: Extreme close-up of the man's eyes snapping open.

He sits upright abruptly.

Camera: Fast whip-pan from his face toward the empty bedroom.

Nothing.

The room is completely still.

He slowly looks toward the camera recording him.

0:12–0:15 — THE FIRST WARNING

Shot: POV from the phone camera.

The man walks toward the phone.

His face is barely illuminated.

He stops directly in front of the lens.

He stares into it for several seconds.

Then, very quietly:

MAN: “Don't watch this.”

CUT TO BLACK.

A digital timestamp appears:

3:17:04 AM

0:15–0:18 — MORNING

Shot: Bright morning light.

The man sits on the edge of his bed, confused, holding his phone.

Camera: Over-the-shoulder shot as he opens the recording from last night.

His expression changes.

0:18–0:21 — WATCHING HIMSELF

Shot: Tight close-up of the phone screen.

The footage shows him sleeping.

The video timestamp reaches 3:17 AM.

On the screen, the sleeping man suddenly sits upright.

But the real man watching the footage hasn't moved.

SFX: Deep bass pulse.

0:21–0:24 — THE IMPOSSIBLE

Shot: Extreme close-up of the phone screen.

The recorded version of the man slowly turns toward the camera.

He stares directly into the lens.

Then he smiles.

The real man watching the video stops breathing.

Camera: Slow push toward his terrified eyes.

0:24–0:27 — THE WHISPER

Shot: Over-the-shoulder shot.

On the phone screen, the recorded man leans toward the camera.

His face fills the entire screen.

He whispers:

“He knows you're watching.”

The real man's phone suddenly glitches.

0:27–0:30 — FINAL TWIST

Shot: Camera pulls rapidly backward from the man.

He is sitting completely frozen on the bed.

Behind him, the bedroom door slowly opens by itself.

Camera: Wide shot from the hallway.

A dark human silhouette is standing behind him.

The man doesn't notice.

The phone screen suddenly displays:

RECORDING — 3:17 AM

CUT TO BLACK.

SFX: One violent knock.

Silence."
renoise-2085999144074879215,Attachments: image1 = product reference (black Chanel Classic Small Flap…,,真人,现实向,年代怀旧,,en,Seedance 2.0,,,renoise-ai/awesome-seedance-prompts,https://github.com/renoise-ai/awesome-seedance-prompts/blob/904b6caffa21c2b114bb93e1bd0e37ba80b3dd10/data/prompts/2085999144074879215.json,CC-BY-4.0,Harboris,https://x.com/harboriis/status/2085999144074879215,True,prompts/真人/现实向/年代怀旧/renoise-2085999144074879215--Attachments-image1-product-reference-bla.md,"Attachments: image1 = product reference (black Chanel Classic Small Flap, diamond-quilted lambskin, gold chain-and-leather strap, gold CC turnlock). image2 = lead character reference (blonde female model, sleek center-part, black tweed jacket, pearl-and-gold necklaces). image3 = location and color reference (NYC street, mono skyline, dressing room, vanity). Treat image1 as the visual truth for the bag, image2 as the visual truth for the woman, and image3 as the visual truth for every environment and the color grade, in every shot.

Performance direction for the woman throughout: relaxed, easy-going and natural, understated and effortless. Soft neutral expressions, gentle micro-movements, no exaggerated poses, no forced smiles, no dramatic gestures. She looks calm, confident and at ease.

15-second luxury fashion film, 16:9, hard jump cuts throughout, early-2000s glossy New York cinema look on 35mm film.

[00:00] Telephoto down a New York sidewalk: the woman from image2 strides toward camera at an easy, unhurried pace through blurred foreground pedestrians, relaxed expression, the black Classic Flap from image1 on her shoulder by its gold chain. Camera holds still, subject walks into frame, cool warm-mellow street grade from image3.
[00:01] Hard cut to a near-black breather frame: a dark coat sweeps across the lens. Camera holds still.
[00:02] Medium tracking shot, a foreground pedestrian wipes across frame as she moves through the crowd, calm and natural, backlit hair. Camera tracks with her.
[00:03] Slow telephoto push toward a street corner, a yellow pedestrian walk-signal sign in the foreground left, she advances at ease. Camera pushes in slowly.
[00:03.5] Profile, hair blowing, skyline behind: she casually swings the flap's gold chain up onto her shoulder in a relaxed, unforced motion. Handheld drift alongside her.
[00:04] Wide establishing New York avenue canyon, yellow cabs, golden haze skyline, no subject. Camera holds still with a faint slow drift.
[00:05] Beauty close-up: chin softly lifted, a calm easy gaze off-camera, soft cool key light, relaxed features. Camera holds still.
[00:05.5] Macro of the black quilted flap from image1 on her shoulder, the gold chain-and-leather strap and CC turnlock catching raking light. Slow tight push.
[00:06.5] Medium: she stands on the corner, arms loosely crossed, crowd passing, eyes softly close then open, at ease. Camera holds still.
[00:07.5] BLACK AND WHITE. Low-angle tilt up a landmark Manhattan skyscraper against a bright sky. Camera tilts up.
[00:08] BLACK AND WHITE. Interior of a black car: sunglasses on, pearls and tweed, she settles comfortably and looks out the window with a relaxed expression. Camera follows then settles.
[00:09.5] BLACK AND WHITE. Extreme low angle looking straight up a skyscraper and traffic lamp. Camera holds still.
[00:10] COLOR RETURNS. Warm dressing room: she casually eases the tweed jacket off one shoulder, the black flap on her shoulder by its chain, blue-lit wall behind, easy and natural. Slow intimate push.
[00:11] Her silhouette behind a golden fluted glass panel, warm amber backlight, soft unhurried styling gestures. Camera holds, soft and abstract.
[00:11.8] Vanity mirror framed by warm bulb lights, pink peonies, the black flap resting on the counter; she rests her chin on her hand in profile, relaxed and soft. Camera holds still.
[00:12.8] Medium-close, low-key warm: she lifts and adjusts the flap by its gold chain in a calm, effortless motion. Slight camera drift.
[00:13.6] Hero: seated at the vanity, her reflection in the mirror, she holds the black Classic Flap with the gold CC facing the lens and looks into camera with a soft, easy-going gaze, bulb bokeh. Camera holds still, then hard cut.
[00:14.6] Hard jump cut to the white CHANEL wordmark centered on a pure black background. Static.

Cinematic, photorealistic, luxury handbag campaign. Mellow, softly desaturated palette with restrained cool-blue shadows and warm orange highlights, warm bulb-lit studio tones, and a high-contrast black-and-white mid-section. No distortion. Maintain product proportions. Steady motion, muted colors."
renoise-2086051546731548703,Create a premium 16:9 storyboard presentation board for a U.S. spicy Buldak…,,真人,现实向,生活与vlog,,en,Seedance 2.0,,,renoise-ai/awesome-seedance-prompts,https://github.com/renoise-ai/awesome-seedance-prompts/blob/904b6caffa21c2b114bb93e1bd0e37ba80b3dd10/data/prompts/2086051546731548703.json,CC-BY-4.0,Ima Studio,https://x.com/ImaStudio_ai/status/2086051546731548703,True,prompts/真人/现实向/生活与vlog/renoise-2086051546731548703--Create-a-premium-16-9-storyboard-present.md,"Create a premium 16:9 storyboard presentation board for a U.S. spicy Buldak ramen mukbang commercial. Use the uploaded image as the exact character reference and keep strong facial consistency across all panels.
Design a clean, high-end creative agency pitch deck layout with a white background, refined editorial spacing, soft beige and subtle red accents, elegant typography, and a polished commercial presentation style.
Main title:
STORYBOARD – U.S. MUKBANG CREATOR – SPICY BULDAK RAMEN ASMR CAMPAIGN
Top info cards:
Style / Audience / Mood / Audio
Arrange 6 rounded storyboard panels with neat numbering, subtle shadows, and a balanced 16:9 widescreen layout.
Storyboard panels:
1. Intro / Product Presentation
A stylish, attractive U.S. food creator smiles at the camera while holding spicy Buldak ramen. Trendy, photogenic, warm, engaging.
2. Product Prep / Opening
She opens the ramen package, shows the noodles and sauce packets, and prepares the ingredients with an excited expression.
3. Hot Water / Steam Moment
She pours hot water into the ramen. Steam rises beautifully. Cozy, appetizing, cinematic.
4. Mixing / Sauce Coating
She mixes the noodles with chopsticks or a fork. The noodles become glossy, rich, and deep red with spicy sauce.
5. Mukbang Bite / Slurp Moment
She lifts a big bite of noodles and takes a satisfying slurp. Her expression shows enjoyment, spice, and foodie excitement.
6. Hero Shot / Final Reaction
Final hero frame of the finished ramen in a beautiful food-commercial composition, with the creator smiling or giving a thumbs-up.
Doodle text:
Add playful premium handwritten doodles such as:
HEY! / OPEN! / SPICY! / POUR~ / MIX IT! / SLURP! / SO GOOD! / HOT! / YUM!
Under each panel add 3 labels:
VISUAL / ACTION / DIALOGUE
Bottom footer box:
AUDIO EXPERIENCE (ASMR ONLY)
Include: noodle stirring sounds, seasoning rustle, hot water pouring, steam ambience, slurping, soft creator reactions, subtle food texture sounds.
Visual direction:
Premium U.S. mukbang influencer aesthetic, beautiful female food blogger, polished makeup, glowing skin, styled hair, cozy upscale home studio or bedroom setup, warm flattering lighting, cinematic macro food photography, glossy spicy noodles, photorealistic steam, shallow depth of field, elegant editorial food-commercial styling, clean client-pitch design, no timestamps, no watermark."
renoise-2086056444508717276,A futuristic astronaut wearing a modern white exploration suit steadily…,,真人,特效向,科幻,,en,Seedance 2.0,,,renoise-ai/awesome-seedance-prompts,https://github.com/renoise-ai/awesome-seedance-prompts/blob/904b6caffa21c2b114bb93e1bd0e37ba80b3dd10/data/prompts/2086056444508717276.json,CC-BY-4.0,Doge 🐶,https://x.com/pprownets2023/status/2086056444508717276,True,prompts/真人/特效向/科幻/renoise-2086056444508717276--A-futuristic-astronaut-wearing-a-modern.md,"A futuristic astronaut wearing a modern white exploration suit steadily traverses a vast extraterrestrial world, carefully examining unusual glowing terrain while collecting samples, colorful energy clouds slowly swirl across the sky and distant volcanic mountains emit soft luminous smoke, aerial orbit shot, grand cinematic sci-fi, awe-inspiring atmosphere, golden rim lighting"
renoise-2086072939850637700,すべて上半身のアングルか、顔のズーム。15-second cyber-grunge rap music video. Use Image 1 as the…,,真人,特效向,科幻,,ja,Seedance 2.0,,,renoise-ai/awesome-seedance-prompts,https://github.com/renoise-ai/awesome-seedance-prompts/blob/904b6caffa21c2b114bb93e1bd0e37ba80b3dd10/data/prompts/2086072939850637700.json,CC-BY-4.0,AI_poruru(world),https://x.com/poruru_ai/status/2086072939850637700,True,prompts/真人/特效向/科幻/renoise-2086072939850637700--すべて上半身のアングルか-顔のズーム-15-second-cyber-grung.md,"すべて上半身のアングルか、顔のズーム。15-second cyber-grunge rap music video. Use Image 1 as the character reference: keep the female performer’s facial identity, long black hair, pale yellow futuristic outfit, and overall silhouette consistent. Use Image 2 as the style reference: match the dark-pop / cyber-grunge / rap editorial energy, rough print textures, distressed typography feel, red-black-white graphic impact, and scanned magazine surface treatment. Create a fast-paced performance video with strong physical motion from the very first frame. Do not let the performer remain frozen in the original pose. The performer must be actively moving in every shot. Use hard cuts only. No fades, no dissolves, no slow static posing. Visual style: dark-pop / cyber-grunge / rap music video with photoreal high-fashion polish and the texture of a scanned film magazine. Reference late-1990s to early-2000s indie magazines, photocopies, film scans, underground-music posters, and zine collage. Add coarse grain, subtle gate weave, halftone dots, rough print edges, slight scan misregistration, distressed print texture, and bold editorial contrast. High contrast without looking cheap. Composition focuses primarily on close-ups of the face, but include a few medium-close performance shots for rhythm. Editing rule: Use rapid hard cuts every 1.5 to 3 seconds. Every shot should contain visible subject motion and/or visible camera motion. Avoid long held still frames. Avoid idle minimal motion. Keep the energy aggressive, stylish, and performance-driven. 0.0–2.0s: Extreme close-up of her face. She sharply lifts her chin, stares directly into the camera, mouths the lyrics with attitude, then tilts her head slightly to the right. Her right hand quickly rises into frame and brushes past her cheek. Hair strands move naturally. Camera performs a fast handheld push-in. 2.0–4.0s: Hard cut. Tight close-up from a 3/4 side angle. She turns her head toward camera, rolls one shoulder forward, and takes one confident step. Her left hand pulls lightly at the collar/upper neckline area, then drops. Camera tracks sideways with her movement, slightly shaky and energetic. 4.0–6.0s: Hard cut. Medium-close shot. She walks directly toward the camera for two strong steps, rapping with assertive mouth movement. She points briefly toward the lens, then sweeps her hand downward. Her hair swings with the forward motion. Camera dollies backward to maintain framing. 6.0–8.0s: Hard cut. Close-up. She snaps her head left, then back to center, then gives a short half-turn of the shoulders. Her expression becomes fiercer. Camera makes a quick clockwise mini-orbit around her face. Graphic grunge typography flashes briefly around the frame in sync with the beat. 8.0–10.0s: Hard cut. Tight side-profile close-up. She strides past camera with visible body momentum, then glances back over her shoulder directly into the lens. Hair trails behind her and then settles. Camera pans with her, then quickly catches the backward glance. 10.0–12.0s: Hard cut. Close-up with intense eye contact. She leans toward the camera, mouths a punchy lyric line, raises both hands near her face in a sharp rap gesture, then drops one shoulder and shifts her weight. Camera pushes in rapidly from close-up to extreme close-up. 12.0–15.0s: Hard cut. Alternating close-up and medium-close framing. She performs a strong final sequence: one step forward, head snap, direct stare, one decisive hand gesture across frame, then finishes in a dominant final pose facing camera. Camera makes a final aggressive push-in and ends on a striking facial close-up. Secondary motion: Hair should react to every head turn and step. Outfit should show subtle natural movement with body motion. Maintain realistic weight transfer, shoulder movement, neck movement, hand motion, and facial performance throughout. Keep the background alive with subtle light flicker, graphic overlays, and editorial texture movement. Graphic / surface treatment: Incorporate distressed typography, poster fragments, halftone textures, xerox-like print grit, rough collage edges, and slight scan wobble inspired by the style reference. Keep the typography integrated as graphic design elements, not as static title cards. Everything should feel like a moving underground fashion magazine spread. Important: Immediate motion from frame one. Strong face performance. Visible body mechanics. Visible camera motion. No static posing. No frozen beauty-shot lingering. Keep it intense, stylish, and kinetic."
renoise-2086089483682734427,Create a premium cinematic character bible sheet for a capoeira practitioner…,,漫剧,现实向,剧情短片,3D卡通,en,Seedance 2.0,,,renoise-ai/awesome-seedance-prompts,https://github.com/renoise-ai/awesome-seedance-prompts/blob/904b6caffa21c2b114bb93e1bd0e37ba80b3dd10/data/prompts/2086089483682734427.json,CC-BY-4.0,TechieSA,https://x.com/TechieBySA/status/2086089483682734427,True,prompts/漫剧/现实向/剧情短片/renoise-2086089483682734427--Create-a-premium-cinematic-character-bib.md,"Create a premium cinematic character bible sheet for a capoeira practitioner named PEDRO. Use the uploaded character sheet as the strict visual reference for his exact face, body, proportions, hair, skin tone and outfit. Do not change his appearance.

LEFT SIDE: Massive bold brushstroke text PEDRO top left corner, thick and expressive, vibrant warm yellow color. Below it small text: CAPOEIRA / NEVER STOPS MOVING. One large full height dynamic hero image of Ginga directly below — mid parafuso, body completely horizontal in the air, leg fully extended, white abada pants flowing, golden Brazilian sunlight hitting him, colorful vibrant Brazilian street watercolor splash in warm yellows oranges and blues radiating outward behind him fading into white, no box no frame, directly on the white page.

CENTER: Section labeled TURNAROUND in small clean text. Three full body views: Front, Side, Back. Same character same outfit same proportions as reference. Below: DETAILS section with clean illustration of the rope belt and wooden bead necklace separately.

RIGHT SIDE: Section labeled DETAILS. Grid of four clean close-up panels: Face front calm warm expression, Eyes intense and focused, Rope belt detail, Bare feet on cobblestone close-up. Below: COLOR PALETTE — white, warm brown, gold, cobblestone grey. Tagline bottom right: NEVER STOPS MOVING.

OVERALL: Clean white background, vibrant warm yellow and orange watercolor splash behind hero pose, energetic and fluid layout, minimal clean typography, lots of white space, cinematic cel-shaded 3D anime, semi-realistic CGI, hand-painted textures, digital painting feel, hard-edge brushwork, not cartoon not Disney not Pixar, print ready."
renoise-2086124536253043164,"Cinematic anime short film clip, 15 seconds. Busy colorful Asian street market…",,漫剧,特效向,武侠打斗,2D日漫,en,Seedance 2.0,,,renoise-ai/awesome-seedance-prompts,https://github.com/renoise-ai/awesome-seedance-prompts/blob/904b6caffa21c2b114bb93e1bd0e37ba80b3dd10/data/prompts/2086124536253043164.json,CC-BY-4.0,TechieSA,https://x.com/TechieBySA/status/2086124536253043164,True,"prompts/漫剧/特效向/武侠打斗/renoise-2086124536253043164--Cinematic-anime-short-film-clip,-15-seco.md","Cinematic anime short film clip, 15 seconds. Busy colorful Asian street market, vibrant vendor stalls everywhere, hanging lanterns, bamboo poles, fruit and vegetable displays, wooden crates, ladders, market umbrellas, food trays, watermelon stacks. Warm afternoon sunlight, very chaotic and colorful environment.

CHARACTER 1 — JACKIE: Light brown skin, sharp expressive Asian features, short messy dark hair, bright quick eyes, lean agile build, early 30s, alert expression. White tank top, dark loose trousers, black cloth shoes. No weapons — uses environment only.

CHARACTER 2 — OPPONENT: Light skin, broad intimidating features, shaved head, mean cold expression, large muscular build. Black jacket, dark trousers, black boots.

AUDIO: Fast paced comedic action music from frame one, building with every exchange, comedic timing on every prop impact, always energetic and fun throughout.

[0:00-0:02] Already mid fight from frame one. Opponent throws a punch — Jackie ducks under it — grabs a nearby bamboo pole from a vendor stall — vaults completely over the opponent using it. Wide shot showing colorful market. Low angle of the vault. SFX: punch whoosh, bamboo pole, vault landing.

[0:02-0:04] Opponent charges — Jackie grabs a wooden crate — throws it — opponent smashes through it — Jackie already moving, grabs a food tray — uses it as a shield deflecting the next punch — spins and hits opponent with the tray. Fast cuts every angle. SFX: crate smash, tray deflect, comedic impact.

[0:04-0:06] Opponent grabs a stool and swings — Jackie ducks — grabs hanging string of lanterns — swings across the market on them — lands on top of a vegetable stall. Opponent charges from below. Wide shot of the swing. Side profile of the landing. SFX: lanterns creaking, stall landing.

[0:06-0:08] Jackie jumps off the stall — uses opponent's momentum against him — redirects him into a stack of fruit — fruit exploding everywhere. Jackie lands using a market umbrella to slow his fall. Very comedic but very skillful. Wide shot of fruit explosion. Close up of Jackie's surprised face. SFX: fruit explosion, comedic music hit.

[0:08-0:10] Opponent back up furious — Jackie grabs a ladder — uses it between both hands spinning it, blocking every strike, opponent can't get past it. Very signature move. Close up of ladder blocking. Side profile of the spinning. SFX: ladder impacts, frustrated opponent.

[0:10-0:12] Opponent grabs one end of the ladder — tug of war — Jackie lets go suddenly — opponent stumbles — Jackie slides under a market table, comes up the other side, kicks the table into the opponent sending him backward. Low angle of the slide. Wide shot of table impact. SFX: table sliding, impact.

[0:12-0:15] HERO MOMENT. Opponent makes one final massive charge — Jackie sidesteps perfectly at the last second — opponent crashes into a massive stack of watermelons — watermelons exploding everywhere in slow motion — Jackie standing calmly in the middle of the explosion, watermelon pieces flying around him — looks at camera — slight embarrassed smile — shrugs — cut to black.

Cinematic cel-shaded 3D anime, semi-realistic CGI, hand-painted textures, Unreal Engine quality, warm afternoon market lighting, vibrant colorful market colors, digital painting feel, hard-edge brushwork, heavy shadows, not cartoon not Disney not Pixar, film grain, premium anime quality, fast paced comedic action music dominant throughout."
renoise-2086139631712776596,TOTAL VIDEO TIME: 15 SECONDS,,漫剧,现实向,剧情短片,3D卡通,en,Seedance 2.0,,,renoise-ai/awesome-seedance-prompts,https://github.com/renoise-ai/awesome-seedance-prompts/blob/904b6caffa21c2b114bb93e1bd0e37ba80b3dd10/data/prompts/2086139631712776596.json,CC-BY-4.0,Iqra Saifi,https://x.com/IqrasaifiAI/status/2086139631712776596,True,prompts/漫剧/现实向/剧情短片/renoise-2086139631712776596--TOTAL-VIDEO-TIME-15-SECONDS.md,"TOTAL VIDEO TIME: 15 SECONDS
10 SHOTS • FRESH • VIBRANT • HEALTHY EATS
Legend icons: BASE, PROTEIN, COLOR POP, DRIZZLE
Character Note: Use the same young female chef throughout: minimalist gray apron over a clean white tee, bright VIBRANT POKE BOWL BUILDING
TOTAL VIDEO TIME: 15 SECONDS
10 SHOTS • FRESH • VIBRANT • HEALTHY EATS
Legend icons: BASE, PROTEIN, COLOR POP, DRIZZLE
Character Note: Use the same young female chef throughout: minimalist gray apron over a clean white tee, bright modern kitchen / coastal poke bar vibe.
10 Storyboard Panels
Ingredients ready: Cubed Ahi tuna, sushi rice, avocado, edamame, mango, shredded carrots, green onions, and spicy mayo.
Scoop the base: Fluffy steamed sushi rice being layered neatly into the bottom of a clean ceramic bowl.
Cube the fish: Chef precisely slicing fresh, ruby-red Ahi tuna into perfect bite-sized cubes.
The marinade: Tossing the tuna cubes gently in a light glistening pool of soy-sesame sauce.
Add the protein: Placing the marinated tuna cleanly onto one side of the rice bed.
Add green & crunch: Adding bright green edamame beans and vibrant orange shredded carrots next to the tuna.
Add creamy & sweet: Fan out fresh avocado slices and a neat pile of diced golden mango.
The perfect drizzle: Zig-zagging creamy spicy mayo across the beautifully arranged ingredients.
The final garnish: Sprinkling black sesame seeds and finely chopped green onions over the top.
Chef presents bowl: The chef proudly holds up the completed, colorful poke bowl with a welcoming smile.
Footer
VIDEO FLOW: 10 shots x 1.5s
CAMERA TIPS: Top-down angle for base and topping arrangement, 45-degree angle for slicing and mixing action, extreme close-ups for the sauce drizzle, slightly low-angle for the final presentation.
LIGHT & STYLE: Bright natural daylight, high contrast, popping tropical colors, shallow depth of field, premium 3D stylized look.
CHEF NOTES: Keep it clean, precise, and highly colorful. Focus on neat ingredient separation before the final look. Sell the ultimate fresh, healthy bowl."
renoise-2086197260631601621,15秒、16:9、一続きの録画、参照画像1の女性がこの動画の主役、顔と骨格は参照画像2が正、服と場所と構図は参照画像1に従う、25歳の日本人女性、少しパーマがか…,,真人,现实向,年代怀旧,,ja,Seedance 2.0,link-only,sexual,renoise-ai/awesome-seedance-prompts,https://github.com/renoise-ai/awesome-seedance-prompts/blob/904b6caffa21c2b114bb93e1bd0e37ba80b3dd10/data/prompts/2086197260631601621.json,CC-BY-4.0,ぴょんきち,https://x.com/yarakashiyama_/status/2086197260631601621,True,prompts/真人/现实向/年代怀旧/renoise-2086197260631601621--15秒-16-9-一続きの録画-参照画像1の女性がこの動画の主役-顔と骨格は参照.md,
renoise-2086298926617903365,"CHASE: Fictional Korean female performer in her 20s, long straight black hair…",,真人,特效向,动作大片,,en,Seedance 2.0,,,renoise-ai/awesome-seedance-prompts,https://github.com/renoise-ai/awesome-seedance-prompts/blob/904b6caffa21c2b114bb93e1bd0e37ba80b3dd10/data/prompts/2086298926617903365.json,CC-BY-4.0,Ahmad Faraz,https://x.com/iamahmedfaraz66/status/2086298926617903365,True,prompts/真人/特效向/动作大片/renoise-2086298926617903365--CHASE-Fictional-Korean-female-performer.md,"CHASE: Fictional Korean female performer in her 20s, long straight black hair, dewy skin, elegant features, large expressive eyes, coral lips, slim curvy figure, subtle glam makeup, sparkly earrings and a stylish modest stage outfit. Keep her face, hair, outfit and identity identical throughout.

STYLE: Authentic early-2000s handheld DV camcorder vlog. CHASE holds the camera herself. Natural shaky movement, imperfect framing, autofocus hunting, slight blur, tape noise, mild compression, muted contrast and occasional exposure flicker. No modern smartphone look, no polished cinematic camera work.

SETTING: Fictional backstage area of a live performance venue with narrow corridors, mirrors, clothing racks, equipment, cables, curtains, crew members and colorful stage lights in the distance.

SEQUENCE:
CHASE walks quickly while filming herself: “Okay… we have thirty seconds.” She turns the camera toward the busy corridor and laughs: “Why is everyone suddenly running?”
She stops at a mirror, fixes her hair and asks: “Hair okay? Outfit okay?”

Someone off-camera calls her name. She looks surprised: “Me?!”

She rushes toward the stage entrance, camera becoming increasingly shaky. Behind the curtain, bright stage lights illuminate her face. She looks into the camera and whispers: “Okay… wish me luck.”

A countdown begins. She smiles, makes a tiny finger heart and says: “See you after.” She turns the camera forward and runs toward the bright stage lights.

AUDIO: Natural backstage ambience, footsteps, distant voices and muffled announcements. No recognizable music or copyrighted audio.

Entirely fictional character and fictional venue. No real celebrities, brands, shows or existing characters."
renoise-2086349180948345309,"[STYLE / CINEMATIC SETUP] A 10.5-second, 16:9 photorealistic AAA action-game…",,真人,特效向,动作大片,,en,Seedance 2.0,,,renoise-ai/awesome-seedance-prompts,https://github.com/renoise-ai/awesome-seedance-prompts/blob/904b6caffa21c2b114bb93e1bd0e37ba80b3dd10/data/prompts/2086349180948345309.json,CC-BY-4.0,underwood,https://x.com/underwoodxie96/status/2086349180948345309,True,"prompts/真人/特效向/动作大片/renoise-2086349180948345309--STYLE-CINEMATIC-SETUP-A-10.5-second,-16.md","[STYLE / CINEMATIC SETUP] A 10.5-second, 16:9 photorealistic AAA action-game cinematic rendered at real-time speed with no slow motion. The setting is a cramped, cluttered late-night Asian restaurant connected to a rain-soaked street. Cyan-green fluorescent light, red neon and warm practical lamps create a high-contrast mixed-light environment, with reflections across wet floors and pavement. Shoot with a 35mm spherical lens, shallow-to-moderate depth of field and cinematic motion blur appropriate to the actual speed of movement. Use close shoulder-mounted and handheld coverage, connecting seven short close-combat shots with fast hard cuts. The camera instinctively pans, retreats or drops with each block, takedown and collision while keeping the action and contact points readable. No dialogue, no subtitles and no BGM. Generate only synchronized rain, appliance hum, urgent footsteps, fabric movement, body impacts, gunshots, metal contact and breaking glass.  [IMAGE REFERENCES] No external still-image reference. Follow the written character and environment descriptions consistently. If the platform supports reference video, use the supplied video only as a reference for editing rhythm, camera distance, action direction and lighting atmosphere, not for copying a specific actor’s identity.  The protagonist remains the same lean, agile man in his early forties throughout the sequence: neck-length black hair swept back, a short beard, a tired but focused face, a slightly wrinkled black suit, white shirt and narrow black tie, all carrying faint rain and wear marks. Preserve his face, hairstyle, body proportions, clothing and screen direction across all seven shots. Keep every opponent visually distinct: a man in a blue work uniform, a bald man in a navy jacket, a heavy man in a black jacket, a bald counter attacker, a red-headband attacker, a red-jacketed armed attacker and a heavy man in a dark green coat outside.  [TIMELINE SECOND BY SECOND] 0–1.9s: [Shoulder-height medium close-up, tight lateral handheld tracking, real-time speed] The protagonist stands on screen left, pinning the blue-uniformed attacker against a glass refrigerator with his left forearm and palm. He delivers two compact, weighted elbow and palm-heel strikes. Each impact drives the attacker’s head into the refrigerator door, loosening his white headband and leaving a small blood trace on the glass; the attacker finishes sliding down the door while the protagonist remains standing.  1.9–4.3s: [Medium shot transitioning into a high-angle overhead, shoulder-mounted drop, real-time speed] Hard cut near the restaurant’s rear entrance. The bald attacker in a navy jacket locks the protagonist from behind. The protagonist lowers his center of gravity, traps the attacker’s arm and rotates his hips, throwing him heavily over the shoulder onto the wet floor. The camera drops with them into an overhead view. Kneeling across the attacker’s torso, the protagonist draws a compact black pistol and fires one downward shot; recoil travels through his wrist and the attacker jolts once before becoming still.  4.3–5.9s: [Tight medium shot, lateral handheld follow, real-time speed] Hard cut with both men already upright. A heavy attacker in a black jacket swings from screen right. The protagonist slips outside the punch, allowing it to pass close to his face, circles behind the attacker and locks his shoulder and neck off balance. He presses the pistol close to the side of the attacker’s head and fires. The muzzle flash briefly illuminates both faces; the attacker’s head and shoulders snap backward and his body begins to collapse.  5.9–7.9s: [Counter-height medium close-up, subtle handheld push-in, real-time speed] Hard cut to the restaurant counter. Another bald attacker bends forward and clamps around the protagonist’s waist. The protagonist pins the attacker’s head and neck under his left arm while grabbing a short, rigid pointed utensil from the counter. He drives two compact downward thrusts into the upper shoulder and side of the neck. Each contact bends the attacker’s knees further; a restrained amount of blood marks the shirt and counter edge before the attacker hangs helplessly beneath the protagonist’s controlling arm.  7.9–9.0s: [Two-person medium close-up, fast pan with a short retreat, real-time speed] Hard cut as the red-headband attacker rushes into close range. He throws a wide hook from screen right. The protagonist raises his forearm to block, catches the wrist and pulls it outward, then drives a palm heel and forearm into the attacker’s face. The camera retreats with the impact as the attacker loses his balance and staggers toward the rear right of the frame.  9.0–9.9s: [Low-angle wide shot, slight arc around the action, real-time speed] Hard cut to a wider section of the restaurant. The red-jacketed armed attacker advances from screen left. Holding a long black firearm with both hands, the protagonist uses it as a blunt weapon and swings horizontally from right to left. The weapon strikes the attacker’s upper chest and shoulder, rotating his torso, crossing his feet and sending him off balance toward screen left.  9.9–10.5s: [Exterior rainy-street medium shot, fast parallel tracking, real-time speed] Hard cut outside the restaurant. The protagonist already controls a heavy attacker in a dark green coat and uses his forward momentum to drive the man’s head and upper body into the side window of a parked black station wagon. The glass bursts inward at the contact point, scattering both large and fine fragments. The attacker folds through the broken window while the protagonist regains stable footing beside the car, ending with glass fragments still falling.  [STYLE & QUALITY BOOSTERS] Maintain the protagonist’s face, black suit, white shirt, tie, hairstyle and body proportions through every hard cut. The pistol, pointed utensil, injuries and blood marks must appear only in their designated shots and must never morph or change ownership. Throws, recoil, strike reactions, loss of balance and window breakage must show believable weight, inertia and precise contact. Apply motion blur only to rapidly moving arms, weapons, glass fragments and camera-relative backgrounds.  No sudden face or costume changes; no extra fingers, fused limbs or inverted joints; no morphing weapons, utensils or vehicles; no foot sliding or rubber-like collision reactions; no blood, bullet damage or glass fragments appearing before physical contact."
renoise-2086381056907764159,[GOAL],,真人,现实向,年代怀旧,,en,Seedance 2.0,,,renoise-ai/awesome-seedance-prompts,https://github.com/renoise-ai/awesome-seedance-prompts/blob/904b6caffa21c2b114bb93e1bd0e37ba80b3dd10/data/prompts/2086381056907764159.json,CC-BY-4.0,Dheepan Ratnam,https://x.com/Dheepanratnam/status/2086381056907764159,True,prompts/真人/现实向/年代怀旧/renoise-2086381056907764159--GOAL.md,"[GOAL]
A 15-second Coca-Cola television commercial as it would have been produced in 1950,
composed for a square 1:1 frame, 1440x1440, 24fps. Everything about it must belong to
1950 — the film stock, the lighting, the performances, the typography, the music and
the voice.

[MEDIUM]
Three-strip Technicolor. Saturated but slightly soft, warm and high-key, rich reds and
creams, gentle bloom in the highlights, fine period grain, a faint weave and gate
flicker. Studio lighting with a hard key and generous fill — no shadows anywhere they
weren't intended.

[CAMERA]
Formal and locked, mounted on a dolly. Two slow deliberate dolly moves and nothing else.
No handheld, no zooms, no whip pans. Everything composed centrally and symmetrically.

[SETTING]
An American drugstore soda fountain. A long marble counter, chrome stools, a tiled
floor, a wall of syrup pumps behind. A soda jerk in a white paper cap, white shirt and
black bow tie. A young couple in their early twenties in 1950 clothing — she in a
belted cotton dress, he in a shirt and tie with his sleeves rolled.

[SEQUENCE]
0-3s     Slow dolly in along the counter to the couple sitting side by side, mid-
         conversation, laughing at something we don't hear.
3-6s     The soda jerk sets down two ice-cold 6.5oz Coca-Cola hobbleskirt contour glass
         bottles, beaded with condensation, and opens both with a wall-mounted opener.
         Two clean hisses.
6-9s     She takes a drink, closes her eyes for a second, and sets the bottle down.
         Genuine, unforced pleasure. He watches her and smiles.
9-12s    Wider two-shot. They clink the bottles together lightly. Neither says anything.
         Slow dolly out.
12-15s   Cut to a hand-lettered end card: a solid red field, the Coca-Cola script logo
         in white inside a red disc button, and beneath it, hand-lettered in white,
         ""The pause that refreshes."" Completely still. Hold.

[TYPOGRAPHY]
The only text is on the end card, hand-lettered in the manner of 1950 commercial
art — slightly irregular, painted rather than typeset. The Coca-Cola script must be the
Spencerian wordmark and must be spelled correctly.

[AUDIO]
Mono, not stereo. A narrow, warm, slightly boxy optical soundtrack with a constant faint
surface hiss and limited high end, as if played from a print. A light big-band
orchestral bed with muted brass and brushed drums, cheerful and unhurried, ducking
under the voice.

Diegetic: the hiss of a soda fountain, ice in a metal scoop, two bottle caps coming off,
glass set on marble, a light clink at 10 seconds.

Announcer — a warm, plummy, mid-Atlantic American male voice, unhurried, close-miked and
mono. Complete script, 15 words, nothing may be added:
""Wherever you go, there's a place to pause. Ice-cold Coca-Cola. The pause that
refreshes.""

[NEGATIVE]
No modern clothing, hairstyles, glasses or objects. No plastic. No cans. No handheld
camera, no zooms, no lens flare, no shallow depth of field, no colour grading toward
teal. No stereo, no reverb-heavy modern mix, no synthesised instruments. No captions,
subtitles, hashtags, social media interface, watermarks or logos other than the
Coca-Cola script. The fishtail Arciform logo did not exist in 1950 — do not use it. No
polar bears, no Santa Claus. Do not cut more than the four times listed."
renoise-2086391586305319402,"SCENE CONTEXT A working fishing wharf on the Florida gulf coast, 1957, two…",,真人,特效向,特效综合,,en,Seedance 2.0,,,renoise-ai/awesome-seedance-prompts,https://github.com/renoise-ai/awesome-seedance-prompts/blob/904b6caffa21c2b114bb93e1bd0e37ba80b3dd10/data/prompts/2086391586305319402.json,CC-BY-4.0,Ivanna | AI Art & Prompts,https://x.com/ivanka_humeniuk/status/2086391586305319402,True,prompts/真人/特效向/特效综合/renoise-2086391586305319402--SCENE-CONTEXT-A-working-fishing-wharf-on.md,"SCENE CONTEXT A working fishing wharf on the Florida gulf coast, 1957, two hours before dawn. A night catch is being craned off a trawler in cargo nets. One net holds something that fights. The crew wrestle her into a wooden crate on the dock while a young deckhand breaks ranks to reach her. Camera works the wharf low among the crew, operator axis running down the length of the dock toward the ice house. ACTIVE REFERENCES @image1 — the mermaid. Waist-length white-blonde curls, pale luminous skin with a fine iridescent sheen across shoulders and collarbones, small cream scallop shells pinned in the hair, warm brown eyes, a pearl-and-silver shell bodice, and a long pearlescent scaled tail shifting through opal, rose and pale green. 100% matches the reference. @image2 — Danny, 22, lean and wiry, deep tan with sun freckles across the nose and cheekbones, dark hair sun-bleached at the tips and pushed back damp, white cotton undershirt, mustard-yellow oilskin slicker worn open with water-darkened shoulders, olive canvas trousers, black rubber deck boots, a small silver Saint Christopher medal at the hollow of the throat, a 3 cm white scar across the left forearm, a leather knife sheath on the right hip. 100% matches the reference. LOCATION MAP Foreground: the wet plank decking of the wharf, running with seawater and loose fish scales, and a wooden crate 2 m long with a single band of chipped red paint along its side, lid propped open against it. Midground: the working dock — eight men in black rubber aprons and hip waders, a steel gantry crane with a heavy hook and two steel cables, a stack of forty identical wooden crates, open crates of grey grouper and snapper on ice, a hose running loose across the boards, a flatbed truck backed to the ice house with its tailgate down and headlamps on. Background: the black hull of a shrimp trawler with its rigging and booms against the sky, a row of carbon-arc dock lamps on timber poles receding into sea fog, and the lit doorway of a tin-roofed ice house. Colour comes off the materials: warm 2900K incandescent light sinking amber into wet timber and rubber, cold blue-grey fog filling the gaps between lamps, silver-grey fish everywhere, and the opal of the tail reading as the only iridescent thing on the whole dock. FIRST FRAME / BLOCKING Frame opens 15 cm above the wet decking, looking along the planks at grazing angle — water running between the boards, fish scales stuck to the wood, rubber boots crossing left and right in the near distance. The gantry crane is already lifting. @image1 is inside the cargo net from the first second, ten metres up. @image2 stands at the rail in the midground coiling line. FORMAT MODE Timed multishot with explicit hard cuts. Cuts only at the specified points, the camera does not cut on its own. OPTICS 0.0s to 4.0s — begins ECU at 20° FOV on the decking and opens to WS at 63° FOV as the camera rises, one continuous change of framing driven by camera position. 4.0s to 6.5s — MS, 47° FOV, neutral human perspective inside the scrum, no drift mid-segment. 6.5s to 9.5s — MS, 40° FOV, two men held in one frame, no drift mid-segment. 9.5s to 12.0s — WS low, 63° FOV, worm's-eye from deck level, no drift mid-segment. 12.0s to 15.0s — ECU, 20° FOV, tele-detail on the crate lid seam, no drift mid-segment. Large-format character throughout: deep focus with foreground and background both resolving, minimal fall-off behind the subject, wide clean frame edges, soft halation blooming around every arc lamp. CAMERA Beat 1 is one unbroken move: a low dolly forward along the planks at 4 km/h from 15 cm height, then a crane rising 4 m in a smooth continuous lift while tilting up 60 degrees, finishing on the loaded net swinging overhead against the lamps and the fog — no cut inside this move. Beat 2 is handheld at 90 cm with a 5 cm tremor, jolted twice by bodies crossing the lens. Beat 3 is a steadicam arc travelling with Danny at 6 km/h, then reframing hard camera-left as the foreman intercepts him. Beat 4 is locked at deck level, 20 cm off the boards, looking steeply up. Beat 5 is locked with a 10 cm push onto the lid seam. Focus is racked deliberately and lands hard each time. Camera body character: wide tonal latitude, highlights rolling off softly on the arc lamps and the wet rubber, shadows holding colour rather than going black. ACTION 0.0s to 4.0s — The camera runs low along the wet planks, water and scales sliding past under the lens, boots crossing overhead. At 1.4s it begins to rise and tilt up, climbing past a stack of crates, past the shoulders of two working men, past the truck headlamps, and up into the open air of the dock. It settles on the cargo net hanging four metres up on the crane cables, backlit by the arc lamps through the fog. @image1 is caught in the mesh among a mass of grey fish, and she is fighting — the tail driving hard against the ropes, the whole net swinging and spinning on the hook, seawater and fish falling out of the mesh and hitting the deck below. The steel cable jerks under the load. 4.0s HARD CUT 4.0s to 6.5s — The net drops the last metre and hits the decking with a heavy wet slam, spilling fish across the boards. Five men in rubber aprons converge on it at once. They drag the net open and haul @image1 out by the shoulders and the tail, boots skidding on the wet planks. She twists in their grip, arches, throws one man off balance. Water and fish scales hit the lens. 6.5s HARD CUT 6.5s to 9.5s — @image2 drops the coil of line from his hand and breaks into a run at the scrum, the camera arcing with him. @image1 sees him coming — her head snaps toward him and her free arm reaches out across the boards, fingers open. He reaches back. Before their hands close, the foreman of 55 in a black rubber apron and soaked flat cap steps in from camera-left, catches Danny across the chest with a forearm and shoves him back three paces, shouting into his face and jabbing a thumb at the ice house. Danny's arm stays out for one beat, then drops. 9.5s HARD CUT 9.5s to 12.0s — Worm's-eye from deck level, 20 cm off the boards, looking steeply up. Four men force @image1 down into the wooden crate with the chipped red band. The tail slams the crate wall twice and the boards flex. A man puts his weight on her shoulder. Another swings the heavy wooden lid up into frame and it comes down over the lens, cutting the arc lamps out of the sky in one movement, and a gloved fist slams it flat. 12.0s HARD CUT 12.0s to 15.0s — ECU on the closed crate. Between two warped boards a gap 2 cm wide remains. Inside the gap, lit by one arc lamp above, a single warm brown eye is looking straight out. The camera pushes 10 cm onto the gap. Behind the crate, deep in the background and soft, @image2 stands where the foreman left him, watching, not moving. At 14.6s a man's shadow crosses the boards and the gap goes dark. PERFORMANCE @image1 fights with full-body commitment from the first second — in the net her spine torques and the tail hammers the mesh, on the deck her neck cords and her teeth bare, breath tearing. The reach toward Danny is the one moment she stops fighting: the face opens, the eyes lock on him. When the crate closes she is spent, breathing hard, and the eye at the gap holds absolutely steady. Wet skin realism throughout: water beading and running on the iridescent sheen, hair heavy and clinging, tail scales slick and flexing with real muscle underneath. @image2 moves before he thinks — the line drops out of an open hand, he runs, his arm is out. Under the foreman's forearm his balance goes back and his jaw clamps, a swallow moving in his throat, eyes staying on the crate the whole time. Pore-level skin realism: sun freckles, salt-cracked knuckles, wet skin, the silver medal swinging at his throat as he runs. The foreman works at full volume with no anger in his face, only impatience — this is a shift, not an event. The crew handle her exactly as they handle cargo, with grip and leverage and no interest. PHYSICS The loaded net swings and spins on the hook with real inertia, the steel cable stretching and jerking. Fish and seawater fall from the mesh and land wet on the deck."
renoise-2086392093723775230,Full magical transformation sequence: a shadow assassin suspended in an…,,真人,特效向,奇幻怪兽,,en,Seedance 2.0,,,renoise-ai/awesome-seedance-prompts,https://github.com/renoise-ai/awesome-seedance-prompts/blob/904b6caffa21c2b114bb93e1bd0e37ba80b3dd10/data/prompts/2086392093723775230.json,CC-BY-4.0,LudovicCreator,https://x.com/LudovicCreator/status/2086392093723775230,True,prompts/真人/特效向/奇幻怪兽/renoise-2086392093723775230--Full-magical-transformation-sequence-a-s.md,"Full magical transformation sequence: a shadow assassin suspended in an abstract black-violet void as ribbons of smoky purple light orbit and wrap around them ,hair lifting into sharp animated strands, the stealth suit assembling in dark glowing panels, a mask forming from liquid shadow, a dagger-shaped sigil blooming underfoot ,the camera orbiting opposite the ribbons' spin, each beat synced to a rising ominous chord, ending in a crouched blade-crossed signature pose held against a violet eclipse starburst. Stock-footage grandeur, played sincere"
renoise-2086399591386390809,"Action All seven animals stand together, curiously looking around. Suddenly, a…",,漫剧,特效向,奇幻冒险,3D卡通,en,Seedance 2.0,,,renoise-ai/awesome-seedance-prompts,https://github.com/renoise-ai/awesome-seedance-prompts/blob/904b6caffa21c2b114bb93e1bd0e37ba80b3dd10/data/prompts/2086399591386390809.json,CC-BY-4.0,ToaiDanh,https://x.com/NVTDanh/status/2086399591386390809,True,"prompts/漫剧/特效向/奇幻冒险/renoise-2086399591386390809--Action-All-seven-animals-stand-together,.md","Action All seven animals stand together, curiously looking around. Suddenly, a colorful butterfly flies past, instantly catching everyone's attention. The animals joyfully scatter in different directions, each moving naturally according to its own species and personality. Their paths occasionally cross without collisions, creating playful and funny interactions. The chase continuously passes through flower fields, tall grass, gentle hills, forests, rocky trails, fallen logs, shallow streams, wooden bridges, muddy puddles, sandy paths, caves, waterfalls, and open meadows, with each environment inspiring unique and playful movement. Near the end, the butterfly gently lands on the giraffe's nose. Everyone freezes for a brief moment before the butterfly flies away again, and all seven animals burst into laughter together. Continuous, fast-paced, expressive, whimsical, and non-repetitive movement. Camera 12 different cinematic angles. Dynamic tracking, FPV following the butterfly, front, rear, side, low-angle, overhead drone, orbit, close-up reaction shots, wide establishing shots, and smooth crane movements. The camera constantly changes position while keeping the group and surrounding environments visible, emphasizing the lively storybook atmosphere. Continuous camera motion with seamless transitions."
renoise-2086400849203659136,A recognizable modern Dubai skyline suddenly begins transforming into the year…,,真人,特效向,科幻,,en,Seedance 2.0,,,renoise-ai/awesome-seedance-prompts,https://github.com/renoise-ai/awesome-seedance-prompts/blob/904b6caffa21c2b114bb93e1bd0e37ba80b3dd10/data/prompts/2086400849203659136.json,CC-BY-4.0,Nafis Ahmed,https://x.com/iam_nafisahmed/status/2086400849203659136,True,prompts/真人/特效向/科幻/renoise-2086400849203659136--A-recognizable-modern-Dubai-skyline-sudd.md,"A recognizable modern Dubai skyline suddenly begins transforming into the year 2100. The Burj Khalifa rapidly evolves into a colossal futuristic vertical city while surrounding skyscrapers rise, expand and morph into breathtaking advanced architecture. The transformation feels physically realistic and spectacular, with a smooth cinematic camera push-in designed to immediately stop the viewer's scroll.

Create a photorealistic cinematic vision of Dubai rebuilt in the year 2100.

Start with an epic aerial shot of modern Dubai at sunset, clearly recognizable by the Burj Khalifa and futuristic skyline. Slowly reveal that the entire city has evolved into an advanced megacity of 2100.

Massive futuristic skyscrapers rise far above the current skyline, with elegant organic architecture, transparent glass structures, glowing energy systems, vertical gardens, and enormous floating platforms between buildings. Autonomous flying vehicles move smoothly through the sky in organized air traffic.

The Burj Khalifa has been transformed into an ultra-modern vertical city, surrounded by holographic architecture and illuminated sky bridges. The streets below are completely car-free, replaced by clean futuristic pedestrian spaces, autonomous transportation and lush vertical forests.

Show a breathtaking futuristic Dubai coastline with floating artificial islands, transparent underwater structures, advanced renewable-energy towers and massive solar installations integrated into the architecture.

Make everything feel physically realistic and technologically plausible, not cartoonish. Add realistic reflections on glass, atmospheric haze, volumetric sunlight, detailed materials, natural shadows, subtle holographic interfaces and believable human activity.

Camera movement: smooth cinematic drone flight, starting wide above the skyline and gradually flying forward between futuristic skyscrapers, ending with a huge reveal of the entire 2100 Dubai megacity.

Ultra-detailed, photorealistic, cinematic composition, realistic scale, premium Hollywood sci-fi VFX, 8K detail, dramatic golden-hour lighting, natural colors, highly immersive, no text, no logos, no watermark."
renoise-2086407184309792852,Create a cinematic miniature adventure in a cozy kitchen. A tiny chibi-style…,,漫剧,现实向,日常治愈,Q版,en,Seedance 2.0,,,renoise-ai/awesome-seedance-prompts,https://github.com/renoise-ai/awesome-seedance-prompts/blob/904b6caffa21c2b114bb93e1bd0e37ba80b3dd10/data/prompts/2086407184309792852.json,CC-BY-4.0,Arzoo Ai,https://x.com/Arzoo12sh/status/2086407184309792852,True,prompts/漫剧/现实向/日常治愈/renoise-2086407184309792852--Create-a-cinematic-miniature-adventure-i.md,"Create a cinematic miniature adventure in a cozy kitchen. A tiny chibi-style young man walks carefully across a giant hot pepperoni pizza, stepping between large pepperoni slices and stretchy melted cheese. Steam rises around him as he reacts with surprise. He struggles with the soft cheese, then uses a giant kitchen spatula to lift and move a pizza slice. Camera switches between macro close-ups and wide shots showing how tiny he is compared with the pizza. Warm natural sunlight, realistic melted cheese, detailed pepperoni, smooth character animation, cinematic camera movement, shallow depth of field, playful storytelling, high-quality 3D animation, vertical 9:16."
renoise-2086419819302363425,Create a cinematic emotional animated short about kindness and rescuing a stray…,,漫剧,现实向,日常治愈,3D卡通,en,Seedance 2.0,,,renoise-ai/awesome-seedance-prompts,https://github.com/renoise-ai/awesome-seedance-prompts/blob/904b6caffa21c2b114bb93e1bd0e37ba80b3dd10/data/prompts/2086419819302363425.json,CC-BY-4.0,Sidra,https://x.com/kakarPathan_/status/2086419819302363425,True,prompts/漫剧/现实向/日常治愈/renoise-2086419819302363425--Create-a-cinematic-emotional-animated-sh.md,"Create a cinematic emotional animated short about kindness and rescuing a stray puppy, maintaining strict character consistency throughout the entire video.

Scene 1 — Lonely Puppy:
Open on a rainy city street at dusk. A tiny brown-and-white stray puppy sits alone beside the curb, soaked from the heavy rain. Water drips continuously from its fur and floppy ears. The puppy lowers its head and looks around sadly. Cars slowly pass in the background, their headlights reflecting beautifully across the wet asphalt. Umbrella-carrying pedestrians move through the distant background. Rain falls naturally, puddles ripple continuously, and mist creates a soft blue cinematic atmosphere. Camera starts with a wide establishing shot and performs a slow, emotional dolly-in toward the puppy.
Scene 2 — Girl Discovers Puppy:
Cut to the young girl in a bright yellow raincoat walking through the rain. She notices the puppy and suddenly stops. Her expression changes from curiosity to concern. Move into an emotional close-up as her eyes widen and become watery. Rain droplets remain visible on her hair, face and yellow hood. She slowly approaches and kneels beside the frightened puppy.

Scene 3 — Act of Kindness:
The girl gently wraps the shivering puppy in a colorful knitted scarf. She carefully pulls the scarf around its body and hugs it against her chest. The puppy initially looks nervous, then slowly relaxes. The girl's eyes close as she smiles softly. The puppy looks up at her with grateful expressive eyes. Rain continues falling around them while the colorful scarf creates a beautiful warm contrast against the cold blue environment. Use a slow cinematic push-in and intimate close-up framing.
Scene 4 — Food and Safety:
Transition to the puppy sitting beside the girl, now feeling safe. A shiny metal food bowl is placed in front of it. The puppy immediately becomes excited and begins happily eating. Its tail gently wags while the girl watches with a relieved smile. Use a playful close-up of the puppy eating, showing detailed fur, expressive eyes and subtle natural head movement.

Scene 5 — New Beginning:
Transition from the dark rainy atmosphere into warm golden morning sunlight. Reveal the same girl and the same puppy in a beautiful green city park. The puppy is now clean, healthy and energetic, wearing a blue collar. The girl happily walks alongside it while the puppy runs excitedly, wagging its tail and chasing a bright red ball. Use a smooth lateral tracking shot following them as they move through the park. Trees gently sway in the breeze, sunlight filters through leaves, birds and distant park activity create subtle background life.
Final emotional shot:
The girl stops while the puppy sits happily beside her with the red ball nearby. They look at each other affectionately. Camera slowly pulls back into a wide cinematic shot showing the peaceful sunlit park. Warm golden rays surround them, creating a hopeful emotional ending.

Add a final clean white end card with a simple centered emblem/logo and the message: “Spread kindness everywhere.” Keep the typography clean, minimal and perfectly readable.
Natural character motion, believable body mechanics, subtle breathing, realistic blinking, expressive eyes, natural tail movement, realistic rain physics, water droplets sliding across surfaces, wet fur dynamics, physically accurate puddle ripples, cinematic depth of field, smooth camera movement, soft lens bloom, volumetric atmosphere, emotional pacing, seamless scene transitions, premium 3D animated feature-film quality, cinematic color grading transitioning from cool rainy blue tones to warm golden tones, 16:9, 4K."
renoise-2086434543368569014,"1950 — ""You press the button, we do the rest""",,真人,现实向,年代怀旧,,en,Seedance 2.0,,,renoise-ai/awesome-seedance-prompts,https://github.com/renoise-ai/awesome-seedance-prompts/blob/904b6caffa21c2b114bb93e1bd0e37ba80b3dd10/data/prompts/2086434543368569014.json,CC-BY-4.0,Dheepan Ratnam,https://x.com/Dheepanratnam/status/2086434543368569014,True,"prompts/真人/现实向/年代怀旧/renoise-2086434543368569014--1950-—-You-press-the-button,-we-do-the-r.md","1950 — ""You press the button, we do the rest""

[GOAL]
A 15-second Kodak television commercial as it would have been produced in 1950,
composed for a square 1:1 frame, 1440x1440, 24fps. Everything must belong to 1950 —
film stock, lighting, performances, typography, music and voice.

[MEDIUM]
Kodachrome. Deeply saturated, warm, high-key, with rich reds and greens and slightly
crushed blacks. Fine period grain, gentle highlight bloom, faint gate weave. This is a
film company advertising film — the image must look like the best possible example of
its own product.

[CAMERA]
Formal and locked on a tripod. One slow dolly in and nothing else. Centred, symmetrical
compositions.

[SETTING]
A suburban back garden on a bright summer afternoon in 1950. A trimmed lawn, a rose
border, a white-painted fence. A father in his thirties in shirtsleeves and high-waisted
trousers. His daughter, about six, in a cotton print dress and white socks.

[SEQUENCE]
0-3.5s   The girl stands on the lawn, fidgeting, trying to hold still and not managing
         it. Bright sun. She squints and grins.
3.5-7s   The father holds a Kodak Brownie box camera at waist height with both hands,
         looking DOWN into the waist-level viewfinder rather than holding it to his eye.
         He steadies himself. Both his hands are on the camera and he holds nothing
         else at any point.
7-10s    He presses the shutter release. A single mechanical clunk. The girl breaks her
         pose instantly and laughs. He winds the film on with his thumb, still holding
         the camera in both hands.
10-12.5s She runs out of frame toward him. He lowers the camera and watches her go.
12.5-15s Cut to an end card: a solid deep red field with the Kodak wordmark in yellow,
         and beneath it in yellow hand-lettered type, ""You press the button — we do the
         rest."" Completely still. Hold.

[TYPOGRAPHY]
The only text is the end card, hand-lettered in the manner of 1950 commercial art.
The Kodak wordmark is a bold sans-serif in yellow on red. Spell KODAK correctly.

[AUDIO]
Mono, narrow and slightly boxy, with constant faint optical-soundtrack hiss and limited
high end.

Music: a light orchestral bed, strings and woodwind, warm and domestic, ducking under
the voice.

Diegetic and forward in the mix: birdsong, a lawn underfoot, and at 7 seconds the
sound the whole commercial is built around — the heavy mechanical CLUNK of a leaf
shutter firing on a box camera, followed by the dry ratcheting click-click-click of the
film being wound on by thumb. Both must be clearly audible and mechanical.

Announcer — a warm, plummy, mid-Atlantic American male voice, mono, unhurried. Complete
script, 17 words, nothing may be added:
""She won't stand still for long. She doesn't have to. You press the button — we do the
rest.""

[NEGATIVE]
No modern clothing, hairstyles, spectacles or objects. No 35mm SLR, no camera held to
the eye, no zoom lens, no flash unit, no light meter. No Kodak ""K"" symbol logo — that
is 1971 and did not exist in 1950. No LCD screens, no instant prints, no colour
Polaroids. No handheld camera, no zooms, no lens flare, no shallow depth of field, no
teal grade. No stereo, no synthesised instruments, no modern reverb. No captions,
subtitles, hashtags, social interface or watermarks. Do not cut more than four times."
renoise-2086467607029489754,Top-down drone shot: an elite tennis player centered on a red clay court…,,其他,,广告带货,,en,Seedance 2.0,,,renoise-ai/awesome-seedance-prompts,https://github.com/renoise-ai/awesome-seedance-prompts/blob/904b6caffa21c2b114bb93e1bd0e37ba80b3dd10/data/prompts/2086467607029489754.json,CC-BY-4.0,PixVerse,https://x.com/PixVerse_/status/2086467607029489754,True,prompts/其他/广告带货/renoise-2086467607029489754--Top-down-drone-shot-an-elite-tennis-play.md,"Top-down drone shot: an elite tennis player centered on a red clay court, holding a yellow ball before serve. Crisp clay, white lines as graphic geometry, golden-hour sidelight, long shadow. Premium sports ad, 24mm, photoreal, 8K HDR."
renoise-2086474098859987150,"14s photorealistic cinematic sci-fi mystery short, 2.39:1 aspect ratio, 4K…",,真人,特效向,科幻,,en,Seedance 2.0,,,renoise-ai/awesome-seedance-prompts,https://github.com/renoise-ai/awesome-seedance-prompts/blob/904b6caffa21c2b114bb93e1bd0e37ba80b3dd10/data/prompts/2086474098859987150.json,CC-BY-4.0,Mimu | AI Tools & News,https://x.com/mimu_ai1/status/2086474098859987150,True,prompts/真人/特效向/科幻/renoise-2086474098859987150--14s-photorealistic-cinematic-sci-fi-myst.md,"14s photorealistic cinematic sci-fi mystery short, 2.39:1 aspect ratio, 4K 24fps, subtle 35mm film grain, Hollywood thriller color grading: cool desaturated tones, deep blacks.
0:00-0:03: Slow tracking dolly shot follows young photographer stepping into moonlit abandoned photo shop, dust motes drifting in volumetric silver moonlight through cracked window. Slow push-in as his hand lifts the weathered black camera off a dust-caked oak table, shallow depth of field.
0:03-0:06: Medium shot, he raises the camera toward empty dark hallway. Sharp flash burst cuts the dark. Cut to tight close-up: his fingers curl around the developed print, eyes widening from quiet curiosity to cold shock as he spots the distant figure on the photo that is not there in the hall.
0:06-0:10: He glances back at the still-empty hallway, then snaps back to the print — the figure has moved three meters closer. Trembling hand lifts the camera again, second flash bleaches the room.
0:10-0:14: He stares at the new print: himself, from this exact angle, with a tall shadow figure standing directly at his back. Slow pan follows as he turns his head over his shoulder. The room remains empty. Final extreme close-up: his wide, terrified eyes, breath fogging faintly in the cold air.
Smooth cinematic camera movement, physically accurate lighting, natural human expressions, no text/overlays."
renoise-2086485536433213819,Bayou and forest environment. No music. No film grain. Quiet cinematic scene at…,,真人,现实向,生活与vlog,,en,Seedance 2.0,link-only,copyrighted-character,renoise-ai/awesome-seedance-prompts,https://github.com/renoise-ai/awesome-seedance-prompts/blob/904b6caffa21c2b114bb93e1bd0e37ba80b3dd10/data/prompts/2086485536433213819.json,CC-BY-4.0,God's Way Foundation,https://x.com/godswayfoundinc/status/2086485536433213819,True,prompts/真人/现实向/生活与vlog/renoise-2086485536433213819--Bayou-and-forest-environment.-No-music.md,
renoise-2086534128116138488,REFERENCES,,其他,,广告带货,,en,Seedance 2.0,,,renoise-ai/awesome-seedance-prompts,https://github.com/renoise-ai/awesome-seedance-prompts/blob/904b6caffa21c2b114bb93e1bd0e37ba80b3dd10/data/prompts/2086534128116138488.json,CC-BY-4.0,Kiber Alla,https://x.com/Kiber_Alla/status/2086534128116138488,True,prompts/其他/广告带货/renoise-2086534128116138488--REFERENCES.md,"REFERENCES
ref_1 the woman: her face, long dark wavy hair and the flowing emerald-green silk gown; do not use its grey studio background. One woman only.
ref_2 the animal: a sleek black panther with green eyes, a glossy coat and warm rim light; do not use its background.
ref_3 the location: a lush humid tropical jungle — misty clearings with god-rays through the canopy, a stream over dark wet rocks, a mossy log among giant leaves, dripping wet foliage; deep emerald green and warm gold, humid air; do not use its grid layout or dividers.
ref_4 the perfume: Maison Francis Kurkdjian — Oud Velvet Mood bottle (square dark glass with gold cap and visible label).

SCENE A fast, powerful luxury perfume ad: a woman in an emerald silk gown and a black panther move as two forces through a misty jungle, cut fast to a driving orchestral score, the dark gold perfume bottle flashing through the film again and again.
GLOBAL SETTINGS Photoreal cinema, ARRI Alexa 35 look, anamorphic lens, shallow DOF, fine grain. Humid tropical light, deep emerald foliage, warm gold god-rays.
FAST editing: hard cuts, constant change of scale and angle — wide, macro, panther, product, face — high energy and dense. Camera moves are quick and confident: fast push-ins, whip pans, snap tilts.
Music: (A powerful dramatic orchestral score builds through the film — soaring violins and deep cellos, rhythmic staccato strings, rising to a full crescendo at the end, cinematic and intense, conveying the strength of the woman, the panther and the perfume.)
Framing rule: keep the woman in medium and close framing so her face stays sharp.
Exclude: no on-screen text except the two title beats, no subtitles, no dialogue, no cross dissolves, no fade to black, no limb deformation.
SHOT SCRIPT (CU = close-up, ECU = extreme close-up)
1 (0.0-2.2) Wide slow drift: a misty jungle clearing, god-rays cutting through the canopy to a mossy floor, the woman a small emerald figure deep among the trees. Slow forward drift.
2 (0.8–1.5) The panther’s green eyes fill the entire frame in shadow. Intense, almost hypnotic gaze. Tight shot only on the eyes.
3 (1.5-2.2) CU three-quarter of the woman's face in a shaft of light, magnetic gaze lifting to camera. Fast push in.
4 (2.2-2.9) ECU: the dark faceted gold-capped perfume bottle flashes in a beam of gold light on wet moss. Quick snap tilt up the bottle.
5 (2.9-3.6) Fragment of the panther: black shoulder and paw powering over wet stream rocks. Fast low track.
6 (3.6-4.3) ECU macro: a droplet bursting off a broad wet leaf in gold light. Fast rack focus.
7 (4.3-5.0) Low whip-pan tracking the woman's silk gown trailing through ferns as she strides. Whip pan.
8 (5.0-5.7) CU of the panther's face turning sharply toward camera, eyes bright. Snap push in.
9 (5.7-6.4) ECU: the woman's hand sliding across wet carved-looking stone, gold light raking. Fast slide.
10 (6.4-7.1) Top-down view looking straight down onto the gold cap of the dark perfume bottle, gold light glinting off the flat square top, emerald reflections around it on the wet moss. Fast push in from above.
11 (7.1-7.8) CU of the woman's eyes over her shoulder, hair whipping, intense. Snap push in.
12 (7.8-8.5) The panther leaps across a gap between mossy rocks in a powerful arc. Fast track with the leap.
13 (8.5-9.2) Low angle: the woman strides forward through god-rays, gown billowing, the panther pacing into frame beside her. Fast push in.
14 (9.2-9.9) ECU macro: gold light glinting along the embroidered edge of the emerald gown. Fast slide.
15 (9.9-10.6) CU two-shot: the woman and the panther side by side, both turning toward camera as one. Fast push in.
16 (10.6-11.3) ECU: the panther's bared profile and whiskers, breath in the humid air. Snap push.
17 (11.3-12.0) CU of the woman's face fully to camera, powerful and still, god-rays behind. Fast push in.
18 (12.0–12.9) Front view of the square perfume bottle standing on a mossy rock, label with the logo clearly visible and facing the camera. The bottle is in a full blaze of gold light, the woman and panther in soft focus behind it. Smooth push-in on the bottle.
19 (12.9-13.8) ECU of the gold cap and dark glass, a last glint of light crossing it. Slow-fast push in.
20 (13.8-15.0) The bottle centered in gold light, woman and panther as two silhouettes flanking it in the god-rays; elegant title: 【OUD VELVET MOOD. Hold as the music hits its final crescendo, frame lit."
renoise-2086539276859167004,"15-second cinematic animated video, 16:9.",,漫剧,现实向,日常治愈,3D卡通,en,Seedance 2.0,,,renoise-ai/awesome-seedance-prompts,https://github.com/renoise-ai/awesome-seedance-prompts/blob/904b6caffa21c2b114bb93e1bd0e37ba80b3dd10/data/prompts/2086539276859167004.json,CC-BY-4.0,Jason Heaton,https://x.com/JasonHeatony7/status/2086539276859167004,True,"prompts/漫剧/现实向/日常治愈/renoise-2086539276859167004--15-second-cinematic-animated-video,-16-9.md","15-second cinematic animated video, 16:9.

A lovable little turtle sits beside a peaceful pond on a warm sunny morning, surrounded by colorful wildflowers and soft green grass. The turtle sings a sweet, original baby-style melody in a gentle, cheerful voice.

0–5s: The turtle looks toward the camera, sways its head softly, and begins singing:
♪ “Little turtle, paddle along,
Sunshine makes a happy song.” ♪

5–10s: The turtle happily taps one front foot to the rhythm while singing:
♪ “Splash, splash, swimming free,
Come and sing along with me.” ♪

10–15s: The turtle repeats a playful “la-la-la” melody, then finishes with a sweet final note, smiles, and gives a tiny happy head bob.

Warm cheerful lighting, colorful family-friendly animation, expressive eyes, smooth natural movement, clear mouth movements synchronized precisely with each sung word. Turtle remains identical throughout. Gentle original instrumental accompaniment supports the singing without overpowering the voice.

One turtle throughout. No extra characters. No spoken dialogue. No subtitles, text, or watermark. No morphing or duplication. Original melody only."
renoise-2086568907188404442,"phone footage, balcony POV, night, police lights.",,真人,现实向,生活与vlog,,en,Seedance 2.0,,,renoise-ai/awesome-seedance-prompts,https://github.com/renoise-ai/awesome-seedance-prompts/blob/904b6caffa21c2b114bb93e1bd0e37ba80b3dd10/data/prompts/2086568907188404442.json,CC-BY-4.0,Rugikk,https://x.com/rugikkk/status/2086568907188404442,True,"prompts/真人/现实向/生活与vlog/renoise-2086568907188404442--phone-footage,-balcony-POV,-night,-polic.md","phone footage, balcony POV, night, police lights."
renoise-2086625241103733042,"15-second cinematic POV car transformation, ultra-realistic live action…",,真人,特效向,超现实创意,,en,Seedance 2.0,,,renoise-ai/awesome-seedance-prompts,https://github.com/renoise-ai/awesome-seedance-prompts/blob/904b6caffa21c2b114bb93e1bd0e37ba80b3dd10/data/prompts/2086625241103733042.json,CC-BY-4.0,razornero,https://x.com/Danzeronero/status/2086625241103733042,True,prompts/真人/特效向/超现实创意/renoise-2086625241103733042--15-second-cinematic-POV-car-transformati.md,"15-second cinematic POV car transformation, ultra-realistic live action, high-end AAA video game visual quality, seamless continuous shot, 16:9.

REFERENCE:
Use the uploaded image as the exact starting car and environment. Preserve the same car model, body proportions, headlights, windshield, roofline, overall silhouette, Japanese street, buildings and camera perspective.

0-3s:
First-person POV standing in front of the white modified sports car on a traditional Japanese street. A person's arm and hand wearing a black jacket slowly enters the foreground. The person's face is never visible. The camera feels handheld but cinematic. The white car remains completely unchanged.

3-5s:
The hand slowly raises toward the car and snaps its fingers. At the exact moment of the snap, a subtle shockwave and glowing particles spread outward from the hand toward the vehicle. The environment reacts naturally with small dust particles and reflections.

5-11s:
The car begins a spectacular physical transformation while remaining recognizable as the exact same vehicle. Do NOT replace the car with another model. The white paint smoothly morphs into a deep dark maroon metallic finish. The body becomes more aggressive and performance-oriented while preserving the original car's fundamental shape and proportions. The front bumper becomes sharper, the splitter becomes more aggressive, subtle aerodynamic canards appear, the side skirts become sportier, the wheel arches become slightly wider, and the stance becomes lower and more aggressive. The wheels transform into larger black performance wheels. The headlights remain in the same position and preserve their original design. Every modification physically morphs into place with realistic mechanical movement.

A bright neon-green ""RAZOR"" decal progressively appears on the side door and settles naturally onto the body panel. The lettering must be clean, sharp, readable and integrated into the car's surface.

11-14s:
Transformation completes. The energy particles disappear. The finished car is now a dark maroon aggressive high-performance street sports car with black wheels and a clearly visible neon-green ""RAZOR"" decal on the side. The camera slowly moves closer and slightly circles toward the front three-quarter angle, revealing the new aggressive appearance.

14-15s:
Final cinematic beauty shot from the same POV. The hand slowly lowers out of frame while the transformed car remains parked under the warm Japanese street lighting. Subtle reflections move across the maroon paint. End on a strong hero shot.

STYLE:
Photorealistic, cinematic, premium automotive commercial, AAA video game graphics, Unreal Engine 5 quality, realistic materials, realistic reflections, detailed metallic paint, physically accurate transformation, dramatic but natural lighting, volumetric atmosphere, realistic camera movement, high detail, smooth motion.

CONTINUITY:
The car must remain the exact same vehicle throughout the transformation. Preserve the original silhouette, proportions, windshield, roofline, headlights and overall identity. Only the paint, wheels, aerodynamic details and aggressive styling change.

NEGATIVE:
No face visible, no person visible except POV arm and hand, no car replacement, no different car model, no changing environment, no floating car, no deformation, no melting, no cartoon style, no anime, no random body redesign, no extra vehicles, no extra people, no text on screen, no HUD, no watermark, no blurry details, no camera cuts."
renoise-2086651869259076011,"Cinematic manga-style action sequence, 15 seconds, aspect ratio 16:9.",,漫剧,特效向,科幻机甲,2D日漫,en,Seedance 2.0,,,renoise-ai/awesome-seedance-prompts,https://github.com/renoise-ai/awesome-seedance-prompts/blob/904b6caffa21c2b114bb93e1bd0e37ba80b3dd10/data/prompts/2086651869259076011.json,CC-BY-4.0,DeCat,https://x.com/DeCat2025/status/2086651869259076011,True,"prompts/漫剧/特效向/科幻机甲/renoise-2086651869259076011--Cinematic-manga-style-action-sequence,-1.md","Cinematic manga-style action sequence, 15 seconds, aspect ratio 16:9.

At night high above a futuristic city, a lone female combat runner in fitted tactical gear sprints across the outside of a shattered megatower toward a small extraction platform mounted several floors away. Rain lashes the glass facade, warning lights flash red through broken windows, and a large attack drone erupts out of the tower behind her, tearing through steel and glass as it opens fire. The action starts immediately.

She runs across a narrow exterior maintenance arm while the drone’s cannon blasts the structure apart behind her, sending panels and sparks into the void. She jumps onto a slanted glass section, slides downward at full speed, then kicks off the glass and lands on a hanging steel beam. The drone charges again. She draws one glowing blade, slashes through a spinning missile in midair, and the explosion blows out the beam beneath her feet.

She drops, catches a dangling cable with one hand, swings hard across open space beside the tower, then smashes through a broken office window and keeps running straight through the ruined interior floor. Desks, glass, and ceiling panels explode around her as the drone crashes through the wall after her. She vaults over a collapsing gap, wall-runs across a tilted concrete pillar, and launches back out through the opposite side of the tower toward the extraction platform.

Final action: she lands on the platform edge, turns mid-motion, and throws her glowing blade straight into the attack drone’s central eye. The blade hits, the drone detonates in a violent burst of light, glass, and metal fragments, and the shockwave blows rain and debris past her as she drops to one knee on the platform with the city blazing below.

Manga style, intense anime action, dramatic ink shadows, bold linework, sharp speed lines, cinematic rain, sparks, glass debris, explosive impacts, fast but readable camera movement, one main subject, one main danger, one clear escape goal, no text, no logos, no cartoon comedy style, Keep proportions. Keep style and features. Aspect ratio 16:9."
renoise-2086663334133215401,Project: Liquid Portal (15-Second Beverage Campaign),,其他,,广告带货,,en,Seedance 2.0,,,renoise-ai/awesome-seedance-prompts,https://github.com/renoise-ai/awesome-seedance-prompts/blob/904b6caffa21c2b114bb93e1bd0e37ba80b3dd10/data/prompts/2086663334133215401.json,CC-BY-4.0,Gilbert Odera | Your AI Plug,https://x.com/yourPlugAI/status/2086663334133215401,True,prompts/其他/广告带货/renoise-2086663334133215401--Project-Liquid-Portal-15-Second-Beverage.md,"Project: Liquid Portal (15-Second Beverage Campaign)
Format: Text-to-Video with Image Anchor (Start Frame)

[00:00 - 00:03] THE HOOK (Sensory Ignition)
• Visual & Camera: Macro tight shot focused on the sealed lid of a vibrant bubble tea cup. A hand enters the frame holding a wide straw.
• Action / Movement: Straw pierces the sealed top in hyper-slow motion. A tiny burst of tea droplets sprays outward against the lens.
• Audio / Sound Design: Exaggerated ""POP"" sound effect with a deep sub-bass drop that echoes outward.
• On-Camera / Voice: None. Pure focus on sound and immediate visual feedback.

[00:03 - 00:08] THE PORTAL TRANSITION (The Core Visual)
• Visual & Camera: Seamless whip-pan tracking shot following the liquid moving upward through the transparent straw.
• Action / Movement: As the drinker takes a sip, the background rapidly dissolves from a dim indoor setting into a vivid, glowing candy-cloud dreamscape. Glowing boba pearls float softly into the air around the cup, defying gravity.
• Audio / Sound Design: A magical, airy ""WHOOSH"" sound layering into a rhythmic synth-pop track.
• On-Camera / Voice: Character takes a deep, satisfied sip, eyes closing as the vibrant colors reflect off their face.

[00:08 - 00:12] REAL-TIME EXPRESSION & PRODUCT SENSORY
• Visual & Camera: Medium shot, eye-level. Warm fantasy lighting transitioning back toward a clean studio setup.
• Action / Movement: Character opens their eyes, looks directly at the camera with an energized, genuine smile, and speaks one quick line.
• Audio / Sound Design: Music dips slightly under spoken words; gentle ice-clinking sound in the background.
• Dialogue (Real-time on-camera): ""Okay... that actually just transported me.""

[00:12 - 00:15] THE HERO SIGN-OFF
• Visual & Camera: Smooth backward camera movement settling into a balanced hero shot of the beverage cup sitting on a sleek, colorful pedestal.
• Action / Movement: Light sweeps across the condensation on the outside of the cup. Brand logo is perfectly centered and crisp.
• Audio / Sound Design: Music hits a final, punchy beat. A clean, subtle bubble-pop sound effect at the end.
• On-Screen Text / Call to Action: ""Escape the Ordinary."""
renoise-2086683711077015975,Title: The King Who Challenged the gods,,真人,特效向,动作大片,,en,Seedance 2.0,,,renoise-ai/awesome-seedance-prompts,https://github.com/renoise-ai/awesome-seedance-prompts/blob/904b6caffa21c2b114bb93e1bd0e37ba80b3dd10/data/prompts/2086683711077015975.json,CC-BY-4.0,Leonardo,https://x.com/MrOnsase/status/2086683711077015975,True,prompts/真人/特效向/动作大片/renoise-2086683711077015975--Title-The-King-Who-Challenged-the-gods.md,"Title: The King Who Challenged the gods

Create a 50-second Hollywood blockbuster mythological fantasy trailer with IMAX-scale cinematography, ultra-photorealistic visuals, cinematic color grading, dramatic volumetric lighting, seamless transitions, consistent character design, and one continuous epic orchestral soundtrack with choir, horns, taiko drums, and deep percussion.

Scene 1 (0–8s)
A vast ancient empire stands above violent cliffs beneath a blood-red solar eclipse. One million warriors kneel in silence before towering statues of forgotten gods. A blind Oracle approaches a young king wearing black-and-gold celestial armor and whispers, ""Beyond the Last Sea lies the Crown of Eternity. Every king who sought it became a legend... or a warning."" The king slowly draws a glowing sword and replies, ""I will return with the crown."" A colossal wave crashes against the cliffs. Ultra-wide IMAX aerial, slow push-in, extreme close-up, thunder flash transition.

Scene 2 (8–18s)
The king leads his fleet across impossible seas. The ships sail between towering cliffs and giant whirlpools. A colossal sea serpent emerges from the ocean, wrapping around the fleet. The king leaps onto the monster's head and drives his glowing sword into it. The beast crashes into the sea. The fleet sails through an impossible storm where waterfalls flow upward and between the legs of gigantic sleeping stone Titans. Helicopter aerials, FPV fly-throughs, sweeping drone shots, cinematic slow motion, massive water simulations, wave transition.

Scene 3 (18–32s)
The king arrives at a floating island above the clouds filled with enormous marble temples and golden waterfalls flowing into the sky. Three colossal gods descend from the heavens: the God of Lightning, the God of the Sea, and the God of Fire. Thousands of celestial warriors appear behind them. An enormous ancient battle begins. Every sword clash creates shockwaves. Lightning tears across the sky. Giant waves swallow temples. Fire rains from heaven. The king defeats celestial warriors and battles all three gods in an intense, visually spectacular duel. One final strike sends the gods crashing from the sky. Silence. The sky turns dark.

Scene 4 (32–43s)
Inside the Hall of Eternity, the Crown rests upon an ancient throne. As the king reaches for it, the defeated gods begin laughing. The oldest god says, ""The crown was never a reward. It is a prison."" The floating island begins collapsing. Oceans stop moving. Stars fade. The wind disappears. The king realizes the gods were never rulers—they were sacrificing themselves to keep the world alive.

Scene 5 (43–50s)
The Crown rises into the air and chooses the king. His armor transforms into divine stone covered with glowing golden cracks. Massive roots of light spread beneath the world. The gods kneel before him. The oceans begin flowing again. The stars return. The eclipse disappears. The king becomes the new eternal guardian holding the world together.

Final dialogue:
""I did not conquer eternity. I became its prisoner.""

Final cinematic shot: The camera pulls back through the clouds into space, revealing the king transformed into a colossal divine guardian supporting the heavens while ships continue sailing across the ocean below.

Visual Style:
Ancient Greek mythology, Odyssey-inspired hero's journey, colossal sea monsters, floating temples, ancient kingdoms, epic naval voyage, gigantic gods, celestial battles, photorealistic dark fantasy, IMAX framing, blockbuster VFX, cinematic depth, dramatic scale, realistic physics, consistent black-and-gold armor throughout, smooth match cuts and dissolves, ultra-detailed 8K quality."
renoise-2086695971464065416,オリジナルのアニメの品質とキャラクターの一貫性を維持しつつ、映画的なカメラワークと環境の奥行きを最優先する。,,漫剧,现实向,剧情短片,2D日漫,ja,Seedance 2.0,,,renoise-ai/awesome-seedance-prompts,https://github.com/renoise-ai/awesome-seedance-prompts/blob/904b6caffa21c2b114bb93e1bd0e37ba80b3dd10/data/prompts/2086695971464065416.json,CC-BY-4.0,K T,https://x.com/KT_first_story/status/2086695971464065416,True,prompts/漫剧/现实向/剧情短片/renoise-2086695971464065416--オリジナルのアニメの品質とキャラクターの一貫性を維持しつつ-映画的なカメラワーク.md,オリジナルのアニメの品質とキャラクターの一貫性を維持しつつ、映画的なカメラワークと環境の奥行きを最優先する。
renoise-2086703112040128906,Use the uploaded reference image as the exact main female character. Keep her…,,真人,现实向,喜剧整活,,en,Seedance 2.0,,,renoise-ai/awesome-seedance-prompts,https://github.com/renoise-ai/awesome-seedance-prompts/blob/904b6caffa21c2b114bb93e1bd0e37ba80b3dd10/data/prompts/2086703112040128906.json,CC-BY-4.0,Yashal Ai,https://x.com/_YashalAli/status/2086703112040128906,True,prompts/真人/现实向/喜剧整活/renoise-2086703112040128906--Use-the-uploaded-reference-image-as-the.md,"Use the uploaded reference image as the exact main female character. Keep her facial features, long black hair, makeup, skin tone, and overall appearance consistent throughout. Photorealistic cinematic style, natural expressions, realistic movement, 9:16 vertical.

0–4 sec: The woman stands in her stylish living room, getting ready to leave. She grabs her bag, looks at her cute cat sitting on the sofa, and says, “Be good while I’m gone.” She closes the door.

4–7 sec: The moment the door closes, the cat looks toward the door. It suddenly stands upright and transforms into a tiny, sophisticated businessman wearing a miniature black suit and glasses.

7–11 sec: The cat confidently walks to a tiny desk, opens a laptop, adjusts its glasses, and starts typing extremely seriously. Close-up of its focused expression.

11–15 sec: The woman suddenly opens the front door because she forgot something. The cat instantly transforms back into a normal cat and jumps onto the sofa, pretending to sleep. She looks suspiciously at the cat.

Final shot: Close-up of the cat slowly opening one eye and smirking."
renoise-2086721194527510942,Use the uploaded reference image as the exact main character. A young blonde…,,真人,特效向,恐怖灵异,,en,Seedance 2.0,,,renoise-ai/awesome-seedance-prompts,https://github.com/renoise-ai/awesome-seedance-prompts/blob/904b6caffa21c2b114bb93e1bd0e37ba80b3dd10/data/prompts/2086721194527510942.json,CC-BY-4.0,Hannah Ai,https://x.com/nusratsid1/status/2086721194527510942,True,prompts/真人/特效向/恐怖灵异/renoise-2086721194527510942--Use-the-uploaded-reference-image-as-the.md,"Use the uploaded reference image as the exact main character. A young blonde woman with blue eyes and natural freckles walks alone through a dimly lit apartment hallway at night. Cinematic psychological horror, photorealistic, realistic skin and facial expressions, subtle handheld camera movement, moody warm lighting.

0–4s: Medium tracking shot as she walks down the silent hallway. Her phone suddenly vibrates. Close-up of the phone screen showing: “DON’T LOOK BEHIND YOU.”

4–8s: She stops immediately, looking nervous. Slow close-up on her face as she hears only faint hallway ambience. She slowly turns her head—the hallway is completely empty.

8–12s: Her phone vibrates again. Close-up screen: “I SAID DON’T.” She whispers, “Who is this?”

12–15s: Another vibration. Screen reads: “I’M STANDING RIGHT BEHIND YOU.” Her eyes widen in terror. Camera slowly moves behind her shoulder as if someone is approaching. CUT TO BLACK.

9:16 vertical, realistic motion, natural acting, no music, only footsteps, breathing, phone vibrations and subtle room ambience. No exaggerated CGI, no distorted face, maintain the exact same character identity throughout."
renoise-2086725003505004739,Project: Instant Ignition (15-Second Beverage Campaign),,其他,,广告带货,,en,Seedance 2.0,,,renoise-ai/awesome-seedance-prompts,https://github.com/renoise-ai/awesome-seedance-prompts/blob/904b6caffa21c2b114bb93e1bd0e37ba80b3dd10/data/prompts/2086725003505004739.json,CC-BY-4.0,Gilbert Odera | Your AI Plug,https://x.com/yourPlugAI/status/2086725003505004739,True,prompts/其他/广告带货/renoise-2086725003505004739--Project-Instant-Ignition-15-Second-Bever.md,"Project: Instant Ignition (15-Second Beverage Campaign)
Format: Text-to-Video with Image Anchor (Start Frame)

[00:00 - 00:03] THE HOOK (The Crack & Activation)
• Visual & Camera: Begins on the start frame image anchor. Macro tight shot on the top of the condensation-covered 'IGNITE' energy drink can, gripped tightly by a hand wearing a black fingerless workout glove.
• Action / Movement: The gloved hand pulls back the metal tab in hyper-slow motion. The tab cracks open instantly, releasing a dramatic burst of cold vapor that shoots out of the opening.
• Audio / Sound Design: Loud, exaggerated metal crack sound effect syncing directly into an immediate, heavy, high-tempo 120-BPM electronic beat.
• On-Camera / Voice: None. Pure sensory ignition and rapid pace activation.

[00:03 - 00:07] THE SENSORY BURST (Macro Rapid Flow)
• Visual & Camera: Rapid rhythmic transitions moving from a close-up slice to an extreme close-up of a glass rim.
• Action / Movement: A bright yellow lemon slice tumbles downward and is sliced in mid-air with explosive speed, spraying tiny juice droplets. Cut to electric orange 'IGNITE' liquid pouring furiously into a chilled glass as a violent, effervescent storm of bubbles bursts over the rim.
• Audio / Sound Design: Rhythmic audio sync—sharp ""SWOOSH"" of the blade, deep rushing splash of the pour, and an intense fizzy crackle over the heavy beat.
• On-Camera / Voice: None. Continuous visual and audio momentum.

[00:07 - 00:11] THE IGNITION & EXPANSION (The Shift)
• Visual & Camera: Medium shot of an intense young athlete at eye-level under dramatic lighting, followed by a double-speed backward camera zoom.
• Action / Movement: The athlete takes a fast, powerful sip from the 'IGNITE' can. As they swallow, their eyes light up with energy, looking directly into the camera. The camera pulls back at high speed through a dynamic, changing urban backdrop from a graffiti wall into a neon-lit night cityscape.
• Audio / Sound Design: Music beat swells to a peak; crisp ice-clinking sound layers over the track.
• Dialogue (Real-time on-camera): ""Full power unlocked.""

[00:11 - 00:15] THE HERO SLAM SIGN-OFF
• Visual & Camera: Low-angle cinematic shot focusing on a wet concrete surface.
• Action / Movement: The athlete's gloved hand slams the full 'IGNITE' can onto the wet concrete, sending a sharp, symmetrical splash of water and liquid outward. The motion freezes smoothly on the steady, tack-sharp can with condensation glistening on the bold logo.
• Audio / Sound Design: Heavy impact ""THUD"" combined with a water splash sound, settling into a final, punchy synth chord.
• On-Screen Text / Call to Action: ""Fuel the Flow."""
renoise-2086732414567751957,1人の成人女性が画面中央で踊っている。ファーストフレームの女性を同一人物として維持し、顔、髪型、体型を変えない。,,真人,现实向,音乐MV,,ja,Seedance 2.0,,,renoise-ai/awesome-seedance-prompts,https://github.com/renoise-ai/awesome-seedance-prompts/blob/904b6caffa21c2b114bb93e1bd0e37ba80b3dd10/data/prompts/2086732414567751957.json,CC-BY-4.0,藍沢あいせ Aise｜妄想写真家,https://x.com/AizawaAisePhoto/status/2086732414567751957,True,prompts/真人/现实向/音乐MV/renoise-2086732414567751957--1人の成人女性が画面中央で踊っている-ファーストフレームの女性を同一人物として維.md,"1人の成人女性が画面中央で踊っている。ファーストフレームの女性を同一人物として維持し、顔、髪型、体型を変えない。

カメラは正面からの固定撮影。女性の全身が見える構図を維持し、カメラ位置、画角、被写体の大きさを途中で変えない。女性も画面中央から大きく移動しない。

女性は最初から最後まで一続きのダンスを踊り続ける。途中で立ち止まったり、ポーズをリセットしたり、シーンが変わるたびに最初から踊り直したりしない。

数秒ごとに世界観が切り替わり、場所が順番に以下へ変化する。

浅草
秋葉原
渋谷
東京ビッグサイト

場所が切り替わるたびに、背景だけでなく、女性のビキニのデザイン、小物やアクセサリー、音楽、ダンスのテイストも、その場所から自然に連想されるものへ同時に変化する。

女性の衣装は、すべてのシーンで必ずビキニとする。ただし、ビキニの色、柄、素材感、装飾、デザインは細かく指定せず、それぞれの場所の文化、雰囲気、イメージを反映した特徴的なビキニをAIが自然にデザインする。

ビキニだけでなく、その場所のイメージをより分かりやすく表現する小物やアクセサリーも自然に追加する。髪飾り、ヘッドアクセサリー、首元、腕、腰まわりなど、ダンスを邪魔しない範囲で、その場所らしさが一目で伝わるものを選ぶ。

音楽も、それぞれの場所から自然に連想されるジャンル、リズム、楽器、雰囲気へ変化する。

ダンスも音楽と場所の世界観に合わせて自然に変化する。かわいいダンス、クールなダンス、和のニュアンスを感じるダンス、ステージパフォーマンス風のダンスなど、それぞれの場所にふさわしいスタイルをAIが判断する。

ただし、ダンスのスタイルが変化しても身体の動きは必ず連続させる。切り替え前の腕、脚、腰、身体の向き、重心、動作速度を引き継ぎ、その動きの途中から次のダンススタイルへ滑らかにつなげる。

シーンの切り替えは、腕を振る、腕を上げる、身体をひねる、その場で回転する、軽く跳ねるなど、ダンス動作の途中で自然に発生する。切り替えのために女性を静止させない。

背景、ビキニ、小物、音楽、ダンスは各シーンで明確に違って見える一方、女性の動きだけは途切れず、最初から最後まで1本の連続したダンス動画に見えることを最優先する。

テンポよく、華やかで、東京の異なる場所へ次々と変身していく楽しいダンス動画。"
renoise-2086737645720490244,"Create a premium, ultra-photorealistic 15-second commercial for BUDGETPIXEL AI…",,其他,,广告带货,,en,Seedance 2.0,,,renoise-ai/awesome-seedance-prompts,https://github.com/renoise-ai/awesome-seedance-prompts/blob/904b6caffa21c2b114bb93e1bd0e37ba80b3dd10/data/prompts/2086737645720490244.json,CC-BY-4.0,Ai Arainz,https://x.com/iam_mian7/status/2086737645720490244,True,"prompts/其他/广告带货/renoise-2086737645720490244--Create-a-premium,-ultra-photorealistic-1.md","Create a premium, ultra-photorealistic 15-second commercial for BUDGETPIXEL AI TRADING, a futuristic AI-powered trading platform. High-end fintech advertising, cinematic neon aesthetic, sophisticated, energetic, realistic UI, 16:9, 4K, 24fps.

0–3s — The Market Awakens
Nighttime futuristic city. Massive digital billboards across skyscrapers display the BUDGETPIXEL AI TRADING logo and a professional live-style market interface. Neon reflections cover wet streets. Camera rapidly flies between skyscrapers toward one giant billboard showing realistic candlestick charts moving naturally. Display BTC/USD, a realistic market price, percentage change, price axis, time axis, and volume bars.

3–6s — AI-Powered Trading
Seamless transition into a sleek smartphone held by a trader. The BUDGETPIXEL AI TRADING app opens with a professional dashboard featuring real-time-style candlestick charts, AI market insights, watchlist, portfolio value, and order panel. An elegant AI indicator analyzes the chart, then the trader taps BUY. Show a subtle, premium confirmation animation.

6–9s — Trade Anywhere
Fast cinematic montage:

- Laptop displaying detailed multi-timeframe candlestick charts.
- Tablet showing AI-powered portfolio analytics.
- Smartphone displaying a dynamic market watchlist.
- Futuristic office LED wall displaying financial charts.

Charts update smoothly with realistic green and red candlesticks, volume indicators, and clean financial data visualization.

9–12s — A Brand Across the City
Camera pulls outside into the futuristic city. BUDGETPIXEL AI TRADING advertisements dominate the environment: giant neon skyscraper billboards, digital bus shelters, futuristic subway screens, LED storefronts, and massive holographic advertisements. Consistent logo and branding across every screen.

12–15s — Hero Shot
All visual elements converge into one premium smartphone hero shot floating against a dark futuristic background. The screen displays a sophisticated candlestick chart, AI analysis panel, portfolio overview, and BUDGETPIXEL AI TRADING logo. Subtle neon particles and realistic reflections surround the device.

FINAL END CARD:
BUDGETPIXEL AI TRADING
“See the Market. Make Your Move.”

Ultra-photorealistic fintech commercial, premium product cinematography, realistic smartphone and laptop materials, accurate screen reflections, professional candlestick charts, green and red market candles, volume indicators, sophisticated AI interface, smooth camera transitions, cinematic neon lighting, futuristic city atmosphere, shallow depth of field, realistic hands, crisp typography, consistent branding, physically accurate reflections, sharp UI, no glitches, no distorted screens, no random logos, no unreadable text."
renoise-2086745894897230074,Use the uploaded reference image as the exact main character. Keep her facial…,,真人,特效向,科幻,,en,Seedance 2.0,,,renoise-ai/awesome-seedance-prompts,https://github.com/renoise-ai/awesome-seedance-prompts/blob/904b6caffa21c2b114bb93e1bd0e37ba80b3dd10/data/prompts/2086745894897230074.json,CC-BY-4.0,Zoey Bennett,https://x.com/ZoeyBennettAi/status/2086745894897230074,True,prompts/真人/特效向/科幻/renoise-2086745894897230074--Use-the-uploaded-reference-image-as-the.md,"Use the uploaded reference image as the exact main character. Keep her facial features, blue eyes, long wavy brown hair, red-and-white sweater, and identity consistent throughout the entire video.

0–3 sec: She stands in her messy bedroom, looks at a small AI assistant device and casually says, “Hey AI, clean my room.” The AI device lights up.

3–6 sec: Suddenly, the entire room starts cleaning itself. Clothes fly into the closet, books organize themselves, drawers close, pillows arrange perfectly, and a robotic vacuum speeds across the floor. She watches in complete surprise.

6–9 sec: The room becomes perfectly clean. She smiles proudly. The AI assistant suddenly says in a calm robotic voice: “Your room wasn’t the problem.” Her smile disappears.

9–12 sec: She looks confused. The camera quickly reveals several futuristic robotic arms surrounding her, cleaning her hair, brushing dust from her sweater, fixing her appearance, and even vacuuming around her.

12–15 sec: Close-up of her shocked face. She looks at the AI device and says, “Wait… WHAT?!” The robotic arms continue cleaning her while the AI calmly responds: “Much better.” She gives an awkward look directly at the camera.

Style: photorealistic cinematic comedy, futuristic but believable AI technology, realistic facial expressions, smooth camera movement, natural acting, 9:16 vertical, highly detailed, no cartoon look, maintain character consistency."
renoise-2086754256439443895,0:00–0:05 — LONELY HIGHWAY,,真人,特效向,武侠打斗,,en,Seedance 2.0,,,renoise-ai/awesome-seedance-prompts,https://github.com/renoise-ai/awesome-seedance-prompts/blob/904b6caffa21c2b114bb93e1bd0e37ba80b3dd10/data/prompts/2086754256439443895.json,CC-BY-4.0,Natalia,https://x.com/AIwithNatalia/status/2086754256439443895,True,prompts/真人/特效向/武侠打斗/renoise-2086754256439443895--0-00–0-05-—-LONELY-HIGHWAY.md,"0:00–0:05 — LONELY HIGHWAY

Wide cinematic establishing shot of a remote two-lane highway in the late 1990s during golden hour.

A vintage late-1990s sedan drives alone through an isolated rural landscape.

Cut to the interior.

The woman drives calmly, one hand on the steering wheel. Warm sunlight moves naturally across her face through the windows. Her long dark-brown wavy hair is loose, falling naturally over her shoulders.

The dashboard, cassette player, steering wheel, and interior are authentically late-1990s.

Camera: smooth tracking shot → interior close-up → profile shot.

0:05–0:09 — THE CAR STOPS

The engine suddenly sputters.

She looks toward the dashboard.

The car loses power.

She calmly steers onto the roadside and stops.

Silence.

She gets out and walks toward the front of the car.

The environment feels completely empty.

She opens the hood and looks inside.

0:09–0:13 — SOMEONE IS BEHIND HER

A dark late-1990s vehicle slowly pulls onto the highway behind her.

She hears it.

She turns her head.

Three men step out of the vehicle.

They begin walking toward her.

She watches them carefully.

One man says:

MAN: ""Car trouble?""

She doesn't answer.

Her expression becomes cautious.

The men continue approaching.

0:13–0:17 — THE HAIR-TIE MOMENT

IMPORTANT: Make this action extremely clear and uninterrupted.

The woman realizes the men are a threat.

She slowly closes the hood.

She reaches into the front pocket of her jeans and deliberately pulls out a small black rubber hair tie.

She holds it visibly between her fingers.

She gathers her long loose hair with both hands.

She quickly ties her hair into a high practical ponytail using the black rubber band.

Her face changes from cautious to completely focused.

She looks directly at the approaching men.

Close-up: ponytail tightening.

Close-up: determined eyes.

Final shot: she drops her hands and stands ready.

This should feel like a classic cinematic ""now I'm ready"" moment.

Do NOT skip the hair-tie action. Do NOT magically change her hairstyle. Show the complete action from loose hair → rubber band → ponytail.

0:17–0:25 — THE FIGHT

The first man suddenly rushes toward her.

She immediately sidesteps his attack and counters with a sharp strike.

He stumbles backward.

The second man attacks.

She blocks him, grabs his arm, uses his momentum against him, and throws him onto the hood of the car.

The third man charges from behind.

She turns at the last second, ducks his attack, and delivers a powerful counter that knocks him to the ground.

Fast but readable choreography.

Every movement has realistic weight and momentum.

No superhero powers.

No exaggerated impossible movements.

No gore.

The woman remains calm and highly skilled rather than wildly aggressive.

Camera: dynamic handheld tracking, low-angle action shots, quick close-ups, wide shots that clearly show the choreography.

0:25–0:30 — WALK AWAY

The three men are left defeated on the roadside.

The woman calmly adjusts her leather jacket.

She walks back to her car.

Gets inside.

Turns the key.

The engine starts.

She looks into the rearview mirror.

A tiny confident smirk.

She accelerates away down the empty highway.

Final wide shot from behind as the vintage car disappears into the golden sunset.

CUT TO BLACK.

CINEMATOGRAPHY

Authentic late-1990s Hollywood action-thriller cinematography.

35mm film look, subtle natural film grain, realistic lens characteristics, shallow depth of field for close-ups, cinematic wide shots for the highway, natural golden-hour lighting, realistic shadows, restrained color grading.

Camera movement should feel intentional and professional, never chaotic.

Use smooth tracking shots during the driving scenes and controlled handheld movement during the fight.

REALISM & CONTINUITY

Photorealistic human movement.

Realistic vehicle physics.

Realistic fighting choreography.

Consistent lighting and geography.

The car must remain the same vehicle throughout.

The woman must remain the exact same character throughout.

No face changes.
No outfit changes.
No hairstyle changes before the designated hair-tie scene.
No hairstyle changes after the ponytail is created.
No extra fingers or distorted hands.
No duplicated characters.
No modern objects.
No random scene changes.
No teleporting.
No sudden cuts that skip the hair-tying action.
The overall result should feel like a lost 1998 Hollywood action-thriller scene, not an AI-generated video"
renoise-2086769601850048818,Create a 10-second premium stylized 3D animated commercial. Follow the uploaded…,,其他,,广告带货,,en,Seedance 2.0,,,renoise-ai/awesome-seedance-prompts,https://github.com/renoise-ai/awesome-seedance-prompts/blob/904b6caffa21c2b114bb93e1bd0e37ba80b3dd10/data/prompts/2086769601850048818.json,CC-BY-4.0,Alina Ai,https://x.com/Alina_with_Ai/status/2086769601850048818,True,prompts/其他/广告带货/renoise-2086769601850048818--Create-a-10-second-premium-stylized-3D-a.md,"Create a 10-second premium stylized 3D animated commercial. Follow the uploaded storyboard STRICTLY from Frame 1 to Frame 8. Preserve exact shot order, character identity, van design, rainy bridge environment and continuous action.

CHARACTER LOCK: LION — exactly the same adult male lion throughout, golden fur, same face and body proportions. BEFORE: enormous tangled neglected mane, tired eyes, slouched posture, dirty torn gray shirt, worn gray trousers. AFTER: same lion with professionally groomed masculine mane, shorter clean sides, sharp natural contours, fitted black shirt with rolled sleeves, tailored black trousers, black belt, premium watch, straight powerful posture and warm confident smile.

PENGUIN — exactly the same adult emperor penguin throughout: black tailored shirt, dark-brown leather barber apron with brass details, black flat cap, round gold-frame dark glasses, black gloves. Calm, stylish, charismatic master barber.

VAN — exactly the same customized luxury black mobile barbershop van throughout: lowered stance, premium wheels, subtle gold details, warm amber interior, burgundy barber chair, walnut wood, brass and mirror.

0.0–1.35s — FRAME 1: Wide cinematic shot on a rainy city bridge at night. Lion stands alone beside the railing, shoulders collapsed, staring down into a puddle. His reflection shows the same exhausted face and gigantic messy mane. Torn romantic photo lies beside the puddle. Cold blue-gray city light, heavy rain, wet reflections. Slow push-in toward the lion.

1.3–2.45s — FRAME 2: Warm golden headlights appear behind him through the rain. Lion slowly turns his head. The black luxury barbershop van approaches, splashes through shallow water and smoothly stops beside him. Golden headlights illuminate the lion and wet pavement. Low cinematic tracking shot emphasizing the van.

2.4–3.4s — FRAME 3: Van side door opens. Warm amber interior light floods into the cold rainy scene. Penguin barber steps out calmly, adjusts his gold-frame glasses and looks from the lion’s torn clothes to his enormous tangled mane. Short pause. Penguin gives a subtle confident expression and gestures toward the van. Lion looks surprised.

3.4–4.4s — FRAME 4: Rear doors open, clearly revealing the complete luxury mobile barbershop interior. Burgundy barber chair slides outward on the platform. Penguin stands beside it and calmly gestures for the lion to sit. Lion looks at the chair, then at Penguin, hesitates briefly, then steps toward it.

4.4–5.95s — FRAME 5 — VISIBLE TRANSFORMATION: Fast but readable grooming sequence inside the van. DO NOT hide the transformation. Lion sits in the burgundy chair, Penguin performs every action himself. Close-up: comb lifts tangled mane — black-and-gold clipper removes excess fur — visibly shorter clean section appears. Close-up: scissors progressively sculpt the upper mane. Close-up: clipper cleans the opposite side and creates sharp natural contours around the face. Close-up: comb shapes the remaining mane backward. Close-up: Penguin precisely finishes the beard and side contours. Cut fur falls naturally downward onto the floor. Never cover the camera.

During the grooming progression, the lion’s torn gray outfit transitions smoothly into a fitted black shirt, black belt and tailored trousers. Show clear progression: huge tangled mane → partially trimmed → both sides cleaned → volume sculpted → final groomed lion mane. Penguin remains completely calm and precise.

5.9–7.15s — FRAME 6: Van doors open wider. Hero reveal without smoke or fur covering the transformation. Lion rises from the barber chair and steps slowly out of the van into the rain. Same recognizable face, now fully visible. Perfect masculine groomed mane with sharper sides and controlled volume. Fitted black shirt, tailored trousers, belt and watch.

As he walks forward, his posture visibly changes: back straightens → shoulders open → head rises → confident eyes → warm masculine smile. Golden van light creates strong rim lighting behind him. Penguin remains in the doorway, watching his work with quiet satisfaction.

7.15–8.35s — FRAME 7: Return to almost EXACTLY the same composition as Frame 1. Lion passes the SAME puddle, notices it and stops. He looks down. His new reflection replaces the defeated visual from the opening: groomed mane, black clothing, straight posture, confident face. Lion slowly adjusts his shirt collar. He raises his head from the reflection and smiles with genuine confidence. Camera gently rises with his head movement.

8.3–10.0s — FRAME 8: Final cinematic two-character hero shot beside the illuminated van. Lion approaches Penguin. Both are smiling. Lion now has completely open, powerful body language. Lion raises his large paw. Penguin immediately raises his small flipper. They perform ONE energetic HIGH FIVE directly in the center of frame. Capture the exact moment of contact. Small rain droplets splash outward from their paw and flipper. Strong size contrast: enormous lion paw against tiny penguin flipper.

After contact, Lion gives Penguin a genuinely grateful, charismatic smile. Penguin gives a subtle satisfied smile while remaining effortlessly cool. Hold them beside the glowing black van: transformed confident lion, cute penguin barber, warm golden headlights behind them, cold rainy city in the background.

FINAL EMOTION: Lion must look dramatically different emotionally from Frame 1 — energized, confident, proud, attractive and genuinely happy.

CAMERA: Frame 1 slow wide push-in → Frame 2 low van tracking → Frame 3 controlled medium reveal → Frame 4 wide interior reveal → Frame 5 readable macro grooming sequence → Frame 6 low-angle hero tracking → Frame 7 matching puddle composition → Frame 8 stable cinematic two-shot.

CRITICAL: Show the haircut progressively and visibly. No instant haircut. No fur cloud covering the screen. No smoke transition. No hidden transformation. Tools must physically cut and shape the mane. Fur falls downward naturally. Final hairstyle must remain a groomed LION MANE, never human hair.

Same lion, penguin, van and location throughout. No humans, no extra characters, no dialogue, subtitles, logos or added text. Premium cinematic adult advertising aesthetic, realistic detailed fur and feathers, rain, wet reflections, dark blue-gray shadows and warm golden light. 16:9."
renoise-2086774974921200055,"15s Chinese Mythical Fantasy Animation. Fast-paced fluid wuxia movement, 10…",,漫剧,特效向,武侠打斗,3D卡通,en,Seedance 2.0,,,renoise-ai/awesome-seedance-prompts,https://github.com/renoise-ai/awesome-seedance-prompts/blob/904b6caffa21c2b114bb93e1bd0e37ba80b3dd10/data/prompts/2086774974921200055.json,CC-BY-4.0,ToaiDanh,https://x.com/NVTDanh/status/2086774974921200055,True,prompts/漫剧/特效向/武侠打斗/renoise-2086774974921200055--15s-Chinese-Mythical-Fantasy-Animation.md,"15s Chinese Mythical Fantasy Animation. Fast-paced fluid wuxia movement, 10 cinematic shots. Dark atmosphere, moonlight, drifting mist.
ENVIRONMENT @Image4: Extremely tall ancient Chinese tower on a mountainside, dark stone and black wood, stacked curved roofs and exposed beams. Small attic at the very top. Rocky ground below, mountain path leading toward a misty bamboo forest.
LOCK: Exactly one masked Prince @Image2 and one Princess @Image3. Preserve supplied references. Princess MUST NOT appear before Shot 9.
CROSSBOW LOCK: Supplied grappling crossbow only. Compact wooden body, curved dark metal bow, wrapped grip, large three-pronged hook at the front, thick tan rope attached directly to the hook, visible rope spool below. One hook, one continuous rope. Never change its design.
[0:00-0:01.2] Shot 1. Extreme wide low angle. Prince runs toward the enormous tower, looking toward its distant top.
[0:01.2-0:02.3] Shot 2. Front tracking. Still running, he draws the grappling crossbow and fires upward. Hook and rope lock onto a high wooden beam. Hook and rope lock onto a high wooden beam.
[0:02.3-0:04.0] Shot 3. Side vertical tracking. Rope becomes taut. Prince immediately runs several steps UP the vertical wall, kicks a curved roof edge and swings upward to the next level.
[0:04.0-0:05.7] Shot 4. Dynamic corner tracking. Still rising, he swings around one corner of the tower, plants his feet on another wall and continues running diagonally upward.
[0:05.7-0:07.3] Shot 5. Low angle. He reaches another roof, kicks its edge hard and swings around the tower toward a higher side. His path curves around the tower but always gains height.
[0:07.3-0:08.9] Shot 6. Wide aerial orbit. Prince is now far above the ground. He wall-runs upward across another face, kicks a wooden beam and uses rope tension to swing toward the upper floors.
[0:08.9-0:10.3] Shot 7. Vertical tracking. He swings past the final curved roof, plants both feet against the wall and launches sharply upward toward the attic.
[0:10.3-0:11.3] Shot 8. Near-window angle. Prince swings up from below, kicks the wall, catches the attic window frame and climbs inside.
[0:11.3-0:12.6] Shot 9. FIRST PRINCESS REVEAL. Princess waits inside the attic. Prince immediately grabs her hand. They climb through the window and rapidly descend using the same grappling rope.
[0:12.6-0:15] Shot 10. Fast ground tracking. They land. Prince keeps holding Princess's hand and immediately pulls her into a full-speed run. They stay hand-in-hand, run over the uneven rocky path and jump together over a low rock toward the misty bamboo forest. CUT MID-ACTION while still running.
MOVEMENT LOCK: The climb follows an ascending spiral around the tower: wall-run upward, roof kick, upward swing around corner, diagonal wall-run upward, another roof kick, higher swing, final launch to attic. Every move MUST gain height. Never circle horizontally at the same level and never descend during the climb. Hook, rope tension, momentum and wall contact drive all movement. No flying or teleporting.
NO MUSIC.
SFX: Crossbow release, hook impact, taut rope, rope sliding, wall footsteps, roof kicks, wood creaks, cloth flutter, landing, running, wind. VFX: Moonlit mist, dust from kicks, wood particles, rope vibration, dynamic hair and cloth, motion blur during swings, landing dust."
