id,title,title_en,medium,direction,genre,art_style,language,model,access,audit_reason,source_repo,source_url,license,original_author,original_post_url,third_party_author,path,prompt
renoise-2066489999382450342,{,,真人,现实向,剧情短片,,en,Seedance 2.0,,,renoise-ai/awesome-seedance-prompts,https://github.com/renoise-ai/awesome-seedance-prompts/blob/904b6caffa21c2b114bb93e1bd0e37ba80b3dd10/data/prompts/2066489999382450342.json,CC-BY-4.0,Lukáš Eršil,https://x.com/lukasersil/status/2066489999382450342,True,prompts/真人/现实向/剧情短片/renoise-2066489999382450342--untitled.md,"{
  ""scene_duration"": ""15 seconds"",
  ""audio"": {
    ""music"": ""NO background music, no soundtrack, no score"",
    ""sound"": ""natural diegetic SFX only — yanagiba blade slam on hinoki wood, rice compressed between palms with a sharp wet crack, wet cloth slap on steel counter, tweezers snap placing fish, wasabi paste scraped hard across rice surface, soy brush stroke snap, the final bite crunch and exhale""
  },
  ""environment"": {
    ""style"": ""Tokyo underground yakuza omakase counter — aged hinoki cypress wood bar, raw concrete walls with hairline cracks, single low-hanging pendant light casting a tight cone, shadow swallowing everything beyond arm's reach, faint cigarette smoke haze lingering near the ceiling, the sense of something dangerous and sacred happening in the same breath""
  },
  ""lighting"": ""Extreme chiaroscuro: single warm tungsten pendant light directly above the counter, aggressive cobalt-blue rim light carving the itamae's silhouette out of near-total darkness, hard specular hits on the yanagiba blade and the soy glaze sheen, deep indigo shadow filling the background and upper frame, razor-thin fish slices backlit to translucency against the pendant cone"",
  ""effects"": ""rising steam from warm sushi rice, yanagiba blade reflection arc slashing across frame, soy glaze catching light in a single wet arc, thin smoke wisps near the ceiling, condensation bead on cold steel, rice grain dust settling slowly after compression"",
  ""references"": {
    ""character_identity"": ""<<<image_1>>> (male itamae chef, short dark brown hair, light blue eyes, light stubble, focused intense expression, white traditional Japanese itamae uniform — white cotton double-breasted jacket with standing collar, white headband, no grid lines, no overlay, no mesh)"",
    ""food_design"": ""<<<image_2>>> (Tokyo-style premium omakase nigiri: hand-pressed shari rice compact and slightly warm, topped with a single razor-thin translucent slice of otoro fatty tuna with visible marbling, single brushstroke of nikiri soy, one micro shiso leaf, no garnish excess — RULE: during all preparation and finishing shots [0-12s] exactly ONE nigiri piece is visible at a time, no stacking, no doubling, no second piece appearing anywhere in frame; EXCEPTION: the final hero shot [12-15s] shows exactly five completed nigiri pieces in a single composed row on the hinoki board)""
  },
  ""camera_language"": {
    ""general"": ""aggressive handheld movement, whip-pans between stations, bullet-time pauses on the decisive moments, and precision punch-ins on the knife blade and fish texture — this is not quiet omakase, this is controlled violence"",
    ""lenses"": ""24mm handheld for wide action and the chef's full-body commitment, 100mm macro for textures (rice grain compression, razor-thin fish slice translucency and marbling, blade edge, soy brushstroke surface)""
  },
  ""sequence"": [
    {
      ""time"": ""0-3s"",
      ""hook"": ""THE BITE (COLD OPEN): The itamae (<<<image_1>>>, no grid lines, no overlay, no mesh) slaps exactly ONE completed otoro nigiri onto the bare hinoki counter directly in front of camera with a single decisive strike of his palm — one piece only, board completely empty except for this single nigiri, no other food anywhere in frame — the razor-thin tuna surface catching the pendant light — then locks eyes with the camera, arms crossed, daring you to take it. Steam rises off the warm rice. CONSTRAINT: no second nigiri, no background pieces, nothing else on the counter."",
      ""camera"": ""extreme macro punch-in on the nigiri slam and the pendant light reflecting in the tuna surface -> quick pull-back to the defiant stare."",
      ""speed_ramp"": ""1.5x (the slam) -> 0.3x (the stare)""
    },
    {
      ""time"": ""3-6s"",
      ""action"": ""THE RICE: Itamae <<<image_1>>> (no grid lines, no overlay, no mesh) snatches a sharp measure of shari rice from the lacquer container, snaps it between bare palms in two brutal compression strokes — knuckles driving down hard, a burst of steam exploding from the warm rice toward camera — fingers locking the edges in one aggressive squeeze. A single grain flies off and hits the hinoki board. CONSTRAINT: only one rice mound in frame at all times, no other formed rice pieces visible anywhere on the counter or board."",
      ""camera"": ""wide-angle whip-pan following the hand snatch -> ultra-slow-motion macro on the steam burst from the compression -> violent punch-in on the single falling grain."",
      ""speed_ramp"": ""1x -> 0.2x (the compression steam burst) -> 1.5x""
    },
    {
      ""time"": ""6-9s"",
      ""action"": ""THE CUT: Chef (<<<image_1>>>, no grid lines, no overlay, no mesh) draws the yanagiba knife from shadow in one slashing motion, positions the otoro block and drives one single aggressive pull-cut — the blade tearing through marbled fat in an unbroken sweep — the razor-thin translucent slice separating cleanly, paper-thin with visible marbling, held up hard against the pendant light for one beat before being snapped down onto the rice with tweezers. CONSTRAINT: only one slice visible — no other cut slices on the board, no stack of fish, no second slice anywhere in frame."",
      ""camera"": ""low-angle whip-pan following the knife draw from shadow -> side-angle macro tracking the blade pull across the tuna block -> extreme macro punch-in on the single razor-thin translucent slice held against backlight -> quick tilt following the tweezers snap onto the rice."",
      ""speed_ramp"": ""1.5x (the draw) -> 0.2x (the slice against light) -> 1.5x (the placement)""
    },
    {
      ""time"": ""9-12s"",
      ""action"": ""THE FINISH: The itamae (<<<image_1>>>, no grid lines, no overlay, no mesh) snatches the brush, drives one aggressive stroke of nikiri soy across the razor-thin tuna surface — the glaze exploding in a wet arc under the pendant light — then snaps a single micro shiso leaf into position with tweezers in one precise strike. His eyes drive up from the board, locking on camera with the certainty of someone who does not make mistakes. CONSTRAINT: only this one completed nigiri on the board — no other pieces, no background sushi, nothing else on the counter."",
      ""camera"": ""extreme macro punch-in on the soy brush stroke exploding across the tuna surface -> whip-pan rack focus to the shiso leaf snap -> quick pull-back to the itamae's eyes emerging hard from shadow."",
      ""speed_ramp"": ""1.5x (the brush stroke) -> 0.2x (the shiso placement) -> 1.5x (the eye lock)""
    },
    {
      ""time"": ""12-15s"",
      ""action"": ""THE HERO SHOT: The itamae (<<<image_1>>>, no grid lines, no overlay, no mesh) rotates the hinoki board a quarter turn to face camera — revealing for the first time a composed row of exactly five completed nigiri pieces side by side under the pendant light, each with a razor-thin tuna slice, soy glaze, and micro shiso leaf — the payoff of everything we watched built with controlled violence. He steps back hard into shadow, arms folded, face half-lit by cobalt rim, waiting. The five pieces gleam under the single cone of tungsten light."",
      ""camera"": ""quick 180-degree orbit around the five-piece lineup at counter level -> aggressive dolly-in on the center otoro nigiri -> bullet-time pause at extreme macro on the razor-thin marbled tuna surface and the pendant light reflection in the soy glaze."",
      ""speed_ramp"": ""1x -> 0.3x (the orbit) -> 0.1x (bullet-time pause)""
    }
  ]
}"
renoise-2066501737280643159,The Train Ticket to Nowhere,,漫剧,现实向,剧情短片,3D卡通,en,Seedance 2.0,,,renoise-ai/awesome-seedance-prompts,https://github.com/renoise-ai/awesome-seedance-prompts/blob/904b6caffa21c2b114bb93e1bd0e37ba80b3dd10/data/prompts/2066501737280643159.json,CC-BY-4.0,Dheepan Ratnam,https://x.com/Dheepanratnam/status/2066501737280643159,True,prompts/漫剧/现实向/剧情短片/renoise-2066501737280643159--The-Train-Ticket-to-Nowhere.md,"The Train Ticket to Nowhere

REFERENCE
@ Image1 is the main storyboard reference.
Follow the 12-shot sequence, Nori’s design, Mr. Sato’s design, ticket prop, rural platform, camera angles, and emotional beats from @ Image1.
Do not add extra characters. No train arrives.

STYLE
Original warm 3D animated family-film look. Rounded expressive faces, tactile station materials, soft late-afternoon light, gentle realistic acting.

AUDIO
Natural ambience only: wind on platform, distant insects, paper ticket handling, soft bench creak.
No music, no subtitles, no text overlays, no logos.

DIALOGUE RULE
One speaker per shot. Keep lip movement simple and clear.

TIMELINE
0:00-0:01.2
Wide locked shot. Nori stands alone on the empty platform, holding the old ticket.
Nori says: “Is this train still coming?”

0:01.2-0:02.4
Medium slow push. Mr. Sato steps from the station office.
Mr. Sato says: “That ticket waited a long time.”

0:02.4-0:03.6
Close-up. Nori studies the yellowed ticket and star mark.
Nori says: “It says nowhere.”

0:03.6-0:04.8
Medium two-shot. Mr. Sato sits beside Nori.
Mr. Sato says: “Nowhere can mean not yet.”

0:04.8-0:06.0
Insert. Mr. Sato points to the faded stamp.
Mr. Sato says: “Someone saved it for a brave day.”

0:06.0-0:07.2
Close-up slow push. Nori looks toward the empty tracks.
Nori says: “What if I’m not brave?”

0:07.2-0:08.4
Medium shot. Mr. Sato folds a paper timetable into a tiny train.
Mr. Sato says: “Then we wait with you.”

0:08.4-0:09.6
Low wide shot. The paper train rolls along the bench in the breeze.
Nori says: “It moved.”

0:09.6-0:10.8
Close two-shot. Nori laughs; Mr. Sato smiles.
Mr. Sato says: “First departure.”

0:10.8-0:12.0
Medium shot. Nori places the ticket into the stamp box.
Nori says: “Can it wait one more day?”

0:12.0-0:13.2
Close-up. Mr. Sato stamps a tiny star.
Mr. Sato says: “As many as you need.”

0:13.2-0:15.0
Wide ending shot. Nori and Mr. Sato sit on the platform in late sunlight.
Nori says: “I’ll come back tomorrow.”
Hold on the quiet tracks and warm sky."
renoise-2066505082426773778,全局规则：无音乐，仅使用画内自然音效。未经处理的iPhone手持拍摄素材，所有设置均为自动，以现场球迷POV视角拍摄于夜晚世界杯现代化足球场。观众席满座，旗帜挥…,,真人,现实向,运动,,en,Seedance 2.0,link-only,sexual,renoise-ai/awesome-seedance-prompts,https://github.com/renoise-ai/awesome-seedance-prompts/blob/904b6caffa21c2b114bb93e1bd0e37ba80b3dd10/data/prompts/2066505082426773778.json,CC-BY-4.0,John,https://x.com/john87445528/status/2066505082426773778,True,"prompts/真人/现实向/运动/renoise-2066505082426773778--全局规则-无音乐,仅使用画内自然音效-未经处理的iPhone手持拍摄素材,所有设.md",
renoise-2066508741336510608,"Generate a live action anime scene with dramatic lighting, wind-blown hair, and…",,真人,现实向,时尚写真,,en,Seedance 2.0,,,renoise-ai/awesome-seedance-prompts,https://github.com/renoise-ai/awesome-seedance-prompts/blob/904b6caffa21c2b114bb93e1bd0e37ba80b3dd10/data/prompts/2066508741336510608.json,CC-BY-4.0,Creatorslop,https://x.com/creatorslop/status/2066508741336510608,True,prompts/真人/现实向/时尚写真/renoise-2066508741336510608--Generate-a-live-action-anime-scene-with.md,"Generate a live action anime scene with dramatic lighting, wind-blown hair, and intense eye close-ups. Style: cinematic, hyper-detailed, anime-to-real transition."
renoise-2066511932014965175,TITLE: Neon Alley Showdown,,漫剧,特效向,战斗大招,2D日漫,en,Seedance 2.0,,,renoise-ai/awesome-seedance-prompts,https://github.com/renoise-ai/awesome-seedance-prompts/blob/904b6caffa21c2b114bb93e1bd0e37ba80b3dd10/data/prompts/2066511932014965175.json,CC-BY-4.0,𝐌,https://x.com/Strength04_X/status/2066511932014965175,True,prompts/漫剧/特效向/战斗大招/renoise-2066511932014965175--TITLE-Neon-Alley-Showdown.md,"TITLE: Neon Alley Showdown
REFERENCE: Use the uploaded character sheet and storyboard board as the main visual reference. Keep the same fighter designs, outfits, alley location, neon lighting, rain, and 12-beat fight choreography. Do not add extra characters. Do not change the story.
SUBJECTS
Fighter X: Young anime street brawler, around 20, shaggy bleached-blonde hair, teal eyes, broad build, wears an oversized hooded jacket tied at the waist, tank top, cargo pants, fingerless gloves. Style is loud, relentless, brute-force — attacks first with a charging rush and haymaker.
Fighter Y: Sharp female duelist, around 21, short black hair with a red streak, grey eyes, lean agile build, wears a fitted leather jacket, choker, ripped jeans, knuckle wraps. Style is agile, evasive, acrobatic counter-striker — dodges, flip-kicks, then finishes with a spinning kick.
ENVIRONMENT: Narrow neon-lit rain-soaked alley, reflective puddles, flickering signs, steam vents, scattered crates, chain-link fences, distant city glow, cinematic anime action atmosphere.
STYLE: Premium anime action film quality. Fast readable fight choreography. Strong speed lines. Sharp impact poses. Dramatic slow motion. Water splash reactions. Spark and debris effects. Painterly neon backgrounds. No comedy. No subtitles. No logos. No UI. No text overlays.
AUDIO: No background music. Only natural ambience and action sound effects.
CAMERA: 16:9 cinematic anime framing. First 2 seconds use split-screen with two horizontal frames separated by a thick black divider. After 2 seconds, switch to full-frame cinematic action. Use side-tracking shots, close-up anticipation, slow-motion dodge, recovery wide shot, ultra-fast counter shot, and final impact close-up.
TIMELINE
0:00-0:01 — Split-screen. Top: Fighter X cracks his knuckles under a flickering neon sign, steam rising off his shoulders. Bottom: Fighter Y leans against a wet wall, arms crossed, calm.
SFX: rain, neon buzz, knuckle crack.
0:01-0:02 — Split-screen close-ups. Top: Fighter X's grin widens. Bottom: Fighter Y's eyes flick open, alert.
SFX: rain intensifies, faint neon hum.
0:02-0:03 — Full-frame wide shot. Both fighters face off in the narrow alley, rain falling, neon reflections in puddles.
SFX: rain, distant city ambience.
0:03-0:05 — Fighter X charges forward with a powerful shoulder-first rush. Use side-tracking camera, speed lines, water splashing from puddles.
SFX: heavy footsteps, water splash, rushing motion.
0:05-0:07 — Slow-motion dodge. Fighter Y ducks and slides beneath Fighter X's haymaker, water spraying outward in slow motion.
SFX: whoosh, water spray, slow-motion sweep.
0:07-0:09 — Fighter Y springs up behind Fighter X with an acrobatic flip-kick to his back.
SFX: kick impact, cloth snap.
0:09-0:11 — Fighter X stumbles forward into a stack of crates, debris scattering across the alley.
SFX: crates breaking, debris clatter.
0:11-0:12 — Fighter X recovers near a dumpster, neon signs flickering above him.
SFX: neon flicker, rain.
0:12-0:13 — Fighter Y dashes in with a blur of rapid counter-jabs.
SFX: rapid impacts, fast footsteps.
0:13-0:14 — Fighter Y winds up for a spinning kick as Fighter X tries to block.
SFX: spin motion, air whoosh.
0:14-0:15 — Final impact. Fighter Y's spinning kick sends Fighter X crashing through a chain-link fence, sparks and debris flying from a broken neon sign, strong camera shake. Hold briefly on rain falling and Fighter Y standing calm under the flickering lights.
SFX: heavy impact, fence rattle, sparks, falling debris, rain."
renoise-2066513554186879431,Use the attached THE CRÈME BRÛLÉE storyboard as exact visual reference. Create…,,漫剧,现实向,甜宠恋爱,3D卡通,en,Seedance 2.0,,,renoise-ai/awesome-seedance-prompts,https://github.com/renoise-ai/awesome-seedance-prompts/blob/904b6caffa21c2b114bb93e1bd0e37ba80b3dd10/data/prompts/2066513554186879431.json,CC-BY-4.0,TechieSA,https://x.com/TechieBySA/status/2066513554186879431,True,prompts/漫剧/现实向/甜宠恋爱/renoise-2066513554186879431--Use-the-attached-THE-CRÈME-BRÛLÉE-storyb.md,"Use the attached THE CRÈME BRÛLÉE storyboard as exact visual reference. Create a 12-second 16:9 Pixar 3D animated sequence following all 8 shots exactly. Same elegant older French woman — silver hair pulled back, crisp white chef jacket, pearl earrings, warm refined expression — Parisian rooftop terrace, white linen table, candle flickering, Eiffel Tower and warm pink orange sunset sky throughout. High energy throughout — every movement crisp, confident and alive. Nothing slow or dragging.

Shot sequence:

1.Wide shot. She stands on the Parisian rooftop terrace, Eiffel Tower glowing in the pink orange sunset behind her. Places a white ramekin on the linen table, looks directly at the camera and says “Tonight, crème brûlée!” quickly and confidently — warm, bright, energetic. Not slow or drawn out. Candlelight catching her silver hair.
2.Close-up. Heavy cream pouring fast over two vivid golden egg yolks in a mixing bowl, vanilla pod split and scraped beside them. Quick and confident. Rich and golden.
3.Medium shot with her visible. She whisks the custard with fast confident strokes — mixture becoming smooth and pale golden quickly. Eiffel Tower softly visible behind her. Energetic and precise.
4.Overhead close-up. Custard poured quickly through a fine sieve into white ramekins — smooth and even, filling each one fast. Pale golden liquid against white ceramic. Efficient and satisfying.
5.Close-up dramatic. She spoons fine white sugar across the surface of the set custard in one quick confident sweep — perfectly even thin layer covering the entire top instantly. Ready for the flame.
6.Side angle shot. Her hand holding the kitchen torch, vivid blue and orange flame shooting downward onto the sugar — caramel bubbling and turning deep amber fast and dramatically. Her face partially visible behind the torch, Eiffel Tower and pink sunset sky in the background. Flame bright and vivid. High energy moment.
7.Close-up. Her elegant hands placing a single vivid red strawberry on top of the finished deep amber caramel, then a small cluster of deep blue blueberries beside it quickly and precisely. Vivid red and blue against rich amber. The color panel.
8.Wide warm romantic shot. A couple at the rooftop table, candle between them, Eiffel Tower glowing pink in the sunset behind them. One spoon cracks through the caramel — sharp confident tap, caramel shattering, pale custard revealed beneath, vivid red strawberry and deep blue blueberries still perfectly placed on top. Both eyes closing in pure satisfaction. She watches from behind with one quick proud smile.

Camera: Wide for opener and romantic ending, close-up for cream and sugar, medium with her for the whisk, overhead for the pour, side angle for the torch, close-up for the garnish, wide warm romantic for the crack. Camera moves have gentle momentum throughout — slow push ins, slight pans, nothing static or frozen.

Style: Warm pink and orange Paris sunset throughout. Eiffel Tower silhouette, vivid torch flame blue and orange, deep amber caramel, fresh red strawberry, deep blue blueberries on top at the end, pale golden custard, white ramekin, white chef jacket, candlelight on white linen. Pixar CGI vivid and warm. Elegant and romantic but alive with energy.

Sound: Romantic French music — upbeat accordion, warm and lively like a Parisian café on a beautiful evening. Fast enough to feel alive, romantic enough to feel elegant. Continuous from first frame to last, no breaks. She says “Tonight, crème brûlée!” quickly and brightly at the opener — confident not slow. Natural sounds underneath — cream pouring fast, whisk moving quickly, custard through sieve, sugar swept across, torch igniting with energy, flame caramelizing with a sharp crackling sizzle, strawberry and blueberries placed, spoon cracking through caramel with a sharp satisfying tap, couple’s soft exhale. Music never stops."
renoise-2066516395299651958,First frame locked. A player in a white and blue national jersey executes a…,,真人,现实向,运动,,en,Seedance 2.0,,,renoise-ai/awesome-seedance-prompts,https://github.com/renoise-ai/awesome-seedance-prompts/blob/904b6caffa21c2b114bb93e1bd0e37ba80b3dd10/data/prompts/2066516395299651958.json,CC-BY-4.0,Shahid Wani,https://x.com/meng_dagg695/status/2066516395299651958,True,prompts/真人/现实向/运动/renoise-2066516395299651958--First-frame-locked.-A-player-in-a-white.md,"First frame locked. A player in a white and blue national jersey executes a stunning mid-air bicycle kick — body fully inverted, right boot connecting clean with the ball, sending it rocketing toward the top-left corner of the goal. The Canadian defender in red lunges forward but can't reach.

Camera begins as a tight side-angle broadcast shot at knee height, then fluid crane motion lifts and rotates around the airborne player in a slow 180° arc — revealing the packed stadium crowd reacting in real time: arms rising, mouths open, a wave of disbelief and awe.

Cut to: ultra-slow-motion replay — 240fps — tracking the ball's spiral through the air, laces contact frame-by-frame, crowd blur in the background. Lens flare from floodlights bleeds across the frame as the ball hits the net.

Cut to: pitch-level wide shot — the player lands, momentum carrying him forward, sliding on his knees with arms stretched wide. Teammates sprint in from off-frame. Goalkeeper frozen at the goalpost.

Stadium erupts. Confetti optional.

Lighting: high-exposure evening floodlights, green pitch saturated, skin tones warm under stadium glow. Lens: 35mm anamorphic with subtle chromatic aberration on motion edges. Color grade: FIFA broadcast standard — deep shadows, vivid greens, high contrast whites."
renoise-2066518695070019962,"Create a cinematic 3x3 storyboard grid in 16:9 aspect ratio, featuring an…",,真人,特效向,奇幻怪兽,,en,Seedance 2.0,,,renoise-ai/awesome-seedance-prompts,https://github.com/renoise-ai/awesome-seedance-prompts/blob/904b6caffa21c2b114bb93e1bd0e37ba80b3dd10/data/prompts/2066518695070019962.json,CC-BY-4.0,Feyber | Learn AI,https://x.com/woleswoosh/status/2066518695070019962,True,prompts/真人/特效向/奇幻怪兽/renoise-2066518695070019962--Create-a-cinematic-3x3-storyboard-grid-i.md,"Create a cinematic 3x3 storyboard grid in 16:9 aspect ratio, featuring an original character named Jax in a dramatic desert confrontation.

Jax is a stylized doodle desert drifter / gunslinger with a rugged wide-brim hat, stitched cartoon-like face, large expressive eyes, worn leather outfit, scarf, belts, charms, dusty boots, and a mysterious western outlaw vibe. Keep Jax visually consistent in all 9 panels.

Environment: dead valley desert, golden hour, incoming storm, dramatic clouds, dust in the air, rocky desert floor, distant mountains, epic confrontation atmosphere.

Visual style: cinematic 8K, ARRI Alexa 65 look, Vintage Helios lens character, 50mm standard lens, anamorphic, shallow depth of field, film grain, vignette, high contrast, epic trailer mood, premium director storyboard style.

Create a 3x3 grid with thin black borders and small labels “Grid 1” to “Grid 9”. Each panel must show a different camera shot:

Grid 1: Push In, Extreme Close-Up, Worm’s Eye View, Jax staring intensely, gun blurred in foreground.
Grid 2: Push In, Dutch Tilt, Dutch 30°, close shot of Jax in the stormy desert.
Grid 3: Push In, Worm’s Eye + High Angle experimental blend, Jax looking upward on dusty ground.
Grid 4: Steadicam, Dutch Tilt, Low Angle, Jax pointing revolver dramatically.
Grid 5: Static shot, Worm’s Eye + High Angle experimental blend, Jax standing on circular desert markings.
Grid 6: Crane Up, Medium Close-Up, Bird’s Eye View, Jax looking up at camera.
Grid 7: 360 Orbit, High Angle, Dutch 15°, wide shot with Jax centered in circular desert terrain.
Grid 8: Steadicam, Medium Shot, Low Angle, heroic Jax standing against storm clouds.
Grid 9: Dolly Out, Over Shoulder, High Angle, Jax looking at a distant opponent in the desert.
Mood: epic, tense, cinematic, western fantasy, stormy golden hour, film trailer energy.
No logos, no watermark, no extra text except grid labels and optional short shot notes.
Aspect ratio: 16:9"
renoise-2066518759616270773,An angry Korean male student wearing a gray uniform sprinting towards the…,,真人,现实向,生活与vlog,,en,Seedance 2.0,,,renoise-ai/awesome-seedance-prompts,https://github.com/renoise-ai/awesome-seedance-prompts/blob/904b6caffa21c2b114bb93e1bd0e37ba80b3dd10/data/prompts/2066518759616270773.json,CC-BY-4.0,Good FortuneX,https://x.com/pound75423/status/2066518759616270773,True,prompts/真人/现实向/生活与vlog/renoise-2066518759616270773--An-angry-Korean-male-student-wearing-a-g.md,"An angry Korean male student wearing a gray uniform sprinting towards the camera in a dimly lit school corridor, the camera pulls back rapidly, blurred background..."
renoise-2066519085815300502,As the lanterns faded and the stage smoke slowly dispersed into the warm summer…,,真人,特效向,奇幻怪兽,,en,Seedance 2.0,,,renoise-ai/awesome-seedance-prompts,https://github.com/renoise-ai/awesome-seedance-prompts/blob/904b6caffa21c2b114bb93e1bd0e37ba80b3dd10/data/prompts/2066519085815300502.json,CC-BY-4.0,Isabella,https://x.com/IsabellaHan_/status/2066519085815300502,True,prompts/真人/特效向/奇幻怪兽/renoise-2066519085815300502--As-the-lanterns-faded-and-the-stage-smok.md,"As the lanterns faded and the stage smoke slowly dispersed into the warm summer night, Nene stepped away from the ancient-style platform. The red fire staff had been returned to its stand, its crimson orb now dark and still. Yet the memory of its heat remained, pulsing faintly against her palm like a secret kept between performer and performance. Behind her, the audience’s phone lights lingered a moment longer, capturing the final traces of lightning and spinning fire rings before the scene dissolved into ordinary darkness. She walked through the quiet backstage corridor, the white-and-gold miko robes brushing softly against her legs. A light sheen of perspiration traced her brow—not the heavy, clinging dampness of the morning train, but the controlled warmth of exertion. Earlier that day, she had stood in the packed carriage, one hand gripping the hand strap, the other resting lightly on her chest. The pink top had clung to her skin; sweat had slid slowly down her collarbone while the carriage swayed and strangers pressed close. Then, elegance had been an inner shield, a private act of resistance against the suffocating heat and motion. On stage, that same composure had become something larger. Facing the black-cloaked witch, she had moved with deliberate grace, her staff carving arcs of flame while the broom answered with white vortices. The clash had been fierce, yet never frantic. In both settings—the invisible battlefield of the commute and the luminous duel of tradition and fantasy—Nene had preserved a quiet centre. Summer demanded this balance: the small, relentless pressures of daily movement and the rare, spectacular release of performance. Each tested the same quality—how much serenity one could carry when the air grew thick and the world closed in. Outside the venue, the night breeze touched her face. She paused, listening to the distant murmur of departing crowds. The little matters of summer, she reflected, were never only discomfort or spectacle. They were opportunities to practise the same poise in different keys: the private dignity of the crowded train and the public radiance of the magical stage. Both belonged to the same season. Both required the same quiet strength. Tomorrow would bring new carriages and perhaps new stories. Tonight, the echo of applause and the cooling air reminded her that elegance, once held, could travel from the most ordinary crush of bodies to the brightest collision of fire and light—and still remain unbroken."
renoise-2066525071112347914,Use the provided 6-panel storyboard sheet @[image_2] as the direct sequential…,,漫剧,现实向,剧情短片,3D卡通,en,Seedance 2.0,,,renoise-ai/awesome-seedance-prompts,https://github.com/renoise-ai/awesome-seedance-prompts/blob/904b6caffa21c2b114bb93e1bd0e37ba80b3dd10/data/prompts/2066525071112347914.json,CC-BY-4.0,Okan Can,https://x.com/0kncn/status/2066525071112347914,True,prompts/漫剧/现实向/剧情短片/renoise-2066525071112347914--Use-the-provided-6-panel-storyboard-shee.md,"Use the provided 6-panel storyboard sheet @[image_2] as the direct sequential visual keyframe reference for the entire 15-second video. Follow the exact 6-beat progression, timing structure, visual rhythm, camera logic, skiing direction, route geography, and motion continuity from the storyboard. Preserve the original choreography flow while expanding the movement with smooth connected animation between storyboard poses.

Use @[image_1] ONLY as the main character reference for NOVA FROSTRUSH. Keep her identity consistent in every shot: oversized mirrored purple-blue ski goggles, purple hair, icy blue/orange/purple/white technical ski jacket, large “07” graphic, thick gloves with glowing circular boost-control discs, utility belt, small snow-boost canister backpack, baggy reinforced snow pants, chunky boots, short aggressive twin-tip rocket skis with glowing blue energy channels.

Do not render storyboard panel borders, panel numbers, header text, director-strip text, labels, arrows, diagrams, notes, UI marks, or production annotations in the final video. Use the storyboard only for framing, pacing, route direction, pose, camera placement, and shot order.

STYLE:
high-energy cel-shaded extreme winter sports animation, arcade skiing game aesthetic, colorful mountain resort world, stylized non-photorealistic rendering, sharp silhouettes, bold shadows, third-person gameplay camera feel, dynamic speed lines, powder bursts, blue-orange boost energy, polished premium game trailer quality. Final video is fully colored, not black-and-white.
ENVIRONMENT:
Same mountain ski resort course throughout: bright snowy downhill track, start gate, slalom flags, ramp, distant lodges, pine trees, cable cars, mountain peaks, finish banner. Keep the same downhill geography and direction from the storyboard. Nova’s path should be readable through natural ski tracks, powder grooves, and blue-orange boost trails, not drawn arrows.

PHYSICS:
Strong downhill momentum, grounded ski contact, visible carve pressure, snow displacement from ski edges, cloth and hair reacting to speed, backpack and belt gear bouncing naturally, no floaty motion except during the intentional jump/spin.
[00:00–00:02] SHOT 1 — START GATE READY
Rear wide master shot. Nova crouches at the start gate, looking down the full mountain course. The camera sits behind her at ski height, showing the downhill route ahead with slalom gates and ramp in the distance. She shifts weight forward, skis vibrating with blue energy.
Camera: slow push-in from behind, board-level perspective.

[00:02–00:05] SHOT 2 — BOOST DROP
Low side tracking shot. Nova explodes downhill, leaning hard into speed, one hand near the snow. Her rocket skis carve bright blue grooves and throw powder sideways. The camera races parallel to her, very close to ski level.
Camera: fast side tracking, slight handheld game-trailer energy.
[00:05–00:08] SHOT 3 — REVERSED SLALOM CARVE
High overhead shot matching storyboard panel 3. Nova enters the slalom from the opposite curve direction, carving a reversed S-path through the flags. The track direction is clear from her body lean, ski grooves, and powder wake. She moves from upper course into the lower turn, not the wrong way around.
Camera: top-down tracking follow, smooth and readable.

[00:08–00:10] SHOT 4 — RAMP APPROACH
Low front three-quarter shot. Nova compresses her knees and charges toward the ramp. Her goggles reflect the ramp ahead, jacket flaps in the wind, skis glow brighter under pressure. Snow streaks rush past the camera.
Camera: low push backward in front of Nova, keeping the ramp centered behind her.
[00:10–00:13] SHOT 5 — FROST COMET SPIN
Dynamic mid-air shot. Nova launches off the ramp and performs the Frost Comet Spin: a wild double rotation, skis crossing cleanly in the air. Blue ice energy and hot orange boost energy spiral naturally from the skis as motion trails, not graphic arrows.
Camera: orbiting mid-air follow, slight upward rise, strong parallax with mountains behind.
[00:13–00:15] SHOT 6 — IMPACT FINISH
Low wide finish shot. Nova lands hard, carves through the finish banner, and throws a huge powder burst behind her. Two natural boost trails remain in the snow: icy blue and hot orange. She exits frame with confident arcade-hero energy.
Camera: fast low follow-through, slight lens shake from impact, natural white powder wipe at the end.

GLOBAL:
Same Nova throughout. Same costume, same proportions, same goggles, same skis, same backpack. No extra characters. No redesigns. No color swaps. No random props. No subtitles. No logos. No watermark. No text in the final video. Maintain exact storyboard order from @[image_2] and exact character identity from @[image_1]."
renoise-2066525088154005611,"15-Second Cinematic AI Video Prompt,  Mountain Rescue Mission",,真人,现实向,剧情短片,,en,Seedance 2.0,,,renoise-ai/awesome-seedance-prompts,https://github.com/renoise-ai/awesome-seedance-prompts/blob/904b6caffa21c2b114bb93e1bd0e37ba80b3dd10/data/prompts/2066525088154005611.json,CC-BY-4.0,Sarah Parker,https://x.com/SeharShinwari/status/2066525088154005611,True,"prompts/真人/现实向/剧情短片/renoise-2066525088154005611--15-Second-Cinematic-AI-Video-Prompt,-Mou.md","15-Second Cinematic AI Video Prompt,  Mountain Rescue Mission

Format: 9:16 Vertical | Ultra-Realistic | 4K HDR | Cinematic Rescue Drama | Helicopter Action | Emotional Storytelling

The video opens at a mountain rescue command, center during a stormy afternoon. An emergency distress signal flashes on a monitor while a stranded hiker calls for help from a narrow cliff high in the mountains. Rescue personnel immediately spring into action.

A powerful rescue helicopter lifts off from its base, rotors slicing through mist and clouds. The camera follows closely as the aircraft races through dramatic mountain valleys, narrowly passing towering cliffs and waterfalls. Rain and wind create a sense of urgency.

The helicopter reaches a remote rocky peak where two exhausted hikers are trapped on a dangerous ledge. A rescue specialist descends on a cable while the helicopter hovers steadily above the cliff edge. The FPV camera follows the rescuer as he carefully reaches the hikers and secures them with safety harnesses.

As the weather clears, the helicopter lifts the hikers safely into the air. The camera circles around the aircraft as it flies away from the mountains. The dramatic storm clouds part, revealing a breathtaking golden sunset.

For the grand finale, the helicopter flies across glowing mountain peaks while the rescued hikers look out the window in relief. The camera pulls back to reveal the vast mountain range bathed in warm sunset light, symbolizing hope and survival. Ultra-realistic visuals, cinematic lighting, realistic helicopter physics, emotional atmosphere, epic aerial shots, no text, no logos."
renoise-2066549420015997212,Create a highly realistic 4x4 16-panel choreography storyboard based on the…,,真人,现实向,音乐MV,,en,Seedance 2.0,,,renoise-ai/awesome-seedance-prompts,https://github.com/renoise-ai/awesome-seedance-prompts/blob/904b6caffa21c2b114bb93e1bd0e37ba80b3dd10/data/prompts/2066549420015997212.json,CC-BY-4.0,Larus Canus,https://x.com/MrLarus/status/2066549420015997212,True,prompts/真人/现实向/音乐MV/renoise-2066549420015997212--Create-a-highly-realistic-4x4-16-panel-c.md,"Create a highly realistic 4x4 16-panel choreography storyboard based on the same character sheet.

Theme: Tennis-core K-pop Dance.

The dancer is a young adult East Asian female K-pop idol dancer wearing a white cropped polo, light pink pleated tennis skirt, white socks, white sneakers and a subtle pink headband.

Scene: bright summer outdoor tennis court, blue sky, natural sunlight, tennis net, clean court lines, fresh sporty atmosphere.

Keep the same face, hairstyle, outfit, body proportions, skin texture and expression style from the character sheet.

Storyboard beats:

Run-in Opening / Power Smile Pose / Side Shuffle Step / Hair Flip Turn / Arm Swing Hit / Drop Bounce / Cross Step Forward / Full Spin / Jump Accent / Lean Back Wave / Kick Step Combo / Low Side Lunge / Rise and Sweep / Big Open Diagonal / Cheer Jump Finish / Idol Ending Pose

Make every panel clearly different, dynamic and useful for video generation.

Avoid static posing, tiny groove-only motions, inconsistent identity, plastic skin, fake doll face, frozen smile and outfit changes."
renoise-2066550115163410445,Use the attached THE POTTER storyboard image as the exact reference.,,漫剧,现实向,剧情短片,3D卡通,en,Seedance 2.0,,,renoise-ai/awesome-seedance-prompts,https://github.com/renoise-ai/awesome-seedance-prompts/blob/904b6caffa21c2b114bb93e1bd0e37ba80b3dd10/data/prompts/2066550115163410445.json,CC-BY-4.0,𝐌,https://x.com/Strength04_X/status/2066550115163410445,True,prompts/漫剧/现实向/剧情短片/renoise-2066550115163410445--Use-the-attached-THE-POTTER-storyboard-i.md,"Use the attached THE POTTER storyboard image as the exact reference.
Create a 12-second 16:9 animated pottery-making sequence that follows the 8-shot storyboard exactly. Preserve the same Pixar-style calm serene female potter, clay-covered hands, linen apron, warm sunlit pottery studio, and earthy color aesthetic throughout.
Rules:
→ Follow the sequence exactly from 1 to 8
→ One shot per panel, approximately 1.5 seconds each
→ No skipped steps, no extra materials beyond the storyboard
→ Maintain character and studio continuity throughout
→ Emphasize the clay centering, wall pulling, vessel shaping, and glaze color reveal
Shot sequence:
→ Potter enters studio — ties apron, sunlight streams across clay and finished pots
→ Clay wedged on wooden table — rhythmic pressing and folding, air removed
→ Clay centered on spinning wheel — wet hands guiding with calm perfect control
→ Thumbs press into clay center — walls begin rising, first vessel shape forming
→ Hands pull walls upward — rising tall and thin, beautiful form emerging
→ Gentle outward pressure — belly curves perfectly, graceful silhouette complete
→ Wire cuts base, fine detail lines added — piece lifted off wheel with care
→ Glazed vase pulled from kiln — rich color revealed, potter smiles warmly with pride
Camera:
→ Wide shot for studio morning opening and kiln reveal
→ Close-up for centering, wall pulling, and shaping hands
→ Overhead angle for wheel spinning and clay opening
→ Tight on potter's warm proud smile for final reaction
Style:
→ Warm sunlit studio light throughout
→ Terracotta oranges, wet clay grays, rich earth browns, creamy glaze whites, warm kiln reds
→ Pixar CGI vivid expressive earthy animation
→ Shallow depth of field on hand and clay close-ups
→ Smooth meditative cuts, calm and deeply beautiful energy
Goal: A beautiful 12-second pottery journey from raw clay to glazed finished vessel tactile, meditative, and deeply satisfying to watch."
renoise-2066553910060278051,"Use the visual reference as the primary reference for character, motorcycle…",,真人,特效向,动作大片,,en,Seedance 2.0,,,renoise-ai/awesome-seedance-prompts,https://github.com/renoise-ai/awesome-seedance-prompts/blob/904b6caffa21c2b114bb93e1bd0e37ba80b3dd10/data/prompts/2066553910060278051.json,CC-BY-4.0,Heather Cooper,https://x.com/HBCoop_/status/2066553910060278051,True,prompts/真人/特效向/动作大片/renoise-2066553910060278051--Use-the-visual-reference-as-the-primary.md,"Use the visual reference as the primary reference for character, motorcycle, city architecture, traffic density, and color palette. Maintain exact character consistency: long dark hair, rugged tactical clothing, black street motorcycle, realistic proportions, and continuous identity across all shots.

A lone motorcyclist races through a crowded city street while multiple explosions erupt in the distance behind him. The motorcycle remains intact and unaffected by fire. No flames, sparks, smoke, damage, or burning effects originate from the motorcycle, rider, wheels, engine, or clothing. Fire exists only in the environment, buildings, vehicles, debris fields, and explosion locations behind or beside the rider.

The camera tracks low alongside the motorcycle as the rider accelerates through moving traffic. Cars naturally change lanes and brake as the motorcycle passes. The rider smoothly weaves between vehicles using realistic motorcycle dynamics. Every turn begins with a visible lean, followed by gradual steering input, then recovery into the next movement. No teleporting, popping, sudden reorientation, instant lane changes, or abrupt direction reversals.

A large explosion erupts several blocks behind the rider. The shockwave pushes dust, loose paper, and debris down the street while fire expands outward from buildings and parked vehicles. The rider continues forward in the same direction, maintaining momentum and spatial continuity. Camera movement remains physically connected from shot to shot.

The motorcycle enters a sweeping corner. The rider leans progressively into the turn, tires maintaining contact with the road. The camera follows the arc naturally, preserving screen direction and geography. The rider never suddenly faces a different direction without showing the complete turning motion. All transitions between angles maintain the same forward travel path and city layout.

Secondary explosions ignite in the background, illuminating the street with orange firelight and reflecting across nearby surfaces. Burning debris falls behind the rider while foreground traffic creates depth and speed. Motion blur affects the environment and passing vehicles, while the rider remains readable and consistent.

For the finale, the rider accelerates deeper into the city as flames and smoke recede into the distance. The camera performs a smooth side-tracking move and then a rear chase shot, maintaining continuous forward motion until the rider disappears into the urban landscape.

Style: photorealistic action thriller, grounded stunt cinematography, realistic motorcycle physics, practical explosions, cinematic motion blur, environmental destruction, high contrast, cool urban tones contrasted against distant orange firelight.

Motion Constraints: continuous forward travel, realistic motorcycle steering, visible lean before every turn, smooth transitions between camera angles, preserved screen direction, no sudden orientation changes, no instant pivots, no motorcycle fire effects, no exploding motorcycle, no burning rider.

Audio: motorcycle engine, tire noise, distant explosions, sirens, debris impacts, crowd reactions, wind, shockwave rumbles, city ambience. No dialogue. No text."
renoise-2066563828544905336,Use @ Image as storyboard reference for cinematic sequence. use as first shot 01,,其他,,动物萌宠,,en,Seedance 2.0,,,renoise-ai/awesome-seedance-prompts,https://github.com/renoise-ai/awesome-seedance-prompts/blob/904b6caffa21c2b114bb93e1bd0e37ba80b3dd10/data/prompts/2066563828544905336.json,CC-BY-4.0,Viki,https://x.com/churvikv/status/2066563828544905336,True,prompts/其他/动物萌宠/renoise-2066563828544905336--Use-Image-as-storyboard-reference-for-ci.md,"Use @ Image as storyboard reference for cinematic sequence. use as first shot 01
A 15-second cinematic underwater journey transitioning through all 9 storyboard panels in strict order. Visual style: photorealistic 8k underwater documentary, deep blue ocean tones, cinematic lighting, ray tracing, highly detailed marine life. CRITICAL: Absolutely NO frames, borders, film strips, numbers, UI, or text. Render as seamless full-screen cinematic shots only. Ignore grid layout completely.
Shot 1 (0-1.6s): Split-level view. Above water, a luxury yacht silhouettes against a golden sunset. Below water, a great white shark swims majestically over a coral reef. The camera slowly pushes forward.
Shot 2 (1.6-3.3s): Cut to a high-angle view looking straight down into the deep blue abyss. A diver silhouette is visible swimming downward into a swirling vortex of light refractions. The camera follows the descent.
Shot 3 (3.3-5.0s): Cut to a vibrant coral reef. Schools of colorful tropical fish dart around bright pink and orange corals. Sunlight beams pierce through the water surface from above.
Shot 4 (5.0-6.6s): Cut to a close-up tracking shot of a great white shark gliding smoothly through the blue. Smaller fish swim in the background. The shark's texture and power are highlighted.
Shot 5 (6.6-8.3s): Cut to a mysterious shipwreck resting on the ocean floor. A treasure chest sits open near the rusted hull. Sun rays illuminate the eerie scene.
Shot 6 (8.3-10.0s): Cut to a majestic manta ray gliding gracefully, surrounded by translucent purple jellyfish pulsating in the blue void. The movement is slow and ethereal.
Shot 7 (10.0-11.6s): Cut to a giant squid swimming in the dark deep sea. Its long tentacles trail behind as it propels itself forward. Bioluminescent spots glow on its skin.
Shot 8 (11.6-13.3s): Cut to the deep ocean floor featuring hydrothermal vents (black smokers) emitting dark plumes into the cold water. Strange tubeworms and red crabs are visible around the vents.
Shot 9 (13.3-15.0s): Cut to a low-angle shot looking up towards the surface. A diver silhouette ascends towards the blindingly bright sun rays breaking through the water surface. The camera tilts up, ending the journey in light. ZERO TEXT.
Style reinforcement: cinematic underwater cinematography, realistic physics, seamless transitions, NO text, NO grid, NO numbers, consistent artistic style throughout."
renoise-2066574385926877694,Ultra-photorealistic FIFA World Cup stadium crowd shot of an attractive…,,真人,现实向,运动,,en,Seedance 2.0,,,renoise-ai/awesome-seedance-prompts,https://github.com/renoise-ai/awesome-seedance-prompts/blob/904b6caffa21c2b114bb93e1bd0e37ba80b3dd10/data/prompts/2066574385926877694.json,CC-BY-4.0,FATHELA ESQ,https://x.com/AmControo/status/2066574385926877694,True,prompts/真人/现实向/运动/renoise-2066574385926877694--Ultra-photorealistic-FIFA-World-Cup-stad.md,"Ultra-photorealistic FIFA World Cup stadium crowd shot of an attractive Argentina female supporter wearing an authentic Argentina national team jersey with a small Argentina flag face paint on her cheek. She is looking down at a water bottle in her hands and is about to open it. Natural candid moment, not posing, not looking at the camera. Real television crowd-camera shot with realistic stadium lighting, authentic crowd atmosphere, visible skin texture, realistic facial features, sports television color grading, slight motion blur, and realistic broadcast framing. Looks exactly like a paused frame from a live FIFA World Cup television broadcast. Vertical 9:16."
renoise-2066574675275055429,"I2V, 14 seconds, 16:9. Reference @image1 for the exact long black-haired anime…",,漫剧,特效向,奇幻冒险,2D日漫,en,Seedance 2.0,,,renoise-ai/awesome-seedance-prompts,https://github.com/renoise-ai/awesome-seedance-prompts/blob/904b6caffa21c2b114bb93e1bd0e37ba80b3dd10/data/prompts/2066574675275055429.json,CC-BY-4.0,Glitter Gal,https://x.com/GlitterPixely/status/2066574675275055429,True,"prompts/漫剧/特效向/奇幻冒险/renoise-2066574675275055429--I2V,-14-seconds,-16-9.-Reference-image1.md","I2V, 14 seconds, 16:9. Reference @image1 for the exact long black-haired anime woman, pale blue jacket with cream collar, calm serious face, massive white-scaled dragon head, red slit eye, horns, teeth, bright blue sky, warm sunlight, and clean modern anime illustration style.

[INTENT] Make the still image feel like an intimidating dragon-bond teaser: she is calm, fearless, and controlled; the dragon reflects her energy at enormous scale.

[BEATS]
0-2s: Handheld close-up on the girl’s face. Wind moves her long black hair and jacket collar. She steps slightly toward camera and says quietly: “You want to know why I trust dragons?”
2-4s: Camera drops fast past her shoulder to the dragon’s teeth and lower jaw; the red eye shifts toward camera. She says: “They don’t obey.”
4-6s: Camera rushes sideways along the white scales toward the red eye; the dragon exhales hard, scales and whiskers vibrating. Girl says off camera: “They reflect.” 6-8s: Camera pulls back hard to reveal both of them; she turns her head toward the dragon, hair whipping across frame.
8-10s: Low handheld camera slides past dragon teeth and horn shadows, then tilts up to the girl standing steady in front of the dragon. She says: “If I bring thunder...”
10-11.5s: She leans toward camera and gives a sharp human roar: “RAAH!” Mouth visible, jacket snapping in the wind.
11.5-13.5s: Dragon reflects it with a massive roar, jaws opening wide, red eye bright, white scales shaking. The handheld camera jolts backward; dust and sunlight flare across the lens. 1
3.5-14s: Sudden hard stop. The girl stays perfectly calm in the wind, looks into camera, and says quietly: “It comes back louder.”

[CAMERA] Handheld close-up, fast drop to dragon jaw, side rush along scales to red eye, hard pullback reveal, low slide past teeth, upward tilt to girl, final backward impact shake, sudden hard stop for final line.

[LIGHT] Bright warm daylight, blue sky, white scale highlights, deep shadows between scales, crisp modern anime linework.

[AUDIO] Clear girl dialogue, wind through hair, jacket fabric snap, dragon exhale, scale rattle, girl’s sharp roar, massive dragon roar, final quiet line through settling rumble.

[LOCK] Preserve @image1 character designs, dragon anatomy, red eye, color palette, and clean anime style. Dragon does not speak words. No extra characters, no text overlays, no watermark, no signature recreation."
renoise-2066578492582453361,Use the 2 uploaded images as absolute character reference for Lucien. Image…,,漫剧,特效向,战斗大招,2D日漫,en,Seedance 2.0,,,renoise-ai/awesome-seedance-prompts,https://github.com/renoise-ai/awesome-seedance-prompts/blob/904b6caffa21c2b114bb93e1bd0e37ba80b3dd10/data/prompts/2066578492582453361.json,CC-BY-4.0,NΞXUS,https://x.com/NEXUS_TO_NOVA/status/2066578492582453361,True,prompts/漫剧/特效向/战斗大招/renoise-2066578492582453361--Use-the-2-uploaded-images-as-absolute-ch.md,"Use the 2 uploaded images as absolute character reference for Lucien. Image @image 1 defines his face, glowing white curly hair, pale skin, cyan spiral eyes, and cold expression. Image @image 2 defines his full body design, deep crimson long coat, black high collar, gold filigree, glowing chest gemstones, slim build, and his weapon: twin luminous ring-blades. Preserve his design exactly. No redesign, no bow, no extra weapons. Create a short cinematic anime entrance scene. Lucien is not falling by accident. He chooses to descend from the sky as a deliberate, intimidating entrance. The fall must feel controlled, confident, and powerful. Open with a downward tracking shot following his fast descent from high above to build momentum. Do not reveal him fully at first. During the fall, show only fragments: his long coat and sleeves snapping hard in the wind, flashes of his glowing white hair, brief cyan light from his eyes and chest gems, and parts of his silhouette cutting through cloud and smoke. He drops into the middle of a huge mass of demons. Cut to a low angle from demon level as something crashes down between them. His landing creates a crater, shockwave, dust, smoke, and flying debris. The demons stop and stare at the impact point while the smoke hides him, delaying the full reveal. From among the demons, reveal a demon commander @image standing closest to the crater, watching through the smoke. He looks toward the hidden figure and says, “You fall beautifully for a dead man.” Hold the tension for a beat. Then the smoke starts to move away. Reveal Lucien floating calmly above the crater, silent, untouched, and unreadable. At this exact reveal, use a smooth 360-degree orbit camera move around him. His white hair lightly trembles in the charged air. Small arcs of electricity flicker around him, and lightning flashes in the sky behind him. His twin ring-blades float around him in a controlled orbit, glowing cyan with dark metal and gold details. As the orbit brings the camera around to his face, Lucien looks straight into the eyes of the demon commander. He gives no verbal response. The only answer he offers is a small, confident smirk. That smirk is the entire reply. After that, Lucien attacks. The ring-blades launch outward from around him with elegant, precise force and slice through the surrounding demons. The action should feel calm, superior, and controlled, not frantic or messy. Keep the camera movement purposeful: momentum during the fall, tension during the smoke concealment, dominance during the 360 reveal, and clear readable action during the attack. Premium cinematic anime style, strong silhouettes, dramatic smoke, lightning, impact, and clear staging."
renoise-2066598325709885726,"Big-budget sci-fi blockbuster, invasion thriller, handheld documentary-style…",,真人,特效向,动作大片,,en,Seedance 2.0,link-only,copyrighted-character,renoise-ai/awesome-seedance-prompts,https://github.com/renoise-ai/awesome-seedance-prompts/blob/904b6caffa21c2b114bb93e1bd0e37ba80b3dd10/data/prompts/2066598325709885726.json,CC-BY-4.0,MayorkingAI,https://x.com/MayorKingAI/status/2066598325709885726,True,"prompts/真人/特效向/动作大片/renoise-2066598325709885726--Big-budget-sci-fi-blockbuster,-invasion.md",
renoise-2066626621855998270,@Image1 as the first frame. @Image2 as the last frame. The same girl with long…,,漫剧,现实向,剧情短片,2D日漫,ja,Seedance 2.0,,,renoise-ai/awesome-seedance-prompts,https://github.com/renoise-ai/awesome-seedance-prompts/blob/904b6caffa21c2b114bb93e1bd0e37ba80b3dd10/data/prompts/2066626621855998270.json,CC-BY-4.0,ぴょんきち,https://x.com/yarakashiyama_/status/2066626621855998270,True,prompts/漫剧/现实向/剧情短片/renoise-2066626621855998270--Image1-as-the-first-frame.-Image2-as-the.md,"@Image1 as the first frame. @Image2 as the last frame. The same girl with long black hair, the same white summer dress, the same white crossbody bag, the same heart-shaped earrings, on the same sunny tree-lined street with the same no-parking sign on the left. She walks toward the camera smiling with a peace sign. Suddenly a large green frog leaps from the trees and flies toward her face. The frog lands directly on her face. Her eyes go wide in shock, her peace sign hand flings outward, her hair flies in all directions from the sudden stop. The same street, the same trees, the same sunlight throughout. Anime style, clean linework, vibrant colors. Smooth and fluid motion. 4K HD. Maintain perfect continuity of her dress, bag, earrings, and street setting."
renoise-2066652640130277609,"10-second  fantasy steampunk adventure hook, single continuous flight shot…",,真人,特效向,奇幻怪兽,,en,Seedance 2.0,link-only,copyrighted-character,renoise-ai/awesome-seedance-prompts,https://github.com/renoise-ai/awesome-seedance-prompts/blob/904b6caffa21c2b114bb93e1bd0e37ba80b3dd10/data/prompts/2066652640130277609.json,CC-BY-4.0,DUST,https://x.com/Dustfinger2077/status/2066652640130277609,True,prompts/真人/特效向/奇幻怪兽/renoise-2066652640130277609--10-second-fantasy-steampunk-adventure-ho.md,
renoise-2066667526621376991,Ultra-fast FPV drone flight through a prehistoric dinosaur world. POV: Pure…,,真人,特效向,奇幻怪兽,,ja,Seedance 2.0,,,renoise-ai/awesome-seedance-prompts,https://github.com/renoise-ai/awesome-seedance-prompts/blob/904b6caffa21c2b114bb93e1bd0e37ba80b3dd10/data/prompts/2066667526621376991.json,CC-BY-4.0,タナベ | 動画・音声生成AI解説,https://x.com/tanabe_fragm/status/2066667526621376991,True,prompts/真人/特效向/奇幻怪兽/renoise-2066667526621376991--Ultra-fast-FPV-drone-flight-through-a-pr.md,"Ultra-fast FPV drone flight through a prehistoric dinosaur world. POV: Pure first-person FPV drone perspective. The camera is permanently attached to the drone and fully synchronized with its movement. No third-person shots. No external camera angles. No perspective changes. Main Subject: Dinosaurs are the primary visual focus of the entire flight. Scene: Ancient Earth during the Late Cretaceous period. A vast prehistoric ecosystem filled with gigantic dinosaurs. Visible dinosaurs include: Tyrannosaurus rex, Triceratops, Brachiosaurus, Apatosaurus, Ankylosaurus, Velociraptors, Pteranodons, Parasaurolophus. Large herds of dinosaurs move naturally across forests, plains, rivers, cliffs, and volcanic terrain. Flight Path: The drone starts at the designated start location and follows the route shown in the reference image. Throughout the flight, the drone repeatedly interacts with dinosaurs: * flies directly toward a massive Tyrannosaurus rex and narrowly avoids it * races between the legs of gigantic sauropods * skims just above a herd of running Triceratops * passes beside charging dinosaurs at high speed * flies underneath enormous dinosaur necks and tails * follows migrating dinosaur herds across open plains * dodges flying Pteranodons in the sky * flies through a dense prehistoric jungle filled with dinosaurs * repeatedly performs close fly-bys only a few meters from dinosaurs The dinosaurs appear extremely large in frame and dominate the scenery. Flight Behavior: Extreme FPV racing drone speed. Aggressive acceleration. Sharp turns. Rapid dives. Steep climbs. Low-altitude terrain hugging. Continuous forward motion. Final Sequence: The landscape gradually transitions into an active volcanic region populated by dinosaurs. The drone flies through the volcanic valley at maximum speed. It approaches the giant volcano and dives directly into the crater without slowing down. Camera: Single continuous shot. One uninterrupted take. No cuts. No transitions. Strong sensation of speed. Realistic FPV vibrations. Natural motion blur. Style: Photorealistic. Live-action cinematic realism. Documentary-quality prehistoric world. Epic scale. Ultra detailed. 4K. HDR. Volumetric lighting. Atmospheric depth. Negative Prompt: No map. No route lines. No red lines. No text. No captions. No HUD. No UI. No waypoint markers. No third-person view. No camera switching. No hovering. No slow flight. No game graphics. No cartoon dinosaurs. No toy dinosaurs. No low-detail creatures."
renoise-2066679119329251831,"Photorealistic cinematic 3D render, accurate orbital physics, melancholic and…",,其他,,风景空镜,,en,Seedance 2.0,,,renoise-ai/awesome-seedance-prompts,https://github.com/renoise-ai/awesome-seedance-prompts/blob/904b6caffa21c2b114bb93e1bd0e37ba80b3dd10/data/prompts/2066679119329251831.json,CC-BY-4.0,Kaan Alper,https://x.com/kaan_alper/status/2066679119329251831,True,"prompts/其他/风景空镜/renoise-2066679119329251831--Photorealistic-cinematic-3D-render,-accu.md","Photorealistic cinematic 3D render, accurate orbital physics, melancholic and awe-inspiring atmosphere, vast debris field above Earth’s curved blue horizon. Harsh direct sunlight from screen left, absolute black shadow on screen right, no atmospheric diffusion in space. Deep space palette: stark whites, oxidized metallic grays, deep blacks, thin blue-green Earth atmosphere. Minimum 8K quality, ultra sharp, high detail, clean textures, stable objects, no blur, no compression artifacts. Clean cinematic audio, deep silence, faint low-frequency hum, subtle metallic creaks, no distortion.

00:00–00:02: Begin in wide orbital establishing shot. Thousands of metallic debris fragments drift above Earth’s curved horizon. Camera starts a slow deliberate dolly-forward into the debris field. Stars remain fixed and unblinking.

00:02–00:04: Glide between twisted solar panels with shattered photovoltaic cells. Panels rotate slowly on varied axes, catching sharp sunlight in flashes. Maintain smooth forward motion with a slight left drift.

00:04–00:06: A charred rocket booster tumbles end-over-end ahead of camera, its scorched aluminum surface scarred by re-entry. Camera tracks forward beside it, keeping safe distance, no collision.

00:06–00:08: Pass a fractured satellite body with exposed circuit boards, torn silver-gold thermal blankets, snapped structural ribs, and floating bolts. Sunlight rakes across textures, revealing intricate damage.

00:08–00:10: A broken antenna array drifts past lens in extreme close-up. Delicate gold mesh fills the foreground, catches a brief flare of light, then slides into darkness as camera continues forward.

00:10–00:12: Camera moves deeper into the orbital graveyard. Debris density increases around frame edges while Earth’s blue-green atmospheric rim glows in the background. The motion remains steady, contemplative, silent.

00:12–00:15: Continue the forward glide through rotating wreckage: cracked panels, booster fragments, satellite shells, torn insulation. Each object tumbles independently at believable speeds and axes. End with camera entering a darker section of debris, Earth still glowing low behind, stars fixed, silence deepening.

Camera: slow dolly-forward tracking shot, gentle weaving through wreckage, natural parallax, no sudden movement, no shake. Motion: zero-gravity drift, varied rotational speeds, accurate orbital ballet. Negative: no explosions, no lasers, no astronauts, no spaceships flying fast, no atmosphere clouds in space, no fire, no sound shockwaves, no random camera spin, no warped Earth, no blurry debris, no compression artifacts."
renoise-2066704482004574428,"Close-up of pasta dish, steam rising, fork twirl, warm restaurant lighting…",,其他,,美食,,en,Seedance 2.0,,,renoise-ai/awesome-seedance-prompts,https://github.com/renoise-ai/awesome-seedance-prompts/blob/904b6caffa21c2b114bb93e1bd0e37ba80b3dd10/data/prompts/2066704482004574428.json,CC-BY-4.0,Zentrix⌚️,https://x.com/ZentrixHQ/status/2066704482004574428,True,"prompts/其他/美食/renoise-2066704482004574428--Close-up-of-pasta-dish,-steam-rising,-fo.md","Close-up of pasta dish, steam rising, fork twirl, warm restaurant lighting, slow motion, cinematic color grade"
renoise-2066722279376195963,"Use as the exact character and style reference. use as storyboard, dont render…",,漫剧,特效向,武侠打斗,2D日漫,en,Seedance 2.0,,,renoise-ai/awesome-seedance-prompts,https://github.com/renoise-ai/awesome-seedance-prompts/blob/904b6caffa21c2b114bb93e1bd0e37ba80b3dd10/data/prompts/2066722279376195963.json,CC-BY-4.0,MD,https://x.com/mdmadeit/status/2066722279376195963,True,prompts/漫剧/特效向/武侠打斗/renoise-2066722279376195963--Use-as-the-exact-character-and-style-ref.md,"Use as the exact character and style reference. use as storyboard, dont render any text or arrows.

Create a 15-second cinematic sword-practice animation that matches the image style exactly: gritty painterly anime, bold ink lines, rough splatter texture, strong blue background, explosive orange dust, sharp facial features, dynamic sportswear silhouette, and the oversized hooked greatsword design.

Character: young male warrior with black spiky hair, intense focused expression, black hoodie, black athletic shorts, white socks, chunky white sneakers. He uses the same oversized sword with the broad rectangular blade, decorative crossguard, central groove, and hooked crescent lower edge.

Environment: abstract training ground with the same blue backdrop and orange dusty floor. No extra characters. No text. No props.

0:00–0:02
Open with a fast low-angle tracking shot circling around his feet as he slides into stance, orange dust spraying outward. The sword tip scrapes the ground and throws sparks and debris. Camera whip pans upward to his face.
0:02–0:04
Tight close-up on his eyes, then a rapid snap down to both hands tightening on the grip. He rips the heavy sword upward from the ground. Camera shakes slightly from the force. Dust and paint-like particles burst toward the lens.
0:04–0:07
He lunges forward into a powerful practice slash. Use a dynamic side tracking shot that follows the blade path, then a fast arc around his body as the sword cuts through the air. The blade should feel heavy and dangerous. Orange dust trails behind the swing.
0:07–0:10
He pivots hard into a second combo motion, stepping through with aggressive footwork. Use a dramatic near-ground camera looking up to exaggerate his body length and the scale of the sword. Add a brief push-in as the hooked blade passes close to camera.
0:10–0:12
Quick overhead shot as he spins the sword into a two-handed guard, then instantly cut to a front three-quarter angle as he drives into another sharp diagonal slash. Dust erupts in a crescent arc matching the blade motion.
0:12–0:15
Finish with his most powerful downward practice strike. Use a rapid rising camera move, then slow motion at impact as the blade stops just above the ground and blasts a huge wave of orange dust outward. End on a dramatic hero frame with the full body visible, long athletic silhouette, sword clearly framed, intense stare forward.

Camera direction: fast whip pans, low-angle tracking, orbit shots, push-ins, slight handheld energy, near-lens blade passes, one brief overhead shot, strong motion perspective. Keep every shot readable and clean.
Style rules: preserve the exact painterly anime look, gritty texture, inked edges, orange dust explosion effects, and blue background. Keep anatomy strong, hands clearly gripping the sword, sword shape fully consistent, no duplicated limbs, no extra weapons, no photorealism, no 3D look, no text, no logo."
renoise-2066723364740469156,World Cup 2026 Match-Day Fashion Story — Argentina Theme (0–25 Seconds) | New…,,真人,现实向,运动,,en,Seedance 2.0,link-only,real-person,renoise-ai/awesome-seedance-prompts,https://github.com/renoise-ai/awesome-seedance-prompts/blob/904b6caffa21c2b114bb93e1bd0e37ba80b3dd10/data/prompts/2066723364740469156.json,CC-BY-4.0,Shami,https://x.com/ShamiWeb3/status/2066723364740469156,True,prompts/真人/现实向/运动/renoise-2066723364740469156--World-Cup-2026-Match-Day-Fashion-Story-—.md,
renoise-2066730813639864593,スタイル:日本の作画枚数の多いアニメ。アクション映画の技法を使ったアニメ映画。アクションシーン。,,漫剧,特效向,科幻机甲,2D日漫,ja,Seedance 2.0,,,renoise-ai/awesome-seedance-prompts,https://github.com/renoise-ai/awesome-seedance-prompts/blob/904b6caffa21c2b114bb93e1bd0e37ba80b3dd10/data/prompts/2066730813639864593.json,CC-BY-4.0,とすくん,https://x.com/tokyo_Valentine/status/2066730813639864593,True,prompts/漫剧/特效向/科幻机甲/renoise-2066730813639864593--スタイル-日本の作画枚数の多いアニメ-アクション映画の技法を使ったアニメ映画-ア.md,"スタイル:日本の作画枚数の多いアニメ。アクション映画の技法を使ったアニメ映画。アクションシーン。
世界観:サイバーパンクな渋谷のスクランブル交差点にある超高層ビルから女性が飛び降りて空中で窓越しに銃を撃ちヤクザを倒す。
概要:画像1のキャラクターが画像2の超高層ビルの上から飛び降りる。女性は逆さまに落下していき、窓越しにヤクザの集団を銃で射撃する。

※血の表現は絶対にしないでください。
※赤い線は動画を出力する際に必ず消してください。

・シーン1
画像1の女性が画像2のビルの屋上から逆さまになり飛び降りる。

・シーン2
画像1の女性が画像2のビルの屋上から画像2に書いてある矢印の軌道で落下していく。

・シーン3
画像1の女性が銃でビルの窓越しから建物の中にいるヤクザの集団を射撃する。

・シーン4
光学迷彩でホログラムが消えるように透明になり姿を消す画像1の女性。

※赤い線は動画を出力する際に必ず消してください。"
renoise-2066750619696992464,Use the uploaded storyboard as the exact visual and timing reference for all 15…,,真人,现实向,运动,,en,Seedance 2.0,,,renoise-ai/awesome-seedance-prompts,https://github.com/renoise-ai/awesome-seedance-prompts/blob/904b6caffa21c2b114bb93e1bd0e37ba80b3dd10/data/prompts/2066750619696992464.json,CC-BY-4.0,𝐌,https://x.com/Strength04_X/status/2066750619696992464,True,prompts/真人/现实向/运动/renoise-2066750619696992464--Use-the-uploaded-storyboard-as-the-exact.md,"Use the uploaded storyboard as the exact visual and timing reference for all 15 seconds. Create a cinematic 15-second IMAX 8K realistic sports commercial set inside a massive World Cup 2026 stadium at night, packed with 80,000 roaring fans, explosive floodlights, smoke hazes, confetti, glowing phone lights, grass particles, and maximum championship pressure. The game is tied in the final seconds.
Keep the same 16-year-old soccer prodigy fully consistent in every single shot: same face, same hair, same athletic build, jersey number 16, white-and-sky-blue youth kit, captain armband, cleats, visible sweat and dirt, humble but fearless underdog energy.
Start with a tight tunnel close-up as he grips the ball, heartbeat rising, teammates blurred behind him. He bursts onto the pitch as the stadium erupts. He beats a USA defender with a body feint and a Belgium defender with a heel roll. He spins past an Argentina player with a drag-back 360 and ghosts past a France player with an orbit turn. He nutmegs a Norway striker and explodes through on goal. He chips the ball over Brazil's goalkeeper in slow motion — time slows, camera follows the ball in macro, crowd goes muffled, only breath and a soft strike are heard. The ball hits the net. Teammates rush in — handheld field-level chaos, grass flying, pure raw emotion. Hero drops to his knees. Then he lifts the World Cup 2026 trophy under a burst of fireworks while legendary opposing players watch with respect. Final crane shot rises wide over the full stadium.
Camera style: ARRI Alexa 35 look, 24fps, 1/48 shutter, anamorphic lens flares, shallow depth of field, low-angle hero shots, ground-level ball tracking, fast whip-pan cuts, speed ramps, 0.2x slow-motion chip shot, final crane rise.
Sound design: opening heartbeat, muffled crowd rumble, cleat taps on turf, ball strikes, grass rip, camera flashes, complete silence before the chip, net snap, massive crowd roar, player screams, orchestral impact, fireworks burst, anthem swell, final cinematic bass hit.
Negative prompt: cartoon, anime, video game graphics, official brand logos, plastic skin, fake ball physics, distorted faces, extra limbs, blurry frames, inconsistent character, broken trophy, empty stadium, awkward stiff celebration."
renoise-2066764411096928361,@Image1 as the first frame and primary visual source for the scene,,漫剧,现实向,剧情短片,2D日漫,ja,Seedance 2.0,,,renoise-ai/awesome-seedance-prompts,https://github.com/renoise-ai/awesome-seedance-prompts/blob/904b6caffa21c2b114bb93e1bd0e37ba80b3dd10/data/prompts/2066764411096928361.json,CC-BY-4.0,さゆり|アニメ声クリエイター🎤,https://x.com/LilyLoveSNPY/status/2066764411096928361,True,prompts/漫剧/现实向/剧情短片/renoise-2066764411096928361--Image1-as-the-first-frame-and-primary-vi.md,"@Image1 as the first frame and primary visual source for the scene
@Image2 as the storyboard reference for the character's design, costume, tiara, hair, and expression variations — DO NOT render the character sheet graphic, text, frames, panels, or any UI elements themselves, only follow its visual guidance for the character's appearance.

A cinematic movie-style multi-cut dance sequence with strong dynamic contrast, as the same prima ballerina performs on a grand theater stage under a brilliant spotlight — blonde hair in a neat bun, crystal tiara, sparkling white beaded tutu, pointe shoes. Dark stage, single warm spotlight, drifting light particles, faint glittering audience in the dark.

CUT 1 (0–3s) — WIDE, locked & still → sudden burst: She stands frozen center stage in a pool of spotlight, perfectly still, head bowed, the vast dark theater silent around her. Hold the stillness for two full seconds — then she SNAPS her head up and throws both arms overhead, light particles bursting outward as she launches into motion. Camera locked, then a fast snap push-in on the burst. Tension to release.

CUT TO

CUT 2 (3–6s) — EXTREME CLOSE-UP, fast: Hard cut to a tight shot of her pointe shoe striking the floor and pushing off, then a whip up to her face mid-turn, eyes bright with focus. Fast, sharp, kinetic. Hair strands and sparkles whipping past frame.

CUT TO

CUT 3 (6–10s) — WIDE, dynamic follow, SLOW MOTION: She launches into a soaring grand jeté across the stage in dramatic slow motion, body fully extended mid-air, tutu and trailing light suspended, every detail floating. Camera follows the leap in a smooth dynamic arc. Weightless, breathtaking, time stretched.

CUT TO

CUT 4 (10–12s) — MEDIUM, fast orbit, FULL SPEED: Snap back to full speed — she whips into a rapid multi-turn pirouette, spotting fast, tutu flaring, light particles spiraling off her. Camera orbits with her up to 180 degrees, energetic and fast. Then she SNAPS to a dead stop in a clean held pose.

CUT TO

CUT 5 (12–15s) — WIDE, slow majestic pull-back: From the frozen final pose, she sweeps into a deep curtain-call reverence bow, then lifts her gaze with a luminous emotional smile as warm light floods the stage and sparkles rain down. Camera pulls back slowly and grandly, revealing the glittering theater and distant applauding audience. Hold on this triumphant final composition.

Style: hand-drawn 2D anime aesthetic fused with photorealistic high-detail 2.5D CG fidelity, watercolor-textured soft backgrounds, cinematic volumetric spotlight, luminous palette with warm gold and crystal-white sparkle, dramatic stage bloom, high cinematic contrast.
Camera grammar: distinct framing and PACE per cut — locked-still-then-burst, fast extreme close-up, slow-motion wide follow, fast orbit, slow grand pull-back. Deliberate contrast between stillness and explosive motion, between slow-motion and full speed. Arcs up to 180 degrees; no 360-degree continuous rotation, no full orbit.
Audio: ambient only — a held breath of silence in the opening stillness, then soft pointe-shoe taps and slides, fabric swish, sharp crystalline shimmers on the bursts, a swelling warm room tone, distant audience rising to gentle applause at the very end. No music, no voices, no speech."
renoise-2066764709584621990,"A highly cinematic, photorealistic single-shot sequence that preserves the…",,真人,现实向,运动,,en,Seedance 2.0,,,renoise-ai/awesome-seedance-prompts,https://github.com/renoise-ai/awesome-seedance-prompts/blob/904b6caffa21c2b114bb93e1bd0e37ba80b3dd10/data/prompts/2066764709584621990.json,CC-BY-4.0,Sharon Riley,https://x.com/Just_sharon7/status/2066764709584621990,True,"prompts/真人/现实向/运动/renoise-2066764709584621990--A-highly-cinematic,-photorealistic-singl.md","A highly cinematic, photorealistic single-shot sequence that preserves the exact original location, environment, architecture, objects, lighting conditions, camera perspective, and subject position from the source video. Do not replace, redesign, relocate, or alter the setting in any way. The person remains in the exact spot where they were filmed, maintaining their original pose, facial expression, body position, and interaction with the environment.

The subject is wearing the official Saudi Arabia national football team uniform throughout the entire sequence: authentic green Saudi Arabia jersey with white details, official team crest, matching football shorts, athletic socks, and football boots. The uniform must appear naturally integrated into the original scene with realistic fabric folds, stitching, texture, shadows, reflections, and movement-free realism.

Every background element, object, texture, structure, shadow, reflection, and environmental detail must remain identical to the original footage. The effect transforms the captured moment into a frozen-time cinematic sequence while keeping the real-world location completely unchanged.

The subject is captured at the exact moment they pour a beverage from a transparent cup.

Time has completely stopped.

The liquid erupts from the cup in a dramatic suspended splash, forming elongated ribbons, twisting streams, intricate arcs, and hundreds of individual droplets frozen midair. Every droplet, splash fragment, and liquid strand appears perfectly suspended in space, creating the impression of a sculptural masterpiece made of liquid.

The liquid spilling from the cup must be identical to the liquid inside the cup, with perfectly matching color, texture, thickness, reflections, transparency, and material properties. The beverage can be any type or color, but it must remain visually consistent throughout the scene with extreme realism.

The subject remains absolutely motionless, frozen in the precise instant of action. Their posture, facial expression, fingertips, hair strands, jersey fabric folds, shorts texture, socks, football boots, accessories, and every micro-detail are perfectly preserved. Tiny condensation droplets on the cup, reflections on the surface, and subtle imperfections remain locked in place as if the entire world has been paused between two frames of time.

The surrounding environment is equally frozen. Every object visible in the original footage remains completely static. Nothing moves. No wind, no shifting light, no falling droplets, no environmental motion. The entire world exists in a state of perfect suspension.

The only moving element is the camera.

The camera performs a slow, smooth cinematic arc movement around the subject, beginning from the original camera viewpoint and gradually orbiting to one side while maintaining focus on the frozen action.

As the camera travels through three-dimensional space, it reveals changing perspectives of the suspended liquid sculpture, the Saudi Arabia football uniform, the subject, and the original environment.

Strong spatial parallax is visible throughout the movement. Foreground droplets, liquid strands, the subject, nearby objects, and distant background elements shift relative to one another, creating a powerful sense of depth and dimensionality. The scene feels like moving through a perfectly preserved moment in time.

Natural lighting remains consistent and unchanged throughout the shot. Shadows stay fixed, reflections remain stable, and materials such as glass, metal, stone, wood, fabric, football jersey fabric, embroidered team crest, and liquid exhibit highly detailed photorealistic textures.

Captured with a premium wide-angle cinema lens, the scene emphasizes depth, scale, and immersive three-dimensional realism. The Saudi Arabia football uniform appears crisp, premium, and authentically detailed, with realistic fabric texture and professional sportswear quality.

Core visual concept: The entire world is frozen in time exactly as it appeared in the original footage, like a hyper-detailed sculpture, while a subject wearing the Saudi Arabia national football team uniform pours a beverage that explodes into a suspended liquid masterpiece. The camera freely moves through the frozen moment, revealing dramatic parallax, depth, and cinematic realism from multiple angles.

Style: Hyper-realistic, cinematic, ultra-detailed, 3D stop-motion illusion, frozen-time photography, volumetric depth, realistic lighting, film-quality rendering, smooth camera orbit, strong parallax, premium commercial sports production, museum-like suspended motion sculpture, exact environment preservation, original location consistency, photorealistic liquid simulation, luxury football advertisement aesthetic, FIFA World Cup promotional quality, 8K photorealism."
renoise-2066767784630178276,Use provided storyboard image as reference,,真人,现实向,运动,,en,Seedance 2.0,,,renoise-ai/awesome-seedance-prompts,https://github.com/renoise-ai/awesome-seedance-prompts/blob/904b6caffa21c2b114bb93e1bd0e37ba80b3dd10/data/prompts/2066767784630178276.json,CC-BY-4.0,ᴍᴜʀᴘʜʏ,https://x.com/Diplomeme/status/2066767784630178276,True,prompts/真人/现实向/运动/renoise-2066767784630178276--Use-provided-storyboard-image-as-referen.md,"Use provided storyboard image as reference

CONCEPT:
Chest Day — Gym Workout

TIMELINE:

0:00–0:04

* Gym entrance
* Locker setup
* Wrist straps on
* Warm-up stretch

0:04–0:08

* Bench press setup
* First press rep
* Heavy press close-up
* Bar rerack

0:08–0:12

* Incline dumbbell press
* Dumbbell lockout
* Cable fly stretch
* Chest squeeze contraction

0:12–0:15

* Rest between sets
* Water break
* Mirror pump check
* Final physique pose

STYLE:
Luxury fitness editorial, black graphite and silver palette, cinematic gym lighting, premium equipment, subtle sweat, high-detail environment

CAMERA:
Close-up + mid shots, steady framing, shallow depth of field

TRANSITIONS:
Match cuts, equipment motion, body movement continuity, clean jump cuts

OUTPUT:
Loopable, smooth pacing"
renoise-2066806462568161579,Use the uploaded character sheet as the strict appearance reference.,,真人,现实向,运动,,en,Seedance 2.0,,,renoise-ai/awesome-seedance-prompts,https://github.com/renoise-ai/awesome-seedance-prompts/blob/904b6caffa21c2b114bb93e1bd0e37ba80b3dd10/data/prompts/2066806462568161579.json,CC-BY-4.0,Kiki,https://x.com/Mayz1169/status/2066806462568161579,True,prompts/真人/现实向/运动/renoise-2066806462568161579--Use-the-uploaded-character-sheet-as-the.md,"Use the uploaded character sheet as the strict appearance reference.

Preserve her exact face, silver-white hair, pale blue eyes, elegant French facial features, hairstyle, body proportions, crystal accessories, lavender-white competition dress, layered translucent skirt, and white figure skates.

Do not redesign the character.

SETTING

Professional international championship indoor ice arena.

Bright competition spotlights.

Clean reflective ice.

Subtle blue and silver lighting.

Blurred audience and arena atmosphere.

No fantasy environment.

No magical effects.

Everything feels like a world-class figure skating competition broadcast filmed with cinematic cameras.

CORE FEEL

Elegant.
Powerful.
Emotional.
World champion level.
Moonlight-inspired artistry.

The program should feel like a complete medal-winning free skate rather than a casual exhibition.

VIDEO FLOW

Single continuous uncut shot.

Begin with an intimate close-up of Lumière's face.

She glides directly toward the camera with calm confidence.

Arena lights reflect in her blue eyes.

As the music rises, she accelerates.

The camera drops dramatically toward ice level and transitions into an aggressive low-angle tracking shot.

Skates, blade edges, ice texture, reflections, and ice spray dominate the foreground.

The majority of the video focuses on skating performance.

Lumière executes a fast sequence of powerful crossovers and deep edge work.

She performs flowing choreographic movements synchronized with the music.

The camera continuously weaves around her body while remaining close to the ice.

During the main section she performs:

one fast flying camel spin,

one traveling combination spin,

one Ina Bauer sequence,

one hydroblade-style deep lean close to the ice,

one spread eagle transition,

one double jump combination,

one additional realistic double jump,

multiple rapid edge transitions,

high-speed skating across the entire rink.

Every technical element transitions naturally into choreography.

No pauses.

No standing poses.

No dead moments.

The performance continuously builds momentum.

The camera remains dynamic throughout:

low ice-level pursuit,

side tracking,

fast orbiting passes,

near-skate tracking,

rear chase shots,

dramatic passing shots,

occasional close-ups during spins.

When jumps occur, the camera follows naturally while preserving realistic competition physics.

Visible blade pressure.

Visible weight transfer.

Natural landing compression.

Realistic ice spray.

As the climax approaches, Lumière accelerates into her fastest skating sequence.

The camera follows closely behind at ice level.

She performs a final powerful spin and exits into a long accelerating glide across the rink.

ENDING

Only the final 2 seconds are dedicated to the ending.

She smoothly slows.

Turns toward the audience.

Offers a brief elegant smile.

A short graceful bow.

The camera pushes into a close-up of her face.

Cut immediately.

CAMERA STYLE

Ultra-cinematic sports cinematography.

Aggressive low-angle tracking.

Ground-level chase camera.

Wide-angle speed perspective.

Close skate proximity.

Foreground motion blur.

Reactive camera movement.

Professional broadcast quality mixed with feature-film cinematography.

Energetic and immersive.

PHYSICS

Strictly realistic figure skating.

Competition-level movement.

Accurate edge control.

Realistic spins.

Realistic jump height.

Natural momentum.

No floating.

No superhero motion.

No anime exaggeration.

No impossible rotations.

No fantasy powers.

AVOID

Fantasy effects.
Magic particles.
Sparkles generated from the body.
Outdoor scenery.
Mountains.
Sunset.
Roller skates.
Text overlays.
Watermarks.
Logos.
Slow pacing.
Long ending sequence.

FINAL SHOT

Close-up of Lumière Blanche after a brief 2-second bow, breathing lightly after the performance, eyes shining under arena lights."
renoise-2066811870321979530,Use the uploaded character sheet as the strict appearance reference.,,真人,特效向,科幻,,en,Seedance 2.0,,,renoise-ai/awesome-seedance-prompts,https://github.com/renoise-ai/awesome-seedance-prompts/blob/904b6caffa21c2b114bb93e1bd0e37ba80b3dd10/data/prompts/2066811870321979530.json,CC-BY-4.0,Kiki,https://x.com/Mayz1169/status/2066811870321979530,True,prompts/真人/特效向/科幻/renoise-2066811870321979530--Use-the-uploaded-character-sheet-as-the.md,"Use the uploaded character sheet as the strict appearance reference.

Preserve her exact face, blue eyes, silver-blonde high ponytail, facial features, body proportions, crystal snowflake accessories, dark violet competition dress, translucent layered skirt, white figure skates, and overall mature athlete appearance.

Do not redesign the character.

SETTING

Professional international championship indoor ice arena.

Bright competition lighting.

Massive audience.

Clean reflective ice.

Cold blue and violet arena tones.

Visible skate marks and realistic ice texture.

Professional competition atmosphere.

No fantasy environment.

No magical powers.

No supernatural effects.

CORE FEEL

Power.
Precision.
Control.
Elegance through strength.

The performance feels like a gold-medal free skate from an elite international champion.

VIDEO FLOW

Single continuous uncut shot.

Begin with an extreme close-up of Frostnova's face.

Her expression is calm, focused, and completely composed.

Arena lights reflect in her blue eyes.

The camera moves backward as she skates directly toward the lens.

Within seconds she accelerates aggressively.

The camera rapidly drops toward ice level.

The frame transitions from face to shoulders, torso, dress movement, legs, blades, and ice contact.

She passes extremely close to the lens.

The camera swings behind her into a fast low chase shot.

From this point the camera remains close to the ice and follows her at high speed.

The majority of the video focuses on skating performance.

Frostnova executes:

explosive crossovers,

powerful acceleration sequences,

deep edge carving,

high-speed corner entries,

long edge holds,

spread eagle transitions,

Ina Bauer sequence,

hydroblade-style low edge sequence,

flying camel spin,

combination spin,

illusion spin transition,

double jump combination,

additional double jump,

rapid footwork sequence,

multiple dramatic direction changes.

Every movement flows continuously.

No pauses.

No static posing.

No dead time.

The camera stays aggressive and kinetic.

Skates frequently dominate the foreground.

Blade pressure, edge control, ice texture, and ice spray remain highly visible.

During jumps, realistic takeoff mechanics, airtime, landing compression, and ice spray are clearly shown.

The performance continuously builds speed and intensity.

As the climax approaches, Frostnova reaches maximum speed.

The camera chases only inches above the ice behind her skates.

She enters a final combination spin with increasing rotational speed.

The dress and ponytail move naturally with centrifugal force.

After exiting the spin she launches into a powerful accelerating glide across the rink.

ENDING

Only the final 2 seconds are dedicated to the ending.

She smoothly slows.

Turns toward the audience.

A subtle confident smile.

A brief elegant bow.

The camera immediately pushes into a close-up.

Cut.

CAMERA STYLE

Ultra-low ground-level tracking.

Aggressive chase cinematography.

Wide-angle speed perspective.

Near-skate tracking.

Fast orbit transitions.

Close blade-follow shots.

Dynamic rear pursuit.

Foreground motion blur.

Subtle handheld instability.

Reactive framing.

Competition documentary mixed with feature-film cinematography.

PHYSICS

Strictly realistic figure skating.

Competition-level skating technique.

Visible blade contact.

Natural weight transfer.

Accurate edge pressure.

Realistic spins.

Realistic jump height.

Natural landing mechanics.

Authentic ice spray.

No floating.

No anime exaggeration.

No impossible tricks.

No fantasy movement.

AVOID

Fantasy effects.

Magic particles.

Sparkles generated from the body.

Outdoor scenery.

Mountains.

Ocean.

Sunset.

Roller skates.

Text overlays.

Watermarks.

Logos.

Long ending sequence.

FINAL SHOT

Close-up of Frostnova after a brief 2-second bow.

Calm breathing.

Confident eyes.

Champion-level composure.

Cut immediately."
renoise-2066823148046049425,"A black steam train moves slowly across an endless ocean at night, its rails…",,真人,特效向,超现实创意,,en,Seedance 2.0,,,renoise-ai/awesome-seedance-prompts,https://github.com/renoise-ai/awesome-seedance-prompts/blob/904b6caffa21c2b114bb93e1bd0e37ba80b3dd10/data/prompts/2066823148046049425.json,CC-BY-4.0,LudovicCreator,https://x.com/LudovicCreator/status/2066823148046049425,True,prompts/真人/特效向/超现实创意/renoise-2066823148046049425--A-black-steam-train-moves-slowly-across.md,"A black steam train moves slowly across an endless ocean at night, its rails floating just above the water surface. The moon is enormous, cracked, and reflected perfectly in the sea. Each train window contains a different dream: a burning house, a childhood bedroom, a city underwater, a faceless wedding, a field of floating chairs.

Opening frame: wide shot from above the ocean. The train cuts through mist, leaving no wake, only drifting silver sparks.

At the 2-second mark, one carriage door opens by itself.

Dreams begin leaking out.

A school of glowing paper fish swims from the doorway into the night. A hallway spills out of a window and stretches across the ocean like a bridge. A sleeping child made of smoke walks along the roof of the train.

The camera tracks beside the train, moving from window to window, each window transforming the environment around it. When the burning-house dream appears, rain falls upward. When the underwater-city dream appears, jellyfish drift through the air.

VFX escalation: the ocean surface becomes a mirror of all dreams at once, overlapping like transparent worlds. The train begins dissolving into steam, carriage by carriage.

Velocity ramp: the moon reflection cracks across the water , fragments float upward, each reflecting a different passenger’s face.

Final moment: the last carriage disappears, leaving only the sound of wheels on invisible tracks.

Surreal dream cinema, moonlit ocean reflections, floating dream fragments, slow poetic VFX, analog film grain, 4K."
renoise-2066826377970757647,Camera movement and character actions should closely match Reference Video 1.,,真人,现实向,喜剧整活,,ja,Seedance 2.0,,,renoise-ai/awesome-seedance-prompts,https://github.com/renoise-ai/awesome-seedance-prompts/blob/904b6caffa21c2b114bb93e1bd0e37ba80b3dd10/data/prompts/2066826377970757647.json,CC-BY-4.0,KANA｜東京AI映像,https://x.com/KanaWorks_AI/status/2066826377970757647,True,prompts/真人/现实向/喜剧整活/renoise-2066826377970757647--Camera-movement-and-character-actions-sh.md,"Camera movement and character actions should closely match Reference Video 1.

Cowboy: approximately 30 years old, around 190 cm tall. Dressed as a 19th-century American cowboy with a wide-brimmed cowboy hat, brown leather duster coat, leather boots, and dual revolvers holstered on both hips. Refer to Reference Image 1.

Rabbit: Kana. Refer to Reference Image 2.

10-second western comedy short film. Realistic cinematic style, humorous and playful tone, high-quality movie cinematography.

0–1s:

The tall and handsome cowboy stands in front of a riverside concrete wall, shown in side profile facing right. With an incredibly clean and decisive motion, he instantly draws both revolvers. His coat sways dramatically as the camera rapidly pushes in, creating the presence of a classic western movie protagonist.

1–4s:

The cowboy begins a flashy trick-shooting performance. He alternates fire between the left and right revolvers, firing six shots from each gun for a total of twelve rounds. Muzzle flashes continuously burst from the barrels as smoke fills the air. His shooting movements are smooth and effortless, while his expression remains calm and confident, showcasing the style of a legendary western gunslinger.

4–6s:

The shooting ends. Thin trails of smoke rise slowly from both revolvers. The cowboy casually raises the guns and blows gently across the barrels. He looks effortlessly cool and composed, creating an iconic western hero moment.

5–7s:

The camera suddenly whips to the opposite side. The white rabbit from Reference Image 2 is standing tightly pressed against the wall with a red apple balanced on top of its head. Its eyes are wide open, body completely frozen, and its face is filled with shock and terror. Behind the rabbit, the concrete wall is covered with bullet holes. Every bullet hole perfectly outlines the rabbit’s silhouette, as if its body has been traced on the wall. Not a single shot has touched the rabbit. The apple remains completely intact. Sweat pours down the rabbit’s face.

7–10s:

The rabbit finally realizes what has happened and suddenly lets out an exaggerated scream. At that exact moment, the apple on its head splits cleanly into two halves and falls to the ground. The rabbit begins jumping around in panic and screaming uncontrollably. In the distance, the cowboy calmly spins both revolvers and returns them to their holsters as if nothing happened. The scene freezes on the contrast between the rabbit’s complete meltdown and the cowboy’s effortless coolness.

Overall style:

Classic spaghetti western atmosphere inspired by Red Dead Redemption. Exaggerated cartoon-comedy timing. Strong contrast between coolness and humor. Cinematic camera work, realistic lighting and shadows, playful and funny ending."
renoise-2066832864524800455,Create a hyper-cinematic 15-second continuous single-take surfing video.,,真人,现实向,运动,,en,Seedance 2.0,,,renoise-ai/awesome-seedance-prompts,https://github.com/renoise-ai/awesome-seedance-prompts/blob/904b6caffa21c2b114bb93e1bd0e37ba80b3dd10/data/prompts/2066832864524800455.json,CC-BY-4.0,Ima Studio,https://x.com/ImaStudio_ai/status/2066832864524800455,True,prompts/真人/现实向/运动/renoise-2066832864524800455--Create-a-hyper-cinematic-15-second-conti.md,"Create a hyper-cinematic 15-second continuous single-take surfing video.

Use Image 1 as the strict identity, outfit, and surfboard reference. Preserve her exact face, pale skin, blue eyes, long straight black hair, body proportions, feminine surf outfit, and surfboard design. No identity, clothing, or board changes.

Setting: bright daylight over a deep blue open ocean, strong sunlight reflections, powerful waves, sea spray, and realistic high-speed surfing atmosphere.

The video begins with her already surfing. The camera starts very close in front of her upper body and face. Her wet hair moves in the wind, and her expression is calm, fearless, and focused.

In one smooth uninterrupted movement, the camera swings around her body to the back, then drops to surfboard level. For the rest of the video, it stays very low and close behind the board near the tail or rail, almost touching the water. Never use a high angle or drone view.

She lowers into a deep crouch and accelerates hard across the wave. She leans forward with realistic athletic balance, reaches one hand down, and skims her fingertips across the water. Spray flies backward toward the lens while the board cuts rapidly across the surface.

She approaches a stronger wave section and performs a believable aerial surfing trick. She launches into the air with the board under her feet, all in the same continuous shot. During the jump, motion shifts into dramatic slow motion. The camera remains low, close, and slightly behind or underneath the surfboard.

While airborne, she turns her upper body toward the camera, looks at us, and grabs the surfboard with one hand. Her hair lifts in the wind, water droplets hang in the air, and the board remains fully visible.

She rotates back naturally and lands cleanly on the wave with a powerful burst of spray. The camera stays low behind the board and follows the impact closely. She remains crouched and immediately accelerates toward a larger rising wave.

End with her still charging forward at high speed from the same low trailing angle, spray exploding around the lens.

Style: ultra-realistic, physically believable surfing, natural body-weight corrections, realistic water simulation, cinematic action, natural motion blur, water droplets on lens, wind noise, wave sound, and board-skimming sound.

No text, logos, subtitles, cuts, hidden cuts, transitions, or montage.

Negative prompt: identity drift, face change, hairstyle change, outfit change, surfboard change, camera teleporting, high-angle shot, drone shot, floating board, unrealistic physics, stiff movement, distorted anatomy, extra limbs, blurry face, cartoon, CGI look, fake water, duplicated body."
renoise-2066849619066167721,Use the attached THE TATTOO ARTIST storyboard as exact visual reference. Create…,,漫剧,现实向,剧情短片,3D卡通,en,Seedance 2.0,,,renoise-ai/awesome-seedance-prompts,https://github.com/renoise-ai/awesome-seedance-prompts/blob/904b6caffa21c2b114bb93e1bd0e37ba80b3dd10/data/prompts/2066849619066167721.json,CC-BY-4.0,TechieSA,https://x.com/TechieBySA/status/2066849619066167721,True,prompts/漫剧/现实向/剧情短片/renoise-2066849619066167721--Use-the-attached-THE-TATTOO-ARTIST-story.md,"Use the attached THE TATTOO ARTIST storyboard as exact visual reference. Create a 12-second 16:9 Pixar 3D animated sequence following all 8 shots exactly. Same young male tattoo artist — sleeve tattoos on both arms, black t-shirt, black gloves, warm focused expression — small intimate tattoo studio, artwork covering every wall, warm neon sign glowing, chrome machine throughout. Tattoo being created on the customer’s upper arm every shot.

Shot sequence:

1.Wide shot. Artist stands in his studio, neon sign glowing behind him, artwork on every wall, chrome machine gleaming. He snaps on his black gloves with a sharp confident snap and looks directly at the camera with a calm focused smile.
2.Close-up. Artist pressing transfer paper against the customer’s upper arm — peeling it away slowly to reveal crisp blue and purple stencil lines. Simple clean outline design. The blueprint established.
3.Close-up. Artist holds one single tattoo machine in his gloved hand. With his other hand he tips a small ink bottle and pours a few drops of black ink into a tiny disposable ink cap on the workstation. He dips just the tip of the single machine into the ink cap. One machine only, one ink cap, nothing else.
4.Close-up. The single tattoo machine held in one gloved hand working over the blue stencil lines on the upper arm — vivid black ink being deposited in clean precise lines, replacing the blue stencil with bold black. Blue lines visible ahead, clean black lines completed behind. One machine. One arm.
5.Tight close-up side angle. Artist’s gloved hand guiding the single machine across the upper arm — more black lines building and connecting across the design. Still partially blue ahead, black where completed. Work in progress.
6.Overhead locked shot looking straight down at the upper arm. Design taking shape from above — mix of completed black lines and remaining blue stencil lines. Artist’s hand and machine visible from above, moving methodically through the design. Still in progress.
7.Close-up. Artist’s gloved hand pressing a clean white cloth across the upper arm in one confident stroke — wiping away excess ink, bold clean black lines revealed perfectly beneath. All blue completely replaced by permanent black. The transformation visible.
8.Wide warm shot. Customer looks at their upper arm in a mirror held by the artist. Sees the finished tattoo design for the first time. Eyes wide, slow smile, hand reaches toward it. Artist beside them arms crossed, deeply satisfied proud smile.

Camera: Wide for opener and reveal, close-up for stencil and ink setup, close-up for machine working over stencil lines, tight side angle for close-up draw, overhead locked for overhead draw, close-up for the wipe, wide warm for the mirror reveal.

Style: Warm moody studio lighting throughout. Neon sign background, blue stencil lines on upper arm, bold black ink replacing them gradually, chrome machine, black gloves, white cloth, artwork on walls. Pixar CGI vivid and warm.

Sound: Energetic rock or alternative music playing from the very first frame to the very last — the kind always playing in a real tattoo studio. Upbeat, raw, full of energy. Continuous, no breaks. Natural sounds underneath — glove snap, transfer paper removed, ink poured into cap, machine buzzing as it works through the design, cloth wiping, customer’s quiet satisfied exhale at the reveal. Music never stops.

Goal: 12 seconds. One artist. One design. One moment that lasts forever. Bold, precise, and deeply moving to watch."
renoise-2066849676859789529,動画生成指示：,,真人,特效向,动作大片,,ja,Seedance 2.0,,,renoise-ai/awesome-seedance-prompts,https://github.com/renoise-ai/awesome-seedance-prompts/blob/904b6caffa21c2b114bb93e1bd0e37ba80b3dd10/data/prompts/2066849676859789529.json,CC-BY-4.0,バロメッツ 🐏 barometz,https://x.com/Barometz3891/status/2066849676859789529,True,prompts/真人/特效向/动作大片/renoise-2066849676859789529--動画生成指示.md,"動画生成指示：

Image 1 = 橋上Vlog導入の見た目参照
自撮り棒＋スマホで撮影しているソラツーちゃんの見た目、橋の上での立ち位置、リアルな山岳吊り橋の雰囲気、晴天の真昼の光、リアル背景とアニメキャラクターの自然な共存感を参照する。
最初の導入カットでは、橋の先にあるバンジージャンプ台が正しい位置と距離感で自然に見えていること。

Image 2 = ジャンプ直前POVの構図参照
ジャンプ台の端から谷を見下ろす一人称視点、手元、足元、高度感、飛び込む方向のイメージを参照する。

Image 3 = ジャンプ後の吊られショット参照
バンジーコードに吊られたソラツーちゃんの姿、明るい表情、外部カメラから見た全身構図、谷の中腹で吊られている自然な位置、背景の山岳スケール感を参照する。
これは引き上げ後ではなく、ロープが伸び切って軽く反動したあとの状態である。

Image 4 = 全体ルートマップ参照
橋上Vlog導入、ジャンプ台、落下、ロープ伸長、反動、最後のお礼までの位置関係と流れを参照する。
マップ上の資料的な見た目は完成映像に出さない。

Image 5 = 6コマ絵コンテ参照
15秒動画のショット順、構図、感情の流れを参照する。
絵コンテ画像そのものを再現するのではなく、構成と演出の指針として使う。

Image 6 = 音声シート参照
音声、セリフ、感情、タイミングの参照。
これは厳密な声真似ではなく、15秒動画の台詞、リアクション、感情の流れを伝えるための参照として使う。
日本語の台詞を自然に、はっきり聞き取れる速度で話すこと。
英語の台詞は生成しないこと。

上記の参照資料をもとに、横型16:9、15秒の高品質な動画を生成してください。

最重要指示：
参照画像はすべて、構図、位置関係、演出、音声タイミングを理解するための資料としてのみ使用すること。
参照画像そのもの、参照画像の画面構成、参照画像内の資料的要素を、完成映像の中に表示してはいけない。
参照画像に含まれる文字、矢印、番号、説明文、UI、絵コンテ注釈、マップ記号、枠線、ラベル、ガイド線、図解要素は完成映像に絶対に表示しないこと。
資料画像、絵コンテ画像、ルートマップ画像、音声シート画像のような見た目を、完成映像内に再現しないこと。
完成映像には、自然な山岳吊り橋、バンジージャンプ台、ソラツーちゃん、谷、ロープ、安全装備、風景だけを描写すること。

テーマ：
リアルな山岳バンジージャンプ体験の中に、アニメキャラクターのソラツーちゃんが自然に存在し、視聴者がVlogから一緒に飛び込んだような没入感を味わえる15秒ショート動画。

舞台設定：
快晴の真昼の山岳ロケーション。
現実的な観光用吊り橋。
橋の先端にある現実寄りのバンジージャンプ台。
深い谷、遠くまで見える山並み、明るく澄んだ空気。
背景や設備はリアル寄りで、未来感を出しすぎない。
橋やジャンプ台は金属、ワイヤー、木の床、ロープ、安全設備を持つ現実的な観光施設として描写する。

キャラクター設定：
ソラツーちゃんは、青みのある紫のボブヘア、明るいシアンの瞳、発光する猫耳デバイス、白いフーディーにシアンの発光ライン、黒系スカート、黒タイツ、発光ライン入りの靴、しっぽアクセサリー、チョーカーが特徴。
衣装は基本デザインを保ちつつ、今回のバンジー体験に合うよう少しだけスポーティで安全装備に馴染む方向にする。
ハーネスや安全装備は自然に着用させる。
性格は明るく、遊び好きで、少しいたずらっぽい。
キャラクター同一性を最優先とし、髪色、目の色、猫耳デバイス、白フーディー、シアン発光ラインなどの主要特徴を全編通して一貫して維持する。
キャラクターの増殖、別人化、四肢破綻、顔崩れ、不自然な衣装変化は禁止。

映像全体の核：
この動画の核は、ソラツーちゃんが橋の上で視聴者に明るく語りかけ、そのまま自然にジャンプへ入り、飛び降りた後の落下体験をしっかり見せ、最後は笑顔で締めること。
カメラ切り替えの説明や機材説明を強く押し出しすぎず、自然に三人称導入から没入感のあるジャンプ体験へ流すこと。

時間構成：

0.0〜3.0秒：
橋の上での三人称Vlog導入。
山岳吊り橋とバンジージャンプ台のスケール感を見せながら、ソラツーちゃんが自撮り棒＋スマホを持って明るく視聴者に話しかける。
最初のカットでは、橋の先にジャンプ台がはっきり自然に見えていること。
ジャンプ台の位置と距離感は、全体ルートマップの位置関係と整合させること。
表情は元気で親しみやすい。
台詞は日本語で、早口すぎず、しっかり聞き取れるように話す。
台詞例：「やっほー、Sora2-chanだよ！ 今日は……バンジー飛びます！」

3.0〜4.5秒：
ジャンプ直前の短い導入。
橋の先端またはジャンプ台へ進み、ほぼためらわずにジャンプに入る。
緊張はごく軽く入れる程度で、怖がりすぎたり長く迷ったりしない。
テンポを止めず、軽く気合いを入れるように日本語で短く話す。
台詞例：「じゃ、いきます！」

4.5〜11.5秒：
ジャンプと落下のメイン区間。
ここが動画の最重要パート。
飛び降りた瞬間から落下中の体験をしっかり継続して見せる。
谷へ向かって落下し、バンジーコードが伸びて減速し、ロープが伸び切ったあとに軽く上へ戻る反動まで連続的に描写する。
バンジージャンプ体験のリアルさを重視し、風を切る感覚、高度感、視界の目まぐるしさ、身体感覚のある揺れを表現する。
ただし、現実より少し抑えて、視認不能になるほど激しいブレや意味不明な回転にはしない。
必要に応じて手元、足元、ロープ接続部、谷底方向が見えてよい。
落下中の音声は日本語で、多少かすれたリアクションを含めてリアル感を出す。
台詞例：「うわぁぁぁっ！ すっごいっ！」
落下中は風の音をリアルに強く入れる。

落下中の重要指示：
飛び降りた後に、ジャンプ台の足場や橋の床が再び前方に戻って映り込んではいけない。
飛んだ後は、ジャンプ台や橋は後方へ離れていく存在として扱"
renoise-2066852970738962567,"Style: Cinematic, realistic + cute animated companion, golden hour lighting…",,真人,现实向,生活与vlog,,en,Seedance 2.0,,,renoise-ai/awesome-seedance-prompts,https://github.com/renoise-ai/awesome-seedance-prompts/blob/904b6caffa21c2b114bb93e1bd0e37ba80b3dd10/data/prompts/2066852970738962567.json,CC-BY-4.0,Romana,https://x.com/Romi2656/status/2066852970738962567,True,"prompts/真人/现实向/生活与vlog/renoise-2066852970738962567--Style-Cinematic,-realistic-cute-animated.md","Style: Cinematic, realistic + cute animated companion, golden hour lighting, smooth camera movement, joyful vibe, ultra-detailed, 4K.

Duration: 12 seconds

Scene 1 (0-4s)

A stylish young woman in a black suit walks confidently through a beautiful European cobblestone street while holding a coffee cup. Beside her, her adorable cartoon twin walks with the same outfit and hairstyle, also carrying a tiny coffee cup. Both are smiling and looking around, enjoying the city atmosphere. The camera slowly tracks backward in front of them, warm sunset light, natural crowd movement, cinematic depth of field.

Scene 2 (4-8s)

Cut to a scenic rooftop viewpoint at sunset. The woman stands with folded arms, admiring the skyline while her cartoon twin stands beside her, smiling and making playful hand gestures. The camera gently circles around them. Their hair moves softly in the breeze, golden sunlight illuminating their faces. Both laugh and enjoy the moment together.

Scene 3 (8-12s)

The woman and her cartoon twin walk hand-in-hand along a historic street at sunset. They stop, turn toward the camera, and smile brightly. The cartoon twin happily waves while the woman laughs. Both say together:

""Life is beautiful when you enjoy every moment!""

They laugh, wave goodbye, and continue walking into the glowing sunset as the camera slowly pulls back. Smooth cinematic ending, joyful and heartwarming atmosphere."
renoise-2066855627427815446,日本のフルカラーアニメ映画、シネマティック高品質映像。,,漫剧,现实向,剧情短片,2D日漫,ja,Seedance 2.0,,,renoise-ai/awesome-seedance-prompts,https://github.com/renoise-ai/awesome-seedance-prompts/blob/904b6caffa21c2b114bb93e1bd0e37ba80b3dd10/data/prompts/2066855627427815446.json,CC-BY-4.0,AIスタジオワンルーム（AIアニメ、動画、漫画）,https://x.com/studio_oneroom/status/2066855627427815446,True,prompts/漫剧/现实向/剧情短片/renoise-2066855627427815446--日本のフルカラーアニメ映画-シネマティック高品質映像.md,"日本のフルカラーアニメ映画、シネマティック高品質映像。
BGMなし、セリフなし、字幕なし、文字なし、環境音あり。

# 制約
すべてのカットで画角やアングルを変えて単調にしない。
所作はゆっくり、静かに。動きは最小限。
顔と手元の細かい作業は同じカットに入れない。
画質が粗い場合はリファレンスとして画像を一から作り直すこと。

# 登場人物
## 執事
黒髪のやや長めの前髪を横に流した長身痩身の男性。銀縁メガネ。
黒のスリーピーススーツに黒ネクタイ、白シャツ、白い手袋、胸に白いポケットチーフ。
知的で落ち着いた佇まい。表情は静かで余裕があり、視線は伏し目がち。

# 情景
薄暗い厨房。朝もしくは夕方。窓から柔らかい斜光が差し込む。
作業台の上に銀のスプーン、赤茶色の乾いたタイティー茶葉を入れた銀のボウル、ガスコンロ、鍋、砂糖、練乳、茶こし、ガラスのピッチャー、大きな透明な丸いロックアイス、銀のトング、ミルク、透明なグラス。
照明：窓からの自然光のみ。空気中に微かな埃がきらめく。

# シーン
執事が薄暗い厨房で身支度を整えながら、静かな所作だけでタイティーを一杯淹れていく無言の短編。

cut1:
クローズアップ、ローアングル。ガスコンロの五徳まわり。
執事の手がコンロのつまみをひねると、青い炎がボッと点火して輪状に広がる。
薄暗い厨房に炎の青い光が灯る。カメラ固定。
環境音：ガスが点火するボッという音、炎の低い燃焼音。

cut2:
クローズアップ、首元から喉にかけて。素手で黒いネクタイの結び目を上へ引き締める。
顎をわずかに上げ、喉仏と首筋のラインがあらわになる。男性的で色気のある所作。
浅い被写界深度で首元にピント。カメラ固定。
環境音：ネクタイの布が擦れる微かな音。

cut3:
クローズアップ、手元。片手が白い手袋をもう片方の手に引き上げ、指を一本ずつ収めていく。
手首までしっかり収め、手袋の表面をすっと撫でて整える。所作は丁寧で静か。
カメラが手元にゆっくり寄る。
環境音：手袋の生地が擦れる微かな音。

cut4:
エクストリームクローズアップ。白手袋の手が銀のスプーンで赤茶色の乾いた紅茶葉をすくう。
細かく刻まれた乾いた茶葉で、表面はマットで粉っぽい質感。針状や繊維状ではない。
白い手袋・銀のスプーン・赤茶色の茶葉のコントラストが際立つ。カメラが手元にゆっくり寄る。
環境音：茶葉が触れ合う乾いた微かな音、スプーンの澄んだ金属音。

cut5:
クローズアップ、横顔やや前から。執事が白手袋の指先で銀縁メガネのブリッジをすっと押し上げる。
レンズに窓の光が一瞬反射する。知的でクールな所作。視線は伏し目がち。カメラ固定。
環境音：衣擦れの微かな音、静かな室内。

cut6:
クローズアップ、鍋を斜め上から見下ろす俯瞰。
コンロの火にかけた鍋の中で濃いオレンジ色の茶がゆっくり色を深め、表面から湯気が立ち上る。
白手袋の手が鍋の縁にそっと添えられている。顔は映さない。カメラ固定。
環境音：湯が静かに沸く音、湯気が立つ微かな音。

cut7:
エクストリームクローズアップ。白手袋の手がスプーンで砂糖をすくい、湯気の立つ橙色の茶へさらさらと落とす。
砂糖が湯面に触れて溶けていく。カメラ固定。
環境音：砂糖がさらさらと落ちる微かな音、湯が静かに揺れる音。

cut8:
エクストリームクローズアップ、胸元。手袋をはめた手が胸ポケットの白いチーフに指先で軽く触れて整える。
所作は静かで丁寧。カメラ固定。
環境音：布が擦れる微かな音、衣擦れ。

cut9:
エクストリームクローズアップ。濃いオレンジ色の茶へ白い練乳がとろりと落ち、
ゆっくり沈んで渦を描きながら混ざり、液体全体が不透明でクリーミーなオレンジ色になっていく。
カメラが液面に寄る。
環境音：練乳がとろりと落ちる音、液体に沈む柔らかな音。

cut10:
ミディアムクローズアップ、斜め横から。執事の両手と腕が画面に入る構図。
片手で鍋の持ち手を握り、もう片方の手で茶こしを支え、高い位置からガラスのピッチャーへ橙色の茶を細く注ぐ。
スーツの袖と白手袋まで画面に収め、誰が注いでいるかが明確に分かるようにする。
不透明なオレンジ色の液体が茶こしを通って一本の細い線になって落ちる。カメラ固定。
環境音：細く注がれる液体の澄んだ音。

cut11:
バストショット、斜め前から。執事が白手袋の手で黒髪を後ろへゆっくり掻き上げる。
前髪がさらりと流れ、額と目元があらわになる。視線は伏し目がち。注ぎ終えた後の静かなひと呼吸。
背景は厨房のボケ。カメラ固定。
環境音：髪が擦れる微かな音、静かな室内。

cut12:
クローズアップ、斜め上から。白手袋の手が銀のトングで大きな透明な丸いロックアイスを一つ掴み、
透明なグラスの中へそっと置く。球形の氷がグラスの底で澄んだ音を立てる。カメラ固定。
環境音：氷をトングで掴む音、氷がグラスに置かれる澄んだ音。

cut13:
【スローモーション】エクストリームクローズアップ、グラスを真横から。
グラスの中の大きな丸いロックアイスの上から、不透明でクリーミーなオレンジ色のタイティーが細く注がれ、氷の表面を伝ってグラスを満たしていく。
液体は練乳が混ざった濃いミルクティー色で、透き通っていない。丸い氷が橙色の液体に半分沈む。
逆光でなめらかに輝く。カメラ固定。
環境音：液体が氷を伝って注がれる澄んだ音。

cut14:
【スローモーション】エクストリームクローズアップ、グラスを真横から。
グラスの中央に大きな丸いロックアイスが浮かび"
renoise-2066874709762052407,"One continuous long take, Wulong Three Natural Bridges · Tsui Hark-style new…",,真人,特效向,动作大片,,en,Seedance 2.0,,,renoise-ai/awesome-seedance-prompts,https://github.com/renoise-ai/awesome-seedance-prompts/blob/904b6caffa21c2b114bb93e1bd0e37ba80b3dd10/data/prompts/2066874709762052407.json,CC-BY-4.0,Good FortuneX,https://x.com/pound75423/status/2066874709762052407,True,"prompts/真人/特效向/动作大片/renoise-2066874709762052407--One-continuous-long-take,-Wulong-Three-N.md","One continuous long take, Wulong Three Natural Bridges · Tsui Hark-style new wuxia blockbuster, high frame rate, 4K ultra-HD.

Color Palette: Tsui Hark's modern wuxia bright-tone aesthetic, transparent ink-wash cyan-black tones with gilded highlights, high-contrast cinematic look, mountain mist soft lighting with enhanced depth and sharpness, DaVinci-grade professional color grading, clean, crisp, premium visual intensity.

Scene: Wulong Three Natural Bridges, Chongqing (a Karst geological wonder; three natural bridges spanning two massive sinkholes formed over hundreds of millions of years. Tianlong Bridge is majestic, Qinglong Bridge is perilous, Heilong Bridge is mysterious. Giant natural stone arches stretch across the sky as if swallowing heaven itself. Thousand-foot cliffs rise dramatically. Tianfu Official Post Station hides within the secluded valley. Green vines cover cliff walls, moss soaks into ancient stone, mountain springs cascade like flying pearls, mist lingers around the bridges and cliffs, creating a mystical atmosphere).

Camera Movement: One uninterrupted continuous shot with no cuts. Low-angle follow-from-behind → 180° orbit → upward angle shot → forward push through cave opening → slow pull-back → close-up freeze frame. The entire sequence flows with uninterrupted energy and spirit.

0–3 Seconds | Opening Momentum · Leaping from the Post Station into the Mortal World:
Low-angle follow shot from behind.
Side profile gazing intently, eyes sharp and cold. Suddenly turns around as the camera pulls back. Wearing a Song Dynasty-style cyan robe and holding a folding fan, standing on the grassland before the post station. She lightly taps the grass with her toes and darts forward. With fingertips pinching the fan, she swings it toward the heavens. The plain folding fan spins into the air, transforming into a cyan phantom. She flies through the cliff walls with swift movements, sleeves and robes billowing fiercely in the wind.
3–6 Seconds | Clothes Breaking the Wind, Fan Deflecting Blades:
Leans backward and slides close to the ground to evade attacks. The plain folding fan opens and closes repeatedly to block incoming strikes. In an upward-angle shot, she steps on the cliff face and launches herself into the air, using the bridge as a foothold to soar upward. Fan shadows spread like cyan wings protecting her body.
6–9 Seconds | Chasing Shadows · Fierce Battle Above the Sinkhole:
Fast forward push-in combined with passing through the bridge opening. Assassins crouch atop the bridge and launch sudden attacks.
Pinching the fan, she condenses qi into a blade. The fan shadows transform into a cyan curtain that blocks the assault. Shockwaves shatter cliff rocks, sending debris flying in all directions. She races across cliffs and walls, leaping and maneuvering effortlessly through the abyss. The folding fan thrusts, slashes, and sweeps with precision, calmly breaking every ambush.
9–12 Seconds | Closing Momentum · Fan Unfolds, Edge Revealed:
Slowly pull back to a wide shot → transition to close-up.
Standing silently atop the mountain peak as sunlight pierces through the mist and bathes her figure in golden radiance. She leaps into the air and lands upon the summit of Qinglong Bridge. The fan shadows return to unity. The plain folding fan slowly opens, revealing the Chinese calligraphy character “Dream” (夢). Flower petals swirl gracefully in the wind. The camera freezes on a close-up of her face, her eyes cold and proud, fully displaying the elegance, spirit, and heroic grace of a true wuxia master."
renoise-2066876024655159774,Create a hyper-cinematic 15-second continuous single-take extreme kitesurf…,,真人,现实向,生活与vlog,,en,Seedance 2.0,,,renoise-ai/awesome-seedance-prompts,https://github.com/renoise-ai/awesome-seedance-prompts/blob/904b6caffa21c2b114bb93e1bd0e37ba80b3dd10/data/prompts/2066876024655159774.json,CC-BY-4.0,ai.gezgini,https://x.com/ai_gezgini/status/2066876024655159774,True,prompts/真人/现实向/生活与vlog/renoise-2066876024655159774--Create-a-hyper-cinematic-15-second-conti.md,"Create a hyper-cinematic 15-second continuous single-take extreme kitesurf video. Use the provided character sheet as the strict reference for the woman’s identity, face, pale skin, bright blue eyes, long straight black hair, athletic proportions, navy-teal mayo-style kitesurf outfit, waist harness, black/teal kiteboard, control bar, kite, and all gear. Do not change her identity, outfit, board, or equipment.

Only one kitesurfer appears in the entire video: this woman only. Do not show any other kitesurfers, surfers, swimmers, boats, silhouettes, or background people anywhere in the ocean or sky. She is completely alone.

Setting: open ocean in bright daylight with deep turquoise water, sunlight reflections, rising waves, sea spray, and strong wind. The atmosphere must feel raw, fast, dangerous, cinematic, and physically believable.

Video style: one continuous 15-second shot, no cuts, no hidden cuts, no transitions, no montage. Hyper-realistic motion, natural motion blur, water droplets on the lens, sea spray, wind noise, kite line tension, board skimming sound, and believable body-weight corrections. No text, no logos, no subtitles.

The video begins with a strong front view of the woman already kitesurfing toward the camera. The camera is very close in front of her upper body and face, slightly low, showing her focused blue eyes, wet black hair moving in the wind, the control bar in her hands, and the kite lines pulling upward. She looks calm, fearless, and fully in control.

The camera smoothly drops lower while staying in front of her, then glides around her body in one uninterrupted move to a low trailing angle near the kiteboard. Once behind her, the camera stays extremely low at board level, close to the water surface, following from behind and slightly offset near the tail and rail, as if chasing the board across the ocean.

She accelerates hard, leaning back against the kite’s pull. The board cuts fast over the surface and carves through small waves. She lowers one hand and skims her fingertips across the water, throwing spray backward toward the low camera. The camera captures the water touch, board vibration, harness tension, speed, and spray.

She then builds more speed toward a rising wave. The kite pulls harder, the lines tighten, and she loads the board edge. She launches powerfully into the air. The entire jump stays in the same continuous shot. As she rises, time shifts into dramatic slow motion. Water droplets hang in the air, her hair lifts in the wind, and the kiteboard stays clearly visible.

While airborne, she performs a controlled kitesurf rotation. The camera stays low and slightly behind and under the action, looking up as she rotates. She briefly turns her face toward the camera, intense and focused, then continues naturally.

At the peak, the slow motion becomes more dramatic. She reaches down and grabs the kiteboard with one hand while controlling the kite with the other. The board is close to the camera, the black/teal design is clear, spray sparkles below, and the empty ocean stretches behind her. This is the main viral moment.

She releases the board, completes the rotation, and lands cleanly with a hard explosive splash. The camera remains low behind the board at water level, following the impact closely. She crouches, regains speed instantly, and keeps charging forward across the waves as spray fills the lens. The video ends while she is still moving fast in the same uninterrupted single take."
renoise-2066883429346513180,REFERENCE IMAGE LOCK: Use the woman from the reference image as the exact same…,,真人,现实向,生活与vlog,,en,Seedance 2.0,,,renoise-ai/awesome-seedance-prompts,https://github.com/renoise-ai/awesome-seedance-prompts/blob/904b6caffa21c2b114bb93e1bd0e37ba80b3dd10/data/prompts/2066883429346513180.json,CC-BY-4.0,FATHELA ESQ,https://x.com/AmControo/status/2066883429346513180,True,prompts/真人/现实向/生活与vlog/renoise-2066883429346513180--REFERENCE-IMAGE-LOCK-Use-the-woman-from.md,"REFERENCE IMAGE LOCK: Use the woman from the reference image as the exact same character throughout the entire video. Preserve identical face, eye shape, blonde hair, skin tone, body proportions, black crossbody bag, black athletic pants, and white sneakers in every scene. STRICT STORYBOARD MODE. FOLLOW ALL PANELS IN EXACT ORDER. DO NOT SKIP, REORDER, MERGE, OR MODIFY ANY PANEL. VIDEO TYPE: Photorealistic live-action, cinematic travel vlog, premium sports documentary, realistic crowd behavior, natural daylight, handheld stabilized camera, smooth motion, realistic football physics, seamless football transitions, FIFA World Cup atmosphere. FORMAT: Vertical 9:16 Duration: 10 seconds Fast-paced cinematic edit One continuous football-transition journey JERSEY SEQUENCE (MANDATORY): Scene 1: Argentina Home Jersey Scene 2: Japan Home Jersey Scene 3: France Home Jersey Scene 4: England Home Jersey Scene 5: FIFA World Cup 2026 Blue Celebration Jersey LOCATION SEQUENCE (MANDATORY): 1. International Fan Zone 2. Football Celebration City Street 3. Football Merchandise District 4. Stadium Plaza 5. Packed Stadium Seating Area TRANSITION RULE: The same football connects every scene. The football must leave one scene and enter the next scene. The football must completely fill the frame before every scene change. No fade transitions. No dissolve transitions. No jump cuts. No scene changes without the football covering 100% of the frame. ━━━━━━━━━━━━━━━━━━━━━━━ SCENE 1 (0s–2s) ARGENTINA FAN ZONE ━━━━━━━━━━━━━━━━━━━━━━ The woman stands inside a massive international football fan zone wearing an Argentina home jersey. Supporters, national flags, celebration banners, and football fans fill the background. She smiles at the camera while holding a football. Camera: Medium close-up. Slight handheld travel-vlog movement. Subtle right-side tracking motion. Action: She throws the football directly toward the lens. Transition: The football rapidly expands. The football completely fills the frame. Screen fully covered by football. ━━━━━━━━━━━━━━━━━━━━━━━━ SCENE 2 (2s–4s) JAPAN CITY STREET ━━━━━━━━━━━━━━━━━━━━━━ ━ The football emerges from the camera toward the woman. She is now standing in a lively football celebration street wearing a Japan home jersey. The football flies toward her. She catches it naturally. Supporters celebrate around her. Camera: Side tracking movement. Consistent framing. Action: She immediately throws the football directly toward the camera. Transition: Football fills entire screen. Full-frame football transition. ━━━━━━━━━━━━━━━━━━━━━━━━ SCENE 3 (4s–6s) FRANCE MERCHANDISE DISTRICT ━━━━━━━━━━━━━━━━━━━━━━ The football emerges from the camera. She catches it while standing in a football merchandise district wearing a France home jersey. Football stores and fan merchandise visible behind her. Action: She spins the football casually. Smiles at the camera. Throws the football directly forward. Camera: Smooth medium tracking shot. Transition: Football expands rapidly. Football completely fills frame. ━━━━━━━━━━━━━━━━━━━━━━━━ SCENE 4 (6s–8s) ENGLAND STADIUM PLAZA ━━━━━━━━━━━━━━━━━━━━━━━ The football emerges from the lens. She catches it while standing in a large stadium plaza wearing an England home jersey. The stadium structure is visible behind her. Action: She lightly juggles the football once. Then kicks or tosses it directly into the camera. Camera: Tracking shot. Slight low-angle perspective. Transition: Football fills the entire screen. Complete football coverage before scene change. ━━━━━━━━━━━━━━━━━━━━━━━ SCENE 5 (8s–10s) WORLD CUP STADIUM FINALE ━━━━━━━━━━━━━━━━━━━━━━━ The football emerges from the camera one final time. She catches it while wearing a FIFA World Cup 2026-inspired blue celebration jersey. Location: Packed stadium seating area. Thousands of supporters. Epic championship atmosphere. Action: She catches the football. Looks around in amazement. Raises the football above her head. Supporters cheer wildly. Confetti rains through the air. Camera: Slow cinematic push-in. Stable hero-shot framing. Final Frame: Football held high overhead. Confetti floating. Massive cheering crowd. Epic World Cup celebration energy. Triumphant ending. VISUAL STYLE: Ultra-photorealistic, realistic skin texture, realistic football physics, cinematic sports documentary, premium broadcast quality, warm cinematic colors, shallow depth of field, authentic crowd reactions, dynamic motion, natural sunlight, high-end travel vlog aesthetic. NEGATIVE PROMPT: different woman, face morphing, changing facial features, changing hair color, changing hairstyle, changing skin tone, changing age, changing body shape, changing bag, changing pants, changing shoes, duplicate person, twin, extra limbs, extra fingers, distorted hands, unrealistic football movement, floating football, random cuts, fade transitions, dissolve transitions, wrong jersey sequence, wrong location sequence, skipped scenes, merged scenes, scene order errors, cartoon, anime, illustration, CGI, text, watermark, logo, sponsor branding, football federation logos, blurry subject, camera jitter, AI artifacts, inconsistent identity."
renoise-2066891258141032803,15-second ultra-cinematic realistic transformation sequence during a violent…,,真人,特效向,奇幻怪兽,,en,Seedance 2.0,,,renoise-ai/awesome-seedance-prompts,https://github.com/renoise-ai/awesome-seedance-prompts/blob/904b6caffa21c2b114bb93e1bd0e37ba80b3dd10/data/prompts/2066891258141032803.json,CC-BY-4.0,Mr Das,https://x.com/MrDasOnX/status/2066891258141032803,True,prompts/真人/特效向/奇幻怪兽/renoise-2066891258141032803--15-second-ultra-cinematic-realistic-tran.md,"15-second ultra-cinematic realistic transformation sequence during a violent midnight thunderstorm in an ancient Pacific Northwest forest.
A lone exhausted hiker struggles through dense rain-soaked woods. Torrential rain pours down, wind howls through the giant redwoods, lightning flashes illuminate the misty canopy. Massive branches creak and fall around them as they slip in the mud.
The camera follows closely as the hiker stumbles and collapses against a massive moss-covered tree. Everything grows strangely quiet except for the rain.
The camera slowly circles as the transformation begins subtly. Fingers elongate and darken, nails become claws. Shoulders broaden dramatically while the spine curves and lengthens. Muscles ripple and reform under the skin for quadrupedal power.
Skin texture shifts into thick, wet grey-black wolf fur that grows naturally across the body. The face pushes forward into a powerful muzzle, teeth sharpening, ears migrating upward. Water and rain stream realistically over the changing anatomy.
The camera pushes in as legs reshape into powerful haunches and digitigrade limbs. The body shrinks slightly in height but explodes in raw muscular density. A long, bushy tail emerges and twitches with new life.
Schools of fireflies begin swirling around the transforming figure. Mist and rain catch dramatic shafts of moonlight breaking through the storm clouds.
The transformation accelerates. A thick winter ruff forms around the neck. Sharp canine eyes open with predatory intelligence. The figure rises as a massive, realistic timber wolf, shaking rain from its fur with powerful, natural movements.
Final cinematic moment: the newly formed wolf leaps forward through the undergrowth, then surges upward in a massive bound, howling powerfully toward the stormy sky as lightning illuminates its silhouette against the towering trees. Rain explodes off the fur in slow motion.
The wolf lands gracefully and disappears like a shadow into the dark, rain-lashed forest.
Style: ultra realistic biological transformation, photoreal timber wolf anatomy, realistic forest cinematography, nature documentary realism, premium fur and water simulation, wildlife behavior accuracy, stormy nocturnal atmosphere, cinematic scale, AAA creature VFX, no magic energy, no text, no overlays.
Audio: epic dark forest cinematic score, deep resonant wolf howl, heavy rain, thunder cracks, wind through trees, realistic animal breathing and paw sounds, water dripping, distant owl calls, immersive storm acoustics."
renoise-2066904202807513509,@Image1 as the first frame. Broadcast television coverage of a FIFA World Cup…,,真人,现实向,运动,,en,Seedance 2.0,,,renoise-ai/awesome-seedance-prompts,https://github.com/renoise-ai/awesome-seedance-prompts/blob/904b6caffa21c2b114bb93e1bd0e37ba80b3dd10/data/prompts/2066904202807513509.json,CC-BY-4.0,ViralOps,https://x.com/ViralOps_/status/2066904202807513509,True,prompts/真人/现实向/运动/renoise-2066904202807513509--Image1-as-the-first-frame.-Broadcast-tel.md,"@Image1 as the first frame. Broadcast television coverage of a FIFA World Cup 2026 match, multi-camera style with clean cuts between shots, smooth professional camera work, sharp broadcast color. Live commentary plays over the footage throughout.

0–2s: Wide broadcast shot of the packed stadium, then a steady push-in on the old lady sitting calmly in her seat watching the match, hands folded, a small smile. Commentary (calm): ""And the atmosphere here is electric as we head into the final minutes.""
2–4s: Cut to a low pitch-side close-up — a player winds up and strikes the ball hard, tight shot on his boot connecting, the ball rockets off his foot toward the stands. Commentary (rising): ""He winds up — OH, that's miscued into the crowd!""

4–6s: Cut back to the old lady. The ball flies straight toward her. The people around her flinch and duck, one shouts. Hold on her calm face. Commentary (alarmed): ""Look out! That's coming straight for the stands!""
6–8s: Her hand shoots up and snatches the ball clean out of the air, one-handed, no flinch. She holds it calmly. The people around her freeze and stare, a few raise phones. Commentary (stunned): ""She caught it! Did you see that? Clean out of the air!""

8–12s: She stands, drops the ball to her feet, and leaps impossibly high above the crowd. At the peak she volleys it back toward the pitch — slow-motion on the strike, a wind shockwave ripples off the kick, the ball becomes a blazing streak screaming toward the goal. Commentary (exploding): ""She's up — and she's SENT IT! I have never seen anything like this!""
12–14s: Cut to a close-up at the far goal — the ball rockets past the diving keeper and smashes the back of the net, the net snapping back, dust flying off the post. Commentary (screaming): ""GOAAAL! Unbelievable! UNBELIEVABLE!""

14–15s: Cut back to the old lady, seated again calmly as if nothing happened, while everyone around her erupts — jumping, screaming, arms up, filming her. She gives a tiny modest smile. Commentary (laughing in disbelief): ""The grandmother in row twelve has won the World Cup!""

Sound: roaring stadium crowd building to a full eruption, a loud clean ball-strike thud on each kick, a whoosh as the ball flies, net-ripple snap on the goal, energetic live commentary mixed over the top, stadium horns and drums."
renoise-2066910248036888794,"15-second cinematic stylized 3D animation, 16:9, warm golden-hour neighborhood…",,漫剧,现实向,日常治愈,3D卡通,en,Seedance 2.0,,,renoise-ai/awesome-seedance-prompts,https://github.com/renoise-ai/awesome-seedance-prompts/blob/904b6caffa21c2b114bb93e1bd0e37ba80b3dd10/data/prompts/2066910248036888794.json,CC-BY-4.0,Abhishek,https://x.com/HeyAbhishek/status/2066910248036888794,True,prompts/漫剧/现实向/日常治愈/renoise-2066910248036888794--15-second-cinematic-stylized-3D-animatio.md,"15-second cinematic stylized 3D animation, 16:9, warm golden-hour neighborhood park, polished family-friendly look, emotional storytelling, no text, no dialogue. A 6-year-old boy with soft dark hair, big brown eyes, yellow T-shirt, blue shorts, white socks, and sneakers plays football alone on a clean paved park path. Nearby are four teenage boys with tough-kid animated styling. They look serious at first, but are kind and protective.

0–2s: Wide shot. Boy happily dribbles and kicks football along the path. Show trimmed grass, benches, trees, low fence, golden light. Teens stand in the distance, watching with calm stern faces. 2–4s: Boy kicks harder, runs after the ball, lightly trips, and falls. Football rolls forward and taps the tallest teen’s shoe. Boy gets dust on his knee and looks embarrassed. Camera moves from rolling ball to his worried face.

4–6s: Medium dramatic shot. Teens notice him and slowly walk toward him with serious faces. Boy sits frozen on the ground, nervous and expecting trouble. Keep tension through framing and expressions only, no darkness, violence, or aggression. 6–8s: Lead teen reaches him and crouches down instead of bullying him. His expression softens. Other teens stand calmly nearby like a protective circle.

8–10s: Close emotional shot. Lead teen gently helps the boy stand. Another teen brushes dust from his knee and lower leg. Their faces shift from stern to warm and reassuring. 10–12s: One teen returns the football. Lead teen gives a gentle big-brother-style head pat. Boy’s fear turns into relief.

12–14s: Close-up of boy holding football. He smiles shyly, then warmly, realizing they helped him. Soft golden light, emotional calm. 14–15s: Final wide shot. Teens walk away casually while boy watches gratefully, holding football close. One teen slightly looks back or waves. End wholesome: kindness before judgment."
renoise-2066917735817269523,"Luxury boutique hotel exterior, morning light, slow zoom, lush greenery…",,其他,,广告带货,,en,Seedance 2.0,,,renoise-ai/awesome-seedance-prompts,https://github.com/renoise-ai/awesome-seedance-prompts/blob/904b6caffa21c2b114bb93e1bd0e37ba80b3dd10/data/prompts/2066917735817269523.json,CC-BY-4.0,Zentrix⌚️,https://x.com/ZentrixHQ/status/2066917735817269523,True,"prompts/其他/广告带货/renoise-2066917735817269523--Luxury-boutique-hotel-exterior,-morning.md","Luxury boutique hotel exterior, morning light, slow zoom, lush greenery, cinematic color grade, premium feel"
renoise-2066923166753304929,Use the uploaded female reference image as the exact female identity lock. Keep…,,真人,特效向,科幻,,en,Seedance 2.0,,,renoise-ai/awesome-seedance-prompts,https://github.com/renoise-ai/awesome-seedance-prompts/blob/904b6caffa21c2b114bb93e1bd0e37ba80b3dd10/data/prompts/2066923166753304929.json,CC-BY-4.0,Isabella,https://x.com/IsabellaHan_/status/2066923166753304929,True,prompts/真人/特效向/科幻/renoise-2066923166753304929--Use-the-uploaded-female-reference-image.md,"Use the uploaded female reference image as the exact female identity lock. Keep her face, hair, outfit, body type, and overall identity exactly the same throughout. Create an 8-second ultra-realistic cinematic scene in a hi-tech military command office. The room should look like a futuristic defense operations room: metallic walls, large digital screens, holographic blue interface displays, illuminated workstations, sleek desks, advanced computer systems, tactical monitors, glowing data panels, modern military tech environment, cool blue lighting, polished floor, and premium high-security command-center feel.

The female character stands inside this military office, surrounded by 3 to 4 military personnel / army officers in uniform. They are near desks and tactical stations, focused and serious. She looks worried, tense, and emotionally invested because the man they are discussing is the love of her life.

Scene order must be:
1. Start with a medium-wide cinematic shot showing the futuristic military office, army personnel around her, glowing screens, and tactical atmosphere.
2. She looks anxious and asks with urgency: “Where is he?”
3. One nearby military officer replies seriously: “He’s deployed.”
4. Immediately cut to a close-up shot of her face. Her eyes widen, she looks deeply worried, emotional, and careful. She says with fear and urgency: “Oh my god! He needs me.” This line is the emotional highlight of the scene.
5. After saying it, she does not stand still. She turns quickly and rushes away urgently, as if she needs to reach him immediately. Army personnel react slightly and watch her move.
Keep the scene cinematic, realistic, emotionally intense, and fast-paced. Premium movie look, ARRI Alexa style, subtle handheld + smooth dolly feel, realistic motion blur, no cheap shaky cam, no cartoon look.

Negative Prompt:
wrong female face, outfit change, different hairstyle, casual office, normal corporate office, weak lighting, no holograms, no military staff, too many people, empty room, comedy tone, exaggerated acting, slow pacing, no close-up on “Oh my god! He needs me,” standing still after dialogue, low realism, CGI look, anime style, blurry face, identity drift, geometry changes, random location switch, cheap sci-fi set, weak emotional expression"
renoise-2066927750796263889,Create a single vertical anime animation development board for an original…,,漫剧,特效向,战斗大招,2D日漫,en,Seedance 2.0,,,renoise-ai/awesome-seedance-prompts,https://github.com/renoise-ai/awesome-seedance-prompts/blob/904b6caffa21c2b114bb93e1bd0e37ba80b3dd10/data/prompts/2066927750796263889.json,CC-BY-4.0,𝐌,https://x.com/Strength04_X/status/2066927750796263889,True,prompts/漫剧/特效向/战斗大招/renoise-2066927750796263889--Create-a-single-vertical-anime-animation.md,"Create a single vertical anime animation development board for an original high-energy action short film titled ""Frozen Mountain Summit."" The final output must be ONE combined image only, clearly divided into 2 sections: TOP SECTION: Character design sheet BOTTOM SECTION: 12-frame storyboard page Create fully original anime characters. Do not imitate any existing anime, manga, game, or copyrighted character designs. Keep everything original, cinematic, dynamic, and easy to understand. STYLE: Premium anime pre-production board, loose pencil sketches mixed with semi-rendered anime keyframes, dramatic lighting, strong contrast, speed lines, impact frames, red panel borders, blue motion arrows, handwritten notes, timing notes, and lens notes. TOP SECTION — CHARACTER DESIGN SHEET Use a light neutral paper-like background. Fighter A: Young anime ice-climate fighter, around 19, short choppy white hair, icy blue eyes, athletic muscular build, sharp determined expression. Outfit: heavy fur-collared combat jacket (torn), dark thermal gloves, reinforced boots, combat belt. Personality: aggressive, bold, high-impact strikes. Show front view, side view, back view, 3/4 view, battle-ready stance, running attack pose, uppercut pose, and a few expressions. Fighter B: Rival mountain warrior, around 22, wild long dark hair whipping in the wind, dark grey eyes, tall powerful build, stern expression. Outfit: heavy sleeveless cloak, chest wraps, thick trousers, iron-toed boots. Personality: stoic, immovable, overwhelmingly powerful. Show front view, side view, back view, 3/4 view, firm planted stance, deflect pose, downward hammer-strike pose, and a few expressions. Add small handwritten design notes and compact anime color swatches. BOTTOM SECTION — STORYBOARD PAGE Use a dark black background for the entire storyboard section. Do not use beige, yellow, or paper-colored background here. Create 12 cinematic anime storyboard panels in a clean grid. Use red panel borders, blue motion arrows, handwritten camera notes, timing notes, and action notes. Keep both fighters visually consistent. 12 STORYBOARD FRAMES: ➤ Split-screen with thick black divider: Fighter A scaling the final rocky ledge of the summit, breath visible in cold air (upper frame); Fighter B standing at the peak, arms crossed, snow swirling around him (lower frame). ➤ Split-screen close-ups: Fighter A's boot kicks into the ice as he climbs; Fighter B's eyes look down, cold and waiting. ➤ Wide shot of Fighter A reaching the summit top — both fighters face each other against the icy sky. ➤ Fighter A launches forward, boots cracking the frozen ground, snow exploding outward. ➤ Tracking shot of Fighter A closing in with a fast series of body strikes. ➤ Slow-motion: Fighter B barely shifts his weight and absorbs the strikes, barely moving. ➤ Fighter B grabs Fighter A by the collar with one hand and lifts him. ➤ Fighter B throws Fighter A hard across the summit plateau, ice and snow flying. ➤ Wide shot of Fighter A skidding across the ice toward the cliff edge. ➤ Fighter A stops himself at the edge, looks back — Fighter B is already charging. ➤ Fighter B closes the gap instantly with a thundering hammer-fist strike. ➤ Aftermath: snow blows across the summit, Fighter B stands at the center of a shattered ice crater, Fighter A down near the cliff edge, vast mountain skyline behind them. ENVIRONMENT: Frozen mountain summit, cracked glacier ice, howling wind, flying snow, frozen rock ledges, vast sky, snow clouds, cliff edges. FINAL GOAL: Make the board clean, readable, cinematic, and production-ready. The top section should clearly show the character designs. The bottom section should clearly show the 12-frame action choreography on a black storyboard background."
renoise-2066965526094483826,"Upload order: @IMG_1 astronaut, @IMG_2 cutting torch, @IMG_3 spore cluster…",,漫剧,特效向,科幻机甲,2D日漫,en,Seedance 2.0,,,renoise-ai/awesome-seedance-prompts,https://github.com/renoise-ai/awesome-seedance-prompts/blob/904b6caffa21c2b114bb93e1bd0e37ba80b3dd10/data/prompts/2066965526094483826.json,CC-BY-4.0,Mike Miller,https://x.com/pt5films/status/2066965526094483826,True,"prompts/漫剧/特效向/科幻机甲/renoise-2066965526094483826--Upload-order-IMG_1-astronaut,-IMG_2-cutt.md","Upload order: @IMG_1 astronaut, @IMG_2 cutting torch, @IMG_3 spore cluster, @IMG_4 derelict ship interior.

FORMAT: 15s / 6 shots / cosmic dread escalating to explosive escape / no dialogue
SUBJECTS: @IMG_1 The Astronaut: battered deep-space EVA suit, cracked visor with green glow inside, frayed tethers
PROPS: @IMG_2 handheld plasma cutting torch, hot blue-white flame tip; @IMG_3 cluster of bioluminescent spores, acid-green and cold white glow
ENVIRONMENT: @IMG_4 cavernous derelict starship interior, breached hull maw, drifting cables, weightless debris
COLOR LOGIC: painterly 2D animation, hand-inked linework, heavy chiaroscuro, void-black with acid-green and cold white glow, hints of warning red
TIMELINE:
[00:00-00:02] [WIDE, SLOW DRIFT] Establish @IMG_4, @IMG_1 tiny and weightless in the breached hull maw.
[00:02-00:05] [PUSH-IN ON VISOR] Tight on @IMG_1, green glow inside the cracked visor, @IMG_3 swirling up toward her.
[00:05-00:07] [QUICK INSERT] @IMG_1 grabs @IMG_2 and the blue-white flame snaps to life.
[00:07-00:10] [TRACK, FAST ARC] She slashes @IMG_2 through @IMG_3, spores recoiling and bursting in acid-green flares.
[00:10-00:12] [LOW ANGLE ON BOOTS] She plants both boots on a buckled bulkhead, coiling to spring.
[00:12-00:15] [WHIP BACK, FAST DOLLY]
She kicks off hard and launches backward toward a distant airlock as @IMG_3 detonates in light, debris and embers streaming past the lens.

No music. Ambient: low hull groans, hiss and breath inside the helmet, soft wet pops of bursting spores, distant metal creak."
renoise-2066969952389840921,"Euphoric feel-good dance-pop ANTHEM, ~150 BPM, festival main-stage energy. SLAM…",,真人,现实向,音乐MV,,en,Seedance 2.0,,,renoise-ai/awesome-seedance-prompts,https://github.com/renoise-ai/awesome-seedance-prompts/blob/904b6caffa21c2b114bb93e1bd0e37ba80b3dd10/data/prompts/2066969952389840921.json,CC-BY-4.0,Syed Abuthahir ∞,https://x.com/abulu8/status/2066969952389840921,True,"prompts/真人/现实向/音乐MV/renoise-2066969952389840921--Euphoric-feel-good-dance-pop-ANTHEM,-~15.md","Euphoric feel-good dance-pop ANTHEM, ~150 BPM, festival main-stage energy. SLAM IN on the first beat: a bright pitched-up vocal chop hook singing a catchy wordless topline melody (oh-oh-oh / ay-ay-ay style hooks), big supersaw synth chords, punchy four-on-the-floor kick, clap on the offbeat, uplifting and joyful from the very first second — absolutely no slow intro. Sun-drenched major-key chord progression, hands-in-the-air feeling, glittery arpeggios, sidechained pumping synths. Around 11-12 seconds, a quick riser and vocal-chop build that lifts, then a HUGE euphoric drop at 13 seconds — the full vocal hook and synth lead explode together for a spin moment — then land on one final bright hit at 15 seconds. Bright, addictive, emotional, uplifting, modern radio dance-pop production, the kind of hook you can sing along to instantly."
renoise-2067005802431524937,"A giant crocodile, the size of a bus, has jumped out of a wide river and bitten…",,真人,特效向,动作大片,,en,Seedance 2.0,,,renoise-ai/awesome-seedance-prompts,https://github.com/renoise-ai/awesome-seedance-prompts/blob/904b6caffa21c2b114bb93e1bd0e37ba80b3dd10/data/prompts/2067005802431524937.json,CC-BY-4.0,Rahul Nanda,https://x.com/rahulnanda86/status/2067005802431524937,True,"prompts/真人/特效向/动作大片/renoise-2067005802431524937--A-giant-crocodile,-the-size-of-a-bus,-ha.md","A giant crocodile, the size of a bus, has jumped out of a wide river and bitten onto the landing skid of a rescue helicopter in bright daylight. The croc hangs below the helicopter with its full weight, dragging it down toward the water. Big electric power lines cross the river up ahead on tall steel towers. Sound: straining rotor blades, alarm beeping in the cockpit, croc hissing, water churning, radio chatter.

Shot 1 (0–3s) — THE HOOK: Wide shot over the river. The huge crocodile hangs from the helicopter's skid, jaws locked on the metal, its tail thrashing just above the water. The helicopter tilts and sinks lower, engine screaming, the rotor wash blasting circles into the river. Inside, the pilot fights the controls, shouting into his radio: ""IT'S GOT MY SKID! IT'S TOO HEAVY — IT'S PULLING ME INTO THE RIVER!""

Shot 2 (3–6s): At a small control station on the river bank, an electricity worker in a yellow helmet stands at the power switchboard, watching the helicopter through the window. He grabs his radio: ""Listen to me! The power lines ahead — drag it across the lines! Full power is ON! Bring it to the wires!""

Shot 3 (6–9s): Inside the cockpit. The pilot stops trying to climb. He pushes the stick forward and flies low and fast along the river — the hanging crocodile skimming just above the water, still biting the skid. Ahead, the power lines stretch across the river, getting closer, closer. The pilot grits his teeth: ""HOLD ON, UGLY.""

Shot 4 (9–13s) — BULLET TIME PAYOFF: The helicopter rises just enough to clear the wires — the hanging crocodile doesn't. Bullet time — the croc's body hits the power lines in slow motion. Full electricity blasts through it. Blue-white sparks explode in every direction, the croc shaking and lighting up, smoke bursting off its skin, water drops glowing in the flash — its jaws open, and it lets go.

Shot 5 (13–15s): Time snaps back. The smoking crocodile falls and crashes into the river in a huge splash. The freed helicopter jumps upward, light again, climbing fast over the broken, sparking wires. The worker at the station pumps his fist at the window. Cut."
renoise-2067010085248012380,"Reference: (character identity white-silver spiked hair, red eye, dark tactical…",,真人,特效向,动作大片,,en,Seedance 2.0,,,renoise-ai/awesome-seedance-prompts,https://github.com/renoise-ai/awesome-seedance-prompts/blob/904b6caffa21c2b114bb93e1bd0e37ba80b3dd10/data/prompts/2067010085248012380.json,CC-BY-4.0,Cia0,https://x.com/Cia0_exe/status/2067010085248012380,True,prompts/真人/特效向/动作大片/renoise-2067010085248012380--Reference-character-identity-white-silve.md,"Reference: (character identity white-silver spiked hair, red eye, dark tactical samurai-ninja armor, red sash, dual blade silhouette, glowing cyan blade edge) + (sleek white-glass megatower skyline, clear blue sky, distant aerial traffic).

No dialogue. Pure kinetic motion, hard cuts synced to a heavy electronic bass drop. Wind-streak and speed-line FX throughout. Color grade: cool blue-white architecture against warm red sash accent and cyan energy glow.

0–2s — Low-angle wide establishing shot. Camera locked low between two towers. Character sprints directly toward lens, full sprint stride, fabric and sash whipping, motion blur trailing limbs. Hook moment — fast push-in as they close distance.

2–4s — Side tracking shot, camera moving parallel at rooftop-gap height. Character leaps across a gap between two glass towers, body fully airborne, wind lines streaking past, red sash flaring behind.

4–6s — Chase-cam, slightly behind and below. Character vaults over a ledge/obstacle, sliding under a low beam, sparks of light reflecting off glass facades, camera shake on landing impact.

6–8s — Dutch-angle low shot, tilted horizon. Character draws blade mid-descent, cyan energy trail arcing along the blade edge as they drop toward a lower platform, debris particles scattering.

8–10s — Close low-angle hero shot. Final decisive blade arc completes its swing, camera holds on the motion-blurred slash trail, then hard freeze-frame on the post-swing pose — blade extended, eye glowing faintly, dust settling. Hold freeze for impact before cut to black.16:9."
renoise-2067020838243848444,"A giant crocodile, the size of a bus, has climbed onto a huge ocean oil rig in…",,真人,特效向,奇幻怪兽,,en,Seedance 2.0,,,renoise-ai/awesome-seedance-prompts,https://github.com/renoise-ai/awesome-seedance-prompts/blob/904b6caffa21c2b114bb93e1bd0e37ba80b3dd10/data/prompts/2067020838243848444.json,CC-BY-4.0,Rahul Nanda,https://x.com/rahulnanda86/status/2067020838243848444,True,"prompts/真人/特效向/奇幻怪兽/renoise-2067020838243848444--A-giant-crocodile,-the-size-of-a-bus,-ha.md","A giant crocodile, the size of a bus, has climbed onto a huge ocean oil rig in bright daylight and grabbed a worker in its mouth. It backs slowly toward the open edge of the platform as other workers run up the metal stairs. High above, a safety net is strung over the lower deck, and a crane holds a heavy load of steel pipes. Sound: roaring sea wind, crunching metal stairs, men shouting, croc hissing, crane motors, radio voices.

Shot 1 (0–3s) — THE HOOK: Low shot across the rig floor. The giant crocodile holds a worker in hi-vis overalls in its mouth and drags him backward toward the edge, its tail knocking over fuel drums. Workers scramble up the stairs, banging on the railings. One man yells into his radio: ""IT'S GOT HIM! IT'S BACKING HIM TO THE EDGE!""

Shot 2 (3–6s): Up in the crane cab. The crane operator, an older man in a hard hat, grips his levers and looks down at the croc through the glass. He answers on the radio, calm and fast: ""I see it. Get the net under him. When he drops, I swing the pipes — everybody clear the deck!""

Shot 3 (6–9s): Back on the rig floor. The crocodile shakes its head — the worker slips out of its jaws and falls, landing safely in the big safety net below. The croc spins and lunges after him toward the net, jaws wide. The operator's eyes lock on. He pulls the lever.

Shot 4 (9–13s) — BIG SLOW-MOTION MOMENT: Bullet time — the huge load of steel pipes swings around on the crane in slow motion, a wall of heavy steel crossing the frame — and slams into the side of the lunging crocodile. The pipes hammer it sideways off the platform, the croc twisting in the air, sea spray and loose bolts hanging around its body as it falls.

Shot 5 (13–15s): Time snaps back. The crocodile crashes far below into the ocean in a giant white splash. The swinging pipes slow to a stop over the empty edge. Workers pull the saved man out of the net, the wind blowing hard across the rig."
renoise-2067027133973893139,"Photoreal cinematic nature documentary, Pamukkale travertine terraces in…",,其他,,风景空镜,,en,Seedance 2.0,,,renoise-ai/awesome-seedance-prompts,https://github.com/renoise-ai/awesome-seedance-prompts/blob/904b6caffa21c2b114bb93e1bd0e37ba80b3dd10/data/prompts/2067027133973893139.json,CC-BY-4.0,Kaan Alper,https://x.com/kaan_alper/status/2067027133973893139,True,"prompts/其他/风景空镜/renoise-2067027133973893139--Photoreal-cinematic-nature-documentary,.md","Photoreal cinematic nature documentary, Pamukkale travertine terraces in Turkey, serene and otherworldly, soft warm color palette of ivory white calcium carbonate, luminous turquoise thermal water, sunset pink and amber sky reflections. Minimum 8K quality, ultra sharp, high detail, clean textures, stable geology, no blur, no compression artifacts. Clean cinematic audio, gentle flowing water, soft wind, distant birds, no distortion.

00:00–00:02: Begin at the base of Pamukkale’s iconic white travertine terraces. Low wide angle, crystal-clear thermal water flows over pure white mineral ledges into turquoise pools. Golden hour sunset light glows pink and amber across the scene. Camera starts a smooth upward dolly.

00:02–00:04: Continue ascending slowly along the water path. Fresh thermal water cascades from one calcium carbonate step into the next. Gentle ripples spread across luminous turquoise surfaces, steam wisps rise delicately.

00:04–00:06: The camera climbs higher, revealing another layer of terraced pools. Each basin reflects pastel sunset colors. White travertines appear ethereal, sculpted, soft-edged, and ancient. Movement remains perfectly steady and meditative.

00:06–00:08: Upward glide widens slightly, showing repeating terraces like a natural staircase. Water spills continuously over rounded ivory rims. Steam catches warm light, creating a dreamlike glow without obscuring detail.

00:08–00:10: The terraces expand into a majestic pattern of white and blue. Camera keeps the same bottom-to-top motion, following the flow upward visually while water physically cascades downward. Natural stone textures, mineral ridges, and pool edges remain sharp.

00:10–00:12: Approaching higher pools, the golden sun nears the horizon. Turquoise water becomes more radiant against the ivory stone. Steam thickens subtly, wind moves it gently across frame. Ripples remain realistic.

00:12–00:15: Final upward wide reveal from the upper terraces. The camera eases to a soft stop as layer after layer of Pamukkale pools glow under sunset. End on a breathtaking tranquil composition of white terraces, turquoise pools, pink sky reflection, and gentle flowing water.

Camera: one continuous smooth bottom-to-top dolly movement, slow, reverent, stable, no random pans or shakes. Lighting: golden hour sunset, warm amber highlights, pastel pink sky, cool turquoise water. Negative: no crowds, no shoes, no buildings, no modern objects, no fantasy architecture, no frozen water, no muddy pools, no overexposed white stone, no distorted geology, no blur, no compression artifacts."
renoise-2067030838328627272,"@Image1 (Kaiden — oni mask, glowing green eyes, dark topknot, green-charcoal…",,真人,特效向,武侠打斗,,en,Seedance 2.0,,,renoise-ai/awesome-seedance-prompts,https://github.com/renoise-ai/awesome-seedance-prompts/blob/904b6caffa21c2b114bb93e1bd0e37ba80b3dd10/data/prompts/2067030838328627272.json,CC-BY-4.0,Cia0,https://x.com/Cia0_exe/status/2067030838328627272,True,"prompts/真人/特效向/武侠打斗/renoise-2067030838328627272--Image1-Kaiden-—-oni-mask,-glowing-green.md","@Image1 (Kaiden — oni mask, glowing green eyes, dark topknot, green-charcoal tactical hoodie, katana with green energy trail) + skyline reference (white-glass megatower skyline, clear blue sky).
No dialogue. Five drones eliminated in rapid-fire succession — editing speed roughly doubled from the previous version, multiple micro-cuts per second synced tight to bass hits. Whip-pans, snap-zooms, and motion blur dominate. Green energy trail on every slash, sparks on impact, no gore.
0–1.5s — Snap-cut wide shot through the tower gap. Kaiden bursts into frame at full sprint, immediate slash through drone 1 — blink-and-you-miss-it speed, spark flash, quick whip-pan follows the falling debris.
1.5–3s — Hard cut to side-tracking shot. Mid-air already, blade already swinging — drone 2 destroyed almost instantly, camera shake on contact, hoodie and energy trail smearing across frame in motion blur.
3–4.5s — Cut to low chase-cam. Double-drone takedown (3 and 4) compressed into one explosive spin — camera does a fast snap-rotate matching his body spin, sparks bursting in both directions simultaneously.
4.5–6s — Quick Dutch-angle cut, camera already tilted and falling with him. Drone 5 flees upward; Kaiden launches in a blink-cut jump, green blade arc already mid-swing as the shot lands.
6–7.5s — Micro-cut close-up: blade connects, drone 5 sparks and splits — almost subliminal, just a flash of green and debris.
7.5–10s — Final cut: low hero angle, hard freeze-frame on Kaiden's landing pose, blade extended, eyes glowing, drone wreckage frozen mid-fall. Hold the freeze slightly longer than the rest for contrast against the rapid cuts before it, then snap to black.16:9."
renoise-2067048483279057062,SPEEDCAT OG PELÉ YELLOW – PUMA BLACK,,其他,,广告带货,,en,Seedance 2.0,link-only,copyrighted-character,renoise-ai/awesome-seedance-prompts,https://github.com/renoise-ai/awesome-seedance-prompts/blob/904b6caffa21c2b114bb93e1bd0e37ba80b3dd10/data/prompts/2067048483279057062.json,CC-BY-4.0,Shami,https://x.com/ShamiWeb3/status/2067048483279057062,True,prompts/其他/广告带货/renoise-2067048483279057062--SPEEDCAT-OG-PELÉ-YELLOW-–-PUMA-BLACK.md,
renoise-2067056327269265862,Create a cinematic anime mecha boss battle sequence.,,漫剧,特效向,科幻机甲,2D日漫,en,Seedance 2.0,link-only,copyrighted-character,renoise-ai/awesome-seedance-prompts,https://github.com/renoise-ai/awesome-seedance-prompts/blob/904b6caffa21c2b114bb93e1bd0e37ba80b3dd10/data/prompts/2067056327269265862.json,CC-BY-4.0,MD,https://x.com/mdmadeit/status/2067056327269265862,True,prompts/漫剧/特效向/科幻机甲/renoise-2067056327269265862--Create-a-cinematic-anime-mecha-boss-batt.md,
renoise-2067081568615591974,Create an ultra-dynamic anime cinematic skydiving video featuring Skye Vortex…,,漫剧,特效向,战斗大招,2D日漫,en,Seedance 2.0,,,renoise-ai/awesome-seedance-prompts,https://github.com/renoise-ai/awesome-seedance-prompts/blob/904b6caffa21c2b114bb93e1bd0e37ba80b3dd10/data/prompts/2067081568615591974.json,CC-BY-4.0,Ivanna | AI Art & Prompts,https://x.com/ivanka_humeniuk/status/2067081568615591974,True,prompts/漫剧/特效向/战斗大招/renoise-2067081568615591974--Create-an-ultra-dynamic-anime-cinematic.md,"Create an ultra-dynamic anime cinematic skydiving video featuring Skye Vortex from Image 1. Preserve her exact face, magenta-violet eyes, very long vivid pink hair styled in two high buns with long flowing loose strands, black star-logo crop bra-top, black micro shorts with pink harness straps, tall pink-and-black lace-up boots, fingerless tech gloves, mirrored violet aviator goggles resting on her forehead, star ear studs, wrist altimeter, and the black-and-pink VORTEX skydiving rig. Keep perfect character consistency the whole time. Never change her outfit, hair, or face. STYLE: ultra-premium anime feature-film quality, high-energy sports-anime cinematography, aggressive dynamic action animation, realistic freefall physics in anime style, brilliant sky lighting, detailed cloud and wind simulation, lively expressive facial acting. Absolutely no slow motion at any point. Constant high speed and momentum. SETTING: high-altitude freefall through a bright blue afternoon sky, sun flares, fast-rushing clouds, distant patchwork landscape far below, occasional birds, vivid summer atmosphere. FORMAT: one continuous single-take shot, no cuts, no transitions, no montage, one uninterrupted aggressive camera move. HOOK (first 2 seconds): open EXTREMELY close on Skye's face mid-freefall, looking straight into the lens with a fearless excited grin, cheeks and pink hair whipping violently in the wind, goggles on her forehead, eyes bright. She shouts toward the camera. Instant speed and energy from frame one. CAMERA: the camera rips backward off her face and whips into a fast 360-degree orbit around her body in freefall. In one unbroken motion it swings overhead, revealing the whole sky and the tiny ground far below, then dives down with her. It chases tightly, snapping between front, side and over-the-shoulder angles, always fast, always handheld-energetic, never static, never rising into slow drifting. ACTION FLOW: Skye snaps from a belly-to-earth arch into a steep head-down dive, accelerating hard, hair streaming straight up, clouds blasting past. She spreads into a fast tracking glide, arms swept back, body slicing sideways across the sky. She throws a cheeky wink at the camera mid-dive. Then, with a sudden powerful jerk, she deploys — the black-and-pink canopy fires open above her, snapping her upward with a hard punchy motion (fast and forceful, NOT slow). The lines go taut, her hair flips, the camera shakes with the impact. FINAL MOMENT: now flying under the open violet canopy, the camera swings around to her side, the landscape glowing far below. She steadies, grins, gives a confident salute toward the lens and says her last line. The camera pushes in slightly on her smile as she banks the canopy toward the horizon, still full of momentum. Video ends on her confident expression. EXPRESSIONS: excited laugh on the hook, focused intensity in the dive, cheeky wink mid-track, confident smile at the end. Lively, human, expressive face acting throughout. NEGATIVE: no slow motion, no freeze frames, no static shots, no camera cuts, no extra limbs, no face distortion, no outfit change, no duplicate character, no text, no logos overlay, no subtitles, no watermark, no missing parachute lines."
renoise-2067112857066516818,POV vlog-style cinematic football journey following a young Argentina supporter…,,真人,现实向,生活与vlog,,en,Seedance 2.0,link-only,copyrighted-character,renoise-ai/awesome-seedance-prompts,https://github.com/renoise-ai/awesome-seedance-prompts/blob/904b6caffa21c2b114bb93e1bd0e37ba80b3dd10/data/prompts/2067112857066516818.json,CC-BY-4.0,Smiling Khan,https://x.com/AIwithkhan/status/2067112857066516818,True,prompts/真人/现实向/生活与vlog/renoise-2067112857066516818--POV-vlog-style-cinematic-football-journe.md,
renoise-2067117208166343104,Use the uploaded storyboard image as the visual reference for character…,,真人,现实向,运动,,en,Seedance 2.0,link-only,real-person,renoise-ai/awesome-seedance-prompts,https://github.com/renoise-ai/awesome-seedance-prompts/blob/904b6caffa21c2b114bb93e1bd0e37ba80b3dd10/data/prompts/2067117208166343104.json,CC-BY-4.0,Synthia,https://x.com/AIwithSynthia/status/2067117208166343104,True,prompts/真人/现实向/运动/renoise-2067117208166343104--Use-the-uploaded-storyboard-image-as-the.md,
renoise-2067120982544765171,"Athletic figure training in modern gym, dynamic camera movement, dramatic…",,真人,现实向,运动,,en,Seedance 2.0,,,renoise-ai/awesome-seedance-prompts,https://github.com/renoise-ai/awesome-seedance-prompts/blob/904b6caffa21c2b114bb93e1bd0e37ba80b3dd10/data/prompts/2067120982544765171.json,CC-BY-4.0,Zentrix⌚️,https://x.com/ZentrixHQ/status/2067120982544765171,True,"prompts/真人/现实向/运动/renoise-2067120982544765171--Athletic-figure-training-in-modern-gym,.md","Athletic figure training in modern gym, dynamic camera movement, dramatic lighting, slow motion, cinematic grade"
renoise-2067121916633375222,Ultra-realistic live TV broadcast screenshot from FIFA World Cup 2026…,,真人,现实向,运动,,en,Seedance 2.0,,,renoise-ai/awesome-seedance-prompts,https://github.com/renoise-ai/awesome-seedance-prompts/blob/904b6caffa21c2b114bb93e1bd0e37ba80b3dd10/data/prompts/2067121916633375222.json,CC-BY-4.0,Mr Das,https://x.com/MrDasOnX/status/2067121916633375222,True,prompts/真人/现实向/运动/renoise-2067121916633375222--Ultra-realistic-live-TV-broadcast-screen.md,"Ultra-realistic live TV broadcast screenshot from FIFA World Cup 2026, professional sports camera feed, cinematic masterpiece quality. A handsome athletic Brazilian man in his late 20s, short dark hair, confident and excited expression, wearing the iconic yellow Brazil national team #10 jersey with green accents and CBF badge. He is sitting in the packed VIP stands of a massive World Cup stadium at night, holding a fresh caipirinha cocktail in one hand (mid-sip) and a hot coxinha in the other (taking a bite). Background: electric carnival atmosphere with huge crowd of Brazil fans waving massive green-yellow-blue Brazil flags, singing and jumping. Bright stadium floodlights, prominent FIFA World Cup 2026 logos, Brazil match branding on screens and pitchside. Score overlay graphics, ""LIVE"" badge, match timer, and authentic broadcast UI like real international TV feed. Cinematic night lighting with lens flares, realistic crowd motion blur, ultra-detailed textures on jersey, caipirinha glass, coxinha, and flags. Shot from a slightly low broadcast angle, vibrant yellow-green colors, hyper-realistic, masterpiece quality. --ar 16:9"
renoise-2067148047788961798,A young Wing Chun prodigy trains alone inside a mist-covered bamboo forest. His…,,真人,特效向,武侠打斗,,en,Seedance 2.0,,,renoise-ai/awesome-seedance-prompts,https://github.com/renoise-ai/awesome-seedance-prompts/blob/904b6caffa21c2b114bb93e1bd0e37ba80b3dd10/data/prompts/2067148047788961798.json,CC-BY-4.0,Kiki,https://x.com/Mayz1169/status/2067148047788961798,True,prompts/真人/特效向/武侠打斗/renoise-2067148047788961798--A-young-Wing-Chun-prodigy-trains-alone-i.md,A young Wing Chun prodigy trains alone inside a mist-covered bamboo forest. His movements gradually synchronize with the surrounding bamboo leaves. The forest itself responds to his discipline and precision. What begins as quiet practice escalates into a spectacular display of controlled force before ending in complete stillness.
renoise-2067154608842330612,"premium anime character design sheet,",,漫剧,特效向,奇幻冒险,2D日漫,en,Seedance 2.0,,,renoise-ai/awesome-seedance-prompts,https://github.com/renoise-ai/awesome-seedance-prompts/blob/904b6caffa21c2b114bb93e1bd0e37ba80b3dd10/data/prompts/2067154608842330612.json,CC-BY-4.0,Renoise,https://x.com/renoiseai/status/2067154608842330612,True,"prompts/漫剧/特效向/奇幻冒险/renoise-2067154608842330612--premium-anime-character-design-sheet,.md","premium anime character design sheet,
professional figure skating character bible,
Olympic-level skater concept art,
Japanese ice princess character design,
luxury sports anime illustration,
high-end artbook presentation,
official athlete profile sheet,
AAA game visual development,
elegant winter heroine concept,
ice skating costume design showcase,
ultra detailed anime realism,
sports idol character reference document,
cinematic ice performance artwork,
world championship figure skater design

CHARACTER:

Yuki Shirakawa

female figure skater,
Japanese athlete,
17 years old,
world championship contender,
artistic performer,
graceful ice dancer,
elegant competitor,
Olympic hopeful,
ice princess heroine,
classical performance specialist

APPEARANCE:

beautiful Japanese teenage girl,
soft fair skin,
large sapphire-blue eyes,
dark silky hair,
elegant bun hairstyle,
snowflake hair ornament,
delicate facial features,
slender athletic body,
long graceful legs,
refined and elegant posture

MAIN HERO ARTWORK:

large performance illustration occupying left side,
professional ice skating pose,
arms extended elegantly,
dynamic skating movement,
ice particles and sparkles,
stadium lights glowing behind,
competition arena atmosphere,
flowing ribbons,
dramatic stage lighting,
world-class performance moment

OUTFIT:

luxury competition skating dress,
ice crystal inspired design,
lavender and icy blue palette,
translucent layered skirt,
snowflake embroidery,
gemstone decorations,
crystal beadwork,
open-back costume design,
elegant mesh sleeves,
high-fashion skating costume,
premium competition attire

TURNAROUND SECTION:

front view,
3/4 front,
side view,
3/4 back,
back view,

full body model turnaround,
professional costume reference,
character construction sheet,
official visual development document

PROFILE SECTION:

Name: Yuki Shirakawa

Age: 17

Birthday: February 14

Nationality: Japan

Height: 162cm

Discipline: Ladies' Singles

Coaching Team: Hoshino Skating Academy

Music Style: Classical / Cinematic

Strength:
Artistry,
Choreography,
Spins

Goal:
Win the World Championship

ABOUT YUKI:

naturally expressive skater,
exceptional artistic performance,
lyrical movement style,
delicate yet powerful presentation,
deep passion for skating,
determined competitive spirit,
captivates audiences worldwide

EXPRESSION SHEET:

neutral expression,
gentle smile,
happy smile,
focused competition face,
surprised expression,
emotional performance look,
soft elegant gaze,
champion confidence

DETAIL STUDIES:

bodice embroidery close-up,
crystal chest decoration,
open-back design details,
layered skirt construction,
snowflake hair accessory,
earrings,
nail design,
fabric texture showcase

EQUIPMENT SECTION:

professional white figure skates,
competition blades,
Olympic-level skating boots,
equipment breakdown display

COSTUME SECTION:

front costume view,
back costume view,
dress construction reference,
ornament placement guide

ACCESSORIES:

snowflake hair clip,
crystal ribbon,
ice-themed earrings,
gemstone decorations,
performance jewelry

PROGRAM MUSIC:

cinematic orchestral soundtrack,
fantasy winter album artwork,
official skating program visual

COLOR PALETTE:

ice blue,
lavender,
frost white,
snow crystal silver,
pale violet,
periwinkle,
soft lilac,
iridescent crystal tones

BACKGROUND DESIGN:

professional ice arena,
championship stadium,
spectator lights,
soft bokeh effects,
ice reflections,
sparkling snow particles,
winter fantasy atmosphere

VISUAL ELEMENTS:

snowflakes,
ice crystals,
light trails,
glitter particles,
frozen elegance,
crystal motifs,
winter decorative graphics

LAYOUT:

large hero illustration on left,
profile information panel,
turnaround lineup,
expression sheet,
detail studies,
costume breakdown,
equipment showcase,
accessories section,
program music panel,
color palette display,
official artbook format,
professional character bible layout

MOOD:

elegant,
dreamlike,
graceful,
emotional,
winter fantasy,
Olympic excellence,
artistic,
refined,
inspirational

LIGHTING:

arena spotlight,
cool blue rim light,
ice reflections,
sparkling highlights,
cinematic competition lighting,
luxury editorial presentation

RENDERING:

anime realism,
ultra detailed costume rendering,
crystal material effects,
premium illustration quality,
collector artbook finish,
high-end concept art presentation

QUALITY:

masterpiece,
best quality,
ultra detailed,
official character design sheet,
luxury anime artbook illustration,
AAA game concept art,
Olympic figure skating character,
production-ready reference document,
highly polished rendering,
8k"
renoise-2067161215365955770,Use the uploaded character sheet as the strict character reference.,,漫剧,现实向,剧情短片,2D日漫,en,Seedance 2.0,,,renoise-ai/awesome-seedance-prompts,https://github.com/renoise-ai/awesome-seedance-prompts/blob/904b6caffa21c2b114bb93e1bd0e37ba80b3dd10/data/prompts/2067161215365955770.json,CC-BY-4.0,Kiki,https://x.com/Mayz1169/status/2067161215365955770,True,prompts/漫剧/现实向/剧情短片/renoise-2067161215365955770--Use-the-uploaded-character-sheet-as-the.md,"Use the uploaded character sheet as the strict character reference.

Preserve exactly:

Kaia,

18-year-old elite figure skater,

beautiful anime girl,

bright blue eyes,

brown high ponytail,

red crystal snowflake hair ornament,

elegant red crystal skating dress,

layered translucent red skirt,

white professional figure skates,

slender athletic figure,

long legs,

graceful competitive skater physique.

Maintain perfect character consistency throughout the video.

Character proportions must remain tall and elegant, approximately 7.5–8 heads tall.

---

ART STYLE:

Premium Japanese anime film quality.

High-end anime character rendering.

Modern anime cinematic style.

Detailed line art.

Beautiful anime facial expressions.

Smooth anime motion.

Anime sports film aesthetics.

Vibrant anime lighting.

Elegant hand-drawn appearance.

Makoto Shinkai inspired cinematic atmosphere.

Competitive sports anime energy.

NOT Pixar.

NOT Disney.

NOT western cartoon.

NOT chibi.

NOT CGI toy-like appearance.

NOT 3D animation style.

NOT plastic skin.

NOT exaggerated cartoon proportions.

Keep the visual style extremely close to the uploaded character sheet.

---

SETTING:

Olympic indoor ice arena.

Women's free skating final.

Packed audience.

Championship atmosphere.

Bright arena spotlights.

Reflective ice surface.

Subtle ice reflections.

Visible skate marks.

Blue competition boards.

Cold arena ambience.

Anime cinematic lighting.

---

CAMERA STYLE:

Hyper-cinematic continuous single take.

Dynamic anime sports cinematography.

Ultra-low ice-level tracking.

Wide-angle perspective.

Aggressive chase camera.

Fast motion blur.

Close skate tracking.

Immersive movement.

Ground-level speed sensation.

The camera remains close to the ice for most of the performance.

Foreground ice texture and blade movement are emphasized.

---

PERFORMANCE:

The performance begins with an extreme close-up of Kaia's face.

Her blue eyes are focused and determined.

Arena lights sparkle in her eyes.

The camera smoothly retreats as she skates forward.

Her ponytail and skirt move naturally.

The camera gradually lowers toward the ice.

The frame reveals her dress, legs, and skates.

Her blades carve clean arcs across the ice.

Ice crystals scatter behind her.

She accelerates dramatically.

The camera swings behind her into a low chase shot.

The program becomes increasingly spectacular.

She performs powerful accelerating crossovers.

Deep edge carving.

Elegant spirals.

Beautiful arabesque positions.

Long flowing arm extensions.

Perfect skating posture.

She accelerates into her first major jump.

Triple Lutz–Triple Toe Loop combination.

Explosive takeoff.

Fast realistic rotation.

Beautiful air position.

Clean landing.

Sharp ice spray.

No loss of speed.

She transitions directly into advanced Olympic-level footwork.

Rapid turns.

Twizzles.

Rockers.

Counters.

Complex edge changes.

High-speed directional transitions.

The camera remains close to the ice, emphasizing precision skating.

She enters a Flying Camel Spin.

Fast rotation speed.

Hair and skirt flowing dramatically.

The spin evolves into a Combination Spin.

Layback Spin.

Sit Spin.

Biellmann Spin.

Continuous seamless transitions.

The camera circles around her while maintaining motion.

She gains speed again.

Powerful crossover sequence.

Deep knee bends.

Strong edge pressure.

She launches into a Triple Axel.

High elevation.

Fast rotation.

Beautiful body alignment.

Perfect landing.

Ice explodes beneath her blades.

The performance reaches its climax.

She performs a dramatic choreographic sequence.

Powerful edge work.

Large sweeping curves.

Expressive arm choreography.

Olympic-level artistry.

She enters her final highlight element.

Triple Flip–Double Axel combination.

Clean rotation.

Precise landing.

Massive speed carried out of the jump.

She immediately transitions into a breathtaking final spin combination.

Extremely fast rotation.

Elegant anime-style skirt motion.

Beautiful hair movement.

Snowflake accessory sparkling under arena lights.

The camera slowly closes in.

She exits the spin into a long accelerating glide.

---

PHYSICS:

Realistic competitive figure skating physics.

Authentic blade contact.

Visible edge pressure.

Natural momentum.

Professional jump mechanics.

Competition-level skating technique.

No floating.

No impossible movement.

No superhero physics.

No magical effects.

---

ENDING (LAST 2 SECONDS ONLY):

After the final glide, Kaia performs a dramatic controlled hockey-stop finish.

Ice sprays outward in a brilliant arc.

The camera pushes rapidly toward her face.

She smiles warmly.

Places one hand lightly over her chest.

Gives a brief elegant competition bow.

Maintains eye contact with the camera.

End immediately.

---

QUALITY TAGS:

masterpiece anime animation, Japanese anime film, sports anime, Olympic figure skating, anime movie quality, elite athlete, beautiful anime girl, dynamic ice skating, triple axel, triple lutz combination, flying camel spin, Biellmann spin, cinematic anime lighting, high detail animation, smooth motion, long legs, elegant athlete proportions, continuous single take, 16:9, ultra detailed, competition final performance."
renoise-2067198784300564668,Subject: A freight train driver trapped aboard a speeding oil train while a…,,真人,特效向,动作大片,,en,Seedance 2.0,,,renoise-ai/awesome-seedance-prompts,https://github.com/renoise-ai/awesome-seedance-prompts/blob/904b6caffa21c2b114bb93e1bd0e37ba80b3dd10/data/prompts/2067198784300564668.json,CC-BY-4.0,Rahul Nanda,https://x.com/rahulnanda86/status/2067198784300564668,True,prompts/真人/特效向/动作大片/renoise-2067198784300564668--Subject-A-freight-train-driver-trapped-a.md,"Subject: A freight train driver trapped aboard a speeding oil train while a gigantic octopus tears the train apart.

Action/Emotion: Pure survival, escalating panic, desperate escape.

Environment: Long freight train carrying dozens of oil barrels and tanker cars through a dramatic coastal landscape. Ocean cliffs on one side, crashing waves below, massive steel bridge ahead.

Camera: Aerial helicopter shots, aggressive handheld train-roof tracking shots, low-angle creature reveals, speed ramps, whip pans, bullet-time during the explosion payoff.

Lighting & Mood: Bright stormy daylight, dramatic clouds, ocean spray, blockbuster creature-feature energy.

Technical: Ultra-realistic, 4K HDR, 35mm anamorphic lens, cinematic motion blur, practical creature realism, $250 million action spectacle.

SHOT 1 — 0–3s (THE HOOK)

The sequence begins mid-disaster.

A massive freight train loaded with oil tankers is already racing along coastal tracks.

A gigantic octopus has wrapped itself around multiple train cars.

Its enormous tentacles crush tanker cars like soda cans.

Metal buckles.

Oil sprays into the air.

Above the train—

A military helicopter flies alongside at matching speed.

The camera sweeps past the chaos.

One tentacle rips an entire train car off the tracks.

SHOT 2 — 3–6s

Inside the helicopter.

An armed soldier leans out the open door holding a rocket launcher.

Wind blasting through the cabin.

He points ahead.

A gigantic steel bridge is approaching fast.

Into his headset he yells:

“YOU HAVE TO JUMP! WE ONLY GET ONE SHOT!”

Below, the train driver climbs out onto the locomotive side platform.

Looking at the helicopter.

Looking at the octopus.

Looking at the bridge.

SHOT 3 — 6–9s

The helicopter drops lower.

Matching the locomotive perfectly.

The octopus notices.

A giant tentacle slams onto the front engine.

The train rocks violently.

The driver runs along the locomotive roof.

The bridge is seconds away.

The soldier reaches his arm out.

“JUMP!”

SHOT 4 — 9–12s

The driver leaps.

Bullet time begins.

Suspended between helicopter and train.

Ocean below.

Bridge ahead.

Tentacles thrashing.

The soldier grabs his arm.

The driver catches the helicopter skid and hangs beneath it.

The helicopter banks sharply left away from the tracks.

The octopus remains wrapped around the train.

SHOT 5 — 12–15s (BULLET-TIME PAYOFF)

Still in bullet time.

The soldier fires.

The rocket streaks toward the train.

Through suspended smoke.

Flying oil droplets.

Twisting tentacles.

Direct hit.

The locomotive and oil tankers erupt into a colossal fireball as the train reaches the bridge.

The explosion races across the entire train.

The octopus engulfed inside the expanding wall of fire.

Time snaps back.

The shockwave rocks the helicopter.

Below—

The burning train collapses from the bridge into the ocean.

The driver hangs from the skid, staring at the destruction beneath him."
renoise-2067199444085264471,PIXAR-STYLE 3D ANIMATED FIFA WORLD CUP 2026 STORY,,漫剧,现实向,剧情短片,3D卡通,en,Seedance 2.0,,,renoise-ai/awesome-seedance-prompts,https://github.com/renoise-ai/awesome-seedance-prompts/blob/904b6caffa21c2b114bb93e1bd0e37ba80b3dd10/data/prompts/2067199444085264471.json,CC-BY-4.0,Romana,https://x.com/Romi2656/status/2067199444085264471,True,prompts/漫剧/现实向/剧情短片/renoise-2067199444085264471--PIXAR-STYLE-3D-ANIMATED-FIFA-WORLD-CUP-2.md,"PIXAR-STYLE 3D ANIMATED FIFA WORLD CUP 2026 STORY

Title: ""The Boy Who Never Missed a Match""

Create a cinematic Pixar-style 3D animated short about a poor young football fan who lives in a small village. Every evening he sits on the roof of his house watching old World Cup highlights on a tiny television.

His biggest dream is simple:

""One day, I will watch the FIFA World Cup with my father.""

The boy and his father spend years watching football together. They celebrate goals, wave homemade flags, and talk about their dream of attending a World Cup match one day.

As World Cup 2026 approaches, tragedy strikes.

His father becomes seriously ill and passes away before the tournament begins.

The boy is devastated.

He stops playing football.

Stops smiling.

Stops dreaming.

Months later, while cleaning his father's room, he discovers an old box hidden beneath the bed.

Inside is a handwritten letter.

The letter reads:

""If you're reading this, it means I couldn't make it. But dreams should never die.""

Beneath the letter is something unbelievable.

A FIFA World Cup 2026 ticket.

Purchased years earlier.

The boy breaks down in tears.

On match day he travels alone to the World Cup stadium carrying his father's scarf.

The massive stadium glows under golden sunset light.

Thousands of fans sing and celebrate.

As the national anthem begins, he looks at the empty seat beside him.

Then he gently places his father's scarf on the chair.

The match begins.

The crowd roars.

A dramatic goal is scored.

Fireworks explode.

Everyone celebrates.

The boy looks toward the sky and smiles through tears, feeling as though his father is sharing the moment with him.

Final cinematic shot:

The boy standing among 80,000 cheering fans, holding the scarf high under dazzling stadium lights while fireworks fill the night sky.

On-Screen Text:

""Some people leave this world...""

""...but their dreams stay with us forever.""

Final Frame:

WORLD CUP 2026

""A dream shared is a dream that never dies.""

Pixar-quality 3D animation, emotional storytelling, expressive facial animation, cinematic camera movement, massive World Cup atmosphere, dramatic lighting, emotional orchestral music, confetti, fireworks, ultra-detailed rendering, movie-quality visuals, viral emotional"
renoise-2067200828213956978,"15-second cinematic architectural visualization, living sketchbook transforming…",,其他,,风景空镜,,en,Seedance 2.0,,,renoise-ai/awesome-seedance-prompts,https://github.com/renoise-ai/awesome-seedance-prompts/blob/904b6caffa21c2b114bb93e1bd0e37ba80b3dd10/data/prompts/2067200828213956978.json,CC-BY-4.0,OscarAI,https://x.com/Artedeingenio/status/2067200828213956978,True,prompts/其他/风景空镜/renoise-2067200828213956978--15-second-cinematic-architectural-visual.md,"15-second cinematic architectural visualization, living sketchbook transforming into reality, elegant technical illustration, dynamic editing, seamless morphing transitions, realistic physics, architectural documentary aesthetic, paper textures preserved, cinematic camera work.

0–2s

The camera glides across an architect's sketchbook.

Fine graphite construction lines begin drawing themselves.

Perspective grids, annotations and red guide lines rapidly appear as if guided by an invisible hand.

2–5s

The futuristic vehicle blueprint assembles itself piece by piece.

The chassis, cockpit and suspension emerge through animated ink strokes.

Red structural framework glows softly while dimension lines extend across the page.

The camera orbits the drawing.

5–8s

The sketch suddenly begins leaving the paper.

Ink lines lift into three-dimensional space.

Wireframe geometry forms around the drawing.

Transparent surfaces become glass.

Pencil strokes transform into brushed metal, carbon fiber and illuminated details.

The last graphite lines dissolve as the vehicle becomes completely real.

8–12s

Without a visible cut, the camera continues the same movement as the fully realized vehicle accelerates directly into the architectural sketch.

The surrounding city simultaneously transforms from loose pencil construction lines into completed futuristic buildings.

Blueprint grids fade into real streets.

Sketches become architecture.

The transition happens continuously with no hard cuts.

12–15s

The vehicle races through the futuristic city.

Low tracking shots.

Drone fly-through between buildings.

Dynamic whip pans.

Reflections across glass façades.

The camera pulls high above the avenue, revealing that the entire city was once nothing more than pages inside the architect's notebook, now completely alive.

Fade to white.

No music. Only pencil strokes, paper movement, mechanical assembly sounds, followed by realistic electric motor ambience and subtle city atmosphere."
renoise-2067211969338265804,"Elegant wedding reception, fairy lights, slow motion flower petals, golden…",,真人,现实向,都市剧情,,en,Seedance 2.0,,,renoise-ai/awesome-seedance-prompts,https://github.com/renoise-ai/awesome-seedance-prompts/blob/904b6caffa21c2b114bb93e1bd0e37ba80b3dd10/data/prompts/2067211969338265804.json,CC-BY-4.0,Zentrix⌚️,https://x.com/ZentrixHQ/status/2067211969338265804,True,"prompts/真人/现实向/都市剧情/renoise-2067211969338265804--Elegant-wedding-reception,-fairy-lights,.md","Elegant wedding reception, fairy lights, slow motion flower petals, golden hour, romantic cinematic grade"
renoise-2067213598674550973,TITLE,,漫剧,现实向,日常治愈,2D日漫,en,Seedance 2.0,,,renoise-ai/awesome-seedance-prompts,https://github.com/renoise-ai/awesome-seedance-prompts/blob/904b6caffa21c2b114bb93e1bd0e37ba80b3dd10/data/prompts/2067213598674550973.json,CC-BY-4.0,Abhishek,https://x.com/HeyAbhishek/status/2067213598674550973,True,prompts/漫剧/现实向/日常治愈/renoise-2067213598674550973--TITLE.md,"TITLE
The Cat and the Festival Bell

REFERENCE
Use the uploaded storyboard board and character sheet as the main visual reference.

Keep all character designs, shrine environment, lanterns, sunset lighting, festival bell, and emotional story beats visually consistent.

Do not add extra characters.
Do not change the story.

SUBJECTS

Boy:
A quiet anime village boy around 11 years old with messy dark brown hair, warm brown eyes, soft facial features, and gentle emotional acting.

He wears:

oversized cream-colored shirt
rolled brown shorts
sandals
vintage shoulder bag

His acting should feel:
subtle, peaceful, nostalgic, emotionally warm.

Cat:
A tiny orange-and-white fluffy stray kitten with expressive anime eyes and playful behavior.
The kitten slowly becomes attached to the boy throughout the sequence.

Festival Bell:
A small old Japanese festival bell hanging near shrine stairs with a soft rope string attached.
The bell acts as the emotional centerpiece of the story.

ENVIRONMENT
Old countryside Japanese village during summer evening.
Wooden houses.
Shrine stairs.
Warm glowing paper lanterns.
Golden sunset sky.
Soft moving grass.
Gentle summer wind.
Peaceful nostalgic anime atmosphere.

STYLE
Premium anime movie quality.
Soft painterly anime backgrounds.
Beautiful sunset lighting.
Warm lantern glow.
Detailed environmental animation.
Gentle emotional pacing.
Dreamlike cinematic atmosphere.

No chaos.
No exaggerated comedy.
No subtitles.
No logos.
No UI.
No text overlays.

AUDIO
No background music.
Only natural ambience and soft environmental sounds.

CAMERA
16:9 cinematic anime framing.
Slow cinematic movement.
Gentle push-ins.
Warm lens bloom.
Soft depth of field.
Dreamy nostalgic atmosphere.
One emotional wide ending shot.

TIMELINE

0:00-0:02
Wide anime shot.
Golden sunset shines across an old Japanese village street.
Paper lanterns sway softly in the wind near shrine stairs.

SFX: soft cicadas, distant wind, gentle bell ringing.

0:02-0:04
Medium shot.
The boy notices a tiny kitten hiding beside the shrine steps.
The kitten looks cautiously toward the moving festival bell.

SFX: soft kitten movement, summer ambience, distant lantern movement.

0:04-0:06
Close-up.
The small festival bell rings gently in the summer wind.
The kitten reaches toward the swinging bell string with its paw.

SFX: delicate bell ringing, soft breeze.

0:06-0:08
Medium shot.
The old bell string suddenly snaps loose.
The kitten looks surprised while the bell drops softly onto the shrine steps.

SFX: tiny bell drop, soft paw movement.

0:08-0:10
Close emotional shot.
The boy carefully fixes the broken bell string while the kitten watches closely beside him.

Warm sunset light glows across both characters.

SFX: cloth movement, soft bell sound, summer wind.

0:10-0:12
Wide village shot.
Paper lanterns slowly light up across the old village street as evening arrives.
The kitten rubs gently against the boy’s leg.

SFX: evening cicadas, distant festival ambience, soft lantern movement.

0:12-0:14
Close emotional shot.
The boy pets the kitten gently while the repaired bell rings softly nearby.

The atmosphere feels peaceful and comforting.

SFX: soft bell ringing, warm evening wind, quiet village ambience.

0:14-0:15
Wide cinematic ending shot.
The boy and kitten sit together quietly on the shrine stairs while glowing lantern lights fill the village street below.

The final frame should feel nostalgic, peaceful, emotional, magical, and comforting.

SFX: soft wind, cicadas, distant festival ambience, gentle bell ringing."
renoise-2067215846574096579,"Using the first 2026 World Cup fan-zone dance frame as the character, outfit…",,真人,现实向,运动,,en,Seedance 2.0,,,renoise-ai/awesome-seedance-prompts,https://github.com/renoise-ai/awesome-seedance-prompts/blob/904b6caffa21c2b114bb93e1bd0e37ba80b3dd10/data/prompts/2067215846574096579.json,CC-BY-4.0,apob,https://x.com/apob_ai/status/2067215846574096579,True,prompts/真人/现实向/运动/renoise-2067215846574096579--Using-the-first-2026-World-Cup-fan-zone.md,"Using the first 2026 World Cup fan-zone dance frame as the character, outfit, and environment reference, create a 16:9 cinematic storyboard infographic for a 15-second vertical AI influencer dance video titled “World Cup Fan Zone Routine.”
Layout:
Clean professional film-production storyboard sheet on a white background, 4x4 grid with 16 numbered panels, thin editorial borders, bold scene titles, small timecodes, and short motion notes. Each panel should look like an ultra-realistic iPhone vertical video still placed inside the storyboard, not an illustration.
Style:
Raw TikTok/Reels World Cup dance realism, handheld phone-camera energy, natural HDR, slight motion blur, autofocus breathing, real exposure shifts, bright stadium lights, giant LED screen glow, waving flags, confetti, fan-zone crowd energy, social-native vertical framing. The storyboard should feel cinematic but still authentic, like a real influencer dance video filmed outside a football stadium before a 2026 World Cup match.
Main character:
Same AI influencer in every panel, Mira Vale, 24-year-old original dance creator, long dark-brown wavy hair, warm medium skin tone, dark almond eyes, athletic dancer build, small silver hoop earrings, natural expressive features, realistic skin texture. Keep face, hair, body proportions, and performance energy consistent in every panel.
Outfit consistency:
Cropped sporty football-inspired jacket in bold red, white, and blue color blocking, fitted white athletic crop top, high-waisted black performance shorts layered over sheer black dance tights, white chunky sneakers, slim silver chain necklace, small hoop earrings, subtle rings, lightweight football fan scarf tied loosely around one wrist. Keep this outfit consistent across all 16 panels. No real team logo, no official tournament logo, no sponsor branding.
Environment:
Outdoor 2026 World Cup fan festival area near a modern football stadium, wide open plaza, bright stadium lights, giant LED screens with abstract football graphics, colorful fan banners, waving flags, confetti in the air, security barriers, food stalls, blurred cheering fans in the background. The space should be open enough for full-body choreography. No concert stage, no indoor rehearsal studio, no city plaza, no real brand signage.
Storyboard panels:
01 READY HIT 0:00
Full-body opening pose in the fan zone, one foot forward, knees relaxed, right hand near face, left hand low. Stadium lights outline her hair and sporty jacket.
Notes: first beat, clean silhouette, World Cup energy.
02 FAN-ZONE SHOULDER POP 0:01
Double shoulder pop, chin turns left, red-white-blue jacket catches a bright stadium rim light, flags wave behind her.
Notes: sharp upper-body hit, crowd atmosphere.
03 HAND FRAME 0:02
Hands frame her face, elbows lifted, eyes locked to camera, scarf tied around wrist visible, earrings and chain catching light.
Notes: clean hands, sharp face, consistent identity.
04 FLAG SIDE STEP 0:03
Right foot steps outward across the fan-zone pavement, hips shift, hair moves with rhythm, background fans cheer softly out of focus.
Notes: smooth weight transfer, full-body visible.
05 SCARF ARM WAVE 0:04
Wave travels from left hand through shoulders to right hand, the wrist scarf and jacket sleeves moving naturally.
Notes: fluid motion, readable arms, festive detail.
06 STADIUM CHEST HIT 0:05
Chest hit on beat, knees bent, camera slightly pushes in, LED screen glow and stadium lights flare softly behind her.
Notes: grounded rhythm, realistic body mechanics.
07 HALF TURN 0:06
Half turn in the open fan zone, sporty jacket swings outward, performance shorts and tights move naturally.
Notes: realistic fabric motion, consistent profile.
08 HAIR SWEEP 0:07
Hair sweep while stepping forward toward the camera, playful confident expression, stadium light catching individual hair strands.
Notes: recognizable face, social-native energy.
09 LOW GROOVE 0:08
Lower-body groove, knees bounce, one hand traces downward, white chunky sneakers visible on the pavement.
Notes: athletic movement, realistic anatomy.
10 FAN-ZONE GLIDE 0:09
Small side glide across the plaza pavement, sneakers clearly visible, confetti pieces and soft reflections near her feet.
Notes: clear footwork, no cropped feet.
11 ARM CROSS 0:10
Arms cross over chest, eyes glance back to the camera, jacket shape stays readable, flags and fans behind her.
Notes: strong pose, clean limbs.
12 WRIST FLICK 0:11
Fast wrist flick near shoulder level, fingers readable, scarf flicks with the motion, rings catch a tiny light flash.
Notes: no extra fingers, controlled gesture.
13 SPIN PREP 0:12
She coils for a spin, weight over left foot, jacket hem flares slightly, hair beginning to arc, confetti drifting around her.
Notes: motion blur begins, stable posture.
14 WORLD CUP SPIN RELEASE 0:13
Controlled spin, hair arcs through stadium backlight, LED background and flags streak subtly with motion blur.
Notes: dynamic blur, stable identity.
15 FINAL DROP 0:14
Low final hit, one hand forward, camera tilts slightly down, sneakers and wide stance visible, crowd energy peaks behind her.
Notes: energetic beat drop, clear body line.
16 SIGNATURE CELEBRATION POSE 0:15
Final confident pose in the fan zone, soft smile, one hand lifted, stadium lights glowing, flags waving, confetti falling, fans cheering in the background.
Notes: social freeze-frame, match-day ending.
Bottom reference strip:
iPhone 15 Pro, 26mm lens, 24fps, natural HDR, handheld imperfections, autofocus breathing, subtle compression artifacts, full-body choreography, 2026 World Cup fan-zone atmosphere, stadium lighting, LED screen glow, flags, confetti, consistent AI influencer identity, consistent sporty outfit.
Overall:
Polished storyboard sheet outside, raw social dance realism inside, original World Cup fan-zone choreography, consistent character, clear beat-by-beat movement from opening pose to final celebration pose, energetic TikTok/Reels-ready dance flow.
Negative prompt:
cartoon, anime, CGI, plastic skin, celebrity resemblance, copyrighted choreography, inconsistent face, changing outfit, changing hair, old stage outfit, metallic silver performance jacket, black mesh-panel dance top, black cargo dance pants, old outdoor outfit, cream cropped varsity jacket, white ribbed crop top, light-wash denim jeans, concert stage, rehearsal studio, indoor dance room, real team logo, official World Cup logo, sponsor branding, readable brand text, distorted hands, extra fingers, broken limbs, unreadable layout, messy typography, low resolution, random text, cropped feet, cut-off hands, floating body, impossible movement, overcrowded foreground, harsh shadows, overexposed stadium lights, watermark, logo"
renoise-2067218822436933945,"A giant squid, wet and dark with huge thrashing arms, has wrapped itself around…",,真人,特效向,奇幻怪兽,,en,Seedance 2.0,,,renoise-ai/awesome-seedance-prompts,https://github.com/renoise-ai/awesome-seedance-prompts/blob/904b6caffa21c2b114bb93e1bd0e37ba80b3dd10/data/prompts/2067218822436933945.json,CC-BY-4.0,Rahul Nanda,https://x.com/rahulnanda86/status/2067218822436933945,True,"prompts/真人/特效向/奇幻怪兽/renoise-2067218822436933945--A-giant-squid,-wet-and-dark-with-huge-th.md","A giant squid, wet and dark with huge thrashing arms, has wrapped itself around a speeding train that is carrying big barrels of oil, racing through open daylight. A long bridge is coming up ahead over a wide river. An army helicopter flies alongside the train, an armed soldier with a bazooka leaning out of the open door. Sound: roaring train, screaming chopper blades, groaning metal, squid arms slapping steel, radio voices.

Shot 1 (0–3s) — THE HOOK: Fast side tracking shot through the air. The giant squid's thick arms are wrapped all over the oil train, squeezing the carriages and the oil barrels as the train speeds down the track. The helicopter flies right beside it. The soldier in the open door points at the train driver and shouts on the radio: ""YOU CAN'T SAVE THE TRAIN! WE HAVE TO BLOW IT! GET READY TO JUMP!""

Shot 2 (3–6s): Closer on the helicopter and the train engine. The bridge gets bigger ahead through the windshield. The pilot brings the helicopter down low and close, right next to the engine where the driver leans out of his cab. The soldier braces the bazooka and yells: ""BRIDGE IS COMING! JUMP NOW — I'VE GOT YOU!""

Shot 3 (6–9s): On the train engine. The driver climbs out of his cab into the wind, the squid's arm whipping toward him, and he leaps off the train — catching the helicopter's landing skid underneath and hanging on with both hands, legs swinging over the rushing ground.

Shot 4 (9–13s) — BIG SLOW-MOTION MOMENT: The chopper swerves hard left and away as the squid-wrapped train rolls out onto the bridge over the river. The soldier fires the bazooka. Bullet time — the rocket flies across the frame in slow motion, smoke trailing behind it, straight into the oil train on the bridge. The driver hangs from the skid, watching. The rocket hits.

Shot 5 (13–15s): Time snaps back. The whole train and the giant squid go up in one massive rolling fireball on the bridge, oil barrels bursting, fire and smoke shooting into the sky. The helicopter pulls away from the blast, the driver still hanging from the skid. Cut."
renoise-2067225684515123316,Create a 4x4 choreography storyboard for a World Cup-inspired Portugal K-pop…,,真人,现实向,音乐MV,,en,Seedance 2.0,,,renoise-ai/awesome-seedance-prompts,https://github.com/renoise-ai/awesome-seedance-prompts/blob/904b6caffa21c2b114bb93e1bd0e37ba80b3dd10/data/prompts/2067225684515123316.json,CC-BY-4.0,Larus Canus,https://x.com/MrLarus/status/2067225684515123316,True,prompts/真人/现实向/音乐MV/renoise-2067225684515123316--Create-a-4x4-choreography-storyboard-for.md,"Create a 4x4 choreography storyboard for a World Cup-inspired Portugal K-pop cheer dance.

Use the same dancer from the character sheet.

Outfit: Portugal-inspired red and green cheer look, sleeveless bandeau-style athletic crop top, red pleated skirt with green trim, white socks and white sneakers.

Scene: bright football stadium, green field, cheering crowd, Portugal colors, flags, sunlight and match-day energy.

Dance beats:

Run-in Opening / Power Cheer Pose / Side Step Wave / Hair Flip Turn / Arm Swing Hit / Cheer Bounce / Cross Step Forward / Full Spin / Jump Accent / Lean Back Wave / Kick Step Combo / Low Side Lunge / Rise and Sweep / Big Open Diagonal / Victory Jump Finish / Idol Ending Pose

Make every panel feel different, energetic and useful for video generation.

Keep the face, outfit and styling consistent.
Avoid stiff posing, tiny repeated movements, fake doll face, frozen smile and messy stadium details."
renoise-2067235897901207568,Use @[storyboard1 ref] only as the director-approved storyboard reference for…,,漫剧,现实向,剧情短片,3D卡通,en,Seedance 2.0,,,renoise-ai/awesome-seedance-prompts,https://github.com/renoise-ai/awesome-seedance-prompts/blob/904b6caffa21c2b114bb93e1bd0e37ba80b3dd10/data/prompts/2067235897901207568.json,CC-BY-4.0,Kōda,https://x.com/aimikoda/status/2067235897901207568,True,prompts/漫剧/现实向/剧情短片/renoise-2067235897901207568--Use-storyboard1-ref-only-as-the-director.md,"Use @[storyboard1 ref] only as the director-approved storyboard reference for visible panel order, staging, action, character placement, prop/effect states, and spatial cues shown in the sheet. Follow panel order exactly and do not invent alternative coverage or add story details absent from the storyboard or this prompt. Do not render the storyboard sheet itself, transfer its sketch medium, or inherit character faces, body proportions, wardrobe design, colors, drawing shapes, or simplified proxy anatomy from the storyboard. Recreate the filmed sequence represented by the panels rather than the physical storyboard artwork.
Use @[char ref] as C1 is a small fledgling bird with short wings and soft down, C2 and C3 are slightly larger flight-capable birds, and commuters are ordinary human background figures.

VISUAL STYLE: Cinematic animated urban fable with warm daylight, clean city geometry, expressive body language, grounded scale contrast, soft feather motion, and polished character animation.
AUDIO: No background music or score. Use only diegetic city ambience, bird chirps, elevator chimes, wing foley, button click, rooftop wind, distant traffic, and brief silence at the edge.
ENVIRONMENT: A bright city sidewalk connects to a glass skyscraper lobby, elevator bank, high-rise corridor, and open rooftop terrace with a low parapet.
EMOTIONAL GUIDANCE: C1 moves from embarrassed shrinkage to stubborn effort, then to tense stillness as height becomes real.

BEATS:
P01: 35mm medium-wide at sidewalk planter height; C1 makes a tiny failed hop below the skyscraper while C2 and C3 glide easily above the entrance, establishing the glass doors, elevator lobby, and tower scale; SFX small wing flutters and traffic wash.
P02: 50mm medium close; C2 and C3 perch above C1 with open-beak mocking gestures and confident wing spreads, and C1 tucks low before lifting its eye-line toward the skyscraper doors in the background; SFX sharp chirps and a city hush around C1.
P03: 24mm wide low tracking; C1 darts through automatic glass doors between moving human shoes, leaving C2 and C3 outside as small silhouettes while the elevator bank becomes the target; SFX door hiss, footsteps, quick claws.
P04: 35mm elevator interior from floor level; C1 slips into the crowded elevator beside commuter shoes as the doors close, the button panel sits high on frame right, and C1 stares up at it; SFX elevator ding, fabric rustle, doors sliding shut.
P05: 50mm medium inside the elevator; after the commuters exit on intermediate floors, C1 stands alone under the tall control panel, braces, and starts a hard, awkward flap upward toward the top-floor button; SFX fading footsteps, wing strain, elevator hum.
P06: macro insert to medium; C1 forces a short shaky flight, jabs the highest floor button with its beak, and drops back as the lit button confirms the ascent; SFX button click, feather scrape, motor rising.
P07: 24mm wide rooftop reveal; the top doors open and C1 hops out onto the terrace, crossing wind-swept concrete toward the far corner parapet with the city skyline dropping behind it; SFX elevator doors, sudden wind, distant horns.
P08: 35mm high-angle over-shoulder at the roof corner; C1 reaches the parapet lip, looks straight down into the deep street canyon, and holds half-open wings as the frame hangs on the vertigo and decision; SFX wind thins to silence over distant traffic."
renoise-2067236257122689138,Use the uploaded farmer illustration as the character reference only. Do not…,,漫剧,现实向,剧情短片,绘画风,ja,Seedance 2.0,link-only,hate,renoise-ai/awesome-seedance-prompts,https://github.com/renoise-ai/awesome-seedance-prompts/blob/904b6caffa21c2b114bb93e1bd0e37ba80b3dd10/data/prompts/2067236257122689138.json,CC-BY-4.0,ミサキ,https://x.com/misakin883/status/2067236257122689138,True,prompts/漫剧/现实向/剧情短片/renoise-2067236257122689138--Use-the-uploaded-farmer-illustration-as.md,
renoise-2067242326158688469,SHOT 1 (00:00–00:02) — The Leap,,真人,特效向,恐怖灵异,,en,Seedance 2.0,,,renoise-ai/awesome-seedance-prompts,https://github.com/renoise-ai/awesome-seedance-prompts/blob/904b6caffa21c2b114bb93e1bd0e37ba80b3dd10/data/prompts/2067242326158688469.json,CC-BY-4.0,MO,https://x.com/MO_IAI/status/2067242326158688469,True,prompts/真人/特效向/恐怖灵异/renoise-2067242326158688469--SHOT-1-00-00–00-02-—-The-Leap.md,"SHOT 1 (00:00–00:02) — The Leap

EFFECT: Speed ramp (deceleration) + directional motion blur
Low-angle hero shot: pirate launches off a rope mid-air toward the looming cursed ship, coat billowing, glowing blue energy sword trailing a luminous arc
Camera swings upward in an arcing crane move, sea spray flying past lens
Decelerates from fast launch into floating slow-mo at apex (~30% speed)
Exits as the blade catches light — bloom flare bridges to next shot

SHOT 2 (00:02–00:04) — Deck Impact

EFFECT: Camera shake + impact dust burst
Pirate lands hard on the rotting deck, plank splinters and embers scatter; zombie pirates lurch from the fog around him
Whip-tilt from sky down to deck level, hard jolt on landing
Heavy handheld vibration on impact frame
Cuts on a blade-raise gesture

SHOT 3 (00:04–00:06) — First Strike

EFFECT: Speed ramp + blue energy light trail
Sword swings in a wide horizontal arc, slicing through two zombies; glowing blue cuts leave persistent light streaks across frame
Orbiting camera circles the pirate 180° during the swing
Ramps fast through the slash, snaps to slow-mo on contact
Whip-pan exit smears into next shot

SHOT 4 (00:06–00:08) — Overhead Chaos

EFFECT: Top-down God's-eye + digital zoom (scale-in)
Bird's-eye looking straight down: pirate at center, ring of zombies closing, blue blade carving glowing trails
Camera plunges downward, punching into the scene
Normal speed, kinetic
Bloom flash transition out

SHOT 5 (00:08–00:10) — Parry & Counter

EFFECT: Slow-motion (~20%) + sparks
A zombie's rusted cutlass clashes with the energy blade — explosive blue sparks erupt in deep slow-mo, debris frozen mid-air
Extreme close push-in on the locked blades, rack focus to the pirate's eyes
Holds slow, then snaps back
Hard cut on the shove

SHOT 6 (00:10–00:12) — Whirlwind

EFFECT: Spin camera + frame rotation + motion blur
THE SIGNATURE VISUAL: pirate spins a full 360° cut, blade carving a complete glowing blue ring of light around him, zombies flung outward
Camera rotates with him, image rolls ~180°, heavy blur
Speed ramp through the spin
Light-trail ring blooms into white flash transition

SHOT 7 (00:12–00:14) — Final Thrust

EFFECT: Speed ramp (deceleration) + dolly-in
Pirate lunges, driving the glowing sword through the last zombie; body dissolves into blue embers and ash
Low dramatic dolly-in on the impaling thrust
Decelerates to near-freeze on the kill, embers drifting
Slow fade-out

SHOT 8 (00:14–00:15) — Hero Hold

EFFECT: Clean slow-motion + atmospheric bloom
Pirate stands amid drifting ash and dying embers, blue sword lowered, glowing softly against the wrecked ship and stormy sky
Slow pull-back, slight upward tilt
~40% speed, no other effects — energy resolves
Final frame settles"
renoise-2067248799723003949,"NO MUSIC, sound effects only, use  image1 as room reference for people and…",,真人,现实向,剧情短片,,en,Seedance 2.0,,,renoise-ai/awesome-seedance-prompts,https://github.com/renoise-ai/awesome-seedance-prompts/blob/904b6caffa21c2b114bb93e1bd0e37ba80b3dd10/data/prompts/2067248799723003949.json,CC-BY-4.0,DrSadek 🪶,https://x.com/DrSadek_/status/2067248799723003949,True,"prompts/真人/现实向/剧情短片/renoise-2067248799723003949--NO-MUSIC,-sound-effects-only,-use-image1.md","NO MUSIC, sound effects only, use  image1 as room reference for people and position not the first shot, In the rustic, dimly lit room  filled with heat, mud, and anger, farmers, hunters, mothers, shepherds, the priest, the butcher, voices clashing between villagers. Multiple 35mm cinematic shots. The flickering stone fireplace casts shadows on their faces as tension mounts, creating a powerful and raw atmosphere directed by an award-winning filmmaker. make sure to have these dialogues from the villagers:
Farmer: Those sheep are dowries. Rent. Winter meat. You speak of them like wool with legs.
Priest: There are older laws than hunger.
Woman: Then ask your older laws to feed my children."
renoise-2067254205673533481,"absolute lock @Image2 = Storyboard reference follow all 9 panels, camera…",,漫剧,特效向,奇幻冒险,3D卡通,en,Seedance 2.0,,,renoise-ai/awesome-seedance-prompts,https://github.com/renoise-ai/awesome-seedance-prompts/blob/904b6caffa21c2b114bb93e1bd0e37ba80b3dd10/data/prompts/2067254205673533481.json,CC-BY-4.0,Cia0,https://x.com/Cia0_exe/status/2067254205673533481,True,prompts/漫剧/特效向/奇幻冒险/renoise-2067254205673533481--absolute-lock-Image2-Storyboard-referenc.md,"absolute lock @Image2 = Storyboard reference follow all 9 panels, camera directions, arrow movements, and action sequence exactly as shown.

@image1 = character references
@image3 = Dragon element shape reference

Style: High quality Arcane style cel-shaded painterly, sharp rim light, high contrast, dark storm vs electric blue. render great cinematic scene with detail from storyboard @image2. No new characters/creatures/props/environments. No style drift.

1 (0:00–0:02) Sword throw — @image1 whips arm up, throws longsword, blade motion-blur. Cam: low angle whip-pan up. Mood: anticipation.
2 (0:02–0:04) Sky darkens — clouds swirl, thicken into black storm,  Cam: high wide, slow rotate.
3 (0:04–0:06) Light cracks dark — jagged electric light splits darkness where sword vanished, branching brighter. Cam: slow push-in. Mood: rupture.
4 (0:06–0:08) Dragon descends — @image3 dragon emerges, descends slowly, massive scale, current rippling. Cam: vertical tilt down, track descent. Mood: grandeur.
5 (0:08–0:10) Dragon circles & settles — dragon coils in wide circle, settles behind/above character's head, towering, dwarfing character. @image1 character stands calm, gazes up. Cam: wide orbit around both.

6 (0:10–0:11.5) Hand ignites — @image1 close-up raised hand/forearm, lightning current across skin/fingers. Cam: tight push-in

7 (0:11.5–0:13) Directed to mountain — hand sweeps forward, dragon launches, streaks toward distant massive mountain. Cam: fast track behind dragon, matching speed. Mood: momentum.
8 (0:13–0:14.5) Impact & explosion — dragon slams mountain, massive explosion of light/rock/debris, shockwave ripples. Cam: wide hold, then rapid push into shockwave.

9 (0:14.5–0:16) Character shields face — @image1 raises arm shielding face from shockwave/debris, hair/clothing blown back, destruction all around. Cam: close-up, handheld shake, character partly obscured by arm. Mood: survival.

Focus render from reference character @Image1 and @image2 storyboard."
renoise-2067258317731209539,Create an artistic 16:9 CHARACTER IDENTITY BOARD.,,漫剧,现实向,剧情短片,绘画风,en,Seedance 2.0,,,renoise-ai/awesome-seedance-prompts,https://github.com/renoise-ai/awesome-seedance-prompts/blob/904b6caffa21c2b114bb93e1bd0e37ba80b3dd10/data/prompts/2067258317731209539.json,CC-BY-4.0,Okan Can,https://x.com/0kncn/status/2067258317731209539,True,prompts/漫剧/现实向/剧情短片/renoise-2067258317731209539--Create-an-artistic-16-9-CHARACTER-IDENTI.md,"Create an artistic 16:9 CHARACTER IDENTITY BOARD.

[SUBJECT]:
Design [CHARACTER NAME], a [CHARACTER ROLE / ARCHETYPE].
The character should feel designed for future AI video generation, with a clear face, readable silhouette, consistent outfit, strong posture language, and expressive emotional range.
VISUAL MEDIUM:
[STYLE TYPE], premium animation concept art, cinematic character study, clean artbook layout.
BACKGROUND:
Pure white / soft off-white background.
No environment.
No logo.
No watermark.

DESIGN DIRECTION:
Do not create a standard technical character reference sheet.
Create a cinematic identity board that feels like a high-end animation studio character study mixed with an artbook layout.
The layout should be asymmetrical, elegant and visually memorable.
Use large empty space, varied image scale and intentional imbalance.
Avoid rigid grid layout, blueprint design, catalog layout, repetitive turnaround presentation, or crowded composition.

IMPORTANT LAYOUT RULE:
Do not overlap any character images.
Every pose and view must have clear separation and breathing room.
Keep all bodies, portraits, silhouettes and detail studies visually distinct.
No cropped faces.
No hidden limbs.
No stacked figures.
No merged poses.
No duplicated unreadable bodies.
MAIN COMPOSITION:
Place one large hero full-body view slightly off-center as the visual anchor.
Around it, arrange smaller supporting studies with clean spacing:
neutral full-body view,
back view,
profile view,
seated pose,
leaning pose,
crouching pose,
top-down body angle,
low-angle body angle,
2–3 expressive portrait studies.
Each view should feel like a separate clean character study, not a frame from one scene.
IDENTITY LOCK:
Preserve strict identity consistency across all views:
same face,
same facial proportions,
same hairstyle,
same outfit,
same body proportions,
same posture language,
same visual personality,
same age range,
same color logic,
same silhouette.

CHARACTER DETAILS:
Name: [CHARACTER NAME]
Role: [CHARACTER ROLE]
Core mood: [CORE MOOD]
Visual signature: [VISUAL SIGNATURE]
The character must have:
[DESIGN TRAIT 1],
[DESIGN TRAIT 2],
[DESIGN TRAIT 3],
[DESIGN TRAIT 4],
[DESIGN TRAIT 5],
[DESIGN TRAIT 6],
[DESIGN TRAIT 7],
[DESIGN TRAIT 8].
USEFUL REFERENCE DETAILS:
Make the character readable for future image and video generation:
clear face shape,
clear hair silhouette,
clear outfit silhouette,
clear body shape,
clear hands,
clear footwear,
clear posture,
clear expression range,
clear costume layers,
clear color separation.

ARTISTIC SECTIONS:
Include a small silhouette study area with 2–3 simplified black character silhouettes.
Include a small expression study area with subtle emotional variations.
Include a small detail study area showing key visual features of the face, hair, outfit, hands, accessories and footwear.
TEXT DESIGN:
Add one stylish CHARACTER ID block.
Keep it minimal, bold and art-directed.
Use only:
NAME
ROLE
CORE MOOD
VISUAL SIGNATURE
Use small handwritten-style labels only where helpful.
Subtle editorial arrows and annotation marks are allowed, but keep them minimal and elegant.

STYLE:
[STYLE DESCRIPTION],
minimal,
cinematic,
premium,
artbook-like,
clean,
expressive,
high readability,
useful for production,
strong silhouette clarity,
consistent character identity.
NEGATIVE RULES:
No environment.
No action scene.
No fight scene.
No random props unless specified.
No alternate costumes.
No redesign between poses.
No inconsistent face.
No inconsistent hairstyle.
No inconsistent body proportions.
No logo.
No watermark.
No messy layout.
No overlapping figures.
The final image should feel like an artistic character identity board designed to help an AI model understand the character’s face, silhouette, outfit, posture, movement language and emotional range."
renoise-2067262462588780925,"A giant anaconda, thick as a bus with dark green scales, has wrapped itself…",,真人,特效向,动作大片,,en,Seedance 2.0,,,renoise-ai/awesome-seedance-prompts,https://github.com/renoise-ai/awesome-seedance-prompts/blob/904b6caffa21c2b114bb93e1bd0e37ba80b3dd10/data/prompts/2067262462588780925.json,CC-BY-4.0,Rahul Nanda,https://x.com/rahulnanda86/status/2067262462588780925,True,"prompts/真人/特效向/动作大片/renoise-2067262462588780925--A-giant-anaconda,-thick-as-a-bus-with-da.md","A giant anaconda, thick as a bus with dark green scales, has wrapped itself around a speeding train that is carrying big barrels of oil, racing through open daylight. A long bridge is coming up ahead over a wide river. An army helicopter flies alongside the train, an armed soldier with a bazooka leaning out of the open door. Sound: roaring train, screaming chopper blades, groaning metal, snake hissing, radio voices.

Shot 1 (0–3s) — THE HOOK: Fast side tracking shot through the air. The giant anaconda's huge coils are wrapped all over the oil train, squeezing the carriages and the oil barrels as the train speeds down the track. The helicopter flies right beside it. The soldier in the open door points at the train driver and shouts on the radio: ""YOU CAN'T SAVE THE TRAIN! WE HAVE TO BLOW IT! GET READY TO JUMP!""

Shot 2 (3–6s): Closer on the helicopter and the train engine. The bridge gets bigger ahead through the windshield. The pilot brings the helicopter down low and close, right next to the engine where the driver leans out of his cab. The soldier braces the bazooka and yells: ""BRIDGE IS COMING! JUMP NOW — I'VE GOT YOU!""

Shot 3 (6–9s): On the train engine. The driver climbs out of his cab into the wind, the snake's head striking toward him, and he leaps off the train — catching the helicopter's landing skid underneath and hanging on with both hands, legs swinging over the rushing ground.

Shot 4 (9–13s) — BIG SLOW-MOTION MOMENT: The chopper swerves hard left and away as the snake-wrapped train rolls out onto the bridge over the river. The soldier fires the bazooka. Bullet time — the rocket flies across the frame in slow motion, smoke trailing behind it, straight into the oil train on the bridge. The driver hangs from the skid, watching. The rocket hits.

Shot 5 (13–15s): Time snaps back. The whole train and the giant anaconda go up in one massive rolling fireball on the bridge, oil barrels bursting, fire and smoke shooting into the sky. The helicopter pulls away from the blast, the driver still hanging from the skid."
renoise-2067272440485437899,A stunning dark-skinned female fashion model confidently walks down a luxury…,,真人,现实向,时尚写真,,en,Seedance 2.0,,,renoise-ai/awesome-seedance-prompts,https://github.com/renoise-ai/awesome-seedance-prompts/blob/904b6caffa21c2b114bb93e1bd0e37ba80b3dd10/data/prompts/2067272440485437899.json,CC-BY-4.0,Aaliyah | AI,https://x.com/The_Kremlinn/status/2067272440485437899,True,prompts/真人/现实向/时尚写真/renoise-2067272440485437899--A-stunning-dark-skinned-female-fashion-m.md,"A stunning dark-skinned female fashion model confidently walks down a luxury runway stage wearing an elegant designer bikini. High-fashion atmosphere, professional catwalk show, dramatic lighting, glossy reflective runway floor, cheering audience blurred in the background. The model displays perfect runway technique, graceful posture, confident expression, and fluid movement.

Shot Sequence (15s):

0-3s: Wide cinematic shot from the front as the model emerges from backstage and begins walking down the runway. Dynamic camera dolly forward, luxury fashion show ambiance.

3-6s: Medium side tracking shot following her stride. Smooth camera movement emphasizing elegance, posture, and flowing motion.

6-9s: Close-up beauty shot of her face. She makes subtle eye contact with the camera, confident glance, natural expression, soft runway lighting highlighting facial features.

9-12s: Low-angle shot from the runway floor looking upward as she performs a graceful turn and pose. Cinematic motion, magazine-quality fashion photography aesthetic.

12-15s: Extreme close-up of eyes and smile, then pull back into a full-body hero shot as she strikes a final powerful runway pose. Camera slowly circles around her. Ultra-realistic, luxury fashion campaign quality, shallow depth of field, smooth motion blur, 4K, cinematic lighting, Vogue-style fashion film, highly detailed skin texture, professional runway choreography.

Style: High fashion, cinematic, luxury runway show, photorealistic, smooth camera transitions, elegant and tasteful swimwear modeling, premium fashion editorial, 4K HDR, realistic movement, fashion week atmosphere."
renoise-2067275221607096682,Gameplay movement should feel exactly like a real GTA-style open-world game.,,真人,现实向,运动,,en,Seedance 2.0,link-only,copyrighted-character,renoise-ai/awesome-seedance-prompts,https://github.com/renoise-ai/awesome-seedance-prompts/blob/904b6caffa21c2b114bb93e1bd0e37ba80b3dd10/data/prompts/2067275221607096682.json,CC-BY-4.0,Abdul Șhakoor,https://x.com/abxxai/status/2067275221607096682,True,prompts/真人/现实向/运动/renoise-2067275221607096682--Gameplay-movement-should-feel-exactly-li.md,
renoise-2067275271485481265,15-second cinematic adventure sequence. Multiple cuts. Dynamic editing.,,漫剧,特效向,奇幻冒险,绘画风,en,Seedance 2.0,,,renoise-ai/awesome-seedance-prompts,https://github.com/renoise-ai/awesome-seedance-prompts/blob/904b6caffa21c2b114bb93e1bd0e37ba80b3dd10/data/prompts/2067275271485481265.json,CC-BY-4.0,OscarAI,https://x.com/Artedeingenio/status/2067275271485481265,True,prompts/漫剧/特效向/奇幻冒险/renoise-2067275271485481265--15-second-cinematic-adventure-sequence.md,"15-second cinematic adventure sequence. Multiple cuts. Dynamic editing.

Style: steampunk fantasy adventure, hand-drawn concept art brought to life, cinematic airship exploration, elegant Victorian engineering, warm sunlight above the clouds, detailed mechanical animation, epic sense of discovery, dynamic camera work, high-production animated feature film.

Sound design: wind rushing through rigging, creaking wood, canvas fluttering, distant propeller hum, metallic machinery, ropes tightening, occasional crew voices. Grand orchestral adventure music gradually builds.

0–2s

Wide aerial shot.

An enormous airship emerges from a sea of clouds.

Sunlight glints across the golden balloon.

The camera circles slowly around the vessel.

Clouds drift beneath it.

2–4s

Fast montage.

Close-up of spinning propellers.

Ropes straining in the wind.

Brass gauges vibrating.

Crew members rushing across wooden decks.

4–6s

Tracking shot.

The camera races alongside the hull.

Sails and rigging whip dramatically.

The ship banks between towering cloud formations.

6–8s

Wide shot.

The clouds suddenly part.

A floating city appears on the horizon.

Ancient towers suspended among the sky.

The crew stops and stares.

8–10s

Reaction montage.

Close-up of astonished faces.

A navigator drops his compass.

A captain grips the railing.

The city grows larger ahead.

10–12s

Dynamic fly-through.

The airship glides between floating rock formations.

The camera dives beneath the hull.

Sunlight flashes across brass machinery.

The propellers roar.

12–14s

Hero shot.

The vessel rises above the clouds.

The floating city dominates the skyline.

Flags snap in the wind.

Music reaches its peak.

14–15s

Final cinematic wide shot.

The airship sails toward the legendary city.

Clouds swirl around both structures.

The camera pulls back farther and farther.

Final frame:

The majestic vessel disappears into the golden sky, heading toward unknown horizons.

Negative prompt:

No cuts to modern technology, no photorealism, no science-fiction spacecraft, no war, no combat, no explosions, no AI artifacts, no low-quality animation, no distorted perspective, no text on screen, no subtitles, no extra flying vehicles, no dark dystopian elements."
renoise-2067286650229526953,Use the attached THE DENTIST storyboard as exact visual reference. Create a…,,漫剧,现实向,剧情短片,3D卡通,en,Seedance 2.0,,,renoise-ai/awesome-seedance-prompts,https://github.com/renoise-ai/awesome-seedance-prompts/blob/904b6caffa21c2b114bb93e1bd0e37ba80b3dd10/data/prompts/2067286650229526953.json,CC-BY-4.0,TechieSA,https://x.com/TechieBySA/status/2067286650229526953,True,prompts/漫剧/现实向/剧情短片/renoise-2067286650229526953--Use-the-attached-THE-DENTIST-storyboard.md,"Use the attached THE DENTIST storyboard as exact visual reference. Create a 12-second 16:9 Pixar 3D animated sequence following all 8 shots exactly. Same young male dentist — warm kind face, dark hair, sky blue scrubs, blue latex gloves — bright modern dental surgery, mint green walls, chrome tools, large overhead dental light throughout.

Shot sequence:

1.Wide shot. Dentist walks into his bright clean surgery, snaps on his sky blue gloves with a confident snap, looks directly at the camera with a warm reassuring smile. Chrome tools gleaming on the tray beside the chair. His world established.
2.Wide medium with both characters visible. Patient sits upright in the dentist chair slightly nervous. Dentist stands beside them and presses the foot pedal lever with one foot — the chair reclines back smoothly and hydraulically, tilting from fully upright to completely horizontal in one mechanical motion. Patient leaning back as the overhead dental light swings automatically into position above them. The mechanical ritual before everything begins.
3.Overhead POV looking straight down into the patient’s open mouth from the dentist’s perspective — perfect Pixar teeth visible below, tongue, the round dental mirror tool entering frame from above being lowered toward the teeth. Bright overhead dental light illuminating everything. The most unique camera angle in the series.
4.Close-up. Small round dental mirror moving slowly across the teeth — reflecting each tooth perfectly in its surface. Dentist’s focused eyes visible above his blue mask in the background, brow slightly furrowed in concentration. Chrome mirror catching the bright overhead light.
5.Close-up dramatic. Ultrasonic scaler tool working carefully along the teeth — fine water spray misting around the tool, teeth becoming visibly cleaner and brighter with each careful pass. Chrome tool, white teeth, fine mist catching the overhead light.
6.Close-up hero. Small rotating polishing cup pressed against each tooth — white polishing paste applied, cup spinning, each tooth gleaming brighter and whiter as the polish works. Teeth visibly transformed with each rotation.
7.Wide medium with both characters visible. Patient sits up slightly, takes a small cup of water, rinses and spitting into the small curved sink beside the chair. Dentist watching from beside them with a calm proud expression, arms crossed.
8.Wide warm shot. Patient sits fully upright. Dentist hands them a small mirror. Patient holds it up and sees their bright white perfectly clean smile for the first time — eyes go wide, biggest smile in the entire series, hands coming up to their cheeks in pure delight. Dentist beside them arms crossed, deeply proud warm smile.

Camera: Wide for opener and reveal, wide medium for chair recline and rinse, overhead POV for the mouth view, close-up for mirror check and scaler clean, close-up hero for the polish, wide warm for the smile reveal.

Style: Bright clean clinical white throughout. Sky blue gloves and scrubs, mint green walls, chrome dental tools, bright overhead dental light, gleaming white teeth. Pixar CGI vivid and warm. Bright and clean — nothing dark or moody.

Sound: Upbeat cheerful music — bright and friendly, the kind playing softly in a dental waiting room but more energetic. Continuous from first frame to last, no breaks. Natural sounds underneath — glove snap at the opener, foot pedal pressed, chair reclining hydraulically, dental tools clinking, water spray misting, scaler working, polish cup spinning, patient rinsing and spitting, mirror handed over, patient’s gasp of delight at the reveal. Music never stops.

Goal: 12 seconds. One dentist. One chair. One perfect smile. Clean, precise, and deeply satisfying to watch."
renoise-2067291350685339954,"Upload order: @IMG_1 scavenger, @IMG_2 iron chain, @IMG_3 toppled statue ruins.",,漫剧,特效向,奇幻冒险,2D日漫,en,Seedance 2.0,,,renoise-ai/awesome-seedance-prompts,https://github.com/renoise-ai/awesome-seedance-prompts/blob/904b6caffa21c2b114bb93e1bd0e37ba80b3dd10/data/prompts/2067291350685339954.json,CC-BY-4.0,Mike Miller,https://x.com/pt5films/status/2067291350685339954,True,"prompts/漫剧/特效向/奇幻冒险/renoise-2067291350685339954--Upload-order-IMG_1-scavenger,-IMG_2-iron.md","Upload order: @IMG_1 scavenger, @IMG_2 iron chain, @IMG_3 toppled statue ruins.
FORMAT: 15s / 6 shots / desperate, vertiginous, urgent / no dialogue
SUBJECTS: @IMG_1 The Scavenger: wind-wrapped rags and goggles, scavenged climbing rig, taped hands
PROPS: @IMG_2 heavy rusted iron chain hanging from broken stone
ENVIRONMENT: @IMG_3 colossal toppled ancient statue half buried in desert ruins, a vast cracked stone hand, sandstorm rolling in
COLOR LOGIC: painterly 2D animation, hand-inked linework, heavy chiaroscuro, rust-orange and sand-ochre with ash-grey and weathered bronze-green
TIMELINE:
[00:00-00:02] [WIDE, LOW] @IMG_3 looming over the ruins, a wall of sandstorm building on the horizon.
[00:02-00:05] [CRANE UP WITH SUBJECT] @IMG_1 scrambles up the cracking stone fingers, fissures racing through the rock.
[00:05-00:07] [CLOSE INSERT] A finger splits, stone crumbling away under their grip.
[00:07-00:09] [WIDE, THE LEAP] @IMG_1 leaps across the widening gap, arm outstretched.
[00:09-00:11] [CATCH, SWING] They catch @IMG_2 and swing hard out over the drop.
[00:11-00:15] [WIDE, SLAM] A towering wall of sand slams through the ruins, debris hammering past the lens, stone fracturing and falling around them.
No music. Ambient: cracking and grinding stone, roaring sandstorm wind, rattling chain links, scattering rubble, strained breathing."
renoise-2067309335055589693,"open-world game trailer, Shenzhen.",,其他,,动态图形与界面,,en,Seedance 2.0,link-only,copyrighted-character,renoise-ai/awesome-seedance-prompts,https://github.com/renoise-ai/awesome-seedance-prompts/blob/904b6caffa21c2b114bb93e1bd0e37ba80b3dd10/data/prompts/2067309335055589693.json,CC-BY-4.0,Spike 1%,https://x.com/SpikeCalls/status/2067309335055589693,True,"prompts/其他/动态图形与界面/renoise-2067309335055589693--open-world-game-trailer,-Shenzhen.md",
renoise-2067309353854505092,"Abstract neon cityscape, rain reflections, slow motion light trails, dark…",,其他,,动态图形与界面,,en,Seedance 2.0,,,renoise-ai/awesome-seedance-prompts,https://github.com/renoise-ai/awesome-seedance-prompts/blob/904b6caffa21c2b114bb93e1bd0e37ba80b3dd10/data/prompts/2067309353854505092.json,CC-BY-4.0,Zentrix⌚️,https://x.com/ZentrixHQ/status/2067309353854505092,True,"prompts/其他/动态图形与界面/renoise-2067309353854505092--Abstract-neon-cityscape,-rain-reflection.md","Abstract neon cityscape, rain reflections, slow motion light trails, dark atmospheric, cinematic music video aesthetic"
renoise-2067343328278872153,POV realistic first-person view from the driver's seat of a new Maserati…,,真人,现实向,生活与vlog,,en,Seedance 2.0,,,renoise-ai/awesome-seedance-prompts,https://github.com/renoise-ai/awesome-seedance-prompts/blob/904b6caffa21c2b114bb93e1bd0e37ba80b3dd10/data/prompts/2067343328278872153.json,CC-BY-4.0,Quadcode AI,https://x.com/quadcode_ai/status/2067343328278872153,True,prompts/真人/现实向/生活与vlog/renoise-2067343328278872153--POV-realistic-first-person-view-from-the.md,"POV realistic first-person view from the driver's seat of a new Maserati GranTurismo 2024 driving along Via Celio Vibenna in Rome. The viewer is behind the opulent wheel featuring the prominent Maserati Trident logo, hands occasionally steering. Visible luxurious dashboard trimmed in open-pore wood, fine natural leather, and carbon fiber. Through the windshield, the majestic ancient Roman Colosseum looms massive on the left side under warm golden hour sunlight. Authentic vehicle dynamics, realistic windshield glare and reflections, cinematic 4K look. No text."
renoise-2067355728747065603,"Stop-motion handcrafted diorama world. Felted wool buildings, polymer clay…",,漫剧,特效向,特效综合,粘土定格,en,Seedance 2.0,,,renoise-ai/awesome-seedance-prompts,https://github.com/renoise-ai/awesome-seedance-prompts/blob/904b6caffa21c2b114bb93e1bd0e37ba80b3dd10/data/prompts/2067355728747065603.json,CC-BY-4.0,AlexandrIA,https://x.com/AleRVG/status/2067355728747065603,True,prompts/漫剧/特效向/特效综合/renoise-2067355728747065603--Stop-motion-handcrafted-diorama-world.-F.md,"Stop-motion handcrafted diorama world. Felted wool buildings, polymer clay props, cobblestone street. Normal speed. No slow-motion.

@.character: foam-clay rigid body, star-shaped orange hair, oversized salmon textured jacket, cotton-stripe tee, teal pants, teal sneakers orange laces. All expressivity through eye movement, eyebrow position, head angle, and weight shifts. Maximum expressivity without caricature: every gesture amplified.

@.scenario: Velvet Grove place, evening blue lighting state: deep blue-indigo ambient light, street in shadow, sky dark, felted buildings in dim cool tones. The vintage green lamppost is the only warm light source on the street —when on, it casts a cone of warm amber light downward onto the cobblestone; when off, the street corner falls into full blue-indigo shadow.

No music.

1⃣ The Arrival
WS, static — full street corner, lamppost small in frame, camera perpendicular to @.character's path, he moves LEFT TO RIGHT across frame.
0-4s: @.character walks left to right across frame in blue-indigo shadow, both hands deep in jacket pockets, stride slow and deliberate. His head turns 30 degrees toward the lamppost as he approaches — eyes locked on it, chin rising 5 degrees. The walk of someone who has a very specific plan and no doubts about it.

[cut] MS, static — lamppost centered, @.character approaching from left.
4-8s: @.character arrives at the lamppost, pivots with one smooth rotation, plants his back against the pole. Crosses ankles. The lean is geometrically perfect — back flat against pole, weight distributed, chin up 15 degrees. Eyes half-closed with satisfaction. He exhales slowly through his nose. Street remains in blue-indigo shadow — bulb is off.

[cut] CU INSERT — the glass bulb overhead, dark, street shadow visible below it.
8-9s: The bulb flickers once. Twice. Confirms off. It was already off. It remains off.

[cut] ECU FACE — @.character's face in blue-indigo shadow.
9-13s: His eyes rotate upward in a slow mechanical arc — pupils traveling to maximum upward position, whites visible below. Eyebrows rise, independently, left slightly before right. He holds this configuration for two full beats. The face of someone receiving information they have chosen not to accept.
13-15s: Eyebrows descend. Eyes return forward. Mouth corners back to neutral.

2⃣ The Blow and the Dog
MS — lamppost centered, street in blue shadow.
0-2s: @.character draws his right elbow back with surgical slowness and delivers one single precise elbow-nudge backward into the pole. Hands stay in pockets. The gesture of a professional.

[cut] CU INSERT — the glass bulb.
2-4s: Bulb buzzes on. Warm amber cone floods the cobblestone below. Street corner transforms from blue shadow to warm amber pool.

[cut] MS — @.character re-establishing his pose, now lit in warm amber.
4-5s: @.character re-crosses his ankles — left over right, deliberate — chin rises to 20 degrees. Eyes half-close. He is correct about everything and the warm light agrees.

[cut] WS — full street corner, @.character lit in amber pool, blue shadow surrounding.
5-7s: The scruffy street dog trots in from frame right out of the blue shadow, nose to cobblestone, following a scent trail directly to the lamppost base. Arrives without acknowledging @.character. Sniffs the base once. Twice. Turns its body to position itself parallel to the pole — back end facing the pole, three paws on cobblestone — then raises its right rear leg upward toward the pole and holds it there. The warm amber bulb above him burning bright.

[cut] CU — the dog from waist down, rear leg raised at full extension against the pole, stream hitting the polymer clay base, wet cobblestone catching the amber light below.
7-9s: The dog urinates with complete calm. Rear leg steady. No hurry. Amber light warm above him.

[cut] CU — the dog's face in profile, lit from above in warm amber. One ear up, one ear down. Eyes half-closed.
9-10s: Expression of absolute private satisfaction held for two full beats.

[cut] ECU FACE — @.character face, amber light on features.
10-13s: His eyes travel downward in a slow mechanical descent until they reach the dog. Pupils at maximum downward position. Eyebrows descend asymmetrically — right brow lower than left, creating a diagonal of profound philosophical offense. Mouth opens in the processing of an injustice too large to immediately articulate.
[cut] WS — full corner, dog finishing, @.character watching. The dog shakes its rear leg once, turns, and trots back out frame right into the blue shadow. Unbothered.

[cut] CU INSERT — the glass bulb.
13-15s: The bulb clicks off. Instantly. Street corner returns to full blue-indigo shadow.

3⃣ Stroboscopic Effect
PA — @.character and lamppost waist to star-hair.
0-1s: @.character's face slowly transitions: eyebrows descend, jaw sets, eyes narrow to 60% — the specific expression of someone who has made a decision that cannot be undone. He loads his weight right.

[cut] PA — same frame, the hip-bump.
1-3s: @.character drives his hip into the pole — full committed body-weight impact, jacket sleeve swinging outward. The impact is not casual. It is a statement.

[cut] CU INSERT — the glass bulb.
3-4s: Filament erupts into rapid staccato strobe — blue-purple electrical bursting, irregular and frantic.

[cut] WS — full street, buildings both sides, lamppost center.
4-8s: Blue and purple strobe light blasts down the felted cobblestone, painting the Velvet Grove buildings in pulsing color. Vibration travels from the pole through @.character's rigid foam body — full-body stiff mechanical tremor, like a vibrating toy figure screwed to a platform. Arms locked at sides. Ankles still crossed. Star-hair tips oscillating. He does not grab the pole.

[cut] ECU FACE — @.character 's face mid-tremor, strobing light on features.
8-10s: His face vibrates with his body — rigid jitter. Eyes wide, pupils oscillating. Mouth open involuntary. His chin still raised 15 degrees. He is maintaining the cool pose. His face is filing a formal complaint.

[cut] PA — @.character at peak vibration.
10-12s: Maximum frequency. Star-hair tips blurring. He is a tuning fork in a salmon jacket and he refuses to acknowledge it.

4⃣ Destruction, Escape & Poop
PA, static — @.character and lamppost, waist to star-hair, blue shadow.
0-2s: @.character's face transitions: eyebrows fully down, jaw locked,eyes narrowed to slits He draws his right foot back to hip height and delivers a full-force kick to the base of the lamppost. His entire rigid body torques with the effort, jacket swinging, star-hair jolting sideways. The lamppost shudders but holds.

[cut] 2-4s: @.character doesn't stop. He grabs the pole with both hands — first time hands leave pockets — and shakes it violently, full-body effort, rigid frame juddering with each shake. Left right left right. The pole sways but holds. His star-hair oscillates wildly with the effort.

[cut] 4-6s: He releases the pole, steps back one pace, lowers his shoulder, and runs at the lamppost — full body shoulder-charge, salmon jacket absorbing the impact. The collision sends a violent shockwave up through his rigid body, arms flying outward on impact, star-hair lurching forward. He bounces back one step. The lamppost sways this time it doesn't fully recover. It leans 15 degrees.

[cut] CU INSERT — the top of the lamppost, now visibly leaning against dark sky, the lamp head wobbling.
6-7s: The glass lantern head wobbles at the top of the leaning pole — one slow oscillation left, one right, then the joint at the neck gives with a sharp crack. The lantern tips and falls.

[cut] MS — @.character watching it fall, full body in blue shadow.
7-9s: @.character 's head tracks the falling lantern downward in real time — eyes following it, pupils descending frame by frame, neck craning back, mouth opening progressively.

[cut] CU INSERT — the lantern hitting the cobblestone.
9-10s: The glass lantern head hits the felted cobblestone and shatters —polymer clay and glass fragments scattering outward in the blue shadow, broken bulb visible at the center of the debris field.

[cut] ECU FACE — @.character's face in blue shadow, post-impact.
10-11s: Complete stillness. Eyes at maximum wide, pupils shrunk to minimum, eyebrows at absolute ceiling, mouth open 15mm. Stares at the debris for one full beat. Then: head rotates left slowly — scans empty blue street. Head rotates right — scans again"
renoise-2067374082665140461,日本のフルカラー2Dアニメ、超高速なカット割り、メリハリのあるスピードランプ、作画枚数多め、24FPS、アニメのミュージックビデオ、マルチショット、高精細な作画…,,漫剧,特效向,奇幻冒险,2D日漫,ja,Seedance 2.0,,,renoise-ai/awesome-seedance-prompts,https://github.com/renoise-ai/awesome-seedance-prompts/blob/904b6caffa21c2b114bb93e1bd0e37ba80b3dd10/data/prompts/2067374082665140461.json,CC-BY-4.0,チヒロ｜ちびキャラアニメ制作🎨,https://x.com/OoChihiroOO/status/2067374082665140461,True,prompts/漫剧/特效向/奇幻冒险/renoise-2067374082665140461--日本のフルカラー2Dアニメ-超高速なカット割り-メリハリのあるスピードランプ-作.md,"日本のフルカラー2Dアニメ、超高速なカット割り、メリハリのあるスピードランプ、作画枚数多め、24FPS、アニメのミュージックビデオ、マルチショット、高精細な作画、クリーンなセルシェーディング、シネマティックなライティング、印象的なカメラワーク、大胆なアングル
○○と ○○ は登場人物

0:00‐0:03　画面が不規則な格子状に複数分割され、それぞれの枠内で ○○ の差し伸べる手、きらめく星の粉が激しいコマ撮り風に高速で切り替わる。
0:03‐0:06　斜めのスプリットスクリーン。一方の枠に ○○ の星型の瞳孔、もう一方の枠に逆流する砂時計のコラージュが配置され、高速にズームインとズームアウトを繰り返す。
0:06‐0:09　画面分割の枠線（黒い太線）が、ノイズのように激しく左右に振動（グリッチ）し始める。枠線の中に極彩色のテクスチャが明滅する。
0:09‐0:12　画面全体の分割レイアウトが時計回りにガタガタと90度ずつ激しく回転し、それぞれの枠内の絵柄が瞬間的にフラッシュバックする。
0:12‐0:15　○○ と ○○ のシルエットが交互に画面中央でフラッシュしながら、すべての分割枠が激しいブレ（スミア）を伴って画面中央へ吸い込まれていく。"
renoise-2067385801693147629,"@ roshioldman  = short, heavily muscular eccentric old martial arts master…",,漫剧,特效向,战斗大招,2D日漫,en,Seedance 2.0,,,renoise-ai/awesome-seedance-prompts,https://github.com/renoise-ai/awesome-seedance-prompts/blob/904b6caffa21c2b114bb93e1bd0e37ba80b3dd10/data/prompts/2067385801693147629.json,CC-BY-4.0,MD,https://x.com/mdmadeit/status/2067385801693147629,True,"prompts/漫剧/特效向/战斗大招/renoise-2067385801693147629--roshioldman-short,-heavily-muscular-ecce.md","@ roshioldman  = short, heavily muscular eccentric old martial arts master, bald head, huge white eyebrows, small round black sunglasses, giant pink nose, massive white mustache and beard, deep wrinkles, floral black-and-pink Hawaiian shirt, light shorts, sandals, oversized gold chains and rings, cigar, smug tough-guy energy. His movement  feel fast, explosive, and playful despite his age and size.

@ oldboxer  = strong African American elderly boxer, heavyweight build, layered gold chains, intimidating but expressive face, old-school champion energy. His movement should feel grounded, powerful, and heavy with classic boxing footwork.

Style
Match the visual style of @ roshioldman  exactly.
Hand-drawn anime-comic look with bold black ink lines, exaggerated anatomy, dense facial wrinkles, chunky hands, limited muted color palette, textured cel shading, subtle line boil, slightly gritty print-like finish.
Keep the same stylized proportions and graphic appeal as the reference image.
Do not make it glossy 3D.
Do not make it hyper realistic.
The animation should feel like a moving illustration with strong poses, expressive reaction shots, and dynamic impact frames.
Lighting should stay slightly moody with soft haze and subtle highlight bloom.

Scene
An empty urban alley at dusk with subtle haze and soft dust in the air.
The environment should feel simple and cinematic so the focus stays on both fighters.
This is the beginning of the fight.

Action
Start with a tense faceoff.
Both elderly fighters stand several feet apart, staring each other down.
The old boxer rolls his shoulders, cracks his neck, and raises his fists into a tight boxing stance.
The old martial arts master smirks, adjusts his footing, and lowers himself into a compact fighting stance with surprising confidence.
Hold the tension for a beat as both men size each other up.
The boxer explodes forward first with aggressive footwork and throws two heavy hooks followed by a hard body shot.
The old master slips and weaves with shocking speed, narrowly dodging each punch by inches.
He then counters with a sharp palm strike to the boxer’s chest that knocks him back half a step.
Without hesitation, the old master follows with a quick spinning kick to the boxer’s side.
The boxer stumbles, regains balance, grits his teeth, and fires back with a brutal uppercut.
The old master blocks it with both forearms, absorbing the impact.
End with both fighters skidding apart and resetting in their stances, dust in the air, ready for the next exchange.

Camera
Begin with a medium-wide establishing shot of both fighters in the alley.
Slow push in during the stare down.
Cut to tighter medium shots for each fighter preparing.
Use dynamic side angles during the boxer’s opening punches.
Use a fast close action angle for the old master’s dodges.
Use a strong impact shot on the palm strike and spinning kick.
Use a dramatic low angle on the boxer’s uppercut.
Finish with a wider shot as both men skid apart and reset.

Motion Notes
Keep the boxer’s motion heavy, grounded, and forceful.
Keep the old master’s movement extremely fast, efficient, and unexpected.
Dodges should feel close and stylish.
Hits should have clear impact frames and subtle camera shake.
Use speed lines sparingly for major attacks only.
The rhythm should feel cinematic and intense.

Environment Notes
Empty alley at dusk
Subtle haze
Soft dust in the air
No crowd
No extra characters"
renoise-2067397646436778075,"Extreme wide shot, photorealistic documentary style, a photorealistic open-air…",,真人,特效向,奇幻怪兽,,en,Seedance 2.0,,,renoise-ai/awesome-seedance-prompts,https://github.com/renoise-ai/awesome-seedance-prompts/blob/904b6caffa21c2b114bb93e1bd0e37ba80b3dd10/data/prompts/2067397646436778075.json,CC-BY-4.0,Travis Davids,https://x.com/MrDavids1/status/2067397646436778075,True,"prompts/真人/特效向/奇幻怪兽/renoise-2067397646436778075--Extreme-wide-shot,-photorealistic-docume.md","Extreme wide shot, photorealistic documentary style, a photorealistic open-air stage constructed to resemble [STAGE DESIGN: e.g., a giant artist's studio space under bright studio floodlights with a massive, matte white canvas backdrop and floor]. The stage features [SCENERY: e.g., giant paint splatters, oversized charcoal sketches, and minimalist white geometric risers at the back]. Audience hold smartphones to film in the foreground. On the left [LEFT CHARACTER & ACTION: e.g., a towering humanoid monster character made out of origami paper braces for impact]. On the right [RIGHT CHARACTER & ACTION: e.g., a stoic, traditional calligraphy master sweeps a giant wooden brush, unleashing a tidal wave of heavy, monochromatic black Sumi-e ink across the floor and towards the other character]."
renoise-2067397655433551947,POV handheld shot from someone in the audience filming with a phone camera from…,,真人,特效向,奇幻怪兽,,en,Seedance 2.0,,,renoise-ai/awesome-seedance-prompts,https://github.com/renoise-ai/awesome-seedance-prompts/blob/904b6caffa21c2b114bb93e1bd0e37ba80b3dd10/data/prompts/2067397655433551947.json,CC-BY-4.0,Travis Davids,https://x.com/MrDavids1/status/2067397655433551947,True,prompts/真人/特效向/奇幻怪兽/renoise-2067397655433551947--POV-handheld-shot-from-someone-in-the-au.md,"POV handheld shot from someone in the audience filming with a phone camera from the third row, frame slightly unsteady, raised above other people’s heads. The scene shows a massive open-air stage where a warrior holding a giant wooden brush faces off against a towering origami colossus. The origami monster stomps its feet, sending a shockwave of sharp paper folds slicing across the white stage floor. The artist rapidly spins the enormous brush, creating a swirling vortex shield of thick black ink that absorbs the paper attacks. Dramatic, fast-paced orchestral string music plays through the venue's audio system. The audience gasps, some leaning forward in shock. With a powerful, two-handed swing, the artist flings the accumulated ink shield forward as a massive, horizontal wave that completely smothers the monster, turning its pristine white body pitch-black and causing it to immediately go limp and collapse. Loud applause and amazed murmurs fill the air"
renoise-2067405301519876479,@image 1 (location) is the professional boxing ring location reference…,,真人,特效向,武侠打斗,,en,Seedance 2.0,,,renoise-ai/awesome-seedance-prompts,https://github.com/renoise-ai/awesome-seedance-prompts/blob/904b6caffa21c2b114bb93e1bd0e37ba80b3dd10/data/prompts/2067405301519876479.json,CC-BY-4.0,Higgsfield AI 🧩,https://x.com/higgsfield/status/2067405301519876479,True,prompts/真人/特效向/武侠打斗/renoise-2067405301519876479--image-1-location-is-the-professional-box.md,"@image 1 (location) is the professional boxing ring location reference: preserve the clean white canvas, taut ropes, neutral corner pads, darkened arena seating, overhead neutral white sports lights, controlled shadows, soft crowd silhouettes and stable flat ring floor with only light scuff marks and chalk dust.
 is the red-glove boxer reference and
 is the blue-glove boxer reference: preserve their faces, ages, athletic muscular builds, glove colors, trunks colors and direct-camera athlete identities while placing them naturally into the fight. Style & Mood: premium cinematic boxing match, intense, tactical, physical, clean neutral white sports lighting, high-pressure championship energy. Narrative Summary: in one continuous 15-second multi-shot film, two boxers trade fast combinations in the center of the ring, one absorbs pressure, counters with perfect timing, and the exchange ends on a dramatic bell moment. Dynamic Description: Shot 1 begins with an ultra-low tracking push across the clean white canvas between both fighters' footwork as chalk dust lifts lightly; smash transition into Shot 2, a tight shoulder-level 360-degree orbit as the red-glove boxer throws a fast jab-cross and says, Come on.; whip-pan into Shot 3 as the blue-glove boxer slips under the hook and answers, Too slow.; Shot 4 becomes a tight ringside close camera at realistic 35mm–50mm perspective as gloves rush past lens without fisheye distortion, sweat snaps off shoulders, and the ropes streak behind; Shot 5 uses a controlled vertigo dolly during a close clinch break, referee silhouette briefly passing in background, then both fighters reset; final Shot 6 is a fast crane-drop and frame-freeze morph as the blue-glove boxer lands a clean counter uppercut just as the bell rings, both fighters still standing and the crowd erupts. Camera & Motion: crazy camera angles but no fisheye lens and no warped perspective, aggressive parallax, ultra-low footwork tracking, shoulder-level orbit, whip-pans, push-through between gloves, tight ringside close camera, Dutch-angle impact inserts, controlled vertigo dolly on clinch break, rack focus from eyes to gloves, fast but readable boxing choreography, full-frame edge-to-edge as one continuous film. Static Description: clean professional boxing ring, stable white canvas, taut ropes, neutral overhead white lights, dark arena crowd, soft haze, realistic shadows, glove leather, sweat, chalk dust, footwork contact. Audio: native English dialogue embedded in the scene — Come on. Too slow. — plus glove impacts, rope creak, foot squeaks on canvas, breath, crowd roar, bell ring, cinematic bass hits on transitions, no voiceover. Quality: 720p horizontal 16:9 cinematic video, stable boxer identities from references, realistic boxing physics, sharp glove/skin/canvas detail, stable intact ring floor, neutral white sports lighting, premium fight film grade, extremely dynamic editing energy, no fisheye distortion."
renoise-2067405427093250307,@image 1 (location) is the bright neutral medieval sparring courtyard location…,,真人,特效向,武侠打斗,,en,Seedance 2.0,,,renoise-ai/awesome-seedance-prompts,https://github.com/renoise-ai/awesome-seedance-prompts/blob/904b6caffa21c2b114bb93e1bd0e37ba80b3dd10/data/prompts/2067405427093250307.json,CC-BY-4.0,Higgsfield AI 🧩,https://x.com/higgsfield/status/2067405427093250307,True,prompts/真人/特效向/武侠打斗/renoise-2067405427093250307--image-1-location-is-the-bright-neutral-m.md,"@image 1 (location) is the bright neutral medieval sparring courtyard location reference: preserve the pale limestone floor, whitewashed castle walls, open cloister arches, simple stone columns, clean arena space, soft neutral white daylight, evenly diffused shadows, bright readable atmosphere, no torches, no colored light, no dark rain mood. The floor stays solid, flat, intact and architectural throughout the whole clip: smooth pale limestone slabs, stable seams, only light scuff marks and tiny foot dust from movement, no collapsing surface, no crumbling stones, no loose gravel, no broken ground, no debris eruption.
 is the dark-haired veteran knight reference and
 is the blond rival knight reference: preserve their faces, ages, armor materials, builds, and direct-camera casting identities while placing them naturally into the duel. Style & Mood: premium historical action cinema in clean neutral daylight, bright and elegant sword duel, tactical, precise, tactile steel against pale intact stone, no gloomy lighting. Narrative Summary: in one continuous 15-second multi-shot film, two armored knights duel in a bright white-lit sparring courtyard through a clean escalation of parries, pivots, blade locks, and a final elegant disarming move, with the courtyard floor remaining perfectly stable and clean. Dynamic Description: Shot 1 begins with an ultra-low tracking push over flat intact pale limestone between the knights' boots as their sword tips scrape a thin dust line without damaging the stone; smash transition into Shot 2, a crisp 360-degree orbital blade-lock close-up where the veteran knight says, ""Again."" and the rival answers, ""Faster.""; whip-pan into Shot 3 as both knights separate and re-engage, the camera push-throughs between crossing blades with clean steel flashes in neutral daylight; Shot 4 becomes a high Dutch-angle sidestep around the blond rival's overhead strike as the dark-haired knight pivots under it; Shot 5 uses a bright vertigo dolly during a close bind, armor plates grinding, only subtle dust drifting in white light; final Shot 6 is a fast crane-drop and frame-freeze morph as the veteran knight hooks the rival's blade, twists, disarms him, and the sword slides smoothly across the intact pale stone. Camera & Motion: crazy camera angles, aggressive parallax, ultra-low boot-level tracking, 360 orbital blade-lock, whip-pans, push-through between crossing swords, high Dutch-angle sidestep, vertigo zoom during bind, rack focus from eyes to blade edge, fast but readable sword choreography, full-frame edge-to-edge as one continuous film. Static Description: bright medieval sparring courtyard, whitewashed stone walls, flat intact pale limestone floor, open arches, neutral overcast daylight, clean shadows, light scuff marks, subtle foot dust only, realistic armor contact, sword weight and footwork. Audio: native English dialogue embedded in the scene — ""Again."" ""Faster."" — plus sharp steel clashes, light blade scrape on intact pale stone, armor impacts, boot slides, soft courtyard echo, subtle dust movement, cinematic bass hits on transitions, no voiceover. Quality: 720p horizontal 16:9 cinematic video, stable knight identities from references, realistic sword physics, sharp metal/leather/limestone detail, stable intact location geometry, neutral white lighting, premium historical action film grade, extremely dynamic editing energy."
renoise-2067405564607664425,— TECHNICAL BLOCK —,,其他,,风景空镜,,en,Seedance 2.0,,,renoise-ai/awesome-seedance-prompts,https://github.com/renoise-ai/awesome-seedance-prompts/blob/904b6caffa21c2b114bb93e1bd0e37ba80b3dd10/data/prompts/2067405564607664425.json,CC-BY-4.0,Higgsfield AI 🧩,https://x.com/higgsfield/status/2067405564607664425,True,prompts/其他/风景空镜/renoise-2067405564607664425--—-TECHNICAL-BLOCK-—.md,"— TECHNICAL BLOCK —

Ultra filmic. 2.39:1 anamorphic. 12s. SFX only, no music. Kodak 500T film grain, high contrast, vibrant alpine color, 8K detail. FPV and drone mix, dynamic cinematic editing, multiple cuts, motion blur, wind and cloud physics. NO CGI. NON-IP. Photoreal.

— PROMPT —

A wingsuit flyer in a sleek red-and-white suit rockets through a dramatic alpine landscape under a brilliant clear blue sky, jagged grey peaks and bright green valleys far below blazing in midday sun. Open on a wide drone shot tracking alongside as the flyer streaks past a sheer cliff face, the rock wall blurring past mere meters away. Hard cut to a tight FPV shot from just behind the flyer's shoulders — the ground rushing up and the suit's wings rippling in the wind. Whip-pan as the flyer banks hard around a rock spire, body tilting, the horizon rolling. Cut to extreme close-up: the helmet visor reflecting the peaks, jaw set in concentration. Smash to a wide shot from far below looking up — the tiny red figure threading between two enormous sunlit cliffs, a thin trail of mist behind. Final beat: the flyer dives steeply through a wisp of bright cloud, then pulls level and shoots out over a vast sunlit valley, camera peeling away fast to reveal the immense scale of the mountains.

SFX only: roaring wind rush, fabric flutter of the suit, sharp breathing, distant alpine echo, faint birdcall, deep air whoosh on each bank."
renoise-2067405682459263259,Shot 1:,,真人,现实向,剧情短片,,en,Seedance 2.0,,,renoise-ai/awesome-seedance-prompts,https://github.com/renoise-ai/awesome-seedance-prompts/blob/904b6caffa21c2b114bb93e1bd0e37ba80b3dd10/data/prompts/2067405682459263259.json,CC-BY-4.0,Higgsfield AI 🧩,https://x.com/higgsfield/status/2067405682459263259,True,prompts/真人/现实向/剧情短片/renoise-2067405682459263259--Shot-1.md,"Shot 1:
ECU low angle on two hands shoving open heavy metal rooftop door, golden hour sunlight floods through the gap overexposing the frame with lens flare bloom, crash zoom out as door swings wide revealing silhouette of man early 20s stepping through threshold into blinding golden backlight, dark hoodie wind catching fabric, dark industrial stairwell behind him open sky ahead, awe and disbelief on his face, shot on RED V-Raptor Zeiss Supreme 25mm spherical, Rec.709, Kodak Vision3 500T grain, Fincher clinical precision surgical framing warm golden overexposure, 0-1s hands slam door open with light flood 2-5s crash zoom out to full silhouette in doorway. Constraints: no face deformation, consistent golden hour directional light, no background drift.
Shot 2:
WS slightly high angle, man early 20s walks toward rooftop edge with purpose and gathering momentum, dark hoodie jacket billowing in wind, aggressive handheld follow from behind, reaches concrete ledge and stops, massive city panorama stretches to horizon below, triumphant and overwhelmed, golden hour backlight casting long shadows across rooftop, city skyline bathed in warm amber and orange, volumetric haze between buildings, shot on RED V-Raptor Zeiss Supreme 35mm spherical, Rec.709, Kodak Vision3 500T grain, Fincher clinical precision with golden hour warmth, 0-2s walking with momentum 3-5s reaches edge and stops taking in the view. Constraints: consistent character appearance, no face deformation, golden hour light direction consistent from screen-right, continuous fluid movement.
Shot 3:
CU eye level, man early 20s turns toward camera, wind in his hair, eyes glistening with overwhelmed joy, slow grin cracks across his face — earned not performed, jaw unclenches, exhales into half-laugh of disbelief, dark hoodie, triumphant and free, super dolly in toward face, golden hour key light from screen-right wrapping warm rim light around hair and jaw, shallow depth of field dissolving city skyline into golden bokeh orbs, wind-swept hair catching backlight, shot on RED V-Raptor Zeiss Supreme 85mm spherical, Rec.709, Kodak Vision3 500T grain, Fincher clinical precision golden hour warmth, 0-2s turn and grin building 3-5s full smile and exhale laugh of disbelief. Constraints: no face deformation, anatomically correct face, consistent golden hour light direction from screen-right, no character drift."
renoise-2067411216927228378,PART 1 (0–15s) — “A TALENT BORN IN MUD”,,漫剧,现实向,剧情短片,2D日漫,en,Seedance 2.0,,,renoise-ai/awesome-seedance-prompts,https://github.com/renoise-ai/awesome-seedance-prompts/blob/904b6caffa21c2b114bb93e1bd0e37ba80b3dd10/data/prompts/2067411216927228378.json,CC-BY-4.0,Shami,https://x.com/ShamiWeb3/status/2067411216927228378,True,prompts/漫剧/现实向/剧情短片/renoise-2067411216927228378--PART-1-0–15s-—-A-TALENT-BORN-IN-MUD.md,"PART 1 (0–15s) — “A TALENT BORN IN MUD”
STYLE: Ultra-cinematic Japanese anime sports drama, Production I.G × Makoto Shinkai realism, emotional storytelling, natural rain physics, grounded character acting, cinematic camera language.
________________________________________
🎬 SCENE 1 (0–4s) — “THE MUD ROAD”
0:00–0:01
Extreme wide aerial shot.
A remote village sits beneath dark storm clouds.
Heavy rain falls across endless muddy farmland.
0:01–0:04
Rapid cinematic cut sequence:
•Bare feet slam into mud.
•Mud splashes toward camera.
•Close-up of clenched fists pumping.
•Rain running down his face.
•Focused eyes looking ahead.
•Side tracking shot as he sprints through the storm.
Audio:
•Rain
•Footsteps
•Heavy breathing
No dialogue.
________________________________________
🎬 SCENE 2 (4–8s) — “HOME”
Hard cut.
4:00–5:00
Small wooden house with rain leaking through the roof.
Quick inserts:
•Water dripping into a metal bucket.
•Mother counting a few coins.
•Empty rice container.
•Sister studying beneath a flickering lantern.
5:00–8:00
The boy appears at the doorway, soaked.
Camera slowly pushes toward his face.
He watches his family in silence.
VOICEOVER (BOY)
""We're almost out of time...""
Brief pause.
""And money.""
________________________________________
🎬 SCENE 3 (8–12s) — “THE PROMISE”
8:00–10:00
Fast montage:
•Carrying heavy sacks through mud.
•Hands gripping rough rope.
•Exhausted workers beside him.
•Sweat mixing with rain.
•Shoulders trembling under weight.
10:00–12:00
Low-angle tracking shot as he continues forward despite exhaustion.
VOICEOVER (BOY)
""Running...""
Brief beat.
""It's all I've got.""
________________________________________
🎬 SCENE 4 (12–15s) — “THE DREAM”
12:00–13:00
Close-up of a rain puddle.
A distorted reflection appears:
•Massive stadium.
•Roaring crowd.
•Marathon finish line."
renoise-2067443057872761288,スタイル:日本の作画枚数の多いアニメ。アクション映画の技法を使ったアニメ映画。アクションシーン。,,漫剧,特效向,科幻机甲,2D日漫,ja,Seedance 2.0,,,renoise-ai/awesome-seedance-prompts,https://github.com/renoise-ai/awesome-seedance-prompts/blob/904b6caffa21c2b114bb93e1bd0e37ba80b3dd10/data/prompts/2067443057872761288.json,CC-BY-4.0,とすくん,https://x.com/tokyo_Valentine/status/2067443057872761288,True,prompts/漫剧/特效向/科幻机甲/renoise-2067443057872761288--スタイル-日本の作画枚数の多いアニメ-アクション映画の技法を使ったアニメ映画-ア.md,"スタイル:日本の作画枚数の多いアニメ。アクション映画の技法を使ったアニメ映画。アクションシーン。
世界観:画像1のキャラクターがサイバーパンクな世界感の土俵の上で画像2のお相撲さんのサイボーグと戦う。大勢の観客。

概要:画像1のキャラクターと画像2のキャラクターの戦闘動画。
※血の表現は絶対にしないでください。

・シーン1
画像1の女性がサイバーパンクな土俵の上でインフォグラフィックUIゴーグルを用いて画像2のキャラクターの弱点について調べる。

・シーン2
画像2のキャラクターが画像1のキャラクターに襲いかかる。
素早く逃げながら画像2の女性は画像1のキャラクターにハンドガンで発砲する。
バレットタイム。スローモーション。

・シーン3
画像2のキャラクターは力士のアクロバティックな技で画像1の女性を攻撃する。

・シーン4
カメラが切り替わる。
画像1の女性が超高速の日本刀で画像2の力士を攻撃する。

・シーン5
カメラが切り替わる。
画像1の女性の後ろで画像2の力士のサイボーグが膝をつく。"
renoise-2067443582194131393,Two young women at a kitchen counter filming a cooking video. The first woman…,,真人,现实向,生活与vlog,,ja,Seedance 2.0,,,renoise-ai/awesome-seedance-prompts,https://github.com/renoise-ai/awesome-seedance-prompts/blob/904b6caffa21c2b114bb93e1bd0e37ba80b3dd10/data/prompts/2067443582194131393.json,CC-BY-4.0,ぴょんきち,https://x.com/yarakashiyama_/status/2067443582194131393,True,prompts/真人/现实向/生活与vlog/renoise-2067443582194131393--Two-young-women-at-a-kitchen-counter-fil.md,"Two young women at a kitchen counter filming a cooking video. The first woman cracks an egg but it splatters all over the counter. She laughs and says ""え、うそ、もういっかいやる"" in a flustered laughing tone. The second woman wipes the counter while shaking her head, and says ""もう3かいめだよ"" in a tired but amused tone. Flour dust floats in the air and egg drips off the counter edge."
renoise-2067449719698440407,Seedance 2.0 Prompt,,真人,特效向,动作大片,,en,Seedance 2.0,,,renoise-ai/awesome-seedance-prompts,https://github.com/renoise-ai/awesome-seedance-prompts/blob/904b6caffa21c2b114bb93e1bd0e37ba80b3dd10/data/prompts/2067449719698440407.json,CC-BY-4.0,Mr. Tariq,https://x.com/AiWithTariq/status/2067449719698440407,True,prompts/真人/特效向/动作大片/renoise-2067449719698440407--Seedance-2.0-Prompt.md,"Seedance 2.0 Prompt

confrontation tone

Use <<<image_1>>> as the main character reference.
Preserve the exact facial identity, hairstyle, beard, eyes, nose, lips, skin tone, facial structure, and proportions throughout all human-form scenes.

Use <<<image_2>>> as the Water Armor Warrior reference.
Use <<<image_3>>> as the Fire Titan reference.

Character Consistency

The hero remains visually identical to the reference image before transformation. After activating the watch, he transforms into the Water Armor Warrior. Maintain identical armor design, glowing green energy core, helmet structure, water cannons, proportions, and visual details throughout the sequence.

Environment

Destroyed industrial megacity with gigantic cooling towers, burning factories, collapsing structures, shattered roads, smoke, fire, sparks, dust, debris, steam clouds, realistic destruction physics, post-apocalyptic atmosphere.

Visual Style

IMAX blockbuster quality, ultra realistic cinematic action, handheld camera, dramatic lighting, volumetric smoke, realistic fire simulation, realistic water physics, AAA movie-level VFX, film grain, cinematic color grading, extreme scale and destruction.

Scene Breakdown (15 Seconds)

0-2s

The Fire Titan descends from the sky at extreme speed.

The hero runs through a destroyed industrial city.

A gigantic molten fireball crashes behind him.

Massive explosion.

Buildings shake.

Fire, debris and smoke fill the air.

Dynamic tracking camera.

2-4s

Close-up of the transformation watch.

Bright green energy activates.

The camera rotates around the hero.

Green energy spreads across his body.

Red biomechanical armor rapidly forms.

Water vapor erupts from every armor plate.

Transformation completes.

4-6s

The Water Armor Warrior stands ready.

The Fire Titan attacks from above.

The warrior fires high-pressure water streams from both arm cannons.

Fire and water collide.

Massive steam explosions fill the battlefield.

6-9s

Close combat sequence.

The Water Armor Warrior flies directly toward the Fire Titan.

A powerful punch lands on the titan's chest.

Water energy erupts from the impact.

The Fire Titan crashes through industrial structures.

Cooling towers collapse.

Massive destruction.

9-11s

Close-up on the Water Armor Warrior.

Green eyes glow intensely.

Water energy gathers around both hands.

Rotating energy rings appear behind him.

Lightning forms inside the water energy.

Dialogue:

Hero:
""You picked the wrong world to burn.""

11-14s

The Fire Titan unleashes a colossal inferno blast.

The Water Armor Warrior launches a gigantic water-energy beam.

Both attacks collide.

A city-sized explosion of fire, water, steam, and lightning erupts across the industrial zone.

Shockwaves spread for miles.

14-15s

Smoke slowly clears.

The Fire Titan and Water Armor Warrior remain standing.

Suddenly the ground cracks open.

A gigantic shadow titan emerges from beneath the industrial complex.

Its glowing red eyes appear through the smoke.

The Water Armor Warrior slowly looks upward.

Massive cliffhanger ending.

No subtitles.
No text overlays.
No logo.
One continuous cinematic sequence.
Ultra realistic physics.
Extreme cinematic scale.
8K HDR.
Hollywood blockbuster quality.
Masterpiece quality."
renoise-2067450401880932465,Searching for the last Ferrari on Earth. Begin from an ultra-high aerial…,,其他,,风景空镜,,ja,Seedance 2.0,,,renoise-ai/awesome-seedance-prompts,https://github.com/renoise-ai/awesome-seedance-prompts/blob/904b6caffa21c2b114bb93e1bd0e37ba80b3dd10/data/prompts/2067450401880932465.json,CC-BY-4.0,たくぞー｜AI動画最新情報,https://x.com/tkz_aiart/status/2067450401880932465,True,prompts/其他/风景空镜/renoise-2067450401880932465--Searching-for-the-last-Ferrari-on-Earth.md,"Searching for the last Ferrari on Earth. Begin from an ultra-high aerial perspective above a colossal abandoned futuristic megacity at sunrise. The camera immediately dives toward the city at extreme speed, accelerating aggressively with realistic FPV drone physics. Fly through enormous skyscraper canyons, pass between ruined towers covered in vegetation, perform high-speed descents through collapsed elevated highways, near-miss flybys only inches from concrete and steel structures, realistic inertia, cinematic motion blur, dynamic camera roll during turns, hyper-detailed architecture, volumetric sunlight piercing through atmospheric fog. The camera continuously gains speed while navigating deeper into the city. Fly through narrow urban corridors, under broken skybridges, through massive abandoned intersections, across flooded streets with realistic reflections, revealing breathtaking environmental detail at every moment. Maintain intense forward momentum and a clear sense of purpose, as if searching for something hidden. At 7 seconds, descend rapidly to street level and race through a flooded boulevard surrounded by towering ruins. The environment becomes increasingly dramatic and detailed. At 8 seconds, a small red Ferrari appears in the distance. The camera locks onto the target and accelerates toward it. Execute a fast cinematic approach, then a smooth sweeping orbit around the vehicle while gradually slowing down."
renoise-2067456636214784276,Cinematic aerial chase sequence at golden hour: A sleek black cyberpunk…,,真人,特效向,科幻,,en,Seedance 2.0,link-only,copyrighted-character,renoise-ai/awesome-seedance-prompts,https://github.com/renoise-ai/awesome-seedance-prompts/blob/904b6caffa21c2b114bb93e1bd0e37ba80b3dd10/data/prompts/2067456636214784276.json,CC-BY-4.0,Mr Das,https://x.com/MrDasOnX/status/2067456636214784276,True,prompts/真人/特效向/科幻/renoise-2067456636214784276--Cinematic-aerial-chase-sequence-at-golde.md,
renoise-2067457347434484099,"A joyful 9 to 11-year-old boy, warm tan skin, big expressive brown eyes, thick…",,漫剧,现实向,日常治愈,3D卡通,en,Seedance 2.0,,,renoise-ai/awesome-seedance-prompts,https://github.com/renoise-ai/awesome-seedance-prompts/blob/904b6caffa21c2b114bb93e1bd0e37ba80b3dd10/data/prompts/2067457347434484099.json,CC-BY-4.0,apob,https://x.com/apob_ai/status/2067457347434484099,True,"prompts/漫剧/现实向/日常治愈/renoise-2067457347434484099--A-joyful-9-to-11-year-old-boy,-warm-tan.md","A joyful 9 to 11-year-old boy, warm tan skin, big expressive brown eyes, thick dark eyebrows, small rounded nose, soft cheeks with a few freckles, wide hopeful smile, slightly messy curly dark-brown hair, short energetic build. He wears an original bright yellow football jersey with subtle blue trim, blue shorts, long white socks, worn football shoes, and a simple wristband. No real club logos, no sponsor logos. Keep his face, hairstyle, outfit, proportions, and emotional personality consistent across all panels.
Overall concept:
A young street football dreamer kicks one football from his neighborhood, and the ball magically travels through different countries, connecting young players around the world. The story grows from a small street game into a World Cup-style final, ending with a joyful trophy celebration. The tone is emotional, global, hopeful, and family-friendly.
Layout:
Clean professional storyboard sheet on a white or light neutral background, 4x4 grid with 16 numbered panels. Each panel should look like a polished Pixar-style 3D animated film still placed inside the storyboard. Use thin editorial borders, small timecodes, bold scene titles, and short handwritten-style motion notes under each panel. The storyboard should be readable, cinematic, and production-ready.
Visual style:
Pixar-inspired high-quality 3D animation, expressive child characters, warm cinematic lighting, colorful global environments, soft rounded character design, dynamic football movement, detailed backgrounds, family-friendly emotional storytelling, shallow depth of field, cinematic motion blur, dust, sand, rain, neon reflections, stadium lights, golden confetti, uplifting sports adventure mood.
Storyboard panels:
01 DREAMER IN THE STREET — 0:00
Wide establishing shot of a sunlit Barcelona-style alley. The main boy stands with a football under his foot, smiling at the camera. Old stone walls, hanging laundry, warm sunset light, and other kids waiting behind him.
Notes: one boy, one ball, one dream.
02 FIRST DRIBBLE — 0:01
Low-angle tracking shot of the boy dribbling fast through the narrow street. His worn shoes tap the ball cleanly, dust rising from the pavement.
Notes: quick feet, playful speed.
03 CHASED BY FRIENDS — 0:02
Medium shot as other children chase him laughing. He looks over his shoulder with a mischievous grin while keeping the ball close.
Notes: joy, pressure, street football energy.
04 THE BIG KICK — 0:03
Dramatic low-angle shot as the boy plants one foot and kicks the ball powerfully toward the camera. His yellow jersey catches golden light.
Notes: first launch, ball fills frame.
05 CASABLANCA ARRIVAL — 0:04
The ball drops into a lively Moroccan street at dusk. A young player in green controls it between defenders. Warm lanterns, old buildings, and cheering neighbors surround the scene.
Notes: new city, same dream.
06 DODGE AND PASS — 0:05
Dynamic shot of the Moroccan player dodging two defenders and sending a precise pass forward. Dust and fabric movement add energy.
Notes: tight dribble, clean pass.
07 TOKYO NEON CONTROL — 0:06
The ball rolls across wet neon-lit Tokyo pavement. A young girl in a dark original football kit traps the ball with one foot. Pink and blue city reflections glow around her.
Notes: one touch, night city.
08 TOKYO POWER SHOT — 0:07
She spins and strikes the ball through the neon street. The ball streaks past signs and rain reflections while background crowds blur.
Notes: fast shot, neon motion.
09 RIO BEACH VOLLEY — 0:08
The ball flies into a sunny Rio beach football game. A joyful player leaps into the air for a bicycle kick, palm trees and ocean light behind him.
Notes: airborne move, sand spray.
10 LAHORE LONG PASS — 0:09
The ball lands in a dusty Lahore neighborhood. A smiling young boy receives it as children and families cheer behind him. He prepares a long aerial pass.
Notes: dust, crowd, hope.
11 BUENOS AIRES STREET SKILL — 0:10
A young player in a light blue and white original kit nutmegs a defender in a colorful Buenos Aires street match. Flags hang overhead, crowd leaning in.
Notes: clever move, rising stakes.
12 GLOBAL BALL FLIGHT — 0:11
Magical cinematic shot of the football flying through the sky, carrying dust, neon glow, sand, and stadium light trails from every previous location.
Notes: the world connected by one ball.
13 FINAL STADIUM DROP — 0:12
The ball drops into a massive World Cup-style stadium at night. Stadium lights blaze, the crowd rises, and the main boy now appears older in spirit but still recognizable as the dreamer watching the ball descend.
Notes: dream becomes real.
14 NUMBER 10 FINAL RUN — 0:13
A star player wearing an original number 10 kit sprints toward goal as defenders chase. The main boy’s spirit of joy is echoed in the player’s expression.
Notes: every pass led here.
15 WINNING GOAL — 0:14
The number 10 player strikes the ball into the net. The goalkeeper dives, crowd explodes, lights flare, and the ball hits the back of the goal.
Notes: one shot, one world.
16 TROPHY OF DREAMS — 0:15
Final celebration shot. The main boy and players from all previous locations lift a golden trophy together under confetti. Fans from many countries cheer in the background.
Notes: not just one champion, everyone’s dream.
Text and labels:
Use small clean labels only for panel numbers, titles, timecodes, and brief motion notes. Avoid large distracting text. The images should carry the story.
Continuity:
Keep the main football boy consistent whenever he appears. Keep the football design consistent across all panels. Each location should feel distinct, but the ball should visually connect the whole story.
Mood progression:
small street dream → playful chase → global journey → rising stakes → stadium final → shared victory.
Negative prompt:
low quality, blurry panels, inconsistent character, changing main boy face, changing main boy outfit, real club logos, real sponsor logos, copyrighted team designs, celebrity likeness, distorted hands, extra fingers, broken limbs, impossible football poses, unreadable layout, messy typography, random text, watermark, scary faces, violent tackles, photorealistic live-action, anime, flat 2D illustration, dull lighting, empty crowd, chaotic composition"
renoise-2067460172893528462,"Create a 15-second wide cinematic landscape video intro, 16:9, using Seedance…",,其他,,风景空镜,,en,Seedance 2.0,,,renoise-ai/awesome-seedance-prompts,https://github.com/renoise-ai/awesome-seedance-prompts/blob/904b6caffa21c2b114bb93e1bd0e37ba80b3dd10/data/prompts/2067460172893528462.json,CC-BY-4.0,Zara,https://x.com/ZaraIrahh/status/2067460172893528462,True,prompts/其他/风景空镜/renoise-2067460172893528462--Create-a-15-second-wide-cinematic-landsc.md,"Create a 15-second wide cinematic landscape video intro, 16:9, using Seedance 2.0 style motion. A seamless one-take digital paper collage animation inspired by vintage Japanese illustrated calendars, seasonal travel posters, handcrafted picture books, and mid-century editorial artwork. Do not copy any existing artwork.

The animation combines realistic photographic cutouts with handcrafted paper illustrations. Use layered paper construction, torn edges, visible paper fibers, offset print textures, halftone patterns, gouache brushwork, colored pencil marks, imperfect cut-paper shapes, and tactile stop-motion movement. The mood is poetic, nostalgic, elegant, seasonal, and distinctly Japanese.

The camera travels continuously through four seasons as if flipping through a giant handcrafted paper panorama. Every transition feels magical yet handmade, with paper layers unfolding, rotating, sliding, and blooming into the next scene.

From 0 to 4 seconds, begin with Spring. A warm ivory paper background fills the frame. Cherry blossom branches grow outward from folded paper strips. Real photographic petals drift through the air while illustrated birds, tea cups, and traditional rooftops emerge from layered paper cutouts. Mount Fuji appears softly in the distance through translucent paper clouds.

From 4 to 8 seconds, transition into Summer. The blossoms transform into vibrant green paper forests and rolling hills. Illustrated festival lanterns swing gently from paper strings. Fireworks bloom overhead as layered paper circles expanding outward. Photographic rivers, boats, and traditional bridges slide into view with dynamic parallax. Tiny travelers wander through the landscape carrying paper fans.

From 8 to 12 seconds, transition into Autumn. The green scenery gradually shifts into deep crimson, amber, and gold paper foliage. Maple leaves scatter across the frame with stop-motion movement. Traditional temples emerge from folded paper architecture. A winding paper railway carries a tiny illustrated train through layered mountains made from textured magazine cutouts and painted paper shapes.

From 12 to 15 seconds, transition into Winter. Snowy paper hills unfold across the landscape. Soft paper snowflakes drift downward. Traditional houses glow warmly beneath layered white rooftops. All seasonal elements — blossoms, forests, lanterns, rivers, temples, trains, autumn leaves, mountains, and snowflakes — begin floating toward the center like pieces of a handcrafted paper mobile.

Visual style: vintage Japanese seasonal travel illustration, mid-century editorial design, handcrafted paper collage, gouache painting textures, magazine cutouts, warm printed color palette, sophisticated negative space, premium stop-motion animation, tactile and artistic."
renoise-2067464020748292141,"Duration: 15 seconds Style: Ultra-premium cinematic commercial, fantasy…",,其他,,广告带货,,en,Seedance 2.0,,,renoise-ai/awesome-seedance-prompts,https://github.com/renoise-ai/awesome-seedance-prompts/blob/904b6caffa21c2b114bb93e1bd0e37ba80b3dd10/data/prompts/2067464020748292141.json,CC-BY-4.0,Al-Shamus,https://x.com/im_shahid7/status/2067464020748292141,True,prompts/其他/广告带货/renoise-2067464020748292141--Duration-15-seconds-Style-Ultra-premium.md,"Duration: 15 seconds Style: Ultra-premium cinematic commercial, fantasy adventure world-building, Pixar-quality character animation, photorealistic environments, epic brand storytelling, viral social-media ad aesthetic, smooth camera transitions, dynamic motion in every frame, cinematic orchestral-electronic hybrid soundtrack.

0:00–0:03
Fade in from clouds. Massive floating islands emerge above a glowing sea of mist during golden sunrise. The camera performs a fast aerial dive through drifting clouds and waterfalls suspended in the sky. Sun rays scatter across floating forests and ancient windmills. A green energy flag waves dramatically on a cliff edge. Birds fly across the frame as particles sparkle in the atmosphere. Epic cinematic music begins with deep impacts and uplifting strings.
0:03–0:06
The camera accelerates toward a giant wooden launch ramp extending into the sky. Dynamic FPV-style movement glides just above the ramp surface. Wind rush effects, floating leaves, and glowing energy particles swirl around. As the camera reaches the end of the ramp, it launches into open air between floating islands. Motion remains fluid and energetic with constant environmental movement.
0:06–0:09
A vibrant green hummingbird mascot bursts through the clouds. Emerald feathers shimmer under sunlight. Aviator goggles reflect the floating world below. The bird performs elegant aerial acrobatics, barrel rolls, and high-speed dives between waterfalls and islands. The camera circles around the mascot while maintaining smooth cinematic motion. Feather details, volumetric lighting, and atmospheric depth create a premium animated-film appearance.
0:09–0:12
The hummingbird lands on a floating cliff covered in lush vegetation. A sleek green energy can materializes beside it with a burst of glowing energy. Camera performs a dramatic 360-degree orbit around the can. Water droplets, metallic reflections, and green lightning accents animate across the surface. Macro close-ups reveal premium textures, logo details, condensation, and vibrant branding elements.
0:12–0:15
The mascot grabs the can and launches back into the sky. Camera follows through an epic chase sequence weaving between floating islands, waterfalls, and clouds. The entire fantasy world comes alive with movement. Final wide aerial shot reveals hundreds of floating islands glowing in the sunset. The green mascot hovers in the foreground holding the can while radiant energy spreads across the sky. Cinematic logo reveal appears with bright green light burst. Music reaches a powerful emotional climax and ends on a memorable heroic note.
Visual Keywords: floating islands, fantasy sky kingdom, golden sunrise, volumetric clouds, cinematic waterfalls, emerald energy theme, green hummingbird mascot, Pixar-quality animation, photorealistic textures, ultra-detailed feathers, dynamic FPV camera, smooth transitions, epic adventure atmosphere, luxury commercial production, global energy drink campaign, viral cinematic storytelling, HDR lighting, depth, realism, premium advertising quality, award-winning VFX, 8K, masterpiece."
renoise-2067480467817804157,Pixar-Inspired 3D Animated Comedy Short,,漫剧,特效向,特效综合,3D卡通,en,Seedance 2.0,,,renoise-ai/awesome-seedance-prompts,https://github.com/renoise-ai/awesome-seedance-prompts/blob/904b6caffa21c2b114bb93e1bd0e37ba80b3dd10/data/prompts/2067480467817804157.json,CC-BY-4.0,Synthia,https://x.com/AIwithSynthia/status/2067480467817804157,True,prompts/漫剧/特效向/特效综合/renoise-2067480467817804157--Pixar-Inspired-3D-Animated-Comedy-Short.md,"Pixar-Inspired 3D Animated Comedy Short

Create a colorful Pixar-style 3D animated comedy set in a charming European-style town square during a warm summer afternoon. A playful young boy spots a giant triple-scoop ice cream cone at a cheerful ice cream cart. The vendor proudly presents the enormous cone to another customer. The boy's eyes grow wide with temptation as he imagines the delicious treat.

Without warning, he grabs the giant ice cream cone and runs away laughing. The shocked vendor freezes for a moment before immediately chasing after him. A hilarious city-wide pursuit begins. The boy races through busy streets, crowded markets, colorful flower-lined alleys, outdoor cafés, and fountains while desperately protecting the giant cone. The vendor follows close behind, weaving through pedestrians, fruit stands, bicycles, and pigeons.

The chase grows increasingly chaotic and comedic. The boy jumps over a fountain, squeezes through crowds, and celebrates every narrow escape. People stop to watch, cheer, and laugh as the ridiculous chase unfolds. Meanwhile, the hot summer sun shines overhead.

Slowly, disaster begins.

A tiny drop of melted ice cream falls from the cone.

Then another.

The boy notices and panics.

He starts running even faster, trying to save his prize. But the faster he runs, the quicker the ice cream melts. The giant triple-scoop masterpiece begins collapsing in his hands.

Finally, the entire ice cream melts all over him.

Chocolate, strawberry, and vanilla drip everywhere.

The boy stops.

Defeated.

All that's left is an empty cone.

Moments later, the exhausted vendor finally catches up. The boy prepares for trouble. Instead, the vendor smiles kindly. He reaches into the cart and hands the boy a fresh ice cream cone.

The boy looks shocked.

Then grateful.

The music shifts from frantic comedy to warm friendship.

Both sit together beside the town fountain enjoying ice cream while the sunset paints the square golden. Nearby pigeons gather, children laugh, and the town returns to normal.

Final cinematic shot: the boy and vendor sitting beside the fountain, sharing ice cream and laughter as the sun sets over the colorful town.

On-screen text: ""Sometimes stealing the shortcut only melts the reward.""

Pixar-quality 3D animation, expressive facial acting, squash-and-stretch comedy, cinematic camera movement, vibrant town square, colorful summer atmosphere, dynamic chase scenes, exaggerated reactions, emotional ending, ultra-detailed rendering, movie-quality visuals, golden-hour lighting, smooth scene transitions, 16:9 widescreen."
renoise-2067481629896159479,seedance 2.0,,其他,,广告带货,,en,Seedance 2.0,,,renoise-ai/awesome-seedance-prompts,https://github.com/renoise-ai/awesome-seedance-prompts/blob/904b6caffa21c2b114bb93e1bd0e37ba80b3dd10/data/prompts/2067481629896159479.json,CC-BY-4.0,ᴍᴜʀᴘʜʏ,https://x.com/Diplomeme/status/2067481629896159479,True,prompts/其他/广告带货/renoise-2067481629896159479--seedance-2.0.md,"seedance 2.0

Use provided storyboard image as visual reference only

CONCEPT:
Late Night Snack Run

TIMELINE:

0:00–0:04
- Rainy convenience store exterior
- Neon store sign glow
- Young adult checking flip phone
- Automatic doors opening

0:04–0:08
- Walking through snack aisle
- Notices favorite potato chips
- Hand reaches toward shelf
- Product picked up

0:08–0:12
- Bag opening macro shot
- Perfect chip lifted
- Chip approaches mouth
- First crunch

0:12–0:15
- Sound drops away
- Reality subtly shifts
- Lights stretch into cinematic trails
- Confident smile
- Hero snack packshot

STYLE:
IMAX cinematic realism
Premium FMCG advertising
Y2K nostalgia through wardrobe and props only
Natural human storytelling
Luxury commercial aesthetic

CAMERA:
IMAX 65mm film
Large-format depth
Wide cinematic establishing shots
Macro food photography
Handheld aisle tracking
Slow push-ins
Natural lens imperfections

CHARACTER:
22-year-old young adult

Silver puffer jacket
Baggy cargo pants
Chunky sneakers
Flip phone
Effortlessly cool energy

ENVIRONMENT:
24/7 convenience store
Wet asphalt
Fluorescent aisles
Chrome shelves
Retro electronics
Midnight atmosphere

LIGHTING:
Practical store lighting
Neon reflections
Soft tungsten highlights
Natural contrast
Rain reflections

COLOR PALETTE:
Warm gold
Midnight blue
Chrome silver
Muted neon accents
Natural skin tones

TRANSITIONS:
Match cuts
Motion cuts
Product-action transitions
Crunch-triggered visual shift
Seamless pacing

VISUAL QUALITY:
Kodak Vision3 500T
Natural film grain
Subtle halation
Real skin texture
Photorealistic
No CGI appearance

AVOID:
Brand logos
Trademarked packaging
Recognizable products
Floating objects
Excessive glitches
Cartoon styling
Over-saturated colors
AI-generated look

OUTPUT:
15-second loopable commercial
Cinema-grade realism
Luxury FMCG campaign
Feels like a $5M IMAX commercial
Human-centered storytelling"
renoise-2067502695234285882,this is 2 video 10sec,,真人,特效向,动作大片,,en,Seedance 2.0,,,renoise-ai/awesome-seedance-prompts,https://github.com/renoise-ai/awesome-seedance-prompts/blob/904b6caffa21c2b114bb93e1bd0e37ba80b3dd10/data/prompts/2067502695234285882.json,CC-BY-4.0,Cia0,https://x.com/Cia0_exe/status/2067502695234285882,True,prompts/真人/特效向/动作大片/renoise-2067502695234285882--this-is-2-video-10sec.md,"this is 2 video 10sec

Reference: (Agent 07 — black bob hair, red-black tactical mask, dark assault dress with red sash accents, white thigh-high socks, knee guards, CX-07 SR sniper rifle) + (futuristic glass skyline, orange-blue light strips, elevated walkways and sky-trains, bright daylight haze).
No dialogue. Pure tension-to-explosion structure, hard cuts synced to a heavy electronic bass drop. Wind-streak FX, fabric and hair movement throughout. Color grade: cool blue-glass architecture against warm red sash and orange light-strip accents.
0–2s — Wide static shot from elevated ledge. Agent 07 stands completely still at the edge, wind gently moving her hair and skirt, sniper rifle held loosely at her side. Slow tension-building push-in toward her masked face.
2–4s — Close-up shot, camera holding tight on her eyes narrowing behind the mask. A beat of stillness, then she snaps into motion — explosive launch into a full sprint, motion blur trailing instantly.
4–6s — Side tracking shot, camera ripping alongside her as she vaults over a railing mid-sprint, skirt and sash whipping hard, dust and light particles streaking past from the glass towers.
6–8s — Low chase-cam, slightly behind and below. She slides hard across a platform edge, dropping into a kneeling stance in one fluid motion, rifle already swinging up into position.
8–10s — Extreme close-up hero shot. Her eye locks onto the scope, finger tightening on the trigger — hard freeze-frame exactly on the muzzle flash, light flaring across her mask, dust settling around her frozen stance. Hold freeze for impact, then cut to black."
renoise-2067505399742492776,"gothic anime still frame of [subject] in a dark [setting], ornate costume and…",,漫剧,特效向,奇幻冒险,2D日漫,en,Seedance 2.0,,,renoise-ai/awesome-seedance-prompts,https://github.com/renoise-ai/awesome-seedance-prompts/blob/904b6caffa21c2b114bb93e1bd0e37ba80b3dd10/data/prompts/2067505399742492776.json,CC-BY-4.0,Maïm Garnier,https://x.com/maybeegreen/status/2067505399742492776,True,prompts/漫剧/特效向/奇幻冒险/renoise-2067505399742492776--gothic-anime-still-frame-of-subject-in-a.md,"gothic anime still frame of [subject] in a dark [setting], ornate costume and environment details, deep [color1] and [color2] palette, candlelight or moonlight illumination, dramatic shadows, melancholic expression, elegant dark fantasy atmosphere, refined anime linework, painterly background, cinematic composition."
renoise-2067508104804364637,strict Japanese anime sports illustration style based on provided AURORA Blaze…,,漫剧,现实向,剧情短片,2D日漫,en,Seedance 2.0,,,renoise-ai/awesome-seedance-prompts,https://github.com/renoise-ai/awesome-seedance-prompts/blob/904b6caffa21c2b114bb93e1bd0e37ba80b3dd10/data/prompts/2067508104804364637.json,CC-BY-4.0,Kiki,https://x.com/Mayz1169/status/2067508104804364637,True,prompts/漫剧/现实向/剧情短片/renoise-2067508104804364637--strict-Japanese-anime-sports-illustratio.md,"strict Japanese anime sports illustration style based on provided AURORA Blaze character sheet, match exact facial design, red hair design, twin ponytail dynamics, eye shape, skin tone, and Scarlet Waves red team uniform design, clean high-end anime key visual rendering, sports anime cinematic style (Haikyuu / Blue Lock level intensity), cel-shaded lighting, crisp linework, dynamic motion lines, no realism, no 3D rendering, no Western stylization, fully consistent character model sheet fidelity, beach volleyball tournament broadcast style anime cinematography  CHARACTER LOCK: AURORA BLAZE (MAIN PLAYER) exact match with reference sheet red twin ponytail hair, highly dynamic motion flow sharp orange-red anime eyes athletic slim muscular volleyball build (175cm) red “Scarlet Waves” bikini-style volleyball uniform (number 7) black arm sleeve + knee support energetic, aggressive, confident smile → intense focus during rally sweat + sand particles only in stylized anime FX form signature explosive offensive spike style RIVAL TEAM PLAYER opposing anime beach volleyball girl different color uniform (cool tone contrast) defensive + counterattack focused playstyle serious competitive expression must remain same anime sports style consistency FOCUS:  extreme fast-paced beach volleyball rally, continuous spike-dig-set exchanges, high-frequency volley sequences, aggressive offensive pressure from both sides, explosive sand FX, fast ball tracking, constant motion intensity escalation, no idle frames, cinematic sports anime pacing, emotional competitive crescendo   15s TIMELINE STORYBOARD [0s – 2s] — PRE-MATCH TENSION  wide cinematic beach volleyball arena Aurora Blaze stands in ready stance on sand court sunlight flare, crowd blurred in background wind pushes her red twin ponytail dramatically  camera: slow push-in to her confident eyes  [2s – 4s] — EXPLOSIVE SERVE  rival performs high-speed jump serve ball spins violently through air toward Aurora speed lines + motion blur anime FX  camera: fast tracking shot on ball trajectory  [4s – 6s] — PERFECT RECEIVE + INSTANT SET  Aurora receives serve with sharp forearm dig sand explodes in stylized anime particles instant controlled set upward without delay no hesitation, pure reflex action  camera: whip pan + fast cut transition  [6s – 8s] — FIRST RALLY CHAOS (3 HIT LOOP)  rapid volley sequence begins:  rival spike → Aurora dig Aurora set → teammate spike rival block → rebound save  ball never stops moving  camera: rapid angle switching + ball tracking focus  [8s – 10s] — HIGH SPEED AIR EXCHANGE  both teams jump repeatedly in mid-air spikes ball crosses net multiple times in seconds speed lines intensify, sand particles flying everywhere crowd energy implied through visual shake  camera: alternating low-angle + aerial cut shots  [10s – 12s] — CLUTCH DEFENSE MOMENT  rival executes powerful finishing spike Aurora dives full extension save into sand slow motion impact for 0.3s only immediate recovery into counterattack setup  camera: slow-mo impact → snap return to fast motion  [12s – 14s] — FINAL COMBO RALLY (MAX INTENSITY)  rapid 2–3 hit exchanges:  Aurora quick set rival block attempt ball rebounds high Aurora jumps for final timing setup  camera: fast zoom cuts + dynamic shake + speed lines overload  [14s – 15s] — MATCH POINT FINISH  Aurora Blaze performs explosive final spike ball breaks through block at net sand explosion impact on court freeze frame on Aurora determined victory expression  camera: cinematic zoom out → freeze frame hero shot  STRICT REQUIREMENTS (VERY IMPORTANT): MUST strictly match AURORA Blaze character sheet design (no deviation) MUST maintain Japanese anime sports illustration style consistency NO realism, NO CGI, NO Western rendering NO face drift, NO outfit redesign, NO color changes Ball must remain continuously visible in all rally sequences Must feel like uninterrupted high-speed volleyball rally Emphasize sports anime intensity (Haikyuu-level pacing + Blue Lock aggression) Every action must be fast, reactive, no idle"
renoise-2067512923900227988,strict Japanese anime sports illustration style based on provided character…,,漫剧,现实向,剧情短片,2D日漫,en,Seedance 2.0,,,renoise-ai/awesome-seedance-prompts,https://github.com/renoise-ai/awesome-seedance-prompts/blob/904b6caffa21c2b114bb93e1bd0e37ba80b3dd10/data/prompts/2067512923900227988.json,CC-BY-4.0,Kiki,https://x.com/Mayz1169/status/2067512923900227988,True,prompts/漫剧/现实向/剧情短片/renoise-2067512923900227988--strict-Japanese-anime-sports-illustratio.md,"strict Japanese anime sports illustration style based on provided character sheet (RIN KAZAMA vs SORA HINATA), identical facial structure, body proportions, hairstyle, and uniform design exactly matching reference image, clean high-end anime key visual style, cel-shaded lighting, crisp line art, dynamic motion lines, professional sports anime cinematography (Haikyuu / Blue Lock intensity), no realism, no 3D rendering, no Western style deviation, fully consistent character model sheet accuracy, beach volleyball 1v1 cinematic presentation, high-speed sports animation pacing

CHARACTER LOCK:
RIN KAZAMA (LEFT SIDE / BLUE TEAM — ALWAYS LEFT SIDE)
long black ponytail, sharp focused eyes
blue beach volleyball uniform “RIN 01”
agile attacker style, explosive speed movements
precise spike + fast reaction defense
calm but intense competitive expression
athletic lean anime body proportion (exact match sheet)
SORA HINATA (RIGHT SIDE / YELLOW TEAM — ALWAYS RIGHT SIDE)
blonde ponytail, sporty goggles on head
yellow beach volleyball uniform “SORA 15”
defensive specialist, smart game reader
fast dive saves, counter attack playstyle
confident smile → serious focus during rally
same anime proportion consistency as reference sheet
STRICT RULE:
ONLY 1v1 MATCH
RIN STAYS ON LEFT COURT SIDE ONLY (NEVER SWITCH SIDES)
SORA STAYS ON RIGHT COURT SIDE ONLY (NEVER SWITCH SIDES)
NO EXTRA PLAYERS
ONE COURT ONLY

ONE BALL ALWAYS TRACKED
NO CHARACTER TELEPORTING OR SIDE SWITCHING
FOCUS:
extreme 1v1 beach volleyball duel, continuous rally exchanges, dig → set → spike loops between only two players, fast reaction counterplay, psychological pressure duel, explosive sand FX, high-speed ball tracking, aggressive attack vs elite defense, no downtime, constant motion escalation, cinematic sports anime tension
⏱ 13s TIMELINE
[0s – 2s] — OPENING SERVE
Sora (right side) performs fast jump serve from right court
ball spins violently across net toward left side
speed lines + motion blur anime effect
camera follows ball tightly
[2s – 4s] — RIN DEFENSIVE RECEIVE
Rin (left side) receives with sharp forearm dig
sand explosion stylized anime FX
instant controlled set upward
camera whip pan from ball to Rin reaction
[4s – 6s] — FIRST RALLY LOOP
continuous exchange:
Sora spike from right side → Rin dig left side → Rin counter spike → Sora emergency save
ball crosses net repeatedly, always respecting left/right sides

[6s – 8s] — HIGH SPEED DUEL PHASE
ultra-fast rally escalation
Sora blocks on right side → Rin recovers on left → Rin spikes → Sora dives save
speed lines intensify, sand particles everywhere
rapid ball tracking, alternating angles

[8s – 10s] — CLUTCH DEFENSE MOMENT
Sora full-stretch dive save on right side
slow motion 0.3s sand impact
immediate recovery into counter set
camera slow-mo → snap zoom return
[10s – 12s] — FINAL EXCHANGE LOOP
2–3 ultra-fast hits:
Sora precise set (right) → Rin explosive spike (left) → Sora last-second block (right)
ball rebounds high, tension peaks
camera shake + fast zoom cuts
[12s – 13s] — MATCH POINT FINISH
Rin (left side) delivers final powerful spike
ball breaks through Sora block on right side
sand explosion impact on court
freeze frame on Rin determined victory expression
cinematic zoom out → hero freeze frame
STRICT REQUIREMENTS:
MUST strictly match provided character sheet designs (RIN & SORA)
MUST maintain Japanese anime sports illustration consistency
NO realism / NO CGI / NO 3D look

NO face drift or outfit change
STRICT LEFT/RIGHT SIDE FIXATION (NO SWITCHING SIDES EVER)

ball must remain visible at all times

continuous rally pacing (no idle frames)
sports anime intensity (Haikyuu / Blue Lock style pacing)"
renoise-2067520163109638380,Create a cinematic advertisement for a premium wireless headphone brand. Follow…,,其他,,广告带货,,en,Seedance 2.0,,,renoise-ai/awesome-seedance-prompts,https://github.com/renoise-ai/awesome-seedance-prompts/blob/904b6caffa21c2b114bb93e1bd0e37ba80b3dd10/data/prompts/2067520163109638380.json,CC-BY-4.0,Dhaval Makwana,https://x.com/heyDhavall/status/2067520163109638380,True,prompts/其他/广告带货/renoise-2067520163109638380--Create-a-cinematic-advertisement-for-a-p.md,"Create a cinematic advertisement for a premium wireless headphone brand. Follow a young professional through a busy day filled with distractions, noise, and stressful moments. Show how the headphones help them focus, work, exercise, and relax throughout the day. Make the product visible in multiple scenes and position it as the reason the character's experience improves. Emotional storytelling, realistic acting, cinematic lighting, premium commercial visuals, and strong product focus."
renoise-2067524427248713973,Create a cinematic luxury travel advertisement following a young couple at an…,,其他,,广告带货,,en,Seedance 2.0,,,renoise-ai/awesome-seedance-prompts,https://github.com/renoise-ai/awesome-seedance-prompts/blob/904b6caffa21c2b114bb93e1bd0e37ba80b3dd10/data/prompts/2067524427248713973.json,CC-BY-4.0,Jaynit Makwana,https://x.com/JaynitMakwana/status/2067524427248713973,True,prompts/其他/广告带货/renoise-2067524427248713973--Create-a-cinematic-luxury-travel-adverti.md,"Create a cinematic luxury travel advertisement following a young couple at an exclusive island resort. Show their arrival over turquoise waters, relaxing in overwater villas, enjoying an infinity pool, exploring the ocean by boat, dining at sunset, and walking along white-sand beaches. Premium tourism-commercial visuals, emotional storytelling, realistic human interactions, cinematic camera movement, warm color grading, and high-end luxury travel aesthetics."
renoise-2067527898287034625,Use uploaded storyboard as motion reference.,,漫剧,特效向,武侠打斗,2D日漫,en,Seedance 2.0,,,renoise-ai/awesome-seedance-prompts,https://github.com/renoise-ai/awesome-seedance-prompts/blob/904b6caffa21c2b114bb93e1bd0e37ba80b3dd10/data/prompts/2067527898287034625.json,CC-BY-4.0,Adithya Thatipalli,https://x.com/adithatipalli/status/2067527898287034625,True,prompts/漫剧/特效向/武侠打斗/renoise-2067527898287034625--Use-uploaded-storyboard-as-motion-refere.md,"Use uploaded storyboard as motion reference.

Create a hyper-dynamic Tibetan kung fu showcase inside an ancient temple. A solitary male warrior monk unleashes escalating ritual combat with explosive martial arts momentum and spiritual elemental energy.

Style: stylized wuxia anime realism, kinetic martial arts spectacle, violent motion energy, ritual combat cinema.

Character: male Tibetan monk warrior, broad silhouette, layered dark robes, flowing fabric strips, aggressive body language, spiritually dangerous presence.

Action:
flying kicks, spinning attacks, rapid palm strikes, aerial twists, sliding sweeps, stomp impacts, rotational airborne attacks, beast stance, elemental vortex, airborne final strike.

Motion:
constant flowing momentum, explosive pose transitions, aggressive rotational movement, violent cloth motion, readable silhouettes, impact-heavy choreography.

Camera:
orbiting motion, handheld intensity, whip-pan energy, extreme low angles, overhead spins, fast push-ins, strong parallax.

Effects:
air shockwaves, dust explosions, stone fragments, fire trails, heat distortion, spiraling elemental vortex.

Prioritize motion intensity, kinetic spectacle, dynamic choreography and visual impact.

Avoid stiff movement, static poses and slow pacing."
renoise-2067528442875359644,Single continuous shot. No cuts. One uninterrupted windsurf pursuit.,,漫剧,现实向,剧情短片,2D日漫,en,Seedance 2.0,,,renoise-ai/awesome-seedance-prompts,https://github.com/renoise-ai/awesome-seedance-prompts/blob/904b6caffa21c2b114bb93e1bd0e37ba80b3dd10/data/prompts/2067528442875359644.json,CC-BY-4.0,Renoise,https://x.com/renoiseai/status/2067528442875359644,True,prompts/漫剧/现实向/剧情短片/renoise-2067528442875359644--Single-continuous-shot.-No-cuts.-One-uni.md,"Single continuous shot. No cuts. One uninterrupted windsurf pursuit.

0s-3s | ACCELERATION

Camera skims 30cm above the ocean surface beside Bree.

Bree leans aggressively into the wind.

Her red sail is fully loaded.

The board slices through choppy water.

Small sprays curl backward.

Hair and clothing whip violently in the wind.

Ocean swells rise ahead.

Energy level: 30%

---

3s-6s | SPEED BUILD

Camera gradually drops behind the board.

Bree accelerates.

The wake grows longer.

Board rails chatter across rough water.

Several larger waves approach.

Water droplets occasionally hit the lens.

The sail flexes under increasing pressure.

Energy level: 50%

---

6s-9s | WAVE ATTACK

A steep swell rises ahead.

Bree shifts her weight.

The board climbs the wave face.

She launches briefly into the air.

The camera remains low and close.

For a moment the board is completely airborne.

Sunlight shines through the translucent red sail.

The landing throws a burst of white spray.

Energy level: 70%

---

9s-12s | CRITICAL MOMENT

A larger breaking wave forms.

Bree races toward it.

The camera moves to a low side angle.

The board skips across turbulent water.

The sail pulls hard.

For a split second she appears close to losing control.

She recovers instantly.

Her fingertips skim the water surface.

A long ribbon of spray follows behind.

Energy level: 85%

---

12s-15s | CLIMAX

Bree commits to a powerful cutback.

The board rail bites deeply into the wave face.

A huge wall of spray erupts upward.

The camera remains directly inside the turn radius.

The spray rapidly expands.

Sunlight illuminates every droplet.

The water wall rushes toward the lens.

Frame fills completely with white spray.

Natural lens wipe.

End.

Energy level: 100%

VISUAL RULES

Maintain continuous geography.

Same ocean.

Same horizon.

Same sail.

Same board.

No teleporting.

No cuts.

No time jumps.

No extra characters.

No land.

No boats.

No buildings.

Keep Bree visible throughout the entire sequence until the final spray impact.

CAMERA RULES

0s-6s:
low side chase

6s-9s:
low rear chase

9s-12s:
side tracking

12s-15s:
inside carve trajectory

Camera always remains within 1-3 meters of Bree.

STYLE

Sports anime cinematic realism.

Extreme windsurfing.

Powerful ocean waves.

Bright sunlight.

Transparent red sail.

Dynamic water spray.

High-speed action.

Professional windsurf athlete.

Final frame becomes a full-screen spray wipe."
renoise-2067541610217558018,Use @image1 as the authoritative NUNCHAKU FREESTYLE ARTIST character reference.,,漫剧,特效向,武侠打斗,2D日漫,en,Seedance 2.0,,,renoise-ai/awesome-seedance-prompts,https://github.com/renoise-ai/awesome-seedance-prompts/blob/904b6caffa21c2b114bb93e1bd0e37ba80b3dd10/data/prompts/2067541610217558018.json,CC-BY-4.0,Cipher | AI & Web3,https://x.com/cipherr_exe/status/2067541610217558018,True,prompts/漫剧/特效向/武侠打斗/renoise-2067541610217558018--Use-image1-as-the-authoritative-NUNCHAKU.md,"Use @image1 as the authoritative NUNCHAKU FREESTYLE ARTIST character reference.

Use @image2 as the authoritative storyboard and choreography reference.

Do not render the reference sheet or storyboard sheet itself; recreate the cinematic animated sequence implied by them.

SUBJECT

NUNCHAKU FREESTYLE ARTIST (@image1)

Young adult martial artist, lean athletic build, sharp jawline, focused almond-shaped eyes, short dark slightly messy hair, disciplined serious expression, light-medium skin tone.

Wears a sleeveless black martial-arts training top, loose dark training pants, light beige hand and wrist wraps, practical dark training shoes.

Carries a realistic wooden nunchaku with visible wood grain and short chain connection.

Maintain exact facial identity, hairstyle, proportions, outfit, wraps, shoes, and weapon throughout the video.

Movement style is highly disciplined freestyle nunchaku performance:

precise wrist rolls
shoulder passes
underarm transfers
behind-the-back controls
figure-eight patterns
smooth catches
grounded martial footwork
full body coordination

Every motion must feel physically possible and highly trained.

ENVIRONMENT

Traditional outdoor martial-arts courtyard.

Stone training floor with subtle dust.

Wooden structures and training equipment.

Bamboo details around the edges.

Warm daylight.

Soft natural shadows.

Light breeze moving fabric and leaves.

The entire video remains in this same courtyard.

Maintain environment continuity throughout all shots.

STYLE

Cinematic semi-realistic anime action reel.

Premium cel shading.

Sharp linework.

Painterly environmental rendering.

Grounded martial-arts realism.

Professional choreography showcase.

No fantasy powers.

No energy effects.

No glow.

No magical particles.

No supernatural elements.

The reel should feel like an elite martial-arts concept presentation.

LAYOUT

Main action dominates the frame.

Subtle premium character-sheet overlays may appear:

NUNCHAKU FREESTYLE ARTIST
DISCIPLINE
CONTROL
FLOW
weapon detail callouts
stance notes
movement diagrams

Design graphics must remain elegant and secondary to the action.

SHOT 1

Hard cut into motion.

Extreme close-up.

85mm macro.

Handheld micro-shake.

Wooden nunchaku already spinning at high speed directly in front of camera.

Motion blur passes across frame.

The martial artist is partially visible behind the spinning weapon.

Eyes locked forward.

Focused and calm.

Chain flashes through sunlight.

Dust drifts through warm air.

No pause.

Motion is already underway.

Duration: 1.5s

SHOT 2

Smash cut.

Medium-wide.

35mm.

Low angle.

The artist pivots sharply on the stone floor.

Side pass transitions into a rapid wrist roll.

Knees bent.

Torso rotates.

Footwork drives the motion.

Dust kicks up from the lead foot.

Clothing reacts naturally.

The nunchaku path remains readable.

Duration: 1.5s

SHOT 3

Match cut.

Extreme close-up.

50mm macro.

Focus on hand control.

Wrapped fingers.

Chain connection.

Wood texture.

A fast wrist roll transitions directly into an underarm pass.

The weapon rotates smoothly around the forearm.

The catch is precise.

Every movement feels trained and intentional.

Duration: 2.0s

SHOT 4

Lateral tracking shot.

35mm.

Medium shot.

The artist performs a behind-the-back transfer.

Body rotates with the weapon.

One step transitions into another.

The nunchaku disappears briefly behind the torso and reappears under perfect control.

Fabric shifts with movement.

Hair moves slightly in the breeze.

Duration: 2.0s

SHOT 5

Low-angle power shot.

28mm.

Full body.

The fighter drops into a deep grounded stance.

The nunchaku accelerates into a sweeping figure-eight pattern near body level.

Dust lifts from the stone floor.

Sunlight catches the spinning wood.

The pattern remains clear and physically readable.

Duration: 2.5s

SHOT 6

Dynamic medium close-up.

35mm.

Subtle push-in.

The artist rotates through a rapid sequence:

shoulder pass

recovery catch

wrist roll

reverse pass

tight recovery

Head remains stable.

Eyes focused.

Shoulders and hips coordinate naturally.

The weapon never loses momentum.

Duration: 2.0s

SHOT 7

Close-medium.

50mm.

A sharp shoulder pass snaps into a controlled catch near the ribs.

The weapon stops for a split second before immediately transitioning into the next control position.

The movement appears dangerous but completely mastered.

Breathing remains steady.

Expression unchanged.

Duration: 1.5s

SHOT 8

Hero finish.

40mm.

Full-body frame.

Camera settles into a slow push-in.

The artist lands in a strong grounded martial stance.

One foot forward.

Nunchaku controlled at his side.

Chest rises and falls calmly.

The courtyard remains still behind him.

Character-sheet overlays become slightly more visible:

NUNCHAKU FREESTYLE ARTIST

DISCIPLINE

CONTROL

FLOW

The performer remains composed and ready.

Duration: 2.0s

ANIMATION RULES

Real freestyle nunchaku mechanics only.

Accurate:

wrist rolls
underarm passes
shoulder passes
behind-the-back transfers
figure-eight patterns
catches
footwork

Weapon momentum must remain continuous.

Body mechanics must drive every movement.

No impossible spins.

No floating weapon.

No teleporting catches.

No exaggerated anime physics.

NEGATIVE PROMPT

3D CG, photoreal live action, fantasy glow, energy trails, magic particles, lightning, fire effects, superhero powers, sci-fi weapon, neon cyberpunk colors, floating nunchaku, random spinning, unreadable choreography, broken anatomy, extra limbs, extra fingers, distorted face, identity drift, wrong hairstyle, wrong outfit, weapon changing shape, teleporting weapon, camera spinning excessively, goofy expressions, comedy poses, messy overlays, flickering graphics, impossible martial-arts movement."
renoise-2067543328426783049,"An extremely rough, messy, dirty pencil storyboard sheet. Scribbled thumbnail…",,真人,现实向,生活与vlog,,en,Seedance 2.0,,,renoise-ai/awesome-seedance-prompts,https://github.com/renoise-ai/awesome-seedance-prompts/blob/904b6caffa21c2b114bb93e1bd0e37ba80b3dd10/data/prompts/2067543328426783049.json,CC-BY-4.0,𝐌,https://x.com/Strength04_X/status/2067543328426783049,True,"prompts/真人/现实向/生活与vlog/renoise-2067543328426783049--An-extremely-rough,-messy,-dirty-pencil.md","An extremely rough, messy, dirty pencil storyboard sheet. Scribbled thumbnail sketches that look like they were drawn in 10 seconds, rough gesture sketches, loose scratchy lines, barely readable shapes. Complete doodle-level roughness, even messier and rougher than a clean sketch. Aspect ratio: 21:9. Black and white only. Absolutely do not make it look like a finished drawing. Do not make clean line art. Arrange exactly 12 panels in a 4×3 grid, 4 columns by 3 rows. Each panel should have a messy, uneven rectangular frame that looks quickly drawn. No text, numbers, logos, or captions at all. A scene of a woman making and eating thick butter toast.

Consistency rules: keep everything physically correct across all panels. The toaster must always be the same wide two-slot toaster. Always draw it from the same diagonal front angle. Do not flip the toaster's orientation. The bread must always be the same thick square slice. Do not change its size or shape between panels. Keep the hands and knife simple. Draw a maximum of two fingers. Do not draw extra fingers or broken joints. The butter should always be a solid rectangular block on a small ceramic dish. Do not make it melted until it is spread on toast.

Panel 1 (hook): A thick slice of bread dropped into the toaster slot with force. Small crumb particles flying. The toaster glows faintly at the bottom.

Panel 2: The toaster lever pushed down. The bread disappears inside. Faint heat lines rising.

Panel 3: Close-up of the toaster slots. Heat shimmer lines visible above. Waiting tension.

Panel 4: The bread pops up suddenly from the toaster. It is golden brown. Steam rising from it.

Panel 5: The toast placed on a small plate. A large cold butter block on a dish beside it.

Panel 6: A knife pressed into the butter block. A thick slab being cut off.

Panel 7: The butter slab placed on top of the hot toast. It begins to melt immediately at the edges.

Panel 8: The knife spreads the melting butter across the surface. Butter pools in the corners and along the crust.

Panel 9: Close-up of the fully buttered toast surface. Glossy melted butter filling every texture of the bread.

Panel 10: The toast lifted with both hands. Steam rising. Butter still glistening.

Panel 11: A large bite taken from the corner. The inside crumb structure is visible. Crispy crust shatters slightly.

Panel 12 (finish): The woman chews slowly with a calm, satisfied expression. Steam rising from the remaining toast on the plate.

The whole image should be a pure rough scribbled thumbnail sheet. Messy, crude, no details, no shading, no color, no text."
renoise-2067543588179767600,Use @[image1] only as the director-approved storyboard reference for visible…,,漫剧,特效向,战斗大招,3D卡通,en,Seedance 2.0,,,renoise-ai/awesome-seedance-prompts,https://github.com/renoise-ai/awesome-seedance-prompts/blob/904b6caffa21c2b114bb93e1bd0e37ba80b3dd10/data/prompts/2067543588179767600.json,CC-BY-4.0,Kōda,https://x.com/aimikoda/status/2067543588179767600,True,prompts/漫剧/特效向/战斗大招/renoise-2067543588179767600--Use-image1-only-as-the-director-approved.md,"Use @[image1] only as the director-approved storyboard reference for visible panel order, staging, action, character placement, prop/effect states, and spatial cues. Follow panel order exactly; do not invent alternate coverage or extra story. Do not render the storyboard sheet, transfer its sketch medium, or inherit proxy faces, proportions, wardrobe, colors, drawing shapes, or anatomy. Recreate the filmed sequence.
Use @[image2] as the sole authority for C1 final appearance, face, body, wardrobe, proportions, materials, and likeness, and @[image3] as the sole authority for C2 final appearance, face, body, wardrobe, proportions, materials, and likeness; translate both into the same stylized 3D character-animation look, and treat storyboard characters as blocking proxies only.

VISUAL STYLE: Stylized 3D martial-arts animation in the spirit of classic Hong Kong action cinema, high-end cinematic character rendering, formal open-platform staging, clean medium-wide geography, tight hand and wrist close-ups, short impact push-ins, grounded body mechanics, crisp footwork, no acrobatics, restrained brutality, tactile cloth and contact.
AUDIO: No background music or score. Use only diegetic platform ambience, cloth snaps, foot pivots, breath, wrist grabs, forearm blocks, chest hits, palm impacts, kick jams, body recoil, and final silence.
ENVIRONMENT: Open raised fighting platform with a plain formal boundary, hard floor surface, empty hostile space around the duel, and steady overhead light.
EMOTIONAL GUIDANCE: The duel opens already in motion; C1 stays relaxed and centered as C2 escalates from rigid force to frustration, ending with C1 calm and C2 structurally broken.

BEATS:
P01: 24mm wide action opener; C2 drives in from screen right with a hard straight punch combination toward C1 screen left, establishing the platform centerline through impact motion; SFX foot stomp, sleeve snap, breath burst.
P02: 35mm side; C1 slips slightly off-line inside the lead arm, catches the wrist, and lets C2's second punch pass narrow without meeting force; SFX foot slide, forearm skim, wrist catch.
P03: 50mm push-in; with the lead arm trapped, C1 fires short chest and face punches, making C2 recoil one step while C1 stays compact; SFX tight thuds, clipped breath, heel scrape.
P04: 35mm medium; C2 snaps a sharp block and steps back into the line as C1 releases calmly at center-left, resetting under pressure without breaking geography; SFX hard block, breath reset, cloth rustle.
P05: 35mm side low; C2 whips a high kick from screen right, C1 steps in early to jam hip and shin before the kick extends, stalling C2's force; SFX kick rush, shin jam, platform tap.
P06: 50mm push-in; C2 follows with a heavy body punch, C1 rotates narrowly, catches the arm, and counters with a fast palm strike to the chest line; SFX forearm catch, palm hit, body recoil.
P07: 24mm medium-wide; C2 surges with wide linear punches and hard blocks, but C1 closes distance and pins both fighters near center as karate angles crowd themselves; SFX rapid steps, block cracks, sleeve snaps.
P08: Macro hand insert; C1 controls C2's wrist, checks the elbow, and opens a narrow lane through the guard as rigid karate structure bends; SFX wrist clamp, elbow check, breath strain.
P09: 35mm impact-to-wide pullback; C1 drives rapid chain punches along C2's centerline until C2 collapses backward, leaving C1 still while C2 falls defeated; SFX final impacts, sliding shoes, body fall, sudden silence."
renoise-2067544091546820893,Aurora rides powerful tropical swells under bright summer sunlight while…,,漫剧,特效向,战斗大招,2D日漫,en,Seedance 2.0,,,renoise-ai/awesome-seedance-prompts,https://github.com/renoise-ai/awesome-seedance-prompts/blob/904b6caffa21c2b114bb93e1bd0e37ba80b3dd10/data/prompts/2067544091546820893.json,CC-BY-4.0,Kiki,https://x.com/Mayz1169/status/2067544091546820893,True,prompts/漫剧/特效向/战斗大招/renoise-2067544091546820893--Aurora-rides-powerful-tropical-swells-un.md,"Aurora rides powerful tropical swells under bright summer sunlight while performing a sequence of increasingly stylish windsurf tricks.
The entire video is a continuous 15-second pursuit ending with a dramatic hero carve and a giant sparkling spray explosion.

CHARACTER

Use Image 1 as the strict identity reference.

Maintain exactly:

Aurora face
brown ponytail
blue eyes
sunglasses on head
pink flower accessory
pink-and-blue bikini
black harness
ankle accessories
pink-and-blue sail
pink-and-blue board

Perfect identity consistency.

No redesign.

No outfit changes.

No accessory changes.

No character duplication.

STYLE

Premium anime feature film.

Makoto Shinkai ocean lighting.

High-end sports anime cinematography.

Detailed hair physics.

Beautiful sail cloth simulation.

Dynamic ocean spray.

Vibrant tropical colors.

Professional anime action animation.

ENVIRONMENT

Bright tropical ocean.

Clear blue sky.

Warm afternoon sunlight.

Turquoise water.

Rolling swells.

White foam trails.

Flying seabirds.

Sparkling reflections.

No shoreline.

No boats.

No other riders.

VIDEO FORMAT

15-second continuous single take.

No cuts.

No transitions.

No scene changes.

One uninterrupted camera movement.

TIMELINE
0s–3s

OPENING ACCELERATION

Aurora is already windsurfing at high speed.

Camera starts close beside her at sail height.

The pink-and-blue sail is fully powered by the wind.

Her ponytail and translucent jacket stream dramatically behind her.

Ocean spray trails from the board rail.

She smiles confidently.

Sunlight sparkles across the water.

Energy 30%.

3s–6s

FULL SPEED CHASE

Camera gradually moves behind her.

Board speed increases.

The wake becomes longer.

Water streaks race beneath the lens.

Aurora lowers into an athletic racing stance.

The sail flexes under wind pressure.

Large swells approach.

Energy 55%.

6s–9s

WAVE BOOST

Aurora drives up a steep wave face.

The board launches cleanly into the air.

The camera remains low behind the board.

Ocean droplets scatter like crystals.

Sunlight shines through the pink sail.

Her body remains perfectly balanced.

The sail and board stay fully connected.

Energy 75%.

9s–12s

SIGNATURE AERIAL TRICK

Aurora performs a stylish windsurf aerial.

The board rises higher above the wave.

She rotates gracefully in the air.

One hand briefly releases and re-grips the boom.

The sail sweeps dramatically across the frame.

Her ponytail and flower accessory flutter in the wind.

The maneuver remains elegant and controlled.

Anime-style cinematic slow motion.

Sparkling water droplets surround her.

Energy 90%.

12s–15s

HERO FINISH

Aurora lands smoothly.

Without losing speed she carves aggressively across the wave face.

The board rail bites into the water.

A huge fan-shaped wall of sparkling spray erupts behind her.

The camera chases directly through the spray.

Sunlight illuminates every droplet.

The pink sail glows in the backlight.

Aurora laughs confidently while accelerating toward the horizon.

The spray fills the frame.

Natural lens wipe.

End.

Energy 100%.

CAMERA PLAN

0s–3s

side chase beside sail

3s–6s

low rear pursuit

6s–9s

board-level follow

9s–12s

low tracking during aerial

12s–15s

inside carve trajectory

Always remain within 1–3 meters of Aurora.

Never switch locations.

Never use drone shots.

Stay near ocean level.

WINDSURF ACCURACY LOCK

The sail remains attached throughout.

Harness remains visible.

Wind drives all acceleration.

Board movement follows realistic windsurf mechanics.

Spray originates from:

rail pressure
wave contact
landings
carving turns

No hovering.

No impossible physics.

No detached sail.

No ordinary surfing behavior.

EMOTIONAL ARC

freedom
→ speed
→ excitement
→ style
→ triumph

Aurora never struggles.

She plays with the wind.

She dances with the waves.

She remains cheerful, confident, and fearless throughout.

QUALITY TAGS

anime feature film quality,
perfect character consistency,
stable face,
stable outfit,
stable sail design,
stable board design,
beautiful hair physics,
dynamic ocean simulation,
professional windsurfing,
aerial tricks,
high-speed action,
Makoto Shinkai lighting,
no extra limbs,
no duplicate character,
no face distortion,
no accessory changes,
no text,
no logos,
no subtitles,
no watermark."
renoise-2067552575680049295,魅力的な褐色肌の女性ファッションモデルが、優雅なデザイナービキニを着て、自信たっぷりに豪華なランウェイステージを歩く。高級ファッションの雰囲気、プロフェッショナ…,,真人,现实向,时尚写真,,ja,Seedance 2.0,,,renoise-ai/awesome-seedance-prompts,https://github.com/renoise-ai/awesome-seedance-prompts/blob/904b6caffa21c2b114bb93e1bd0e37ba80b3dd10/data/prompts/2067552575680049295.json,CC-BY-4.0,あいく＠AIで２億,https://x.com/osuruko1977/status/2067552575680049295,True,prompts/真人/现实向/时尚写真/renoise-2067552575680049295--魅力的な褐色肌の女性ファッションモデルが-優雅なデザイナービキニを着て-自信たっ.md,"魅力的な褐色肌の女性ファッションモデルが、優雅なデザイナービキニを着て、自信たっぷりに豪華なランウェイステージを歩く。高級ファッションの雰囲気、プロフェッショナルなキャットウォークショー、劇的な照明、光沢のある反射するランウェイの床、背景にぼやけた歓声の観客。モデルは完璧なランウェイテクニック、優雅な姿勢、自信に満ちた表情、流れるような動きを披露する。

ショットシーケンス (15秒):

0-3秒: モデルがバックステージから現れ、ランウェイを歩き始める様子を正面から捉えたワイドシネマティックショット。ダイナミックなカメラドリーが前方へ移動し、豪華なファッションショーの雰囲気を演出。

3-6秒: 彼女の歩みに沿ったミディアムサイドトラッキングショット。滑らかなカメラの動きが優雅さ、姿勢、流れるような動きを強調。

6-9秒: 顔のクローズアップビューティーショット。彼女がカメラと微妙にアイコンタクトを取り、自信に満ちた視線、自然な表情、柔らかなランウェイ照明が顔の特徴を際立たせる。

9-12秒: ランウェイの床から上向きのローアングルショットで、彼女が優雅なターンとポーズを行う様子を捉える。シネマティックなモーション、雑誌クオリティのファッションフォトグラフィー風の美学。

12-15秒: 目と笑顔のエクストリームクローズアップから、彼女が最後の力強いランウェイポーズを決めるフルボディヒーローショットへ引き戻す。カメラがゆっくりと彼女の周りを回る。超現実的、豪華ファッションキャンペーン品質、浅い被写界深度、滑らかなモーションブラー、4K、シネマティック照明、Vogueスタイルのファッションフィルム、高度に詳細な肌の質感、プロフェッショナルなランウェイ振り付け。

スタイル: 高級ファッション、シネマティック、豪華ランウェイショー、フォトリアリスティック、滑らかなカメラトランジション、優雅で上品なスイムウェアモデリング、プレミアムファッションエディトリアル、4K HDR、現実的な動き、ファッションウィークの雰囲気。"
renoise-2067562576351825926,POV handheld shot from someone in the audience filming with a phone camera from…,,真人,特效向,奇幻怪兽,,en,Seedance 2.0,,,renoise-ai/awesome-seedance-prompts,https://github.com/renoise-ai/awesome-seedance-prompts/blob/904b6caffa21c2b114bb93e1bd0e37ba80b3dd10/data/prompts/2067562576351825926.json,CC-BY-4.0,Travis Davids,https://x.com/MrDavids1/status/2067562576351825926,True,prompts/真人/特效向/奇幻怪兽/renoise-2067562576351825926--POV-handheld-shot-from-someone-in-the-au.md,"POV handheld shot from someone in the audience filming with a phone camera from the third row, frame slightly unsteady, raised above other people’s heads. The scene shows an expansive tundra-style stage where a lone ice sorceress faces off against a towering, crimson-skinned demon. The demon roars, unleashing a torrential wave of hellfire from its mouth and feet across the icy floor. The sorceress slams her hands down, raising a massive, hyper-reflective wall of cracked ice sheets from the back of the stage to block the inferno. The crowd screams in suspense, cameras shaking slightly. The ice wall acts as a perfect lens, refracting the heat and focusing it right back at the monster with double the intensity; unable to withstand its own redirected power, the oni collapses to the ground and instantly bursts into a spectacular cloud of roaring flames. The stadium erupts with loud cheering and frantic whispering."
renoise-2067568361018720704,Ultra-realistic wildlife documentary footage filmed from a moving safari jeep…,,其他,,动物萌宠,,en,Seedance 2.0,,,renoise-ai/awesome-seedance-prompts,https://github.com/renoise-ai/awesome-seedance-prompts/blob/904b6caffa21c2b114bb93e1bd0e37ba80b3dd10/data/prompts/2067568361018720704.json,CC-BY-4.0,Rahul Nanda,https://x.com/rahulnanda86/status/2067568361018720704,True,prompts/其他/动物萌宠/renoise-2067568361018720704--Ultra-realistic-wildlife-documentary-foo.md,"Ultra-realistic wildlife documentary footage filmed from a moving safari jeep in a vast African savanna similar to the Masai Mara. Handheld telephoto lens, natural camera shake from the vehicle bouncing across rough terrain, rapid reframing, autofocus hunting, realistic documentary sound, engine noise, wind, distant radio chatter from crew members.

A terrified deer sprints across open grassland while a massive tiger chases it at full speed. The camera operator struggles to keep both animals in frame as the jeep races alongside the chase. Dust trails fill the air. The cameraman zooms aggressively, nearly losing focus several times. The pursuit feels raw, dangerous, and completely unscripted.

The tiger rapidly closes the gap. Crew members can be heard reacting off-camera. The tiger launches forward and grabs the deer around the neck. Both tumble violently through dust and grass. The camera operator rushes to zoom tighter as the tiger positions itself for the killing bite.

Suddenly a voice shouts:

“CUT!”

Instantly the camera zooms out and pulls back.

The shocking reveal: dozens of production tents, camera cranes, lighting trucks, crew members, catering tables, directors, assistants, and wildlife documentary equipment surround the entire area. The tiger and deer calmly separate as handlers walk into frame. Crew members begin discussing the take. What looked like a once-in-a-lifetime wildlife kill is revealed to be a massive documentary production set."
renoise-2067571248670888387,"A muscular, shirtless warrior [image1] clad in tribal attire fiercely battles a…",,真人,特效向,动作大片,,en,Seedance 2.0,,,renoise-ai/awesome-seedance-prompts,https://github.com/renoise-ai/awesome-seedance-prompts/blob/904b6caffa21c2b114bb93e1bd0e37ba80b3dd10/data/prompts/2067571248670888387.json,CC-BY-4.0,DrSadek 🪶,https://x.com/DrSadek_/status/2067571248670888387,True,"prompts/真人/特效向/动作大片/renoise-2067571248670888387--A-muscular,-shirtless-warrior-image1-cla.md","A muscular, shirtless warrior [image1] clad in tribal attire fiercely battles a towering multi-headed hydra [image2] on the stormy sea after the beast crashes his ship. Waves crash violently around them as the man wields his weapon with primal strength, the hydra's scales glistening under the dim, cinematic light. The scene, shot on 35mm with film grain and rich color grading, captures a chaotic, epic clash worthy of a blockbuster fantasy film, directed by an award-winning visionary."
renoise-2067575427900514477,Use the attached THE FIREFIGHTER storyboard as exact visual reference. Create a…,,漫剧,现实向,日常治愈,3D卡通,en,Seedance 2.0,,,renoise-ai/awesome-seedance-prompts,https://github.com/renoise-ai/awesome-seedance-prompts/blob/904b6caffa21c2b114bb93e1bd0e37ba80b3dd10/data/prompts/2067575427900514477.json,CC-BY-4.0,TechieSA,https://x.com/TechieBySA/status/2067575427900514477,True,prompts/漫剧/现实向/日常治愈/renoise-2067575427900514477--Use-the-attached-THE-FIREFIGHTER-storybo.md,"Use the attached THE FIREFIGHTER storyboard as exact visual reference. Create a 12-second 16:9 Pixar 3D animated sequence following all 8 shots exactly. Same young male firefighter — strong jaw, warm brave expression, full yellow and black firefighter gear, red helmet with number 24 — bright suburban street, vivid red fire truck, bright blue sky and sunshine throughout. High energy, fast paced, emotionally powerful.
Shot sequence:
1. Wide shot inside the fire station. Firefighter sitting relaxed — alarm suddenly blares, red lights flash on the ceiling. He explodes to his feet instantly, pure energy. Red fire truck visible behind him in the bay. The station coming alive around him.
2. Close-up dramatic. Firefighter suiting up fast — yellow jacket snapped closed, red helmet pulled down and locked, boots stamped in. Every movement fast and precise. He raises one fist — ready. Seconds flat.
3. Wide dramatic. Massive red fire truck exploding out of the station doors — lights blazing red and white, chrome gleaming, bright blue sky above, green trees blurring past. Pure forward momentum. Unstoppable.
4. Overhead drone shot looking straight down. Fire truck racing through the suburban street from directly above — rooftops and green trees on both sides, vivid red truck a powerful streak cutting through below. Fast, urgent, every second counts.
5. Wide shot. Fire truck screeches to a stop in front of a house — orange flames and dark smoke from the upper windows, neighbours watching. Firefighter jumps off before it fully stops, moving toward the house immediately. No hesitation. Blue sky above.
6. Wide dramatic. Firefighter on the left bracing hard against the powerful hose — thick white water arc traveling all the way across the frame to the right where orange flames are visibly shrinking and retreating in real time. Steam exploding where water meets fire. Fire being defeated live.
7. Tight emotional close-up. Firefighter emerging through the front doorway carrying a child — child's arms wrapped tightly around his neck, firefighter's expression calm and protective. Smoke and orange glow behind him, bright blue sky and sunlight breaking in front. The human moment. Quiet after the chaos.
8. Wide warm shot. Fire completely out, smoke clearing upward, bright blue sky fully returned above the house. Firefighter removes his helmet slowly, looks up at the clear blue sky, one quiet deep breath of relief. Sun warm and golden. The street calm. Mission complete.
Camera: Wide inside station for the alarm, close-up dramatic for the suit up, wide dramatic for the truck exit, overhead drone for the speed, wide for the arrival, wide dramatic showing firefighter and dying flames for the hose, tight emotional close-up for the rescue, wide warm for the aftermath.
Style: Bright blue sky and sunshine throughout — nothing dark, nothing moody. Vivid red fire truck, orange flames, white water blast, yellow and black firefighter gear, green suburban trees. Pixar CGI vivid and high energy. Every shot bright and alive.
Sound: Fast urgent dramatic orchestral music — heroic and building, starts intense from frame one and never lets up until the final quiet moment. Continuous from first frame to last, no breaks. Natural sounds underneath — alarm blaring, gear snapping on, truck engine roaring, siren wailing, truck screaming through streets, flames crackling, hose blasting, steam explosion where water hits fire, child crying then quiet, helmet removed, one long slow exhale of relief. Music swells on the rescue and softens to warm resolution on the final aftermath shot.
Goal: 12 seconds. One alarm. One rescue. One clear sky. Fast, brave, and deeply moving to watch."
renoise-2067577374317883842,アップロード画像をダイス兄さんとして使用。人間化しない。灰色の擬人化鼠男、長い尾、大きな耳、白い前髪、黄色く光る片目、黒ベスト、白シャツ、黒ネクタイ、黒スラック…,,漫剧,现实向,剧情短片,2D日漫,ja,Seedance 2.0,,,renoise-ai/awesome-seedance-prompts,https://github.com/renoise-ai/awesome-seedance-prompts/blob/904b6caffa21c2b114bb93e1bd0e37ba80b3dd10/data/prompts/2067577374317883842.json,CC-BY-4.0,Anko | 東京百鬼パレード,https://x.com/ankoku_othello/status/2067577374317883842,True,prompts/漫剧/现实向/剧情短片/renoise-2067577374317883842--アップロード画像をダイス兄さんとして使用-人間化しない-灰色の擬人化鼠男-長い尾.md,"アップロード画像をダイス兄さんとして使用。人間化しない。灰色の擬人化鼠男、長い尾、大きな耳、白い前髪、黄色く光る片目、黒ベスト、白シャツ、黒ネクタイ、黒スラックス、腕と指先に淡い緑の発光ライン。

日本のフルカラーアニメ映画、シネマティック高品質映像。BGMなし、セリフなし、字幕なし、文字なし、環境音あり。

舞台は新宿鼠界のダークでスタイリッシュな地下ポーカールーム。深い緑のフェルト卓、カード、チップ、灰皿、ウイスキーグラス、暗い酒棚、低い照明、4人の客は顔を見せすぎずシルエット中心。所作は無駄なく美しく、速くても慌ただしくしない。画角はカットごとに変える。特にシャッフル中はカメラを手元とカードに強く寄せる。

cut1: 卓上エクストリームクローズアップ、深い緑のフェルトに置かれたカード束の白いエッジとチップが低い光を受けて静かに光る。
cut2: 手元クローズアップ、ダイス兄さんの灰色の指先がカード束の側面を揃えながら静かに持ち上げる。
cut3: 胸元クローズアップ、黒ベストと黒ネクタイを静かに整えたあと片手が卓へ戻る。
cut4: 顔クローズアップ、白い前髪の隙間から黄色い片目がカード束へ鋭く落ちる。
cut5: 手元エクストリームクローズアップ、両手でデックを二つに分けて親指で角を揃えながら胸元で美しく構える。
cut6: 手元エクストリームクローズアップ、カメラがカードの縁と指先に寄ったまま両手の間で浮かせるようにリフルシャッフルを始める。
cut7: カードのエクストリームクローズアップ、しなった二つの束が細かく噛み合い白いカードエッジが波のように連なる。
cut8: 顔クローズアップ、シャッフルの頂点で黄色い片目が一瞬鋭く光り口元は渋く静かなまま。
cut9: 手元エクストリームクローズアップ、ブリッジでカード束がしなやかに反って戻り一枚も乱れず完璧に揃う。
cut10: 卓中央クローズアップ、整ったデックがフェルトの上に静かに置かれチップとウイスキーグラスが鈍く光る。
cut11: 手元クローズアップ、ダイス兄さんが片手でデックを持ちもう片方の手を添えてディーラーの配り姿勢に入る。
cut12: カード目線の卓横クローズアップ、最初の一枚が低くまっすぐ滑ってプレイヤー1の前で正確に止まる。
cut13: 斜め上からの卓全体ショット、4人へ2巡ぶんのカードを高速かつ丁寧に流れるように配る。
cut14: 手元エクストリームクローズアップ、連続して滑るカードを親指と人差し指が正確に送り出し緑の発光ラインが白いカード面に淡く映る。
cut15: プレイヤー側クローズアップ、4人の前に整然と配られたカードと積まれたチップが無言の緊張を映す。
cut16: バストショット、ダイス兄さんが片手を静かに開いて開始の合図を出し口元にわずかな笑みを浮かべて渋く構える。"
renoise-2067581221899747682,A highly realistic Hollywood-style police action sequence set in a crowded…,,真人,特效向,动作大片,,en,Seedance 2.0,,,renoise-ai/awesome-seedance-prompts,https://github.com/renoise-ai/awesome-seedance-prompts/blob/904b6caffa21c2b114bb93e1bd0e37ba80b3dd10/data/prompts/2067581221899747682.json,CC-BY-4.0,Ai Doctor,https://x.com/DoctorAmna11/status/2067581221899747682,True,prompts/真人/特效向/动作大片/renoise-2067581221899747682--A-highly-realistic-Hollywood-style-polic.md,"A highly realistic Hollywood-style police action sequence set in a crowded American street market during golden hour. Vendors, colorful stalls, pedestrians, food carts, and bustling city atmosphere. Ultra-realistic cinematic lighting, dynamic camera movement, shallow depth of field, realistic motion blur, dramatic action, blockbuster quality, 4K detail."
renoise-2067586772205490252,VIDEO REFERENCE INSTRUCTION:,,漫剧,现实向,剧情短片,3D卡通,en,Seedance 2.0,,,renoise-ai/awesome-seedance-prompts,https://github.com/renoise-ai/awesome-seedance-prompts/blob/904b6caffa21c2b114bb93e1bd0e37ba80b3dd10/data/prompts/2067586772205490252.json,CC-BY-4.0,James Sismanes,https://x.com/JamesSismanes/status/2067586772205490252,True,prompts/漫剧/现实向/剧情短片/renoise-2067586772205490252--VIDEO-REFERENCE-INSTRUCTION.md,"VIDEO REFERENCE INSTRUCTION:
Extend @video1  — the FIRST FRAME of this new generation must match the FINAL FRAME of @video1  exactly.

Begin on the exact final composition from @video1 : Nico standing at Rocco’s gelato truck service window, Grandpa Rocco visible inside the window, soft Brooklyn morning light, same truck position, same street background, same lighting, same animation style. Do not start on a new shot. Do not jump forward. The opening must feel like a seamless continuation.

AUDIO CONTINUITY:
Carry the final audio from @video1  into the first frame with no reset, gap, or new cue. Continue the quirky pizzicato animation comedy music that began when Grandpa Rocco popped up. Keep it light, playful, and low enough for dialogue.

REFERENCE TAGS:
Use Rocco’s gelato truck reference as @image1 for the exterior and @image5 for the interior.
Use Nico’s character model sheet as @image2.
Use Nico’s backpack as @image3.
Use Grandpa Rocco’s character reference as @image4.
Use pigeon character reference as @image6.

Use @image1  for the truck: cream-coloured, old-world charm, hand-painted “ROCCO’S GELATO” script, service window, and large plastic roof gelato cone with two scoops..
Use @image2  for Nico’s exact character consistency: 10 years old, red-framed glasses, wild dark hair, face shape, proportions, and expressive animated-film lead style.
Use @image3  for Nico’s backpack.
Use @image4 for Grandpa Rocco’s exact character consistency: 72, round and warm, elderly Italian-American gelato man, white paper hat at its precise permanent angle, large moustache, expressive face.
Use @image6 for the pigeon: cute exaggerated animated pigeon, close-set expressive eyes, playful family-animation style.

STYLE:
Bright high-end family 3D animated feature style with Illumination-style exaggeration. Warm Brooklyn morning comedy, playful character timing, expressive faces, charming slapstick, polished 3D animation.

SETTING:
EXT. BROOKLYN CORNER — ROCCO’S GELATO TRUCK — CONTINUOUS. Present day, early morning. Rocco is inside the service window. Nico stands outside, still catching his breath. The plastic gelato cone sits on the truck roof above them.

SHOT SEQUENCE:

0:00–0:03
Continue exactly from @video1. Grandpa Rocco leans slightly in the service window, calm and certain. He says:
“Saturdays begin at seven, Nico. Seven o’clock means six fifty.”

0:03–0:05
Cut to Nico, confused and offended by the logic. He gestures with both hands and says:
“What? That’s not how time works, Grandpa!”

0:05–0:07
As if perfectly cued by the argument, a pigeon (@image6) drops from above into frame and lands squarely on top of the large plastic gelato cone on the truck roof. The cone wobbles slightly but stays firm. The pigeon settles proudly, tiny feet gripping the plastic scoop.

0:07–0:09
Close-up on the pigeon perched on the pink-and-blue gelato cone. It surveys the Brooklyn street with complete satisfaction, chest puffed, head bobbing once like it owns the truck. The city remains casually unbothered.

0:09–0:11
Cut back to Grandpa Rocco in the serving window. His eyes flick upward. He immediately clocks the pigeon on his roof cone. His moustache bristles. His warm grandfather face shifts into offended gelato-truck-owner authority.

0:11–0:13
Rocco leans out of the serving window, one hand braced on the frame, looking up toward the roof cone. His white paper hat remains at its precise permanent angle. Nico watches, confused by how seriously Grandpa takes this.

0:13–0:15
Grandpa Rocco points upward toward the pigeon and says firmly:
“Hey! No!”
End on the pigeon staring back down at him, totally unmoved, while Nico looks between them like this is somehow now part of his morning.

CAMERA / EDITING:
Start with warm two-shot dialogue at the service window. Cut quickly to Nico’s reaction, then use a clean comedic roof insert for the pigeon landing. Make the pigeon landing clear and readable. Use a close-up on Rocco’s moustache bristling and his offended upward look before he leans out and scolds the pigeon.

MUSIC / AUDIO:
Continue the quirky pizzicato comedy cue from @video1 but continue it into more suitable music for an animation film. Keep it playful and simple: pizzicato strings, light clarinet or bassoon, soft woodwinds. Add a tiny comedic accent when the pigeon lands on the cone, then a small musical pause for Rocco’s “Hey! No!” Dialogue must remain clear.

SFX:
Brooklyn morning ambience, soft traffic, distant birds, light breeze, spoon wind chimes, pigeon wing flutter, tiny plastic cone wobble, pigeon foot taps, Rocco leaning on the service window, moustache bristle/comedic tiny rustle, city ambience.

VOICE DIRECTION — GRANDPA ROCCO:
Continue Grandpa Rocco's EXACT same voice as heard in @video1. Grandpa Rocco should sound like a warm elderly Italian grandfather speaking broken English with authentic Italian inflections and cadences. It is CRITICAL that he has a broken English accent and sounds like a migrant. Use @audio2 to reference Grandpa Rocco's established voice and broken English accent. His voice is round, expressive, affectionate, dry, theatrical, and clear. The accent should feel specific, human, and lived-in — not broad parody, not cartoonish, and not offensive. He speaks English clearly enough to understand, with Italian sentence rhythm, softened consonants, slightly elongated vowels, and old-world confidence. “Saturdays begin at seven, Nico. Seven o’clock means six fifty” should sound like ancient family law. “Hey! No!” should be firm, immediate, and offended, directed at the pigeon like it is a repeat offender.

VOICE DIRECTION — NICO:
Nico should sound like a typical 10-year-old animated film lead: youthful, breathless, expressive, warm, slightly panicked, and lovable. Use @audio1 to reference his established voice. “What? That’s not how time works, Grandpa!” should sound genuinely confused and defensive.

CHARACTER PERFORMANCE:
Rocco is confident, warm, and impossible to argue with. Nico is confused and trying to keep up. The pigeon is calm, smug, and completely satisfied with its new perch. The comedy comes from Rocco treating the pigeon like a serious violation of gelato-truck law.

TEXT / SIGNAGE:
Truck signage should read: “ROCCO’S GELATO”. Keep it clear and charming. Avoid extra random text.

NEGATIVE PROMPT:
Do not start on a new shot. Do not skip final frame continuity from @video1. Do not make the pigeon realistic, ugly, diseased, aggressive, or frightening. Do not make the pigeon attack anyone. Do not make the gelato truck modern, shiny, futuristic, or redesigned. Do not change Nico’s design, outfit, backpack, glasses, hair, age, or proportions. Do not change Grandpa Rocco’s design, paper hat, age, body shape, moustache, or warm elderly look. No black bars, pillarboxing, embedded borders, or letterboxing."
renoise-2067588388861923714,Create a 15-second cinematic animated noir scene with no dialogue.,,漫剧,现实向,日常治愈,绘画风,en,Seedance 2.0,,,renoise-ai/awesome-seedance-prompts,https://github.com/renoise-ai/awesome-seedance-prompts/blob/904b6caffa21c2b114bb93e1bd0e37ba80b3dd10/data/prompts/2067588388861923714.json,CC-BY-4.0,Joseph King,https://x.com/Korgamiai/status/2067588388861923714,True,prompts/漫剧/现实向/日常治愈/renoise-2067588388861923714--Create-a-15-second-cinematic-animated-no.md,"Create a 15-second cinematic animated noir scene with no dialogue.

Use the attached character sheets as the primary reference for character consistency. Use [trace] and [trace-expressions]- expression guide as the detective dog reference, and [batdog2] as the Doberman anti-hero reference. Preserve their exact character designs, proportions, clothing, silhouettes, markings, accessories, facial structure, and personality cues. Use [img1] and [img2] as visual references for the gritty graphic-novel noir style, rooftop atmosphere, alley lighting, wet pavement, steam, silhouettes, and dramatic city mood.

Style: dark hand-inked graphic novel, gritty painterly animation, high contrast noir lighting, rain-slick pavement, smoky atmosphere, warm orange alley glow mixed with green-yellow rooftop city light. The scene should feel tense, cinematic, quiet, and emotionally readable, not hectic.

Duration: 15 seconds. Follow these 10 beats in order with calm cinematic pacing. Timing is approximate, not rigid. Prioritize smooth transitions, clear body language, and silent tension over fast action.

1. Wide establishing shot: the Doberman anti-hero crouches silently on a rooftop ledge, watching the glowing city skyline. His cape shifts slowly in the wind.

2. Slow push-in from behind the Doberman as he lowers his gaze from the city down into the alley below.

3. Cut to the detective dog standing alone in the narrow alley, framed by warm orange light from a smoky doorway. Steam drifts around him and puddles reflect the neon glow.

4. The detective hears movement above. He freezes, visibly nervous, ears and eyes reacting first, but he does not run.

5. The Doberman steps off the rooftop and swoops downward in a controlled, shadowy descent. Keep him mostly as a powerful silhouette against the city glow, cape spread wide.

6. Low-angle shot from behind the detective as the Doberman lands ahead of him. The landing is strong but restrained. Steam rolls outward, puddles ripple, reflections distort.

7. The detective flinches slightly, then steadies himself. He bravely takes one deliberate step forward instead of backing away.

8. Close-up on the Doberman: suspicious stare, narrowed eyes, guarded posture. He studies the detective carefully, unsure whether to trust him.

9. Close-up on the detective: nervous but determined. He lowers his guarded paws slightly, showing he does not want a fight.

10. Final steady two-shot: the tension softens. The Doberman relaxes just enough to show acceptance. The detective and Doberman exchange a slow, subtle nod, silently establishing that they are not enemies.

Camera direction: slow cinematic push-ins, controlled cuts, dramatic low angles, one smooth swooping descent, subtle handheld tension only during the landing, final calm locked-off two-shot.

Motion details: cape moving in wind, steam drifting slowly, light rain falling, puddles rippling, detective taking one brave step forward, Doberman landing with controlled force, both characters easing into a mutual nod.

Restrictions: no dialogue, no subtitles, no captions, no text overlays, no comedy, no slapstick, no fighting, no handshake, no extra characters, no bright daylight. Keep the scene quiet, suspenseful, cinematic, and focused on the silent non-verbal agreement."
renoise-2067593959552307626,"Remove all arrows, lines, markers, overlays, and path guides immediately at the…",,真人,现实向,运动,,en,Seedance 2.0,,,renoise-ai/awesome-seedance-prompts,https://github.com/renoise-ai/awesome-seedance-prompts/blob/904b6caffa21c2b114bb93e1bd0e37ba80b3dd10/data/prompts/2067593959552307626.json,CC-BY-4.0,Shahid Wani,https://x.com/meng_dagg695/status/2067593959552307626,True,"prompts/真人/现实向/运动/renoise-2067593959552307626--Remove-all-arrows,-lines,-markers,-overl.md","Remove all arrows, lines, markers, overlays, and path guides immediately at the start of the video.

The video begins with a breathtaking ultra-realistic drone shot high above the clouds during golden hour. The camera emerges smoothly through layers of dramatic sunlit clouds, revealing a vast modern city skyline below. Cinematic presentation with seamless motion and no cuts.

The drone rapidly descends toward a massive world-class football stadium illuminated by powerful floodlights. As the camera approaches, the roar of thousands of passionate fans becomes visible through packed stands. Large banners, flags, and vibrant crowd choreography fill the stadium atmosphere.

The camera performs a spectacular high-speed dive into the stadium bowl, flying above the cheering supporters before sweeping over the pitch. The match between FC Barcelona and Arsenal F.C. is already live and in full intensity.

The camera races just above the grass at field level, capturing players sprinting, passing, dribbling, and competing for possession. It weaves dynamically around the action, following the ball through midfield, showcasing realistic player movements, detailed kits, grass particles, and stadium lighting reflections. The crowd erupts as a dangerous attack develops.

The camera then rises dramatically above the pitch, orbiting the stadium interior while revealing the immense scale of the venue, packed spectators, giant screens, and dazzling floodlights. It transitions into a stunning aerial spiral around the entire stadium before ascending high above the city skyline.

The sequence concludes with an epic bird's-eye panoramic view showing the illuminated stadium glowing beneath the evening sky, surrounded by the city lights and distant horizon.

One continuous fluid cinematic shot with no cuts. Ultra-realistic aerial cinematography, photorealistic players, authentic stadium atmosphere, dynamic crowd animations, realistic grass textures, detailed lighting, volumetric clouds, atmospheric depth, HDR visuals, broadcast-quality realism, FIFA World Cup level production value, National Geographic-grade cinematography, masterpiece, ultra-detailed, immersive FPV drone flight, 8K, cinematic lighting, dramatic scale, breathtaking realism --ar 16:9 --stylize 25 --v 6"
renoise-2067598721815375982,[Tilt-Down – Aerial Cliffside Reveal],,其他,,风景空镜,,en,Seedance 2.0,,,renoise-ai/awesome-seedance-prompts,https://github.com/renoise-ai/awesome-seedance-prompts/blob/904b6caffa21c2b114bb93e1bd0e37ba80b3dd10/data/prompts/2067598721815375982.json,CC-BY-4.0,Sheetal Shinde,https://x.com/itsSSS1510/status/2067598721815375982,True,prompts/其他/风景空镜/renoise-2067598721815375982--Tilt-Down-–-Aerial-Cliffside-Reveal.md,"[Tilt-Down – Aerial Cliffside Reveal]
The camera soars above jagged cliffs, tilting downward to reveal an ocean roaring violently against the rocks. A lone figure stands defiantly at the edge, staring into the horizon.
[Slow Push-In – Water Rising] The waves begin to move unnaturally, swirling upward as the hero raises their hands. The sea itself answers their call."
renoise-2067599946686288309,"A fast-paced, cinematic 15-second kung fu comedy action sequence set in an…",,真人,特效向,武侠打斗,,en,Seedance 2.0,,,renoise-ai/awesome-seedance-prompts,https://github.com/renoise-ai/awesome-seedance-prompts/blob/904b6caffa21c2b114bb93e1bd0e37ba80b3dd10/data/prompts/2067599946686288309.json,CC-BY-4.0,Good FortuneX,https://x.com/pound75423/status/2067599946686288309,True,"prompts/真人/特效向/武侠打斗/renoise-2067599946686288309--A-fast-paced,-cinematic-15-second-kung-f.md","A fast-paced, cinematic 15-second kung fu comedy action sequence set in an ancient Chinese tomb shrouded in mist and bathed in moonlight. The hyper-realistic martial arts style boasts stunning visual effects: dramatic volumetric moonlight, swirling tomb mist, fluttering leaves, and rapid editing."
renoise-2067608358945685757,Ultra-photorealistic vertical 9:16 candid Formula 1 team garage portrait. A…,,真人,现实向,时尚写真,,en,Seedance 2.0,,,renoise-ai/awesome-seedance-prompts,https://github.com/renoise-ai/awesome-seedance-prompts/blob/904b6caffa21c2b114bb93e1bd0e37ba80b3dd10/data/prompts/2067608358945685757.json,CC-BY-4.0,FATHELA ESQ,https://x.com/AmControo/status/2067608358945685757,True,prompts/真人/现实向/时尚写真/renoise-2067608358945685757--Ultra-photorealistic-vertical-9-16-candi.md,"Ultra-photorealistic vertical 9:16 candid Formula 1 team garage portrait. A young attractive blonde female Mercedes-AMG Petronas-style team member sits at the pit wall inside a busy F1 garage, focused on a large monitor just off-frame to the right. She has thick messy blonde hair tied loosely back with realistic flyaways, natural skin texture, soft warm makeup, tired but focused eyes, and a thoughtful serious expression. She is wearing a black Mercedes-style team jacket with teal piping and sponsor-style patches, black over-ear headset resting around her neck, a small microphone, black lanyard and accreditation pass, delicate jewellery, and a subtle bracelet. Her posture is slightly leaned forward, elbows close to her body, fully engrossed in the race data."
renoise-2067608614727192643,Use the attached ANIMAL FOOTBALL director visual bible as the main reference…,,漫剧,现实向,剧情短片,3D卡通,en,Seedance 2.0,,,renoise-ai/awesome-seedance-prompts,https://github.com/renoise-ai/awesome-seedance-prompts/blob/904b6caffa21c2b114bb93e1bd0e37ba80b3dd10/data/prompts/2067608614727192643.json,CC-BY-4.0,insMind,https://x.com/insmind_com/status/2067608614727192643,True,prompts/漫剧/现实向/剧情短片/renoise-2067608614727192643--Use-the-attached-ANIMAL-FOOTBALL-directo.md,"Use the attached ANIMAL FOOTBALL director visual bible as the main reference for a cinematic animated animal World Cup football video.

Create one unified stadium world. Start in a grand navy-and-gold night football stadium packed with fans, huge waving flags, fireworks, and bright championship-final lights. Establish the cheetah No.10 as the star striker, with cheetah fur, blue-and-gold kit, athletic body movement, and confident sports energy.

Begin with a short preparation beat: blue-and-gold boots near the black-and-white football, then the cheetah steps into the light and raises his hand to the crowd.

Move into a low-camera dribble sequence close to the turf, ball, and boots. Keep the final defender and crowd visible in the background. The cheetah drives forward with speed and control, faces the last defender, opens his body, and strikes the ball cleanly.

Show a clear goal proof moment: the ball travels toward the right side of the goal, clips or brushes the right-post and net area, then snaps into the net as the goalkeeper reacts and misses.

After the goal, move naturally to the corner-side celebration. The cheetah slides near the corner boards or corner flag area with real turf friction. Teammates rush in from outside the frame with excited body contact, hugs, leaning shoulders, and natural timing.

 Transition into the finale with close bodies, bright stadium light, and gold confetti passing across the camera. As the gold veil clears, reveal a grounded blue-and-gold championship parade float inside the same stadium, with visible wheels, rails, lights, stairs, mounted golden cup, flags, confetti, fireworks, teammates celebrating on different levels, and a cheering crowd.

Use cinematic sports-film camera language, real athletic motion, natural weight shifts, crowd parallax, moving flags, tasteful motion blur, and a grand joyful championship feeling."
renoise-2067614954346455250,0-2 seconds:,,其他,,广告带货,,en,Seedance 2.0,link-only,copyrighted-character,renoise-ai/awesome-seedance-prompts,https://github.com/renoise-ai/awesome-seedance-prompts/blob/904b6caffa21c2b114bb93e1bd0e37ba80b3dd10/data/prompts/2067614954346455250.json,CC-BY-4.0,ANKIT PATEL 🇮🇳 | AI,https://x.com/Ankit_patel211/status/2067614954346455250,True,prompts/其他/广告带货/renoise-2067614954346455250--0-2-seconds.md,
renoise-2067620476671975534,CINEMATIC VIDEO GENERATION PROMPT (PIXAR-STYLE FOOTBALL THEATER | CAT STRIKER…,,漫剧,特效向,科幻机甲,3D卡通,en,Seedance 2.0,link-only,real-person,renoise-ai/awesome-seedance-prompts,https://github.com/renoise-ai/awesome-seedance-prompts/blob/904b6caffa21c2b114bb93e1bd0e37ba80b3dd10/data/prompts/2067620476671975534.json,CC-BY-4.0,Shami,https://x.com/ShamiWeb3/status/2067620476671975534,True,prompts/漫剧/特效向/科幻机甲/renoise-2067620476671975534--CINEMATIC-VIDEO-GENERATION-PROMPT-PIXAR.md,
renoise-2067620793631355094,"An epic, large-scale war unfolds on American soil, with elite special forces…",,真人,特效向,动作大片,,en,Seedance 2.0,,,renoise-ai/awesome-seedance-prompts,https://github.com/renoise-ai/awesome-seedance-prompts/blob/904b6caffa21c2b114bb93e1bd0e37ba80b3dd10/data/prompts/2067620793631355094.json,CC-BY-4.0,Good FortuneX,https://x.com/pound75423/status/2067620793631355094,True,"prompts/真人/特效向/动作大片/renoise-2067620793631355094--An-epic,-large-scale-war-unfolds-on-Amer.md","An epic, large-scale war unfolds on American soil, with elite special forces battling colossal dinosaur-like creatures. Advanced F-22 fighter jets, heavy tanks, and precision missiles launch massive coordinated attacks, with continuous explosions tearing through the sky and earth. This is a chaotic, multi-layered battlefield where air superiority and ground forces clash fiercely in relentless, intense warfare.

Ultra-cinematic style, IMAX-level realism, 8K ultra-high definition, exquisitely detailed textures, volumetric smoke, firestorms, shockwaves, and debris simulation, dramatic yet controlled environmental destruction, no gore, emphasis on scale, impact, and visual spectacle, cinematic color grading, warm highlights and cool shadows, high contrast, and solid physical lighting.

Dynamic war cinematography employs radical trajectory camera movements: high-speed aerial tracking of jet formations, rapid dive shots weaving through missile paths, low-angle tank advances crushing terrain, wide-angle panoramic battlefield scans, seamless transitions between air and ground combat, enhanced motion blur effects, afterimage trails on fast-moving objects, and rhythmic editing synchronized with the impact of explosions, creating a breathtaking, immersive, and visually stunning experience."
renoise-2067620837684043939,VIDEO GENERATION PROMPT – STRICT SEQUENTIAL EXECUTION,,漫剧,现实向,剧情短片,3D卡通,en,Seedance 2.0,,,renoise-ai/awesome-seedance-prompts,https://github.com/renoise-ai/awesome-seedance-prompts/blob/904b6caffa21c2b114bb93e1bd0e37ba80b3dd10/data/prompts/2067620837684043939.json,CC-BY-4.0,Sharon Riley,https://x.com/Just_sharon7/status/2067620837684043939,True,prompts/漫剧/现实向/剧情短片/renoise-2067620837684043939--VIDEO-GENERATION-PROMPT-–-STRICT-SEQUENT.md,"VIDEO GENERATION PROMPT – STRICT SEQUENTIAL EXECUTION

TITLE: THE IMPOSSIBLE CURVE

STYLE
Pixar-quality 3D animated sports film. Ultra-polished feature-film animation. Highly expressive characters. Epic FIFA World Cup Final atmosphere. Cinematic stadium lighting. Beautiful stylized crowd. Emotional reactions. Dynamic sports cinematography. Family-friendly action. Consistent character design throughout all shots. No text overlays. No subtitles. No logos. No watermarks.

**MAIN CHARACTER – MUST REMAIN IDENTICAL IN EVERY SHOT**
Czech Republic football superstar, jersey number 27, athletic build, Pixar-style animated male player, white jersey with red and blue accents, white shorts, white socks, white boots, expressive face, determined eyes.

**OPPOSITION**
South African defenders wearing green jerseys with yellow accents, green shorts, green socks, elite athletic defenders, expressive Pixar-style reactions.

---

## SCENE 1 (0s–3s) — THE BREAKTHROUGH

Packed World Cup Final stadium under bright cinematic lights.

Number 27 from Czech Republic receives the ball near midfield.

Immediately accelerates forward.

Performs rapid stepovers while sprinting.

Executes quick body feints.

A South African defender slides in aggressively.

Number 27 leaps over the sliding challenge while maintaining perfect ball control.

Instantly lands and continues dribbling.

Another defender rushes toward him.

Number 27 performs a perfect nutmeg through the defender's legs.

Crowd erupts with excitement.

Fast tracking camera races beside Number 27 during the entire sequence.

**Do not skip any action. Execute exactly in this order.**

---

## SCENE 2 (3s–6s) — CHAOS

Number 27 attacks directly through multiple defenders.

Sharp left cut.

Immediate right cut.

Sudden complete stop.

Explosive acceleration forward.

One defender slides underneath and misses completely.

Number 27 flicks the ball over the sliding defender.

Another defender spins the wrong direction trying to react.

Two South African defenders accidentally collide with each other.

Crowd volume grows louder.

Flags wave throughout the stadium.

Fans hold phones high recording the moment.

Camera dynamically circles around the chaos while staying focused on Number 27.

**Maintain exact action order with no omissions.**

---

## SCENE 3 (6s–9s) — OPEN FIELD

Number 27 finally breaks free into open space.

Fast side-tracking camera follows his sprint.

Cut to dramatic low-angle running shot.

Long powerful strides.

Despite having open space ahead, Number 27 continues wild zig-zag dribbling.

The last South African defender launches a desperate sliding tackle.

Number 27 performs a huge athletic leap over the challenge.

Perfect controlled landing.

Continues forward without losing possession.

Entire crowd rises to its feet.

Epic stadium atmosphere.

**All actions must happen exactly in sequence.**

---

## SCENE 4 (9s–12s) — THE SHOT

Far outside the penalty area.

Everything suddenly slows down.

Ambient crowd sound becomes distant.

Number 27 comes to a stop.

Takes a deep breath.

Close-up on determined facial expression.

Powerful run-up begins.

Massive strike connects with the ball.

The football launches skyward.

Ball spins dramatically through the air.

Cut between reactions:

Players watching.

Goalkeeper watching.

Referee watching.

Coaches watching.

Crowd watching in amazement.

Epic slow-motion cinematic tension.

**Strictly preserve this sequence.**

---

## SCENE 5 (12s–15s) — THE IMPOSSIBLE CURVE

The spinning football completes its impossible curved trajectory.

The football smashes into the back of the net at high speed.

Net deforms naturally with realistic cloth physics.

Net ripples dramatically.

Goal frame shakes subtly from impact.

Instant crowd explosion.

Massive celebration erupts throughout the stadium.

Goalkeeper falls backward in disbelief.

Cut to Number 27.

Small confident smile.

Gentle head shake as if even he cannot believe the goal.

Freeze frame on Number 27.

End.

**MANDATORY RULES**

* Every scene must occur in the exact order listed.
* Do not merge scenes.
* Do not shorten actions.
* Do not invent new actions.
* Maintain identical appearance of Number 27 throughout the entire video.
* Maintain consistent Czech Republic and South Africa uniforms.
* Dynamic cinematic camera work.
* Pixar-quality feature-film animation.
* Emotional crowd reactions.
* Epic World Cup Final atmosphere.
* 15 seconds total runtime."
renoise-2067623440949854348,"A colossal horned kaiju with cracked obsidian skin, glowing molten veins under…",,真人,特效向,动作大片,,en,Seedance 2.0,,,renoise-ai/awesome-seedance-prompts,https://github.com/renoise-ai/awesome-seedance-prompts/blob/904b6caffa21c2b114bb93e1bd0e37ba80b3dd10/data/prompts/2067623440949854348.json,CC-BY-4.0,Pierrick Chevallier | IA,https://x.com/CharaspowerAI/status/2067623440949854348,True,prompts/真人/特效向/动作大片/renoise-2067623440949854348--A-colossal-horned-kaiju-with-cracked-obs.md,"A colossal horned kaiju with cracked obsidian skin, glowing molten veins under its scales, burning orange eyes, massive claws tearing through concrete, body towering above skyscrapers, breath releasing smoke and embers-
0–4s: erupts violently from beneath a crowded modern city avenue, asphalt splitting open, abandoned cars launched into the air, underground pipes exploding, civilians fleeing in panic as the camera starts with a low street-level tracking shot through traffic before a brutal crash zoom reveals its enormous head rising through dust;
4–10s: charges forward through the financial district, shoulder-smashing glass towers, sweeping its tail across entire blocks, helicopters and tanks firing from every direction while missiles explode harmlessly against its armored body, whip pans follow collapsing buildings, debris and sparks slam toward the lens, shockwaves bend the air around each step;
10–15s: crushes the final military convoy under one massive foot, lowers its head toward the camera and releases an earth-shaking roar that shatters every remaining window, ending with a slow aerial pullback revealing the whole district flattened beneath smoke, fire and molten cracks as the kaiju stands alone in total domination
Broad daylight metropolis, Hollywood-scale destruction, volumetric dust, firestorms, heavy camera shake, low-angle tracking, drone rise, cinematic chaos."
renoise-2067623582142722330,"EVE-7 eyes open slowly, chrome face sealed — lips fused chrome seam, black…",,真人,现实向,时尚写真,,en,Seedance 2.0,,,renoise-ai/awesome-seedance-prompts,https://github.com/renoise-ai/awesome-seedance-prompts/blob/904b6caffa21c2b114bb93e1bd0e37ba80b3dd10/data/prompts/2067623582142722330.json,CC-BY-4.0,Israa Ali,https://x.com/Israa_Ali2077/status/2067623582142722330,True,"prompts/真人/现实向/时尚写真/renoise-2067623582142722330--EVE-7-eyes-open-slowly,-chrome-face-seal.md","EVE-7 eyes open slowly, chrome face sealed — lips fused chrome seam, black glass eyes glow at 8Hz, face in fixed stillness, camera slowly pushes in, 4 seconds, 9:16, subtle push-in, no fast cuts"
renoise-2067627333541146985,Premium Cinematic Semi-Realistic Anime Sports Film (World Cup 2026 broadcast…,,漫剧,特效向,科幻机甲,2D日漫,en,Seedance 2.0,,,renoise-ai/awesome-seedance-prompts,https://github.com/renoise-ai/awesome-seedance-prompts/blob/904b6caffa21c2b114bb93e1bd0e37ba80b3dd10/data/prompts/2067627333541146985.json,CC-BY-4.0,Jessica Collins,https://x.com/AIwithJessica/status/2067627333541146985,True,prompts/漫剧/特效向/科幻机甲/renoise-2067627333541146985--Premium-Cinematic-Semi-Realistic-Anime-S.md,"Premium Cinematic Semi-Realistic Anime Sports Film (World Cup 2026 broadcast realism, grounded documentary stadium cinematography, ultra-detailed anime rendering, natural cinematic color grading, realistic stadium lighting, FIFA-level broadcast energy, high-detail motion animation, dynamic handheld + gimbal camera work, physically accurate ball physics).

CHARACTERS (CONSISTENT)

Player 1: Dark charcoal technical football jacket with asymmetrical panel design, subtle deep crimson accents, tapered athletic pants, futuristic street football boots, short textured hair.

Player 2: Sand-beige sleeveless utility jersey over slate-blue compression base layer, cargo-style football pants, lightweight tactical boots, braided undercut hairstyle.

Maintain exact outfits and identity throughout.

CUT 1 (0:00–0:01) — WORLD CUP STADIUM DROP (1 SEC ONLY)

Ultra-fast aerial establishing shot.
Massive World Cup 2026-style stadium between futuristic megacity towers.
Crowd packed on every level, bridges, rooftops, and stands.
Camera drops instantly toward midfield.
No slow motion. Instant high-energy reveal.

CUT 2 (0:01–0:03) — RIVAL LOCK-IN

Medium close-up tracking shot.
Both players walk toward each other at center pitch.
Strong eye contact, controlled tension, elite focus.
Subtle wind movement on clothing.
Camera pushes slightly between them with handheld realism.
Crowd becomes blurred ambient roar.

CUT 3 (0:03–0:06) — ELITE DRIBBLE DUEL

Low-angle dynamic orbit shot.
Player 1 executes high-level technical dribbling:

rapid stepovers
sole rolls
elastic feints
sudden directional cuts

Player 2 mirrors with elite defensive tracking and interception timing.
Ball stays grounded with realistic physics.
No slow motion — pure live-match intensity.

CUT 4 (0:06–0:09) — EXTREME LEG BATTLE / BALL SNATCH DUEL

Extreme close-up + shaky handheld realism.
Both players engage in tight space struggle:

toe pokes
heel blocks
rapid interceptions
repeated ball snatching attempts through legs and between feet

A true “World Cup knockout match intensity” moment.
Bodies collide lightly, balance shifts, quick recoveries.
Camera rotates tightly around the duel, increasing tension and realism.

CUT 5 (0:09–0:12) — BREAKAWAY + CENTER-NET GOAL (FIXED FINISH)

Player 1 breaks free from the duel and sprints forward.
Player 2 chases at full speed.

Approaching goal:

Player 1 uses a sharp attacking feint to create shooting space
Quick final touch to set ball cleanly
⚽ FINISH (IMPORTANT)

Player 1 strikes the ball with powerful precision.

Ball travels straight toward the CENTER of the net
Strong, heavy impact directly into middle net area
Net ripples outward symmetrically from center point
Goalkeeper reaction is late and fully beaten
CAMERA
Slight handheld shake on strike
Micro motion blur only at impact frame
Crowd erupts instantly like live broadcast
CUT 6 (0:12–0:15) — RESPECT ENDING (HANDSHAKE + HUG)

Both players recover after the goal.
They walk toward each other calmly at midfield."
renoise-2067633452808364210,Ultra-realistic animated cinematic comedy inside a gigantic futuristic alien…,,漫剧,特效向,科幻机甲,3D卡通,en,Seedance 2.0,,,renoise-ai/awesome-seedance-prompts,https://github.com/renoise-ai/awesome-seedance-prompts/blob/904b6caffa21c2b114bb93e1bd0e37ba80b3dd10/data/prompts/2067633452808364210.json,CC-BY-4.0,auqib,https://x.com/auqibhabib/status/2067633452808364210,True,prompts/漫剧/特效向/科幻机甲/renoise-2067633452808364210--Ultra-realistic-animated-cinematic-comed.md,"Ultra-realistic animated cinematic comedy inside a gigantic futuristic alien mothership. The command deck is enormous, filled with glowing holograms, floating screens, advanced technology, and hundreds of unique aliens moving around performing different tasks. Some aliens are carrying futuristic cameras, others are navigating the ship, creating a lively atmosphere.
In the center of the bridge sits a small baby alien captain on a large floating command chair facing a massive observation window overlooking space. He looks intelligent and serious despite his young age. One hand rests on the armrest while his fingers rhythmically tap as he thinks deeply. The camera slowly moves around him, emphasizing his importance.
The bridge is noisy with activity and conversations. Suddenly the baby alien notices something unusual outside the window. His finger stops moving. The camera zooms into his face as his eyes widen. Far outside the ship, drifting peacefully near a colorful nebula, is a tiny glowing flower floating through space.
The baby alien stands up on his chair and loudly shouts, ""Silence!""
Instantly the entire bridge freezes. Every alien stops moving. The room becomes completely quiet. Hundreds of aliens slowly turn toward him.
The baby alien points dramatically toward the observation window and announces with urgency, ""There is danger outside!""
Alarms briefly flash. Concerned aliens rush toward the giant window. The camera follows the crowd as everyone gathers to see the threat.
END ON CLIFFHANGER: Close-up of worried alien faces staring out the window as dramatic suspense music builds."
renoise-2067653709589336194,"Upload order: @IMG_1 rider, @IMG_2 horse, @IMG_3 lariat, @IMG_4 charging steer…",,漫剧,现实向,剧情短片,2D日漫,en,Seedance 2.0,,,renoise-ai/awesome-seedance-prompts,https://github.com/renoise-ai/awesome-seedance-prompts/blob/904b6caffa21c2b114bb93e1bd0e37ba80b3dd10/data/prompts/2067653709589336194.json,CC-BY-4.0,Mike Miller,https://x.com/pt5films/status/2067653709589336194,True,"prompts/漫剧/现实向/剧情短片/renoise-2067653709589336194--Upload-order-IMG_1-rider,-IMG_2-horse,-I.md","Upload order: @IMG_1 rider, @IMG_2 horse, @IMG_3 lariat, @IMG_4 charging steer, @IMG_5 salt flat.
FORMAT: 15s / 6 shots / breathless, kinetic, explosive / no dialogue
SUBJECTS: @IMG_1 The Rider: dust-caked leather chaps and vest, bandana over the mouth; @IMG_2 The Horse: lean working horse mid-gallop, lathered coat
PROPS: @IMG_3 braided rawhide lariat mid-throw; @IMG_4 charging longhorn steer, wide horns, hooves throwing dust
ENVIRONMENT: @IMG_5 vast cracked salt flat under a swollen blood-red sun, churning wall of stampeding cattle, heat haze
COLOR LOGIC: painterly 2D animation, hand-inked linework, heavy chiaroscuro, blood-red sky and salt-white ground with dust-amber and deep umber

[00:00-00:02] [WIDE AERIAL] @IMG_5 under the blood-red sun, the herd thundering, @IMG_1 on @IMG_2 small in frame charging in.
[00:02-00:04] [LOW TRACKING, ALONGSIDE] @IMG_2 galloping flat-out, hooves hammering, @IMG_1 rising in the stirrups.
[00:04-00:07] [MEDIUM, OVERHEAD SWING] @IMG_1 swings @IMG_3 overhead in fast loops.
[00:07-00:09] [FOLLOW THE ROPE] He hurls @IMG_3 and it snaps taut around @IMG_4.
[00:09-00:11] [HARD CUT SIDEWAYS] @IMG_2 cuts violently sideways as the rider is wrenched against the pull.
[00:11-00:15] [SPEED BLUR, LOW] The herd surges past in a blur of horns and dust as the rider hauls back hard under the blood-red sun.
No music. Ambient: thundering hooves, bellowing cattle, snapping rope and creaking leather, wind, the rider’s grunts."
renoise-2067654894824120623,"dream within a dream, refractal entity, glitcore, dmt reality, patterned…",,其他,,风景空镜,,en,Seedance 2.0,,,renoise-ai/awesome-seedance-prompts,https://github.com/renoise-ai/awesome-seedance-prompts/blob/904b6caffa21c2b114bb93e1bd0e37ba80b3dd10/data/prompts/2067654894824120623.json,CC-BY-4.0,Rory Flynn,https://x.com/Ror_Fly/status/2067654894824120623,True,"prompts/其他/风景空镜/renoise-2067654894824120623--dream-within-a-dream,-refractal-entity,.md","dream within a dream, refractal entity, glitcore, dmt reality, patterned psychology, elative chronological, divine symmetry --ar 51:92 --profile 8of3gc4 bmtw96k 2nqm1xw tckmoit 3qo7inu n4mngyj zy6n41x qxlma8p --hd"
renoise-2067655511449715148,Create a hyper-cinematic 15-second continuous single-take extreme motocross…,,真人,现实向,生活与vlog,,en,Seedance 2.0,,,renoise-ai/awesome-seedance-prompts,https://github.com/renoise-ai/awesome-seedance-prompts/blob/904b6caffa21c2b114bb93e1bd0e37ba80b3dd10/data/prompts/2067655511449715148.json,CC-BY-4.0,ai.gezgini,https://x.com/ai_gezgini/status/2067655511449715148,True,prompts/真人/现实向/生活与vlog/renoise-2067655511449715148--Create-a-hyper-cinematic-15-second-conti.md,"Create a hyper-cinematic 15-second continuous single-take extreme motocross video. Image 1 is the strict identity, outfit, face, and bike reference. Preserve her pale skin, blue eyes, long straight black hair, body proportions, feminine motocross outfit with flowing skirt, helmet style, and the same motorcycle. Set the scene on a dusty mountain trail in bright daylight with rocky hills, loose gravel, cliff edges, and a raw off-road atmosphere. Use one continuous 15-second shot with no cuts, no hidden cuts, no transitions, and no montage. The camera starts very close in front of her upper body and face while she is already riding, then smoothly swings behind her and stays there for the rest of the video, following very closely at low motorcycle height near her back, seat, and rear wheel, keeping both her and the motorcycle large in frame. It must never feel like a distant dust-follow shot. Right after the camera moves behind her, she performs a stylish controlled front-wheel lift, raising the front of the motorcycle in an elegant wheelie-like motion while the camera stays close and focused on her posture and the bike’s balance. She then continues across the uneven dusty road with small technical movements, subtle body shifts, and smooth handling over bumps and loose gravel, before accelerating hard toward a cliff edge. She launches forward across a canyon gap in one long jump, not a vertical jump. As soon as she is fully airborne, time shifts into dramatic slow motion, but the motorcycle must continue moving clearly toward the opposite ridge. The camera stays very close behind the motorcycle at low bike level, almost directly behind the rear section, keeping the rider and bike large in frame. During the slow-motion airborne section, she performs a dramatic freestyle motocross trick inspired by the reference image. This is not a spin and she does not rotate around herself. Instead, she makes it look like she is almost letting go of the motorcycle while still controlling it. She lifts her hips fully off the seat, pushes her body outward and upward away from the bike, and extends her legs high into the air in a bold acrobatic shape. Her torso opens away from the motorcycle so it feels like she is briefly leaving the bike behind, almost as if she is letting it go. The key visual is the separation between her body and the bike. She remains connected through her hands and control points, making the trick feel dangerous but intentional. Her face should stay visible as much as possible, with her hair and flowing skirt lifted by the wind. After holding the pose briefly, she pulls the motorcycle back toward herself by the handlebars, draws the bike back underneath her body, returns smoothly onto the seat, and re-centers her weight. At that exact moment, the slow motion ends and the uninterrupted forward jump continues. She then lands cleanly on the opposite ridge with strong suspension compression and a burst of dust while the camera remains close behind. After landing, she keeps control and continues forward briefly. No text, no logos, no subtitles."
renoise-2067656666385154501,"Luxury watch close-up, macro lens, dark velvet background, dramatic side…",,真人,现实向,剧情短片,,en,Seedance 2.0,,,renoise-ai/awesome-seedance-prompts,https://github.com/renoise-ai/awesome-seedance-prompts/blob/904b6caffa21c2b114bb93e1bd0e37ba80b3dd10/data/prompts/2067656666385154501.json,CC-BY-4.0,Zentrix⌚️,https://x.com/ZentrixHQ/status/2067656666385154501,True,"prompts/真人/现实向/剧情短片/renoise-2067656666385154501--Luxury-watch-close-up,-macro-lens,-dark.md","Luxury watch close-up, macro lens, dark velvet background, dramatic side lighting, slow rotation, cinematic premium feel"
renoise-2067664042517225511,[SCENE TYPE / DURATION / STYLE],,真人,特效向,武侠打斗,,en,Seedance 2.0,,,renoise-ai/awesome-seedance-prompts,https://github.com/renoise-ai/awesome-seedance-prompts/blob/904b6caffa21c2b114bb93e1bd0e37ba80b3dd10/data/prompts/2067664042517225511.json,CC-BY-4.0,NΞXUS,https://x.com/NEXUS_TO_NOVA/status/2067664042517225511,True,prompts/真人/特效向/武侠打斗/renoise-2067664042517225511--SCENE-TYPE-DURATION-STYLE.md,"[SCENE TYPE / DURATION / STYLE]
15-second 16:9 Muay Boran / Ong-Bak-style hand-to-hand fight, crowded night street in Thailand, neon and warm practical lights, wet pavement, no music.
INTENT:
Show Fighter A overwhelming Fighter B with brutal close-range knees, elbows, clinch control, and one dangerous airborne finish, while the crowd in the background feels the pressure and danger.

CAMERA BODY:
Camera starts waist-height behind a parked scooter and plastic street tables, medium-wide, 28mm lens feel, side view. It tracks with the footwork, snaps into close-ups on impact, then drops low for the final jump.
FRAME GEOGRAPHY:
Foreground: wet pavement reflections, plastic stools, food cart steam, scattered bottles, hanging tarps.
Midground: Fighter A advancing, Fighter B retreating near a concrete pillar and closed shop shutter.
Background: busy night street, neon signs, street-food stalls, motorbikes, local bystanders stepping back and watching, light smoke and traffic glow.

SUBJECT BLOCKING:
Fighter A starts frame left, facing right, hands high in long guard, shoulders loose, chin tucked. Eye line fixed on Fighter B’s chest. First movement: lead hand tests distance. Fighter B starts frame right, facing left, guard tight, back foot sliding near the pillar and shutter.
MICRO-PERFORMANCE:
Eyes: Fighter A stays locked and calm; Fighter B blinks fast under pressure.
Mouth: Fighter A exhales short through the nose; Fighter B clenches his teeth.
Face: Fighter A’s brow lowers before each entry; Fighter B’s jaw tightens.
Body: Fighter A shifts his hips before every knee and elbow; Fighter B’s shoulders rise as he covers and gives ground.

ACTION CAUSE → EFFECT:
When Fighter B throws a right punch, Fighter A parries outside, steps in, and lands Sok Tad, a horizontal elbow across the guard. Fighter B reels back. Fighter A grabs the Pam clinch behind the neck, pulls the head down, and drives Khao Trong, a straight knee into the ribs. Fighter B tries to escape sideways. Fighter A catches the arm, turns the body, and lands Sok Klap, a spinning back elbow. Fighter B crashes into the concrete pillar and metal shutter. As he stumbles forward, Fighter A plants one foot on a plastic table, jumps, clamps both thighs around Fighter B’s neck in a flying scissor neck trap, twists sideways, and drops Sok Ti, a downward elbow, as they fall. End on Fighter A landing in a crouch while Fighter B slams onto the wet pavement behind him.
ENVIRONMENT RESPONSE:
Water splashes, steam drifts, neon reflections shake, plastic tables scrape, hanging tarps flap, bottles roll, crowd members flinch and step back, motorbike mirrors vibrate on impact.
RHYTHM:
Beat 1: punch parry.
Beat 2: elbow entry.
Beat 3: clinch and knee.
Beat 4: spinning elbow.
Beat 5: flying scissor neck trap and downward elbow finish.
CONTINUITY LOCK:
Preserve faces, body types, outfits, skin marks, lighting direction, night street layout, screen direction, clear contact points, and background civilians as non-fighters only.

NEGATIVE CONTROL:
No random flips, no magic effects, no weapons, no extra fighters, no teleporting, no unclear strikes, no face morphing, no comedy, no subtitles, no logo. Background people may react but must not interfere in the fight."
renoise-2067667753406959662,[GLOBAL SETUP],,真人,特效向,武侠打斗,,en,Seedance 2.0,link-only,copyrighted-character,renoise-ai/awesome-seedance-prompts,https://github.com/renoise-ai/awesome-seedance-prompts/blob/904b6caffa21c2b114bb93e1bd0e37ba80b3dd10/data/prompts/2067667753406959662.json,CC-BY-4.0,MayorkingAI,https://x.com/MayorKingAI/status/2067667753406959662,True,prompts/真人/特效向/武侠打斗/renoise-2067667753406959662--GLOBAL-SETUP.md,
renoise-2067749998687912234,Generate a cinematic 15-second fantasy sequence using the provided 12-panel…,,漫剧,特效向,奇幻冒险,2D日漫,en,Seedance 2.0,,,renoise-ai/awesome-seedance-prompts,https://github.com/renoise-ai/awesome-seedance-prompts/blob/904b6caffa21c2b114bb93e1bd0e37ba80b3dd10/data/prompts/2067749998687912234.json,CC-BY-4.0,PixieVerse,https://x.com/itsPixieVerse/status/2067749998687912234,True,prompts/漫剧/特效向/奇幻冒险/renoise-2067749998687912234--Generate-a-cinematic-15-second-fantasy-s.md,"Generate a cinematic 15-second fantasy sequence using the provided 12-panel storyboard reference image Image 1 . Maintain strict consistency of Elias Bramblewick Image 2 throughout all shots — ginger beard, oversized worn wizard hat, patched explorer coat, glowing potion bottles, brass tools, rustic fantasy alchemist aesthetic.

The sequence should feel like a high-budget fantasy film trailer scene with cinematic pacing, atmospheric tension, volumetric lighting, realistic cloth simulation, magical environmental effects, and immersive camera movement.

TIMELINE & SHOTS
0s–1s — PANEL 1

Extreme wide establishing shot of ruined ancient temple hidden within foggy cliffs during stormy dusk. Slow cinematic push-in through drifting fog.

1s–2s — PANEL 2

Low-angle tracking shot of Elias descending narrow spiral stone stairs holding glowing lantern. Shadows move dynamically along walls.

2s–3s — PANEL 3

Close-up of Elias touching glowing alchemical symbols carved into ancient stone walls. Symbols pulse with magical energy.

3s–4s — PANEL 4

Overhead cinematic shot of gigantic circular vault mechanism beginning to rotate and unlock with heavy stone movement.

4s–5s — PANEL 5

Macro cinematic shots of brass gears turning, glowing crystals activating, magical dust particles floating through air.

5s–6.5s — PANEL 6

Massive cinematic reveal of underground alchemical vault illuminated by blue-green magical light and atmospheric fog.

6.5s–8s — PANEL 7

Wide tracking shot of Elias walking carefully through chamber filled with floating glass vessels and ancient relics.

8s–9.5s — PANEL 8

Dynamic camera movement as magical energy surges across chamber walls and lights activate dramatically.

9.5s–11s — PANEL 9

Close-up reaction shot of Elias while floating potions and metallic artifacts rise around him in slow motion.

11s–12.5s — PANEL 10

Epic wide cinematic reveal of colossal ancient alchemical machine awakening inside the vault core.

12.5s–14s — PANEL 11

Heroic cinematic shot of Elias standing before the glowing machine while magical energy spirals around the environment.

14s–15s — PANEL 12

Final silhouette shot facing gigantic glowing vault core, cinematic god rays piercing through chamber darkness, magical particles drifting everywhere, dramatic fade to black.

CINEMATIC STYLE NOTES

high-budget fantasy cinematography, dark fantasy atmosphere, cinematic volumetric lighting, realistic cloth physics, immersive environmental storytelling, magical particle effects, handcrafted realism, detailed stone textures, smooth cinematic camera transitions, movie-grade rendering, atmospheric shadows, fantasy adventure tone.

NEGATIVE PROMPT

low fps, blurry textures, stiff movement, inconsistent character face, bad anatomy, sci-fi style, modern props, cartoon lighting, anime look, poor transitions, flat environment, jittery animation, duplicated limbs, oversaturated effects"
renoise-2067777225198621041,Create a 15-second cinematic comedy-horror video (16:9) featuring a realistic…,,漫剧,特效向,特效综合,3D卡通,en,Seedance 2.0,,,renoise-ai/awesome-seedance-prompts,https://github.com/renoise-ai/awesome-seedance-prompts/blob/904b6caffa21c2b114bb93e1bd0e37ba80b3dd10/data/prompts/2067777225198621041.json,CC-BY-4.0,Jessica Collins,https://x.com/AIwithJessica/status/2067777225198621041,True,prompts/漫剧/特效向/特效综合/renoise-2067777225198621041--Create-a-15-second-cinematic-comedy-horr.md,"Create a 15-second cinematic comedy-horror video (16:9) featuring a realistic 3D 👻 emoji ghost.

CUT A (0–5s) — THE PROUD GHOST

Inside a haunted mansion corridor with flickering candles and dusty chandeliers, the 👻 ghost floats in confidently, cracks his knuckles, rattles a chandelier, blows out all candles in one puff, then flexes at his reflection in a dusty mirror.

Dialogue: “Woooooo~!”

BGM: Creepy pipe organ with a cocky jazz flourish.

CUT B (5–10s) — THE UNBOTHERED HUMAN

The mansion doors slam open. The woman enters confidently. The ghost puffs himself up and unleashes a terrifying roar. She completely ignores him, calmly applies red lipstick, and finishes with a confident pout while maintaining eye contact.

Dialogue: Ghost: “BOOOOOO—!” fading into a confused squeak.

BGM: Horror sting → instant silence → low tension cello.

CUT C (10–15s) — THE KISS & LAUNCH

The woman takes one step forward. The ghost trembles in panic. She kisses him on the LEFT cheek. A bright red lipstick mark appears on the SAME LEFT cheek. The ghost freezes, then rockets through the ceiling like a missile surrounded by ⛈️ storm energy.

Dialogue: Loud “MWAH!” then Ghost: “eeeEEEEE—!”

BGM: Kiss sound → brief silence → whoosh + cymbal crash + bass drop.

CUT D (15–20s) — SKY IMPACT

Night sky. The lipstick-marked 👻 ghost shoots upward and crashes into a giant storm cloud. The cloud shakes and opens two huge cartoon eyes.

Dialogue:
Ghost: “AAAAAHHH!”
Cloud: “BWUH?!”
BGM: Fast whoosh → thunder BOOM → orchestral cymbal crash.
CUT E (20–25s) — AWKWARD CLOUD

Inside the storm cloud, the ghost and the cloud stare at each other. Both are terrified. The ghost slowly backs away.

Dialogue:
Ghost: “…hello?”
Cloud responds with a tiny nervous thunder rumble.

BGM: Awkward pizzicato strings with long pauses.

CUT F (25–30s) — THE REAL WINNER
Back inside the mansion, the woman relaxes in an armchair, legs crossed, tea in hand. Outside the window, ghost-shaped lightning flickers in the storm. She calmly sips tea, sets the cup down, and says:
“Still not impressed.”

End on a freeze-frame."
renoise-2067784014124253281,Create a professional storyboard sheet image.,,真人,特效向,奇幻怪兽,,en,Seedance 2.0,,,renoise-ai/awesome-seedance-prompts,https://github.com/renoise-ai/awesome-seedance-prompts/blob/904b6caffa21c2b114bb93e1bd0e37ba80b3dd10/data/prompts/2067784014124253281.json,CC-BY-4.0,The Anxious Mind,https://x.com/drjoetw/status/2067784014124253281,True,prompts/真人/特效向/奇幻怪兽/renoise-2067784014124253281--Create-a-professional-storyboard-sheet-i.md,"Create a professional storyboard sheet image.

Purpose: a production storyboard used as the visual reference for an AI video generator (Seedance 2.0). Visual clarity and strict character and environment consistency across panels are the top priorities.

Video format: 1920s Japanese countryside fantasy folk tale. Light-hearted adventure comedy with cute animal characters. Structure: problem appears, villagers panic, hero intervention, clever solution, celebration ending.

Layout:

A clean grid of 12 storyboard panels (3 columns x 4 rows) on a flat white sheet with even margins and thin panel borders.
Each panel is a horizontal 16:9 panel.
Sheet title: ""蜂と黒熊"" — bold sans-serif, dark ink, top-left corner of the sheet.
Each panel has a small circled number (1 to 12) in its top-left corner, reading order left-to-right, top-to-bottom.
Below each panel, a compact caption block with three short lines labeled ""ACTION:"", ""CAMERA:"", ""DIALOGUE:"" — small clean sans-serif, sharp and fully legible.

Story (12 sequential panels):

Panel 1 — Summer, 1920s Japan. An ancient village at the foot of Mount Fuji. White rabbits wearing traditional Japanese farmer clothing plant rice seedlings in lush green paddies.
ACTION: peaceful agricultural work.
CAMERA: wide establishing shot.
DIALOGUE: (none)
Panel 2 — A swarm of adorable giant-eyed bees approaches from the distant sky.
ACTION: strange visitors appear.
CAMERA: long telephoto shot.
DIALOGUE: ""Buzz?""
Panel 3 — The bees fly across the rice fields. Wherever they pass, they chew away the rice stalks as if trimming hair, leaving neat bald patches.
ACTION: crop destruction.
CAMERA: aerial view.
DIALOGUE: (none)
Panel 4 — The rabbits stare in horror and frustration at the devastated fields.
ACTION: villagers panic.
CAMERA: medium group shot.
DIALOGUE: ""Oh no!""

Panel 5 — An elderly white rabbit wearing a traditional Japanese kimono gasps and immediately runs toward the village.
ACTION: seeking help.
CAMERA: dynamic tracking shot.
DIALOGUE: ""Quick!""
Panel 6 — Village marketplace. A black bear wearing a bright red haramaki-style chest cloth sells jars of honey from a wooden stall.
ACTION: introduce the hero.
CAMERA: medium shot.
DIALOGUE: ""Fresh honey!""
Panel 7 — The elderly rabbit explains the crisis. The black bear becomes angry, grabs a plastic bottle of yellow honey, and dashes away.
ACTION: hero accepts mission.
CAMERA: dramatic low-angle shot.
DIALOGUE: ""I'm coming!""
Panel 8 — In the rice field, the black bear now wears a black mesh protective beekeeping suit. His red chest cloth remains faintly visible underneath. He uses a large paintbrush to spread thick sticky honey onto a scarecrow.
ACTION: preparing the trap.
CAMERA: side medium shot.
DIALOGUE: (none)

Panel 9 — The giant-eyed bees become attracted to the honey-covered scarecrow and swarm toward it.
ACTION: trap activated.
CAMERA: wide shot.
DIALOGUE: ""Honey!""
Panel 10 — Countless bees become stuck in the thick honey and cannot move.
ACTION: bees trapped.
CAMERA: close-up.
DIALOGUE: ""Bzzz!""
Panel 11 — The black bear pulls the scarecrow from the field, runs toward a forest stream, and throws it into the water. The bees gradually free themselves and fly away peacefully.
ACTION: remove the threat.
CAMERA: action tracking shot.
DIALOGUE: ""Goodbye!""
Panel 12 — Back in the rice field. The white rabbits cheer and applaud enthusiastically. The black bear scratches the back of his head with one paw, looking shy but proud.
ACTION: hero celebration.
CAMERA: triumphant wide shot with Mount Fuji in the background.
DIALOGUE: ""Hooray!""

Consistency:
The same black bear must appear in every scene with identical facial features, body proportions, red chest cloth, and personality.
The elderly rabbit must remain visually identical throughout.
The giant-eyed bees must maintain the same cute design in all panels.
Mount Fuji, the village architecture, rice fields, and costumes should consistently reflect rural Japan during the 1920s.
Style:
Photorealistic live-action fantasy film, highly detailed animal fur, realistic natural lighting, cinematic composition, warm summer colors, authentic Taisho-era Japanese countryside atmosphere.
Constraints:
Flat white storyboard sheet background, no watermark, no extra text beyond the specified title, panel numbers and caption blocks. All text must be sharp and legible.
quality: high

Output aspect ratio: 3:2"
renoise-2067798420061032759,"Subject: A professional hand-drawn film storyboard document, presented as a…",,漫剧,现实向,日常治愈,绘画风,en,Seedance 2.0,,,renoise-ai/awesome-seedance-prompts,https://github.com/renoise-ai/awesome-seedance-prompts/blob/904b6caffa21c2b114bb93e1bd0e37ba80b3dd10/data/prompts/2067798420061032759.json,CC-BY-4.0,𝐌,https://x.com/Strength04_X/status/2067798420061032759,True,prompts/漫剧/现实向/日常治愈/renoise-2067798420061032759--Subject-A-professional-hand-drawn-film-s.md,"Subject: A professional hand-drawn film storyboard document, presented as a single landscape sheet on warm off-white paper.
Title Block (top-left): Bold hand-lettered title reading ""SUNRISE TEA COMMERCIAL"" with subtitle ""Every Morning Begins with Warmth.""
Legend (top-center): Solid blue arrow labeled ""Movement / Action"" Dashed blue arrow labeled ""Steam / Emotion"" Red rectangle labeled ""Camera / Framing""
Main Grid (13 Panels, 4 Rows):
Wide — Early morning kitchen, mother opening curtains, golden sunlight entering
Close-up — Sunrise Tea box beside steaming teacup
Close-up — Tea being poured in slow motion
Close-up — Steam swirling elegantly above the cup
Close-up — Mother taking first sip, eyes closed peacefully
Wide — Daughter enters kitchen smiling
Close-up — Mother handing tea with warm smile
Close-up — Daughter enjoying biscuits with tea
Wide — Family gathered around breakfast table
Medium-wide — Laughing and chatting together
Close-up — Hands holding warm tea cups
Medium — Family sharing a happy moment
Pack Shot — Tea box hero shot with cup and biscuits
Right Sidebar:
""CASTING / CHARACTERS""
Photographic portrait of elegant mother labeled ""Mom"" Trait: Calm, caring, graceful
Photographic portrait of cheerful daughter labeled ""Daughter"" Trait: Joyful, energetic, loving
""PROP / PRODUCT""
Color photograph of Sunrise Tea pack with steaming tea cup and biscuits
Caption: ""A Cup of Happiness Every Morning.""
Footer: PAGE 1 OF 1
Style: Cinematic production storyboard, monochrome graphite sketches across all panels, full-color photos only in sidebar, premium editorial layout with generous white space."
renoise-2067806300113961274,"A high-quality 2D anime-style Sakuga video featuring @(reference image), a…",,漫剧,特效向,奇幻冒险,2D日漫,en,Seedance 2.0,,,renoise-ai/awesome-seedance-prompts,https://github.com/renoise-ai/awesome-seedance-prompts/blob/904b6caffa21c2b114bb93e1bd0e37ba80b3dd10/data/prompts/2067806300113961274.json,CC-BY-4.0,MrDejie,https://x.com/mrdejie/status/2067806300113961274,True,prompts/漫剧/特效向/奇幻冒险/renoise-2067806300113961274--A-high-quality-2D-anime-style-Sakuga-vid.md,"A high-quality 2D anime-style Sakuga video featuring @(reference image), a fluffy cream-colored long-haired cat, as the main character in a 15-second transformation scene.

00:00–00:03: Lucas sits and forms seals with his front paws, pressing them to the ground. A golden Heian-era magic circle rapidly expands beneath him as golden light and runes rise from the earth. Debris floats around the circle.

00:03–00:06: Lucas overlaps his paws in front of his chest to form the Giant Salamander Summoning Seal. Ink-green and gold-purple spiritual mist rises from the magic circle as the shadow of a massive Japanese giant salamander slowly emerges behind him.

Japanese Incantation: ""Spirit of the sansho, obey me! Grant me your power!""

00:06–00:09: Lucas presses his paws to his chest as the salamander spirit merges into his body. Gold-purple and ink-green light flows across his fur. His body becomes sleeker, with glowing salamander scale patterns appearing on his back and legs. His eyes sharpen with power.

00:09–00:12: Lucas’s paws part as a glowing dagger materializes from spiritual energy. He grips it and shifts into a low, agile combat stance, body low to the ground with tail raised, ready to strike.

00:12–00:15: Lucas swings the dagger, leaving golden-green water ripple trails in the air. He settles into a hunting stance, muscles tensed. The magic circle’s light fades as his spiritual energy stabilizes.

Style: Clean 2D anime, Sakuga-level animation, vibrant colors, sharp details. Minimal background. Focus on Lucas and transformation effects. 15 seconds, high quality."
renoise-2067812442181390661,スタイル:日本の作画枚数の多いアニメ。アクション映画の技法を使ったアニメ映画。アクションシーン。,,漫剧,特效向,科幻机甲,2D日漫,ja,Seedance 2.0,,,renoise-ai/awesome-seedance-prompts,https://github.com/renoise-ai/awesome-seedance-prompts/blob/904b6caffa21c2b114bb93e1bd0e37ba80b3dd10/data/prompts/2067812442181390661.json,CC-BY-4.0,とすくん,https://x.com/tokyo_Valentine/status/2067812442181390661,True,prompts/漫剧/特效向/科幻机甲/renoise-2067812442181390661--スタイル-日本の作画枚数の多いアニメ-アクション映画の技法を使ったアニメ映画-ア.md,"スタイル:日本の作画枚数の多いアニメ。アクション映画の技法を使ったアニメ映画。アクションシーン。
世界観:画像1のキャラクターが宇宙空間でサイバーパンクな飛行機に乗りドッグファイトの末に敵のサイバーパンクな宇宙船を撃墜する。

※血の表現は絶対にしないでください。

・シーン1
画像1の女性が超高速で宇宙空間を飛行する戦闘機の中でインフォグラフィックUIゴーグルを装着して立体映像を見ている。

・シーン2
画像1の女性が操る立体映像に赤いビーコンの敵の信号が発生する。
突然、激しい宇宙空間での戦闘機同士の戦いが起こる。

・シーン3
画像1の女性が目標をロックオンして、ミサイルポットを発射する。
多段ミサイルが発射され、ミサイルはファンネルのように敵戦闘機に発射される。

・シーン4
敵戦闘機が爆発して、大喜びする女性。"
renoise-2067826860369854897,13秒，真人实拍，手机拍摄真实质感，9:16竖屏，全程real-time实时1倍速正常播放节奏，一镜到底怼脸特写不切换。男友坐在身边视角，单手举手机从斜下方约4…,,真人,现实向,生活与vlog,,zh,Seedance 2.0,,,renoise-ai/awesome-seedance-prompts,https://github.com/renoise-ai/awesome-seedance-prompts/blob/904b6caffa21c2b114bb93e1bd0e37ba80b3dd10/data/prompts/2067826860369854897.json,CC-BY-4.0,MapleShaw,https://x.com/msjiaozhu/status/2067826860369854897,True,"prompts/真人/现实向/生活与vlog/renoise-2067826860369854897--13秒,真人实拍,手机拍摄真实质感,9-16竖屏,全程real-time实时1倍.md",13秒，真人实拍，手机拍摄真实质感，9:16竖屏，全程real-time实时1倍速正常播放节奏，一镜到底怼脸特写不切换。男友坐在身边视角，单手举手机从斜下方约40度偏角往上仰拍女生面部（非正下方垂直，带侧斜偏角更自然），镜头与脸距离极近且恒定。深夜出租车后座为固定场景，车窗外城市红蓝紫霓虹灯光流动扫过脸庞明暗冷暖交替，背景夜景飞速后退。强手持自然晃动+运动模糊+霓虹光斑流动+夜景噪点，禁升格慢放禁稳定器禁电影级打光禁超清锐利。 0-3.5秒：及肩长卷发东方女生慵懒靠在出租车后座，脸颊微红有微醺感，发丝蓬松微乱，面部占满画面，娇憨地歪头凑向斜下方镜头撒娇问：「你说咱俩，到底是谁更爱谁多一点呀？」眼神迷蒙带笑，霓虹光扫过脸； 3.5-6秒：同一女生怼脸特写，听到画外音男生「那肯定是你爱我多一点呀」后，不服气地挑眉、嘟嘴做出「啊？」的娇嗔反应，眼神直视镜头，紫色霓虹流过脸庞，手持晃动持续； 6-9秒：同一女生怼脸特写，凑近不甘心地追问：「凭什么呀？凭什么是我？」脸颊更红，面部更满画面，红蓝灯光在脸上交替； 9-11秒：同一女生怼脸特写，听到画外音男生「因为我长得这么可爱呀」后，瞬间瞪眼、张嘴做出「就这？？」的哭笑不得反应，头部后仰又凑回，戏剧张力强，手持随反应颠簸晃动； 11-13秒：同一女生怼脸特写，被逗得绷不住娇笑，捂嘴又放开开怀大笑，伸手嗔怪地推一下镜头，卷发随笑摆动，霓虹光流过笑脸，城市夜晚环境音收尾。 禁止：任何文字、字幕、LOGO或水印
renoise-2067830242547249608,Title: WORLD CUP FEVER — MEXICO CITY 2026,,真人,特效向,科幻,,en,Seedance 2.0,,,renoise-ai/awesome-seedance-prompts,https://github.com/renoise-ai/awesome-seedance-prompts/blob/904b6caffa21c2b114bb93e1bd0e37ba80b3dd10/data/prompts/2067830242547249608.json,CC-BY-4.0,Leonardo,https://x.com/MrOnsase/status/2067830242547249608,True,prompts/真人/特效向/科幻/renoise-2067830242547249608--Title-WORLD-CUP-FEVER-—-MEXICO-CITY-2026.md,"Title: WORLD CUP FEVER — MEXICO CITY 2026

Format: 9:16 Vertical
Length: 30 Seconds
Style: Cinematic Sports Commercial, Nike x FIFA World Cup Energy, Ultra Realistic, Premium Production Value

OPENING (0-15s)

Golden-hour aerial of Mexico City. The city feels alive. Fast cinematic cuts of colorful street murals, bustling markets, street food vendors, lowrider bicycles, football jerseys hanging from balconies, mariachi musicians, fashionable youth walking through historic streets.

Crowds gather around giant screens showing World Cup countdown graphics. Children juggle footballs in narrow alleyways. Street football matches erupt across neighborhoods. Drums echo through the city.

Camera follows a young footballer weaving through the urban landscape carrying a worn football. Every touch of the ball creates subtle golden energy sparks.

The pace builds. The city itself seems to move with the rhythm of football.

Text on screen:
""ONE CITY. ONE DREAM.""

Music intensifies.

HERO SHOT (15-30s)

Night falls.

The player enters a massive urban football arena created from the streets of Mexico City. Thousands of fans appear across rooftops, balconies, and elevated walkways.

RoboNeo premium cinematic sequence:

The football launches into the air.

Time freezes.

Dozens of players from different neighborhoods appear simultaneously around the floating ball. Seamless multi-character choreography. Gravity-defying football tricks. Players leap between glowing platforms of light suspended above the city.

Neon energy trails connect every movement. Murals come alive. Buildings pulse with World Cup colors. Giant holographic football formations emerge above the skyline.

The camera performs a breathtaking 360-degree orbit around the floating players.

The final striker executes an impossible bicycle kick.

The ball transforms into a blazing golden sphere and explodes into a massive World Cup-inspired light display above Mexico City.

Crowds erupt.

Ultra-wide hero shot of the entire city illuminated by football energy.

Text on screen:
""THE WORLD PLAYS AS ONE""

Cinematic lighting, volumetric fog, dynamic camera movements, hyper-realistic crowds, seamless AI transitions, epic scale, premium VFX, emotional storytelling, FIFA World Cup commercial quality, viral social media advertisement, award-winning sports campaign aesthetic"
renoise-2067843290536526147,Create a heartwarming and hilarious Pixar-style animated short film about the…,,漫剧,特效向,奇幻冒险,3D卡通,en,Seedance 2.0,,,renoise-ai/awesome-seedance-prompts,https://github.com/renoise-ai/awesome-seedance-prompts/blob/904b6caffa21c2b114bb93e1bd0e37ba80b3dd10/data/prompts/2067843290536526147.json,CC-BY-4.0,Smiling Khan,https://x.com/AIwithkhan/status/2067843290536526147,True,prompts/漫剧/特效向/奇幻冒险/renoise-2067843290536526147--Create-a-heartwarming-and-hilarious-Pixa.md,"Create a heartwarming and hilarious Pixar-style animated short film about the Cat vs Dog World Cup Final. Cinematic storytelling, emotional character expressions, vibrant colors, Disney-Pixar-quality 3D animation, dynamic camera movements, dramatic stadium atmosphere, 16:9 widescreen.

Scene 1 — Grand Arrival A massive football stadium built inside a giant backyard. Confident cat players walk out of the tunnel wearing sleek blue jerseys. Opposite them, energetic dog players in red jerseys bark excitedly and wave to the crowd. Thousands of puppies and kittens cheer from packed stands. Epic opening music.

Scene 2 — Funny Warmups Cats practice elegant dribbling and balancing footballs on their tails. Dogs perform chaotic warmups, chasing balls, tripping over each other, and accidentally colliding. Playful rivalry and comedy moments. Crowd laughter.

Scene 3 — Kickoff Fast-paced football action begins. Cats make clever passes while dogs rely on speed and enthusiasm. Dynamic camera angles, dramatic tackles, incredible saves, roaring crowd atmosphere.

Scene 4 — The Impossible Goal The star cat striker launches into a spectacular slow-motion bicycle kick. The ball flies through the air with a glowing trail. Dog goalkeeper leaps heroically but misses by inches. Stadium explodes with excitement.

Scene 5 — Emotional Crowd Reactions Close-ups of puppies and kittens in the stands. Some jump with joy, others cover their eyes nervously. Families hug, friends celebrate together, emotional World Cup atmosphere.

Scene 6 — Final Whistle Referee blows the whistle. The cat team wins the championship. Dogs congratulate the winners with sportsmanship. Heartwarming smiles and handshakes.

Scene 7 — Trophy Celebration Cat captain lifts the World Cup trophy high into the air. Gold confetti erupts, fireworks light up the night sky, teammates celebrate wildly, puppies and kittens cheer together. Epic cinematic ending shot as the camera rises above the glowing stadium.

Style Keywords: Pixar animation, Disney-quality storytelling, emotional expressions, cinematic lighting, colorful fur details, football action, backyard stadium, funny comedy moments, heartwarming sports movie, dynamic camera movement, shallow depth of field, volumetric lighting, 4K, masterpiece animation, family-friendly adventure."
renoise-2067848933825486891,CREATE A 15-SECOND CINEMATIC FIFA WORLD CUP HOST CITY × SPRITE COMMERCIAL.,,其他,,广告带货,,en,Seedance 2.0,,,renoise-ai/awesome-seedance-prompts,https://github.com/renoise-ai/awesome-seedance-prompts/blob/904b6caffa21c2b114bb93e1bd0e37ba80b3dd10/data/prompts/2067848933825486891.json,CC-BY-4.0,Aaliya,https://x.com/AIwithAliya/status/2067848933825486891,True,prompts/其他/广告带货/renoise-2067848933825486891--CREATE-A-15-SECOND-CINEMATIC-FIFA-WORLD.md,"CREATE A 15-SECOND CINEMATIC FIFA WORLD CUP HOST CITY × SPRITE COMMERCIAL.

EVERY SCENE MUST HAPPEN STRICTLY IN THE EXACT SEQUENCE LISTED BELOW. DO NOT SKIP, MERGE, SHORTEN, REORDER, OR COMBINE SCENES. MAINTAIN PERFECT CHARACTER CONSISTENCY ACROSS ALL SHOTS.

MAIN CHARACTER:
Beautiful young East Asian woman, early 20s, athletic build, long straight dark hair in a high ponytail with subtle baby-pink highlights, confident joyful expression, wearing full Argentina national team kit (sky blue and white striped jersey with crest, matching shorts, white socks, professional football boots).

VISUAL STYLE:
Ultra-realistic 4K cinematic commercial, vibrant colors, bright sunny daytime lighting, realistic skin texture, realistic fabric movement, dynamic camera movements, lens flares, shallow depth of field, premium sports advertising quality, smooth motion, realistic physics, FIFA World Cup atmosphere, energetic motivational music building throughout.

IMPORTANT:
The city-to-stadium transition is a major storytelling element. The opening must immediately hook the audience with a visually spectacular World Cup host city sequence before entering the stadium. Every scene below must appear exactly in order.

SCENE 1 (0:00–0:02) — HOST CITY ESTABLISHING SHOT

Massive cinematic aerial shot of a vibrant FIFA World Cup host city under bright sunshine. Modern skyline, iconic landmarks, busy streets, colorful World Cup decorations, Argentina flags visible throughout the city. Thousands of football fans fill plazas and streets. Dynamic drone camera races forward at high speed between skyscrapers and city landmarks. Epic lens flares. Huge tournament atmosphere.

SCENE 2 (0:02–0:04) — CITY TO STADIUM TRANSITION

The camera continues moving without interruption through the city. It flies above cheering fans, crosses a busy fan zone, then rapidly approaches a spectacular packed World Cup stadium. The camera dives dramatically through the stadium entrance tunnel and emerges onto the football pitch. Crowd noise intensifies.

SCENE 3 (0:04–0:06) — ARGENTINA PLAYER INTRODUCTION

The camera finds the main character already dribbling at full speed on the pitch. Close-up of her determined face. Her ponytail flows naturally. She performs quick skill moves while sprinting. Stadium crowd cheering loudly. She looks toward camera briefly and shouts:

Let's go Argentina!

SCENE 4 (0:06–0:08) — ATTACKING PLAY

Fast sports-commercial editing. She dribbles past defenders with skill. One step-over. One nutmeg. Explosive acceleration. She strikes a powerful shot toward goal. Ball crashes against the goalpost. Crowd reacts dramatically.

SCENE 5 (0:08–0:09) — HEAT AND FATIGUE

Immediately after the missed chance, she slows down. Bright sunlight overhead. Close-up of sweat on her face. Heavy breathing. She wipes sweat from her forehead and says:

It's so hot... I need something refreshing!

SCENE 6 (0:09–0:11) — SPRITE REVEAL

An ice-cold Sprite bottle appears in her hand. Extreme macro close-up. Condensation droplets covering the bottle. Camera slowly rotates around the bottle. She twists the cap open. Fizzy bubbles explode upward in beautiful slow motion. Refreshing sparkling liquid details.

SCENE 7 (0:11–0:12) — REFRESHMENT MOMENT

Close-up as she takes a satisfying sip of Sprite. Time briefly slows down. Cooling visual effects. Her expression instantly changes from tired to energized. Bright smile appears. She says:

Sprite! Cold, crisp, and full of energy!

SCENE 8 (0:12–0:14) — ENERGY BURST MONTAGE

Fast-paced action montage. She accelerates explosively across the field. Perfect dribble. Perfect through pass. Receives return pass. Strikes a stunning shot into the top corner of the goal. Net ripples dramatically. Crowd erupts. Argentina teammates run toward her celebrating.

SCENE 9 (0:14–0:15) — FINAL BRAND SHOT

Hero commercial ending. She stands confidently facing the camera holding the Sprite bottle prominently in the foreground. Behind her is the packed World Cup stadium with the host city skyline visible beyond the stadium. Bright sunlight, sparkling highlights on the bottle, premium advertising composition.

Minimal text overlay:

SPRITE – REFRESH YOUR GAME

Sparkling Sprite logo appears at the very end as the music reaches its climax.

END OF COMMERCIAL.
STRICTLY FOLLOW ALL SCENES IN THE EXACT ORDER PROVIDED."
renoise-2067862400838377544,Use  @ Image 4  as the exact opening frame and station environment reference.,,漫剧,特效向,奇幻冒险,3D卡通,en,Seedance 2.0,,,renoise-ai/awesome-seedance-prompts,https://github.com/renoise-ai/awesome-seedance-prompts/blob/904b6caffa21c2b114bb93e1bd0e37ba80b3dd10/data/prompts/2067862400838377544.json,CC-BY-4.0,MD,https://x.com/mdmadeit/status/2067862400838377544,True,prompts/漫剧/特效向/奇幻冒险/renoise-2067862400838377544--Use-Image-4-as-the-exact-opening-frame-a.md,"Use  @ Image 4  as the exact opening frame and station environment reference.
Use @ Image 2  as the main hero character reference.
Use @ Image 3  as the villain train reference
use @ Image 5  as the storyboard dont render any text, arrows or timestamps

STYLE: cinematic anime, glossy cel-shaded 3D anime look, teal-green haze, strong bloom, wet reflective subway floor, glowing signage, subtle fog, soft camera drift, calm slice-of-life mood shifting into suspense, high contrast rim light, red cape accent, white and mint outfit, surreal ruined station, polished but eerie.

IMPORTANT: the video must begin with a shot that closely matches image 4.

0:15–0:18
The villain train bursts from the tunnel and enters the station fast. It looks monstrous and alive, covered in glowing skulls, roaring down the tracks. Camera tracks backward in front of it as debris and mist explode outward.

0:18–0:21
Cut to the hero on the platform. She remains calm for one beat, then drops the iced coffee or lowers it casually. Her cape snaps in the wind from the train’s force. She steps forward, focused now, ready to fight.

0:21–0:24
Low angle as she jumps down toward the tracks or launches forward off the platform. Fast side tracking shot. She drives straight toward the skull-faced front of the train with a powerful punch.

0:24–0:27
Impact moment. Her fist slams into the front skull of the villain train. Bright flash, green haze, red sparks, skull fragments, hard camera shake. The train recoils but keeps charging.

0:27–0:30
She lands on the front of the moving skull train, gripping its bone-like armor, cape streaming behind her. The train speeds deeper into the station. Final close-up on her confident face as the red lights glow beneath her.

No text, no subtitles, no logos, no extra characters, no music."
renoise-2067880209643344008,"An elderly cartoon man with white beard, blue denim overalls, straw hat, brown…",,漫剧,现实向,喜剧搞笑,2D日漫,ja,Seedance 2.0,,,renoise-ai/awesome-seedance-prompts,https://github.com/renoise-ai/awesome-seedance-prompts/blob/904b6caffa21c2b114bb93e1bd0e37ba80b3dd10/data/prompts/2067880209643344008.json,CC-BY-4.0,ミサキ,https://x.com/misakin883/status/2067880209643344008,True,"prompts/漫剧/现实向/喜剧搞笑/renoise-2067880209643344008--An-elderly-cartoon-man-with-white-beard,.md","An elderly cartoon man with white beard, blue denim overalls, straw hat, brown boots. The camera is completely fixed. The background stays completely still. The character slides backwards from the right edge of the screen to the left edge, as if the floor is made of ice. He glides on the icy floor like an ice skater moving backwards. His face points to the right the entire time. His feet never lift off the ice — they glide flat along the surface. One foot glides back while the other balances on tiptoe, then they alternate smoothly. The motion is effortless and frictionless, like sliding on a frozen surface. Plain light grey background. Full body visible. Steady wide shot. No text, no logo. 10 seconds."
renoise-2067882894647812303,Use @image_1 as the exact base environment. Use @image_2 for the main model's…,,真人,现实向,时尚写真,,en,Seedance 2.0,,,renoise-ai/awesome-seedance-prompts,https://github.com/renoise-ai/awesome-seedance-prompts/blob/904b6caffa21c2b114bb93e1bd0e37ba80b3dd10/data/prompts/2067882894647812303.json,CC-BY-4.0,Hendry Lim,https://x.com/Hendry_lim0890/status/2067882894647812303,True,prompts/真人/现实向/时尚写真/renoise-2067882894647812303--Use-image_1-as-the-exact-base-environmen.md,"Use @image_1 as the exact base environment. Use @image_2 for the main model's full front view , as guide for the model's dress from side view and back view and @image_3 as guide for the model's face
FORMAT: 15s Cinematic Camera STYLE: High-end haute couture editorial, ultra-realistic cinematic, 35mm lens. Highly realistic skin textures, metallic reflections, and fabric physics. Strictly no smooth, ""plasticky,"" or AI-glossy finishes. LIGHTING: CRITICAL GLOBAL RULE — The entire runway room is now deeply dark. The ONLY light sources are: (1) the two warm amber/gold strip lights running along both edges of the black runway floor, and (2) the soft, internal warm golden-white glow radiating organically from the chandelier wire-frame structure of the gown itself. This practical glow must cast a realistic, soft, warm light falloff onto the surrounding dark runway floor and subtly illuminate the nearest audience members' faces from the direction of the model. No overhead spotlights. No ceiling lights. No ambient fill. LOGIC RULE: CRITICAL: Model proportions must perfectly match the room scale and runway dimensions. The intricate gold wire-frame chandelier structure of the gown must remain rigid and architecturally consistent in all three shots. The soft internal glow of the dress must behave like a real practical light source — it must cast soft, realistic shadows from the wire frame onto the silver satin underdress beneath it. The audience reactions must be genuine and restrained — subtle parted lips, slow nods, leaning slightly forward — never exaggerated or cartoonish.
[0:00–0:05]-a wide shot from the very end of the runway, camera facing toward the glowing white entrance. The model (matching @image_2 and @image_3 for face and hair) walks directly toward the camera with elegant, unhurried, commanding strides. In the deep darkness of the room, she is the only source of light — her chandelier gown glowing softly and magnificently, the warm gold wire-frame casting intricate, shifting shadow patterns on the runway floor beneath her with every step. Her overall size realistically increases as she approaches. Her face is fierce, composed, and absolutely untouchable. On both sides of the runway, the audience reacts with controlled, professional admiration: some lean forward slightly, others exchange quiet murmurs with their neighbors, a few give slow, deliberate nods of deep approval. No one claps or cheers — the atmosphere is one of reverent, collective awe. As she reaches the very end of the runway at the closest point to the camera, she elegantly decelerates, plants her feet firmly, and strikes a powerful final high-fashion pose — chin slightly lifted, one hand relaxed at her side. The chandelier structure of the gown settles and sways very slightly.
[0:05–0:15]-She then turn around gracefully as she walk back to the entrance."
renoise-2067897013480624585,"Create a hilarious, cinematic rally racing scene set inside a rally car…",,漫剧,现实向,喜剧搞笑,3D卡通,en,Seedance 2.0,,,renoise-ai/awesome-seedance-prompts,https://github.com/renoise-ai/awesome-seedance-prompts/blob/904b6caffa21c2b114bb93e1bd0e37ba80b3dd10/data/prompts/2067897013480624585.json,CC-BY-4.0,Good FortuneX,https://x.com/pound75423/status/2067897013480624585,True,"prompts/漫剧/现实向/喜剧搞笑/renoise-2067897013480624585--Create-a-hilarious,-cinematic-rally-raci.md","Create a hilarious, cinematic rally racing scene set inside a rally car speeding along narrow forest roads. The camera is fixed inside the car, using a wide-angle lens to film the dashboard and cockpit. Three dogs act like a professional rally team, but everything looks absurd and laugh-out-loud funny. On the right, a fluffy white dog is the driver, gripping the steering wheel tightly with its paws, leaning forward with a serious expression like a world champion driver. It makes exaggerated steering maneuvers as the car bounces along the dirt road. On the left, a black and white husky is the co-pilot and navigator, wearing tiny racing headphones and holding a crumpled map upside down, confidently barking and pointing the way, even though it clearly has no idea where to go. The husky occasionally shows a shocked expression, points in the wrong direction, and then pretends everything is under control. Behind them, a brown dog sits in the middle seat like a nervous team manager, eyes wide open, paws gripping the seat, bobbing up and down with every bump. It glances at the driver and then at the navigator, a bewildered yet determined expression on its face. The race car speeds through the forest, trees blurring into afterimages outside the window, dust, fallen leaves, and sunlight swirling through the windshield. The vehicle sways, vibrates, and jolts from side to side comically, but the dogs maintain an overly serious demeanor, as if they were participating in the most important rally in history. Adding humorous physical comedy elements: a map slaps the husky's face, the white dog accidentally paws the horn, the brown dog's ears bounce with the bumps, and the three dogs freeze briefly in dramatic slow motion as the car goes over a small ramp. Style: Cinematic CGI realistic style, animal comedy, energetic rally racing, expressive dog faces, dynamic feel, realistic interior decorations, forest road background, high speed, comedic rhythm, high-quality animation, warm natural light, and a playful adventure atmosphere. Camera: Fixed wide-angle dashboard/cockpit lens, slightly shaky with vehicle movement, creating a realistic sense of vibration; fast-moving background outside the window; unedited, one-shot. Atmosphere: Hilarious, adventurous, absurd, cinematic, like a serious rally race run by completely unprofessional but confident dogs. No text, no subtitles, no signs, no human characters."
renoise-2067903003072598327,Create a 15-second cinematic high-altitude volleyball action video with a…,,真人,现实向,运动,,en,Seedance 2.0,,,renoise-ai/awesome-seedance-prompts,https://github.com/renoise-ai/awesome-seedance-prompts/blob/904b6caffa21c2b114bb93e1bd0e37ba80b3dd10/data/prompts/2067903003072598327.json,CC-BY-4.0,meropan,https://x.com/renataro9/status/2067903003072598327,True,prompts/真人/现实向/运动/renoise-2067903003072598327--Create-a-15-second-cinematic-high-altitu.md,"Create a 15-second cinematic high-altitude volleyball action video with a strong first-second hook, clean rally structure, and a spectacular final spike.

Core concept:

Two teams play volleyball on a court stretched between two skyscraper rooftops high above a modern city. The net spans the rooftop gap, and the open sky and city drop below make every jump feel dangerous and exhilarating.

Visual style:
cinematic sports realism, polished 3D CG or premium live-action realism, modern city skyline, strong rooftop wind, bright daylight or sunset light, dramatic height, no text, no watermark.

0.0–2.0 sec:
Start with a powerful hook. Open on a volleyball rising high above the city skyline, then reveal the impossible court spanning two skyscraper rooftops. Players are already mid-rally.

2.0–5.0 sec:
One side receives and sets the ball cleanly. The rooftop wind is visible in clothing and hair. The city far below remains visible, emphasizing the dangerous setting.

5.0–8.0 sec:
The rally continues with one diving save and a controlled recovery. The ball remains easy to track. The camera alternates between court-level motion and a slightly wider rooftop view to keep the scale clear.

8.0–11.0 sec:
The ball is set high near the net for the final attacking sequence. The spiker takes a fast approach run on the rooftop court. The open air and drop beyond the net are clearly visible.

11.0–13.5 sec:
The spiker jumps high against the city skyline and hangs for a moment above the net. The camera frames the player, the net, and the distant skyline together for a big sports-movie image.

13.5–15.0 sec:
Final payoff. The player slams a decisive final spike downward. The ball lands cleanly. The team celebrates briefly as wind rushes across the rooftop. End on the spiker landing strong with the skyline behind them.

Camera:
Use one skyline reveal, court-level rally shots, a wide rooftop shot showing the impossible height, and a final heroic spike angle.

Motion:
Keep the rally simple and readable. The height and rooftop danger should enhance the tension, but the ball and player actions must remain easy to understand."
renoise-2067924921272107033,Seedance 2.0 – 15 Second Cinematic Lamborghini Character Reel,,真人,特效向,科幻,,en,Seedance 2.0,,,renoise-ai/awesome-seedance-prompts,https://github.com/renoise-ai/awesome-seedance-prompts/blob/904b6caffa21c2b114bb93e1bd0e37ba80b3dd10/data/prompts/2067924921272107033.json,CC-BY-4.0,Al-Shamus,https://x.com/im_shahid7/status/2067924921272107033,True,prompts/真人/特效向/科幻/renoise-2067924921272107033--Seedance-2.0-–-15-Second-Cinematic-Lambo.md,"Seedance 2.0 – 15 Second Cinematic Lamborghini Character Reel
Duration: 15 Seconds Style: Hollywood luxury automotive commercial + character showcase Aspect Ratio: 16:9 Quality: Ultra-photorealistic, 8K, HDR, cinematic lensing, movie-grade color science Color Grade: Deep moody blue shadows, dark teal atmosphere, subtle silver highlights, natural skin tones, premium blockbuster look

0:00 – 0:02 Nightfall. A deep emerald-green Lamborghini races through a rain-kissed mountain highway. Low-angle tracking shot inches above the asphalt. Headlights cut through blue mist. Water particles fly past lens. Dramatic cinematic motion blur. Engine growl echoes through the valley.
0:02 – 0:03 Seamless transition through the Lamborghini's side mirror reflection. The reflection morphs into the character's front face profile. Camera slowly pushes toward the eyes. Every facial feature remains perfectly preserved from the reference image. Soft movie lighting reveals hair texture, beard details, and glasses reflections.
0:03 – 0:04 Whip-pan transition synchronized with engine rev. Camera rotates to a 3/4 face angle. Background streaks into elegant blue motion trails. Hair strands react naturally to wind. High-end portrait cinematography.
0:04 – 0:05 Match-cut to the side profile view. Lamborghini passes behind frame at high speed creating a practical light streak transition. Jawline, beard texture, ear details, and hairstyle become clearly visible.
0:05 – 0:06 Drone shot circles the moving Lamborghini from above. Camera dives toward the roof and transitions into the back-head view. Hair texture and natural volume are showcased with studio-quality clarity.
0:06 – 0:07 Interior Lamborghini shot. Dashboard lights glow softly. Character turns toward camera and gives a subtle confident smile. Shallow depth of field. Luxury cinematic atmosphere.
0:07 – 0:08 Fast transition through spinning Lamborghini wheel. Cut to multiple expressions in rapid succession: smile → happy → confident. Each expression illuminated by passing city lights.
0:08 – 0:09 Camera glides around the driver's seat. Character glances toward the road while speaking naturally. Reflections from neon-blue city lights dance across the glasses.
0:09 – 0:10 High-speed tunnel sequence. Every tunnel light creates a transition to another facial angle. Side profile, 3/4 profile, and front portrait appear rhythmically with the beat.
0:10 – 0:11 Extreme close-up montage. Hair texture. Beard texture. Glasses frame. Skin detail. Eyes. Each detail revealed with luxury-commercial precision. Macro cinema lens.
0:11 – 0:12 Wide aerial shot. Lamborghini drifts smoothly along a mountain curve. Blue fog rolls across the road. The vehicle remains the hero object against the cinematic landscape.
0:12 – 0:13 Camera enters through the windshield and transitions into a dramatic portrait. Character looks directly at camera. Powerful movie-star presence. Soft rim lighting outlines the silhouette.
0:13 – 0:14 Ultra-smooth orbit around the character while the Lamborghini continues moving at speed. Every angle from the character sheet flashes elegantly through motion-matched transitions.
0:14 – 0:15 Final hero shot. Lamborghini stops on a cliff overlooking a futuristic city glowing blue beneath the night sky. Camera slowly rises from the rear of the car to reveal the character standing beside it. Wind moves his hair naturally. Cinematic ending frame. Premium luxury-film atmosphere. Fade to black.
Music: Deep cinematic bass, luxury trailer percussion, atmospheric synths, rising orchestral tension, engine revs synchronized with transitions. Keywords: ultra realistic, movie quality, Lamborghini commercial, smooth transitions, facial reference consistency, cinematic lighting, moody blue grade, luxury fashion film, 8K HDR, volumetric lighting, dynamic camera movement, masterpiece cinematography."
renoise-2067931320483766745,"Use @[storyboard ref] only as visual anchor for panel order, camera…",,漫剧,特效向,科幻机甲,2D日漫,en,Seedance 2.0,,,renoise-ai/awesome-seedance-prompts,https://github.com/renoise-ai/awesome-seedance-prompts/blob/904b6caffa21c2b114bb93e1bd0e37ba80b3dd10/data/prompts/2067931320483766745.json,CC-BY-4.0,Kōda,https://x.com/aimikoda/status/2067931320483766745,True,prompts/漫剧/特效向/科幻机甲/renoise-2067931320483766745--Use-storyboard-ref-only-as-visual-anchor.md,"Use @[storyboard ref] only as visual anchor for panel order, camera angle/scale/framing, pose, blocking, screen direction, composition, prop/effect state, and spatial continuity. Follow panel camera/framing/poses/positions exactly; do not render the sheet, copy sketch style/anatomy, or add events absent from storyboard/prompt. Recreate final stylized anime video.
Use @[character ref] as the sole authority for C1 final appearance, face, body, wardrobe, proportions, materials, and likeness; storyboard silhouettes are staging references only.

VISUAL STYLE: Stylized anime ASMR ritual: warm barista shrine counter, cream mask, red apron, blue hoodie, amber rim light, soft steam, precise mechanical hands, glossy ceramic, clear coffee, elastic white web filament.
AUDIO: No music. Close ASMR foley: servo purrs, relay clicks, ceramic ticks, filter hiss, kettle stream, bloom bubbles, robot chirps, web thwip, cup scrape, coffee pour.
ENVIRONMENT: Compact coffee counter: centered V60, kettle left, grinder/scale rear, visible front service shelf at viewer edge holding empty cup, warm task lamp, steam.
EMOTIONAL GUIDANCE: C1 stays quiet and observant; precise mechanical ceremony builds to a playful direct offering.

BEATS:
P01 / low altar wide / station wakes: low front wide across counter; C1 centered behind V60, kettle left, grinder/scale rear, cup visible on front shelf right; both hands rise and station lights wake with tiny servo clicks.
P02 / top-down close / paper moon: top-down close over dripper; C1's white mechanical fingers set paper filter in centered V60, kettle waits left; fingertips press cone flat as paper whispers.
P03 / side macro / rinse breath: side macro at rim height; C1 tilts kettle from screen left, thin water thread darkens filter, steam curls up, droplets collect below; soft hiss, wrist ticks.
P04 / three-quarter medium / grounds offering: three-quarter medium from front-right; C1 tips grounds bowl into rinsed filter, one hand steadies dripper, other taps bowl; centered mound lands with granular ticks.
P05 / overhead detail / first bloom: overhead detail; C1 pours slow spiral onto grounds, bloom domes open inside V60, steam ring expands as C1's mask leans in; bubbling and servo hum.
P06 / profile medium / ritual orbit: profile medium from screen left; C1 holds kettle high, draws controlled circular pour, elbow locked, apron still, coffee drops gather in server; metronome water pulse.
P07 / low service-shelf wide / visible web hit: low wide from viewer-side service shelf, cup large in foreground right, C1 behind counter; C1 sets kettle down, snaps one wrist in spider-hero pose, white filament shoots from wrist across frame and sticks to visible cup rim; thwip, servos peak.
P08 / front track medium / airborne cup catch: front medium same axis; C1 snaps the same wrist back hard with one hand only, other hand away from web, taut filament yanks cup off foreground shelf into a short air arc, and the same web hand catches it cleanly above table center; scrape, twang, ceramic clack.
P09 / close three-quarter / caught cup fill: close three-quarter on cup/server; C1 sets the caught cup onto the saucer with the same hand, lifts server with the other, and pours amber coffee, slack web beside saucer; round liquid pour.
P10 / POV close / offered cup: POV close from viewer seat; C1 offers filled cup with both hands, mask tilted in tiny bow, V60 station behind, web line gone; ceramic stop, soft robot chirp, warm steam."
renoise-2067945205953896858,ai表情控制提示词分享0-2秒:低头垂眸，嘴角噙着含蓄淡笑，不露齿，神态温柔安静。,,真人,特效向,特效综合,,zh,Seedance 2.0,,,renoise-ai/awesome-seedance-prompts,https://github.com/renoise-ai/awesome-seedance-prompts/blob/904b6caffa21c2b114bb93e1bd0e37ba80b3dd10/data/prompts/2067945205953896858.json,CC-BY-4.0,冰河,https://x.com/binghe/status/2067945205953896858,True,"prompts/真人/特效向/特效综合/renoise-2067945205953896858--ai表情控制提示词分享0-2秒-低头垂眸,嘴角噙着含蓄淡笑,不露齿,神态温柔安静.md","ai表情控制提示词分享0-2秒:低头垂眸，嘴角噙着含蓄淡笑，不露齿，神态温柔安静。

2-4秒:笑意缓缓收敛，嘴角归平;双眼、头部慢慢抬起，视线转向画面右侧，神情转为认真留意。

4-6秒:持续望向右方，眼神添上浅淡疑惑与担忧，双眼微睁(幅度自然)，嘴唇轻启呈欲言又止状，眉眼微收，不皱眉。

6-8秒:视线缓缓下沉，头部微低，笑意尽数褪去，神情安静失落，内敛压抑情绪，不流泪、不哭泣。

8-10秒:低头轻阖双眼，平复心绪，嘴角浮现一抹藏起难过的浅淡自嘲式浅笑，呼吸自然，动作极轻。

10-12秒:缓缓抬头，眼眸重新迎向柔光，眼神渐亮却依旧克制，面部转向前方/偏右，唇角带一丝温柔又委屈的淡意。

12-15秒:目视前方/画面右侧，眼神柔和微润，唇瓣轻动似欲语还休，最终保持安静凝视状态，定格在温柔清冷、略带忧郁的情绪中，结尾无黑屏、无转场。"
renoise-2067966346617385468,Use the attached THE GYRO MAKER storyboard as exact visual reference. Create a…,,漫剧,现实向,剧情短片,3D卡通,en,Seedance 2.0,,,renoise-ai/awesome-seedance-prompts,https://github.com/renoise-ai/awesome-seedance-prompts/blob/904b6caffa21c2b114bb93e1bd0e37ba80b3dd10/data/prompts/2067966346617385468.json,CC-BY-4.0,TechieSA,https://x.com/TechieBySA/status/2067966346617385468,True,prompts/漫剧/现实向/剧情短片/renoise-2067966346617385468--Use-the-attached-THE-GYRO-MAKER-storyboa.md,"Use the attached THE GYRO MAKER storyboard as exact visual reference. Create a 12-second 16:9 Pixar 3D animated sequence following all 8 shots exactly. Same older Greek male vendor — warm weathered face, thick grey mustache, white shirt, cobalt blue apron — seafront gyro stand, white and blue Santorini buildings, sparkling Aegean sea, brilliant Mediterranean sunshine throughout.

Shot sequence:

1.Wide shot. Vendor already standing behind his seafront gyro stand — Santorini buildings glowing white and blue behind him, Aegean sea sparkling in the distance, blue church dome visible, gyro spit already rotating and glistening beside him. Fresh ingredients laid out on the counter in front of him — vivid red tomatoes, fresh herbs, oval pitas. He looks directly at the camera, spreads his arms wide in a theatrical Greek gesture and says “Best Greek Gyro!” with a massive proud warm smile. Already in his world. Already ready. The story begins here.
2.Dramatic close-up. Vertical gyro spit filling the entire frame — layered marinated meat rotating slowly, outside layer deeply caramelized and glistening in the Mediterranean sunshine. Steam rising. No character needed. Just the spit in all its glory.
3.Close-up. Vendor places a fresh oval pita directly on the hot grill — pressing it down flat with one hand, bread charring and blistering immediately, golden grill marks forming in real time, steam rising from the heat.
4.Wide medium with vendor visible. Vendor holds the warm grilled pita open in one hand below the spit, long knife in the other shaving meat in one confident downward stroke — thin caramelized strips falling directly into the open pita below. Knife, meat, pita and spit all visible in one frame.
5.Close-up with active movement throughout. A fresh ripe tomato picked up with one hand and sliced in half with a sharp knife — juice running visibly. Slices laid one by one onto the gyro meat with deliberate care, each slice placed with a satisfying motion. Knife and hand always moving — never static. Vivid red tomato juice catching the Mediterranean sunlight. Bright red against golden meat. Continuous active motion from start to finish.
6.Close-up beauty shot. Thick white tzatziki spooned generously over everything in a slow arc — pure white yogurt cascading down over the meat and tomatoes, fresh green parsley scattered on top. White, red and green all together. The scroll-stopper.
7.Close-up dramatic. Vendor wraps the pita around the filling with both hands — tight and confident, filling bulging slightly, foil paper wrapped around the bottom. One confident twist. Done.
8.Wide warm shot. Customer takes the wrapped gyro on the seafront, Aegean sea and Santorini buildings glowing behind them. First massive bite — eyes closing in pure Mediterranean joy, tzatziki on their lip. Vendor watching from behind his stand, arms crossed, deeply proud smile. He kisses his fingers. “Opa!”

Camera: Wide establishing for the opener with vendor already in position, dramatic close-up for the spit, close-up for the pita on the grill, wide medium for the shave into pita, active close-up with continuous movement for the tomato slice and placement, close-up beauty for the tzatziki pour, close-up dramatic for the wrap, wide warm for the seafront first bite.

Style: Brilliant Mediterranean sunshine throughout. White and cobalt blue Santorini buildings, sparkling Aegean sea, golden grilled pita, vivid red tomatoes, pure white tzatziki, fresh green parsley, cobalt blue apron. Pixar CGI vivid and warm. Nothing dark or muddy.

Sound: Upbeat lively Greek music — bouzouki, energetic and joyful, the kind playing on a sunny Greek island afternoon. Continuous from first frame to last, no breaks. Vendor says “Best Greek Gyro!” at the opener and “Opa!” at the end. Natural sounds underneath — grill sizzling as pita hits it, knife shaving meat from spit, tomato sliced with a clean cut, juice running."
renoise-2067970973320790263,Create a 15-second vertical 9:16 Brazilian stadium drone light-show opening…,,真人,特效向,特效综合,,en,Seedance 2.0,,,renoise-ai/awesome-seedance-prompts,https://github.com/renoise-ai/awesome-seedance-prompts/blob/904b6caffa21c2b114bb93e1bd0e37ba80b3dd10/data/prompts/2067970973320790263.json,CC-BY-4.0,insMind,https://x.com/insmind_com/status/2067970973320790263,True,prompts/真人/特效向/特效综合/renoise-2067970973320790263--Create-a-15-second-vertical-9-16-Brazili.md,"Create a 15-second vertical 9:16 Brazilian stadium drone light-show opening video. The camera is a spectator’s phone looking upward from inside a packed stand. Keep the same stadium, black sky, blue rim lights, crowd density, and handheld phone feeling. No cuts, no aerial camera, no scene change.

0-3s: The stadium feels alive but ordinary. The sky is mostly black, with blue roof lights, distant seating lights, blinking phone screens, moving fans, and Brazilian flags swaying. No major drone shape yet.

3-6s: Warm gold, green, and blue LED drones begin entering the sky from the stadium edges and upper center. Each visible point is an individual drone with stable spacing. The crowd notices, more phones rise, arms lift, and the chanting grows.

6-10s: The drones lock into formation: hair silhouette, head outline, shoulders, Brazil number 10 jersey shape, and arm zones. A separate gold drone group builds a volumetric World Cup-style trophy with a rim, bowl, handles, stem, base, and front/back depth.

10-12.5s: The arm matrix repositions in grouped drone slots, lifting the trophy overhead into a champion pose. Old drone positions dim, new positions light up, and the LEDs breathe in brightness. The crowd jumps harder and the handheld camera shakes with excitement.

12.5-15s: Golden fireworks explode around the high sky edges and stadium rim, framing the athlete and trophy without covering them. Blue rim lights, smoke, fireworks, phone screens, waving flags, and cheering fans create a full-stadium climax.

Keep the drones as real discrete LED points. No stardust, no energy clouds, no solid statue, no screen figure, no magic trails."
renoise-2067971218368876715,"Style: Cute fantasy, whimsical, cinematic, magical adventure, bright dreamy…",,漫剧,特效向,奇幻冒险,3D卡通,en,Seedance 2.0,,,renoise-ai/awesome-seedance-prompts,https://github.com/renoise-ai/awesome-seedance-prompts/blob/904b6caffa21c2b114bb93e1bd0e37ba80b3dd10/data/prompts/2067971218368876715.json,CC-BY-4.0,Amira Zairi,https://x.com/azed_ai/status/2067971218368876715,True,"prompts/漫剧/特效向/奇幻冒险/renoise-2067971218368876715--Style-Cute-fantasy,-whimsical,-cinematic.md","Style: Cute fantasy, whimsical, cinematic, magical adventure, bright dreamy atmosphere, soft cloudscape, high-energy 8-second video pacing

[00:00-00:02] Wide aerial shot above a sea of fluffy white clouds at golden hour. A cute young witch in a flowing pastel outfit and pointed hat flies fast on her broomstick, smiling with excitement. Beside her, a playful small dragon with shimmering scales races through the sky, weaving between cloud trails. SFX: rushing wind, light magical chimes, cheerful dragon chirps.

[00:02-00:04] Tracking shot from the side as the witch leans forward on her broom, trying to overtake the dragon. Her cape and hair stream in the wind while the dragon loops around her in a teasing spiral. The witch laughs and says, ""Hey, no fair!"" SFX: airy whoosh, soft laughter, fluttering fabric.

[00:04-00:06] Front-facing dynamic shot as both race straight toward the camera, then curve sharply through giant glowing clouds. The dragon flaps ahead and releases a sparkling trail while the witch lifts one hand and casts a burst of glittering magic to boost her speed. SFX: magical sparkle burst, rushing air, playful fantasy music rising.

[00:06-00:08] Wide cinematic shot as the witch and dragon burst above the clouds into a glowing open sky painted with warm sunlight. The witch finally pulls ahead by a little, turns to the dragon with a proud grin, and says, ""I win!"" The dragon playfully spins beside her as both soar into the distance. SFX: bright magical shimmer, happy dragon sound, uplifting orchestral finish."
renoise-2067974428760375773,A highly detailed 3D animated character design sheet of a cheerful little girl…,,漫剧,现实向,剧情短片,3D卡通,en,Seedance 2.0,,,renoise-ai/awesome-seedance-prompts,https://github.com/renoise-ai/awesome-seedance-prompts/blob/904b6caffa21c2b114bb93e1bd0e37ba80b3dd10/data/prompts/2067974428760375773.json,CC-BY-4.0,Kiki,https://x.com/Mayz1169/status/2067974428760375773,True,prompts/漫剧/现实向/剧情短片/renoise-2067974428760375773--A-highly-detailed-3D-animated-character.md,"A highly detailed 3D animated character design sheet of a cheerful little girl named Luna and her bunny companion Bun, presented in a clean professional animation studio turnaround layout, Pixar-style, DreamWorks-style, soft pastel aesthetic, white background, ultra polished CGI rendering. Top section features the girl character “Luna” in multiple full-body poses and turnaround views: front view, side view, back view, action pose jumping happily, holding a sketchbook, standing confidently. She is an 8-year-old girl with big expressive brown eyes, rosy cheeks, soft brown curly ponytail hair, pink bow headband, pink t-shirt, denim overall dress with heart patch, pink sneakers, white socks, small pink crossbody bag. Cute proportions, stylized cartoon realism, highly appealing animation character design. Include facial expression sheet for Luna with multiple emotions: happy, surprised, thinking, angry, sad. Add accessory detail section including notebook, pink ribbon, shoulder bag, butterfly net. Add soft pastel color palette swatches on the right side. Bottom section features the bunny companion “Bun” in multiple poses and turnaround views: sitting, holding carrot, jumping, front view, side view, back view. Cute fluffy beige rabbit with oversized ears, tiny pink scarf, expressive eyes, soft fur shading, cartoon proportions, Pixar-quality fur rendering. Include bunny facial expression sheet with happy, shocked, sleepy, laughing, worried expressions. Include a small size comparison section between Luna and Bun. Add tiny note section with playful character information. Layout style inspired by professional animation pre-production character sheets used by Pixar and Disney. Clean grid composition, rounded section frames, modern typography, highly readable presentation. Lighting: soft studio lighting, subtle shadows, bright warm tone, polished cinematic render quality. Style keywords: Pixar animation, DreamWorks character sheet, Disney CGI, stylized 3D cartoon, cinematic cartoon realism, toy-like detail, ultra cute, animation model sheet, turnaround sheet, expression sheet, high detail, octane render, clean white background, professional animation artbook style. Aspect ratio 16:9"
renoise-2067975559339209047,Use the provided Luna & Bun storyboard as the direct visual reference for the…,,漫剧,特效向,奇幻冒险,3D卡通,en,Seedance 2.0,,,renoise-ai/awesome-seedance-prompts,https://github.com/renoise-ai/awesome-seedance-prompts/blob/904b6caffa21c2b114bb93e1bd0e37ba80b3dd10/data/prompts/2067975559339209047.json,CC-BY-4.0,Kiki,https://x.com/Mayz1169/status/2067975559339209047,True,prompts/漫剧/特效向/奇幻冒险/renoise-2067975559339209047--Use-the-provided-Luna-Bun-storyboard-as.md,"Use the provided Luna & Bun storyboard as the direct visual reference for the entire 15-second cinematic fantasy animation sequence. Follow the exact storyboard pacing, poetic emotional atmosphere, and dreamlike cinematic continuity from panel to panel. Expand every storyboard frame into smooth cinematic motion with glowing flowers, soft lunar fog, magical particles, elegant camera movement, and breathtaking moonlit fantasy environments.

Maintain full character consistency throughout all shots — there must only be ONE little girl (Luna) throughout the entire sequence. Luna must always keep the same hairstyle, pink bow, denim overall dress, pink sneakers, proportions, facial design, and expressive animation style. Bun must remain identical in fur color, scarf, proportions, and playful movement. Preserve continuity of glowing flower lighting, moon textures, soft blue-purple-pink palette, magical particles, and cinematic lunar atmosphere across all scenes.

STYLE:
ultra cinematic Pixar-style 3D animation, poetic fantasy, dreamy lunar atmosphere, glowing flower fields, elegant cinematic lighting, magical moon environments, emotional visual storytelling, Disney-quality rendering, soft volumetric fog, cinematic depth of field, delicate fantasy realism, glowing particles, soft moonlight reflections, emotional cinematic pacing, ethereal dreamlike atmosphere, cinematic fantasy composition.

FOCUS:
soft emotional pacing, magical discovery, poetic fantasy atmosphere, glowing environmental storytelling, elegant cinematic lighting, emotional wonder, visually rich moon environments, dreamlike transitions, cinematic close-up emotions, beautiful lunar landscapes.

CHARACTER DESIGN:
Luna:
A cheerful imaginative 8-year-old girl with large expressive eyes, brown ponytail tied with a pink bow headband, pink t-shirt under denim overall dress, pink sneakers, small pink shoulder bag, stylized Pixar-like proportions, warm emotional face, curious gentle personality.

Bun:
A playful adorable rabbit companion with soft cream-colored fur, oversized expressive ears, tiny pink scarf, energetic movement, emotionally expressive face, stylized animation proportions.

MOON GARDEN DESIGN:
A secret glowing garden hidden on the far side of the moon. The landscape is filled with luminous flowers blooming in shades of blue, purple, gold, and pink. Giant glowing petals float gently through the air. Crystal butterflies leave sparkling trails across the sky. Soft lunar mist drifts across glowing stone paths while stars shimmer overhead in deep space.

At the center of the garden grows the “Moon Flower,” an enormous glowing flower responsible for illuminating the entire lunar garden. It is slowly wilting and fading.

[0s – 2s]
SHOT 1 — THE GLOWING BUTTERFLY.
Wide cinematic moonlit landscape shot. Luna and Bun stand on the quiet lunar surface beneath a glowing galaxy sky. A luminous butterfly made of moonlight appears nearby and slowly floats away through the glowing flowers.

Dialogue:
Luna whispers softly in wonder.

SFX:
Soft lunar wind, distant crystal chimes, magical fluttering.

Camera:
Slow cinematic push toward the glowing butterfly.

[2s – 4s]
SHOT 2 — FOLLOWING THE BUTTERFLY.
Medium fantasy tracking shot. Luna and Bun follow the glowing butterfly deeper into the hidden Moon Garden. Thousands of glowing flowers softly illuminate the path while floating petals drift around them in slow motion.

Dialogue:
Bun chirps excitedly.

SFX:
Gentle footsteps, magical floral ambience, soft glowing hum.

Camera:
Floating cinematic tracking shot weaving through flowers.

[4s – 6s]
SHOT 3 — THE MOON GARDEN REVEAL.
Massive cinematic reveal shot. The hidden Moon Garden opens before Luna and Bun — giant glowing flowers bloom across the lunar valley while floating crystal butterflies swirl through the air beneath a massive moonlit sky.

At the center stands the enormous Moon Flower, dark and slowly fading.

Dialogue:
Luna gasps softly.

SFX:
Soft magical ambience, distant glowing resonance.

Camera:
Epic cinematic crane reveal over the glowing lunar garden.

[6s – 8s]
SHOT 4 — THE DYING MOON FLOWER.
Close emotional shot. Luna kneels beside the enormous Moon Flower. Its petals are cracked and losing light. Tiny glowing particles drift away like fading stardust while Bun looks worried nearby.

Dialogue:
Luna softly asks: “Why are you fading?”

SFX:
Gentle heartbeat-like tone, soft wind, fading magical hum.

Camera:
Slow emotional orbit around Luna and the flower.

[8s – 10s]
SHOT 5 — GATHERING MOONLIGHT.
Magical montage sequence. Luna and Bun collect floating moonlight particles drifting through the garden. Bun chases glowing butterflies while Luna gathers shimmering lunar energy into her hands.

The entire garden glows softly around them.

Dialogue:
None.

SFX:
Crystal sparkles, soft magical chiming, floating energy sounds.

Camera:
Elegant floating cinematic movement through glowing flowers.

[10s – 12s]
SHOT 6 — RESTORING THE MOON FLOWER.
Medium cinematic shot. Luna gently places the gathered moonlight into the center of the Moon Flower. The giant petals slowly begin glowing again as waves of golden lunar light spread through the garden.

Dialogue:
None.

SFX:
Warm glowing resonance, magical bloom sound, orchestral swell.

Camera:
Slow upward orbit as the flower awakens.

[12s – 14s]
SHOT 7 — THE GARDEN BLOOMS AGAIN.
Massive cinematic sequence. The entire Moon Garden bursts back to life. Thousands of glowing flowers bloom simultaneously while crystal butterflies spiral upward into the lunar sky. Rivers of glowing light flow across the moon surface.

Luna and Bun smile together in awe.

Dialogue:
Bun squeaks happily.

SFX:
Magical floral chorus, glowing harmony, soft celestial winds.

Camera:
Large sweeping fly-through across the restored Moon Garden.

[14s – 15s]
SHOT 8 — FINAL ENDING SHOT.
Peaceful wide lunar sunrise shot. Luna and Bun sit quietly together on the moon surface surrounded by softly glowing flowers. Above them, crystal butterflies drift into the stars while the restored Moon Flower glows warmly in the distance.

The lunar horizon slowly brightens with soft cosmic light.

SFX:
Gentle lunar wind, distant magical chimes, peaceful ambience.

Camera:
Slow cinematic pullback revealing the endless glowing Moon Garden beneath the stars.

NO DUPLICATE CHARACTERS.
ONLY ONE LITTLE GIRL THROUGHOUT THE ENTIRE VIDEO.
NO SUBTITLES.
NO TEXT ON SCREEN.
NO CAPTIONS.
NO OPENING TITLES.
NO END TITLES.
NO WATERMARKS.
NO UI ELEMENTS.
NO PANEL BORDERS.
NO SPEECH BUBBLES.
NO CHINESE OR ENGLISH CHARACTERS ANYWHERE IN FRAME.
All dialogue must exist only as natural in-scene audio.
The final video must look like a clean cinematic animated fantasy short film with purely visual storytelling and emotional environmental audio only."
renoise-2067984528577372604,"Coca-Cola bottle pulled from the ice cooler, extreme close-up on the red label…",,其他,,广告带货,,en,Seedance 2.0,,,renoise-ai/awesome-seedance-prompts,https://github.com/renoise-ai/awesome-seedance-prompts/blob/904b6caffa21c2b114bb93e1bd0e37ba80b3dd10/data/prompts/2067984528577372604.json,CC-BY-4.0,ANKIT PATEL 🇮🇳 | AI,https://x.com/Ankit_patel211/status/2067984528577372604,True,prompts/其他/广告带货/renoise-2067984528577372604--Coca-Cola-bottle-pulled-from-the-ice-coo.md,"Coca-Cola bottle pulled from the ice cooler, extreme close-up on the red label with condensation and fizz, color splash tricks, cinematic sunset close."
renoise-2067997319279120760,(????)-TO-DRACONIC METAMORPHOSIS,,真人,特效向,奇幻怪兽,,en,Seedance 2.0,,,renoise-ai/awesome-seedance-prompts,https://github.com/renoise-ai/awesome-seedance-prompts/blob/904b6caffa21c2b114bb93e1bd0e37ba80b3dd10/data/prompts/2067997319279120760.json,CC-BY-4.0,Mystique Licorne 🇨🇦,https://x.com/MystiqueLicorne/status/2067997319279120760,True,prompts/真人/特效向/奇幻怪兽/renoise-2067997319279120760--TO-DRACONIC-METAMORPHOSIS.md,"(????)-TO-DRACONIC METAMORPHOSIS

SCENE START: Begins with the radiant warrior hovering above fluffy white clouds. The sky behind her is deep blue, exploding with radiating purple cosmic starbursts and light streaks. She wears white and gold ornate plate armor, a white hood with a gold-trimmed purple jewel on her forehead, and a flowing white cloth tabard at her waist. Beneath the armor is a dark black undersuit visible on her arms and thighs. She has glowing purple eyes, glowing purple breastplate and hip runes, and massive white feathered angelic wings bathed in delicate violet/pastel-purple light from the cosmic sky. She holds two swords with fierce violet energy blades and dark hilts.

MORPHOLOGY PHASE: The two violet swords fuse into a single beam of purple energy, absorbing into her chest rune. Her white cloth tabard and dark undersuit dissolve into mist. The forehead jewel elongates, morphing into sweeping dark purple/black draconic horns. The gold armor filigree crystallizes into sharp, bioluminescent magenta thorns along her spine. The white plating liquefies into deep, iridescent indigo and cobalt scales with a prismatic, pearlescent finish. Her glowing purple eyes merge into fierce draconic red-orange eyes. The glowing violet runes map perfectly onto the segmented magenta/purple underbelly of the dragon. Her massive angelic wings pulse, the feathers fusing and stretching into vast, membrane-stretched draconic wings with vibrant purple-to-magenta gradients. Her body elongates into a serpentine dragon form, completing with a large coiled tail ending in a vibrant magenta feathery tuft.

ENVIRONMENT TRANSITION: As the shockwave of the transformation hits, the cosmic sky and fluffy clouds instantly warp and dissolve, revealing the hazy, misty mountainous landscape, complete with steep rocky cliffs and a small traditional pagoda/temple nestled on the right-side cliff edge.

TECHNICALS: The final frame resolves perfectly into the floating, high-contrast iridescent dragon. Hyper-detailed textures, 60fps, fluid seamless morphing, volumetric light rays, 8k resolution.

AUDIO & SCORE DIRECTIVES:
- Musical Score: Starts with an ethereal, high-pitched angelic choral arrangement. At the peak of transition, the score introduces a heavy, rhythmic orchestral bass drop, blending into a deep, dark cinematic synth-wave pulse.

- Creature Vocals: A layered, guttural draconic growl that harmonizes with a resonant, metallic ringing sound, signifying the fusion of armor and bone.

- Impact Effects: Spatial audio hits during wing expansion and scale crystallization. Use sharp 'glass shattering' textures for the armor's demise and 'hissing steam' for the energy conversion."
renoise-2068021678026944631,Use the uploaded storyboard as exact visual and tim ing reference. Create a…,,真人,现实向,运动,,en,Seedance 2.0,link-only,copyrighted-character,renoise-ai/awesome-seedance-prompts,https://github.com/renoise-ai/awesome-seedance-prompts/blob/904b6caffa21c2b114bb93e1bd0e37ba80b3dd10/data/prompts/2068021678026944631.json,CC-BY-4.0,𝐌,https://x.com/Strength04_X/status/2068021678026944631,True,prompts/真人/现实向/运动/renoise-2068021678026944631--Use-the-uploaded-storyboard-as-exact-vis.md,
renoise-2068022141333762328,"Treat the attached storyboard @[storyboard] as the guide for look, color and…",,真人,特效向,超现实创意,,en,Seedance 2.0,,,renoise-ai/awesome-seedance-prompts,https://github.com/renoise-ai/awesome-seedance-prompts/blob/904b6caffa21c2b114bb93e1bd0e37ba80b3dd10/data/prompts/2068022141333762328.json,CC-BY-4.0,Ivanna | AI Art & Prompts,https://x.com/ivanka_humeniuk/status/2068022141333762328,True,prompts/真人/特效向/超现实创意/renoise-2068022141333762328--Treat-the-attached-storyboard-storyboard.md,"Treat the attached storyboard @[storyboard] as the guide for look, color and motion. Animate it as ONE single continuous take — a seamless high-end luxury cosmetics commercial, filmed as if in one unbroken camera move. NO hard cuts, NO flash frames, NO cheap transitions. The LIPSS product is the constant ANCHOR: it forms, stays present and is presented while the world transforms around it.

None of the storyboard's panels, numbers, captions or borders may appear in the video.
Keep the product identical to the reference in every moment: glossy deep wine / aubergine cosmetic tube with a removable cap, white ""LIPSS"" logo, ""FIG / CERAMIDES & PEPTIDES LIPPER"" text, soft coral-pink product.

LOOK: high-end cinematic realism — elegant cosmetics commercial, velvety dark background, rich deep-aubergine and coral palette, glossy reflections, rim light on every edge, shallow depth of field, fine particles drifting in the air. Expensive, refined, stylish.

CONTINUOUS SEQUENCE (energy rising the whole way, elegant and kinetic, NEVER slow-motion, NEVER a static hold, NEVER idle motion):
1. (0–2s) a ripe fig opens on a dark reflective surface, soft magenta texture and small droplets moving toward camera; gentle fast push-in.
2. (2–4s) the magenta fig texture smoothly transforms into a swirl of soft coral-pink cosmetic cream; camera tracks through the flowing texture.
3. (4–6s) the coral swirl gathers and the CLOSED LIPSS tube (cap on) rises and forms out of it, fine droplets sliding off its glossy surface, rim-lit; camera tilts to a low hero angle.
4. (6–9s) thick deep-magenta colored fog drifts and curls around the floating tube as the camera slowly orbits, rim light on its edges; an elegant manicured hand enters through the fog and holds the still-CLOSED tube.
5. (9–10.5s) the other hand lifts the cap straight up and away, off and out of frame in one smooth single motion, revealing the applicator tip. The cap leaves frame and does not return. No back-and-forth, no repeated wrist motion — one clean un-capping, then straight into the next beat.
6. (10.5–13s) the camera moves to a close product macro: a small amount of glossy coral-pink product gently flows from the tip and forms one elegant smooth swatch on a clean surface, soft highlights catching the light; calm and graceful.
7. (13–15s) the glossy coral swatch dissolves into deep aubergine and the white ""LIPSS"" wordmark with ""FIG"" beneath resolves cleanly center-frame with a soft light sweep. End calm and polished.

HAND-MOTION RULE: hands are always purposeful — hold, lift the cap once, present. Never twist or jitter in place. The tube is closed until beat 5, open from beat 6 onward; never show an already-open tube being opened.

TRANSITION RULE: every change happens as a smooth transformation matched on the product or its color and texture, so the whole film feels like one morphing shot, not edited clips. Always keep something gently in motion (texture, fog, particles, light).

ENDING RULE: the finale is deliberate, clean and beautiful — the product settles gracefully, never messy; the logo lands crisp and centered.

SOUND — premium cosmetics-ad sound design (NO spoken words, NO dialogue, NO voiceover, NO vocals):
- an elegant modern luxurious musical bed, minimal and refined, building in energy across the full 15s.
- a deep cinematic riser swelling into a soft sub-bass whoosh on the texture transformation (~2s), and a second softer swell on the tube reveal (~4.5s).
- subtle foley: a soft fig opening, a gentle texture flow, a single soft click as the cap lifts (~9.5s).
- an airy fog whoosh as the hand enters (~6.5s).
- a delicate glossy accent on the swatch (~12s), and a soft shimmering chime as the logo resolves (~14s), then a clean tail.

ON-SCREEN TEXT — CRITICAL: the only text allowed is the product's own ""LIPSS"" and ""FIG"" wording, kept sharp, correct and stable. NO other text, NO numbers, NO gibberish, NO random symbols, NO Chinese/Japanese/Thai characters. Blur any background rather than render fake text.

LENGTH: 15s. Horizontal 16:9. Clean footage, no UI overlays."
renoise-2068043459697471740,Single continuous aerial drone shot through a Central European riverside city…,,真人,现实向,剧情短片,,en,Seedance 2.0,,,renoise-ai/awesome-seedance-prompts,https://github.com/renoise-ai/awesome-seedance-prompts/blob/904b6caffa21c2b114bb93e1bd0e37ba80b3dd10/data/prompts/2068043459697471740.json,CC-BY-4.0,Lukáš Eršil,https://x.com/lukasersil/status/2068043459697471740,True,prompts/真人/现实向/剧情短片/renoise-2068043459697471740--Single-continuous-aerial-drone-shot-thro.md,"Single continuous aerial drone shot through a Central European riverside city. One unbroken camera movement, no cuts, no scene mixing.

(0s-2s) Drone glides low above the mirror-flat Elbe river surface. A woman in a red top and floral skirt cycles along the riverside promenade railing, skirt fabric moving gently in the breeze. Yellow neo-baroque chateau with a tall dark pointed tower visible on the forested hilltop behind her. Overcast diffused daylight, water reflection below.

(2s-4s) Drone ascends and reveals a sunlit pedestrian square. Neoclassical white theatre building with ornate facade on the left, circular fountain with flowing water in the foreground, people seated on the fountain edge, orange and pink tulips blooming in the grass. Bright blue sky, warm spring daylight.

(4s-5s) Drone drifts left past a large functionalist building with a green facade, tall vertical wooden-framed windows, wide stone steps at the entrance, three flags hanging from the upper balcony railing. Grey car parked on the left.

(5s-7s) Drone rises higher and sweeps over a park where a large neoclassical white museum building with arched windows sits surrounded by mature trees in green and yellow foliage. Yellow chateau tower visible above rooftops on the forested hill behind.

(7s-9s) Drone descends into a forest gorge. Dark basalt columnar rock formations covered in green moss line the walls. Autumn leaves in gold and yellow fill the canopy above. A narrow white waterfall threads downward along the dark rock face. Forest floor covered in fallen orange leaves.

(9s-11s) Drone ascends and orbits the yellow neo-baroque chateau on the hilltop. Dark pointed tower fills the frame. Terrace with outdoor seating visible on the left, cable car station on the right. Full river valley spreading below in vivid green spring forest. Bright daylight, anamorphic lens flare.

(11s-13s) Drone descends back toward the river and glides above calm Elbe water. White passenger vessel moves slowly between steep green forested cliffs. Vessel reflection mirrored in flat water below. Blue pontoon moored in the foreground. Bright blue sky, summer daylight.

(13s-15s) Drone decelerates into a locked hold behind a large iron heart sculpture on a cobblestone viewpoint terrace. Sun positioned directly behind the heart frame, warm golden and orange light spreading across the valley. Elbe river visible far below. Clouds move slowly. Static hold, no camera movement, slow fade to end.

One continuous smooth drone movement throughout, no abrupt transitions, no mixing of locations between time segments, each segment shows exactly one location. Teal-and-orange color grade, natural colors, sharp clarity, stable picture, no blur, no ghosting, no flickering, no distortion."
renoise-2068044708887310387,"Wide shot, Lirael running, glancing back, Vael struggling to keep pace…",,真人,特效向,动作大片,,en,Seedance 2.0,,,renoise-ai/awesome-seedance-prompts,https://github.com/renoise-ai/awesome-seedance-prompts/blob/904b6caffa21c2b114bb93e1bd0e37ba80b3dd10/data/prompts/2068044708887310387.json,CC-BY-4.0,Israa Ali,https://x.com/Israa_Ali2077/status/2068044708887310387,True,"prompts/真人/特效向/动作大片/renoise-2068044708887310387--Wide-shot,-Lirael-running,-glancing-back.md","Wide shot, Lirael running, glancing back, Vael struggling to keep pace, pursuers closing, dynamic motion, 5 seconds, 9:16, subtle camera push forward, no fast cuts"
renoise-2068059801389793328,A hyperrealistic macro photograph of an albino biomechanical praying mantis…,,其他,,动物萌宠,,en,Seedance 2.0,,,renoise-ai/awesome-seedance-prompts,https://github.com/renoise-ai/awesome-seedance-prompts/blob/904b6caffa21c2b114bb93e1bd0e37ba80b3dd10/data/prompts/2068059801389793328.json,CC-BY-4.0,ibexdream,https://x.com/ibexdream/status/2068059801389793328,True,prompts/其他/动物萌宠/renoise-2068059801389793328--A-hyperrealistic-macro-photograph-of-an.md,"A hyperrealistic macro photograph of an albino biomechanical praying mantis, like a delicate orchid fused with advanced cybernetics, standing on a glossy black reflective surface against a pure black background, with translucent ivory armor, soft pink petal-like claws, exposed black circuit boards, copper traces, tiny amber LED lights, glowing golden wires, long antennae, and a large veined translucent wing rising behind it, lit dramatically like luxury cinematic product photography."
renoise-2068079491466006915,Photoreal cinematic first-person POV from an eagle soaring above the…,,真人,现实向,生活与vlog,,en,Seedance 2.0,,,renoise-ai/awesome-seedance-prompts,https://github.com/renoise-ai/awesome-seedance-prompts/blob/904b6caffa21c2b114bb93e1bd0e37ba80b3dd10/data/prompts/2068079491466006915.json,CC-BY-4.0,Kaan Alper,https://x.com/kaan_alper/status/2068079491466006915,True,prompts/真人/现实向/生活与vlog/renoise-2068079491466006915--Photoreal-cinematic-first-person-POV-fro.md,"Photoreal cinematic first-person POV from an eagle soaring above the snow-capped Alps, wide-angle lens, natural eagle head-bobbing micro-movements, dark wingtips and primary feathers visible at the left and right edges of frame. Bright midday sun, crisp cold mountain atmosphere, sharp snow shadows, brilliant ice highlights, deep valleys, jagged Alpine peaks, sea of clouds, evergreen forests as dark patches on lower slopes. Minimum 8K quality, ultra sharp, high detail, clean textures, stable feathers, no blur, no compression artifacts. Clean cinematic audio, rushing wind through feathers, distant wind echo across mountain faces, no distortion.

00:00–00:02: Begin high above the Alps in smooth level glide. Eagle wings are outstretched and nearly motionless, catching thermals. Below, jagged snow peaks pierce through a sea of clouds. The horizon is stable, vast, and bright.

00:02–00:04: Continue the glide forward. Subtle feather adjustments at the frame edges. Valleys open below with pristine snowfields and dark evergreen patches. Wind is soft and steady, high-altitude silence dominates.

00:04–00:06: The eagle banks sharply right. Horizon tilts naturally as the right wing dips and the left wing rises. The dive begins with controlled acceleration toward a deep valley. Wind intensity increases.

00:06–00:08: Accelerating downward through open air. Mountain faces grow larger and more detailed, snow ridges and ice fields rush closer. Wingtips flex under pressure, wind roar builds.

00:08–00:10: High-speed descent near the valley. Evergreen forests and snowy slopes streak below with realistic motion, no unstable shake. The eagle stays controlled, powerful, and focused. Wind whistle reaches peak intensity.

00:10–00:12: At exactly 10 seconds, the eagle pulls up sharply. Wingtips flex visibly, body lifts, horizon swings upward. Begin a spiraling ascent back toward the clouds. Strong whoosh as airflow changes.

00:12–00:15: Continue climbing in a slow controlled spiral. The valley drops away beneath, peaks widen again, clouds rise into frame. Wind gradually softens as altitude returns. End with the eagle ascending toward bright cloud banks and open Alpine sky.

Camera: continuous FPV shot, smooth glide, sharp right bank, controlled dive, pull-up, spiraling ascent. Motion: realistic avian flight physics, natural feather flex, no impossible turns, no artificial drone feel. Negative: no aircraft, no humans, no buildings, no fantasy creatures, no distorted mountains, no broken wings, no extra limbs, no random camera spin, no motion blur, no compression artifacts."
renoise-2068101424622485893,Fast-paced punch exchange — @image2 attacks at full speed in a relentless…,,漫剧,特效向,战斗大招,2D日漫,en,Seedance 2.0,,,renoise-ai/awesome-seedance-prompts,https://github.com/renoise-ai/awesome-seedance-prompts/blob/904b6caffa21c2b114bb93e1bd0e37ba80b3dd10/data/prompts/2068101424622485893.json,CC-BY-4.0,Cia0,https://x.com/Cia0_exe/status/2068101424622485893,True,prompts/漫剧/特效向/战斗大招/renoise-2068101424622485893--Fast-paced-punch-exchange-—-image2-attac.md,"Fast-paced punch exchange — @image2 attacks at full speed in a relentless combo, @image1 matches the speed perfectly to counter every strike, creating a rapid back-and-forth exchange, but every counter from @image1 is a deflection/parry, never a damaging blow.
@image2 explodes forward with a blazing-fast six-hit combo — jab, cross, claw-slash, hook, knee, claw-uppercut — each strike carrying full smear-frame motion blur and sharp recoil between hits. @image1 matches the speed exactly, his arms moving in fast, fluid counter-motions: parrying the jab with a wrist flick, redirecting the cross with a forearm block, sidestepping the claw-slash with a sharp pivot, catching the hook on his palm, sweeping the knee aside with his shin, and finally stopping the claw-uppercut dead with two fingers — each parry releasing a small shockwave-spark of wind at the point of contact, fabric and hair snapping with every fast motion. The entire exchange should feel like a true high-speed trade of blows, both fighters moving in perfect synchronized tempo, but the outcome makes it clear: every single one of @image2's attacks fails completely, while @image1 expends almost no force. @image2 skids back half a step after the final parry, breathing hard, eyes burning with frustration. @image1 stands exactly where he started, posture completely relaxed, not even breathing heavier. @image2 snarls: 「なぜ効かない!」[JP | Naze kikanai! | EN: ""Why isn't it working!?""]
Camera: rapid alternating whip-pans synced to each of the six strikes (one whip-pan per hit), motion blur intensity high throughout the exchange, slowing into a smooth settle-shot on @image2 skidding back, ending on a static close-up with subtle breathing sway for the dialogue line.16:9."
renoise-2068112843728412929,A close-up shot of a young woman showing a powerful emotional reaction. Her…,,真人,现实向,情绪特写,,en,Seedance 2.0,,,renoise-ai/awesome-seedance-prompts,https://github.com/renoise-ai/awesome-seedance-prompts/blob/904b6caffa21c2b114bb93e1bd0e37ba80b3dd10/data/prompts/2068112843728412929.json,CC-BY-4.0,ViralOps,https://x.com/ViralOps_/status/2068112843728412929,True,prompts/真人/现实向/情绪特写/renoise-2068112843728412929--A-close-up-shot-of-a-young-woman-showing.md,"A close-up shot of a young woman showing a powerful emotional reaction. Her hand is clamped firmly over her mouth in complete shock and disbelief. Her eyes are wide and tearing up with overwhelming emotion. As the seconds progress, she breaks into a huge, tearful smile beneath her hand, her eyes crinkling with pure joy and happiness. crisp smartphone camera quality, handhheld shaky camera moments. no background music."
renoise-2068138633677119715,"Hyper-realistic cinematic action sequence, 15 seconds, aspect ratio 16:9…",,真人,特效向,动作大片,,en,Seedance 2.0,,,renoise-ai/awesome-seedance-prompts,https://github.com/renoise-ai/awesome-seedance-prompts/blob/904b6caffa21c2b114bb93e1bd0e37ba80b3dd10/data/prompts/2068138633677119715.json,CC-BY-4.0,DeCat,https://x.com/DeCat2025/status/2068138633677119715,True,prompts/真人/特效向/动作大片/renoise-2068138633677119715--Hyper-realistic-cinematic-action-sequenc.md,"Hyper-realistic cinematic action sequence, 15 seconds, aspect ratio 16:9. Nighttime in a futuristic city market street.

The environment is simple and clear: a narrow market road, a few neon signs, a few food stalls, light steam, wet pavement, and hanging lights. A rider on a sleek futuristic motorcycle speeds through the market while one pursuing motorcycle follows close behind. The main rider wears a full helmet with visor and dark riding gear, no visible face.

Camera angle 1: wide opening shot. The main motorcycle enters the neon market street at high speed, moving straight through the center of the road. One pursuing bike appears behind it. Wet pavement reflects the lights.

Camera angle 2: low side tracking shot. The rider leans into a smooth turn around a market stall, passing close to tables and hanging lights. The pursuing motorcycle follows the same path behind. Steam drifts across the road.

Camera angle 3: front three-quarter shot. The rider ducks under a half-closed metal shutter and enters a narrow alley with simple neon lighting and a few crates along the walls. The pursuing bike struggles to follow through the tighter space.

Last 5 seconds: the pace becomes much faster and more intense. The rider accelerates hard through the alley, the camera movement becomes faster, and the sense of speed increases sharply.

The motorcycle uses a small ramp made from stacked crates or a delivery platform to make a fast clean jump over a narrow obstacle, lands hard, and instantly surges forward into a wider neon street. The pursuing bike falls behind as the main rider races away at much higher speed.

Final moment: the motorcycle speeds away into the city at full acceleration while neon reflections streak across the wet pavement and the market lights fade behind.

Style: hyper-realistic, cinematic, clean and easy-to-read action, simple environment, strong sense of speed, wet reflections, neon glow, light steam, fast but readable camera movement, especially faster and"
renoise-2068139736242307295,"Midjourney: jian master, full body, clean background, --no headphones, bag --ar…",,漫剧,现实向,剧情短片,2D日漫,en,Seedance 2.0,,,renoise-ai/awesome-seedance-prompts,https://github.com/renoise-ai/awesome-seedance-prompts/blob/904b6caffa21c2b114bb93e1bd0e37ba80b3dd10/data/prompts/2068139736242307295.json,CC-BY-4.0,Kōda,https://x.com/aimikoda/status/2068139736242307295,True,"prompts/漫剧/现实向/剧情短片/renoise-2068139736242307295--Midjourney-jian-master,-full-body,-clean.md","Midjourney: jian master, full body, clean background, --no headphones, bag --ar 2:3 --sref 8302900945 --profile txgf1m1 --stylize 1000"
renoise-2068140226426405271,"Japanese soccer battle-anime style, explosive shonen energy, speed lines.",,漫剧,特效向,战斗大招,2D日漫,ja,Seedance 2.0,,,renoise-ai/awesome-seedance-prompts,https://github.com/renoise-ai/awesome-seedance-prompts/blob/904b6caffa21c2b114bb93e1bd0e37ba80b3dd10/data/prompts/2068140226426405271.json,CC-BY-4.0,ぴょんきち,https://x.com/yarakashiyama_/status/2068140226426405271,True,"prompts/漫剧/特效向/战斗大招/renoise-2068140226426405271--Japanese-soccer-battle-anime-style,-expl.md","Japanese soccer battle-anime style, explosive shonen energy, speed lines.
First, the player flies perfectly horizontal, skimming just above the grass,
heading the ball at high speed.
Then a close-up of the furious face.
Next, smashing through the goal with the goalkeeper in an explosion of net.
Finally, shooting into the distant sky, shrinking into a tiny point as the
motion slows down, gentle and lingering.
Character stable, smooth motion. 4K theatrical anime."
renoise-2068169740003254508,What's All This For?,,真人,现实向,剧情短片,,en,Seedance 2.0,,,renoise-ai/awesome-seedance-prompts,https://github.com/renoise-ai/awesome-seedance-prompts/blob/904b6caffa21c2b114bb93e1bd0e37ba80b3dd10/data/prompts/2068169740003254508.json,CC-BY-4.0,Cia0,https://x.com/Cia0_exe/status/2068169740003254508,True,prompts/真人/现实向/剧情短片/renoise-2068169740003254508--What-s-All-This-For.md,"What's All This For?

Duration: 30 seconds, 3 segments of 10 seconds, camera angle changes every 2 seconds
Character Reference: @image1 (man + woman)
Background Reference: @image2 (rainy bench shelter)
Dialogue: spoken Japanese only, no subtitles
Voice: man = low, tired monotone throughout; woman = calm, flat tone throughout.
Setting (constant): covered wooden bench under a tiled roof, lit by a fluorescent tube light, concrete wall behind, ashtray on bench, rain falling outside, red traffic light and convenience store glow in the distant background.
SEGMENT 1 (0:00–0:10)
0:00–0:02 | Wide shot: both characters sitting on the bench, rain falling outside the shelter.
0:02–0:04 | Close-up on the man: lighting his cigarette, smoke rising.
0:04–0:06 | Close-up on the woman: taking a drag, looking out at the rain.
0:06–0:08 | Close-up on the man: exhaling smoke, saying 「…こんなこと、何のためなんだ…」
0:08–0:10 | Close-up on the woman: replying flatly, 「分からない。考えたって、変わらないし」
SEGMENT 2 (0:10–0:20)
0:10–0:12 | Medium shot: both characters, boss's voice growing louder in background.
0:12–0:14 | Close-up on the man: eyes closing, jaw tightening.
0:14–0:16 | Close-up on the woman: turning slightly toward him.
0:16–0:18 | Close-up on the man: speaking, 「上司が吠えるのも…金のために働くのも、もう疲れた…」
0:18–0:20 | Close-up on the woman: replying softly, 「誰だって疲れてる。それでも、明日も同じことの繰り返し」
SEGMENT 3 (0:20–0:30)
0:20–0:22 | Close-up on the man: opening his eyes slowly.
0:22–0:24 | Wide shot: rain easing outside, traffic light turning green in the distance.
0:24–0:26 | Close-up on the woman: leaning back, exhaling smoke.
0:26–0:28 | Close-up on the man: saying softly, 「…あそこに座れたら。それだけでいい」
0:28–0:30 | Wide shot: both characters sitting calmly, woman replying 「うん…それだけで、十分だね」, fade to black.
Notes: rain and ambient city sound throughout; dog-bark distortion only in Segment 2; rain softens in Segment 3; 16:9, 24fps cinematic, cold blue-grey tone."
renoise-2068185727888699605,@Image1= Luna face identity reference.,,真人,现实向,生活与vlog,,en,Seedance 2.0,link-only,copyrighted-character,renoise-ai/awesome-seedance-prompts,https://github.com/renoise-ai/awesome-seedance-prompts/blob/904b6caffa21c2b114bb93e1bd0e37ba80b3dd10/data/prompts/2068185727888699605.json,CC-BY-4.0,Glitter Gal,https://x.com/GlitterPixely/status/2068185727888699605,True,prompts/真人/现实向/生活与vlog/renoise-2068185727888699605--Image1-Luna-face-identity-reference.md,
renoise-2068191615123079647,"Action-focused short film, no dialogue, the fight is the entire focus. A…",,真人,特效向,武侠打斗,,en,Seedance 2.0,,,renoise-ai/awesome-seedance-prompts,https://github.com/renoise-ai/awesome-seedance-prompts/blob/904b6caffa21c2b114bb93e1bd0e37ba80b3dd10/data/prompts/2068191615123079647.json,CC-BY-4.0,Zephyra Leigh,https://x.com/ZephyraLeigh/status/2068191615123079647,True,"prompts/真人/特效向/武侠打斗/renoise-2068191615123079647--Action-focused-short-film,-no-dialogue,.md","Action-focused short film, no dialogue, the fight is the entire focus. A bronze-scaled dragon, 80-ft wingspan, ridden by a knight in black plate armor, ambushed mid-flight by a black serpentine wyvern bursting through storm clouds 4,000 ft up... The two collide violently, claws locking, scales straining with full force. Rider nearly falls, gripping a neck spike as wind and rain whip around him. Wyvern bites into the dragon's wing — dragon roars in fury, rolls violently, slams the wyvern into a cloud tower with crushing weight... Lightning flashes at the exact moment of impact, silhouetting both in blinding white light. Wyvern dives away wounded. Dragon hovers, scarred, breathing hard. Heavy, brutal, relentless pacing, no lulls. Photorealistic. Stormy blue-greys, electric whites, warm bronze, deep blacks."
renoise-2068198980329304239,14秒，真人实拍，手机随手拍真实质感，9:16竖屏，文艺居家暖调ins风开箱种草。全程固定机位（手机架着不动），文艺书房固定背景（米白墙、木质书架满书、暖光台灯…,,其他,,广告带货,,zh,Seedance 2.0,,,renoise-ai/awesome-seedance-prompts,https://github.com/renoise-ai/awesome-seedance-prompts/blob/904b6caffa21c2b114bb93e1bd0e37ba80b3dd10/data/prompts/2068198980329304239.json,CC-BY-4.0,MapleShaw,https://x.com/msjiaozhu/status/2068198980329304239,True,"prompts/其他/广告带货/renoise-2068198980329304239--14秒,真人实拍,手机随手拍真实质感,9-16竖屏,文艺居家暖调ins风开箱种草.md","14秒，真人实拍，手机随手拍真实质感，9:16竖屏，文艺居家暖调ins风开箱种草。全程固定机位（手机架着不动），文艺书房固定背景（米白墙、木质书架满书、暖光台灯、复古地毯），白天自然光+暖光台灯柔和无硬阴影。人物高挑纤细，动作自然生活化，随【活泼欢快、节奏感强的抖音热门卡点BGM】节奏切换。全程real-time实时1倍速正常节奏，严禁升格慢放。⭐抖音换装视频质感(关键)：整体画面柔和、降低锐度、不要高清锐利，带短视频平台二次压缩的轻微模糊与画质损失、轻微运动模糊拖影、自动曝光白平衡自然漂移，适度美颜柔肤但保留真实皮肤光泽与轻微噪点（不要塑料感/过度精修/电影级超清），偏柔略带'糊'的生活感像手机拍完直发抖音。⭐表情自然生动：眼神灵动会眨眼环顾、嘴角细微变化、偶尔轻笑抿嘴、神态随动作真实流动，绝不僵硬假笑面瘫。 0-3秒【拆箱悬念】：东亚长卷发女生坐在书架前，捧着牛皮纸快递盒，期待好奇地拆开盒子、抽开封口，眼睛一亮、嘴角忍不住上扬，上半身近景，固定机位，制造""里面是什么""的悬念； 3-6秒【展开看料】：女生从盒中抖开一条墨绿底橙红花朵高腰短裙，举到镜头前展开抖动展示花卉印花与面料垂感，手指轻捻面料、翻看吊牌细节、惊喜地抿嘴笑了一下，近景呈现布料质感，神情惊喜满意； 6-7秒【换装软转场】：女生抱着裙子起身转向，画面灯光缓缓压暗约1秒做""去换装""的软转场； 7-10秒【上身亮相】：灯光回亮，女生已穿上整套look（黑色紧身短袖T+这条花短裙+黑色高跟凉拖），固定机位全身，惊喜地展开双手转身亮相上身效果，得体衬托身形不露骨； 10-13秒【转身展示】：女生缓慢侧身转身，单手轻搭裙侧，从侧面到正面展示穿搭版型与身材曲线，姿态从容满意； 13-14秒【收尾】：女生正面走近镜头景别变近，对镜头比心/竖大拇指示意""好物推荐""，俏皮抬手挡镜头收尾，音乐收束，固定机位背景不变。 禁止：任何文字、字幕、LOGO或水印。"
renoise-2068203317210350038,90年代風セル画ライクなSFミリタリーアニメのワンショットシークエンス。,,漫剧,特效向,科幻机甲,2D日漫,ja,Seedance 2.0,,,renoise-ai/awesome-seedance-prompts,https://github.com/renoise-ai/awesome-seedance-prompts/blob/904b6caffa21c2b114bb93e1bd0e37ba80b3dd10/data/prompts/2068203317210350038.json,CC-BY-4.0,染井よしお,https://x.com/somei_AIcreater/status/2068203317210350038,True,prompts/漫剧/特效向/科幻机甲/renoise-2068203317210350038--90年代風セル画ライクなSFミリタリーアニメのワンショットシークエンス.md,"90年代風セル画ライクなSFミリタリーアニメのワンショットシークエンス。
BGMは低音ドローンと心拍音、セリフなし、環境音あり。

# 制約
基本的にカメラは静止せず前進または回り込みで動き続ける。
被写体の脇を通り抜けて奥の暗闇に入っていくことを基本とする。
ただし指定カットでは地下からの垂直上昇、瞳孔の中への侵入、
クライマックスでのバレットタイム360度回り込みを行う。
発光をフラッシュやパルスとして使用しないこと。画面全体の白飛びは禁止。
各キャラのリファレンス画像の顔・髪・装備の特徴を厳守すること。
画質が粗い場合はリファレンスとして画像を一から作り直すこと。
4K高精細、ノイズなし、ブレなし、ちらつきなし。
キャラの顔と服装の一貫性を維持、歪みなし、自然で滑らかな動作。

# 登場人物
## キャラ1 ￼
リファレンス画像

## キャラ2 ￼
リファレンス画像

## キャラ3 ￼
リファレンス画像

## キャラ4 ￼
リファレンス画像

## キャラ5 ￼
リファレンス画像

## キャラ6 ￼
リファレンス画像

# 情景
崩壊した近未来都市、夜。
瓦礫、機体格納庫、配管の絡む通路、立ちのぼる蒸気、地下の暗渠、戦場の煙。
照明：遠方の炎の鈍いオレンジ、薄い月明かりの青。
暗闇の領域が広く、光は局所的にだけ存在する。
6人の戦士はそれぞれ別の場所に立っているが、同じ夜のひとつながりの戦場の中にいる。

# シーン
カメラが暗闇を一筆書きで泳ぎ、6人の戦士のもとを順に巡るワンショットシークエンス。
前半は瓦礫・配管・蒸気の暗闇を抜けて3人を巡り、
4人目は地下からの垂直上昇で登場する。
5人目からは瞳孔の闇を通って6人目の戦場へリレーされ、
最後はバレットタイム360度で銃を連射する6人目のクライマックスを贅沢に描く。

cut1:
暗い瓦礫の隙間からカメラが低くゆっくり前進する。
正面の暗闇に瓦礫の影でうずくまっていたキャラ1の輪郭が現れる。
キャラ1が顔を上げてカメラの方を睨む。
カメラはそのままキャラ1の顔の右脇をかすめて背後の暗闇へ抜けていく。
環境音：瓦礫が崩れる低い音、風、遠くの炎のかすかな鳴り。

cut2:
カメラは機体の関節パイプの隙間を通り抜けるように前進する。
パイプの暗がりの向こうに格納庫の暗がりに立つキャラ2の輪郭が現れる。
キャラ2は拳銃を頬の横まで構えセーフティを外す。
カメラはキャラ2の銃を構えた腕の脇を通り抜け、肩越しに格納庫の奥の暗闇へ進む。
環境音：金属機構音、セーフティのカチッという音、機体の低い駆動音。

cut3:
カメラは立ちのぼる蒸気の塊の中をゆっくり進んでいく。
蒸気の向こうから、煙の中に立つキャラ3の背中が現れる。
キャラ3は髪を耳にかけながらゆっくり振り返り、カメラの方を見据える。
カメラはキャラ3の頬の脇を通り抜け、振り返った先の暗闇へ前進する。
環境音：蒸気が漏れる音、衣擦れの音、配管の遠い軋み。

cut4:
カメラは地下の暗渠から地上に向かって急速に上昇する。
瓦礫の隙間を縦に通過し、地上の戦場に出る。
カメラはそのまま片膝をついたキャラ4の足元に到達し、ゆっくりとティルトアップしてキャラ4の全身を捉える。
キャラ4は立ち上がりながら長銃を肩に担いで構え、カメラを見据える。
カメラはキャラ4の頭上をゆっくり通り過ぎ、夜空の暗闇へ抜けていく。
環境音：地下から響く反響音、瓦礫が落ちる音、衣擦れ、長銃の金属音。

cut5:
カメラは暗い建物の崩れた壁の隙間を通り抜けるように前進する。
壁の向こうから室内の暗がりに立つキャラ5の姿が現れる。
キャラ5はゆっくりまばたきし、カメラの方を静かに見据える。
カメラがキャラ5の瞳孔にスローでゆっくりドリーインし、瞳孔の黒の中へ飲み込まれていく。
環境音：壁の崩れた音、深い呼吸音、心拍音。

cut6:
真っ黒な暗闇からカメラがゆっくり前進し、闇が徐々に戦場の薄い煙へと変化する。
正面の煙の向こうに両手で銃を構えるキャラ6の輪郭が現れる。
キャラ6が銃を連射し始め、マズルフラッシュが連続して瞬き、薬莢が排出されて空中に漂う。
【バレットタイム360度回り込み】
カメラはキャラ6の周囲をゆっくり360度回り込みながら、連射の瞬間を時間を引き伸ばして捉える。
キャラ6の体が反動でわずかに揺れ、もう一発、もう一発と銃が火を吹く。漂う薬莢が空中で回転する。
カメラはキャラ6の正面で静かに減速して止まる。
キャラ6は連射を止めて完全に静止しする。
周囲には硝煙と戦場の薄い煙が漂い続ける。
環境音：時間が引き伸ばされた銃声の連続、薬莢が空気を切る音、最後に低音ドローンと心拍音だけが残る。"
renoise-2068214088086491196,Animate the provided 3x4 storyboard into a sleek futuristic cinematic EV…,,真人,特效向,科幻,,en,Seedance 2.0,,,renoise-ai/awesome-seedance-prompts,https://github.com/renoise-ai/awesome-seedance-prompts/blob/904b6caffa21c2b114bb93e1bd0e37ba80b3dd10/data/prompts/2068214088086491196.json,CC-BY-4.0,𝐌,https://x.com/Strength04_X/status/2068214088086491196,True,prompts/真人/特效向/科幻/renoise-2068214088086491196--Animate-the-provided-3x4-storyboard-into.md,"Animate the provided 3x4 storyboard into a sleek futuristic cinematic EV automotive video. Preserve exact shot order and continuity. Use slow glowing battery cell charge arc, robotic arm precision ballet, aluminum unibody press, and final EV silent launch reflection. Lighting transitions from deep electric blue battery glow to clean sterile gigafactory white brilliance. Future EV editorial aesthetic, silent precision power, technology at scale mood. No new shots, no reordering, glowing lithium battery array remains emotional focus in all scenes. 1080p, preserve text clarity."
renoise-2068245369981477317,A 15-second rapid-cut cinematic exploration of [IMAGE_INPUT]. Tech spec…,,真人,特效向,奇幻怪兽,,en,Seedance 2.0,,,renoise-ai/awesome-seedance-prompts,https://github.com/renoise-ai/awesome-seedance-prompts/blob/904b6caffa21c2b114bb93e1bd0e37ba80b3dd10/data/prompts/2068245369981477317.json,CC-BY-4.0,Alex Patrascu,https://x.com/maxescu/status/2068245369981477317,True,prompts/真人/特效向/奇幻怪兽/renoise-2068245369981477317--A-15-second-rapid-cut-cinematic-explorat.md,"A 15-second rapid-cut cinematic exploration of [IMAGE_INPUT]. Tech spec: Digital Arri Alexa, anamorphic for magic, clean digital with subtle film texture, hyper-realistic, no music, diegetic SFX only. CUT 1 — WIDE — The entire scene from [IMAGE_INPUT] is visible, the child and sage are perfectly still statues on the cracked road. CUT 2 — CLOSE UP — The glowing purple eyes of the sage's mushroom head from [IMAGE_INPUT], the figure is frozen and motionless. CUT 3 — LOW ANGLE — Looking up at the skull-faced mushroom from [IMAGE_INPUT], it looms over the stationary figures. CUT 4 — TIGHT CLOSE UP — The child's gas mask from [IMAGE_INPUT], no breath visible, completely still. CUT 5 — TRACKING — The camera slides low along the asphalt of [IMAGE_INPUT] toward the frozen feet of the travelers. CUT 6 — EXTREME CLOSE UP — The tiny toadstools growing on the child's arm from [IMAGE_INPUT], the arm is statue-still. CUT 7 — OVERHEAD — A top-down view of the road and the figures in [IMAGE_INPUT], motionless against the debris. CUT 8 — RACK FOCUS — From the purple flowers in the foreground to the sage's robes in [IMAGE_INPUT], everyone is frozen in position. CUT 9 — MEDIUM SHOT — Side profile of the pair from [IMAGE_INPUT], they do not shift weight, locked in place. CUT 10 — CLOSE UP — The textured fungal cap of the sage in [IMAGE_INPUT], motionless under the golden light. CUT 11 — WIDE — A slow zoom into the scene in [IMAGE_INPUT], the characters remain perfectly still. CUT 12 — LOW ANGLE — The child's overalls and boots from [IMAGE_INPUT], static as a mannequin. CUT 13 — TIGHT CROP — The glowing neck of the sage from [IMAGE_INPUT], light pulses but the figure is motionless. CUT 14 — MEDIUM — The background ruins and the sage from [IMAGE_INPUT], everything is frozen. CUT 15 — WIDE — The final tableau of [IMAGE_INPUT] as dust motes drift around the statue-still travelers. Sound design: [ambient wind through ruins], [low humming of magical glow], [crunch of dry earth], no music, sound design only."
renoise-2068249952438923463,"15-second cinematic animated short, handcrafted Japanese watercolor animation…",,漫剧,现实向,日常治愈,绘画风,en,Seedance 2.0,,,renoise-ai/awesome-seedance-prompts,https://github.com/renoise-ai/awesome-seedance-prompts/blob/904b6caffa21c2b114bb93e1bd0e37ba80b3dd10/data/prompts/2068249952438923463.json,CC-BY-4.0,OscarAI,https://x.com/Artedeingenio/status/2068249952438923463,True,"prompts/漫剧/现实向/日常治愈/renoise-2068249952438923463--15-second-cinematic-animated-short,-hand.md","15-second cinematic animated short, handcrafted Japanese watercolor animation, delicate pencil line art, soft ink sketch aesthetic, expressive young traveler boy wearing a straw hat, blue shirt, suspenders and oversized shorts, nostalgic countryside railway station, vintage electric tram, warm summer afternoon, premium feature animation, cinematic quality.

0–2s

Fast opening montage.

Quick cuts between sketchbook pages flipping, pencil portraits of the boy, close-ups of his smiling eyes, his straw hat, tiny backpack, old railway tracks and a vintage electric tram arriving at the station.

The camera settles on the boy as he looks toward the train with excitement.

2–5s

The tram slowly rolls into the station.

The boy runs alongside the platform, trying to keep up.

His loose clothes flutter in the warm breeze.

Rapid alternating shots of spinning wheels, waving grass, passengers leaning from windows and the boy's joyful expression.

Dynamic tracking camera follows beside him.

5–8s

The tram stops.

The doors slide open.

The boy hesitates for a brief moment before stepping aboard.

Fast close-ups of his small shoes climbing the steps, his hand gripping the rail and his wide eyes exploring the beautiful wooden interior.

The camera smoothly follows him inside.

8–11s

The tram begins moving again.

Golden sunlight flickers across the windows.

The boy watches endless rice fields, mountains and telephone poles rushing past.

Quick cinematic cuts alternate between his fascinated face, reflections in the window and sweeping exterior shots of the tram crossing the countryside.

11–13s

The conductor smiles warmly and punches the boy's ticket.

The boy happily thanks him with a small bow.

Passengers smile as the atmosphere becomes peaceful and nostalgic.

The camera gently circles through the carriage.

13–15s

Final cinematic reveal.

The tram crosses a beautiful bridge above a shimmering river as the sun begins to set.

The boy leans out of the open window, his straw hat catching the wind.

The camera pulls away into a breathtaking aerial shot following the vintage tram as it disappears into the glowing countryside.

No dialogue. No subtitles.

Dynamic cinematic editing with rapid match cuts, elegant whip pans, expressive reaction shots, smooth tracking shots, aerial reveals, window reflections, flowing clothing and hair animation, delicate watercolor textures, visible pencil linework, handcrafted Japanese animation inspired by Studio Ghibli, Makoto Shinkai concept art and classic illustrated travel journals."
renoise-2068251559277047971,帮我生成一个视频：[主体]: 一个身穿青布对襟褂的功夫厨师 ，布鞋踏稳，五官清晰，面部稳定不变形，人体结构正常。,,真人,特效向,武侠打斗,,zh,Seedance 2.0,,,renoise-ai/awesome-seedance-prompts,https://github.com/renoise-ai/awesome-seedance-prompts/blob/904b6caffa21c2b114bb93e1bd0e37ba80b3dd10/data/prompts/2068251559277047971.json,CC-BY-4.0,Adam也叫吉米,https://x.com/Adam38363368936/status/2068251559277047971,True,"prompts/真人/特效向/武侠打斗/renoise-2068251559277047971--帮我生成一个视频-主体-一个身穿青布对襟褂的功夫厨师-,布鞋踏稳,五官清晰,面部.md","帮我生成一个视频：[主体]: 一个身穿青布对襟褂的功夫厨师 ，布鞋踏稳，五官清晰，面部稳定不变形，人体结构正常。
[场景]: 大漠落日背景，简易木质灶台，粗陶碗碟，黄昏暖橙色调，空气中带着微小的浮尘（丁达尔效应），电影感色彩。
[动作/分镜描述]:
0-2秒(快刀拆骨): 厨师俯身按住整条羊腿，快刀沿骨缝斜劈，动作连贯自然，刀刃划过处骨肉应声分离，残骨被指风弹开，慢动作特写。
2-4秒(分切羊排): 羊排平铺，厨师手腕翻转，刀影闪烁，均匀切开每根肋排，动作流畅不僵硬，肉质纹理清晰可见。
4-7秒(撒盐入味): 厨师指节叩击，大粒海盐与孜然腾空泼向羊肉，掌风带动调料翻滚，每一粒调料受光影照射晶莹剔透。
7-9秒(红柳穿肉): 厨师脚尖勾起红柳枝，红柳枝被掌风扫过穿入羊排，翻转间褂摆被热气掀起轻晃，动态自然。
9-12秒(炭火炙烤): 炭火盆上火光跳跃，厨师抖腕翻转羊排，掌风控温，油脂顺着肉质缓缓滴落，画面丝滑不卡顿。
10-12秒(泼油收招): 滚烫清油淋在辣椒面与葱段上滋啦作响，热气升腾，厨师收势时褂角垂落。镜头定格在这一盘冒着热气、焦香红亮的红柳大羊排上。
[运镜]: 画面起始为特写，随后缓慢推镜并平稳环绕半圈，镜头稳定无抖动。
[画质/约束]: 4K超高清，细节丰富，锐度清晰，无模糊重影，无闪烁，画面中严禁出现任何文字信息。模型 2.0 Fast，比例 9:16，时长 10s。"
renoise-2068259400339558676,Seedance Prompt — 8 Seconds | Samurai on Stone Pillar | Extreme Parallax Orbit…,,真人,特效向,武侠打斗,,en,Seedance 2.0,,,renoise-ai/awesome-seedance-prompts,https://github.com/renoise-ai/awesome-seedance-prompts/blob/904b6caffa21c2b114bb93e1bd0e37ba80b3dd10/data/prompts/2068259400339558676.json,CC-BY-4.0,SujiPop,https://x.com/suji_pop/status/2068259400339558676,True,prompts/真人/特效向/武侠打斗/renoise-2068259400339558676--Seedance-Prompt-—-8-Seconds-Samurai-on-S.md,"Seedance Prompt — 8 Seconds | Samurai on Stone Pillar | Extreme Parallax Orbit | Epic Sword Reveal

Shot 1 (0s–2s) — Epic Wide Orbit

24mm cinematic lens, horizontal speedline placed above and below the frame, motion blur

The camera begins in a wide aerial orbit around the samurai’s pillar.

The samurai stands perfectly still on top of a narrow stone pillar above an endless sea of clouds. Hundreds of towering sandstone formations extend into the distance.

Massive stone pillars occupy the extreme foreground and repeatedly sweep across the frame as the camera orbits. Some pillars temporarily obscure the samurai before revealing him again. Foreground pillars move rapidly across frame, creating extreme parallax and immense environmental depth.

Clouds drift through the valleys below. Birds circle around distant rock formations.

The samurai remains a small but powerful silhouette against the vast landscape.

Visual Focus

* Environmental scale
* Height and isolation
* Extreme pillar parallax
* Epic cinematic reveal

Shot 2 (2s–4s) — Medium Orbit Hero Shot

35mm cinematic lens

The camera smoothly continues its orbital movement while gradually moving closer. Speedlines moving a lot faster.

The samurai now occupies more of the frame. His clothing, long coat, scarf, kimono sleeves, and hair flow naturally in the mountain wind.

Large foreground pillars continue passing extremely close to the camera, creating dramatic foreground wipes and depth transitions. The orbit becomes slightly faster and more energetic.

Sunlight pierces through the clouds and illuminates sections of the rock formations. Atmospheric haze separates the various depth layers.

The samurai remains calm and composed, one hand resting on the sword hilt.

Visual Focus

* Character presence
* Monumental scale
* Dynamic orbit
* Strong environmental layering

Shot 3 (4s–8s) — Extreme Foreshortened Sword Reveal

12mm cinematic lens

The camera continues orbiting while aggressively dollying closer toward the samurai.

Foreground stone pillars continue sweeping through frame, maintaining powerful parallax and depth.

As the camera reaches a dramatic three-quarter angle, the samurai suddenly grips his katana.

In one smooth and controlled motion, he draws the sword and thrusts it directly toward the camera.

The camera simultaneously pushes closer toward the blade while maintaining the orbital movement.

The sword tip approaches the lens until it nearly touches it.

The katana becomes the dominant object in the frame.

Extreme foreshortening and perspective distortion make the blade appear extremely long, looks like the sword extended itself 3 times longer, several times larger than the samurai behind it.

The samurai remains visible behind the blade, eyes locked forward with unwavering intensity.

The background pillars blur into dramatic layers of atmospheric depth while clouds drift beneath them.

Sunlight catches the steel edge of the katana, creating a brilliant highlight along the blade.

The orbit continues through the thrust, causing the sword to sweep dynamically across frame while maintaining its aggressive forward perspective.

Final Frame

* Sword pointed directly past the camera
* Blade dominates the foreground
* Extreme perspective distortion
* Samurai sharply framed behind the blade
* Towering stone pillars fading into mist
* Intense eye contact
* Epic cinematic finish"
renoise-2068274148854415733,after match interview at the soccer field.,,真人,现实向,运动,,en,Seedance 2.0,link-only,real-person,renoise-ai/awesome-seedance-prompts,https://github.com/renoise-ai/awesome-seedance-prompts/blob/904b6caffa21c2b114bb93e1bd0e37ba80b3dd10/data/prompts/2068274148854415733.json,CC-BY-4.0,TechHalla,https://x.com/techhalla/status/2068274148854415733,True,prompts/真人/现实向/运动/renoise-2068274148854415733--after-match-interview-at-the-soccer-fiel.md,
renoise-2068278804682809698,Create a seamless 15-second cinematic 3D animated slapstick comedy video.,,漫剧,现实向,喜剧搞笑,3D卡通,en,Seedance 2.0,link-only,copyrighted-character,renoise-ai/awesome-seedance-prompts,https://github.com/renoise-ai/awesome-seedance-prompts/blob/904b6caffa21c2b114bb93e1bd0e37ba80b3dd10/data/prompts/2068278804682809698.json,CC-BY-4.0,ai.gezgini,https://x.com/ai_gezgini/status/2068278804682809698,True,prompts/漫剧/现实向/喜剧搞笑/renoise-2068278804682809698--Create-a-seamless-15-second-cinematic-3D.md,
renoise-2068285049276182649,"Physical Environment: Rainy, neon-lit cyberpunk city street at night…",,漫剧,特效向,科幻机甲,2D日漫,en,Seedance 2.0,,,renoise-ai/awesome-seedance-prompts,https://github.com/renoise-ai/awesome-seedance-prompts/blob/904b6caffa21c2b114bb93e1bd0e37ba80b3dd10/data/prompts/2068285049276182649.json,CC-BY-4.0,auqib,https://x.com/auqibhabib/status/2068285049276182649,True,"prompts/漫剧/特效向/科幻机甲/renoise-2068285049276182649--Physical-Environment-Rainy,-neon-lit-cyb.md","Physical Environment: Rainy, neon-lit cyberpunk city street at night, transitioning to a fiery battlefield. Subject: (refrance image) . In the first scene, the subject wears an edgy street outfit. In the second scene, they wear highly detailed, dark, ornate metallic armor. Camera Protocol: Close-up to medium shot, followed by a dynamic head-whip transformation, then an abrupt smash cut to a static 2D image.

[0-2s] Close-up on the subject wearing a sleek motorcycle helmet, with vibrant neon city lights reflecting off the dark visor. They use their gloved hands to lift the helmet off their head, revealing their face.

[2-4s] The camera is at a medium shot. The subject lowers the helmet to their side. They stand confidently, looking directly at the camera against the blurred, glowing city backdrop.

[4-5s] In one swift, dramatic motion, the subject whips their head sharply to the side. As their movement sweeps across the frame and momentarily obscures the camera in a motion-blur wipe, a transformation occurs: the neon-lit city street dissolves behind them, replaced by a smoke-filled, ember-glowing battlefield. When they snap back to center, they are now clad in highly detailed, dark, ornate metallic armor, standing tall amid the flames. The transition is seamless and instantaneous, driven entirely by the momentum of the whip.

[5-7s] The scene abruptly cuts to a static, stylized illustration resembling a video game start screen. The subject is depicted as a warrior in their ornate dark metallic armor, standing amidst a smoke-filled, burning battlefield in a commanding heroic pose. The title **""DYNASTY OF ASHES""** is displayed prominently at the top in bold, stylized typography. Below it, four menu options are listed vertically, each on its own separate line, evenly spaced: Line 1: **START GAME** / Line 2: **LOAD GAME** / Line 3: **SETTINGS** / Line 4: **EXIT**"
renoise-2068287668027600955,"A young woman with long wavy dark brown hair sits in stadium seating, wearing a…",,真人,现实向,运动,,en,Seedance 2.0,,,renoise-ai/awesome-seedance-prompts,https://github.com/renoise-ai/awesome-seedance-prompts/blob/904b6caffa21c2b114bb93e1bd0e37ba80b3dd10/data/prompts/2068287668027600955.json,CC-BY-4.0,Zephyra Leigh,https://x.com/ZephyraLeigh/status/2068287668027600955,True,prompts/真人/现实向/运动/renoise-2068287668027600955--A-young-woman-with-long-wavy-dark-brown.md,"A young woman with long wavy dark brown hair sits in stadium seating, wearing a Portugal jersey with ""ZEPHYRA LEIGH"" and number 7, casually watching the match with focused excitement, occasionally clapping and cheering. Suddenly she notices herself appear on the giant stadium screen above the pitch — her eyes widen, she points at the screen in surprise, then breaks into a huge laugh and waves enthusiastically at the camera, slightly embarrassed but delighted. People around her (blurred, non-focal) cheer and laugh with her. Camera starts as a wide shot of the crowd, push in to a medium shot on her, then cuts to a quick insert shot of the jumbotron screen showing her reaction, before returning to her laughing and waving. Stadium floodlights, lively crowd energy, photorealistic, 4K."
renoise-2068288126582218846,"SCENE 1 — Setup (15s, 5 shots)",,漫剧,现实向,剧情短片,3D卡通,en,Seedance 2.0,,,renoise-ai/awesome-seedance-prompts,https://github.com/renoise-ai/awesome-seedance-prompts/blob/904b6caffa21c2b114bb93e1bd0e37ba80b3dd10/data/prompts/2068288126582218846.json,CC-BY-4.0,Pan,https://x.com/sebatheepan/status/2068288126582218846,True,"prompts/漫剧/现实向/剧情短片/renoise-2068288126582218846--SCENE-1-—-Setup-15s,-5-shots.md","SCENE 1 — Setup (15s, 5 shots)

[Shot 1 — 3s — slow wide]: Bright tiled bathroom, steam rising. @ gex soaks up to his neck in a bubble bath, eyes half-closed, blissful, a rubber duck bobbing beside him. @ gex: a long happy sigh.
[Shot 2 — 3s — side tracking]: @ buzzo cruises past on a tiny toy boat wearing a bubble-foam pirate hat, steering smugly. @ buzzo: ""Ahoy, lizard!""
[Shot 3 — 2s — snap close-up]: @ gex's eyes flip open and lock on; a slow mischievous grin spreads. SFX: comic eye-pop ding.
[Shot 4 — 4s — fast push-in]: @ gex rears up and lunges with both hands; a massive wall of water and bubbles explodes upward. @ gex: ""Gotcha!""
[Shot 5 — 3s — high angle]: The splash clears; @ buzzo hovers dry and smug above the chaos, the rubber duck plops on @ gex's head. @ buzzo: ""Missed.""
Cuts: hard cuts throughout. SFX bed: water lapping, big splash, squeaky duck."
renoise-2068296212500054476,"Style: Ultra-cute Pixar-quality 3D animation, cinematic lighting, expressive…",,漫剧,特效向,特效综合,3D卡通,en,Seedance 2.0,,,renoise-ai/awesome-seedance-prompts,https://github.com/renoise-ai/awesome-seedance-prompts/blob/904b6caffa21c2b114bb93e1bd0e37ba80b3dd10/data/prompts/2068296212500054476.json,CC-BY-4.0,Anissa,https://x.com/SimplyAnnisa/status/2068296212500054476,True,prompts/漫剧/特效向/特效综合/renoise-2068296212500054476--Style-Ultra-cute-Pixar-quality-3D-animat.md,"Style: Ultra-cute Pixar-quality 3D animation, cinematic lighting, expressive faces, vibrant playground, smooth animation, 9:16 vertical.
⏱️ 0.0s – 3.0s
Same playground, same sandbox scene continuation. The toddler boy is now slightly out of focus in the background (no major action change). The little girl in the pink dress is now in the playground area, gently visible in the same scene environment as before, moving calmly with her mother in the background.
⏱️ 3.0s – 6.0s
Cut to the little girl’s perspective: she notices the fluffy orange kitten playing near the sandbox with the yellow toy dump truck and blue shovel. Her eyes slowly widen with curiosity and soft excitement. The warm sunlight creates a dreamy glow around the scene.
⏱️ 6.0s – 9.0s
The orange kitten becomes slightly aware of the girl’s attention and pauses playing. Tiny magical pink hearts start appearing around the kitten’s head in a soft, cute way (no sudden motion, just gentle magical effect). The kitten looks adorably fascinated.
⏱️ 9.0s – 12.0s
The girl gently tilts her head, smiling softly at the kitten. The kitten now fully reacts — sparkling eyes, soft blush-like glow, and floating pink 3D heart particles around it. The toy dump truck and blue shovel remain in the sand unchanged.
⏱️ 12.0s – 15.0s
Final cinematic shot: the girl smiling at the kitten from a short distance, while the kitten continues its cute “mesmerized” reaction. Background remains same playground with warm golden sunlight. Soft dreamy ending, same emotional tone as Part 1 for perfect continuity loop."
renoise-2068300260930470180,TITLE,,漫剧,特效向,战斗大招,2D日漫,en,Seedance 2.0,,,renoise-ai/awesome-seedance-prompts,https://github.com/renoise-ai/awesome-seedance-prompts/blob/904b6caffa21c2b114bb93e1bd0e37ba80b3dd10/data/prompts/2068300260930470180.json,CC-BY-4.0,Abhishek,https://x.com/HeyAbhishek/status/2068300260930470180,True,prompts/漫剧/特效向/战斗大招/renoise-2068300260930470180--TITLE.md,"TITLE
The Riverside Flash Duel

REFERENCE
Use the uploaded character sheet and storyboard board as the main visual reference. Keep the same fighter designs, outfits, riverside location, grassy hill, lighting, and 12-beat fight choreography. Do not add extra characters. Do not change the story.

SUBJECTS

Fighter 1: Young anime martial fighter around 18 with short spiky dark hair, sharp brown eyes, lean athletic build, and fierce expression. He wears a sleeveless dark combat top, loose martial pants, wrapped fists, and light boots. His style is aggressive, explosive, direct, and extremely fast. He attacks first with a super-fast punch rush.

Fighter 2: Calm rival around 19 with medium silver-black hair, narrow light eyes, athletic build, and composed expression. He wears an open short jacket, fitted shirt, belt sash, combat trousers, wrist wraps, and boots. His style is calm, precise, reactive, and powerful. He dodges, catches, throws, then speed-rushes for the final punch.

ENVIRONMENT
Wide riverside battleground with shallow flowing water, rocky riverbank, grassy ground, distant hill, dramatic sky, strong wind, dust, pebbles, water spray, and cinematic anime action atmosphere.

STYLE
Premium anime action film quality. Fast readable fight choreography. Strong speed lines. Sharp impact poses. Dramatic slow motion. Impact shockwaves. Flying debris. Water spray reactions. Painterly anime backgrounds. No comedy. No subtitles. No logos. No UI. No text overlays.

AUDIO
No background music. Only natural ambience and action sound effects.

CAMERA
16:9 cinematic anime framing. First 2 seconds use split-screen with two horizontal frames separated by a thick black divider. After 2 seconds, switch to full-frame cinematic action. Use side-tracking shots, close-up anticipation, slow-motion dodge, wide throw shot, ultra-fast chase shot, and final impact close-up.

TIMELINE

0:00-0:01
Split-screen. Top frame: Fighter 1 lowers his stance near the river, fists tight, ready to rush. Bottom frame: Fighter 2 stands calm and relaxed, wind moving his clothes and hair.

SFX: wind, river flow, fabric movement.

0:01-0:02
Split-screen close-ups. Top frame: Fighter 1’s foot presses hard into the ground and fist tightens. Bottom frame: Fighter 2’s calm eyes stay focused.

SFX: ground scrape, fist clench, river ambience.

0:02-0:03
Full-frame wide shot. Both fighters face each other by the riverside for one tense beat.

SFX: wind, river ambience.

0:03-0:05
Fighter 1 launches forward at extreme speed with a straight punch. Use side-tracking camera, speed lines, dust trails, and stones kicking up.

SFX: explosive dash, rushing wind, foot impact.

0:05-0:07
Slow-motion dodge. Fighter 2 tilts aside at the last second as the punch barely misses his face. Show air distortion and cloth motion.

SFX: air whoosh, cloth snap, slow-motion sweep.

0:07-0:09
Fighter 2 catches Fighter 1’s arm and redirects his momentum with calm precision.

SFX: grab impact, dust scrape.

0:09-0:11
Fighter 2 throws Fighter 1 far across the riverside toward a grassy hill. Show huge distance, dust trail, debris, and water spray.

SFX: heavy throw, rushing air.

0:11-0:12
Fighter 1 crashes onto the distant hill.

SFX: distant impact, rocks shifting.

0:12-0:13
Fighter 2 instantly vanishes and speed-rushes toward the hill in a blur with a long motion trail.

SFX: sonic rush, air tear.

0:13-0:14
Fighter 2 appears in front of Fighter 1 as he tries to recover.

SFX: speed burst, debris movement.

0:14-0:15
Final punch impact. Fighter 2 lands a devastating hit with shockwave, cracked ground, flying debris, and strong camera shake. Hold briefly on dust clearing and Fighter 2 standing dominant.

SFX: heavy impact, debris explosion, falling rocks, wind."
renoise-2068301447331279274,15-Second Cinematic Video Prompt – The Final Save,,真人,现实向,运动,,en,Seedance 2.0,,,renoise-ai/awesome-seedance-prompts,https://github.com/renoise-ai/awesome-seedance-prompts/blob/904b6caffa21c2b114bb93e1bd0e37ba80b3dd10/data/prompts/2068301447331279274.json,CC-BY-4.0,Sarah Parker,https://x.com/SeharShinwari/status/2068301447331279274,True,prompts/真人/现实向/运动/renoise-2068301447331279274--15-Second-Cinematic-Video-Prompt-–-The-F.md,"15-Second Cinematic Video Prompt – The Final Save

Style: Ultra-realistic cinematic sports film, dramatic atmosphere, packed football stadium at night, bright floodlights, realistic crowd reactions, slow motion, dynamic camera movement, shallow depth of field, Hollywood-quality cinematography, 4K HDR.

Character Consistency: Same goalkeeper throughout the video. Young male goalkeeper, 22 years old, athletic build, short dark hair, wearing a modern goalkeeper kit with gloves, determined expression. Maintain identical appearance in every shot.

0–5 Seconds – The Moment of Silence

The stadium is packed with thousands of fans under dazzling floodlights. The scoreboard shows Penalty Shootout – Final Kick. The striker stands ready behind the ball while the goalkeeper waits on the goal line. The crowd falls completely silent. Cinematic close-ups capture tense faces, waving flags frozen in anticipation, and the goalkeeper's focused eyes. Dramatic heartbeat-like sound design enhances the tension.

5–10 Seconds – Locked In

The goalkeeper closes his eyes for a brief second, takes a deep breath, and opens them with complete focus. Sweat drips down his forehead. The striker begins his run-up. The camera alternates between a close-up of the goalkeeper's intense expression, the striker's boots hitting the grass, and the ball waiting on the penalty spot. Slow motion builds suspense.

10–15 Seconds – The Heroic Save

The striker powerfully shoots toward the corner of the goal. In spectacular slow motion, the goalkeeper launches himself through the air, fully stretched, and makes an incredible fingertip save, pushing the ball away. Instantly, the stadium erupts in celebration. Fans jump, wave scarves, and cheer wildly as teammates rush toward the goalkeeper. The camera circles around him as he rises triumphantly.

Final Subtitle (14–15s):

Heroes are made in moments that last forever."
renoise-2068312282551992793,"FORMAT: 15 second vertical portrait video, 9:16, one continuous shot, selfie…",,真人,现实向,生活与vlog,,en,Seedance 2.0,link-only,hate,renoise-ai/awesome-seedance-prompts,https://github.com/renoise-ai/awesome-seedance-prompts/blob/904b6caffa21c2b114bb93e1bd0e37ba80b3dd10/data/prompts/2068312282551992793.json,CC-BY-4.0,Soul Motion labs,https://x.com/Soulmotionlabs/status/2068312282551992793,True,prompts/真人/现实向/生活与vlog/renoise-2068312282551992793--FORMAT-15-second-vertical-portrait-video.md,
renoise-2068316197834096887,"Use @Image8 as opening frame. STALIN left, TROTSKY right. Fighting game HUD…",,真人,特效向,动作大片,,en,Seedance 2.0,link-only,real-person,renoise-ai/awesome-seedance-prompts,https://github.com/renoise-ai/awesome-seedance-prompts/blob/904b6caffa21c2b114bb93e1bd0e37ba80b3dd10/data/prompts/2068316197834096887.json,CC-BY-4.0,Yurii Yeltsov,https://x.com/yura_elkin/status/2068316197834096887,True,prompts/真人/特效向/动作大片/renoise-2068316197834096887--Use-Image8-as-opening-frame.-STALIN-left.md,
renoise-2068319029438329285,Use the uploaded storyboard as exact visual and timing reference. Create a…,,真人,现实向,运动,,en,Seedance 2.0,link-only,copyrighted-character,renoise-ai/awesome-seedance-prompts,https://github.com/renoise-ai/awesome-seedance-prompts/blob/904b6caffa21c2b114bb93e1bd0e37ba80b3dd10/data/prompts/2068319029438329285.json,CC-BY-4.0,𝐌,https://x.com/Strength04_X/status/2068319029438329285,True,prompts/真人/现实向/运动/renoise-2068319029438329285--Use-the-uploaded-storyboard-as-exact-vis.md,
renoise-2068327067578401189,"Photoreal cinematic aerial documentary over Panjin Red Beach, Liaoning, China…",,其他,,风景空镜,,en,Seedance 2.0,,,renoise-ai/awesome-seedance-prompts,https://github.com/renoise-ai/awesome-seedance-prompts/blob/904b6caffa21c2b114bb93e1bd0e37ba80b3dd10/data/prompts/2068327067578401189.json,CC-BY-4.0,Kaan Alper,https://x.com/kaan_alper/status/2068327067578401189,True,prompts/其他/风景空镜/renoise-2068327067578401189--Photoreal-cinematic-aerial-documentary-o.md,"Photoreal cinematic aerial documentary over Panjin Red Beach, Liaoning, China. Vast crimson-red seaweed carpets tidal flats like alien terrain, emerald-green tidal channels cut through in serpentine patterns, golden hour light, rich saturated color, awe-inspiring “Mars or Earth?” atmosphere. Minimum 8K quality, ultra sharp, high detail, clean textures, stable landscape geometry, no blur, no compression artifacts. Clean cinematic audio, gentle wind, distant water ambience, emotional cinematic music, no distortion.

00:00–00:02: Begin at medium-high drone altitude, wide-angle aerial view. Endless blood-red seaweed fields stretch to the horizon. Low golden sun casts long shadows across the textured tidal flats. Camera starts a slow steady forward dolly.

00:02–00:04: Drone glides forward with subtle descent. Emerald-green tidal channels appear below, winding through the red landscape like veins. Maintain smooth movement and balanced red-green composition.

00:04–00:06: Slightly closer aerial view reveals dense seaweed texture, wet reflective patches, and natural tidal mudflat patterns. The terrain feels otherworldly, almost Martian, but physically real. Wind softly increases.

00:06–00:08: Camera continues forward over more intricate maze-like formations of red vegetation islands surrounded by green water. Keep horizon stable, no sudden turns, no shaky motion. Music builds with quiet wonder.

00:08–00:10: Golden hour light reflects off a wider tidal channel. Long shadows add depth and scale. Drone subtly lowers, making foreground seaweed detail sharper while keeping distant horizon crisp.

00:10–00:12: Expansive forward glide across endless red plains. The green channels become larger and more dramatic, carving sweeping S-curves through the frame. The question feels visual: Mars or Earth?

00:12–00:15: Final smooth glide and gentle cinematic hold. The red seaweed and emerald channels fill the frame in perfect contrast as the low sun glows near the horizon. End on a breathtaking wide composition that emphasizes scale, texture, and surreal natural beauty.

Camera: aerial drone, wide-angle lens, slow forward dolly, subtle descent, stable horizon, smooth cinematic hold. Lighting: golden hour amber, saturated crimson reds, vivid emerald greens, natural contrast. Negative: no people, no buildings, no roads, no vehicles, no fantasy planets, no fake Mars sky, no oversharpening halos, no warped channels, no unstable drone shake, no blur, no compression artifacts."
renoise-2068333609476608152,"Style: Epic Viking fantasy, cinematic realism, Nordic storm atmosphere, brutal…",,真人,特效向,奇幻怪兽,,en,Seedance 2.0,,,renoise-ai/awesome-seedance-prompts,https://github.com/renoise-ai/awesome-seedance-prompts/blob/904b6caffa21c2b114bb93e1bd0e37ba80b3dd10/data/prompts/2068333609476608152.json,CC-BY-4.0,Amira Zairi,https://x.com/azed_ai/status/2068333609476608152,True,"prompts/真人/特效向/奇幻怪兽/renoise-2068333609476608152--Style-Epic-Viking-fantasy,-cinematic-rea.md","Style: Epic Viking fantasy, cinematic realism, Nordic storm atmosphere, brutal icy wilderness, mythic action, dramatic VFX, fast-cut 15-second vertical video pacing, 7–8 cinematic cuts

[00:00-00:02] Wide cinematic shot of a frozen Nordic coastline at dawn, dark storm clouds rolling over icy mountains and a rough black sea. A lone Viking warrior stands on a cliff edge wearing fur-lined armor, braided hair, weathered face, and a heavy round shield on his back. Snow and ash swirl around him. SFX: cold wind, ocean waves, low war drums.

[00:02-00:04] Close-up of the Viking’s hand gripping a rune-carved axe as ancient golden symbols ignite along the blade. His breath fogs in the freezing air. SFX: rune hum, ice crackle, deep bass pulse.

[00:04-00:06] Low-angle tracking shot as he walks down into a battlefield of broken shields, burning torches, and abandoned longships. A huge frost giant silhouette appears through the snowstorm ahead. VFX: torch sparks, snow particles, icy mist.

[00:06-00:08] Extreme close-up of the frost giant’s glowing blue eyes opening inside the blizzard. Its massive hand drags an ice-covered weapon across the ground, carving a trench through snow and stone. SFX: grinding ice, monster growl, thunder.

[00:08-00:10] Fast handheld combat shot as the frost giant swings down. The Viking raises his shield and blocks the strike, sending ice shards exploding across the frame. Camera shake on impact. SFX: shield impact, ice shatter, heavy bass hit.

[00:10-00:12] Dynamic 360-degree orbit as the Viking rolls through the snow, rises, and swings his glowing axe in a wide arc. A golden rune shockwave cuts through the blizzard and pushes the giant backward. VFX: rune energy trail, snow vortex, sparks.

[00:12-00:14] Fast tracking shot as spectral Viking warriors briefly appear in the mist behind him, marching forward like ghostly ancestors. The Viking charges with them, axe raised, cloak whipping in the storm. SFX: ghostly chants, war drums, rushing wind.

[00:14-00:15] Epic final wide shot as the Viking leaps from a shattered icy ridge toward the towering frost giant, axe blazing with golden runes. Lightning flashes behind them. End on a powerful freeze-like clash frame. SFX: thunder, battle roar, final cinematic boom."
renoise-2068336776687812661,"Live-action cinematic realism, elegant Eastern courtyard garden, warm lantern…",,真人,特效向,武侠打斗,,en,Seedance 2.0,,,renoise-ai/awesome-seedance-prompts,https://github.com/renoise-ai/awesome-seedance-prompts/blob/904b6caffa21c2b114bb93e1bd0e37ba80b3dd10/data/prompts/2068336776687812661.json,CC-BY-4.0,Mr.Iancu,https://x.com/Iancu_ai/status/2068336776687812661,True,"prompts/真人/特效向/武侠打斗/renoise-2068336776687812661--Live-action-cinematic-realism,-elegant-E.md","Live-action cinematic realism, elegant Eastern courtyard garden, warm lantern light + cold mist + drifting petals, 16:9. Strong contrast: delicate Lolita dresses × hardcore magic-weapon combat. Identity lock: PINK-SWEET Lolita (long pink curls / white sweet-Lolita dress with cross embroidery / HOLY-LIGHT magic) vs BLACK-GOTHIC Lolita (dark hair / black gothic dress / taller / SHADOW magic) — no color-bleed, no face-swap, only the two of them in frame. Reference image #4 = the 12-panel storyboard; replicate panels 1→12 in order for action / camera / energy progression and the high-low staging.

[0:00-0:03] Pink-sweet stands in the lower courtyard, eyes lifting to lock onto Black-gothic up on the raised platform; Black-gothic draws her pistol and fires dark-energy rounds, Pink-sweet snaps her parasol open into a blooming cross light-shield to block, then flicks hidden darts that ignite into homing light-needles — Black-gothic sweeps a dark crescent slash from her katana to scatter them. Ultra-low-angle establishing the height gap.

[0:03-0:07] Pink-sweet wall-kicks up onto the platform trailing light; shadow-blade and holy-light parasol clash again and again, Black-gothic driving her to the platform edge. Low-angle following the leap up → handheld medium on the platform, continuous, not chopped.

[0:07-0:10] Pink-sweet flips down off the platform; Black-gothic fires a dark bolt mid-air, then leaps down in pursuit, katana trailing shadow. Crane down on the fall → track the airborne pursuit.

[0:10-0:13] Pink-sweet throws a light-needle to distract + thrusts the glowing parasol tip; Black-gothic weaves past, and one katana slash shears the lace parasol away, light scattering — Pink-sweet is disarmed, darts spent. Handheld medium on the exchange → impact close-up.

[0:13-0:15] Pink-sweet ducks inside, traps Black-gothic's arms and knocks BOTH katana and pistol away; the weapons hit the ground — both now empty-handed, hands suddenly BLAZING with magic: Pink-sweet's flaring holy light and glowing crosses, Black-gothic's with purple-black shadow thorns; locked eyes, freeze. Dutch fast-tilt into a tight two-shot.

[Audio] No background music, no subtitles. High-quality SFX only — dark-energy round low hum, light-shield resonance, blade-wind & light-needle whoosh, energy hard-clash bursts, leaps/landings, disarm metal clinks, weapons hitting stone, the sudden magic-ignition hum, heavy breathing — precisely synced to the action.

Negative: a knife/dagger appearing in Pink-sweet's hands out of nowhere; pulling hidden weapons in close combat; extra weapons from nowhere; character color-bleed or face-swap; any text/subtitles on screen."
renoise-2068337035509993626,Epic volcanic fire world made of cracked obsidian rock and glowing lava…,,其他,,广告带货,,en,Seedance 2.0,,,renoise-ai/awesome-seedance-prompts,https://github.com/renoise-ai/awesome-seedance-prompts/blob/904b6caffa21c2b114bb93e1bd0e37ba80b3dd10/data/prompts/2068337035509993626.json,CC-BY-4.0,Synthia,https://x.com/AIwithSynthia/status/2068337035509993626,True,prompts/其他/广告带货/renoise-2068337035509993626--Epic-volcanic-fire-world-made-of-cracked.md,"Epic volcanic fire world made of cracked obsidian rock and glowing lava fissures stretching to the horizon. Ember-filled atmosphere, dark amber-black sky, distant volcanic eruptions, cinematic scale, premium CGI commercial quality. Chester Cheetah appears as a tall, lean, photorealistic CGI cheetah with detailed orange fur, black spots, white muzzle and chest, black wraparound sunglasses, white sneakers, confident grin, cool attitude. Consistent character design throughout. A single Cheetos Flamin' Hot bag remains the hero product across all shots.
Shot 1 – Epic Landing Fast cinematic dolly-in across a vast lava landscape. Chester drops from the sky and lands powerfully in the center of a cracked obsidian platform. Lava sparks erupt around his sneakers. Sunglasses reflect the fiery environment as he surveys the world with complete confidence. Wind blows through his fur while embers float across frame.
Shot 2 – Cool Look Medium close-up. Chester slowly lowers his sunglasses with one finger, revealing one eye. Warm lava light highlights every strand of fur. He gives a subtle confident grin, locks eyes with the camera, then smoothly slides the sunglasses back into place. Shallow depth of field, cinematic rim lighting.
Shot 3 – Grab & Open Tracking shot as Chester casually walks across the volcanic terrain toward an upright Cheetos Flamin' Hot bag resting on an obsidian slab. Without breaking stride, he grabs the bag, shakes it once, and tears it open. Metallic foil catches the firelight. Red seasoning particles drift through the air in slow motion.
Shot 4 – The Puff Extreme macro close-up. A single Flamin' Hot puff is held between Chester's fingers. Every seasoning crystal is visible in stunning detail. Chester's confident smile remains softly blurred in the background. He slowly brings the puff toward the camera, takes a bite, and crunches. Tiny seasoning particles explode outward in slow motion.
Shot 5 – Bringing the Heat Wide cinematic shot transitioning into a dramatic pull-back. After a brief pause, a massive ring of fire erupts outward from Chester's feet, racing across the obsidian landscape. Lava fissures glow brighter and volcanic energy surges through the environment. Chester spreads his arms and smiles confidently, completely unfazed while flames tower around him. The camera reveals the enormous scale of the fiery eruption.
Shot 6 – Product Hero Luxury product shot. The Cheetos Flamin' Hot bag stands upright on glowing obsidian rock, illuminated from below by molten lava. Chester casually steps into frame, leans against the bag, crosses his ankles, and lowers his sunglasses for direct eye contact. He smirks, pushes the sunglasses back up, and poses beside the hero product while embers drift through the air.
Visual Style Premium CGI commercial, photorealistic fur simulation, ultra-detailed textures, dramatic lava reflections, cinematic lighting, deep blacks, warm orange-red glow, realistic fire and smoke effects, dynamic camera movement, luxury product advertising aesthetic, high contrast, HDR, shallow depth of field, blockbuster VFX quality.
Music & Sound Design Punchy hip-hop and electronic beat with heavy 808s, sharp snare transitions, fiery whooshes, lava rumbles, foil-crinkle sound effects, powerful bass drops synced with the fire-ring explosion, ending on a cool confident sustained note.
Final Frame Hero product shot with Chester leaning on the bag, glowing lava background, drifting embers, premium advertising composition, brand logo prominently visible, iconic confident smile, cinematic freeze-frame finish.
Negative Prompt Low-quality fur, cartoon-flat textures, duplicate characters, multiple product bags, daylight environment, cold blue lighting, studio backdrop, pain reactions, scared expressions, deformed anatomy, blurry product logo, extra limbs, low-detail fire, unrealistic lava, low-resolution rendering."
renoise-2068338344107631046,<<<image_1>>> the wandering knight rides up on his horse to <<<image_2>>> the…,,漫剧,现实向,日常治愈,2D日漫,en,Seedance 2.0,,,renoise-ai/awesome-seedance-prompts,https://github.com/renoise-ai/awesome-seedance-prompts/blob/904b6caffa21c2b114bb93e1bd0e37ba80b3dd10/data/prompts/2068338344107631046.json,CC-BY-4.0,Shara,https://x.com/itsshara_ai/status/2068338344107631046,True,prompts/漫剧/现实向/日常治愈/renoise-2068338344107631046--image_1-the-wandering-knight-rides-up-on.md,"<<<image_1>>> the wandering knight rides up on his horse to <<<image_2>>> the cozy medieval tavern in golden afternoon sunlight, dismounting and tying his horse, cloak flowing. WIDE establishing, smooth push-in. Green hills, blue sky, god-rays. premium cel-shaded anime, ultra-clean lineart, vibrant colors, fluid motion, cinematic depth. <horse hooves> <birdsong> <soft wind> <warm music> fluid premium animation. no subtitles, no text overlay, no style shift, bright anime style."
renoise-2068338572713681307,"Sağlanan futbolcu referans görseli @[image]1’i, röportaj yapılan ana oyuncunun…",,真人,现实向,运动,,en,Seedance 2.0,,,renoise-ai/awesome-seedance-prompts,https://github.com/renoise-ai/awesome-seedance-prompts/blob/904b6caffa21c2b114bb93e1bd0e37ba80b3dd10/data/prompts/2068338572713681307.json,CC-BY-4.0,Okan Can,https://x.com/0kncn/status/2068338572713681307,True,prompts/真人/现实向/运动/renoise-2068338572713681307--Sağlanan-futbolcu-referans-görseli-image.md,"Sağlanan futbolcu referans görseli @[image]1’i, röportaj yapılan ana oyuncunun yüzü, saç yapısı, genel görünümü, vücut oranı ve kimlik benzerliği için kullan.

Gerçekçi bir maç sonu röportaj sahnesi oluştur. Mekân futbol sahası kenarı, gece stadyum atmosferi, güçlü projektör ışıkları, canlı yayın hissi veren gerçekçi Türk spor kanalı yayını. Kamera stili gerçek TV yayını gibi olsun: hafif elde kamera hissi, zaman zaman yakın plan yüz çekimi, omuz üstü röportaj kadrajı, doğal yayın grafikleri ve alt bant.

Röportaj yapılan futbolcu, @[image1] referansındaki kişiye benzeyen, Barış Alper Yılmaz havasında, uzun ve atletik bir Türk futbolcu olsun. Üzerinde kırmızı Türkiye milli takım tarzı forma ve 21 numara olsun. Maçtan yeni çıkmış gibi yorgun, hafif terli, biraz sinirli ama özgüvenli dursun. En önemli komedi detayı şu: röportaj boyunca sürekli saçını eliyle düzeltsin, saçına şekil versin, görünüşüyle maçtan daha çok ilgileniyor gibi davransın.

Arka planda sinirli Türk taraftarlar olsun; bağıran, tepki gösteren, hayal kırıklığı yaşayan bir kalabalık hissi ver. Atmosfer gergin ama mizahi olsun.

Yanında eski bir futbolcu olmuş ciddi bir muhabir mikrofonla hızlı sorular sorsun. Diyaloglar doğal, komik ve kısa olsun. Futbolcu cevap verirken saçını düzeltmeye devam etsin.

Muhabir: “Pres mi şekil mi?”
Futbolcu saçını düzeltip cevap verir: “Şekil.”

Muhabir: “Mücadele mi bakım mı?”
Futbolcu: “Bakım.”

Muhabir: “Kanat mı kuaför mü?”
Futbolcu hafif gülümseyerek: “Kuaför.”

Muhabir: “Asist mi sprey mi?”
Futbolcu tekrar saçını düzelterek: “Sprey.”

Muhabir: “Taraftar ne der?”
Futbolcu arka tarafa kısa bir bakış atıp: “Önce saç otursun.”

Muhabir: “Bugün en güçlü yanın neydi?”
Futbolcu kameraya bakıp, saçını son kez düzelterek: “Sağ çizgi değil, saç çizgim.”

Son sorudan sonra muhabir donup kameraya şaşkın şekilde baksın. Futbolcu ise kendinden emin bir şekilde saçını düzelterek uzaklaşsın. Kalabalık sesi, hafif uğultu, maç sonu kaosu ve mizahi sosyal medya videosu enerjisi olsun.

Stil: gerçekçi, canlı yayın estetiği, komik zamanlama, viral kısa video havası, doğal mimikler, gerçek spor röportajı hissi."
renoise-2068340156403478632,A young woman takes a close-up selfie in a softly lit indoor room. A white door…,,真人,特效向,武侠打斗,,en,Seedance 2.0,link-only,copyrighted-character,renoise-ai/awesome-seedance-prompts,https://github.com/renoise-ai/awesome-seedance-prompts/blob/904b6caffa21c2b114bb93e1bd0e37ba80b3dd10/data/prompts/2068340156403478632.json,CC-BY-4.0,Oogie,https://x.com/oggii_0/status/2068340156403478632,True,prompts/真人/特效向/武侠打斗/renoise-2068340156403478632--A-young-woman-takes-a-close-up-selfie-in.md,
renoise-2068352140033085897,Use the attached VIKING VS KRAKEN character sheet as visual reference…,,漫剧,特效向,奇幻冒险,3D卡通,en,Seedance 2.0,,,renoise-ai/awesome-seedance-prompts,https://github.com/renoise-ai/awesome-seedance-prompts/blob/904b6caffa21c2b114bb93e1bd0e37ba80b3dd10/data/prompts/2068352140033085897.json,CC-BY-4.0,TechieSA,https://x.com/TechieBySA/status/2068352140033085897,True,prompts/漫剧/特效向/奇幻冒险/renoise-2068352140033085897--Use-the-attached-VIKING-VS-KRAKEN-charac.md,"Use the attached VIKING VS KRAKEN character sheet as visual reference throughout. Create a 15-second 16:9 Pixar 3D animated battle sequence. Bjorn — broad shoulders, braided red beard, fur-lined leather armor, iron pauldrons, battle-worn longsword, war paint streaked across one eye. The Kraken — colossal sea monster, deep crimson and black mottled skin, massive curling tentacles, enormous glowing yellow eyes. Same characters exactly as shown in the reference sheet throughout every shot.
THE SHIP: A Viking longship at sea, wooden hull, carved dragon prow, single mast with a tattered sail. Stormy night sky, dark churning ocean, rain falling, occasional lightning flashes illuminating everything. One location only — the ship and the surrounding sea.
Shot sequence:
0:00–0:02 — Wide establishing shot. The longship rocking violently on dark stormy waves, rain pouring, lightning flashing in the distance. Bjorn stands at the bow gripping the railing, scanning the black water. Complete tension. Something is coming.
0:02–0:04 — Close-up on the water beside the ship. A single massive tentacle breaks the surface slowly, water cascading off its crimson and black skin, curling menacingly upward. Bjorn's eyes widen as he spots it.
0:04–0:06 — Wide shot. The Kraken's full head and one enormous glowing yellow eye breach the surface beside the ship — water exploding outward in every direction. The ship rocks violently from the displacement. Bjorn draws his sword, bracing low.
0:06–0:08 — Dramatic close-up. A second tentacle whips up and wraps around the ship's mast — wood splintering and cracking under the pressure. Bjorn slashes at it with his sword, sparks of impact visible where blade meets tentacle.
0:08–0:11 — SLOW MOTION. Bjorn leaps onto the railing, sword raised high above his head, lightning flashing behind him illuminating his entire silhouette. He brings the sword down in a powerful arc toward the tentacle gripping the mast. Water droplets suspended in the air around him. Maximum drama. The hero frame.
0:11–0:13 — Normal speed snaps back instantly. The sword connects — the tentacle recoils and releases the mast, retreating back into the dark water. The Kraken's massive eye narrows, assessing the Viking who just struck back.
0:13–0:15 — Wide shot. Bjorn stands alone at the bow, breathing hard, sword still raised, rain streaming down his face. The Kraken's eye sinks slowly back beneath the black water, retreating into the depths. The storm beginning to calm. Bjorn lowers his sword slowly, victorious but exhausted. Fade out on the ship sailing on through the calming sea.
Camera: Wide establishing for the storm and ship, close-up for the tentacle reveal, wide for the Kraken's full breach, dramatic close-up for the mast attack, slow motion wide tracking for the sword strike hero shot, normal speed snap back for the impact, wide static pulling back for the final victorious pose. Camera always at ship deck level — low and dramatic, making both Bjorn and the Kraken feel massive and significant.
Sound: Crashing waves and pouring rain throughout. Thunder rumbling. Tense orchestral music building from the first frame. The Kraken's breach — a deep guttural roar. Wood splintering as the tentacle grips the mast. The sword strike — one sharp metallic ring. Music peaks during the slow motion strike. The Kraken's retreat — a low fading groan beneath the water. Music resolves to a triumphant but weary tone as the storm calms. Fade out on rain softening to a gentle patter.
Style: Pixar 3D animation. Dark stormy blues and blacks throughout, lightning providing dramatic flashes of light. Bjorn in cold steel and weathered brown. Kraken in deep crimson, black and bioluminescent yellow eyes glowing through the darkness. Maximum scale contrast between the tiny Viking and the colossal beast. This is an epic clash — every frame should feel massive and earned."
renoise-2068353638230007909,Use @[storyboard ref] only as the visual-anchor storyboard for panel order…,,漫剧,特效向,奇幻冒险,3D卡通,en,Seedance 2.0,,,renoise-ai/awesome-seedance-prompts,https://github.com/renoise-ai/awesome-seedance-prompts/blob/904b6caffa21c2b114bb93e1bd0e37ba80b3dd10/data/prompts/2068353638230007909.json,CC-BY-4.0,Kōda,https://x.com/aimikoda/status/2068353638230007909,True,prompts/漫剧/特效向/奇幻冒险/renoise-2068353638230007909--Use-storyboard-ref-only-as-the-visual-an.md,"Use @[storyboard ref] only as the visual-anchor storyboard for panel order, camera angle, shot scale, framing, pose, blocking, screen direction, composition, prop/effect states, and spatial continuity. Follow panel cameras; do not render the sheet, copy sketch medium, inherit simplified anatomy, or add absent events.

Use @[char ref] as sole authority for C1 Hina final appearance, face, body, wardrobe, proportions, materials, black hair, light gray eyes, and likeness.

VISUAL STYLE: Premium 3D anime trailer, ultra-detailed CGI, moonlit black-water forest with hard blue rim at energy peaks, warm-gold moon shafts versus electric-blue chakra, normal-to-wide lens feel, shallow focus for inserts, deep focus for scale, leaf, mist, spray, particles, polished 4K 60fps fluid animation.
AUDIO: No background music or score. Use only night forest ambience, water laps, leaf wind, cloth snaps, soft footwork, breaths, palm-strike foley, branch creaks, mist rush, and blue-chakra surges.
ENVIRONMENT: Night forest clearing beside black water: trunks, exposed roots, low mist, moon gaps, wet ground, clear lane around C1.
EMOTIONAL GUIDANCE: C1 moves like a calm operator; each hand change triggers a visible forest response.
RHYTHM + ESCALATION: Quiet master hold, sharp inserts, controlled form build, violent forest pressure, final breach, cold silence.

BEATS:
P01 / low wide / blackwater master: Low wide, C1 enters screen left toward center clearing, black water foreground, giant trunks behind, low mist; her first step sends ripples and leaf tremors outward.
P02 / flash insert / finger wake: Extreme close-up of C1's reaching hand; fingers open one by one, blue chakra crawls over fingertips, nearby leaves lift.
P03 / side track / root approach: Side tracking medium, C1 glides along roots screen left to right; heel rolls, rear hand guards ribs, lead palm cuts mist into two lanes.
P04 / eye insert / pale focus: Very brief eye close-up, light gray irises sharpen; chakra reflections cross her pupils as wind pulls hair across frame.
P05 / low wide / first form break: Low wide between trunks, C1 sinks into a long stance; shoulder, elbow, wrist, and palm rotate outward, blue chakra arcs from both hands, bending grass and mist away.
P06 / macro feet / water turn: Low foot insert, C1 pivots on wet roots with one toe grazing black water; a ripple expands as leaves spin around her ankle.
P07 / medium orbit / palm engine: Medium orbit, C1 chains guard hand, elbow tuck, hip snap, and double palm extension; blue chakra wraps forearms while branches bow back.
P08 / overhead / perception grid: Overhead wide, C1 centered in a root-water circle; palm bursts strike four directions, parting mist corridors and pushing leaf streams into radial paths.
P09 / burst close / hair snap: Quick face close-up, C1 turns through wind; hair lashes sideways, cheek rim glows blue, forest blurs under pressure.
P10 / tracking wide / eight palms: Lateral wide, C1 advances screen left to right through eight rapid palm strikes; each hits a different point, shaking trunks, flattening mist, scattering leaves.
P11 / hands insert / seal compression: Close-up at chest height, one open hand and one poised hand compress blue chakra; leaf fragments and mist threads spiral into the gap.
P12 / side close / breach release: Side-profile close-up facing screen right, C1 opens both palms from crossed wrists; eyes lock forward as a pressure wave tears through mist and bends branches.
P13 / epic wide / canopy breach: Low epic wide, C1 planted center; a massive blue chakra sphere expands from her body, bowing branches, lifting leaves, pushing spray outward, carving a circle through mist.
P14 / final wide / vacuum hush: Final wide hold in the same clearing, C1 calm with hands lowered; blue energy fades, leaves settle, water ripples widen, branches sway back, forest silent."
renoise-2068357165946175553,"The woman in explodes off the ground in a towering vertical leap, the launch…",,真人,特效向,动作大片,,en,Seedance 2.0,,,renoise-ai/awesome-seedance-prompts,https://github.com/renoise-ai/awesome-seedance-prompts/blob/904b6caffa21c2b114bb93e1bd0e37ba80b3dd10/data/prompts/2068357165946175553.json,CC-BY-4.0,Jin.B,https://x.com/opener_ai/status/2068357165946175553,True,prompts/真人/特效向/动作大片/renoise-2068357165946175553--The-woman-in-explodes-off-the-ground-in.md,"The woman in explodes off the ground in a towering vertical leap, the launch propelling her several meters straight up into the air; dust bursts from the ground at the push-off point.
The multi-legged guardian mech immediately surges forward on the ground beneath her, legs driving hard to stay positioned under her rising arc.

Camera: low angle, tilting upward to follow her ascent. 0–3s. 3–6s: At the peak of the leap she hangs briefly in the air, weightless, body extended, before gravity pulls her back down in a smooth arc. The mech continues sprinting hard across the ground, repositioning itself to meet her landing point.

Camera: wide framing pulls back to hold her full high arc against the sky and landscape. 6–9s: She lands hard, dust bursting outward, and instantly launches into the next towering leap without pause — a continuous rhythm of explosive jump, brief airborne hang, hard landing, repeat. The mech bounds alongside in real time, always arriving just beneath or beside her landing point.

Camera: tracking shot following the bounding rhythm, alternating low-to-high with each leap. 9–12s: Both continue the leap-and-chase rhythm into the distance, her arcs cresting high above the grass each time, the mech racing tirelessly underneath as her guardian.

Camera: steady wide tracking shot, holding the full vertical scale of her jumps against the mountains. Sound: explosive launch thud at push-off, brief whoosh of air at the peak, hard landing impact, mech servo whirs and rapid leg strikes on dirt, wind rush. Style: cinematic short film, action choreography sequence, photorealistic desert grassland, naturalistic daylight.

Constraints: jumps are vertically dominant — height, not horizontal distance, defines the scale. Real-time speed for the mech, no slow motion, one dominant camera move per phase, mech leg proportions remain consistent, woman's identity locked to reference, no extra characters in frame."
renoise-2068378501531549909,"Upload order: @IMG_1 lone survivor, @IMG_2 rowboat, @IMG_3 whale, @IMG_4…",,其他,,风景空镜,,en,Seedance 2.0,,,renoise-ai/awesome-seedance-prompts,https://github.com/renoise-ai/awesome-seedance-prompts/blob/904b6caffa21c2b114bb93e1bd0e37ba80b3dd10/data/prompts/2068378501531549909.json,CC-BY-4.0,Mike Miller,https://x.com/pt5films/status/2068378501531549909,True,"prompts/其他/风景空镜/renoise-2068378501531549909--Upload-order-IMG_1-lone-survivor,-IMG_2.md","Upload order: @IMG_1 lone survivor, @IMG_2 rowboat, @IMG_3 whale, @IMG_4 drowned city.

FORMAT: 15s / 6 shots / awe, terror, lone survival / no dialogue

SUBJECTS: @IMG_1 The Survivor: lone figure in patched salvaged clothing and an oilskin cloak, weathered face

PROPS: @IMG_2 small weathered wooden rowboat, single oar and coiled rope; @IMG_3 colossal ancient whale, barnacled scarred hide, immense flukes

ENVIRONMENT: @IMG_4 drowned city at night under black floodwater, broken skyscrapers in pale moonlight and cold mist

COLOR LOGIC: painterly 2D animation, hand-inked linework, heavy chiaroscuro, drowned-green and slate-grey with foam-white and cold moonlit silver under a deep blue-black night sky

TIMELINE:

[00:00-00:03] [WIDE, STILL] @IMG_4 under cold moonlight, @IMG_2 tiny on the glassy black water, @IMG_1 rowing alone through the silence.
[00:03-00:05] [LOW ACROSS WATER] The black water swells and a vast dark mass rises beneath the boat.
[00:05-00:07] [BREACH, EXPLOSIVE] @IMG_3 erupts from the floodwater beside @IMG_2, moonlight sheeting off its hide, a towering wave rising.
[00:07-00:09] [IMPACT] The wave capsizes the boat and hurls @IMG_1 into the black water.
[00:09-00:12] [SURFACE STRUGGLE] @IMG_1 claws back to the surface and grabs the overturned hull of @IMG_2, hauling up out of the water.
[00:12-00:15] [PULL BACK, SPRAY] @IMG_3’s massive fluke crashes down behind them, spray bursting silver across the lens, as the survivor clings to the hull and the whale sounds back into the deep, skyscrapers looming in the mist.
No music. Ambient: lapping black water, deep resonant whale call, the explosive crash of the breach, the groan and slap of the overturned hull, gasping breaths, dripping water, distant wind."
renoise-2068425512859619521,"Sweeping cinematic orbit, 50mm, the camera circling low and rising into a crane…",,真人,特效向,科幻,,en,Seedance 2.0,link-only,copyrighted-character,renoise-ai/awesome-seedance-prompts,https://github.com/renoise-ai/awesome-seedance-prompts/blob/904b6caffa21c2b114bb93e1bd0e37ba80b3dd10/data/prompts/2068425512859619521.json,CC-BY-4.0,MayorkingAI,https://x.com/MayorKingAI/status/2068425512859619521,True,"prompts/真人/特效向/科幻/renoise-2068425512859619521--Sweeping-cinematic-orbit,-50mm,-the-came.md",
renoise-2068438474030731661,Create a hyper-cinematic 15-second continuous single-take skydiving video…,,真人,现实向,生活与vlog,,en,Seedance 2.0,,,renoise-ai/awesome-seedance-prompts,https://github.com/renoise-ai/awesome-seedance-prompts/blob/904b6caffa21c2b114bb93e1bd0e37ba80b3dd10/data/prompts/2068438474030731661.json,CC-BY-4.0,ai.gezgini,https://x.com/ai_gezgini/status/2068438474030731661,True,prompts/真人/现实向/生活与vlog/renoise-2068438474030731661--Create-a-hyper-cinematic-15-second-conti.md,"Create a hyper-cinematic 15-second continuous single-take skydiving video. Image 1 is the strict identity, face, hairstyle, body proportions, outfit, and parachute gear reference. Preserve her pale skin, striking blue eyes, long straight black hair, slim feminine body proportions, elegant parachutist outfit with short flowing translucent fabric panels, black harness straps, gloves, white boots, and the same parachute pack. Set the scene in bright daylight at very high altitude above a vast sea of clouds, with a small skydiving aircraft, strong rushing wind, clean blue sky, and a dramatic real-skydiving atmosphere. Use one continuous 15-second shot with no cuts, no hidden cuts, no transitions, and no montage. The camera begins very close to her upper body and face at the open aircraft door, capturing her focused, confident, adrenaline-filled expression, wind whipping her hair and fluttering outfit. She suddenly throws herself backward out of the aircraft in one bold, controlled motion. As soon as she exits, the camera smoothly swings behind her and stays in a very close follow shot. She briefly stabilizes in freefall, then intentionally transitions into a fast aerodynamic dive: she pulls her arms tight, streamlines her body, angles her head downward, and drops into a powerful head-down dive. She must fall rapidly downward with strong acceleration, not float or drift. The camera follows extremely close from behind and slightly above her back, emphasizing speed, wind pressure, and vertical force. Clouds rush upward past her, while her hair, skirt panels, and harness whip violently in the airflow. After this strong dive, she deliberately opens her arms wide, opens her chest, and broadens her body position to catch more air and visibly slow down. At the same moment, the camera rapidly accelerates past her, moves ahead of her falling path, then drops beneath her and turns upward into a close low-angle tracking shot, keeping her large in frame against the sky and clouds. During this low-angle section, the small skydiving aircraft she jumped from appears briefly high above in the far background, adding scale and altitude without distracting from her. Before the final close-up, the scene shifts into dramatic slow motion. While the camera remains close underneath her, she performs one clean, beautiful, controlled aerial somersault in slow motion, a visually striking flip in the air with strong body extension and precise control. It must feel elegant and intentional, not like random spinning. Her hair and flowing outfit should enhance the acrobatic motion. After completing the slow-motion flip, she returns to a stable freefall position. Only then does the camera push in very close toward her face and upper body, capturing her intense expression, Looking straight at the camera and pointing, fluttering hair, and the power of the airflow. At that exact moment, she opens her parachute. The parachute deploys suddenly and powerfully, creating a strong upward snap as her fall is abruptly broken and her body is pulled sharply upward. The camera stays very close so the force of the opening is clearly felt. End immediately on this dramatic upward pull moment. No text, no logos, no subtitles, no extra people. The entire video must feel realistic, high-adrenaline, elegant, and visually continuous."
renoise-2068522106791526680,Create a high-end 4:3 tailoring pitch deck storyboard in 3x4 grid (12 frames)…,,真人,现实向,时尚写真,,en,Seedance 2.0,,,renoise-ai/awesome-seedance-prompts,https://github.com/renoise-ai/awesome-seedance-prompts/blob/904b6caffa21c2b114bb93e1bd0e37ba80b3dd10/data/prompts/2068522106791526680.json,CC-BY-4.0,𝐌,https://x.com/Strength04_X/status/2068522106791526680,True,prompts/真人/现实向/时尚写真/renoise-2068522106791526680--Create-a-high-end-4-3-tailoring-pitch-de.md,"Create a high-end 4:3 tailoring pitch deck storyboard in 3x4 grid (12 frames), editorial layout, Loro Piana/Brioni style, deep navy + raw ecru palette. Structured flow: inspiration → cloth → craft → silhouette → identity closure. Each frame split: top cinematic image (no text) + bottom storyboard notes. Old-world European atelier aesthetic, masculine precision, silent mastery mood. A hand-cut lapel is the emotional center throughout."
renoise-2068523114384761006,"Young female travel vlogger exploring Santorini, Greece, beautiful with long…",,真人,现实向,生活与vlog,,en,Seedance 2.0,,,renoise-ai/awesome-seedance-prompts,https://github.com/renoise-ai/awesome-seedance-prompts/blob/904b6caffa21c2b114bb93e1bd0e37ba80b3dd10/data/prompts/2068523114384761006.json,CC-BY-4.0,Zara,https://x.com/ZaraIrahh/status/2068523114384761006,True,prompts/真人/现实向/生活与vlog/renoise-2068523114384761006--Young-female-travel-vlogger-exploring-Sa.md,"Young female travel vlogger exploring Santorini, Greece, beautiful with long wavy sunlit hair, wearing fashionable Mediterranean summer outfits, carefree adventurous personality, authentic handheld iPhone travel vlog aesthetic, natural imperfections, cinematic yet realistic social media storytelling.

Scene 1 (0-4s): Selfie video riding an ATV along a cliffside road overlooking the Aegean Sea, wind blowing through hair, excited smile, handheld camera shake.

Scene 2 (4-8s): Walking through narrow whitewashed alleyways, turning corners and discovering hidden views, candid laughter, natural sunlight bouncing off white walls.

Scene 3 (8-12s): Outdoor café breakfast, taking a bite while checking the view, messy table, coffee cup, authentic travel moment.

Scene 4 (12-16s): Running up iconic Santorini stairs near blue-domed churches, slight lens flare, spontaneous and energetic movement.

Scene 5 (16-20s): Standing on a cliff edge overlooking the caldera, filming herself with ocean stretching endlessly behind, wind blur and natural camera movement.

Scene 6 (20-24s): Golden-hour walk through crowded Oia streets, locals and tourists passing, candid smiles, vibrant travel atmosphere.

Scene 7 (24-27s): Dancing carefree at a seaside taverna during sunset, motion blur, joyful vacation energy.

Final Scene (27-30s): Sitting by the harbor at sunset, laughing as a friendly cat jumps onto her lap unexpectedly, warm golden light, genuine reaction, imperfect handheld capture.

Ultra-realistic travel vlog, smartphone camera quality, natural ambient sound atmosphere, handheld framing, subtle motion blur, sun glare, realistic skin textures, authentic vacation storytelling, social media reel aesthetic, no studio polish, no cinematic overproduction, candid human moments, vibrant Mediterranean summer mood."
renoise-2068526161487892805,Create an ultra-dynamic anime cinematic football (soccer) video featuring Skye…,,漫剧,现实向,剧情短片,2D日漫,en,Seedance 2.0,link-only,copyrighted-character,renoise-ai/awesome-seedance-prompts,https://github.com/renoise-ai/awesome-seedance-prompts/blob/904b6caffa21c2b114bb93e1bd0e37ba80b3dd10/data/prompts/2068526161487892805.json,CC-BY-4.0,Ivanna | AI Art & Prompts,https://x.com/ivanka_humeniuk/status/2068526161487892805,True,prompts/漫剧/现实向/剧情短片/renoise-2068526161487892805--Create-an-ultra-dynamic-anime-cinematic.md,
renoise-2068530026958496125,SAKURA: kawaii cyberpunk samurai per @Image1 Consistency locks: platinum-white…,,其他,,广告带货,,en,Seedance 2.0,,,renoise-ai/awesome-seedance-prompts,https://github.com/renoise-ai/awesome-seedance-prompts/blob/904b6caffa21c2b114bb93e1bd0e37ba80b3dd10/data/prompts/2068530026958496125.json,CC-BY-4.0,Glitter Gal,https://x.com/GlitterPixely/status/2068530026958496125,True,prompts/其他/广告带货/renoise-2068530026958496125--SAKURA-kawaii-cyberpunk-samurai-per-Imag.md,"SAKURA: kawaii cyberpunk samurai per @Image1 Consistency locks: platinum-white side streak over left forehead in raven-black bob; red steampunk goggles pushed up on head, never over eyes; pink headphones around neck, never on head; pink fabric mask covers nose and mouth; pink-bladed primary katana; second katana sheathed at left hip.

CARD: turn @image2 into a floating cyan-pink holographic glass card. Preserve the original announcement layout, CapCut logo, Glitter Gal name, and readable Creative Partner text. Do not replace it with random text.

SETTING: cyberpunk digital void, black-to-magenta gradient, cyan holographic grid floor fading into pink mist, drifting cherry blossom petals, floating cyan/pink Japanese UI words 創れ / 咲け / 輝け, meaning Create / Bloom / Shine. Vertical pink light-rain streaks.

FORMAT: 16:9, 15 seconds, painterly stylized 3D cel-shaded, kawaii cyberpunk Tokyo-neon aesthetic, hot-pink/cyan/black/magenta palette.

——— SHOT SCRIPT ———

[00:00–00:02] Shot 1 — Holographic Card Wake-Up
Wide locked hero shot. The CapCut Creative Partner card floats center-left as a translucent holographic glass plaque, readable. Sakura stands center-right, katana lowered, petals drifting. Cyan grid reflections ripple under both.

[00:02–00:04] Shot 2 — Snap Punch-In
Snap zoom to MCU on Sakura’s masked face. Pink eyes flick up into lens. RGB split flicker on the punch frame. Platinum streak catches cyan rim light. A holographic 桜 stamp flashes across her cheek and dissolves.

[00:04–00:06] Shot 3 — Over-Shoulder Card Lock
Over-the-shoulder from behind Sakura. The holographic CapCut card hovers ahead, pulsing brighter. Sakura raises the pink katana slightly; cyan target reticle locks around the card edges.

[00:06–00:08.5] Shot 4 — Petal Dash
Sakura atomizes feet-upward into cherry blossom petals and pink holographic particles. The petal cloud streaks across the card face without covering the readable text, leaving a clean arcing pink light trail.

[00:08.5–00:10.5] Shot 5 — Low-Angle Reform

Low-angle shot. The petal cloud condenses into Sakura landing in a low iaido crouch beside the holographic card. Pink sash settles, grid floor flares outward.

[00:10.5–00:13] Shot 6 — Create Bloom Shine Slice
Sakura draws the katana halfway with a saya click. The glowing Japanese UI words 創れ / 咲け / 輝け float in front of her like holographic targets. She slices through them with one clean pink blade arc; the words split into cherry blossom petals, cyan pixels, and glittering light fragments around the CapCut card. The card remains intact and readable.

[00:13–00:15] Shot 7 — Final Hero Hold
Wide hero frame. Sakura holds a low ready stance beside the glowing holographic CapCut card. The sliced Japanese word fragments drift down as petals and sparkles, pink light-rain streaks behind her. Final image feels like a kawaii cyberpunk announcement poster.

——— AUDIO ———
SE: glassy holographic UI chimes on card reveal; sharp synth transient and kawaii bell on punch-in; deep sub-bass whoosh, petal flutter, and electric crackle on teleport; soft impact and saya click on reform; sharp katana slice and glittering digital shatter when she cuts the Japanese UI words; bright digital sparkle on final hold.

BGM: Japanese trap beat, hard 808 sub-bass, tight rolling hi-hats, crisp snare rolls, shamisen plucks, cyberpunk synth bass, kawaii bell melody, taiko-style impact hits. Beat drop lands on the word slice at 00:10.5. No vocals, no copyrighted melody."
renoise-2068539258777055479,@ Image1 (character identity: long crimson hair single katana sheathed at hip…,,真人,特效向,动作大片,,en,Seedance 2.0,link-only,copyrighted-character,renoise-ai/awesome-seedance-prompts,https://github.com/renoise-ai/awesome-seedance-prompts/blob/904b6caffa21c2b114bb93e1bd0e37ba80b3dd10/data/prompts/2068539258777055479.json,CC-BY-4.0,Cia0,https://x.com/Cia0_exe/status/2068539258777055479,True,prompts/真人/特效向/动作大片/renoise-2068539258777055479--Image1-character-identity-long-crimson-h.md,
renoise-2068550352300027931,30秒垂直短劇，16:9，電影感，電影級光影，高級總裁風，超現實質感。,,真人,现实向,剧情短片,,en,Seedance 2.0,,,renoise-ai/awesome-seedance-prompts,https://github.com/renoise-ai/awesome-seedance-prompts/blob/904b6caffa21c2b114bb93e1bd0e37ba80b3dd10/data/prompts/2068550352300027931.json,CC-BY-4.0,The Anxious Mind,https://x.com/drjoetw/status/2068550352300027931,True,"prompts/真人/现实向/剧情短片/renoise-2068550352300027931--30秒垂直短劇,16-9,電影感,電影級光影,高級總裁風,超現實質感.md",30秒垂直短劇，16:9，電影感，電影級光影，高級總裁風，超現實質感。
renoise-2068552582352736268,14秒，真人实拍，手机随手拍真实质感，9:16竖屏，文艺居家暖调ins风穿搭技巧教学。全程固定机位（手机架着不动），文艺书房固定背景（米白墙、木质书架满书、暖光…,,真人,现实向,时尚写真,,zh,Seedance 2.0,,,renoise-ai/awesome-seedance-prompts,https://github.com/renoise-ai/awesome-seedance-prompts/blob/904b6caffa21c2b114bb93e1bd0e37ba80b3dd10/data/prompts/2068552582352736268.json,CC-BY-4.0,MapleShaw,https://x.com/msjiaozhu/status/2068552582352736268,True,"prompts/真人/现实向/时尚写真/renoise-2068552582352736268--14秒,真人实拍,手机随手拍真实质感,9-16竖屏,文艺居家暖调ins风穿搭技巧.md","14秒，真人实拍，手机随手拍真实质感，9:16竖屏，文艺居家暖调ins风穿搭技巧教学。全程固定机位（手机架着不动），文艺书房固定背景（米白墙、木质书架满书、暖光台灯、复古地毯），白天自然光+暖光台灯柔和无硬阴影。人物高挑纤细做穿搭技巧前后对比演示，动作清晰可辨，随【活泼欢快、节奏感强的抖音热门卡点BGM】节奏。全程real-time实时1倍速正常节奏，严禁升格慢放。⭐抖音换装视频质感(关键)：整体画面柔和、降低锐度、不要高清锐利，带短视频平台二次压缩的轻微模糊与画质损失、轻微运动模糊拖影、自动曝光白平衡自然漂移，适度美颜柔肤但保留真实皮肤光泽与轻微噪点（不要塑料感/过度精修/电影级超清），偏柔略带'糊'的生活感像手机拍完直发抖音。⭐表情自然生动：眼神灵动会眨眼、嘴角细微变化、神态随动作真实流动，绝不僵硬假笑面瘫。（字幕后期叠加，本段不生成文字） 0-3秒【普通效果】：东亚长卷发女生穿黑色短袖T（下摆自然垂在裙外）+花短裙+尖头高跟，固定机位全身，站定双手摊开展示""随便穿""的普通效果，腰线被盖住显得普通； 3-6秒【技巧一·塞衣角】：女生当镜把T恤下摆塞进高腰裙、整理出腰线，动作清晰，塞好后侧身对比、低头看一眼再抬头挑眉，腰臀比与身高比例明显提升，露出""是不是不一样了""的得意表情； 6-9秒【技巧二·侧身+尖头鞋】：女生转成侧身45度站姿、脚尖前点露出尖头鞋，单手叉腰，固定机位全身，演示侧身角度+尖头鞋拉长腿部线条的显高效果，从正面切到侧面对比； 9-12秒【整体成果】：女生回正缓慢转身一圈，展示运用全部技巧后的整体显高显瘦成果，姿态自信从容，得体衬托身形； 12-14秒【收尾】：女生正面走近镜头景别变近，对镜头比""OK""手势/眨眼示意""学会了吗""，俏皮抬手挡镜头收尾，音乐收束，固定机位背景不变。 禁止：任何文字、字幕、LOGO或水印（要点字幕后期手动叠加）。"
renoise-2068552783687524428,Cinematic short film. Subject: A 27-year-old extremely handsome athletic…,,真人,现实向,运动,,en,Seedance 2.0,,,renoise-ai/awesome-seedance-prompts,https://github.com/renoise-ai/awesome-seedance-prompts/blob/904b6caffa21c2b114bb93e1bd0e37ba80b3dd10/data/prompts/2068552783687524428.json,CC-BY-4.0,𝐌,https://x.com/Strength04_X/status/2068552783687524428,True,prompts/真人/现实向/运动/renoise-2068552783687524428--Cinematic-short-film.-Subject-A-27-year.md,"Cinematic short film. Subject: A 27-year-old extremely handsome athletic professional free diver. Sharp defined features, calm haunting eyes, dark wet hair slicked back, lean powerfully streamlined build. Wearing minimal fitted black freediving wetsuit, long monofin, mask pushed up on forehead.
→ SHOT 1 — Extremely low underwater tracking shot. He is already descending at full speed down a vertical dive line into the deep blue. After a violent equalization push against the pressure, he barely steadies his descent before continuing downward without hesitation.
→ SHOT 2 — Whip pan transition into an impossibly deep freefall sequence. Continuous bubbles trail upward past the frame while the camera struggles to keep pace with his silent descent into darkness.
→ SHOT 3 — Wide moving shot across the open blue water column. Multiple depth markers pass by in rapid succession with almost no visible effort. Camera operator barely maintains position against the current.
→ SHOT 4 — Compressed long-lens shot capturing the deep turnaround at maximum depth in slow motion. Extreme stillness in complete darkness, body completely calm despite crushing pressure, nearly running out of margin before beginning the ascent at the final second.
→ SHOT 5 — Ultra-low circular tracking shot around an extended ascent sequence. Constant powerful monofin kicks push his speed upward to the absolute limit, yet his face remains calmly closed-eyed mid-ascent without panic.
→ SHOT 6 — Final shot. He breaks the surface at full speed gasping for the first breath. Water explodes around him in the sunlight. He slowly raises one hand in the official recovery signal. Locks into a completely still final pose floating on the surface. The sound cuts instantly. Camera freezes on his completely calm and exhausted face. Fade.
Style: Ultra-realistic cinematic ocean sports documentary combined with premium freediving advertising energy. Deep cold blue tones, shafts of sunlight through water, vast underwater compositions. Real human calm under extreme pressure."
renoise-2068557480737559035,Ultra-photorealistic vertical 9:16 candid live sports broadcast still shot…,,真人,现实向,运动,,en,Seedance 2.0,,,renoise-ai/awesome-seedance-prompts,https://github.com/renoise-ai/awesome-seedance-prompts/blob/904b6caffa21c2b114bb93e1bd0e37ba80b3dd10/data/prompts/2068557480737559035.json,CC-BY-4.0,Isabella,https://x.com/IsabellaHan_/status/2068557480737559035,True,prompts/真人/现实向/运动/renoise-2068557480737559035--Ultra-photorealistic-vertical-9-16-candi.md,"Ultra-photorealistic vertical 9:16 candid live sports broadcast still shot inside a packed football stadium during a major tournament. A young attractive female fan wearing a red Portugal national team jersey with the number 4 visible, sitting in the crowd. She has long dark brown hair with loose strands, a small Portugal flag decal on her cheek, natural skin texture with subtle imperfections, and a focused, slightly pensive expression as she looks toward the field. She is wearing gold hoop earrings, a delicate necklace, and beaded bracelets. The background is a soft-focus (bokeh) view of a crowded stadium, filled with other fans in green and red attire, captured with a professional broadcast telephoto lens to create depth compression."
renoise-2068560571176227185,SUNDAY OUTING — BEACH VOLLEYBALL DAY,,真人,现实向,运动,,en,Seedance 2.0,,,renoise-ai/awesome-seedance-prompts,https://github.com/renoise-ai/awesome-seedance-prompts/blob/904b6caffa21c2b114bb93e1bd0e37ba80b3dd10/data/prompts/2068560571176227185.json,CC-BY-4.0,Synthia,https://x.com/AIwithSynthia/status/2068560571176227185,True,prompts/真人/现实向/运动/renoise-2068560571176227185--SUNDAY-OUTING-—-BEACH-VOLLEYBALL-DAY.md,"SUNDAY OUTING — BEACH VOLLEYBALL DAY

Layout: Professional 16:9 cinematic storyboard poster, 12 panels, premium travel commercial design, realistic live-action photography style, vibrant summer atmosphere, clean advertising presentation, cinematic visual storytelling.

HEADER

SUNDAY OUTING — BEACH VOLLEYBALL DAY

STYLE: Realistic Cinematic Travel Commercial

THEME: Friendship • Beach Adventure • Sports • Summer Fun

DURATION: 40 Seconds

MOOD: Excited → Energetic → Joyful → Heartwarming

FORMAT: Premium Lifestyle Storyboard

ACT 1 — THE PERFECT SUNDAY

1. GETTING READY

Bright Sunday morning inside a modern apartment. Four stylish young women packing beach bags, volleyball, sunglasses, sunscreen, snacks, and towels. Warm sunlight streaming through large windows. Excitement and laughter.

2. ROAD TRIP VIBES

Girls driving along a scenic coastal road with music playing. Hair flowing in the wind. Everyone singing and laughing. Ocean visible beside the highway.

3. BEACH ARRIVAL

Wide cinematic reveal of a beautiful tropical beach with crystal-clear blue water, golden sand, and palm trees. Friends walking toward the beach carrying volleyball equipment.

4. SPLASH OF FUN

The girls run into the shallow waves. Water splashes everywhere. Genuine laughter and carefree summer energy.

ACT 2 — BEACH VOLLEYBALL ACTION

5. GAME SETUP

Friends assembling a volleyball net on the sand. Team discussions, playful competition, and excitement before the game.

6. WARM-UP SESSION

Passing the volleyball, stretching, practicing serves, and preparing for the match. Athletic movements and energetic expressions.

7. THE MATCH BEGINS

Fast-paced beach volleyball game. Dynamic rallies, diving saves, jumping blocks, and intense teamwork. Sand flying through the air.

8. EPIC SPIKE

One player leaps high above the net and delivers a powerful spike. Dramatic sports-commercial moment frozen in action.

ACT 3 — MEMORIES OF THE DAY

9. CELEBRATION

Friends cheering, high-fiving, hugging, and laughing after an exciting point. Pure happiness and friendship.

10. BEACH PICNIC

Relaxing on a beach blanket. Fresh fruit, coconut water, snacks, and conversations. Ocean waves rolling gently nearby.

11. SUNSET MOMENT

Golden sunset over the ocean horizon. The girls sitting together watching the sun set. Peaceful and emotional atmosphere.

12. PERFECT ENDING

Group selfie with the beach, volleyball, and sunset in the background. Big smiles, laughter, and unforgettable memories.

CHARACTER PANEL

THE FRIENDS

Energetic
Athletic
Stylish
Cheerful
Supportive
Adventurous

VISUAL NOTES

Realistic live-action photography
Premium travel commercial aesthetics
Golden-hour beach lighting
Vibrant summer colors
Natural emotions and expressions
Dynamic sports action
Drone aerial beach shots
Lifestyle advertisement quality
Cinematic depth of field
Ultra-detailed beach environment
Professional storytelling layout
High-end tourism campaign styling

FINAL AD FRAME

Golden sunset beach backdrop, volleyball resting in the sand, the four friends standing together smiling toward the camera, ocean waves glowing in the background, warm cinematic lighting, premium commercial composition.

TAGLINE

“GOOD FRIENDS. GREAT VIBES. UNFORGETTABLE SUNDAYS.” ☀️🏐🌊✨

Style Keywords: realistic photography, travel commercial, beach lifestyle campaign, friendship, summer vacation, volleyball action, golden hour, cinematic storytelling, ultra-detailed, premium advertising poster, 16:9 storyboard layout, 12 cinematic panels."
renoise-2068562113480810776,Create a 15-second cinematic FIFA World Cup 2026 sports-comedy commercial…,,其他,,广告带货,,en,Seedance 2.0,link-only,brand-ad,renoise-ai/awesome-seedance-prompts,https://github.com/renoise-ai/awesome-seedance-prompts/blob/904b6caffa21c2b114bb93e1bd0e37ba80b3dd10/data/prompts/2068562113480810776.json,CC-BY-4.0,Sharon Riley,https://x.com/Just_sharon7/status/2068562113480810776,True,prompts/其他/广告带货/renoise-2068562113480810776--Create-a-15-second-cinematic-FIFA-World.md,
renoise-2068570101146935573,"Cinematic 15-second ultra-realistic film, a masterwork, highest quality, 8K…",,真人,特效向,奇幻怪兽,,en,Seedance 2.0,,,renoise-ai/awesome-seedance-prompts,https://github.com/renoise-ai/awesome-seedance-prompts/blob/904b6caffa21c2b114bb93e1bd0e37ba80b3dd10/data/prompts/2068570101146935573.json,CC-BY-4.0,Good FortuneX,https://x.com/pound75423/status/2068570101146935573,True,prompts/真人/特效向/奇幻怪兽/renoise-2068570101146935573--Cinematic-15-second-ultra-realistic-film.md,"Cinematic 15-second ultra-realistic film, a masterwork, highest quality, 8K resolution.

Precisely reference the provided image: a Korean warrior with a sharp, murderous gaze, battle scars across his face, a traditional topknot secured with an ornate metallic hairpin, wearing a flowing black royal dragon robe adorned with intricate golden patterns.

Scene Sequence:

0–3 seconds:
At dusk, a dramatic wide-angle shot reveals the warrior standing powerfully on the edge of a steep cliff. Strong winds violently whip his robe and hair. He grips a long-handled traditional Korean sword with both hands, pointing it straight ahead. His eyes remain closed, his expression focused and composed. A dense, oppressive black aura—resembling heavy swirling ink smoke with subtle deep-purple undertones and faint black particle sparks—slowly rises from within his body and intensely converges onto the blade.
3–8 seconds:
The camera slowly circles around the warrior by 180 degrees. The black aura grows increasingly dense, completely enveloping the violently trembling blade. Suddenly, he opens his eyes. His gaze is razor-sharp and deadly.

8–12 seconds:
An extremely slow-motion sequence (0.4× speed) captures a powerful diagonal slash. A gigantic crescent-shaped black energy blade erupts from the sword, dragging thick rotating black smoke, dark particles, and shadow-energy fractures behind it as it rapidly crosses the vast canyon.
12–15 seconds:
The black energy slash violently impacts the opposite cliff, causing catastrophic realistic destruction—rocks shatter, debris explodes outward, massive black dust clouds billow into the air, and enormous boulders collapse with realistic physics simulation. The final shot cuts back to the warrior. He remains in his finishing stance, then slowly lowers his sword while coldly staring at the completely devastated cliff across the valley.

Visual Style & Effects:
Volumetric fog, emotional cinematic rim lighting, dark-toned color grading, highly detailed fabric textures, realistic metallic blade reflections, dynamic wind simulation, epic atmosphere of overwhelming pressure, ultra-realistic physics, cinematic depth, photorealistic environmental destruction, dramatic scale, premium VFX quality, masterpiece composition, ultra-detailed realism, film-quality rendering."
renoise-2068576256149614611,Ref: @image1 main character + @image2,,漫剧,特效向,战斗大招,3D卡通,en,Seedance 2.0,,,renoise-ai/awesome-seedance-prompts,https://github.com/renoise-ai/awesome-seedance-prompts/blob/904b6caffa21c2b114bb93e1bd0e37ba80b3dd10/data/prompts/2068576256149614611.json,CC-BY-4.0,Cia0,https://x.com/Cia0_exe/status/2068576256149614611,True,prompts/漫剧/特效向/战斗大招/renoise-2068576256149614611--Ref-image1-main-character-image2.md,"Ref: @image1 main character + @image2
Arcane animation style, painterly bold linework, teal-and-red color clash, dramatic stylized lighting. Dark flooded ruin, mist, debris and water splashing on every impact. Brutal combat, hard cuts, aggressive industrial score, arcane energy bursts on every strike.
Wide shot — Tifa strides in, gauntlets glowing cyan, horde approaching.
Close shot — she punches the lead enemy's mask, arcane shockwave shatters it, sends it flying.
Side angle — flurry of punches + uppercut caves in a second enemy's torso, sparks scatter.
Wide dynamic shot — surrounded by three enemies, she spins through with elbow/knee/gauntlet strikes, each erupting in arcane shock-rings.
Close-up — fist ignites brighter, drives into an armored enemy's core, massive arcane explosion blasts it apart.
Wide low angle — remaining horde charges, she unleashes a continuous storm of strikes, enemies disintegrating in sequence.
Slow-motion close — catches the final enemy's weapon strike, crushes its arm, finishes with one devastating punch through its core.
Wide hero shot — Tifa stands alone in the wreckage, fist still glowing, debris settling, freeze-frame, fade to black.
16:9, cinematic Arcane style, 24fps, 15s total."
renoise-2068609085617078765,Create a 15-second cinematic fantasy animation set inside a glowing magical…,,漫剧,特效向,奇幻冒险,3D卡通,en,Seedance 2.0,,,renoise-ai/awesome-seedance-prompts,https://github.com/renoise-ai/awesome-seedance-prompts/blob/904b6caffa21c2b114bb93e1bd0e37ba80b3dd10/data/prompts/2068609085617078765.json,CC-BY-4.0,Jessica Collins,https://x.com/AIwithJessica/status/2068609085617078765,True,prompts/漫剧/特效向/奇幻冒险/renoise-2068609085617078765--Create-a-15-second-cinematic-fantasy-ani.md,"Create a 15-second cinematic fantasy animation set inside a glowing magical arena filled with original soft jelly-like cartoon beings (round, simple expressive faces) and friendly monster creatures. The scene is comedic, energetic, and fast-paced with broadcast-style camera cuts and magical visual effects. The story is told as a sequence of timed action moments with clear visual progression.

At 0.0s–1.5s, wide establishing shot of a glowing arena where both groups of creatures gather as energy builds in the environment. Commentary: “A new challenge begins in the glowing arena!”

At 1.5s–3.0s, fast movement begins as one group advances through open space while others react and reposition. Commentary: “Movement starts building across the field!”

At 3.0s–4.5s, central area becomes chaotic as multiple creatures interact, block, and compete for a glowing energy object. Commentary: “Chaos forms in the center!”

At 4.5s–6.0s, a glowing object is launched high into the air with a curved magical trajectory. Commentary: “The energy object rises into the sky!”

At 6.0s–7.5s, a main hero character breaks through the crowd of creatures and moves into position beneath the falling object. Commentary: “One hero breaks through!”

At 7.5s–10.0s, slow-motion sequence shows the hero performing a dramatic aerial spinning strike in mid-air, connecting with the glowing object. Particle effects, energy bursts, and glowing trails emphasize impact. Commentary: “A powerful mid-air strike!”

At 10.0s–11.5s, a large guardian creature reacts and attempts to intercept but misses by a small margin. Commentary: “The defender reacts too late!”

At 11.5s–13.0s, the glowing object impacts a target point with a bright explosion of light and energy ripple across the arena. Commentary: “Impact! Energy release!”

At 13.0s–15.0s, all creatures gather in a joyful celebration, running and jumping together across the glowing arena in chaotic happiness. Commentary: “Victory energy fills the arena!”

Audio: immersive fantasy arena ambience, excited creature vocal reactions (non-verbal), impact bursts, magical energy sounds, and dynamic cinematic broadcast-style narration.

Negative prompt: copyrighted character resemblance, sports simulation language, real-world references, team structure, goal/score terminology, identity drift, realism-based physics, drone shots, heavy blur, replay effects, or over-detailed sports framing."
renoise-2068610221187174447,"15 Second Cinematic Ad Prompt: ""Unlock Your Beast""",,其他,,广告带货,,en,Seedance 2.0,,,renoise-ai/awesome-seedance-prompts,https://github.com/renoise-ai/awesome-seedance-prompts/blob/904b6caffa21c2b114bb93e1bd0e37ba80b3dd10/data/prompts/2068610221187174447.json,CC-BY-4.0,Harboris,https://x.com/harboriis/status/2068610221187174447,True,prompts/其他/广告带货/renoise-2068610221187174447--15-Second-Cinematic-Ad-Prompt-Unlock-You.md,"15 Second Cinematic Ad Prompt: ""Unlock Your Beast""

Create a premium 15-second cinematic commercial featuring the uploaded Rush Energy can exactly as provided. Preserve every branding detail, typography, colors, matte black finish, water droplets, metallic reflections, and realistic aluminum texture.

Use the uploaded young man's image as the face reference, preserving his exact identity, facial structure, hairstyle, skin tone, and proportions. He wears a oversized purple t-shirts , black loose pant, and black sneakers with subtle red details.

Style

Ultra realistic, luxury beverage commercial, Hollywood quality, 8K HDR, photorealistic, dramatic lighting, cinematic color grading, premium VFX, high contrast, volumetric lighting, realistic physics, shallow depth of field, glossy reflections.

Background

A massive abandoned warehouse transformed into a futuristic training arena with black concrete walls, glowing red LED strips, floating sparks, drifting smoke, wet reflective floor, industrial pipes, and dramatic spotlights.

Music

Epic cinematic hybrid with electronic trap, deep bass, orchestral strings, powerful drums, aggressive risers, cinematic impacts, and energetic synths.

Scene 1 (0 to 3 sec)

The warehouse is silent.

The young man walks alone through the dark space.

Every footstep echoes.

Red lights begin switching on one by one as he walks.

The camera follows from behind with a slow cinematic tracking shot.

A cold mist rolls across the floor.

Text appears:

""Power Doesn't Wait.""

Scene 2 (3 to 5 sec)

A spotlight reveals the chilled Rush Energy can resting on a floating illuminated platform.

The camera rapidly pushes toward it.

Extreme macro shots showcase the icy condensation, metallic reflections, and premium packaging.

The can slowly levitates while rotating.

Electric red particles orbit around it.

Scene 3 (5 to 8 sec)

The young man catches the floating can.

Slow motion.

He opens it.

A burst of sparkling carbonation explodes outward.

The entire warehouse lights up with red energy waves.

The beat drops.

The camera spins around him in 360 degrees.

Scene 4 (8 to 12 sec)

After taking one sip, the environment transforms.

The warehouse becomes a futuristic neon city.

He sprints across rooftops, jumps over obstacles, performs parkour, and lands confidently.

Everything feels fast, energetic, and powerful.

Red light trails follow every movement.

Text appears:

""Awaken Your Power.""

Scene 5 (12 to 15 sec)

The camera rises above the futuristic city.

The young man stands on the edge of a rooftop overlooking the glowing skyline.

He holds the Rush Energy can toward the camera.

Cut to a premium hero shot of the can floating above the city with dramatic red lighting and cinematic smoke.

Final text:

RUSH ENERGY

UNLOCK YOUR BEAST

Voiceover

""Every challenge begins with one choice. Rush Energy. Unlock Your Beast.""

Camera

ARRI Alexa 65, anamorphic lenses, smooth FPV drone shots, macro product cinematography, 120fps slow motion, dynamic orbit shots, cinematic crane movements, premium commercial framing, ultra realistic lighting, flawless reflections, Hollywood beverage advertisement quality."
renoise-2068611368350343275,Use the uploaded real woman as the main character. Preserve her exact facial…,,其他,,广告带货,,en,Seedance 2.0,,,renoise-ai/awesome-seedance-prompts,https://github.com/renoise-ai/awesome-seedance-prompts/blob/904b6caffa21c2b114bb93e1bd0e37ba80b3dd10/data/prompts/2068611368350343275.json,CC-BY-4.0,Anissa,https://x.com/SimplyAnnisa/status/2068611368350343275,True,prompts/其他/广告带货/renoise-2068611368350343275--Use-the-uploaded-real-woman-as-the-main.md,"Use the uploaded real woman as the main character. Preserve her exact facial features, hairstyle, skin tone, eyes, lips, and identity consistently throughout the entire video. Convert her into a premium Pixar-style 3D character while maintaining resemblance to the reference woman. Scene 1 (0-3 sec): A beautiful woman sits at a luxury white marble vanity table in front of a large golden oval mirror. On the table is a transparent glass bowl filled with cold water and ice cubes. She gently lowers her face into the ice-water bowl for a refreshing facial dip, then lifts her face back up. Soft luxury bedroom background, elegant lighting. Scene 2 (3-6 sec): She picks up a cosmetic brush and applies a smooth green facial mask evenly across her forehead, cheeks, nose, and chin while looking at herself in the mirror. Natural hand movement, realistic application. Scene 3 (6-9 sec): She carefully unfolds and places a white sheet mask over her face. The mask fits perfectly and naturally to every facial contour. Smooth transition showing relaxation. Scene 4 (9-11 sec): While the mask works, she happily drinks a glass of chocolate milk or juice through a straw, enjoying a relaxing skincare moment in front of the mirror. Scene 5 (11-13 sec): The sheet mask is removed. Her skin looks refreshed. She applies glowing facial serum using a glass dropper, placing serum drops on her forehead, cheeks, and chin. Scene 6 (13-15 sec): She applies a rich white moisturizer cream and gently massages it into her skin until fully absorbed. Final beauty reveal: glowing, smooth, healthy skin. She smiles confidently at the mirror and lightly touches her face, showing satisfaction with the result. Style: Ultra-detailed Pixar-style 3D animation, luxury skincare commercial, cinematic lighting, premium beauty advertisement, realistic skin texture, elegant vanity setup, soft depth of field, smooth character animation, accurate mirror reflections, highly detailed facial expressions, vertical 9:16 format, consistent character throughout all scenes, high quality, professional skincare commercial."
renoise-2068612725912252690,"Ancient Roman emperor walking through a crowded marketplace, cinematic…",,真人,现实向,剧情短片,,en,Seedance 2.0,,,renoise-ai/awesome-seedance-prompts,https://github.com/renoise-ai/awesome-seedance-prompts/blob/904b6caffa21c2b114bb93e1bd0e37ba80b3dd10/data/prompts/2068612725912252690.json,CC-BY-4.0,Pradeep Pandey,https://x.com/Div_pradeep/status/2068612725912252690,True,prompts/真人/现实向/剧情短片/renoise-2068612725912252690--Ancient-Roman-emperor-walking-through-a.md,"Ancient Roman emperor walking through a crowded marketplace, cinematic lighting, realistic crowd movement, dramatic camera tracking shot."
renoise-2068637008034144643,Create a high-intensity vertical cinematic anime battle in a rain-soaked…,,漫剧,特效向,战斗大招,2D日漫,en,Seedance 2.0,,,renoise-ai/awesome-seedance-prompts,https://github.com/renoise-ai/awesome-seedance-prompts/blob/904b6caffa21c2b114bb93e1bd0e37ba80b3dd10/data/prompts/2068637008034144643.json,CC-BY-4.0,Nexora,https://x.com/frametheory058/status/2068637008034144643,True,prompts/漫剧/特效向/战斗大招/renoise-2068637008034144643--Create-a-high-intensity-vertical-cinemat.md,"Create a high-intensity vertical cinematic anime battle in a rain-soaked ancient temple courtyard at night.
0-2s: Extreme wide vertical shot, slow push-in. A black-clad warrior with long black hair and a white-clad warrior with silver hair face off. Heavy rain falls, wind howling, distant thunder echoes.
2-4s: Close-up vertical dolly-in on the black-clad warrior tightening his grip on his katana, fabric rustling.
4-6s: Close-up vertical dolly-in on the white-clad warrior's cold eyes as his sword slowly unsheathes with a sharp metallic ring.
6-10s: Dynamic tracking orbit shot. They charge and clash vertically in the center; bright orange friction sparks fly, splitting the raindrops.
10-13s: Low-angle tilt-up following the black-clad warrior leaping high into the air, slashing his blade downward with a loud battle shout.
13-15s: Wide vertical shot, slow pull back. The white-clad warrior parries the downward strike, countering fiercely and forcing him back as wind gusts whip around them.
Style: Cinematic anime style, dramatic moonlit backlighting, fiery weapon glow, and crisp puddle reflections. Sound of torrential rain, violent metal clashes, crackling electricity, and heavy wind. 4K Ultra HD, rich details, sharp clarity, cinematic texture, stable picture. Maintain face and clothing consistency, no distortion, high detail. Generate video without subtitles."
renoise-2068644801701134651,Use [@image1] as the identity reference for ZarOon. Maintain exact facial…,,真人,现实向,运动,,en,Seedance 2.0,,,renoise-ai/awesome-seedance-prompts,https://github.com/renoise-ai/awesome-seedance-prompts/blob/904b6caffa21c2b114bb93e1bd0e37ba80b3dd10/data/prompts/2068644801701134651.json,CC-BY-4.0,Zar⭕on,https://x.com/Xaroon_x/status/2068644801701134651,True,prompts/真人/现实向/运动/renoise-2068644801701134651--Use-image1-as-the-identity-reference-for.md,"Use [@image1] as the identity reference for ZarOon. Maintain exact facial structure, hairstyle, body proportions, skin tone, and Argentina jersey details throughout.

Hyper-realistic live football broadcast footage, authentic sports television coverage aesthetic, documentary realism, raw unfiltered match footage, 24fps, 180° shutter, no stylization, no cinematic effects, no slow motion, no replay look.

Single continuous 10-second shot, no cuts Night match inside a packed sold-out stadium under intense white floodlights. Fixed high sideline television broadcast camera positioned in the stands. Authentic live match coverage with controlled pan, tilt, and slight zoom while tracking play. Stable operator-controlled movement with subtle real broadcast corrections only.

Argentina players in blue-white kits from reference  [@image2] retreat defensively while France players in all-blue kits from reference  [@image3] launch a rapid counterattack. Quick one-touch passing through midfield into the attacking third. Realistic body contact, players fighting for position, natural ball physics. A fast cross is driven into the penalty area, creating a crowded scramble. The loose ball reaches ZarOon. Camera smoothly tightens into a live sideline tracking angle while keeping ZarOon visible between defenders. ZarOon immediately strikes first-time. At ball contact, camera pans right with realistic broadcast operator reaction and slight handheld sports-camera imperfection. Ball rockets toward goal. Goalkeeper dives full stretch but narrowly misses. Camera follows the ball into the net as it snaps sharply.

Crowd erupts instantly. Camera swings back to ZarOon as he sprints toward the sideline and drops into a powerful knee-slide across the wet grass, moisture and turf spraying outward. He rises immediately into a dynamic leap celebration, one knee raised, right arm pumping downward in triumph. As he lands, he briefly cups his right hand behind his ear toward the crowd before teammates [@image4] and [@image4] rush in and collide with him in celebration.
Audio only: crowd eruption, player shouts, boot impacts, ball strike, net snap, grass slide, goalkeeper movement, fabric motion, stadium reverb. No music."
renoise-2068646427006476755,Create a premium 15-second sports commercial filmed on a professional red clay…,,其他,,广告带货,,en,Seedance 2.0,,,renoise-ai/awesome-seedance-prompts,https://github.com/renoise-ai/awesome-seedance-prompts/blob/904b6caffa21c2b114bb93e1bd0e37ba80b3dd10/data/prompts/2068646427006476755.json,CC-BY-4.0,Sharon Riley,https://x.com/Just_sharon7/status/2068646427006476755,True,prompts/其他/广告带货/renoise-2068646427006476755--Create-a-premium-15-second-sports-commer.md,"Create a premium 15-second sports commercial filmed on a professional red clay tennis court at golden hour. The athlete is a female professional tennis player wearing an elegant baby pink performance tennis dress with coordinated baby pink athletic accessories throughout the entire film. Visual style combines luxury sports advertising, cinematic realism, emotional storytelling, and elite athletic performance. Warm clay reds, terracotta tones, golden sunlight, and soft baby pink wardrobe dominate the color palette.

STRICTLY FOLLOW THE SHOTS IN THIS EXACT ORDER.

SCENE 1 (0:00–0:02)
Wide overhead aerial shot.
Female tennis player lies motionless on a red clay court, eyes closed, body relaxed. Clay dust surrounds her silhouette. Warm morning sunlight washes over the scene. Camera performs a slow descending crane move from directly above.
Mood: stillness, meditation, anticipation.
No athletic movement yet.

SCENE 2 (0:02–0:05)
Cut to close-up.
A tennis ball rolls through the foreground toward camera. Behind it, the athlete's eyes suddenly open and lock directly into the lens. Determination emerges instantly. Baby pink outfit visible around shoulders and chest.
Camera slowly pushes inward.
Emotion: awakening, focus, inner drive igniting.

SCENE 3 (0:05–0:07)
Immediate cut to explosive serve.
Low-angle hero shot from court level.
Athlete launches upward with maximum extension during a powerful serve. Baby pink tennis dress flows dynamically through the motion. Clay particles scatter beneath her feet.
Sunlight catches airborne dust.
Energy transitions from calm to explosive.

SCENE 4 (0:07–0:09)
Dynamic sprint sequence.
Athlete accelerates across the baseline at full speed. Camera tracks smoothly alongside her movement. Powerful footwork sends clay dust trailing behind. Baby pink performance attire contrasts against the deep red clay.
Mood: speed, determination, athletic elegance.

SCENE 5 (0:09–0:11)
Broadcast-style sports coverage framing.
Telephoto lens perspective.
Athlete strikes a forehand during an intense rally. Subtle television broadcast graphics and live-coverage overlays appear briefly on screen.
Professional tournament atmosphere.
Audio impression: ""Coming to you live from...""
Maintain realistic sports broadcast aesthetic.

SCENE 6 (0:11–0:13)
Ground-level tracking shot.
Athlete performs an aggressive clay-court slide while returning a difficult shot. Large spray of red clay erupts dramatically around her. Baby pink outfit remains clearly visible against the clay.
Show maximum athletic commitment and effort.
High-energy sports photography style.

SCENE 7 (0:13–0:14)
Quiet recovery moment.
Athlete sits on a terracotta bench niche beside the court. Heavy breathing after intense exertion. Baby pink tennis dress lightly dusted with red clay. Close-up of a water bottle being raised to her lips.
Moment of vulnerability and recovery.
Golden sunlight remains warm and cinematic.

SCENE 8 (0:14–0:15)
Medium portrait shot.
Slow push-in toward athlete's face. Sweat glistens naturally on skin. She looks directly ahead with unwavering determination despite visible fatigue. Baby pink athletic attire remains visible in frame.
Emotion: resilience, sacrifice, excellence.
End on a powerful confident stare.

VISUAL STYLE
Ultra-realistic cinematic sports commercial.
Luxury athletic brand campaign aesthetic.
Natural clay-court textures.
Premium sports photography.
Shallow depth of field.
Authentic athlete movement.
Golden-hour sunlight.
Warm terracotta and clay color grading.
Subtle film grain.
High-end commercial production quality.

EMOTIONAL ARC
Rest → Awakening → Explosion → Pursuit → Competition → Sacrifice → Recovery → Determination."
renoise-2068648329760682426,"4K cinematic movie scene,",,真人,现实向,剧情短片,,en,Seedance 2.0,,,renoise-ai/awesome-seedance-prompts,https://github.com/renoise-ai/awesome-seedance-prompts/blob/904b6caffa21c2b114bb93e1bd0e37ba80b3dd10/data/prompts/2068648329760682426.json,CC-BY-4.0,Al-Shamus,https://x.com/im_shahid7/status/2068648329760682426,True,"prompts/真人/现实向/剧情短片/renoise-2068648329760682426--4K-cinematic-movie-scene,.md","4K cinematic movie scene,
15-second continuous tracking shot.
Setting:
A sun-drenched, artisan bookstore café with warm golden-hour glow and dancing dust motes.
The shot opens with an intimate close-up
on the male character matching image1, wearing a casual olive-green knit sweater over a dark denim jacket, looking down at a table.
Slowly, he raises his head, locking eyes with someone off-camera.
His expression melts into pure awe,
forming a gentle, closed-mouth smile (strictly normal smile, no teeth). A fluid rack focus and slow pan reveals a stunning 20-year-old Indian girl.
She has dark loosely tied hair, elegant features,
and wears a graceful cotton kurta, bathed in warm rim-light.
She looks up,
tucking a curl behind her ear as their eyes meet.
The camera slowly dollies back, framing them both
in unbroken, mesmerized eye contact against the softly blurred café background.
Audio / SFX:
Faded background café ambiance (low chatter, clinking cups).
As he looks up and their eyes meet, ambient noise drops away into a soft hum, replaced by
a delicate acoustic guitar melod!
that builds into a slow, sweeping romantic orchestral string swell."
renoise-2068648633734467666,"15-second cinematic rally sequence, environment from @Image1, locked tripod…",,真人,现实向,年代怀旧,,en,Seedance 2.0,link-only,copyrighted-character,renoise-ai/awesome-seedance-prompts,https://github.com/renoise-ai/awesome-seedance-prompts/blob/904b6caffa21c2b114bb93e1bd0e37ba80b3dd10/data/prompts/2068648633734467666.json,CC-BY-4.0,Josh,https://x.com/altphotos_pl/status/2068648633734467666,True,"prompts/真人/现实向/年代怀旧/renoise-2068648633734467666--15-second-cinematic-rally-sequence,-envi.md",
renoise-2068648788965675285,"Cinematic 15-second sports campaign video, photorealistic, high-budget…",,真人,现实向,运动,,en,Seedance 2.0,link-only,copyrighted-character,renoise-ai/awesome-seedance-prompts,https://github.com/renoise-ai/awesome-seedance-prompts/blob/904b6caffa21c2b114bb93e1bd0e37ba80b3dd10/data/prompts/2068648788965675285.json,CC-BY-4.0,TechieSA,https://x.com/TechieBySA/status/2068648788965675285,True,prompts/真人/现实向/运动/renoise-2068648788965675285--Cinematic-15-second-sports-campaign-vide.md,
renoise-2068650548799136257,"Use @[storyboard ref] as the visual storyboard anchor for shot order, camera…",,漫剧,特效向,战斗大招,2D日漫,en,Seedance 2.0,,,renoise-ai/awesome-seedance-prompts,https://github.com/renoise-ai/awesome-seedance-prompts/blob/904b6caffa21c2b114bb93e1bd0e37ba80b3dd10/data/prompts/2068650548799136257.json,CC-BY-4.0,Kōda,https://x.com/aimikoda/status/2068650548799136257,True,prompts/漫剧/特效向/战斗大招/renoise-2068650548799136257--Use-storyboard-ref-as-the-visual-storybo.md,"Use @[storyboard ref] as the visual storyboard anchor for shot order, camera grammar, staging, pose, blocking, screen direction, effect state, and continuity. Render the final filmed scene, not the storyboard sheet or sketch style; add no events outside this prompt.
Read each panel as a separate shot sample of the same scene. Preserve C1 Serenity and C2 Ruk as the only characters.
Use @[character ref] as the sole authority for C1 final appearance, face, body, wardrobe, proportions, materials, and likeness; use @[character ref] as the sole authority for C2 final appearance, body, face structure, patchwork surface, proportions, materials, and likeness.

VISUAL STYLE: high-energy sakuga anime, hard afternoon sun, saturated warm/cool tension, wide-angle impact distortion, shallow contact focus, heavy hit-stops, dust bloom, and strike smears only.
AUDIO: No lyrics. Percussion hits, foot scrapes, fabric snaps, blunt body impacts, breath cuts, air whooshes, ground cracks, final earth-thud, ringing silence.
ENVIRONMENT: packed-earth training yard with low horizon, stones, one rear-left broken post, and open sky above the final lane.
EMOTIONAL GUIDANCE: C2 attacks with stubborn weight and ugly counters; C1 stays compact, steals his momentum, and turns every charge into punishment.
RHYTHM + ESCALATION: Start mid-collision, flash-cut through close-quarters counters, spike into vertical scale, and release on one brutal downward gag-impact.

BEATS:
P01: Low wide, C2 barrels from screen right with a shoulder ram already in motion; C1 slides inside the charge from screen left as dust splits around them.
P02: Ground insert, C2's heavy foot slams the center lane and cracks dust outward while C1's forward boot pivots outside his line.
P03: Tight side medium, C2 swings a thick arm across frame; C1 traps the forearm and drives a straight fist into C2's belly, folding his mass inward.
P04: Canted belly-height close, C2's arms close to crush C1; C1 hammers short wing-chun punches under the clamp, each hit making his arms jerk open.
P05: Top-down medium wide, C2 stomps and twists at center; C1's triangular footwork and afterimage wedges box him in a dust spiral.
P06: Extreme close from C2's belly, his forward belly-slam meets C1's fist dead center; the impact caves the frame, hair and sleeves whip out, C2's eyes squeeze at top edge.
P07: Compressed side long shot, C2 recoils hard toward screen right but swings one arm back at C1; C1 slides under the counter inside a low dust wake.
P08: Low three-quarter wide, C2 tries to stomp down; C1 cuts the support leg with a heavy sweep, C2's feet lift together, arms windmill, rear post streaks diagonally.
P09: Low vertical wide, C2 drops weight for another slam; C1 plants one hand on the ground, rebounds upward, and drives an elbow under C2's chin to launch him into open sky.
P10: Overhead skyward view, C2 rotates belly-down in empty air with arms clawing downward above a circular dust shadow; C1 crouches beneath it.
P11: Extreme low from behind C1, she springs upward toward C2 with knees tucked and hair streaming; ground shrinks below.
P12: Side wide in air, C1 levels above C2 with both boots over his head, arms balanced; C2 claws upward beneath her.
P13: Top-down impact, C1 boots crush onto C2's head as both spear into the lane; dust ring erupts, stones jump outward, C2's eyes start protruding.
P14: Low front wide, C1 stands balanced on C2's head; C2 is sunk into cracked earth up to shoulders, both eyes shoved forward like they might burst out but still attached."
renoise-2068654515243336165,创作一个超电影感、15 秒、连续单镜头的极限冲浪怪兽袭击视频。,,真人,特效向,奇幻怪兽,,zh,Seedance 2.0,,,renoise-ai/awesome-seedance-prompts,https://github.com/renoise-ai/awesome-seedance-prompts/blob/904b6caffa21c2b114bb93e1bd0e37ba80b3dd10/data/prompts/2068654515243336165.json,CC-BY-4.0,John,https://x.com/john87445528/status/2068654515243336165,True,prompts/真人/特效向/奇幻怪兽/renoise-2068654515243336165--创作一个超电影感-15-秒-连续单镜头的极限冲浪怪兽袭击视频.md,创作一个超电影感、15 秒、连续单镜头的极限冲浪怪兽袭击视频。
renoise-2068660121056784463,Create a modern tech startup commercial showing entrepreneurs working with AI…,,其他,,广告带货,,en,Seedance 2.0,,,renoise-ai/awesome-seedance-prompts,https://github.com/renoise-ai/awesome-seedance-prompts/blob/904b6caffa21c2b114bb93e1bd0e37ba80b3dd10/data/prompts/2068660121056784463.json,CC-BY-4.0,Rishabh,https://x.com/Rixhabh__/status/2068660121056784463,True,prompts/其他/广告带货/renoise-2068660121056784463--Create-a-modern-tech-startup-commercial.md,"Create a modern tech startup commercial showing entrepreneurs working with AI tools, smooth camera transitions, cinematic office environment, professional advertising style."
renoise-2068661469013582071,"restoranda Türk kahvesi içen bir kadın, fincandaki telve yavaşça İstanbul…",,其他,,美食,,en,Seedance 2.0,,,renoise-ai/awesome-seedance-prompts,https://github.com/renoise-ai/awesome-seedance-prompts/blob/904b6caffa21c2b114bb93e1bd0e37ba80b3dd10/data/prompts/2068661469013582071.json,CC-BY-4.0,Erhan Meydan,https://x.com/erhanmeydan/status/2068661469013582071,True,"prompts/其他/美食/renoise-2068661469013582071--restoranda-Türk-kahvesi-içen-bir-kadın,.md","restoranda Türk kahvesi içen bir kadın, fincandaki telve yavaşça İstanbul silüetine dönüşsün."
renoise-2068675094231265693,"Simulated IMAX film camera photography, paired with Panavision C-Series lenses…",,真人,特效向,奇幻怪兽,,en,Seedance 2.0,,,renoise-ai/awesome-seedance-prompts,https://github.com/renoise-ai/awesome-seedance-prompts/blob/904b6caffa21c2b114bb93e1bd0e37ba80b3dd10/data/prompts/2068675094231265693.json,CC-BY-4.0,Good FortuneX,https://x.com/pound75423/status/2068675094231265693,True,"prompts/真人/特效向/奇幻怪兽/renoise-2068675094231265693--Simulated-IMAX-film-camera-photography,.md","Simulated IMAX film camera photography, paired with Panavision C-Series lenses (35mm focal length, f/4 aperture). Low-saturation gray-blue color palette.

Lighting: Practical cinematic lighting (ARRI Skypanel, Tungsten Fresnels).

A Seoul, South Korea city street at night, filled with neon signs and modern architecture. The male protagonist is crouching on the asphalt eating instant noodles. In front of him, a gigantic one-eyed cyclops monster crashes down from the sky. Rain puddles on the ground reflect the city lights.

The male protagonist raises the Saturn Transformation Wand with a determined expression. He shouts, ""Henshin!"" A burst of intense purple light explodes from the wand.

Extreme close-up of the forehead mark: the camera rushes forward. A brilliant white and purple cross-shaped beam ignites at the center of his forehead, then condenses into a golden metallic tiara adorned with a radiant star-shaped purple gemstone at its center.

The male protagonist levitates above the streets of Seoul. A storm-like torrent of purple energy sweeps across his body, revealing the warrior outfit: a purple silk bow materializes on his chest, centered by a circular Sailor Crystal.

Transformation detail: Saturn's signature flower-petal transparent shoulder guards materialize over the shoulders. White opera gloves gradually cover his muscular arms, creating a striking visual contrast.

Close-up of the legs. Purple lace-up warrior boots form within crackling violet lightning. The laces tighten automatically as he stands atop rippling purple energy waves.

Weapon summoning: the male protagonist opens his eyes, his pupils glowing purple. He reaches toward the void on his right side and firmly grasps a long-handled weapon emerging through a dimensional rift — the Silence Glaive.

The male protagonist swings the massive Silence Glaive, carving a crescent-shaped arc of deep purple energy through the air. The surrounding atmosphere and space itself become subtly distorted.

Final heroic pose: the male protagonist plants the glaive diagonally beside him, body turned slightly to the side, expression cold and resolute. Behind him, a gigantic glowing purple Saturn ring slowly rotates against the Seoul night skyline."
renoise-2068680458150592689,"Cinematic sci-fi chase, anamorphic  32mm lens, dynamic handheld and Steadicam…",,真人,特效向,动作大片,,en,Seedance 2.0,link-only,copyrighted-character,renoise-ai/awesome-seedance-prompts,https://github.com/renoise-ai/awesome-seedance-prompts/blob/904b6caffa21c2b114bb93e1bd0e37ba80b3dd10/data/prompts/2068680458150592689.json,CC-BY-4.0,MayorkingAI,https://x.com/MayorKingAI/status/2068680458150592689,True,"prompts/真人/特效向/动作大片/renoise-2068680458150592689--Cinematic-sci-fi-chase,-anamorphic-32mm.md",
renoise-2068691677263679714,"Style: High-adventure vibrant fantasy cinematic, dynamic and fluid physical…",,真人,特效向,武侠打斗,,en,Seedance 2.0,,,renoise-ai/awesome-seedance-prompts,https://github.com/renoise-ai/awesome-seedance-prompts/blob/904b6caffa21c2b114bb93e1bd0e37ba80b3dd10/data/prompts/2068691677263679714.json,CC-BY-4.0,Iqra Saifi,https://x.com/IqraSaifiii/status/2068691677263679714,True,prompts/真人/特效向/武侠打斗/renoise-2068691677263679714--Style-High-adventure-vibrant-fantasy-cin.md,"Style: High-adventure vibrant fantasy cinematic, dynamic and fluid physical combat, realistic body momentum, ancient mythical atmosphere, rich golden hour lighting, handheld cinematic camera, ultra-detailed textures, and vivid environmental interaction.
Duration: 15 seconds
Aspect Ratio: 16:9
Characters:
Nyssa: Athletic woman, dark curly hair tied back, shimmering brass and azure leather armor, cloth wraps, swift and agile footwork.
Grok: Massive muscular green orc, ornate tribal tattoos, bright fur and iron pauldrons, wielding a heavy decorative warhammer, possessing immense physical weight.
Combat Physics:
Grounded and believable weight transfer with realistic inertia.
No weightless floating, but highly dynamic and energetic pacing.
The vibrant environment reacts physically to every impact.
Cinematic Breakdown:
[00:00-00:02] Wide cinematic shot of a bustling, sun-drenched cliffside marketplace filled with colorful banners, exotic goods, swirling flower petals, and a cheering crowd of diverse fantasy races. Nyssa navigates the vibrant market cautiously. Grok stands near a grand fountain, holding a golden chalice. Bright, adventurous orchestral music blends with lively crowd chatter.
[00:02-00:04] Close-up tension sequence: Nyssa locks eyes with Grok. Grok hurls his chalice aside, water splashing vibrantly in the sunlight as he lifts his massive warhammer. The crowd rapidly parts, forming a wide fighting circle, shouting in excitement. The handheld camera moves dynamically, capturing the bright, saturated colors of the marketplace.
[00:04-00:07] The clash begins with explosive energy. Grok swings his warhammer in a wide, powerful arc. Nyssa narrowly ducks beneath it, the momentum of the swing shattering a nearby stall of colorful pottery into a cloud of vivid ceramic shards and spices. She counters instantly, executing swift, grounded strikes to Grok’s armored sides.
[00:07-00:10] The battle moves toward the grand fountain. Grok charges heavily, smashing through wooden crates that erupt into splinters. He catches Nyssa’s arm and flings her toward the fountain. She collides with the stone edge, water spraying everywhere, but she uses the momentum to roll across the wet stones and regain her footing naturally.
[00:10-00:12] Nyssa utilizes the environment intelligently. As Grok brings his hammer down, she vaults off a stone pillar. The hammer smashes the ground, cracking the tiles. Dropping from above with controlled, realistic physics, she uses her weight to throw Grok off balance, sending him stumbling toward the edge of the plaza.
[00:12-00:15] Final cinematic climax. Nyssa uses leverage to tackle Grok onto a bed of scattered, colorful silks and flower petals. He crashes down heavily, a cloud of petals launching into the air. She pins his arm back, holding a gleaming dagger close as he struggles realistically against exhaustion. The marketplace crowd erupts into wild cheers, throwing fruits and flowers into the air. The camera pans in warmly as golden sunlight flickers across both breathing fighters.
Audio: Epic, soaring orchestral adventure theme with sweeping strings and heroic horns, loud cheering crowds, shattering pottery, heavy water splashes, metallic weapon impacts, and a lively, energetic atmosphere.
Negative Prompts: Dark gritty lighting, depressing atmosphere, monochrome colors, floating, anime combat, superhero physics, weightless motion, blurry characters, low detail, cartoon style, clipping through object"
renoise-2068692485098918284,Use the attached THE FLORIST storyboard as exact visual reference. Create a…,,漫剧,现实向,剧情短片,3D卡通,en,Seedance 2.0,,,renoise-ai/awesome-seedance-prompts,https://github.com/renoise-ai/awesome-seedance-prompts/blob/904b6caffa21c2b114bb93e1bd0e37ba80b3dd10/data/prompts/2068692485098918284.json,CC-BY-4.0,TechieSA,https://x.com/TechieBySA/status/2068692485098918284,True,prompts/漫剧/现实向/剧情短片/renoise-2068692485098918284--Use-the-attached-THE-FLORIST-storyboard.md,"Use the attached THE FLORIST storyboard as exact visual reference. Create a 12-second 16:9 Pixar 3D animated sequence following all 8 shots exactly. Same young female florist — warm kind face, hair tied back, denim apron over linen dress — small charming flower shop, buckets of fresh flowers, warm golden morning light throughout. Normal speed movement throughout every shot — no slow motion anywhere. Crisp, confident, alive energy in every action.

Shot sequence:

1.Wide shot. Florist stands at her counter, morning light flooding through the shop window. She lifts a fresh bunch of flowers with both hands, smells them quickly, looks at the camera and says “Fresh flowers, every morning!” with a warm bright smile. Quick and energetic, not static.
2.Close-up. Her hands moving quickly and confidently through a bucket of flowers, selecting one perfect deep red rose, lifting it out and examining it briefly in the morning light. Fast and decisive, not lingering.
3.Close-up dramatic. Her hand holding the stem firmly, scissors cutting it at a precise angle in one quick confident snip — clean cut, fresh pale green stem, water droplet falling. Sharp and fast.
4.Wide medium with her hands and full body clearly visible throughout. She builds the bouquet quickly — roses, peonies, eucalyptus added one after another with brisk confident hand movements, the bouquet visibly growing fuller with each addition. Her hands always actively moving and visible.
5.Overhead beauty shot with her hands visible arranging the final touches — soft pink, deep red, white and green woven together, her fingers adjusting a few final stems quickly into place. Vivid and colorful, hands actively working not absent.
6.Close-up hero with her hands fully visible. She wraps warm kraft paper around the base of the bouquet in one quick smooth motion — her hands folding and creasing the paper firmly and confidently, stems disappearing into the cone. Her hands never disappear from frame during the fold.
7.Close-up dramatic with her hands fully visible. She wraps a pastel ribbon around the kraft paper and ties it into a bow with both hands working quickly and precisely — the final knot pulled tight and finished in one confident motion.
8.Wide warm shot. Florist hands the finished bouquet across the counter with both hands and a bright smile. Customer receives it eagerly with both hands — face lighting up immediately, a quick delighted gasp, hand coming to her chest. Florist beaming with quick genuine joy.

Camera: Wide for opener and handover, close-up for selection and trim, wide medium for the arrange, overhead beauty for the full color display, close-up hero for the wrap, close-up dramatic for the ribbon tie. Every shot has gentle forward camera momentum — slow push ins or slight pans — nothing locked or frozen.

Style: Warm golden morning light throughout. Soft pink peonies, deep red roses, vivid green stems, warm kraft paper, pastel ribbon. Pixar CGI vivid and warm. Quick confident energy throughout — her hands must be visible and actively working in every single panel, never absent from the action.

Sound: Upbeat warm acoustic music — light guitar with gentle rhythm, bright and moving forward, not slow or drifting. Continuous from first frame to last, no breaks. She says “Fresh flowers, every morning!” at the opener, bright and quick. Natural sounds underneath — stems rustling quickly, scissors snipping sharply, flowers added briskly, kraft paper folded firmly, ribbon tied and pulled tight, customer’s quick delighted gasp at the reveal. Music upbeat throughout, never drops.

Goal: 12 seconds. One florist. One bouquet. One moment of joy. Fresh, quick, and made to give."
renoise-2068693037736472672,スタイル:日本の作画枚数の多いアニメ。アクション映画の技法を使ったアニメ映画。アクションシーン。,,漫剧,特效向,科幻机甲,2D日漫,ja,Seedance 2.0,,,renoise-ai/awesome-seedance-prompts,https://github.com/renoise-ai/awesome-seedance-prompts/blob/904b6caffa21c2b114bb93e1bd0e37ba80b3dd10/data/prompts/2068693037736472672.json,CC-BY-4.0,とすくん,https://x.com/tokyo_Valentine/status/2068693037736472672,True,prompts/漫剧/特效向/科幻机甲/renoise-2068693037736472672--スタイル-日本の作画枚数の多いアニメ-アクション映画の技法を使ったアニメ映画-ア.md,"スタイル:日本の作画枚数の多いアニメ。アクション映画の技法を使ったアニメ映画。アクションシーン。
世界観:画像1のキャラクターが画像3のバイクに乗りサイバーパンクな世界感のハイウェイで画像2のサイボーグの集団と戦う。
概要:画像2のバイクに乗った画像1のキャラクターと空から降ってくる画像2のキャラクターとの戦闘動画。
※血の表現は絶対にしないでください。

・シーン1
画像1の女性がサイバーパンクな世界感のハイウェイを、画像3のバイクに乗り超高速で走行している。

・シーン2
カメラが切り替わり、上空から画像2のロボットの集団が登場する。
画像2の女性へロボットの集団はマシンガンを一斉射撃する。
バレットタイム。スローモーション。

・シーン3
画像1の女性キャラクターはニヤリと笑い、水色に発光するATフィールドのようなバリアを展開して銃弾を弾く。

・シーン4
カメラが切り替わる。
画像1の女性キャラクターは刀を抜き、バイクに乗りながら画像2のロボットの集団を超高速で斬りつける。

・シーン5
カメラが切り替わる。
画像2のサイボーグの集団が斬撃でスクラップになる。
ニヤリと笑う画像1の女性。"
renoise-2068704603554668690,POV shot looking upward shaky handheld camera pans fast from left to right…,,其他,,风景空镜,,en,Seedance 2.0,,,renoise-ai/awesome-seedance-prompts,https://github.com/renoise-ai/awesome-seedance-prompts/blob/904b6caffa21c2b114bb93e1bd0e37ba80b3dd10/data/prompts/2068704603554668690.json,CC-BY-4.0,Kojo Mojo,https://x.com/kojomojoworld/status/2068704603554668690,True,prompts/其他/风景空镜/renoise-2068704603554668690--POV-shot-looking-upward-shaky-handheld-c.md,"POV shot looking upward shaky handheld camera pans fast from left to right, searching the high structures or cliff edges above, then whips and settles on a distant blurry figure standing far above."
renoise-2068740246280474949,"Raw handheld room footage of a tall, fully adult 44-year-old woman wearing the…",,真人,现实向,音乐MV,,en,Seedance 2.0,,,renoise-ai/awesome-seedance-prompts,https://github.com/renoise-ai/awesome-seedance-prompts/blob/904b6caffa21c2b114bb93e1bd0e37ba80b3dd10/data/prompts/2068740246280474949.json,CC-BY-4.0,Brent Lynch,https://x.com/BrentLynch/status/2068740246280474949,True,"prompts/真人/现实向/音乐MV/renoise-2068740246280474949--Raw-handheld-room-footage-of-a-tall,-ful.md","Raw handheld room footage of a tall, fully adult 44-year-old woman wearing the exact outfit from Image 1, performing energetic rock star poses and singing passionately to loud rock music. She lip-syncs precisely to the lyrics: ""I am an AI Lady Heck Yeah Baby Yeah Yeah Yeah"" with full commitment and emotion. Dynamic camera movement captures her from multiple angles as she strikes iconic rock poses—air guitar, fist pumps, head bangs, microphone stand lean. Use Video1 as reference for her mature adult appearance and movement style. Natural bedroom or living room setting with casual lighting. Authentic, unpolished documentary feel with slight camera shake. High energy, rebellious attitude. She moves with confidence and theatrical flair, fully embodying the rock star persona."
renoise-2068740852793442539,"Upload order: @IMG_1 young woman, @IMG_2 lantern, @IMG_3 scarecrow, @IMG_4…",,漫剧,特效向,奇幻冒险,绘画风,en,Seedance 2.0,,,renoise-ai/awesome-seedance-prompts,https://github.com/renoise-ai/awesome-seedance-prompts/blob/904b6caffa21c2b114bb93e1bd0e37ba80b3dd10/data/prompts/2068740852793442539.json,CC-BY-4.0,Mike Miller,https://x.com/pt5films/status/2068740852793442539,True,"prompts/漫剧/特效向/奇幻冒险/renoise-2068740852793442539--Upload-order-IMG_1-young-woman,-IMG_2-la.md","Upload order: @IMG_1 young woman, @IMG_2 lantern, @IMG_3 scarecrow, @IMG_4 foggy field.

FORMAT: 15s / 6 shots / creeping folk-horror dread snapping into a chase / no dialogue

SUBJECTS: @IMG_1 The Young Woman: simple worn dress and shawl, hair tied back, carrying a hooded lantern

PROPS: @IMG_2 old hooded oil lantern, single warm flame; @IMG_3 ragged scarecrow, burlap sack head, straw and rope, on a wooden cross-post

ENVIRONMENT: @IMG_4 vast farm field at dusk turning to night, rows of scarecrows on posts, dead stalks, low rolling fog

COLOR LOGIC: painterly 2D animation, hand-inked linework, heavy chiaroscuro, ash-grey and sickly green with bone-white and a single warm lantern-amber glow under a deep dusk-black sky

TIMELINE:
[00:00-00:03] [WIDE, LOW] @IMG_4 in low fog, rows of @IMG_3 on their posts, @IMG_1 small at the field’s edge, her @IMG_2 the only warm light.
[00:03-00:06] [SLOW DOLLY, FOLLOW] She walks between the posts holding @IMG_2 high, the light pushing back the fog, scarecrows looming on either side.
[00:06-00:08] [CLOSE, CREEPING] The nearest @IMG_3 slowly turns its burlap head to follow her, then another behind it, heads swiveling in the dark.
[00:08-00:10] [SNAP, SUDDEN] One @IMG_3 wrenches free of its post and lurches toward her, straw and rope flailing.
[00:10-00:12] [FAST, REACTION] She swings @IMG_2 at it, the lantern flaring, light strobing across rows of turning heads as she breaks into a run.
[00:12-00:15] [WIDE, PULL BACK] She sprints through the field, the lantern light shrinking, scarecrows stepping off their posts behind her as the fog rolls in and swallows the frame.
No music. Ambient: low wind through dry stalks, creaking wooden posts, the rasp of straw and burlap, a groan of tearing wood, quickening breath and running steps, the swing and rattle of the lantern, distant crows."
renoise-2068749743908422082,"An epic, ultra-realistic cinematic action sequence. Dynamic, sweeping tracking…",,其他,,动物萌宠,,en,Seedance 2.0,,,renoise-ai/awesome-seedance-prompts,https://github.com/renoise-ai/awesome-seedance-prompts/blob/904b6caffa21c2b114bb93e1bd0e37ba80b3dd10/data/prompts/2068749743908422082.json,CC-BY-4.0,hedoήist,https://x.com/hedo_ist/status/2068749743908422082,True,"prompts/其他/动物萌宠/renoise-2068749743908422082--An-epic,-ultra-realistic-cinematic-actio.md","An epic, ultra-realistic cinematic action sequence. Dynamic, sweeping tracking shots orbit two colossal dragons. Dizzying camera movements and intense shaking accompany violent impacts and devastating blows.

A colossal, furious red dragon reduces massive medieval stone castles to rubble. The dragon exhales a torrent of searing fire, engulfing villages in massive explosions and widespread destruction.

Suddenly, a huge, muscular white dragon with massive, powerful claws ambushes the red dragon and grips it tightly. The white dragon sinks its enormous fangs into the red dragon's neck. They grapple violently in mid-air and plummet together toward a raging, stormy ocean.

A colossal splash triggers a gigantic tidal wave that completely devastates the coastline. Heart-pounding action, dramatic lighting from the fires, photorealistic water physics, detailed scales, debris flying toward the camera, 8K resolution—a masterpiece."
renoise-2068754237455220819,"Create an ultra-high-quality, detailed storyboard sheet for a 15-second anime…",,漫剧,现实向,日常治愈,2D日漫,en,Seedance 2.0,link-only,sexual,renoise-ai/awesome-seedance-prompts,https://github.com/renoise-ai/awesome-seedance-prompts/blob/904b6caffa21c2b114bb93e1bd0e37ba80b3dd10/data/prompts/2068754237455220819.json,CC-BY-4.0,𝐌,https://x.com/Strength04_X/status/2068754237455220819,True,"prompts/漫剧/现实向/日常治愈/renoise-2068754237455220819--Create-an-ultra-high-quality,-detailed-s.md",
renoise-2068791012684943701,"The heavily armored triceratops barrels forward at full gallop, horns lowered…",,真人,特效向,动作大片,,en,Seedance 2.0,,,renoise-ai/awesome-seedance-prompts,https://github.com/renoise-ai/awesome-seedance-prompts/blob/904b6caffa21c2b114bb93e1bd0e37ba80b3dd10/data/prompts/2068791012684943701.json,CC-BY-4.0,MayorkingAI,https://x.com/MayorKingAI/status/2068791012684943701,True,prompts/真人/特效向/动作大片/renoise-2068791012684943701--The-heavily-armored-triceratops-barrels.md,"The heavily armored triceratops barrels forward at full gallop, horns lowered, smashing headlong through the orc ranks in its path — goring, trampling, and hurling shrieking bodies into the air as thick mud and debris erupt beneath its charging feet. The spear-wielding warrior leans low against the beast's spiked frill, weapon braced forward. Fast low-angle tracking shot at ground level, racing alongside the charging beast, subtle motion blur and violent handheld shake on each impact. Overcast storm sky, drifting battlefield haze and ash, cold grey light, tattered orc banners in the distance. AUDIO: thundering gallop, bone-crunching impacts, orc screams, mud splatter, clashing armor, the beast's enraged roar. Deep, driving war drums"
renoise-2068800046359781683,A motorcycle rider in a black leather jacket and white helmet on a dark-red…,,真人,现实向,生活与vlog,,ja,Seedance 2.0,,,renoise-ai/awesome-seedance-prompts,https://github.com/renoise-ai/awesome-seedance-prompts/blob/904b6caffa21c2b114bb93e1bd0e37ba80b3dd10/data/prompts/2068800046359781683.json,CC-BY-4.0,ぴょんきち,https://x.com/yarakashiyama_/status/2068800046359781683,True,prompts/真人/现实向/生活与vlog/renoise-2068800046359781683--A-motorcycle-rider-in-a-black-leather-ja.md,"A motorcycle rider in a black leather jacket and white helmet on a dark-red motorcycle / weaves through narrow Osaka alleyways at dusk, neon signs streaking past, leans hard into a sharp turn sending rainwater spraying from the rear tire, accelerates onto a wide bridge over a glittering river, dodges between two trucks with centimeters to spare, and skids to a stop at a red light where steam rises from a ramen cart on the sidewalk / rain-soaked neon-lit urban Osaka at golden hour / FPV drone camera locked two meters behind the rider, matching every lean and swerve. The same black jacket, white helmet, and dark-red motorcycle throughout. Ultra-realistic, 4K HD, cinematic quality. Smooth and fluid motion. Maintain perfect continuity of the rider's appearance and motorcycle across the entire sequence."
renoise-2068807274307403851,Create a hyper-cinematic 15-second continuous single-take extreme jet ski video.,,真人,现实向,运动,,en,Seedance 2.0,,,renoise-ai/awesome-seedance-prompts,https://github.com/renoise-ai/awesome-seedance-prompts/blob/904b6caffa21c2b114bb93e1bd0e37ba80b3dd10/data/prompts/2068807274307403851.json,CC-BY-4.0,ai.gezgini,https://x.com/ai_gezgini/status/2068807274307403851,True,prompts/真人/现实向/运动/renoise-2068807274307403851--Create-a-hyper-cinematic-15-second-conti.md,"Create a hyper-cinematic 15-second continuous single-take extreme jet ski video.

Image 1 is the strict identity and outfit reference. Preserve her exact face, pale skin, striking blue eyes, long straight black hair, slim feminine body, and the same stylish jet ski outfit. Do not change her identity, hair, body, or outfit.

Open ocean, bright daylight, deep blue water, rolling waves, white foam, heavy spray, strong wind, and raw cinematic action. The scene must feel fast, realistic, thrilling, and physically intense.

The whole video is one continuous 15-second shot: no cuts, no hidden cuts, no transitions, no montage. Use natural motion blur, water droplets on the lens, jet ski engine roar, wave impacts, wind noise, and believable body-weight corrections. Do not make the motion look sped up or unnatural.

The camera must always stay very close to her and the jet ski. The video begins with an extreme close front shot on her face, upper body, and handlebars while she is already riding fast but naturally, seated on the jet ski. Her wet black hair moves in the wind, her blue eyes look focused and fearless, and spray hits the lens.

In one smooth unbroken move, the camera passes closely around her side and moves behind her. Once behind the jet ski, it drops very low, almost touching the water, and stays close until the end, following tightly from behind and slightly below the rear, locked near the wake, tail, and engine spray.

The first major action is a power slide that becomes a tight donut circle. She leans the jet ski sideways and carves a controlled circle on the water. The jet ski is clearly tilted, not flat. While carving, she leans her upper body toward the camera, turns her face toward us, and looks directly at us. At the same time, she reaches one hand down and drags her fingertips across the water.

At the exact moment her fingertips touch the water, the video briefly shifts into a short slow motion. This moment highlights her hand touching the surface, the spray, her eye contact, and the tilted circular motion of the jet ski. It must feel stylish, controlled, and natural.

As soon as this brief slow motion ends, she exits the circle naturally and immediately faces a large wave already very close ahead. Do not show a long empty ride. She reaches the wave almost instantly, with the camera still extremely close behind her at water level.

She attacks the wave and launches into the main aerial jump. This becomes the longer final slow-motion highlight. During the airborne moment, the camera should not spin like the whole image is rotating. Instead, it starts from the close rear trailing position and moves in a smooth curved arc around her side, naturally passing from behind her to in front of her, ending with a tight focus on her face and upper body.

During the main slow motion, she stays standing with strong balance, pulls the handlebars, lifts the nose slightly, and performs a stylish controlled trick. As the camera reaches the front, she looks directly at us and gives a confident cinematic smile. Her hair lifts in the wind, sea spray freezes in the air, and sunlight glows through the droplets.

At the end of the slow-motion move, the jet ski descends toward the water. Slow motion gradually returns to real speed just before impact so the landing feels powerful. The camera stays close as the jet ski slams onto the water, spray explodes over the lens, and she absorbs the landing with her knees before continuing forward.

No text, no logos, no subtitles, no extra riders, no boats, no montage, no cuts."
renoise-2068810913080061997,"Photoreal cinematic exploration of Hang Son Doong cave in Vietnam, the world’s…",,其他,,风景空镜,,en,Seedance 2.0,,,renoise-ai/awesome-seedance-prompts,https://github.com/renoise-ai/awesome-seedance-prompts/blob/904b6caffa21c2b114bb93e1bd0e37ba80b3dd10/data/prompts/2068810913080061997.json,CC-BY-4.0,Kaan Alper,https://x.com/kaan_alper/status/2068810913080061997,True,prompts/其他/风景空镜/renoise-2068810913080061997--Photoreal-cinematic-exploration-of-Hang.md,"Photoreal cinematic exploration of Hang Son Doong cave in Vietnam, the world’s largest cave system, natural documentary realism, primordial underground Eden, deep earth tones, emerald jungle greens, warm golden sunlight, cool cave shadows, humid mist and natural cave clouds. Minimum 8K quality, ultra sharp, high detail, clean textures, stable environment, no blur, no compression artifacts. Clean cinematic audio, cave ambience, distant water echoes, soft wind through the opening, no distortion.

00:00–00:02: Begin in an extreme wide-angle view inside a colossal cavern. A massive collapsed ceiling opening high above pours golden sunlight into the cave. The scale is overwhelming: dark vaulted stone walls, hanging stalactites, and a complete jungle ecosystem far below. Slow forward aerial drift begins.

00:02–00:04: Camera glides gently over the jungle canopy growing inside the cave. Towering trees, tangled vines, dense undergrowth, and drifting mist move subtly in humid air. Sunbeams cut through the haze in cathedral-like rays. Leaves rustle softly, water drips echo.

00:04–00:06: Reveal a crystal-clear underground river winding through the cave floor. The camera lowers into a smooth tracking glide above the water surface. Reflections of golden light and green foliage ripple naturally across the current.

00:06–00:08: Slow tilt upward from river and forest toward the collapsed ceiling opening. Clouds and mist swirl naturally inside the cavern as sunlight blazes through, illuminating patches of forest below while deeper recesses fade into mysterious shadow.

00:08–00:10: Pan slowly across ancient stalactites hanging like chandeliers from the vaulted ceiling. Weathered limestone textures, mineral stains, wet rock surfaces, and immense geological scale remain sharply detailed.

00:10–00:12: Camera pushes deeper into the cavern. The sunlight fades gradually behind, the jungle thins into shadow, and the underground river continues into darkness. Echoing drops, faint rumble of flowing water, humid air movement.

00:12–00:15: Final wide hero shot: the river, jungle canopy, towering cave walls, mist, stalactites, and golden shaft of light align in one breathtaking composition. Camera gently rises and pulls back, revealing the hidden paradise suspended between surface and subterranean worlds. End in awe and discovery.

Camera: slow reverent aerial drift, smooth push-in, low river tracking, vertical tilt reveal, gentle panoramic movement, final pull-back rise. Negative: no tourists, no modern equipment, no artificial lights, no fantasy creatures, no buildings, no oversaturated colors, no impossible tree scale, no warped cave geometry, no unstable camera, no blur, no compression artifacts."
renoise-2068840291180696025,"Photoreal cinematic ancient Egypt reverse time-lapse, epic contemplative…",,真人,现实向,剧情短片,,en,Seedance 2.0,,,renoise-ai/awesome-seedance-prompts,https://github.com/renoise-ai/awesome-seedance-prompts/blob/904b6caffa21c2b114bb93e1bd0e37ba80b3dd10/data/prompts/2068840291180696025.json,CC-BY-4.0,Kaan Alper,https://x.com/kaan_alper/status/2068840291180696025,True,prompts/真人/现实向/剧情短片/renoise-2068840291180696025--Photoreal-cinematic-ancient-Egypt-revers.md,"Photoreal cinematic ancient Egypt reverse time-lapse, epic contemplative atmosphere, historical weight, Giza desert, 4500 years of monumental labor rewound in 15 seconds. Warm golden desert tones, blazing sun, sun-bleached limestone, clear sky, dust haze. Minimum 8K quality, ultra sharp, high detail, clean textures, stable architecture, no blur, no compression artifacts. Clean cinematic audio, reversed rope creaks, stone scraping, desert wind, no distortion.

00:00–00:02: Begin in close-up on the gleaming golden limestone capstone at the apex of a complete monumental Egyptian pyramid under a blazing desert sun. Reverse time-lapse begins: the capstone lifts upward from the apex as linen-clad workers move backward in coordinated rhythm. Ropes pull upward in reverse, dust returns to stone seams. Camera slowly pulls back and rises.

00:02–00:04: Upper casing stones lift one by one from the pyramid peak downward, floating upward on wooden sledges and ramps in reverse construction logic. Workers walk backward along ramps, hands moving in reverse. The camera continues pulling back, revealing the top layers disappearing.

00:04–00:06: Mid-level limestone blocks rise away from the structure. Earthen ramps retract, wooden scaffolding slides backward into place then dismantles itself. Dust trails reverse into clean air. Pyramid geometry visibly steps down layer by layer.

00:06–00:08: Wider aerial view. Large pyramid sections vanish in accelerated reverse. Workers carry tools backward, sledges slide uphill in reverse, ropes slacken backward into order. The sun arcs subtly backward across the sky, shadows lengthening in reverse.

00:08–00:10: Core blocks lift away, exposing inner stepped mass, then fewer and fewer courses remain. Timber beams slide backward, scaffolds collapse in reverse without chaos, ramps flatten and retract into untouched sand. Keep all motion physically readable as reversed labor, not magic.

00:10–00:12: Foundation stones rise from the base, revealing bare bedrock beneath. Workers step backward across the construction site as footprints erase behind them. Camera reaches a high crane-drone perspective, widening to show the desert swallowing the site.

00:12–00:15: The last stone lifts away. Bedrock smooths into sand. Wind moves in reverse-like waves, erasing final footprints and construction marks. End on an extreme wide high crane shot of empty untouched desert under harsh sunlight, silence settling over the frame.

Camera: continuous slow pull-back from capstone to extreme wide aerial, slight rising crane motion, stable and reverent, no random spins. Motion: accelerated reverse time-lapse, coordinated backward workers, believable stone scale and weight. Negative: no modern machines, no cranes, no steel cables, no fantasy magic glow, no alien imagery, no impossible floating without ropes or sledges, no distorted anatomy, no unstable camera, no blur, no compression artifacts."
renoise-2068855620560703935,Use @image_1 as the opening frame and center frame. Use @image_1 and @image_2…,,真人,特效向,武侠打斗,,en,Seedance 2.0,link-only,sexual,renoise-ai/awesome-seedance-prompts,https://github.com/renoise-ai/awesome-seedance-prompts/blob/904b6caffa21c2b114bb93e1bd0e37ba80b3dd10/data/prompts/2068855620560703935.json,CC-BY-4.0,CB_Fighters,https://x.com/CB_Fighters/status/2068855620560703935,True,prompts/真人/特效向/武侠打斗/renoise-2068855620560703935--Use-image_1-as-the-opening-frame-and-cen.md,
renoise-2068868661566492975,"Style & Mood: American cool cultural icon campaign. Confident, timeless…",,其他,,广告带货,,en,Seedance 2.0,,,renoise-ai/awesome-seedance-prompts,https://github.com/renoise-ai/awesome-seedance-prompts/blob/904b6caffa21c2b114bb93e1bd0e37ba80b3dd10/data/prompts/2068868661566492975.json,CC-BY-4.0,𝐌,https://x.com/Strength04_X/status/2068868661566492975,True,prompts/其他/广告带货/renoise-2068868661566492975--Style-Mood-American-cool-cultural-icon-c.md,"Style & Mood: American cool cultural icon campaign. Confident, timeless, effortless. Jet black and white studio environments against beach sun and city street contrast. The black acetate frame and G-15 green lens catching summer light with relaxed authority. Macro on acetate and lens detail, wide cinematic framing on beach and urban lifestyle. 24fps throughout. No try. Pure cool.
Narrative Summary: The Ray-Ban Original Wayfarer moves from leather case unboxing through beach summer and city streets to final hero — the sunglasses that have defined cool for seven decades.
Dynamic Description: Top-down slow open — a Ray-Ban leather case on a white surface, the case unclipping and opening upward, the Original Wayfarer in Classic Black revealed inside the case lining, the black acetate frame and green-tinted lenses face-up, the gold RB logo catching a single overhead light. Hard cut to top-down static beauty — the Wayfarer laid flat face-up on a white surface, the trapezoidal black frame symmetrical from above, the G-15 lenses deep green, the gold RB logos at each lens, the hinges and metal rivets precise. Cut to extreme macro raking — the camera moves across the black acetate frame surface, the material grain and depth of the acetate catching directional light, the black shifting to deep brown in the highlights. Hard cut to through-lens macro — the camera looks through the G-15 green lens surface, the world visible through the lens tinted in the characteristic warm green, the lens edge in close frame. Cut to macro static — the gold Ray-Ban RB logo on the lens fills the frame, the embossed gold on the green glass surface, perfectly still and confident.
Hard cut to macro tilt across hinge — the metal rivet hinge fills the frame, the brass rivet head precise and industrial, the tilt revealing the frame-to-temple joint and the acetate colors meeting at the hinge point.
Hard cut to wide beach lifestyle — a person walks along a beach in summer sun, the Wayfarer on their face, the ocean behind, the sun high and strong, the black frame a confident silhouette against the bright beach environment. Cut to low urban tracking — the Wayfarer on a person walking a city street, the camera at low angle tracking, the black frame and green lenses moving through the urban scene, buildings and light above. Cut to through-lens POV — the world seen through a G-15 lens, the green tint warm and characteristic, the city or beach environment filtered through the iconic glass, the depth of field natural and easy. Hard cut to 360-degree clean orbit — the Wayfarer on a white surface, the camera orbiting in a continuous smooth arc, every angle revealed: front face, side temple, hinge detail, lens from the side, temple tip. Cut to extreme temple close-up — the black acetate temple arm in close frame, the Ray-Ban USA text on the inner temple surface, the material color and texture absolute. Hard cut to 120fps lens light sweep — a beam of sunlight sweeps across the G-15 lens surface in slow-motion, the light reflecting and moving across the green glass, the gold RB logo catching the moving beam. Cut to wide rooftop golden hour — a city rooftop at golden hour sunset, the Wayfarer placed on a ledge with the city spread behind, the amber sky and black frame a classic pairing. Cut to cool side light beauty — the Wayfarer on a black surface, a single side-light source creating a sharp highlight along the frame edge, the lenses dark and deep. Hard cut to static title card — jet black background, RAY-BAN in gold bold centered, ORIGINAL WAYFARER below in white, COOL. ICONIC. ORIGINAL. below in gold, frame holds."
renoise-2068871291424342209,"A jungle landing zone in grey daylight, a cleared patch of mud and grass ringed…",,真人,特效向,动作大片,,en,Seedance 2.0,,,renoise-ai/awesome-seedance-prompts,https://github.com/renoise-ai/awesome-seedance-prompts/blob/904b6caffa21c2b114bb93e1bd0e37ba80b3dd10/data/prompts/2068871291424342209.json,CC-BY-4.0,Rahul Nanda,https://x.com/rahulnanda86/status/2068871291424342209,True,"prompts/真人/特效向/动作大片/renoise-2068871291424342209--A-jungle-landing-zone-in-grey-daylight,.md","A jungle landing zone in grey daylight, a cleared patch of mud and grass ringed by thick rainforest. A helicopter is trying to lift off with wounded men aboard, a heavy cargo sling hanging below it. A giant alien — brownish-black, slimy, with long whipping tentacles — has dropped into the zone and grabbed the helicopter's skids, dragging it back down. At the tree line, a soldier runs to the anti-air gun. Sound: straining rotor blades, wet tentacles slapping, shouting men, the alien's low roar, radio voices.

Shot 1 (0–3s) — THE HOOK: Low shot up at the landing zone. The helicopter is a few meters off the ground, engine screaming, fighting to climb — but the giant alien's slimy tentacles are wrapped around the skids, pulling it back down toward the mud, the chopper tilting and spinning. The pilot wrestles the controls and shouts into his radio: IT WON'T LET ME UP!

Shot 2 (3–6s): At the tree-line anti-air gun. A soldier drops behind the big gun, loads it, and swings the barrel toward the alien — but holds his fire, the chopper still in its grip. He calls on the radio: Dump the sling! Break loose!

Shot 3 (6–9s): At the helicopter. The pilot hits the release and the heavy cargo sling drops away — the tentacles, caught on the falling sling, are dragged down with it. The alien slides off the skids and drops onto the open landing zone with the sling, rearing up tall and clear in the mud. The freed helicopter lurches upward.

Shot 4 (9–13s) — BIG SLOW-MOTION MOMENT: The alien is out in the open now, away from the chopper. The soldier fires the anti-air gun. Bullet time — a stream of glowing shells flies across the zone in slow motion, smoke and shell cases hanging in the air, smashing into the alien, slime and mud bursting off its body as its tentacles fling outward.

Shot 5 (13–15s): Time snaps back. A big burst of fire and slime blows the alien backward into the mud, where it drops and lies still. The helicopter steadies, climbs up out of the zone, and pulls away over the trees. Smoke drifts across the landing zone."
renoise-2068884596905873751,Try this high-end multi-scene storyboard template for eyewear!,,真人,现实向,时尚写真,,en,Seedance 2.0,,,renoise-ai/awesome-seedance-prompts,https://github.com/renoise-ai/awesome-seedance-prompts/blob/904b6caffa21c2b114bb93e1bd0e37ba80b3dd10/data/prompts/2068884596905873751.json,CC-BY-4.0,PixuryAI,https://x.com/PixuryAI/status/2068884596905873751,True,prompts/真人/现实向/时尚写真/renoise-2068884596905873751--Try-this-high-end-multi-scene-storyboard.md,"Try this high-end multi-scene storyboard template for eyewear!

One-click professional commercial split shots: model wearing display, face-angle switching, lens light reflection, street fashion atmosphere & detail close-ups.

Tips from Seedance 2.0👉: cinematic quality, eliminate studio feel, natural skin texture, 8k resolution. 0-2s: [Frame 1] 135mm telephoto slow push-in on deep red velvet curtain in a luxury gallery space, Rim Light highlighting the fabric texture; 2-4s: [Frame 2] Slider horizontal glide revealing woman's silhouette against the crimson background; 4-6s: [Frame 3] 85mm slow push-in on hands delicately framing the off-white sunglasses, Tyndall Effect piercing through shadows; 6-8s: [Frame 4] Macro rack focus on the smooth sunglasses frame, contrasting with the velvet; 8-10s: [Frame 5] Orbital arc shot around her profile, soft golden hour diffuse catching her flawless skin; 10-12s: [Frame 6] Rack focus from textured red background to the dark, reflective lenses; 12-13s: [Frame 7] Extreme macro on lips and skin, sub-surface scattering for photorealistic beauty; 13-14s: [Frame 8] Match cut to medium close-up, slight head tilt, cool window spill balancing the warm red; 14-15s: [Frame 9] Gentle pull-back dolly shot, final elegant portrait. Lighting: Rim Light + Golden Hour Diffuse. BGM: Epic Cinematic — low cello with soft tension. Foley: soft fabric brushing skin, quiet leather creak. Negative: whip pan, crash cam, shaky action, fast cuts, solid color background, low quality."
renoise-2068895249087226136,Create a blockbuster-grade ultra-dynamic anime cinematic battle video between…,,漫剧,特效向,战斗大招,2D日漫,en,Seedance 2.0,link-only,sexual,renoise-ai/awesome-seedance-prompts,https://github.com/renoise-ai/awesome-seedance-prompts/blob/904b6caffa21c2b114bb93e1bd0e37ba80b3dd10/data/prompts/2068895249087226136.json,CC-BY-4.0,Ivanna | AI Art & Prompts,https://x.com/ivanka_humeniuk/status/2068895249087226136,True,prompts/漫剧/特效向/战斗大招/renoise-2068895249087226136--Create-a-blockbuster-grade-ultra-dynamic.md,
renoise-2068898944093159463,TITLE: INDUSTRIAL NIGHT RUN — SUPRA vs GT-R,,真人,现实向,剧情短片,,en,Seedance 2.0,,,renoise-ai/awesome-seedance-prompts,https://github.com/renoise-ai/awesome-seedance-prompts/blob/904b6caffa21c2b114bb93e1bd0e37ba80b3dd10/data/prompts/2068898944093159463.json,CC-BY-4.0,Sharon Riley,https://x.com/Just_sharon7/status/2068898944093159463,True,prompts/真人/现实向/剧情短片/renoise-2068898944093159463--TITLE-INDUSTRIAL-NIGHT-RUN-—-SUPRA-vs-GT.md,"TITLE: INDUSTRIAL NIGHT RUN — SUPRA vs GT-R

DURATION: 15 SECONDS
MAXIMUM 6 SHOTS
STYLE: Ultra-cinematic automotive commercial, grounded realism, extreme speed, high pressure, professional street-racing film.
CHARACTER REFERENCES
@image1 = Sharon Riley, western female street racer, age 24, athletic build, fair skin, blue eyes, long golden-blonde wavy hair with natural volume and movement, visible pores, realistic skin texture, subtle freckles, natural sweat sheen, no beauty filter, no AI skin smoothing, focused and determined expression only. Sharon Riley is ONLY driving the baby pink Toyota Supra 2026.

@image2 = Western male street racer, age 28, athletic build, short dark brown textured hair, intense dark eyes, light stubble beard, realistic skin texture, visible pores, facial hair detail, sweat and imperfections visible, focused competitive expression only. He is ONLY driving the blue Nissan GT-R 2026.

@image3 = Night-time industrial street racing environment reference. This defines lighting, atmosphere, haze, reflections, architecture, streetlights, and overall mood. It is NOT the literal starting frame. Environment evolves naturally while maintaining consistent lighting, tone, haze, and industrial aesthetic.

STRICT CONSISTENCY RULES

One driver per car at all times.

Sharon Riley appears ONLY inside the baby pink Toyota Supra 2026.

Male racer appears ONLY inside the blue Nissan GT-R 2026.

No driver duplication.

No body doubles.

No passenger seats occupied.

Close-ups must feature only one character per shot.

No smiling.

Only pressure, focus, determination, and competition.

Skin realism is critical throughout the film.

Visible pores, skin texture, sweat droplets, facial imperfections, eyelashes, facial hair, and individual hair strands must remain visible.

No beauty filters.

No AI smoothing.

Cars have NO LICENSE PLATES.

Vehicle identities must remain consistent throughout every shot.

VEHICLES

Car 1:
2026 Toyota Supra
Gloss baby pink paint
Black aerodynamic wheels
Aggressive stance
Driven only by Sharon Riley

Car 2:
2026 Nissan GT-R
Metallic electric blue paint
Black forged wheels
Aggressive wide-body stance
Driven only by the male racer

SHOT 1 — DYNAMIC INTRO (0.0–2.5s)
Fast gimbal sweep moving through a dense crowd of spectators gathered along an industrial street at night.
Phones raised.
Camera flashes firing.
Atmospheric haze drifting through the scene.
The sweep reveals both cars stationary side by side at the start line.

The baby pink Toyota Supra 2026 sits on one side with Sharon Riley visible through the driver's window.
The blue Nissan GT-R 2026 sits beside it with the male racer visible through the driver's window.
Headlights cut through haze.
Industrial lights reflect across bodywork.
The atmosphere feels tense, loud, and dangerous.
Both drivers remain motionless and intensely focused.

SHOT 2 — DRIVER CLOSE-UP: SHARON RILEY (2.5–3.75s)

Extreme close-up.

Only Sharon Riley is visible.

No other character appears.

Camera remains completely stable.

Ultra-real skin detail.

Visible pores.

Subtle freckles.

Natural sweat beads.

Individual eyelashes.

Tiny facial imperfections.

Blue eyes locked forward.

Jaw tight.

Breathing controlled.

Background remains soft industrial bokeh from @image3.

No movement except tiny natural breathing.

SHOT 3 — DRIVER CLOSE-UP: GT-R DRIVER (3.75–5.0s)

Extreme close-up.

Only the male GT-R driver is visible.

No other character appears.

Ultra-real skin texture.

Visible pores.

Facial hair detail.

Sweat on forehead and temples.

Dark eyes focused.

He slowly turns his head slightly toward Sharon Riley's lane.

Industrial bokeh remains stable.

No camera movement.

No smiling.

Only competitive pressure.

SHOT 4 — RACE LAUNCH (5.0–7.0s)

Ultra-low rear three-quarter angle.

Both cars launch violently from the line.

The baby pink Toyota Supra demonstrates authentic rear-wheel-drive behavior.

Rear tires spin aggressively.

Smoke erupts from rear tires only.

Visible rear suspension squat.

The blue Nissan GT-R launches with aggressive all-wheel-drive grip.

Minimal wheelspin.

Explosive forward acceleration.

Subtle camera shake from launch force.

Streetlights streak immediately as speed increases.

SHOT 5 — HIGH-SPEED SIDE TRACKING (7.0–10.0s)

High-speed side tracking shot.

Camera perfectly matches vehicle speed.

Both cars exceed 100 mph.

Cars remain perfectly aligned.

Heavy motion blur.

Industrial environment whips past.

Streetlights stretch into long streaks.

Reflections race across paintwork.

Drivers remain visible through side windows.

Sharon Riley is visible only inside the baby pink Supra.

Male racer is visible only inside the blue GT-R.

No character duplication.

Extreme sensation of speed.

SHOT 6 — FRONT TRACKING TO TELEPHOTO FINISH (10.0–15.0s)

Begins as an aggressive front tracking shot.

Headlights flare into the lens.

Rapid driver intercuts occur while maintaining one-character-per-shot.

Sharon Riley briefly glances left toward the GT-R before instantly refocusing on the road.

Visible pores and sweat catch flickering streetlight reflections.

Cut to the male GT-R driver.

He briefly looks right toward the Supra before refocusing.

Visible facial hair, pores, sweat, and skin texture remain clear despite speed.

Transition into a long telephoto front-facing shot.

Camera becomes completely static.

Distance compression increases dramatically.

Both vehicles race directly toward camera at extreme speed.

Initially they remain perfectly aligned.

Streetlights create rhythmic flashes across both vehicles.

The blue Nissan GT-R driven by the male racer gradually gains a slight advantage.

The lead is small but decisive.

The baby pink Toyota Supra driven by Sharon Riley remains immediately behind.

Both cars continue accelerating toward camera.

At the final moment both vehicles blast past the lens at maximum speed.

Violent motion blur whip.

Strong camera shake.

Cars disappear instantly.

Road becomes empty.

Only lingering haze remains.

Headlight reflections fade.

Engine sounds disappear into the distance.

Clean cinematic ending.

AUDIO

No music.

Only authentic environmental sound.

Crowd noise.

Engine revs.

Turbo sounds.

Tire spin.

Road noise.

Wind rush.

Doppler pass-bys.

Mechanical detail.

FINAL VISUAL STYLE

Ultra-cinematic realism.

Hollywood automotive commercial quality.

Extreme sensation of speed.

Grounded physics.

Industrial night-racing atmosphere.

Heavy motion blur.

Natural lens artifacts.

Streetlight streaking.

Photorealistic humans.

Photorealistic vehicles.

Consistent identities throughout.

Pressure and focus dominate every frame."
renoise-2068907293220180011,A young Japanese food delivery rider receives a hot food order on her…,,其他,,广告带货,,ja,Seedance 2.0,,,renoise-ai/awesome-seedance-prompts,https://github.com/renoise-ai/awesome-seedance-prompts/blob/904b6caffa21c2b114bb93e1bd0e37ba80b3dd10/data/prompts/2068907293220180011.json,CC-BY-4.0,Smiling Khan,https://x.com/AIwithkhan/status/2068907293220180011,True,prompts/其他/广告带货/renoise-2068907293220180011--A-young-Japanese-food-delivery-rider-rec.md,"A young Japanese food delivery rider receives a hot food order on her smartphone while relaxing at a small apartment. Modern Japanese city setting, realistic live-action style, natural lighting, authentic delivery-app interface. Her phone vibrates with a new order notification. She smiles, checks the details, and taps ""Accept Order.""

Cut to a cozy ramen restaurant. The girl arrives carrying a professional insulated delivery backpack. The restaurant staff hands her a freshly prepared hot meal in branded packaging. Close-up shots of steaming food containers, careful packaging, and warm kitchen lighting. She checks the order details, secures the food inside her insulated bag, and zips it closed.

She puts on her helmet and starts her scooter. Cinematic tracking shots follow her through vibrant Japanese streets filled with pedestrians, convenience stores, neon signs, crosswalks, bicycles, and city life. Dynamic camera angles capture her riding smoothly through narrow alleys and bustling urban roads. Natural traffic sounds, city ambience, and energetic background music.

The food remains safely stored in the insulated backpack as she navigates through the city. Drone shots reveal Tokyo-style city blocks and busy intersections. Close-ups show her checking navigation on her phone at traffic lights and confirming the delivery location.

She arrives at a quiet residential neighborhood. The camera follows her walking to the customer's front door with the hot meal. She politely rings the doorbell and waits. The customer opens the door with a smile. She hands over the food package with professional courtesy and a friendly bow.

Close-up of the customer opening the bag and seeing hot steam rise from the freshly delivered meal. The customer smiles appreciatively and gives a thumbs-up. The delivery rider receives a positive delivery notification on her phone.

The final sequence shows her walking back to her scooter, checking her completed delivery status, smiling with satisfaction, and riding off toward the next order as the sun sets over the city.

Style: Realistic live-action commercial, Japanese slice-of-life aesthetic, food delivery advertisement, UGC vlog feel mixed with cinematic filmmaking.

Camera: Handheld shots, gimbal tracking, scooter-mounted camera, drone city reveals, close-up food shots, smooth cinematic transitions.

Visual Quality: Ultra-realistic, natural lighting, shallow depth of field, authentic Japanese city atmosphere, vibrant urban colors, premium commercial quality, 4K HDR, 16:9 widescreen.

Mood: Friendly, energetic, reliable, heartwarming, everyday hero story, authentic food delivery experience.

Negative Prompt: Animation, Pixar style, cartoon characters, unrealistic cityscape, fantasy elements, blurry food, empty streets, low-quality rendering, exaggerated expressions, unrealistic vehicles, subtitles, text overlays, watermarks."
renoise-2068922521076875598,"PLAYER A: dark skin, black hair, white-and-sky-blue striped kit, number 9.",,漫剧,特效向,战斗大招,3D卡通,en,Seedance 2.0,,,renoise-ai/awesome-seedance-prompts,https://github.com/renoise-ai/awesome-seedance-prompts/blob/904b6caffa21c2b114bb93e1bd0e37ba80b3dd10/data/prompts/2068922521076875598.json,CC-BY-4.0,Yurii Yeltsov,https://x.com/yura_elkin/status/2068922521076875598,True,"prompts/漫剧/特效向/战斗大招/renoise-2068922521076875598--PLAYER-A-dark-skin,-black-hair,-white-an.md","PLAYER A: dark skin, black hair, white-and-sky-blue striped kit, number 9.
PLAYER B: fair skin, brown hair, dark maroon-and-black kit, number 11.
Arena: open football pitch at night, floodlights blazing, packed roaring crowd filling the stands on all sides, goal visible at one end.

HUD always visible, never disappears: health bar top-left sky-blue (Player A), health bar top-right maroon (Player B), round indicator center-top.

Shot 1 (0-1s): Static WIDE, low angle. Player A right, Player B left, combat stance at center pitch, floodlights blazing overhead, tension held.

Shot 2 (1-3s): Player A EXPLODES forward in a fast three-hit combo — right hook, left hook, finishing high kick — each strike punctuated by a bright IMPACT FLASH and sharp screen shake, Player B reeling further back with each hit before being launched sideways off his feet on the final kick. Camera performs a tight 180° ORBIT circling the combo as it lands, motion blur trailing each strike. Speed ramp 100%→200% across the combo.

Shot 3 (3-4.5s): Player A winds up and HURLS a blazing fireball shaped like a soccer ball from both hands, the orb crackling with orange-white energy as it leaves his palms. Camera PUSH-IN on the throw, then snaps into a fast TRACKING shot flying alongside the fireball as it streaks across the pitch, energy trail blazing behind it. Speed ramp 100%→180%.

Shot 4 (4.5-6s): The fireball ROCKETS toward Player B, floodlights and grass blurring past beneath the camera as it tracks alongside, heat distortion rippling off the orb's surface. Speed ramp 200%.

Shot 5 (6-7.5s): The fireball SLAMS into Player B with a brilliant IMPACT FLASH and an expanding shockwave of orange light, launching him backward through the air and into the stadium stands, seats and barriers shuddering on impact, a burst of light and debris. Camera TRACKS alongside him at flight height then PULLS BACK to a wide shot capturing the impact into the stands.

Shot 6 (7.5-10.5s): Player B rises slowly from the wreckage, throws both arms skyward, and ROARS — a surge of pale energy erupting upward behind him as a colossal ghostly clone of himself materializes, towering over the stadium, translucent and crackling with light. Camera starts on a LOW ANGLE ECU of his roaring face, then PULLS BACK into a sweeping WIDE shot to reveal the clone's full towering scale against the floodlit stadium. Speed ramp 80%→100%.

Shot 7 (10.5-15s): The colossal ghost clone SWINGS a massive kick down toward Player A — bright IMPACT FLASH erupting on contact — the same motion launching Player A rocketing backward through the air, blasting straight out of the stadium and into the night sky beyond the floodlights. Camera performs a fast 180° ORBIT around the clone's kick at the moment of impact, then snaps into a fast TRACKING shot following Player A's flight out past the stadium walls, finally settling on a wide static shot of the glowing stadium against the night sky as bold text ""Kylian Vin!"" fades in center-frame and holds. Speed ramp 90%→250% on the kick, then settling to 100% for the hold."
renoise-2068948424133923079,"use @ Image 2 as thestoryboard, dont render  numbers, text, or arrows",,漫剧,特效向,科幻机甲,3D卡通,en,Seedance 2.0,,,renoise-ai/awesome-seedance-prompts,https://github.com/renoise-ai/awesome-seedance-prompts/blob/904b6caffa21c2b114bb93e1bd0e37ba80b3dd10/data/prompts/2068948424133923079.json,CC-BY-4.0,MD,https://x.com/mdmadeit/status/2068948424133923079,True,"prompts/漫剧/特效向/科幻机甲/renoise-2068948424133923079--use-Image-2-as-thestoryboard,-dont-rende.md","use @ Image 2 as thestoryboard, dont render  numbers, text, or arrows

Use @ Image 3 maincharacter for the girl.
Use @ Image 1 for the mantis creatures.

STYLE: soft pastel stylized action animation, anime-inspired semi-3D illustration, clean cel-shaded rendering, smooth simplified forms, minimal but polished detail, pale blue-gray sky, dusty pink concrete ruins, muted beige and blush color palette, soft daylight, subtle haze, cinematic framing, dynamic camera movement, high-speed action, sharp silhouettes, clean shadows, light environmental dust, flying debris, shell casings, glass shards, intense but elegant action choreography.

SCENE: ruined pastel wasteland with broken concrete walls, exposed rebar, rubble-filled roads, and a battered yellow car with a red circle on the door. The girl with glasses is driving at high speed while pink mechanical mantis creatures chase her.

0:00–0:15
0:00–0:02 wide low front tracking shot of the yellow car speeding through the ruined road, tires bouncing over rubble, dust trailing behind, two mantis creatures sprinting along broken structures in pursuit.
0:02–0:04 first-person view from inside the car, her hands jerking the steering wheel left and right through tight ruin corridors, dashboard shaking, speed intense, quick glimpse of a creature in the windshield.
0:04–0:06 side chase shot as she leans out the driver-side window and fires her machine gun upward at a mantis creature leaping between crumbling pillars, muzzle flashes lighting her face, shell casings flying.
0:06–0:08 close-up inserts: foot slamming the pedal, hand shifting hard, rearview mirror vibrating, her focused melancholic eyes behind glasses, a blade arm scraping the side of the car.
0:08–0:10 overhead three-quarter shot as one mantis lands on the hood and strikes downward with its blade arms, cracking the metal, while she swerves violently and keeps driving.
0:10–0:12 first-person view again as she ducks, aims one-handed out the window, and fires at another mantis rushing alongside the car on long stilt-like legs, sparks and glass fragments bursting off the creature.
0:12–0:15 reveal a cliff gap ahead. She floors it. Dramatic low side angle as the car launches off the edge in slow motion. Midair, she is half out the window still firing at the diving mantis creatures around her, dust and debris trailing behind the car.

IMPORTANT: keep the pacing fast and cinematic, emphasize dynamic angles, occasional first-person view, vehicle speed, debris, tension, and aggressive creature pursuit. No text, no subtitles, no storyboard panels."
renoise-2068963637772132692,TITLE: NIGHT OF LEGENDS — World Cup 2026 Trailer,,漫剧,现实向,剧情短片,3D卡通,en,Seedance 2.0,,,renoise-ai/awesome-seedance-prompts,https://github.com/renoise-ai/awesome-seedance-prompts/blob/904b6caffa21c2b114bb93e1bd0e37ba80b3dd10/data/prompts/2068963637772132692.json,CC-BY-4.0,Jessica Collins,https://x.com/AIwithJessica/status/2068963637772132692,True,prompts/漫剧/现实向/剧情短片/renoise-2068963637772132692--TITLE-NIGHT-OF-LEGENDS-—-World-Cup-2026.md,"TITLE: NIGHT OF LEGENDS — World Cup 2026 Trailer

STYLE:
Semi-3D anime sports cinematic. Sharp anime facial features, expressive eyes, cel-shaded wet hair, realistic athletic body proportions. Heavy rain, realistic physics, dramatic floodlights, cinematic depth of field, premium sports-commercial quality, ultra-detailed motion, seamless character consistency across all cuts.
DURATION: 15 Seconds
FORMAT: 16:9
CHARACTER: Same football striker throughout all shots. Original fictional World Cup 2026-inspired kit with tournament crest.

────────────────────────────
CUT A — STADIUM AWAKENS
TIME: 0:00–0:03 (3 sec)
Wide cinematic stadium shot at night during heavy rain. Massive floodlights activate one by one around the arena, illuminating sheets of rain. The lone striker stands at the center circle with head lowered. Rain streams down his hair and jersey. His fists slowly tighten as each light ignites behind him, creating a powerful silhouette. Camera slowly pushes forward from a wide shot into a medium shot.

CAMERA:
Slow dolly-in, centered composition.

SOUND:
Floodlights powering on, distant crowd murmur, rainfall.
BGM:
Single deep sub-bass hit, dark and ominous.

────────────────────────────

CUT B — THE LOOK UP
TIME: 0:03–0:06 (3 sec)
Extreme close-up of the striker's face. Rain slides down his jawline and across his focused eyes. He lifts his head sharply toward camera. One controlled breath escapes. His eyes narrow with determination. Camera tracks slightly around his face before cutting to his first explosive step toward the ball.

CAMERA:
Extreme close-up, slow orbit, dramatic lens compression.
SOUND:
Heartbeat thud, sharp inhale, first boot impact on wet turf.

BGM:
Low rhythmic pulse synchronized to heartbeat.
────────────────────────────

CUT C — THE RUN & THE TOUCH
TIME: 0:06–0:09 (3 sec)

The striker accelerates through driving rain. Tight close-ups of boots striking wet turf. Quick touches push the ball forward. He performs a sharp body feint past the first defender. Instantly transitions into a low drag-back, leaving a second defender behind. Anime-style motion trails and rain streaks emphasize speed. Water splashes with every step.
CAMERA:
Tracking shot, low-angle action shots, dynamic speed ramps.

SOUND:
Rapid ball taps, splashing water, defenders fading behind.

BGM:
Fast cinematic percussion building intensity.
────────────────────────────

CUT D — THE BICYCLE KICK
TIME: 0:09–0:12 (3 sec)
The striker flicks the ball upward with a heel touch. Time slows dramatically. He launches backward into a fully inverted bicycle kick. Rain droplets freeze around him. Stadium lights create a glowing anime rim light around his silhouette. His boot strikes the ball at the highest point of the motion. The ball rockets toward goal through suspended rain particles.

CAMERA:
360-degree slow-motion rotation around athlete.
SOUND:
Deep whoosh, crowd gasp rising into roar, powerful strike impact.

BGM:
Massive orchestral crescendo at contact.

────────────────────────────
CUT E — THE NET & THE HERO
TIME: 0:12–0:15 (3 sec)

The ball blasts into the upper corner of the net beyond the goalkeeper's desperate dive. Net snaps violently. The crowd erupts. The striker lands, rolls smoothly onto his feet, and stands motionless in the rain. His chest rises and falls from exertion. Camera slowly pushes into a close-up hero portrait as rain falls around him. Final title appears.

TEXT OVERLAY:
""NIGHT OF LEGENDS""
CAMERA:
Goal shot → Hero medium shot → Close-up portrait.

SOUND:
Net snap, stadium explosion of cheers, breathing settling.
BGM:
Heavy bass drop resolving into a victorious orchestral finale.

────────────────────────────
CONSISTENCY NOTES

• Use Cut B close-up as character reference for all cuts.
• Maintain identical face, hairstyle, eye shape, and kit throughout.
• Same rain density from beginning to end.
• Same stadium architecture and floodlight configuration across all shots.
• Consistent semi-3D anime sports aesthetic.
• Continuous musical build from tension to triumph.
• Realistic football physics and natural athletic movement.
• Cinematic sports-commercial quality throughout."
renoise-2068987172443877480,A stylized painted action sequence on a steep alpine face in bright hard-edged…,,真人,现实向,运动,,en,Seedance 2.0,,,renoise-ai/awesome-seedance-prompts,https://github.com/renoise-ai/awesome-seedance-prompts/blob/904b6caffa21c2b114bb93e1bd0e37ba80b3dd10/data/prompts/2068987172443877480.json,CC-BY-4.0,underwood,https://x.com/underwoodxie96/status/2068987172443877480,True,prompts/真人/现实向/运动/renoise-2068987172443877480--A-stylized-painted-action-sequence-on-a.md,"A stylized painted action sequence on a steep alpine face in bright hard-edged daylight: a female skier matching the reference exactly—white-and-orange racing suit, red goggles, white helmet with a spiked red plume, red poles, red boots, black-and-red skis with bold red lettering—bursts downhill through jagged dark rocks and a sharp cliff-edge jump lip. Open with a wide whip-follow tracking shot as she rockets toward the lip and launches, snow blasting behind her; cut to a medium orbit at the apex as she grabs one ski and twists into a fast controlled spin against the crisp blue sky, poles flaring outward; cut to a low downhill impact shot with a slight crane-down feel as she slams the landing and detonates a huge wall of snow spray, motion blur only in the spray and flying chunks; finish with a longer wide tracking shot as she carries that momentum into a fierce high-speed slalom, carving left-right through a narrow rock corridor on the steep snow face. Keep the palette icy white, glacier blue, charcoal rock, signal orange, and crimson red, with bold painterly large color blocks, hard-edged light and shadow, minimal texture noise, Arcane-meets-Valorant splash-art energy, thrilling kinetic motion, and strict visual continuity across all four cuts."
