id,title,title_en,medium,direction,genre,art_style,language,model,access,audit_reason,source_repo,source_url,license,original_author,original_post_url,third_party_author,path,prompt
renoise-2080597845019881892,Create a 15-second photorealistic Korean Butter Tteok commercial using @image1…,,其他,,广告带货,,en,Seedance 2.0,,,renoise-ai/awesome-seedance-prompts,https://github.com/renoise-ai/awesome-seedance-prompts/blob/904b6caffa21c2b114bb93e1bd0e37ba80b3dd10/data/prompts/2080597845019881892.json,CC-BY-4.0,Kent Dhani,https://x.com/kentdhani/status/2080597845019881892,True,prompts/其他/广告带货/renoise-2080597845019881892--Create-a-15-second-photorealistic-Korean.md,"Create a 15-second photorealistic Korean Butter Tteok commercial using @image1 only as a visual reference for the Korean female model, Butter Tteok package, ingredients, cooking process, food styling, kitchen, restaurant, and scene progression. Convert it into continuous full-screen live-action footage. Do not reproduce the storyboard grid, panel labels, timecodes, headings, Chinese captions, borders, or graphic annotations.

Open with an extreme macro shot of glossy Butter Tteok bubbling gently in a pan. A golden butter cube begins to melt over the orange-red sauce as warm steam rises.

A young Korean woman in a cream knit sweater sits near a bright kitchen window and remembers a comforting Korean flavor from a past trip. She opens the cream-colored Butter Tteok package on a wooden counter, revealing the rice cakes, sauce packet, and seasoning.

Show the rice cakes cooking in gently boiling water, then being coated evenly with a thick glossy sauce. Place one golden butter cube in the center and show it melting slowly while sesame seeds and herbs fall naturally over the dish.

Korean narration:

「오늘은, 조금 특별한 한국의 맛.」
「여행에서 만났던 그 따뜻한 한입이 생각날 때.」
「버터 떡볶이면, 집에서도 간편하게.」
「쫄깃한 떡을 부드럽게 익히고.」
「진한 소스로 맛있게 감싸면.」
「마지막 버터 한 조각으로, 더 깊고 부드럽게.」

The woman lifts one rice cake with chopsticks, tastes it naturally, and says:

「음, 이 맛이었어!」

Transition to a cozy Korean restaurant at night. She places the Butter Tteok in the center of the table while three adult friends reach in with chopsticks. She says:

「맛있는 건 같이 먹어야지!」

End with a premium product hero shot of the cream Butter Tteok package beside a black pan filled with glossy rice cakes, melting butter, sesame, and herbs. Final Korean narration:

「간편하게 즐기는 따뜻한 행복, 버터 떡볶이.」"
renoise-2080600145062670346,"A full-body anime-inspired character with very long white hair, pink and mint…",,漫剧,现实向,剧情短片,2D日漫,en,Seedance 2.0,,,renoise-ai/awesome-seedance-prompts,https://github.com/renoise-ai/awesome-seedance-prompts/blob/904b6caffa21c2b114bb93e1bd0e37ba80b3dd10/data/prompts/2080600145062670346.json,CC-BY-4.0,ibexdream,https://x.com/ibexdream/status/2080600145062670346,True,prompts/漫剧/现实向/剧情短片/renoise-2080600145062670346--A-full-body-anime-inspired-character-wit.md,"A full-body anime-inspired character with very long white hair, pink and mint oversized techwear, hood with decorative patches, extra-large headphones, toy-like mechanical side gear, a simple short dress, exaggerated chunky shoes, soft watercolor-like rendering, fashion illustration feel, white background, no text"
renoise-2080600249253728591,Part 1 (0–15 Seconds),,真人,特效向,动作大片,,en,Seedance 2.0,link-only,copyrighted-character,renoise-ai/awesome-seedance-prompts,https://github.com/renoise-ai/awesome-seedance-prompts/blob/904b6caffa21c2b114bb93e1bd0e37ba80b3dd10/data/prompts/2080600249253728591.json,CC-BY-4.0,Sharon Riley,https://x.com/Just_sharon7/status/2080600249253728591,True,prompts/真人/特效向/动作大片/renoise-2080600249253728591--Part-1-0–15-Seconds.md,
renoise-2080607930181992473,"Use @myce_storyboard_2.png (panels 5–8) as the sequential keyframe reference,",,漫剧,特效向,奇幻冒险,3D卡通,ja,Seedance 2.0,,,renoise-ai/awesome-seedance-prompts,https://github.com/renoise-ai/awesome-seedance-prompts/blob/904b6caffa21c2b114bb93e1bd0e37ba80b3dd10/data/prompts/2080607930181992473.json,CC-BY-4.0,タナベ | 動画・音声生成AI解説,https://x.com/tanabe_fragm/status/2080607930181992473,True,prompts/漫剧/特效向/奇幻冒险/renoise-2080607930181992473--Use-myce_storyboard_2.png-panels-5–8-as.md,"Use @myce_storyboard_2.png (panels 5–8) as the sequential keyframe reference,
and @myce_reference_sheet.png as the strict identity anchor for the woman's face AND the MYCÉ bottle.
Animate a 15s vertical (9:16) Pixar-style cinematic commercial — PART 2 of 2.
This part CONTINUES directly from a deep dive into a dark micro world.

Maintain the SAME character AND the SAME ""MYCÉ"" bottle design throughout — identical face, bob,
beige knit top, and identical bottle (matte cream body, cork-look cap, earth-tone mushroom motif,
serif ""MYCÉ"" wordmark). No deformation, no identity drift, no label/design drift.

STYLE:
Pixar-quality 3D animation, luminous bioluminescent magic, cinematic bloom and volumetric light,
bold color storytelling from a luminous glowing forest toward rich warm vibrant color,
expressive character acting, dreamy depth of field, epic-yet-cozy commercial polish.

FOCUS:
magical mycelium light spectacle, strong before/after color transformation,
clean product hero of the MYCÉ bottle, emotionally uplifting arc, satisfying CTA.

[0s – 5s]
SHOT 5 — BLOOM / the spectacle.
Continuing from the dark dive, a magical forest of glowing mushrooms erupts into bloom in a sweeping
timelapse, luminous spores drifting, radiant light spreading in every direction. Grand hero moment.
Camera sweeps upward through the blooming forest.
Voiceover (Japanese): 「小さなキノコの、大きなめぐり。」

[5s – 9s]
SHOT 6 — TRANSFORMATION / color and air clear.
The light rushes back to her; the grey desaturation lifts and warm color floods the clean, tidy room.
The window opens to a bright sky, her hair lifts in a fresh breeze, and a few soft sparkles of warm
light bloom gently in the air. She lifts her head and breathes in, refreshed.
Clean and airy — no dust, no fungus in the room.
Camera gentle push-in on her brightening face.
Voiceover (Japanese): 「内側から、ととのっていく。」

[9s – 12s]
SHOT 7 — JOY / light day.
She steps into a vibrant warm colorful world, opens her arms, takes a deep breath, radiant hopeful smile.
Soft god-rays and sparkle. Camera slow pull-back revealing the lush colorful scene.
Voiceover (Japanese, brighter): 「今日が、こんなに軽い。」

[12s – 15s]
SHOT 8 — CTA.
Hero shot of the MYCÉ bottle in the luminous forest; she smiles directly at camera beside it,
cheerful and confident. Sparkle bloom, clean end frame.
Camera slow push-in to a still hero composition.
Voiceover (Japanese, upbeat): 「MYCÉ。今なら初回半額。プロフィールからチェックしてね。」

AUDIO (generate in Seedance):
Music: cinematic score that bursts into a magical swell at the bloom, then resolves warm, uplifting,
and joyful through the finale.
SFX: sparkling shimmer and airy bloom swells for the forest, a soft fresh breeze and light chime as
color returns to the room, gentle uplifting sparkle on the final CTA.
Voiceover: clear friendly Japanese female voice, warm and bright, confident on the CTA line.

NO BURNED-IN SUBTITLES. NO ON-SCREEN CAPTIONS. NO TITLES. NO WATERMARKS. NO UI ELEMENTS. NO SPEECH BUBBLES.
Japanese voiceover is ALLOWED as audio only; all other storytelling through visuals, performance, and sound design."
renoise-2080611198597525823,Create a 15-second vertical 9:16 cinematic sci-fi pickup truck ad for the U.S…,,其他,,广告带货,,en,Seedance 2.0,,,renoise-ai/awesome-seedance-prompts,https://github.com/renoise-ai/awesome-seedance-prompts/blob/904b6caffa21c2b114bb93e1bd0e37ba80b3dd10/data/prompts/2080611198597525823.json,CC-BY-4.0,Ima Studio,https://x.com/ImaStudio_ai/status/2080611198597525823,True,prompts/其他/广告带货/renoise-2080611198597525823--Create-a-15-second-vertical-9-16-cinemat.md,"Create a 15-second vertical 9:16 cinematic sci-fi pickup truck ad for the U.S. market. In a bright American supermarket parking lot, a metallic gunmetal pickup drops from the sky and lands safely in an empty space. A man films from a first-person phone POV; only his hands and phone appear. A blue-white AR interface scans the vehicle and displays a TRANSFORM button. After he taps it, the pickup mechanically transforms into an original giant automotive mech. The grille and headlights become chest armor, wheels move to the shoulders and legs, doors form arm armor, and the truck bed becomes back armor. Use realistic gears, rails, hydraulic pistons, and locking mechanisms. End with a low-angle hero shot. Photorealistic 4K, premium U.S. automotive commercial, natural daylight, realistic metal, no dialogue."
renoise-2080621304793772148,I am providing a reference video [VIDEO REFERENCE] as motion input. Use it as…,,其他,,广告带货,,en,Seedance 2.0,,,renoise-ai/awesome-seedance-prompts,https://github.com/renoise-ai/awesome-seedance-prompts/blob/904b6caffa21c2b114bb93e1bd0e37ba80b3dd10/data/prompts/2080621304793772148.json,CC-BY-4.0,Alex Patrascu,https://x.com/maxescu/status/2080621304793772148,True,prompts/其他/广告带货/renoise-2080621304793772148--I-am-providing-a-reference-video-VIDEO-R.md,I am providing a reference video [VIDEO REFERENCE] as motion input. Use it as the movement and choreography reference to regenerate the scene as it would appear in a yoga video produced by a high-end luxury brand.
renoise-2080631243008323889,"Generate a 15-second, 16:9 hand-drawn Japanese-style 2D Sakuga fight.",,漫剧,特效向,战斗大招,绘画风,en,Seedance 2.0,,,renoise-ai/awesome-seedance-prompts,https://github.com/renoise-ai/awesome-seedance-prompts/blob/904b6caffa21c2b114bb93e1bd0e37ba80b3dd10/data/prompts/2080631243008323889.json,CC-BY-4.0,Larus Canus,https://x.com/MrLarus/status/2080631243008323889,True,"prompts/漫剧/特效向/战斗大招/renoise-2080631243008323889--Generate-a-15-second,-16-9-hand-drawn-Ja.md","Generate a 15-second, 16:9 hand-drawn Japanese-style 2D Sakuga fight.

Use the character sheets to lock both characters’ faces, proportions, outfits, weapons, and elemental identities. Use the storyboard only as an ordered reference for key poses, movement paths, spatial relationships, and camera direction. Do not copy its rough line-art appearance.

The fight takes place on a circular bronze sea altar exposed at low tide, covered with shallow water, concentric engravings, broken pillars, sea mist, and a distant returning ocean wall.

Motion Phrase 1: the tide warrior controls the center while the fire warrior accelerates around the outer ring, cuts inward along a tangent, and is redirected into a tightening circular path.

Motion Phrase 2: the fire warrior plants the spear as a pivot, swings beneath the tide warrior’s staff, enters a close weapon lock, vaults over the opponent, and exchanges position through visible physical movement.

Motion Phrase 3: two offset fire-wheel trajectories form around the arena while the tide warrior creates a centripetal pressure well. The fire warrior attacks the weaker off-center edge, causing an uneven fire-and-water rupture that throws both characters toward opposite sides.

Emphasize anticipation, compression, burst, contact, hit-stop, overshoot, recoil, recovery, redirected momentum, and physical re-entry.

The fire warrior uses centrifugal movement, fast radius changes, spear-supported pivots, and two separate fire wheels under the feet.

The tide warrior uses centripetal pressure, lowered balance, circular redirection, controlled rotation, and a dual-ended tide staff.

Keep all VFX tied to bodies, feet, weapons, water surfaces, and real movement paths. Use restrained effects during the first two Motion Phrases and save the full fire rings and tide-pressure well for the final exchange."
renoise-2080634988555559168,"Main subject from <<<image_1>>> lock her completely. Face, skin tone…",,真人,现实向,时尚写真,,en,Seedance 2.0,,,renoise-ai/awesome-seedance-prompts,https://github.com/renoise-ai/awesome-seedance-prompts/blob/904b6caffa21c2b114bb93e1bd0e37ba80b3dd10/data/prompts/2080634988555559168.json,CC-BY-4.0,𝐌,https://x.com/Strength04_X/status/2080634988555559168,True,prompts/真人/现实向/时尚写真/renoise-2080634988555559168--Main-subject-from-image_1-lock-her-compl.md,"Main subject from <<<image_1>>> lock her completely. Face, skin tone, proportions, outfit identical throughout. Sage hoodie, black wide-leg trousers, tabi socks, slip-on sandals, low bun with wooden pins, jade earrings. Japanese woman, early-20s, late-90s DV camcorder aesthetic.
Setting is a quiet residential edge of Kyoto narrow stone paths alongside bamboo groves, old wooden fences, small stone lanterns, moss-covered walls, a wooden gate half-open, low autumn light filtering through bamboo casting long shadows.
Camera must feel like raw tourist DV footage  heavy shake, constant small reframing, lens breathing on slow zooms, autofocus stuttering between bamboo and subject, faded desaturated color, mild digital noise and compression blocks, no stabilization, no modern look.
She starts crouched near a stone lantern, brushing fallen bamboo leaves off it gently with her palm. Camera follows as she stands and walks slowly along the stone path, trailing one hand along the bamboo. Midway she stops, tilts her head back to look straight up at the bamboo canopy, mouth slightly open in quiet awe. Then she sits on a worn wooden step near a gate, pulling out a small notebook and writing. Mid-section a single bamboo leaf lands in her hair — she doesn't notice, keeps writing. Close shot from the left — she looks up from her notebook toward something off-frame, raises a hand and says ""Sumimasen"" softly — camera drifting late to catch it. Final shot: she walks ahead into morning mist between the bamboo, slows, half-turns back at the lens with a quiet private smile — then the camcorder cuts to black mid-walk.
Audio: bamboo creaking softly, leaves skittering on stone, distant temple bell, pen on paper, light footsteps, faint breeze, no music, no sound design."
renoise-2080642139730399634,"A Day in My Life as a 23-Year-Old Fashion Designer (50 sec–1 min, 16:9)",,真人,现实向,生活与vlog,,en,Seedance 2.0,,,renoise-ai/awesome-seedance-prompts,https://github.com/renoise-ai/awesome-seedance-prompts/blob/904b6caffa21c2b114bb93e1bd0e37ba80b3dd10/data/prompts/2080642139730399634.json,CC-BY-4.0,Maria,https://x.com/thisismariaa25/status/2080642139730399634,True,prompts/真人/现实向/生活与vlog/renoise-2080642139730399634--A-Day-in-My-Life-as-a-23-Year-Old-Fashio.md,"A Day in My Life as a 23-Year-Old Fashion Designer (50 sec–1 min, 16:9)

Create an ultra-realistic lifestyle vlog following a 23-year-old female fashion designer through a full day in her life. The video should feel like a real TikTok/YouTube day-in-my-life vlog filmed on a high-quality smartphone camera with natural lighting, realistic skin texture, subtle handheld movement, casual imperfect framing, and authentic lifestyle moments. Avoid a cinematic fantasy look and make it feel like genuine daily content.

Format: 16:9 horizontal
Duration: 50 seconds–1 minute
Style: Ultra-realistic, modern fashion influencer vlog, luxury yet relatable lifestyle, natural colors, realistic camera exposure, authentic background sounds.
Camera: iPhone-style handheld footage mixed with a few tripod/self-filmed clips, slight camera shake, natural autofocus shifts, close-up lifestyle details.

Scene 1 (0:00–0:08): Early morning in a beautiful modern apartment inspired by Paris, Milan, or New York. The bright minimalist bedroom features large windows with soft morning sunlight, neutral bedding, fashion books on the nightstand, fabric samples, sketches pinned to a mood board, and a clothing rack filled with designer pieces. She turns off her alarm, stretches naturally, sits on the edge of the bed looking slightly sleepy, then picks up her phone to record a quick selfie clip. Dialogue: ""Good morning... I have a pretty busy day today, so let's get ready together."" She walks to the bathroom where she brushes her teeth, completes her skincare routine, applies moisturizer, and fixes her hair in the mirror. Background sounds include birds outside, apartment ambience, running water, and phone notifications.

Scene 2 (0:08–0:15): She sits in a cozy modern kitchen wearing an oversized white shirt, black leggings, a messy bun, and minimal jewelry. She prepares avocado toast, a fruit bowl, and coffee with close-up shots of coffee pouring, slicing avocado, and opening her laptop. She reviews her schedule on a tablet with design meetings, a fabric supplier call, and a fashion event invitation before writing notes in a sketchbook and flipping through clothing sketches. Dialogue: ""I usually start my mornings by checking my designs and planning everything I need to finish."" Background sounds include a coffee machine, kitchen ambience, pen writing on paper, and soft apartment noise.

Scene 3 (0:15–0:23): Transition to a modern luxury gym. She arrives wearing a black matching sports set, oversized zip-up hoodie, sleek ponytail, and wireless headphones. Show her walking into the gym, filling her water bottle, stretching, strength training, using the treadmill, fixing her hair in the mirror, and recording a quick mirror selfie. The camera feels like a friend filming her. Dialogue: ""Trying to get a workout in before work because my schedule gets crazy later."" Background sounds include gym equipment, quiet conversations, soft music, and footsteps on the gym floor.

Scene 4 (0:23–0:38): She arrives at her fashion design studio, a creative workspace filled with large windows, sewing machines, clothing racks, fabric rolls, mannequins with unfinished garments, mood boards, and sketches everywhere. She wears a tailored black blazer, fitted white tank top, wide-leg trousers, designer handbag, and sunglasses. Show her reviewing fabric samples, pinning fabric onto a mannequin, sketching new designs, adjusting a dress, collaborating with a small creative team, and reviewing designs on her laptop. Include close-ups of hands touching fabric, sewing details, textures, and fashion sketches. Dialogue: ""This is probably my favorite part of the day... actually seeing ideas turn into something real."" A coworker says, ""The new collection is coming together so well."" She smiles and replies, ""Thank you, we still have so much to do though."" Background sounds include sewing machines, moving fabric, keyboard typing, conversations, and studio ambience.

Scene 5 (0:38–0:47): Late afternoon. She meets two friends at a stylish outdoor café during golden hour. She has removed her blazer while keeping the rest of her work outfit, with her hair slightly more relaxed. Show coffee cups on the table, laughter, walking through the city, and browsing boutique storefronts. Dialogue: ""I finally get a little break before tonight's event."" One friend says, ""You better show us the outfit later."" Everyone laughs. Background sounds include café conversations, passing cars, pedestrians, and city ambience.

Scene 6 (0:47–0:55): Back home at sunset for a fast, realistic getting-ready montage. Show her opening her wardrobe, choosing an outfit, applying makeup, selecting jewelry, curling her hair, and spraying perfume. She changes into a stunning modern black gown or designer-inspired evening look with minimal luxury jewelry, heels, and a sleek hairstyle. She records herself in the mirror and says, ""Okay... ready for tonight.""

Scene 7 (0:55–1:00): She arrives at a luxury fashion event in a modern gallery filled with photographers, designers, models, and elegantly dressed guests. Show flashes from cameras, greeting other attendees, walking through the entrance, viewing runway displays, and networking with fellow designers. The final shot shows her smiling toward the camera while holding a drink, surrounded by beautiful fashion displays. Dialogue: ""Never thought this would be my everyday life.""

Visual requirements: Ultra-realistic human movement, natural facial expressions, realistic blinking and body language, authentic influencer vlog aesthetic, real fashion industry environments, premium but believable lifestyle, natural lighting throughout, realistic camera focus changes, smooth but believable transitions, subtle handheld movement, no exaggerated acting, no fantasy elements, no subtitles or text overlays, and background audio that enhances rather than overpowers the dialogue.

The final result should feel like a viral ""Come spend a day with me as a fashion designer"" vlog filmed by a real fashion creator on a smartphone."
renoise-2080642546678562969,A Ford Mustang speeds along Italian cliffs and launches off a ramp toward the…,,其他,,美食,,en,Seedance 2.0,,,renoise-ai/awesome-seedance-prompts,https://github.com/renoise-ai/awesome-seedance-prompts/blob/904b6caffa21c2b114bb93e1bd0e37ba80b3dd10/data/prompts/2080642546678562969.json,CC-BY-4.0,hedoήist,https://x.com/hedo_ist/status/2080642546678562969,True,prompts/其他/美食/renoise-2080642546678562969--A-Ford-Mustang-speeds-along-Italian-clif.md,"A Ford Mustang speeds along Italian cliffs and launches off a ramp toward the ocean at high speed; while airborne, the car undergoes a high-tech, fluid metamorphosis, transforming into a speedboat that races across the water. Fast-paced action scene, rapid motion blur. No music, ASMR sound."
renoise-2080647270911881217,"Cinematic anime short film, 15 seconds total. Underground fight club called The…",,漫剧,特效向,战斗大招,2D日漫,en,Seedance 2.0,,,renoise-ai/awesome-seedance-prompts,https://github.com/renoise-ai/awesome-seedance-prompts/blob/904b6caffa21c2b114bb93e1bd0e37ba80b3dd10/data/prompts/2080647270911881217.json,CC-BY-4.0,TechieSA,https://x.com/TechieBySA/status/2080647270911881217,True,"prompts/漫剧/特效向/战斗大招/renoise-2080647270911881217--Cinematic-anime-short-film,-15-seconds-t.md","Cinematic anime short film, 15 seconds total. Underground fight club called The Pit, dark raw concrete walls, exposed rusted pipes, red and orange neon Japanese signs on walls, single industrial light hanging from ceiling, thick smoke in the air, bloodstains on concrete floor, heavy punching bag hanging from chain in center of room.

Character: Kai, young male fighter, light brown skin, sharp angular face, high cheekbones, black messy undercut hair slightly damp with sweat, dark intense eyes, small scar above left eyebrow, lean muscular build, wearing worn grey sleeveless cut-off hoodie, black joggers rolled up at ankle, white fighter tape wrapped around both hands and forearms.

[0:00-0:02] OPENING — Extreme close up of Kai's hands in dim red neon light, slowly wrapping white fighter tape around his knuckles. Dead silence. Only sound of tape tearing. Red neon reflecting off skin. Heavy tense atmosphere.

[0:02-0:04] INTENSITY — Extreme close up of Kai's dark eyes only. Slow deep breathing. Camera slowly pushing in. Complete silence. Calm before the storm.

[0:04-0:13] MONTAGE — Music hits hard. Original cinematic vocal track, deep male voice singing dramatic powerful lyrics, not a real song, original composition, vocals loud and dominant over a heavy dark orchestral beat with deep bass. Fast cut sequence of Kai destroying the punching bag from every angle — low angle uppercuts, side profile hooks, wide shots of entire room, extreme close ups of fist on bag, slow motion sweat flying off hair, bag swinging violently, chain rattling, feet pivoting on concrete. Camera angles switching rapidly with every beat. Punch impact sounds layered under the music — heavy leather thuds, chain creaking, bag swinging. Red neon flickering with each impact. Kai getting more and more aggressive, completely in the zone. Music builds and builds, vocals getting more intense and powerful, orchestra swelling. Kai throws one final massive punch — chain SNAPS — loud metallic crack — bag crashes to the concrete floor with a thunderous boom, dust flying everywhere.

[0:13-0:15] ENDING — Music fades instantly. Silence. Close up of Kai's face. Chest heaving. Sweat dripping down his face and jaw. Heavy exhausted breathing loud in the silence. Red neon light glowing on his face. Eyes slowly closing then opening. Completely drained but victorious. Slow fade to black.

Style: Cinematic cel-shaded 3D anime, semi-realistic CGI, hand-painted textures, Unreal Engine quality, dramatic red and black color palette, film grain overlay, dynamic camera movement, original cinematic vocal music loud and dominant during montage, epic cinematic energy"
renoise-2080649072395116780,A fox-spirit swordswoman battles a mountain-sized white wolf god inside an…,,漫剧,特效向,奇幻冒险,3D卡通,en,Seedance 2.0,,,renoise-ai/awesome-seedance-prompts,https://github.com/renoise-ai/awesome-seedance-prompts/blob/904b6caffa21c2b114bb93e1bd0e37ba80b3dd10/data/prompts/2080649072395116780.json,CC-BY-4.0,Kiki,https://x.com/Mayz1169/status/2080649072395116780,True,prompts/漫剧/特效向/奇幻冒险/renoise-2080649072395116780--A-fox-spirit-swordswoman-battles-a-mount.md,"A fox-spirit swordswoman battles a mountain-sized white wolf god inside an ancient sacred forest covered in snow.

The battle begins instantly as the colossal wolf lunges toward her at extreme speed, tearing the frozen ground apart with its enormous claws while violent winds and snow sweep across the forest. She dashes between ancient trees, icy streams, cliffs, and ruined shrines, narrowly dodging its bites, pounces, and sweeping claw attacks.

Seizing every opening, she performs rapid quick-draw sword strikes, leaps from giant rocks and shrine rooftops, and races around the wolf’s enormous body while delivering a continuous close-range attack combo.

The wolf unleashes a devastating blizzard that engulfs the mountain forest. Ancient trees collapse, ice erupts from the ground, and shrine ruins shatter around them as the swordswoman continues attacking through the storm without slowing down.

Visual style:
Eastern fantasy × AAA action game × colossal boss battle.
Snow-covered sacred forest, ancient ruined shrine, gigantic white wolf god, fox-spirit swordswoman, cinematic camera movement, rapid quick-draw slashes, fluid close combat, swirling snow and blade trails, large-scale environmental destruction, epic fantasy atmosphere, and consistent reference-character design."
renoise-2080649250132951120,@图1 为角色一致性参考：便装形态与战衣形态的外貌、服装、配色与细节完全以图1为准，全程保持一致，不进行任何重新设计。@图2…,,漫剧,特效向,战斗大招,3D卡通,en,Seedance 2.0,,,renoise-ai/awesome-seedance-prompts,https://github.com/renoise-ai/awesome-seedance-prompts/blob/904b6caffa21c2b114bb93e1bd0e37ba80b3dd10/data/prompts/2080649250132951120.json,CC-BY-4.0,Cia0,https://x.com/Cia0_exe/status/2080649250132951120,True,prompts/漫剧/特效向/战斗大招/renoise-2080649250132951120--图1-为角色一致性参考-便装形态与战衣形态的外貌-服装-配色与细节完全以图1为准.md,"@图1 为角色一致性参考：便装形态与战衣形态的外貌、服装、配色与细节完全以图1为准，全程保持一致，不进行任何重新设计。@图2 为场景一致性参考：场景的建筑风格、色调、光线与空中缆车结构完全以图2为准。

【渲染风格·务必严格执行】
电影级3D渲染动画，表面覆盖手绘油画质感贴图（Painterly 3D Render）：
角色与场景为真实三维立体模型，具有完整体积感、透视与厚度，但材质表面呈现清晰可见的手绘笔触与颜料堆叠纹理，皮肤、布料、金属与石材皆为绘画质感而非照片写实。电影级体积光与大气透视，真实光线反射与次表面散射，浅景深与自然镜头虚化，色彩浓郁富有层次，高端3D绘画动画剧集质感（Arcane风格）。
绝非扁平2D作画，绝非赛璐璐平涂，绝非塑料感CG或游戏引擎质感。

晴朗正午，湛蓝天空与洁白积云，强烈明媚阳光，
装饰艺术风格垂直都市广场，米白与暖金建筑，深红条幅，纵横交错的空中缆车钢索。16:9。

[0-2秒] 便装登场·慵懒摇摆（摇臂下降揭示）：
镜头从极特写开始——悬空晃动的红黑运动鞋鞋尖，
镜头缓缓以摇臂姿态下降并后拉，逐渐揭示全身：
少年便装形态站在广场黄铜栏杆上，手里握着一罐饮料。
他慢悠悠地把双臂高高举过头顶、双手在头上方松松地交叠摊开，其中一只手仍轻松地捏着那罐饮料——
随着某种只有自己听得见的慢节奏，胯部与肩膀懒洋洋地左右摇摆，动作松弛拖沓、慢半拍，脑袋跟着一晃一晃，整个人吊儿郎当、毫不用力地扭动，猴尾在身后同步左右轻甩打着拍子；摇了两拍后他不紧不慢地把罐子放下来仰头喝了 口，再用空着的那只手朝镜头随手打了个响指顺势一指，咧嘴一笑露出虎牙，得意又欠揍。
逆光从建筑间洒落形成金色轮廓光，鸽群从他身后飞起。

[2-4秒] 警觉·眩晕变焦：远处传来轰鸣，广场彩旗剧烈晃动——
他猛地转头，镜头对他施加dolly zoom眩晕变焦
（背景急速拉伸、人物大小不变），琥珀色瞳孔骤然收缩，急推至双眼特写，眼中倒映着奔来的巨大阴影——
他嘴角一挑向后仰倒翻越栏杆坠落，饮料罐脱手飞出，镜头随他一同垂直下坠并轻微翻滚，广场急速逼近。

[4-6秒] 变身·螺旋环绕：升格慢镜，坠落中他张开双臂，红黑色战衣如液态金属自胸口纹章向四肢急速蔓延覆盖全身，金色线条沿躯干几何回路依次点亮，红色面罩最后合拢——六枚金色目镜同时亮起琥珀微光，猴尾覆上黑色装甲节环。
镜头以螺旋轨迹绕他垂直下坠环绕一整圈（Corkscrew Orbit），
天空与建筑在画面中旋转掠过，落地瞬间速度骤然恢复正常，单手触地激起环形气浪，镜头随落地冲击猛震一下。

[6-8秒] 绝技一·尾荡飞索（一镜到底）：他跃起，猴尾精准缠住缆车钢索，以尾巴为轴心高速荡出巨大弧线横越整个广场——
镜头化作另一个飞行体与他并肩同速穿行，一镜到底不切换：
穿过交错的钢索缝隙、掠过飘扬的深红条幅、擦过建筑立面浮雕，他在半空松尾翻转再度缠住下一根钢索，镜头随之whip pan急甩跟上，速度感炸裂。

[8-10秒] 绝技二·断索救援（力量展示）：一根钢索在轰鸣中崩断——一辆满载的红铜色缆车失去支撑向广场坠落！
镜头与缆车一同垂直下坠拍摄，建筑向上飞掠——
黑影自上方俯冲切入画面：他以猴尾死死缠住上方的黄铜塔尖，双手在最后一刻抓住缆车底部，整个身体被拉扯成一座绷紧的桥梁，镜头急速上摇成低角度仰拍：他悬于半空、尾巴绷成一条直线、战衣的金色线条因承力而剧烈流转爆亮，肌肉与装甲发出吱嘎声，石屑与断索碎片自他身侧坠落，阳光在他背后炸开——
他咬牙将缆车稳稳提起，气势磅礴。

[10-12秒] 绝技三·尾鞭连击（变速荷兰角）：他甩开缆车至安全平台后自高空俯冲而下，猴尾如钢鞭般在身侧甩出金色残影抽向地面激起石屑，借反作用力空中变向再次冲刺——
镜头以15°荷兰角低速跟随并施加速度坡度（慢-快-慢）：
每一次尾鞭抽击瞬间画面轻微顿帧再加速，
金色线条在高速运动中拖出流光轨迹，动感爆棚。

[12-13.5秒] 荡至最高点·倒挂成型（摇臂升起）：
他借最后一次冲势腾空跃起，猴尾如活物般精准卷住高空钢索并牢牢锁死——身体随惯性荡至弧线最高点后缓缓回落，升格慢镜：他以尾巴单点悬挂、头下脚上倒吊于半空，双臂随重力自然垂落舒展，金色线条在阳光下依次流转点亮，六枚金色目镜缓缓亮起直视镜头。
镜头以摇臂姿态自广场地面缓缓升起至与他平视并轻微环绕，身下是整座金色都市广场与喷泉彩虹，身后是湛蓝天空与洁白积云。

[13.5-15秒] 回旋镖·绘画感定格：他倒挂着伸出一只手——开场脱手的那罐饮料恰好从画面上方落下被他精准接住，他歪了歪头，猴尾在钢索上轻轻卷紧一圈，姿态松弛而自信。
镜头以低角度缓缓拉远并轻微旋转，展现他倒挂于纵横钢索之间的
完整构图：红金身影、湛蓝天空、金色都市、飞散的鸽群与喷泉水花——画面速度逐渐放慢至凝滞，最终骤然定格，定格瞬间画面材质的手绘笔"
renoise-2080651365920211094,A raging deep sea beneath a lead-black pre-storm sky — a pirate fleet runs at…,,漫剧,特效向,奇幻冒险,3D卡通,en,Seedance 2.0,,,renoise-ai/awesome-seedance-prompts,https://github.com/renoise-ai/awesome-seedance-prompts/blob/904b6caffa21c2b114bb93e1bd0e37ba80b3dd10/data/prompts/2080651365920211094.json,CC-BY-4.0,Kiki,https://x.com/Mayz1169/status/2080651365920211094,True,prompts/漫剧/特效向/奇幻冒险/renoise-2080651365920211094--A-raging-deep-sea-beneath-a-lead-black-p.md,"A raging deep sea beneath a lead-black pre-storm sky — a pirate fleet runs at full sail through mountainous swells: five wooden warships, the flagship at center, crimson colors snapping. A leviathan the size of a mountain range pursues the fleet: a serpentine colossus armored in deep-green-black scales veined with eerie green phosphorescence, a coral-like bone crown on its skull, the exposed ridge of its back alone stretching longer than three warships. A pirate captain (character reference ""SCARLET MARINER"": long rose-pink curls, teal eyes, a black-and-gold tricorn hat set with a ruby and red plume, a wine-red corseted pirate dress over white ruffled petticoats with golden-yellow puffed sleeves, gold chain ornaments and ruby pendants, black belt, black-and-gold high-heeled boots laced with red ribbon, black fingerless gloves, wielding a gold-hilted, ruby-set rapier) stands at the flagship's bow, plume and hair whipping in the gale.

[0-3s] Combat erupts in the first second: the leviathan detonates out of the sea — its colossal head, dragging a water-wall dozens of meters high, crashes down on a frigate at the fleet's flank: the wooden hull snaps in half between its jaws, masts cartwheeling skyward, and the impact wave sweeps the ocean like an avalanche, heeling the flagship violently. On the tilting bow the captain draws her rapier and braces as seawater cascades across the deck; she seizes a snapped line whipping past, swings out on it, and vaults clear of a leviathan tail-fin slamming down across the bow. Camera cuts from an upward monumental shot of the breach to the chaos of the heeling deck, then rides the arc of her rope-swing, spray blasting the lens.

[3-6s] Evasion among the rigging: the leviathan wheels and strikes again, jaws snapping three times at the flagship's upper works — she flies between the masts on the rigging: swinging to the mainyard and sprinting its length, leaping to the foremast, sliding down a sail-line — three swings threading three bites, each miss shearing away canvas or a section of yard, splinters and sailcloth whirling into the storm. On deck the gunners roar out a full broadside — a row of orange muzzle-flame hammering the beast's neck, blasted spray and phosphorescent scale-shards flying as it recoils shrieking. Camera alternates swing-POV and lateral tracking, with one backlit frame of her silhouette lit by the broadside.

[6-9s] Boarding the beast: under the broadside's cover she releases at the top of her swing — landing clean on the recoiling leviathan's neck scales! She sprints along the heaving ridge against the wind, rapier flickering into the scale-seams as she runs, each thrust jetting a line of green phosphorescence; the beast rolls violently to hurl her into the sea — she drops low, anchoring the blade in a seam to ride out a full sideways roll, then bursts up and charges to the base of the bone crown, driving the rapier two-handed into an old cracked scale — the leviathan howls, shaking the sea, and crash-dives! A blink before the water closes she kicks off the scales, catches a line thrown from the flagship, and swings back aboard. Handheld jolting POV along her spine-run, the camera rolling with the beast's roll, then a razor's-edge pull-back on her leap home.

[9-12s] Ambush from below and the fleet in peril: the sea falls dead silent but for rain and swell — seconds of eerie stillness, then the leviathan erupts from the fleet's opposite flank! Its body rises like a living mountain range, capsizing two warships in succession: one lifted whole from beneath and flipped, the other smashed in two by the sweeping tail, longboats tumbling in the wash. Fighting and fleeing, the fleet drives into the storm's edge — swells rising like canyon walls on either beam, the flagship shaving past a whirlpool's rim, reefs baring and drowning in the troughs, every ship at full speed with broadsides still answering the pursuing beast. The captain runs up to the helm on the sterncastle, one hand on the wheel, the other thrusting her rapier toward the storm's heart, shouting the order to charge. Wide pull-back on the leviathan's capsizing devastation, then lateral tracking on the fleet's perilous line through wave-canyons and the vortex.

[12-15s] Into the storm's heart: the fleet plunges into the rim of the storm's eye — ink-green thunderheads churning, lightning splitting down to blaze the sea white; the leviathan closes, its colossal head breaching dead astern of the flagship, eerie green eyes locked on the sterncastle, jaws yawning wide — the captain turns at the sterncastle's peak, plume thrashing in the deluge, and levels her rapier straight into the oncoming maw as lightning detonates the sky behind her and every cannon in the fleet swings to bear on the beast — freeze frame on captain, fleet, leviathan, and lightning in one frame: the pursuit unbroken, the sea-battle surging into the storm's climax.

Style: fantasy piracy × colossal boss battle × cinematic naval-warfare CG, with Pirates of the Caribbean's sea-battle staging, Sea of Thieves' fantastical ocean, and AAA boss-fight oppression. Character design strictly consistent throughout: black-gold tricorn with red plume, pink curls and teal eyes, wine-red dress with yellow puffed sleeves, gold chains and rubies, black-gold boots, gold-hilted rapier. Ocean physics is the core: mountainous waves, spray, water sheeting across heeling decks, driving rain, whirlpools, splintering hulls — all with true weight and fluid dynamics. The leviathan's mountain-scale oppression persists: breaching, biting, rolling, dive-ambushing, capsizing — every action reshapes the seascape. Her combat identity is ""rigging and rapier"": rope-swings, yard-runs, beast-boarding scale-thrusts, broadside-covered strikes — nimble precision against titanic brute force. Palette: lead-black storm sky, deep green sea, eerie green phosphorescence, wine-red and gold (captain), crimson colors, orange cannon-flame, blue-white lightning. Lighting: dim storm base, instantaneous blaze of broadsides and lightning, phosphorescent green accents. Camera: breach low-angle, deck-chaos tracking, swing POV, jolting spine-run view, capsizing panorama, wave-canyon lateral track, final lightning freeze — no hard cuts. 4K, cinematic lighting, HDR, rich spray and foam detail."
renoise-2080653278552150347,"Create a highly detailed, cinematic 15-second animated video set in a lively…",,漫剧,现实向,喜剧搞笑,3D卡通,en,Seedance 2.0,,,renoise-ai/awesome-seedance-prompts,https://github.com/renoise-ai/awesome-seedance-prompts/blob/904b6caffa21c2b114bb93e1bd0e37ba80b3dd10/data/prompts/2080653278552150347.json,CC-BY-4.0,Sarah Parker,https://x.com/SeharShinwari/status/2080653278552150347,True,"prompts/漫剧/现实向/喜剧搞笑/renoise-2080653278552150347--Create-a-highly-detailed,-cinematic-15-s.md","Create a highly detailed, cinematic 15-second animated video set in a lively modern city completely operated by anthropomorphic animals. Use polished feature-film-quality 3D animation, expressive but natural animal movements, realistic fur simulation, vibrant environments, smooth camera motion, and consistent character design throughout.

0–3 seconds — Bear Police Officers
Open with a wide establishing shot of a busy downtown intersection during a bright morning. Two large brown bears wear neat navy police uniforms with badges and caps. One bear confidently directs traffic with clear hand signals while the other stands beside a police car with flashing lights. Animal pedestrians cross the street naturally in the background.

3–6 seconds — Penguin Ice Cream Shop
Use a smooth whip-pan transition to a colorful vintage ice cream truck. Two cheerful penguins wearing small aprons and bow ties serve ice cream cones through the window. A rabbit customer receives a tall strawberry cone while other animals wait in line. Include playful expressions, realistic melting ice cream, and small natural movements.

6–10 seconds — Monkey Bus Driver
Transition as the ice cream truck passes in front of the camera, revealing a city bus. A friendly monkey in a professional driver’s uniform drives confidently through the busy street. Rabbits, deer, foxes, and pandas sit inside as passengers. Show the monkey checking the mirror, turning the steering wheel, and stopping smoothly at a bus stop.

10–13 seconds — Busy Animal City
The camera follows the bus through the city, revealing raccoons cleaning the sidewalks, squirrels selling fruit at a street market, giraffes working near tall buildings, and birds delivering letters between rooftops. The city should feel organized, energetic, and full of believable activity.

13–15 seconds — Grand Final Shot
End with a fast cinematic crane shot rising above the central city square, showing hundreds of animals working, shopping, driving, and socializing together. A fountain sits in the center while the animal city stretches into the distance under warm golden sunlight.

Style: premium cinematic 3D animation, playful family-friendly comedy, highly detailed fur and clothing, expressive faces, natural body movement, realistic lighting and shadows, colorful urban production design, smooth transitions, dynamic tracking shots, shallow depth of field, 4K, 24fps, widescreen composition.

Avoid: character duplication, changing uniforms, distorted paws, extra limbs, floating objects, unreadable signs, unnatural walking, chaotic traffic, stiff animation, low-detail backgrounds, sudden scene changes, text overlays, logos, subtitles, or watermarks."
renoise-2080656195870695497,Create a 15-second animated video using these references: Video 1 = the new…,,漫剧,现实向,剧情短片,3D卡通,en,Seedance 2.0,link-only,hate,renoise-ai/awesome-seedance-prompts,https://github.com/renoise-ai/awesome-seedance-prompts/blob/904b6caffa21c2b114bb93e1bd0e37ba80b3dd10/data/prompts/2080656195870695497.json,CC-BY-4.0,Soul Motion labs,https://x.com/Soulmotionlabs/status/2080656195870695497,True,prompts/漫剧/现实向/剧情短片/renoise-2080656195870695497--Create-a-15-second-animated-video-using.md,
renoise-2080657684244861317,A lone figure walks through an endless city where gravity constantly shifts…,,其他,,风景空镜,,en,Seedance 2.0,,,renoise-ai/awesome-seedance-prompts,https://github.com/renoise-ai/awesome-seedance-prompts/blob/904b6caffa21c2b114bb93e1bd0e37ba80b3dd10/data/prompts/2080657684244861317.json,CC-BY-4.0,ANKIT PATEL 🇮🇳 | AI,https://x.com/Ankit_patel211/status/2080657684244861317,True,prompts/其他/风景空镜/renoise-2080657684244861317--A-lone-figure-walks-through-an-endless-c.md,"A lone figure walks through an endless city where gravity constantly shifts. Monumental staircases fold into the sky, floating buildings melt into liquid marble, corridors loop back onto themselves, and impossible doorways reveal entirely different dimensions. Massive geometric monoliths rotate silently above fractured streets while translucent whales drift between skyscrapers. Buildings breathe slowly as glowing vines crawl across impossible surfaces. Camera moves with elegant Steadicam tracking before transitioning into sweeping drone shots through distorted perspectives. The color palette blends deep crimson, ultraviolet, cyan fog, and shimmering gold reflections. Thick volumetric mist softens every edge while particles float weightlessly. Every frame feels like an award-winning surreal art film with IMAX-scale cinematography, realistic physics despite impossible environments, cinematic lighting, anamorphic lens flares, slow-motion debris, dreamlike pacing, highly detailed textures, avant-garde composition, haunting atmosphere, ultra-photorealistic rendering."
renoise-2080670294080201156,CINEMATIC SETUP:,,真人,特效向,动作大片,,en,Seedance 2.0,,,renoise-ai/awesome-seedance-prompts,https://github.com/renoise-ai/awesome-seedance-prompts/blob/904b6caffa21c2b114bb93e1bd0e37ba80b3dd10/data/prompts/2080670294080201156.json,CC-BY-4.0,MayorkingAI,https://x.com/MayorKingAI/status/2080670294080201156,True,prompts/真人/特效向/动作大片/renoise-2080670294080201156--CINEMATIC-SETUP.md,"CINEMATIC SETUP:
Handheld chase cam, dynamic parkour tracking shot, aggressive whip pans, motion blur on fast movement, anamorphic lens flares from neon signage, shallow depth of field, high-contrast blade-runner color grade (teal shadows, magenta/orange highlights).

CHARACTERS:
[Image 1] — young man, textured coiled updo hairstyle, cropped grey tactical jacket with orange sleeve patch, oversized black cargo pants, chunky off-white armored boots, black gloves. Athletic, precise, controlled movement — a rooftop runner.

LOCATION:
[Image 2] — dense futuristic megacity at night, towering neon-lit skyscrapers, holographic billboards, layered elevated highways, thick atmospheric haze, distant flying traffic.

TIMELINE:
0:00–0:03 — Character sprints across a rooftop edge, low-angle tracking shot, builds speed, plants foot and launches into a full-extension leap off the ledge.
0:03–0:06 — Mid-air freefall between two skyscrapers, camera whips downward following him, neon reflections streak across his jacket, city lights blur past.
0:06–0:09 — He lands in a hard roll on the roof of a passing flying car, absorbing impact, immediately pushes up into a sprint across its hood.
0:09–0:12 — Leaps from the flying car to a second one weaving through elevated traffic, mid-air rotation, grabs the edge and vaults forward without breaking stride.
0:12–0:15 — Final leap onto a higher flying platform, sticks the landing in a low crouch, camera pulls back into a wide hero shot revealing the full neon skyline behind him.

SFX:
Wind rush on freefall, metallic impact thud on landings, distant flying-traffic hum, faint synth pulse building through the sequence, city ambience (sirens, hover-engine drones).

QUALITY ANCHOR:
Photorealistic, cinematic 4K render, sharp character detail against motion-blurred environment, consistent character identity and outfit across all shots, seamless continuous motion, no morphing or drift between beats."
renoise-2080670602369839543,60秒垂直短劇，9:16，電影感，1930年代日本東京復古怪談，電影級光影。,,真人,现实向,年代怀旧,,zh,Seedance 2.0,,,renoise-ai/awesome-seedance-prompts,https://github.com/renoise-ai/awesome-seedance-prompts/blob/904b6caffa21c2b114bb93e1bd0e37ba80b3dd10/data/prompts/2080670602369839543.json,CC-BY-4.0,The Anxious Mind,https://x.com/drjoetw/status/2080670602369839543,True,"prompts/真人/现实向/年代怀旧/renoise-2080670602369839543--60秒垂直短劇,9-16,電影感,1930年代日本東京復古怪談,電影級光影.md",60秒垂直短劇，9:16，電影感，1930年代日本東京復古怪談，電影級光影。
renoise-2080675116334158136,Create a photorealistic character sheet for a character. Include a closeup…,,真人,特效向,武侠打斗,,en,Seedance 2.0,,,renoise-ai/awesome-seedance-prompts,https://github.com/renoise-ai/awesome-seedance-prompts/blob/904b6caffa21c2b114bb93e1bd0e37ba80b3dd10/data/prompts/2080675116334158136.json,CC-BY-4.0,Travis Davids,https://x.com/MrDavids1/status/2080675116334158136,True,prompts/真人/特效向/武侠打斗/renoise-2080675116334158136--Create-a-photorealistic-character-sheet.md,"Create a photorealistic character sheet for a character. Include a closeup portrait, which is left aligned, no borders, with a neutral expression and then also include a full view shot that shows the front, right side view, left side view and back of the character. - A legendary middle aged rugged lone chinese warrior in tattered straw-woven armor, tighter clothing like a ninja, dark royal blue fabric with gold and red detailing, large straw armor similar to a poncho, wielding a wooden ornate staff carved with a dark cylindrical decorative tip, his right hand, no other weapons. Neutral expression. On a white background. The character is completely wet."
renoise-2080677272315740284,[PROSE]:,,漫剧,特效向,奇幻冒险,2D日漫,en,Seedance 2.0,,,renoise-ai/awesome-seedance-prompts,https://github.com/renoise-ai/awesome-seedance-prompts/blob/904b6caffa21c2b114bb93e1bd0e37ba80b3dd10/data/prompts/2080677272315740284.json,CC-BY-4.0,Fikkkfx,https://x.com/FikkkFX/status/2080677272315740284,True,prompts/漫剧/特效向/奇幻冒险/renoise-2080677272315740284--PROSE.md,"[PROSE]:
[0s-3s]: [LOW-ALTITUDE CHASE] A young courier instantly vaults across a fractured rotating clockwork bridge, boots striking each brass plate with grounded weight as her coat tails snap behind her. The camera races parallel from screen-left while the collapsing plates tumble into the open shaft. Real-time playback speed 1.0x, true-to-life pacing, no slow-motion.
[3s-6s]: [RAPID PUSH-IN] She plants her right foot, slides beneath a descending pendulum, then drives forward without hesitation as the camera closes mono-directionally toward a tight three-quarter profile. Her left hand locks a sealed amber capsule against her ribs; her breathing tightens, fingers readjust their grip, and loose hair whips across her cheek.
[6s-10s]: [PEDESTAL CORKSCREW UP] The camera climbs from her firmly planted boots toward her face while physically orbiting ninety degrees. She slams the capsule into the tower mechanism; concentric gears ignite with amber light and the eclipsed sky turns cobalt behind her. Jaw clenched and eyes fixed off-screen right, speaking fluent Indonesian: ""Kalau waktu mau berhenti, biar aku yang mulai lagi."" Her chest rises, coat fabric settles, and fingertips tremble as the mechanism accelerates.
[SPATIAL DEPTH ENGINE]: LAYER 1: [PURGED: ZERO OBJECTS OR EXTRAS], extreme foreground reduced to total optical obliteration | LAYER 2: Rotating brass bridge plates and the sweeping pendulum, heavy directional motion blur | LAYER 3: The courier and amber capsule as the apex of sharpness, crisp cel-shaded anatomy and readable silhouette | LAYER 4: Interlocking astronomical gears, crimson eclipse, cobalt sky, zero background humans, soft optical falloff
[GLOBAL LOCK]: One nineteen-year-old female courier with short black hair and one copper hair clasp. Head: copper clasp, no hat. Top: structured crimson cropped military coat over a fitted cobalt high-neck shirt, amber leather gloves. Bottoms: black pleated combat trousers with reinforced knees. Footwear: dark brown ankle boots with brass buckles. Prop permanence: sealed hexagonal amber capsule remains in her left hand until inserted into the mechanism. Location: abandoned brass astronomical tower suspended above a deep mountain ravine. Time: final minute of a sunset eclipse. Zero extras.
[RENDER & ACTING LOCK]: Modern Japanese action anime, crisp cel-shaded linework, hand-painted mechanical backgrounds, extreme foreshortening, controlled smear frames during the vault and slide, one-frame black-and-amber impact accent when the capsule connects. Crimson, cobalt, and amber triadic contrast with sharp directional eclipse light and physically motivated gear reflections. Restrained acting, purposeful gestures, stable facial identity, clean stylized skin shading without plastic gloss, continuous breathing, hair drift, fabric settling, and finger micro-tremors.
[CAMERA & PHYSICS LOCK]: Dynamic low-angle 28mm chase, lateral tracking, rapid mono-directional push-in, pedestal corkscrew up, three-quarter profile, selective focus, organic focus transition, wide-perspective distortion, high microcontrast, deep shadow separation, smooth highlight roll-off, ACEScg color workflow, 16-bit color, global shutter, crisp motion cadence. The courier never rotates like a turntable; the camera physically travels around her. Feet firmly plant on each surface with realistic weight transfer and gravity. Clean frame: zero vignette, zero borders, zero film artifacts.
[PHYSICS VECTORS]: Gaze: Off-screen right toward the tower mechanism, never into the lens | Body: Forward-driving three-quarter profile, then grounded contrapposto after insertion | Compass: Courier moves screen-left to screen-right while camera tracks parallel | Momentum: Vault, controlled slide, three sprinting steps, decisive capsule insertion, continuous secondary motion | Light: Crimson eclipse backlight, cobalt ambient sky, amber mechanical key light | Prox: Camera begins 3.5 meters away and closes to 0.9 meters | Relativity: Subject advances continuously while camera tracks and pushes inward without reversing"
renoise-2080678434993328372,"Vertical 9:16 aspect ratio, ultra-realistic UGC style fashion review video…",,其他,,广告带货,,en,Seedance 2.0,,,renoise-ai/awesome-seedance-prompts,https://github.com/renoise-ai/awesome-seedance-prompts/blob/904b6caffa21c2b114bb93e1bd0e37ba80b3dd10/data/prompts/2080678434993328372.json,CC-BY-4.0,Isabella,https://x.com/IsabellaHan_/status/2080678434993328372,True,"prompts/其他/广告带货/renoise-2080678434993328372--Vertical-9-16-aspect-ratio,-ultra-realis.md","Vertical 9:16 aspect ratio, ultra-realistic UGC style fashion review video. Shot on a modern smartphone camera with a shallow depth of field. Clean, minimalist indoor loft background with soft, natural daylight streaming from a nearby window and a subtle touch of green foliage out of focus.
A young woman with a glowing, natural complexion, dark expressive eyes, and dark hair slicked back neatly. She is wearing small silver hoop earrings and an oversized, premium-quality taupe/beige fleece hoodie featuring the minimalist embroidered text ""ESTY"" centered on the chest.
Action & Timeline Choreography:
00:00 - 00:02: The woman looks directly into the camera with an enthusiastic, wide smile, gently grasping and pulling at the neckline of her hoodie to showcase its relaxed structure.
00:03 - 00:04: She transitions her expression to a look of satisfaction, placing her right hand flat against her chest to emphasize the soft drape and comfortable oversized fit.
00:05 - 00:07: She lifts and turns her arm slightly to display the premium thickness of the fabric, focusing attention on the detailed ribbed cuff and sleeve quality.
Audio & Voiceover:
A warm, conversational, and enthusiastic voiceover matching a high-end fashion review:
00:00 - 00:02: ""This hoodie is everything. It's incredibly soft...""
00:03 - 00:04: ""...the oversized fit is exactly what I wanted...""
00:05 - 00:07: ""...and the quality of the material is just premium.""
Cinematic lighting, hyper-detailed textile textures, realistic skin micro-textures, smooth camera stabilization, 4k resolution, photorealistic fabric physics."
renoise-2080679962743570548,生成视频：15秒、16:9、1080p、8个镜头的电影级超高级跑酷视频。 主人公是…,,真人,现实向,运动,,zh,Seedance 2.0,,,renoise-ai/awesome-seedance-prompts,https://github.com/renoise-ai/awesome-seedance-prompts/blob/904b6caffa21c2b114bb93e1bd0e37ba80b3dd10/data/prompts/2080679962743570548.json,CC-BY-4.0,PixelAIGC,https://x.com/PixelAigc/status/2080679962743570548,True,prompts/真人/现实向/运动/renoise-2080679962743570548--生成视频-15秒-16-9-1080p-8个镜头的电影级超高级跑酷视频-主人公是.md,生成视频：15秒、16:9、1080p、8个镜头的电影级超高级跑酷视频。 主人公是 的2个真实人物【@图片1】【@图片2】。绝对使用附件图像作为人物参考，在所有镜头中完全保持两人各自的脸部特征、发型、发色、皮肤质感、体型、身高差、服装、配色、年龄感。禁止变身为他人、脸部替换、服装变更、发型变更、两人特征混淆。 舞台是晴朗的现代日本城市。让人联想到东京的屋顶、巷子、楼梯、扶手、管道、混凝土墙。两人作为同等的主人公，并行、追随、交叉、协作，同时高速奔跑穿越。 【镜头1｜00:00〜00:01.60】 低角度后方追随。两人并肩加速，同时用空翻越过各自的障碍物。 【镜头2｜00:01.60〜00:03.40】 正面低角度。一人沿左墙，另一人沿右墙进行墙跑，用踢墙腾空交叉，落地到对面的屋顶。 【镜头3｜00:03.40〜00:05.20】 横向跟踪。两人连续进行精准跳跃，用猫跃抓住高墙并攀登。 【镜头4｜00:05.20〜00:07.20】 屋顶追随。领先一人用冲刺空翻，后续一人用韦伯斯特翻越屋顶间隙，随即前后位置互换。 【镜头5｜00:07.20〜00:09.20】 俯瞰移动摄影机。两人同时翻滚落地，顺势并行，用速度空翻越过长扶手。 【镜头6｜00:09.20〜00:11.30】 正面后退的手持摄影。一人用下杆穿越，另一人用侧空翻同时攻略障碍物。 【镜头7｜00:11.30〜00:13.20】 后方斜上方的无人机拍摄。两人在左右墙上完成掌心旋转，接着空翻，最后加速向大跳跃冲刺。 【镜头8｜00:13.20〜00:15.00】 高潮。两人同时跃过巨大的屋顶间隙，各自完成螺旋翻腾。摄影机在空中环绕两人，精确落地到各自屋顶的边缘。毫不停顿地并行跑向画面深处。 实拍电影品质。世界大赛级别的流畅自由跑。表现真实的质心移动、肌肉动作、自然的落地冲击、头发和服装的晃动。背景保持清晰，仅在高速移动时使用自然的运动模糊。 【禁止】 脸部崩坏、变身为他人、脸部或身体替换、服装变化、发型变化、体型变化、手脚增生、分身、身体融合、穿透、瞬间移动、漂浮、不自然的落地、动画风格、CG风格。，16:9，16:9
renoise-2080684771236307260,[PROSE]:,,真人,特效向,科幻,,en,Seedance 2.0,,,renoise-ai/awesome-seedance-prompts,https://github.com/renoise-ai/awesome-seedance-prompts/blob/904b6caffa21c2b114bb93e1bd0e37ba80b3dd10/data/prompts/2080684771236307260.json,CC-BY-4.0,Fikkkfx,https://x.com/FikkkFX/status/2080684771236307260,True,prompts/真人/特效向/科幻/renoise-2080684771236307260--PROSE.md,"[PROSE]:
[0s-3s]: [GROUND-LEVEL LATERAL TRACKING] A female archivist sprints screen-left to screen-right and slams an oxblood-gloved palm against a moving wall of lacquered mahogany catalogue drawers, her shoes planting with realistic weight as hundreds of brass handles retract sequentially ahead of her. The camera pursues at knee height while her coat tails snap behind her, each stride carrying grounded momentum and natural body compression.

[3s-6s]: [RAPID PUSH-IN] She hooks one brass handle with her right hand, yanks the drawer open, and recoils as a single cream index card displays a precise charcoal portrait of her current terrified expression. [RACK FOCUS] The apex of sharpness shifts from the card to her face as her jaw tightens, pupils widen, chest rises rapidly, loose hair crosses her cheek, and her left thumb rubs anxiously against the glove seam.

[6s-10s]: [ORBIT RELAY] The camera travels smoothly around her left shoulder while she turns toward an antique convex mirror mounted between the drawers. Her reflection continues running even though her body has settled beside the open drawer, breathing, blinking, and flexing its fingers. She tears her gaze from the reflection and shoves the drawer closed. Containing panic beneath a measured whisper, speaking fluent English: ""You already watched this."" The drawer strikes the cabinet as the composition aligns precisely with the opening frame, creating a seamless visual loop. Real-time playback speed 1.0x, normal shutter speed, no slow-motion, true-to-life pacing.

[SPATIAL DEPTH ENGINE]: LAYER 1 (Extreme FG): [PURGED: ZERO OBJECTS/EXTRAS] (Total Optical Obliteration) | LAYER 2 (FG): [PURGED: ZERO OBJECTS/EXTRAS] (Heavy Defocus) | LAYER 3 (Midground): The archivist and the open mahogany drawer; focus transfers from the portrait card to her face during the rack focus (Apex of Sharpness) | LAYER 4 (Near BG): Continuous wall of lacquered catalogue drawers with retracting brass handles (Soft Falloff) | LAYER 5 (Deep BG): Curved black-marble planetarium chamber beneath a cobalt-painted astronomical dome, zero people or silhouettes (Heavy Defocus) | LAYER 6 (Infinite BG): [PURGED: PURE OPTICAL BLUR - ZERO OBJECTS] (Total Optical Obliteration)

[GLOBAL LOCK]: One female archivist, age 34, angular face, dark brown shoulder-length hair, subtle under-eye fatigue. Full-body wardrobe: Head bareheaded with natural loose hair | Top structured black silk-faille knee-length archival coat over a sulfur-yellow high-neck cotton shirt, oxblood leather gloves | Bottoms straight-cut black wool trousers | Footwear oxblood lace-up leather shoes with low stacked heels. Persistent prop: one cream index card bearing her charcoal portrait inside one brass-trimmed mahogany drawer. Location: converted Secessionist planetarium archive with curved black marble, lacquered mahogany cabinetry, brass fittings, and painted astronomical dome. Time: midnight. Zero background extras.

[RENDER & ACTING LOCK]: Restrained psychological dread, mechanical precision interrupted by controlled fear, zero theatrical exaggeration. Triadic color lock: concentrated crimson practical light across the drawers, deep cobalt dome illumination, sulfur-yellow card lamp shaping the face. Directional shadow slicing from drawer handles, sharp rectangular catchlights in both pupils. Subtle skin texture, faint pores, healthy but unpolished realism, zero grotesque exaggeration. Natural epidermal translucency, accurate melanin response, continuous breathing, blinking, finger tension, hair drift, and fabric settling.

[CAMERA & PHYSICS LOCK]: Mandatory continuous dynamic camera response. Ground-level 35mm tracking, Knee-Level Camera, Full Body to Tight MCU progression, Lateral Tracking, Rapid Push-In, Orbit Left, Rack Focus, Selective Focus, Wide Perspective Distortion, Organic Focus Transition, Deep Staging, Multi-plane blocking, motivated movement. ARRI Alexa 35 color science, 17-stop dynamic range, ARRIRAW, 16-bit color, 4:4:4 chroma sampling, ACEScg workflow, LogC4, smooth highlight roll-off, deep shadow separation, high microcontrast, PBR textile materials, physically accurate fabric BRDF, low temporal noise, fine film grain. Clean frame: zero vignette, zero borders, zero film artifacts.

[PHYSICS VECTORS]: Gaze: card to off-screen mirror reflection, never into lens | Body: sprinting three-quarter screen-right, then torso rotating toward screen-left mirror | Compass: subject moves screen-left to screen-right while camera tracks parallel | Momentum: full sprint, abrupt weighted brace, controlled drawer closure | Light: midnight crimson-cobalt-sulfur triadic lock | Prox: camera begins 2.5 meters lateral, closes to 0.8 meters without reversing | Relativity: camera pursues and orbits while subject movement remains physically grounded"
renoise-2080692561413615841,Format: 16:9,,真人,现实向,生活与vlog,,en,Seedance 2.0,,,renoise-ai/awesome-seedance-prompts,https://github.com/renoise-ai/awesome-seedance-prompts/blob/904b6caffa21c2b114bb93e1bd0e37ba80b3dd10/data/prompts/2080692561413615841.json,CC-BY-4.0,Johnn,https://x.com/john_my07/status/2080692561413615841,True,prompts/真人/现实向/生活与vlog/renoise-2080692561413615841--Format-16-9.md,"Format: 16:9
Concept: ""Getting Ready to Meet My Friends""

Create a single continuous self-filmed vlog recorded on a handheld MiniDV camcorder. The camera is always held by the girl, creating a natural first-person selfie perspective with subtle"
renoise-2080699885394047326,"Create a 15 second, 16:9 photorealistic nighttime urban fashion film sequence…",,真人,现实向,时尚写真,,en,Seedance 2.0,,,renoise-ai/awesome-seedance-prompts,https://github.com/renoise-ai/awesome-seedance-prompts/blob/904b6caffa21c2b114bb93e1bd0e37ba80b3dd10/data/prompts/2080699885394047326.json,CC-BY-4.0,BMX,https://x.com/bmx_ai13/status/2080699885394047326,True,"prompts/真人/现实向/时尚写真/renoise-2080699885394047326--Create-a-15-second,-16-9-photorealistic.md","Create a 15 second, 16:9 photorealistic nighttime urban fashion film sequence following one consistent young adult man through a frantic city run."
renoise-2080714709167120433,High crane shot descending from the fog line into a dense vertical…,,其他,,风景空镜,,en,Seedance 2.0,,,renoise-ai/awesome-seedance-prompts,https://github.com/renoise-ai/awesome-seedance-prompts/blob/904b6caffa21c2b114bb93e1bd0e37ba80b3dd10/data/prompts/2080714709167120433.json,CC-BY-4.0,LudovicCreator,https://x.com/LudovicCreator/status/2080714709167120433,True,prompts/其他/风景空镜/renoise-2080714709167120433--High-crane-shot-descending-from-the-fog.md,"High crane shot descending from the fog line into a dense vertical mountain-valley city at blue dusk ,apartment towers squeezed between dark cliffs, windows lighting in scattered constellations, scaffolding clinging to unfinished high-rises, neon shop"
renoise-2080719909693120806,"Use @[char1] only for C1 identity, hair, luminous floral kimono, and exactly…",,漫剧,特效向,武侠打斗,2D日漫,en,Seedance 2.0,,,renoise-ai/awesome-seedance-prompts,https://github.com/renoise-ai/awesome-seedance-prompts/blob/904b6caffa21c2b114bb93e1bd0e37ba80b3dd10/data/prompts/2080719909693120806.json,CC-BY-4.0,Kōda,https://x.com/aimikoda/status/2080719909693120806,True,"prompts/漫剧/特效向/武侠打斗/renoise-2080719909693120806--Use-char1-only-for-C1-identity,-hair,-lu.md","Use @[char1] only for C1 identity, hair, luminous floral kimono, and exactly one unsheathed slender katana: black grip, small floral tsuba, narrow polished blade; ignore all other weapons and scabbards.
Use @[char2] only for C2 identity, wide kasa, black robes, and exactly one unsheathed heavy katana: white grip, round iron tsuba, broad polished blade; ignore all other weapons and scabbards.

LOOK + WORLD: 2D cel anime; moonlit rainy bamboo grove, wet earth, pools, cut stalks, canopy gap; fixed low blue-green fill, 24-35mm depth.
ACTION + CAMERA: Pro Anime Combat: burst, hit-stop, recoil, re-entry; cut on action at each P##. Keep C1 left, C2 right; low tracks rise to crane, then locked P14.
VFX SYSTEM: Pair N is one cold white-blue bolt from storm sky through canopy at blade contact N, causing an instant full-screen flash; each clears to fixed moonlight within its beat, with no lingering glow or buildup; C1 energy crimson-white, C2 silver-blue.
SOUND: No music; rain hiss, thunder impacts, sandal pivots, cloth snaps, blade hum.

BEATS:
P01: Ground profile WS, track: C1's crimson-white low sweep meets C2's heavy katana at contact 1, triggering pair 1; recoil feeds C2's descending answer.
P02: Low front 3/4 FS, lead: C2's silver-blue down-cut meets C1's slender katana at contact 2, triggering pair 2; C1 redirects into a rising diagonal.
P03: Waist front 3/4 MLS, pan: C1's rising crimson-white diagonal meets C2's cross-parry at contact 3, triggering pair 3; her overshoot carries toward one bamboo.
P04: Profile FS, track: C1's slender katana cuts that bamboo; no blade clash, no pair; its severed top falls and stays down as C2 closes low.
P05: High OTS MLS, chase: C2's low silver-blue counter meets C1's dropped guard at contact 4, triggering pair 4; C1 snaps into a reverse cut.
P06: High profile MS, pan: C1's crimson-white reverse cut meets C2's high parry at contact 5, triggering pair 5; C2 compresses for a close thrust.
P07: Profile FS, push: C2's silver-blue thrust meets C1's crossed deflection at contact 6, triggering pair 6; his overshoot carries toward the bamboo.
P08: Low rear 3/4 WS, lead: C2's heavy katana shears several trunks; no blade clash, no pair; split sections fall and stay down as C1 re-enters.
P09: Low rear 3/4 MLS, track: C1's broad crimson-white wave meets C2's blade wall at contact 7, triggering pair 7; C2 redirects into a descending diagonal.
P10: Ground profile FS, chase: C2's descending silver-blue diagonal meets C1's kneeling catch at contact 8, triggering pair 8; C1 pivots upward among fallen bamboo.
P11: Low front 3/4 MLS, pan: C1's crimson-white waist cut meets C2's low counter at contact 9, triggering pair 9; both recoil into crossing diagonals.
P12: Top-down WS, crane: their diagonals cross at contact 10, triggering pair 10; recoil lifts both blades into the heavy exchange.
P13: High front 3/4 FS, push: C2's heavy silver-blue sheet meets C1's upward split at contact 11, triggering pair 11; both load the overhead collision.
P14: Low frontal WS, locked: their two assigned katanas collide overhead at contact 12, triggering the largest pair 12; the flash clears to fixed moonlight as both blast apart, remain visible, and reorient."
renoise-2080722327575081221,Ultra-cinematic FPV drone flight through Tokyo at sunset and blue hour…,,真人,特效向,特效综合,,en,Seedance 2.0,,,renoise-ai/awesome-seedance-prompts,https://github.com/renoise-ai/awesome-seedance-prompts/blob/904b6caffa21c2b114bb93e1bd0e37ba80b3dd10/data/prompts/2080722327575081221.json,CC-BY-4.0,KreviX,https://x.com/LadyyEth/status/2080722327575081221,True,prompts/真人/特效向/特效综合/renoise-2080722327575081221--Ultra-cinematic-FPV-drone-flight-through.md,"Ultra-cinematic FPV drone flight through Tokyo at sunset and blue hour, hyper-realistic, seamless continuous camera movement, one uninterrupted shot, no cuts, no teleportation, aggressive speed ramps, smooth acceleration and deceleration, realistic inertia and natural camera physics. Begin with a breathtaking ultra-wide aerial establishing shot of the Tokyo skyline with Tokyo Tower centered in the distance. Instantly accelerate toward the tower, rapidly descending between skyscrapers with dramatic parallax and motion blur. Smoothly slow down as Tokyo Tower fills the frame, then perform a precise cinematic 360° orbit around the tower while maintaining constant altitude. Exit the orbit with an explosive speed ramp, flying low through dense urban streets illuminated by neon signs toward Shibuya Crossing. Rush between buildings at high speed, then decelerate into a perfectly smooth 360° orbit above the famous intersection, showcasing giant LED screens, flowing traffic and crowds from every angle. Immediately accelerate again, racing across Tokyo toward Senso-ji Temple in Asakusa. Fly above rooftops before slowing into a graceful 360° orbit around the historic temple and five-story pagoda, blending traditional Japanese architecture with the modern skyline behind it. Finish by accelerating upward into a dramatic aerial climb, revealing the entire Tokyo skyline with Tokyo Tower visible in the distance as city lights begin to glow. End with the camera continuing forward above the city. Ultra-smooth FPV motion, premium travel commercial, IMAX cinematic quality, HDR, 8K, volumetric lighting, atmospheric haze, realistic reflections, vibrant neon colors, golden hour transitioning to blue hour, detailed architecture, cinematic motion blur, high contrast, stabilized horizon, seamless transitions, no people focus, no text, no logos, no glitches, no flickering, continuous cinematic flight. , 16:9"
renoise-2080759494389219373,@Image1 は冒頭の絵。構図・服・場所・光・かかしの見た目の基準。@Image2 は顔だけを担当する参照。顔立ちと髪型を最後まで同じに保つ。,,真人,现实向,生活与vlog,,ja,Seedance 2.0,,,renoise-ai/awesome-seedance-prompts,https://github.com/renoise-ai/awesome-seedance-prompts/blob/904b6caffa21c2b114bb93e1bd0e37ba80b3dd10/data/prompts/2080759494389219373.json,CC-BY-4.0,ぴょんきち,https://x.com/yarakashiyama_/status/2080759494389219373,True,prompts/真人/现实向/生活与vlog/renoise-2080759494389219373--Image1-は冒頭の絵-構図・服・場所・光・かかしの見た目の基準-Image2.md,"@Image1 は冒頭の絵。構図・服・場所・光・かかしの見た目の基準。@Image2 は顔だけを担当する参照。顔立ちと髪型を最後まで同じに保つ。

【カメラ】撮影者は女性の左斜め後ろ約2m。手持ち。ズームしない。位置を変えない。
【ルック】今のスマホできれいに撮った夏の昼。映画・アニメ・CGにしない。
【スタイル】田舎の田んぼで、あり得ないことが一度だけ猛スピードで起きる。
【キャラクター】主役は画像の女性。相手はかかし（1本の杭に刺さって立つ）。
　小道具は蛍光の黄緑の水風船を1個だけ。色と大きさは最後まで同じ。
【設定】夏の田んぼの畦道。稲が絶えず風でなびく。女性は畦道、かかしは7〜10m先。

全編ひとづきの1ショット。編集点なし。1〜7は同じ1ショットの中の動作の段階。
1 女性が肩越しに振り返り、いたずらっぽく笑う。右手に水風船。
2 前を向いて大きく振りかぶり、かかしへ投げる。「ちょっと、やめなって」
3 水風船が長い放物線で田んぼを越える。
4 かかしの軍手にバシッと当たり、握り込む。割れない。
5 その勢いで、かかしが杭を軸にものすごい速さで一回転する。
6 回りきった勢いで、軍手が水風船を女性へ猛スピードで投げ返す。
7 女性の顔面で割れ、蛍光の黄緑が飛び散る。よろけて振り返り、かかしを睨む。

音はその場の録音だけ。音楽なし。15秒・横16:9。"
renoise-2080767791947559364,"Wide shot, two fighters explode into motion in a rain-soaked alley, first punch…",,真人,特效向,武侠打斗,,en,Seedance 2.0,,,renoise-ai/awesome-seedance-prompts,https://github.com/renoise-ai/awesome-seedance-prompts/blob/904b6caffa21c2b114bb93e1bd0e37ba80b3dd10/data/prompts/2080767791947559364.json,CC-BY-4.0,DeCat,https://x.com/DeCat2025/status/2080767791947559364,True,"prompts/真人/特效向/武侠打斗/renoise-2080767791947559364--Wide-shot,-two-fighters-explode-into-mot.md","Wide shot, two fighters explode into motion in a rain-soaked alley, first punch thrown, water splashing off impact"
renoise-2080801355908931602,"Ultra cinematic cosmic fantasy sequence, endless celestial observatory floating…",,真人,特效向,奇幻怪兽,,en,Seedance 2.0,,,renoise-ai/awesome-seedance-prompts,https://github.com/renoise-ai/awesome-seedance-prompts/blob/904b6caffa21c2b114bb93e1bd0e37ba80b3dd10/data/prompts/2080801355908931602.json,CC-BY-4.0,PixieVerse,https://x.com/itsPixieVerse/status/2080801355908931602,True,"prompts/真人/特效向/奇幻怪兽/renoise-2080801355908931602--Ultra-cinematic-cosmic-fantasy-sequence,.md","Ultra cinematic cosmic fantasy sequence, endless celestial observatory floating above the universe, gigantic ancient marble platforms suspended in space, rotating golden astrolabes, enormous eclipsed sun in the distance, galaxies, nebulae and constellations slowly drifting, billions of glowing stars, soft divine volumetric light, white and gold architecture, premium Hollywood fantasy atmosphere.

Aureleth, an ethereal cosmic goddess with extremely long flowing lavender hair, luminous golden eyes, elegant white ceremonial coat with intricate gold embroidery over a dark celestial bodysuit decorated with glowing runic constellations, floating geometric halo behind her head, calm, untouchable, divine presence.

Sequence (15 seconds):

0–3s
Extreme wide establishing shot. Aureleth stands alone at the center of an enormous celestial platform suspended above an infinite cosmos. Her hair and robes drift gracefully in zero gravity. The camera slowly pushes toward her while countless tiny stars orbit around her feet.

3–6s
Medium cinematic shot. Aureleth slowly raises one hand with effortless elegance. Golden runic circles begin rotating around her fingers while luminous geometric symbols appear in the surrounding space. Her halo slowly expands into multiple rotating celestial rings.

6–9s
Reality begins bending around her. Marble fragments, glowing crystals and golden particles levitate into the air. Space itself ripples like water. Entire constellations rearrange into sacred geometric patterns while ribbons of stardust spiral around her body. Her expression remains perfectly calm and emotionless.

9–12s
The camera performs a dramatic orbit around Aureleth. Behind her, an immense cosmic eclipse opens, revealing a radiant celestial eye formed from galaxies and light. Thousands of glowing runes and star fragments rotate around her in synchronized motion while her robes and hair flow majestically.

12–15s
Final divine reveal. Aureleth extends her hand toward the camera. The universe freezes in complete silence as every floating object stops instantly. A brilliant pulse of white and gold cosmic energy radiates outward, illuminating galaxies before slowly fading. She remains completely motionless, gazing directly into the camera while stars continue orbiting around her like loyal satellites.

Camera:
Epic anamorphic IMAX composition, extremely slow cinematic push-ins, smooth orbital camera movement, elegant crane motion, dramatic wide-to-close transitions, shallow depth of field, subtle lens breathing, premium cinematic framing.

Rendering:
Ultra photorealistic CGI, ray tracing, global illumination, volumetric god rays, physically accurate cloth simulation, flowing hair physics, marble and gold material realism, celestial particle systems, floating dust, shimmering stardust, realistic atmospheric bloom, premium Hollywood VFX.

Motion:
Slow, elegant, regal, effortless. Every gesture feels deliberate. Reality responds to her presence rather than the other way around. No exaggerated anime movement.

Style:
AAA cinematic fantasy blockbuster, Dune × Elden Ring × Final Fantasy XVI × Arcane × Love Death + Robots, divine celestial aesthetic, museum-quality composition, emotionally overwhelming scale, premium visual effects, pure visual storytelling, no dialogue."
renoise-2080805678780928423,一部电影般的 10 秒音乐视频，拍摄于一个室内演唱会舞台现场，带有光滑的灰色反光地板、墨绿色帷幕，强烈的顶光和水平霓虹灯管，观众席上坐满了观众在认真欣赏表演，有…,,真人,现实向,音乐MV,,zh,Seedance 2.0,,,renoise-ai/awesome-seedance-prompts,https://github.com/renoise-ai/awesome-seedance-prompts/blob/904b6caffa21c2b114bb93e1bd0e37ba80b3dd10/data/prompts/2080805678780928423.json,CC-BY-4.0,PixelAIGC,https://x.com/PixelAigc/status/2080805678780928423,True,"prompts/真人/现实向/音乐MV/renoise-2080805678780928423--一部电影般的-10-秒音乐视频,拍摄于一个室内演唱会舞台现场,带有光滑的灰色反光.md","一部电影般的 10 秒音乐视频，拍摄于一个室内演唱会舞台现场，带有光滑的灰色反光地板、墨绿色帷幕，强烈的顶光和水平霓虹灯管，观众席上坐满了观众在认真欣赏表演，有些观众被深深感动流泪。连续的动态摄像机运动，主要为中景和特写，绝不拉得太宽。女主角始终在移动，没有冻结或静态姿势。

主要角色：20岁年轻东亚女性，她穿着红色表演服，裙摆飘扬。她全程在唱歌，唇部同步清晰精确，嘴巴积极动作，强烈的感情表达。

歌词：“【歌词内容，可以直接注明用什么语言来唱，甚至不需要翻译】”。

0-2s｜紧凑中近景 · 开场蓄力起势

镜头固定紧凑中近景。女主重心下沉站稳，上半身微微向前收束，脖颈微抬、侧脸微转，贴合曲风热情开唱，唇部同步精准有力。散落的发丝随头部轻动自然拂过脸颊，肢体松弛且有力量。单手从腰侧流畅向上提拉，划过肩颈线条后轻轻落于锁骨位置，身体随鼓点轻微左右律动，摒弃僵硬弓背动作，以舒展的开合律动开场，氛围感拉满。

2-4s｜镜头环绕推进 · 姿态切换+伴舞入镜

摄像机缓慢向前推进并环绕取景。女主从开场律动姿态平稳起身，躯干直立微前倾，腰背挺直不塌腰，双手从大腿外侧顺势向上抬起至腰腹两侧，指尖发力、肢体卡点干净。头部缓缓抬起，眼神直视镜头，唇部同步激进有力，情绪饱满。三位外形差异化的男舞者（不同种族、不同发型、不同头发颜色、不同体型）身着黑色背心、黑色宽松长裤，已贴身围站在女主周身两侧，以低姿态、轻律动跟随节拍配合走位，动作松弛有质感。剩余两名男舞者在画面边缘匀速入场，阵型逐步收拢，全程节奏统一、氛围感整齐。

4-6s｜中近景 · 蹲姿卡点+贴身互动

固定中近景镜头。女主跟随鼓点利落半蹲下沉，重心稳落双腿，身体保持持续律动，发丝随头部利落的左右卡点摆动。开口演唱力度加强，唇部动作清晰利落，头部短促精准转动，眼神牢牢锁定镜头，气场强势。周身男舞者保持近距离环绕站位，跟随女主律动同步卡点，手部以轻微、克制的贴合动作配合互动，轻柔触碰腰侧、手臂位置，互动高级不越界，全程凸显女主C位主体。

6-8s｜中景漂移 · 密集阵型合围律动

中景镜头缓慢漂移运镜。五名差异化男舞者全员就位，以紧凑且错落有致的交织阵型将女主围在中心，全员保持低律动姿态，无静止动作。女主居于画面正中心，从蹲姿平稳起身，上半身前后、左右精准卡点开合，肩部、腰腹轻微发力律动，肢体舒展且富有节奏感，持续强势对口型演唱。所有伴舞动作与女主高度适配，快慢同步，错落走位避免遮挡，始终完整凸显女主身形与舞台表现力，阵型紧凑且层次分明。

8-10s｜动态中景 · 托举造型+收尾落势

动态中景抓拍，节奏张力拉满。五名男舞者同步发力，平稳将女主托举升空，女主顺势完成标准优美的挺身后弯造型，全身线条完全舒展拉直，腰背优雅弓起，头部自然向后舒展，全程保持清晰稳定的唇部演唱，状态在线。伴舞稳稳托举女主身体，跟随音乐节拍轻微小幅度上下轻晃，氛围感极致。镜头从女主后弯身体的绝美侧视角，平滑运镜切换至正面脸部特写。节拍收尾瞬间，伴舞匀速平稳将女主缓缓落地落脚，女主站稳的瞬间即刻衔接后续演唱动作，姿态从容利落。五名男舞者立刻回归低姿态环绕站位，阵型规整、画面干净，同步衔接现场热烈的观众掌声，收尾完整高级。

高端时尚舞蹈能量，汗湿的皮肤，锐利的时机，女主角连续流畅的运动，每一帧都优先确保准确的唇部同步。

规则：无手部变形，无身体扭曲，干净稳定的解剖结构，手指和手部在整个视频中保持一致和自然。"
renoise-2080830784328413225,"[0-5s] Wide shot, a lone wolf sprinting across snowy tundra, breath visible in…",,其他,,动物萌宠,,en,Seedance 2.0,,,renoise-ai/awesome-seedance-prompts,https://github.com/renoise-ai/awesome-seedance-prompts/blob/904b6caffa21c2b114bb93e1bd0e37ba80b3dd10/data/prompts/2080830784328413225.json,CC-BY-4.0,DeCat,https://x.com/DeCat2025/status/2080830784328413225,True,"prompts/其他/动物萌宠/renoise-2080830784328413225--0-5s-Wide-shot,-a-lone-wolf-sprinting-ac.md","[0-5s] Wide shot, a lone wolf sprinting across snowy tundra, breath visible in cold air
[5-10s] Tracking shot at ground level, paws kicking up snow, camera struggling to keep pace
[10-15s] Slow motion close-up, wolf leaps over a fallen log, landing hard, snow bursting outward One subject, natural light, documentary-style lens, no dialogue"
renoise-2080831637340975354,"The Coldest Refreshment Beyond Reality"" 15 Seconds Commercial SCENE 01…",,其他,,广告带货,,en,Seedance 2.0,link-only,copyrighted-character,renoise-ai/awesome-seedance-prompts,https://github.com/renoise-ai/awesome-seedance-prompts/blob/904b6caffa21c2b114bb93e1bd0e37ba80b3dd10/data/prompts/2080831637340975354.json,CC-BY-4.0,Hania Ai,https://x.com/HaniaAi12/status/2080831637340975354,True,prompts/其他/广告带货/renoise-2080831637340975354--The-Coldest-Refreshment-Beyond-Reality-1.md,
renoise-2080843951117050260,Cinematic short film. Subject: A 29-year-old extremely handsome athletic…,,真人,特效向,动作大片,,en,Seedance 2.0,,,renoise-ai/awesome-seedance-prompts,https://github.com/renoise-ai/awesome-seedance-prompts/blob/904b6caffa21c2b114bb93e1bd0e37ba80b3dd10/data/prompts/2080843951117050260.json,CC-BY-4.0,𝐌,https://x.com/Strength04_X/status/2080843951117050260,True,prompts/真人/特效向/动作大片/renoise-2080843951117050260--Cinematic-short-film.-Subject-A-29-year.md,"Cinematic short film. Subject: A 29-year-old extremely handsome athletic professional wildfire smokejumper. Sharp strong features, fearless intense eyes, short dark hair, powerfully built muscular frame, ash marks on skin. Wearing heavy fitted yellow Nomex fire suit, technical boots, parachute pack on back.
→ SHOT 1 — Extremely low ground-level tracking shot. He is already moving at full sprint across burning terrain toward an advancing fire line. After a violent dive through a wall of smoke and ember shower, he barely resets his footing before immediately charging the fire with his hand tool.
→ SHOT 2 — Whip pan transition into an impossibly fast fireline construction sequence. Continuous tool strikes into the earth blur across the frame while the camera struggles to keep pace with his overwhelming speed and aggression.
→ SHOT 3 — Wide moving shot across the entire fire perimeter. Multiple rapid suppression tasks happen back-to-back with almost no recovery time. Cameraman nearly loses balance running backwards through the smoke to follow the run.
→ SHOT 4 — Compressed long-lens shot capturing a massive tree torching in slow motion. Wall of flame erupts directly beside him, extreme heat and ember storm surrounding his body, nearly overwhelmed before miraculously holding position at the final second.
→ SHOT 5 — Ultra-low circular tracking shot around an extended hotline holding sequence. Constant high-speed decision making pushes the perimeter to the absolute limit, yet he calmly radios his position mid-action without breaking stride.
→ SHOT 6 — Final shot. The fire crests over the ridge and he makes one final explosive push to cut the line. Flame, smoke and ember trails explode completely around him. He drives his tool into the earth one last time and stands completely still. Fire stops at the line. He slowly removes his helmet. Locks into a completely still final pose against the burning hillside behind him. The sound cuts instantly. Camera freezes on his completely calm and fearless face. Fade.
Style: Ultra-realistic cinematic wildfire documentary combined with premium emergency services advertising energy. Warm fire orange and smoke tones, harsh natural firelight, wide burning landscape compositions. Real human courage and raw endurance."
renoise-2080860591716204613,POV from inside a bright modern refrigerator. Fixed camera. A right hand…,,其他,,广告带货,,en,Seedance 2.0,,,renoise-ai/awesome-seedance-prompts,https://github.com/renoise-ai/awesome-seedance-prompts/blob/904b6caffa21c2b114bb93e1bd0e37ba80b3dd10/data/prompts/2080860591716204613.json,CC-BY-4.0,Ima Studio,https://x.com/ImaStudio_ai/status/2080860591716204613,True,prompts/其他/广告带货/renoise-2080860591716204613--POV-from-inside-a-bright-modern-refriger.md,"POV from inside a bright modern refrigerator. Fixed camera. A right hand repeatedly enters from the same side, places exactly one item, and withdraws. Milk cartons, juice bottles, yogurt cups, and salad boxes appear one by one in perfectly aligned rows. The rhythm gradually accelerates. Stop-motion fast-cut style, satisfying organization, realistic physics, no clipping or morphing, 4K."
renoise-2080863622406787293,The DIVE,,真人,特效向,动作大片,,en,Seedance 2.0,,,renoise-ai/awesome-seedance-prompts,https://github.com/renoise-ai/awesome-seedance-prompts/blob/904b6caffa21c2b114bb93e1bd0e37ba80b3dd10/data/prompts/2080863622406787293.json,CC-BY-4.0,DeCat,https://x.com/DeCat2025/status/2080863622406787293,True,prompts/真人/特效向/动作大片/renoise-2080863622406787293--The-DIVE.md,"The DIVE
Tension Hyper-realistic cinematic underwater action sequence, 15 seconds, aspect ratio 16:9.

One diver only. Murky blue underwater lighting. The diver is alone in open water with low visibility, drifting silt, and a strong current. The mood begins calm and eerie, then becomes intensely suspenseful. The shark must feel threatening and very close, but it does not bite or make physical contact with the diver.

[0-5s] Wide underwater shot. The lone diver hovers in murky blue water, scanning the surroundings. Silt drifts across the frame. At the far edge of visibility, one shark circles slowly in the haze. The diver notices it and becomes tense as the shark keeps circling closer.

[5-10s] Medium underwater tracking shot. The shark moves in a tighter circle around the diver, passing close and then disappearing back into the blue murk. The diver turns in the water trying to keep the shark in sight, breathing faster and backing away cautiously. The current stirs the silt and the water feels more chaotic.

[10-15s] Upward underwater angle. The diver spots a boat ladder hanging just below the surface and kicks upward fast. The dark silhouette of the boat hull is steady above.

The diver reaches for the ladder and starts climbing while the shark rises from below and circles near the diver, creating a final moment of fear and urgency. The diver grabs the ladder firmly, pulls up to the surface, and gasps for air while the shark remains just below in the blue water.

End on the diver gripping the ladder beside the boat, breathing hard, while the shark moves below as a shadow in the water.

Style: hyper-realistic, cinematic, tense, immersive, suspenseful rather than graphic, clear readable action, murky blue underwater atmosphere, drifting silt, strong current, one diver only, one shark only, no physical contact, no biting, no blood, no gore, stable boat silhouette above, no extra people, muffled underwater audio feel, sharp surface gasp at the end, no text, no logos, no cartoon style, no famous celebrity faces, no recognizable actors, no movie-star resemblance, no public-figure likenesses. Keep proportions. Keep style and features. Aspect ratio 16:9."
renoise-2080873114033074185,Character Description (Hero),,真人,特效向,动作大片,,en,Seedance 2.0,,,renoise-ai/awesome-seedance-prompts,https://github.com/renoise-ai/awesome-seedance-prompts/blob/904b6caffa21c2b114bb93e1bd0e37ba80b3dd10/data/prompts/2080873114033074185.json,CC-BY-4.0,Shami,https://x.com/ShamiWeb3/status/2080873114033074185,True,prompts/真人/特效向/动作大片/renoise-2080873114033074185--Character-Description-Hero.md,"Character Description (Hero)

KADE THORNE — A striking Western male in his early 30s with a lean, athletic physique (6'2""), rugged yet refined. Strong jawline with subtle stubble, piercing steel-blue eyes, thick dark blond hair tousled by the wind, weathered skin from years outdoors, confident expression that never panics under pressure. Wears a burnt-orange technical softshell jacket with reflective silver bands, matte-black climbing harness with steel carabiners, fitted charcoal tactical trousers, worn mountain boots, bright red work gloves, and clear wind goggles resting on his forehead. Every movement feels precise, experienced, and cinematic.

15-Second Cinematic Prompt (16:9)
Setting

A stormy coastal wind farm built on towering sea cliffs instead of open hills. Massive white turbines overlook crashing waves hundreds of feet below. Heavy mist rolls through the cliffs while powerful ocean winds constantly move clothing, cables, and grass. The environment feels larger, more dramatic, and more cinematic.

0.0–2.0s — Cold Open

Open on an ultra-low tracking shot racing through wet grass toward KADE standing alone on a cliff-edge turbine platform. One gigantic turbine blade casts a moving shadow across him as four attackers suddenly emerge from dense sea mist. No establishing shot.

Camera: Ground-level tracking, rapid push-in.

2.0–5.0s — Precision

KADE ducks beneath a metal pipe swing, sweeps one attacker off his feet, spins, and lands two lightning-fast strikes before the turbine shadow slides away. Ocean spray blows across the frame while reflective strips flash naturally.

Dialogue
KADE (calm):
""You're fighting the wind... not me.""

5.0–8.0s — The Monster Arrives

The remaining attackers stop. Through thick fog, HALDER slowly appears between rotating turbines, towering over everyone. His storm coat whips violently in the coastal wind. He walks without urgency before throwing one devastating punch that sends KADE crashing against the curved turbine base.

Camera: Wide cinematic scale shot emphasizing the immense turbines.

8.0–12.0s — Counterattack

KADE kicks off the steel tower, wall-runs across the curved surface, flips behind HALDER, and drives three brutal body strikes before narrowly avoiding a steel-bracer swing that tears deep into the turbine casing, sending sparks and metal fragments flying.

Camera: Fast orbit transitioning into slow-motion impact.

12.0–15.0s — Hero Ending

As another turbine blade shadow sweeps across the platform, KADE baits HALDER forward and shoulder-checks him through the open turbine maintenance hatch. HALDER disappears into darkness. KADE settles into a powerful fighting stance overlooking the stormy ocean while turbines rotate behind him and waves crash far below.

Final Camera: Slow cinematic push-in from waist height to close-up, holding for the final second.

Visual Style

Photorealistic, indistinguishable from live-action cinema, full-frame digital cinema camera, 35mm anamorphic lens, natural overcast coastal lighting, physically accurate wind simulation, realistic skin texture, authentic fabric movement, shallow depth of field, natural motion blur, neutral color grading, clean modern blockbuster aesthetic, sharp edge-to-edge frame, 16:9.

Audio (No Music)

Only natural SFX: roaring ocean wind, rhythmic turbine blade whooshes, distant crashing waves, gravel impacts, steel clangs, cloth snapping in the wind, heavy footsteps, body impacts, respirator breathing, and realistic environmental ambience. No score or cinematic music."
renoise-2080877178938663050,Create an ultra-realistic 90-second cinematic romantic comedy featuring the…,,真人,现实向,生活与vlog,,en,Seedance 2.0,,,renoise-ai/awesome-seedance-prompts,https://github.com/renoise-ai/awesome-seedance-prompts/blob/904b6caffa21c2b114bb93e1bd0e37ba80b3dd10/data/prompts/2080877178938663050.json,CC-BY-4.0,Synthia,https://x.com/AIwithSynthia/status/2080877178938663050,True,prompts/真人/现实向/生活与vlog/renoise-2080877178938663050--Create-an-ultra-realistic-90-second-cine.md,"Create an ultra-realistic 90-second cinematic romantic comedy featuring the same young East Asian woman throughout the entire sequence. Maintain identical facial features, soft shoulder-length black hair with bangs, glowing skin, body proportions, and natural expressions in every scene. She wears a fitted white sleeveless crop top, light blue denim shorts, white sneakers, a pearl choker, delicate bracelets, rings, and carries a small white shoulder bag. Premium Korean drama aesthetic, warm natural lighting, realistic performances, cinematic handheld and gimbal camera work, shallow depth of field, soft color grading, and photorealistic 4K HDR.

The film opens with the girl waking up in her cozy bedroom after hearing a notification. She excitedly reads a message on her phone from someone she recently matched with that says, ""See you at 5 PM."" She smiles, stretches happily, and begins getting ready. She styles her hair, applies light makeup, chooses her favorite outfit, sprays perfume, checks herself in the mirror, grabs her handbag, and leaves home feeling excited.

She walks through sunny city streets toward a stylish café. Warm afternoon light fills the streets as she happily imagines meeting him for the first time. She orders an iced coffee and waits by the window. Every time the café door opens, she looks up with excitement, but each time it is someone else. Minutes pass and her smile slowly fades.

Finally, she leaves the café feeling embarrassed and disappointed. As she steps outside, she accidentally bumps into a handsome young man carrying two iced coffees. One cup spills slightly onto both of them. They immediately apologize before bursting into laughter. He offers her the second untouched coffee and jokingly says, ""Looks like this one was meant for you.""

They begin walking together through a peaceful park, talking naturally as if they've known each other for years. They laugh about funny childhood stories, feed pigeons, browse a small bookstore, share street snacks, and take playful selfies together. Their chemistry grows effortlessly while the afternoon turns into golden hour.

During their walk, she casually checks her phone again and suddenly freezes. She realizes the original message actually said ""Tomorrow at 5 PM."" She laughs uncontrollably and shows him the screen. He laughs too before smiling warmly and saying, ""Good... because otherwise we never would've met.""

As evening arrives, they continue walking side by side along a beautiful riverside promenade. City lights begin reflecting on the water while the sunset paints the sky orange and pink. They stop at the railing, quietly watching the skyline. He gently reaches for her hand. She smiles, accepts without hesitation, and they continue walking together toward the glowing city lights.

The final cinematic shot slowly pulls back as they disappear into the sunset hand in hand, laughing together, suggesting that the best moments sometimes begin with the wrong plan.

Natural ambient audio only: bedroom ambience, birds chirping, footsteps, café chatter, coffee pouring, distant traffic, park ambience, laughter, bookstore pages turning, river breeze, soft city sounds, and evening ambience. No background music, no subtitles, no logos, no watermarks, and no on-screen text. Premium Korean drama cinematography, realistic emotions, elegant camera movements, shallow depth of field, warm cinematic color grading, 16:9 widescreen, 4K HDR."
renoise-2080881460417044745,Use the uploaded reference image as the exact character reference. Preserve her…,,真人,现实向,生活与vlog,,en,Seedance 2.0,,,renoise-ai/awesome-seedance-prompts,https://github.com/renoise-ai/awesome-seedance-prompts/blob/904b6caffa21c2b114bb93e1bd0e37ba80b3dd10/data/prompts/2080881460417044745.json,CC-BY-4.0,Smiling Khan,https://x.com/AIwithkhan/status/2080881460417044745,True,prompts/真人/现实向/生活与vlog/renoise-2080881460417044745--Use-the-uploaded-reference-image-as-the.md,"Use the uploaded reference image as the exact character reference. Preserve her facial identity, long dark brown hair, eye color, skin tone, facial features, body proportions, and natural expressions throughout every scene. She wears a soft pink fitted crop top, a white pleated mini skirt, white sneakers, delicate silver jewelry, and carries a small cream shoulder bag. Later in the story, she naturally puts on a light beige cardigan as the rain becomes heavier. Maintain perfect facial consistency in every shot. The young man has neat black hair and wears a dark navy sweater, blue jeans, white sneakers, and carries a classic black umbrella. Premium Korean drama aesthetic, photorealistic live-action cinematography, elegant handheld and gimbal camera work, shallow depth of field, soft cinematic color grading, realistic rain physics, 4K HDR, 16:9 widescreen.

The film opens on a peaceful cloudy afternoon. The young woman leaves her apartment and walks through quiet Korean streets while checking the weather on her phone. The air feels calm as gentle wind moves her hair. She smiles softly while passing familiar cafés, bookstores, and flower shops. Dark clouds slowly gather overhead.

Small raindrops begin to fall. She laughs quietly and starts walking faster, hoping to avoid getting soaked. The rain quickly becomes heavier, forcing her to run toward an old neighborhood bus stop where she once spent countless afternoons during university. She stands beneath the shelter, watching the rain bounce across the empty streets. Memories begin flooding back—brief cinematic flashbacks show a younger version of herself sharing the same bus stop with a shy young man, smiling beneath a single umbrella without ever exchanging names.

Back in the present, she sighs, believing those days are long gone. She quietly watches buses pass while rain pours beyond the glass shelter.

Suddenly another umbrella appears beside her.

She slowly turns.

Standing there is the same young man, now older but instantly recognizable. He smiles warmly before softly saying,

""Looks like the rain brought us together again.""

She laughs in disbelief, tears mixing with the rain as she smiles back.

Without hesitation, he opens the umbrella over both of them.

They begin walking together through rain-covered Korean streets exactly as they once did years before. Reflections shimmer across the pavement while warm city lights glow around them. They naturally talk, laugh, and catch up on everything life has brought since they last met.

They stop at a cozy café beside a large rain-covered window. Steam rises from two cups of hot coffee while droplets slide down the glass outside. They laugh over old memories, exchange stories, and realize how much they had unknowingly missed each other.

After the rain begins to ease, they leave the café and continue walking beneath one umbrella through narrow streets lined with glowing lanterns and cherry blossom trees dripping with rainwater. The city slowly transforms into golden hour as sunlight breaks through the clouds.

They arrive at a quiet riverside promenade where puddles perfectly reflect the evening sky. They stop to admire the sunset. He gently reaches for her hand. She smiles and accepts without hesitation.

As they continue walking together, the umbrella slowly lowers while the last raindrops fall around them. The camera circles the couple before slowly pulling back, revealing the glowing riverside, warm sunset reflections, and two people whose story quietly began again because of the rain.

Natural ambient audio only: gentle rainfall, footsteps on wet pavement, distant buses, umbrella raindrops, café ambience, coffee pouring, soft conversations, birds returning after the rain, leaves rustling, river breeze, and quiet evening city sounds."
renoise-2080887420263039360,@[Image 1] is the character — the same cyberpunk street free-runner girl. Keep…,,漫剧,特效向,科幻机甲,2D日漫,ja,Seedance 2.0,,,renoise-ai/awesome-seedance-prompts,https://github.com/renoise-ai/awesome-seedance-prompts/blob/904b6caffa21c2b114bb93e1bd0e37ba80b3dd10/data/prompts/2080887420263039360.json,CC-BY-4.0,ふじりゅう｜(株)BLUUPRINT CEO｜動画クリエイター,https://x.com/fujiryu00/status/2080887420263039360,True,prompts/漫剧/特效向/科幻机甲/renoise-2080887420263039360--Image-1-is-the-character-—-the-same-cybe.md,"@[Image 1] is the character — the same cyberpunk street free-runner girl. Keep her
exact design: face, shoulder-length straight dark hair with wispy see-through
bangs, oversized electric-blue techwear hoodie worn open over a white cropped
T-shirt with midriff visible, dark-grey pleated skirt, white socks, chunky white
sneakers with cyan accents, neon-lit headphones around her neck. Do not alter or
re-describe her.
@[Video 1] is a black-and-white depth / motion guide — follow its motion, action,
timing, camera path and composition exactly; do NOT copy its texture or realism.
Render the ENTIRE world — the girl AND the whole city — in ONE unified stylized
art style: hand-drawn 2D anime — clean crisp lineart, flat cel shading with soft
color gradients, painterly anime background art, the look of a modern high-end 2D
anime film. Flat and illustrative, with only a subtle sense of depth, never a 3D
render.
The city is ""BLUU CITY"", a bright, pop, exciting high-tech cyberpunk metropolis
built around a base of VIVID, saturated, deep electric-cobalt blue — rich and
punchy, NOT pale, washed-out or pastel light blue. A dense clean-cyberpunk city
under a bright sky: towering skyscrapers in vivid blue tones with glowing glass
facades, massive holographic advertisements and floating billboards in punchy pop
colors, crisscrossing skybridges, cables and antennae, swarming delivery drones,
glitchy AR overlays, and neon signage glowing even in daylight. The whole city is
dominated by vivid saturated blue, with playful pops of other bright colors —
magenta, cyan, yellow, orange — as accents. Bright, colorful, energetic and fun.
The rooftops she runs across are vivid-blue-toned with glowing accents.
She sprints, vaults, spins and leaps across these rooftops, drones and holo-signs
whipping past her, the dense vivid city far below — her hair and open hoodie
streaming in the wind. High-energy action, snappy 2D-anime motion with sharp
motion blur on the fast moves, 9:16 vertical.
Atmosphere: fearless, kinetic, exhilarating — a bright, pop, high-energy cyberpunk
vibe, full of excitement.
Audio: no music — only wind rush, footsteps and landing impacts, fabric
fluttering, drone flybys, and the electric hum of the high-tech city.
Avoid: photorealistic or live-action, 3D render, 3DCG, video-game engine render,
Unreal Engine look, volumetric or plasticky CGI surfaces, glossy plastic skin,
realistic rendering, a realistic background mixed with a stylized character,
mismatched art styles, dark or gloomy noir atmosphere, pale washed-out light blue,
a mostly-white or monotone city, desaturated or muted colors, empty or sparse
background, slow motion, static camera, changing her design, adding weapons."
renoise-2080894158169092306,"Ultra-realistic supernatural horror, psychological thriller, cinematic…",,真人,特效向,恐怖灵异,,en,Seedance 2.0,,,renoise-ai/awesome-seedance-prompts,https://github.com/renoise-ai/awesome-seedance-prompts/blob/904b6caffa21c2b114bb93e1bd0e37ba80b3dd10/data/prompts/2080894158169092306.json,CC-BY-4.0,Maria,https://x.com/thisismariaa25/status/2080894158169092306,True,"prompts/真人/特效向/恐怖灵异/renoise-2080894158169092306--Ultra-realistic-supernatural-horror,-psy.md","Ultra-realistic supernatural horror, psychological thriller, cinematic Hollywood movie trailer, grounded realism, premium production design, photorealistic, subtle horror, slow tension, believable acting.

The supplied reference image is ONLY for the woman inside the painting. Transform her into a magnificent Renaissance queen painted in realistic oil on canvas while preserving her exact facial identity. She is never a real person standing inside the museum and remains an oil painting until after time freezes.

SCENE 1 (0:00–0:05)

A beautiful European art museum in the afternoon with marble floors, warm spotlights, ornate framed oil paintings, polished brass details, and visitors quietly admiring artwork. Natural museum ambience only with footsteps, soft conversations, distant humming, and an occasional cough. No music.

The camera slowly dollies toward one particular painting of the queen, wearing a golden crown, embroidered royal gown, and pearl jewelry. The painting is surrounded by polished brass stanchions connected with luxurious red velvet ropes. A plaque beneath the painting clearly reads:

DO NOT TOUCH

Keep the warning sign visible.

SCENE 2 (0:05–0:08)

A curious young man studies the queen's portrait. The camera briefly focuses on the DO NOT TOUCH sign. He looks around as other visitors remain distracted by different paintings. Nobody notices him.

He slowly reaches one hand over the velvet barrier. The camera follows only his hand as his fingertip gently touches the painted canvas, not the frame or glass.

The instant he touches the painting, all sound cuts out.

SCENE 3 (0:08–0:11)

Absolute silence.

Time completely stops. Every visitor freezes exactly where they are. Nobody moves, blinks, or reacts. A child remains frozen while pointing, a woman freezes mid-step, a museum guide freezes mid-sentence. Dust particles hang motionless in the air. The lighting becomes slightly colder.

Only the queen moves.

She slowly turns her painted head toward the man, makes direct eye contact, and forms a slow, unsettling smile. Her expression should feel psychologically disturbing, not exaggerated or monstrous.

SCENE 4 (0:11–0:14)

The painted canvas ripples like liquid oil paint. The queen slowly presses one hand through the canvas into the real world. Her arm physically emerges as though passing through water, with no smoke, teleportation, or magical effects.

She suddenly grabs the man's wrist and violently pulls him into the painting. He screams as his entire body disappears into the canvas. The painting ripples once before becoming perfectly still.

SCENE 5 (0:14–0:15)

Time immediately resumes. Museum sounds return and visitors continue walking naturally, unaware anything happened.

The painting now contains two figures: the smiling queen and the terrified man trapped beside her, reaching desperately toward the viewer from inside the artwork.

The camera slowly pushes toward the painting.

Hard cut to black.

TITLE CARD

Black background with elegant gold serif typography.

THE LAST VISITOR

""Some warnings are meant to be obeyed.""

Directing Notes

The queen remains a painted portrait until after time freezes. Do not animate or blink before the touch. The museum should feel completely normal during the first half. Everyone except the queen remains perfectly frozen after time stops. The queen's movements should be slow, controlled, and unsettling. Her hand must physically emerge through the canvas, which behaves like thick liquid oil paint. Keep the museum grounded and realistic. No ghosts, monsters, demons, blood, gore, explosions, floating objects, flashing lights, or collapsing environments. Prioritize suspense over action. Every shot should feel like a frame from a high-budget psychological horror film with slow cinematic camera movement, realistic performances, premium lighting, and seamless visual effects."
renoise-2080901379149951047,"Cinematic travel-brand advertisement, continuing directly from Part 1, 15…",,其他,,广告带货,,en,Seedance 2.0,,,renoise-ai/awesome-seedance-prompts,https://github.com/renoise-ai/awesome-seedance-prompts/blob/904b6caffa21c2b114bb93e1bd0e37ba80b3dd10/data/prompts/2080901379149951047.json,CC-BY-4.0,Shara I Ai Video Creator,https://x.com/itsshara_ai/status/2080901379149951047,True,"prompts/其他/广告带货/renoise-2080901379149951047--Cinematic-travel-brand-advertisement,-co.md","Cinematic travel-brand advertisement, continuing directly from Part 1, 15 seconds, edited in 3 distinct camera angles (one per world), premium commercial pacing. Reference: WANDERER (@img1), matching her exact face, hair, and build in every angle. (0:15–0:20) — Alpine Trail — SLOW CRANE-DOWN: Hard cut — wardrobe transforms the instant the world changes. Background becomes a snow-capped high-altitude mountain trail, prayer flags fluttering at frame edges, misty peaks receding into the background. Flat diffused overcast light through fog, near-zero shadow, cold blue-white color cast, visible breath in the cold air. Her wardrobe change is unmistakable and fully visible: a thick puffer jacket in a bold color, a beanie, thermal leggings, sturdy hiking boots — COMPLETELY DIFFERENT OUTFIT from the beach/city looks, not a variation. Camera: starts high above her, looking down the trail from an elevated crane position, then slowly cranes down and forward as she walks, settling into an eye-level view just as she passes close to camera — revealing the scale of the mountains first, then bringing the focus intimate. Shallow f/2.0 depth of field at the settle point, 35mm anamorphic lens character — gentle horizontal flare on any bright highlight, faint edge vignette, fine 35mm film grain overlay throughout. Audio: wind gusts building as the camera descends, a distant echoing horn, the crunch of boots on packed snow, her breath audible and visible in the cold. (0:20–0:25) — Desert Dusk — WIDE SIDE-TRACKING SHOT: Hard cut — wardrobe transforms the instant the world changes. Background becomes a golden dune desert at dusk, a distant camel caravan silhouette, a small oasis camp with lantern glow far behind her. Hard, low, warm rim-light from behind creating a glowing edge on her silhouette, heavy long cast shadow stretching toward camera, fine airborne sand catching the light. Her wardrobe change is unmistakable: flowing sand-toned linen layers, a loose scarf trailing in the wind, sandals — a completely different silhouette from the alpine look. Camera: a wide, steady side-tracking shot at a distance (full-body-plus-environment framing, not a close follow), running parallel to her path along the dune ridge so the vastness of the desert and the depth of the dunes are visible in the same frame as her — a ""epic scale"" wide shot. Same 35mm anamorphic lens character, flare, and fine film grain. Audio: warm oud strings and a hand-drum rhythm fading in, faint wind-blown sand hiss, distant camel bells. (0:25–0:30) — Rainforest — LOW PUSH THROUGH FOLIAGE: Hard cut — wardrobe transforms the instant the world changes. Background becomes a lush emerald rainforest, a distant waterfall softly visible, dappled hard-edged light shafts breaking through canopy gaps, strong contrast between lit and shadowed patches, light mist drifting near the ground. Her wardrobe change is fully visible: breathable outdoor gear, a light rain jacket tied at her waist, hiking boots swapped for sturdy trail shoes — distinctly different from the desert look. Camera: a low, close push-in shot that starts partially obscured by foreground foliage (leaves briefly cross the frame as if the camera is moving through the undergrowth), then pushes forward and settles into a clean medium shot of her walking, at chest-to-shoulder height, shallow f/2.0 depth of field. Same 35mm anamorphic lens character, flare, and fine film grain throughout. Audio: soft acoustic guitar fading in, layered rainforest ambience (distant birds, dripping water, the waterfall's low rumble), leaves rustling as the camera pushes past them. Overall: photorealistic, premium travel/fashion commercial quality, each segment cut on a deliberately different camera angle (crane-down → wide side-tracking → low push-through-foliage) while her face, build, and walking pace stay perfectly consistent throughout. Consistent film grain and lens character across all three segments. Same aspect ratio as Part 1 (16:9 keep identical), no on-screen text, no watermark, no logos anywhere in frame."
renoise-2080908149595504713,参照画像を使って、Seedance 2.0 mini で,,真人,现实向,音乐MV,,ja,Seedance 2.0,,,renoise-ai/awesome-seedance-prompts,https://github.com/renoise-ai/awesome-seedance-prompts/blob/904b6caffa21c2b114bb93e1bd0e37ba80b3dd10/data/prompts/2080908149595504713.json,CC-BY-4.0,usagisan | 葵(AOI)🎧️,https://x.com/menmarsan/status/2080908149595504713,True,prompts/真人/现实向/音乐MV/renoise-2080908149595504713--参照画像を使って-Seedance-2.0-mini-で.md,"参照画像を使って、Seedance 2.0 mini で
「夏フェスのステージでベースを演奏する葵」の
8秒・9:16縦長のマルチショット動画を1本制作してください。

画像1 は世界観とステージの参考、
画像2 は葵の顔とidentityの参考です

構成、ショット割り、カメラ、光、動き、表情、色、エフェクト、編集はすべてあなたに任せます。
不足情報があっても質問せず、最も魅力的だと思う形で完成させてください。

文字、字幕、ロゴ、透かしは入れないでください。
設計だけで終わらず、実際に動画生成まで行ってください。"
renoise-2080911266013389009,"CAMERA: Authentic early-2000s MiniDV camcorder aesthetic, handheld POV by CHASE…",,真人,特效向,动作大片,,en,Seedance 2.0,link-only,hate,renoise-ai/awesome-seedance-prompts,https://github.com/renoise-ai/awesome-seedance-prompts/blob/904b6caffa21c2b114bb93e1bd0e37ba80b3dd10/data/prompts/2080911266013389009.json,CC-BY-4.0,Anissa,https://x.com/SimplyAnnisa/status/2080911266013389009,True,prompts/真人/特效向/动作大片/renoise-2080911266013389009--CAMERA-Authentic-early-2000s-MiniDV-camc.md,
renoise-2080920377002164297,"Style: Ultra-realistic cinematic fashion reel, luxury editorial, premium…",,真人,现实向,时尚写真,,en,Seedance 2.0,,,renoise-ai/awesome-seedance-prompts,https://github.com/renoise-ai/awesome-seedance-prompts/blob/904b6caffa21c2b114bb93e1bd0e37ba80b3dd10/data/prompts/2080920377002164297.json,CC-BY-4.0,Caden Flux,https://x.com/Caden_Flux/status/2080920377002164297,True,prompts/真人/现实向/时尚写真/renoise-2080920377002164297--Style-Ultra-realistic-cinematic-fashion.md,"Style: Ultra-realistic cinematic fashion reel, luxury editorial, premium Instagram creator aesthetic, smooth camera movement, natural lighting, 4K, highly detailed fabrics, realistic clothing physics.

Scene Overview

A stylish male model showcases five iconic fashion eras from the 1920s to the 1960s. The video takes place in the same modern studio with soft daylight and a clean architectural background. The same model appears throughout the video while only the clothing changes between decades. Every outfit change happens naturally during camera movement, creating a smooth and satisfying visual flow.

The only on-screen text is the decade name.

Music is a modern electronic fashion track that builds continuously without vocals.

Character

Use the reference image as the model.

Young adult male.

Confident but relaxed.

Friendly expression.

Natural walking pace.

The same model appears in every scene.

Environment

Minimalist fashion studio.

Large windows.

Warm daylight.

Neutral beige walls.

Polished concrete floor.

Luxury editorial atmosphere.

Keep the background consistent throughout the video.

0:00–0:03 — 1920s

The video opens with the model standing confidently in the center of the studio.

The camera slowly moves closer.

He adjusts his cufflinks before looking toward the camera.

Outfit

Charcoal pinstripe three-piece suit

White dress shirt

Dark tie

Waistcoat

Pocket watch chain

Oxford shoes

Grey newsboy cap

On-screen text:

1920s

As the camera quickly pans to the right, the clothing smoothly changes into the next decade.

0:03–0:06 — 1930s

The camera finishes the movement.

The model now wears a cream double-breasted suit with wide lapels, pleated trousers, spectator shoes, and a fedora.

He places one hand in his pocket and takes a confident step forward.

On-screen text:

1930s

The camera gently circles around him, and during the movement the outfit changes into the next style.

0:06–0:09 — 1940s

The camera completes the circle.

The model now wears an olive green utility jacket with tailored trousers, brown leather boots, and a classic wristwatch.

He buttons the jacket while walking slowly toward the camera.

On-screen text:

1940s

A warm light sweep crosses the frame, leading naturally into the next outfit.

0:09–0:12 — 1950s

The model now wears a fitted white T-shirt, dark blue cuffed jeans, a brown leather belt, leather boots, and classic sunglasses.

He casually adjusts the sunglasses before taking two relaxed steps forward.

On-screen text:

1950s

The camera briefly moves closer, then pulls back, allowing the clothing to change smoothly.

0:12–0:15 — 1960s

The model now wears a black turtleneck, camel overcoat, slim trousers, Chelsea boots, and a simple wristwatch.

He walks confidently toward the camera with both hands in his coat pockets.

On-screen text:

1960s

During the final second, the camera begins a slow clockwise circle around him.

His coat moves naturally as he lightly adjusts the collar.

The music continues to build instead of ending.

0:15–0:18 — 1970s

The video begins exactly where Part 1 ended.

The camera continues its slow clockwise movement around the model before settling into a smooth front-facing angle.

The music hits the next beat naturally.

Outfit

Brown suede jacket

Patterned open-collar shirt

Flared trousers

Brown leather belt

Platform shoes

Gold wristwatch

Aviator sunglasses

The model adjusts his sunglasses before removing them with a confident smile.

On-screen text:

1970s

As the camera moves slightly closer, the outfit changes naturally into the next decade.

0:18–0:21 — 1980s

The camera continues tracking forward.

The model now wears a charcoal oversized business suit with a patterned tie, pleated trousers, polished loafers, and a classic dress watch.

He straightens his tie while walking confidently toward the camera.

On-screen text:

1980s

The camera briefly passes beside him, creating a smooth transition into the next outfit.

0:21–0:24 — 1990s

The camera emerges on the opposite side.

The model now wears an oversized light-wash denim jacket over a graphic T-shirt, relaxed jeans, chunky white sneakers, and a simple silver chain.

He smiles naturally while walking across the frame with both hands in his jacket pockets.

On-screen text:

1990s

The camera follows his movement before quickly swinging to reveal the next decade.

0:24–0:27 — 2000s

The camera settles into a smooth tracking shot.

The model now wears a black leather jacket over a fitted white T-shirt, slim dark jeans, white high-top sneakers, and aviator sunglasses.

He casually removes the jacket from one shoulder while continuing to walk.

The movement of the jacket naturally fills part of the frame as the clothing changes into the final look.

On-screen text:

2000s

0:27–0:30 — 2020s

The jacket clears the frame.

The camera slowly pushes toward the model.

He now wears a modern quiet luxury outfit.

Outfit

Beige overshirt

Premium white T-shirt

Relaxed tailored trousers

White minimalist sneakers

Luxury stainless steel watch

Simple silver ring

The model walks toward the camera before stopping naturally.

He smiles confidently while looking directly into the lens.

On-screen text:

2020s

The decade text gently fades into:

100 YEARS OF MEN'S FASHION

Then below it:

1920 → 2020

The music reaches its final peak before fading smoothly.

The camera holds on the model for a brief moment before fading to black.

Camera Style

Smooth cinematic movement

Gentle dolly shots

Slow orbit around the model

Occasional push-in

Natural handheld feel

Soft depth of field

Luxury fashion commercial look

Visual Style

Premium editorial photography

Warm natural colors

Soft contrast

Highly detailed fabrics

Clean tailoring

Realistic lighting

Crisp facial details

Natural movement

Elegant pacing"
renoise-2080927645772943539,Ultra-cinematic dark fantasy film set in modern Istanbul during a relentless…,,真人,特效向,奇幻怪兽,,en,Seedance 2.0,,,renoise-ai/awesome-seedance-prompts,https://github.com/renoise-ai/awesome-seedance-prompts/blob/904b6caffa21c2b114bb93e1bd0e37ba80b3dd10/data/prompts/2080927645772943539.json,CC-BY-4.0,G-Code,https://x.com/GcodeXS/status/2080927645772943539,True,prompts/真人/特效向/奇幻怪兽/renoise-2080927645772943539--Ultra-cinematic-dark-fantasy-film-set-in.md,"Ultra-cinematic dark fantasy film set in modern Istanbul during a relentless night rainstorm. Heavy rain pours over empty streets, ancient cobblestone alleys shimmer under yellow streetlights, dense fog rolls between historic buildings, distant thunder echoes across the Bosphorus. The camera begins with a slow aerial shot over the Galata Tower before descending into narrow wet streets. Neon reflections dance on puddles while abandoned trams stand motionless. Suddenly every streetlight flickers simultaneously. Time seems to freeze for a brief moment.  From the thick fog emerges an enormous shadowy humanoid entity over 20 meters tall, its body formed from black smoke, rain, and flowing darkness. Its glowing white eyes pierce through the storm while countless raven feathers swirl around it. Every footstep silently distorts reality, causing nearby buildings to ripple like liquid without collapsing. The rain bends unnaturally around the creature as if gravity itself obeys its presence.  The camera follows from behind at street level with an 85mm anamorphic lens, shallow depth of field, realistic water droplets on the virtual lens, cinematic handheld movement, subtle focus breathing, volumetric lighting, atmospheric fog, realistic rain physics, ultra detailed reflections, HDR, IMAX quality, photorealistic textures, dramatic contrast, blue-gray color grading with warm tungsten highlights.  A lone black umbrella slowly rolls across the flooded street against the wind. Cats stare motionless from rooftops. Ferry horns echo from the invisible Bosphorus while mosque minarets disappear into dense storm clouds. Lightning briefly illuminates the creature's silhouette, revealing thousands of ancient glowing runes beneath its smoky skin before darkness swallows them again.  As the entity reaches the Galata Bridge, every clock in Istanbul stops at exactly 03:33. The Bosphorus begins flowing backwards. Thousands of black birds explode into the sky in complete silence. The rain transforms into glowing black ash for several seconds before returning to water. The creature slowly turns toward the camera and smiles with an impossibly wide expression that should not exist in nature. Its eyes lock directly with the viewer.  The final shot slowly pulls back into the storm as the entire city loses electricity one district after another until only the creature's glowing eyes remain visible in complete darkness. Fade to black.  Masterpiece, ultra realistic, dark fantasy, psychological horror, cinematic realism, Hollywood VFX, Unreal Engine 5 quality, volumetric rain, physically accurate lighting, global illumination, ray tracing, subtle film grain, Dolby Vision look, haunting atmosphere, terrifying but beautiful, no text, no subtitles, no watermark, no logo, no cartoon, no low quality."
renoise-2080939865370427774,@图1 为角色一致性参考：红金黑战衣、红色兜帽围巾、金色闪电纹面罩、胸口金色圆环纹章、黑色装甲猴尾配金环、指尖与尾尖可射出可操控的黄金丝线，完全以图1为准。,,漫剧,特效向,特效综合,3D卡通,en,Seedance 2.0,,,renoise-ai/awesome-seedance-prompts,https://github.com/renoise-ai/awesome-seedance-prompts/blob/904b6caffa21c2b114bb93e1bd0e37ba80b3dd10/data/prompts/2080939865370427774.json,CC-BY-4.0,Cia0,https://x.com/Cia0_exe/status/2080939865370427774,True,prompts/漫剧/特效向/特效综合/renoise-2080939865370427774--图1-为角色一致性参考-红金黑战衣-红色兜帽围巾-金色闪电纹面罩-胸口金色圆环纹.md,"@图1 为角色一致性参考：红金黑战衣、红色兜帽围巾、金色闪电纹面罩、胸口金色圆环纹章、黑色装甲猴尾配金环、指尖与尾尖可射出可操控的黄金丝线，完全以图1为准。
【渲染风格】电影级3D渲染动画，表面覆盖手绘油画质感贴图（Painterly 3D Render）：真实三维体积与透视，材质表面呈现清晰手绘笔触与颜料堆叠纹理，电影级体积光与大气透视，浅景深自然虚化，高端3D绘画动画剧集质感（Arcane风格）。绝非扁平2D作画，绝非塑料感CG。晴朗正午，湛蓝天空洁白积云，强烈明媚阳光。16:9。
【核心节奏·务必执行】全片15秒无任何停顿、无铺垫、无对峙——从第0帧即为全速运动，每2秒切换全新机位与新技巧。所有搞笑桥段必须在高速运动中完成，绝不为了搞笑而停下动作，速度与幽默同时进行。
【音效核心设定】黄金丝线绷紧与弹射时发出竖琴般的清脆音符，随速度密集连奏。
[0-2秒] 零帧启动·被拽入画：开场第一帧即为极特写——黑色战斗爪手套的指尖爆射出四道黄金丝线，镜头随丝线高速前冲划过整条街道空中，丝线""锵""地锚定远处塔尖绷紧——镜头猛然回甩，英雄被丝线拽着从画面下方以极速斜向上冲入画面，红色兜帽围巾在身后炸开，气浪掀翻街边彩旗。
[2-4秒] 主观穿索·鸽子糊脸：切至第一人称主观视角，他贴着密集交错的缆车钢索高速荡行，钢索与条幅贴着镜头呼啸掠过——一只受惊的鸽子迎面""啪""地糊在他面罩上完全挡住视野，画面被灰白羽毛填满，他单手把鸽子从脸上揭下来托在掌心，两者在高速飞行中对视半秒，他歉意地把鸽子往上一抛放飞，鸽子愤怒地扑棱着飞走，他继续换线荡行，全程没有减速。
[4-6秒] 垂直墙面冲刺·猫爪突袭：他落上米白色大理石立面四肢着壁极速斜向奔跑，掌心金色纹章亮起、金爪抠出石屑拖痕——冲过一扇窗台时，一只趴着晒太阳的橘猫猛地挥爪拍向他，他不减速地向后仰身躲过，顺手用尾尖轻轻点了一下猫鼻子，橘猫炸毛僵住——他已冲到屋檐，猴尾如撑杆狠狠一撑弹射翻越尖顶，天空瞬间灌满画面。
[6-8秒] 自由落体·顺手买个苹果：他背朝下坠入两座塔楼之间的垂直峡谷，双臂张开，指尖射出的金丝线在身后飘成数条舞动的绸带——坠落途中猴尾精准地从下方水果摊的帐篷上卷走一颗红苹果，同时指尖弹出一道金丝线把一枚金币""叮""地送进摊主的钱罐里，摊主茫然抬头四处张望，他已在坠落中翻身咬了一口苹果，镜头与他一同旋转下坠。
[8-10秒] 金线弹弓·条幅裹头：坠到底前他双手同时射线锚定两侧塔楼，身体后仰将丝线拉成一张巨大的弓——升格慢镜半拍蓄力，金线绷至极限微微震颤——""崩""地释放，他如箭般水平超速弹射出去，却一头扎穿一面垂落的深红条幅，布料整个罩住他的脑袋，他在高速飞行中手忙脚乱地扒拉了半秒，一把扯下来——布料顺势挂在肩上变成一件飘扬的红色披风，他立刻若无其事地摆了个帅气姿势，苹果还叼在嘴里。
[10-12秒] 索间穿花·空中合影：他在密集钢索之间高速穿行，手与尾交替接力荡行——经过一节满载乘客的红铜色缆车时，车内乘客正举着手机隔窗拍他，他顺势倒挂在车窗外与他们同速并行，猴尾比出一个V字手势，乘客们欢呼大笑，他把嘴里的苹果隔着敞开的车窗递给一个小孩，随即一蹬车顶弹射离开，披风猎猎。
[12-15秒] 巨像掠水·回环收尾：他贴着黄铜巨像喷泉低空掠过，尾尖点水拖出一道弧线——水花却""哗""地反弹糊了他一脸，他在飞行中甩了甩头把水甩开、像猫一样抖了抖尾巴上的水珠，随即拉升冲向高空，在最高点身体舒展翻转一圈，披风与彩虹在身侧展开——就在冲出画面的瞬间，他再度伸手朝镜头方向射出四道黄金丝线，构图与光线与开场第一帧完全一致，形成无缝循环，画面在丝线爆射的瞬间切断。
运镜：指尖极特写随线前冲回甩→第一人称主观穿索→贴墙平行跟拍急上摇→旋转自由落体→慢镜蓄力后急速后拉→并行跟拍缆车→低空掠水急速仰拍循环切断。全程高速运动无静止，每2秒全新机位。手绘质感3D渲染，专业电影调色，16:9。
环境音：风声呼啸贯穿全片，黄金丝线的竖琴音符密集连奏，鸽子受惊的扑棱与鸣叫，猫的炸毛嘶声，金币落罐的""叮""，条幅撕裂的布料声，乘客的欢呼与笑声，水花飞溅，轻快诙谐的管弦乐与鼓点持续推进不留空隙，结尾在丝线爆射的一声重音上骤然切断。
Negative prompt：扁平2D作画，赛璐璐平涂，塑料感CG，游戏引擎质感，照片写实，与参考图不符，战衣改变，兜帽缺失，尾巴缺失，纹章改变，蛛网图案，场景风格改变，静止镜头，动作停顿，缓慢铺垫，夜晚，阴天，畸形的手，多余的手指，丝线形状混乱，动物造型混乱，运镜混乱，掉帧卡顿，构图失衡，低分辨率，模糊，过度饱和，文字，字幕"
renoise-2080941279936909422,"Hyper-realistic cinematic action sequence, 15 seconds, aspect ratio 16:9.",,真人,现实向,剧情短片,,en,Seedance 2.0,,,renoise-ai/awesome-seedance-prompts,https://github.com/renoise-ai/awesome-seedance-prompts/blob/904b6caffa21c2b114bb93e1bd0e37ba80b3dd10/data/prompts/2080941279936909422.json,CC-BY-4.0,DeCat,https://x.com/DeCat2025/status/2080941279936909422,True,prompts/真人/现实向/剧情短片/renoise-2080941279936909422--Hyper-realistic-cinematic-action-sequenc.md,"Hyper-realistic cinematic action sequence, 15 seconds, aspect ratio 16:9.

Daytime on an open grassy field under a heavy overcast sky. Two archers stand facing each other roughly 40 meters apart, locked in a tense standoff. The field is wide and mostly empty, with short grass, a few patches of dirt, light wind moving through the ground cover, and a dark dramatic sky overhead. The mood is sharp, focused, and suspenseful.

Begin with a tense medium shot of the first archer planting their feet and raising the bow. The second archer stands motionless in the distance, watching. Cut closer as the first archer draws a single arrow, the bow bending hard, the bowstring creaking under heavy tension, fingers locked, breath controlled, eyes fixed on the target.

Then shift into a fast moving tracking shot that runs alongside the arrow the instant it is released. The arrow streaks across the field low and fast, cutting through the air with extreme speed, skimming just above the grass, the background blurring from velocity. Keep the camera tight to the arrow as it flies straight toward the second archer.

As the arrow closes in, cut to the opponent from a low angle near ground level. The arrow slams into the earth a hair from the opponent’s boot, dirt and grass bursting upward from the impact. The opponent jolts and looks down in shock while the arrow vibrates in the ground beside their foot.

End on a tense close view of the arrow buried in the dirt next to the boot, with both archers still facing each other across the field.

Style: hyper-realistic, cinematic, tense, fast-paced, strong suspense, clear readable action, detailed bow tension, dramatic arrow flight, dynamic varied camera movement, no text, no logos, no cartoon style, no slow motion, no famous celebrity faces, no recognizable actors, no movie-star resemblance, no public-figure likenesses, no clear facial close-ups.
Keep proportions. Keep style and features. Aspect ratio 16:9."
renoise-2080942776179474487,Ultra-chill ASMR meditation vlog seedance 2.0 prompt,,真人,现实向,喜剧整活,,en,Seedance 2.0,,,renoise-ai/awesome-seedance-prompts,https://github.com/renoise-ai/awesome-seedance-prompts/blob/904b6caffa21c2b114bb93e1bd0e37ba80b3dd10/data/prompts/2080942776179474487.json,CC-BY-4.0,Pan,https://x.com/sebatheepan/status/2080942776179474487,True,prompts/真人/现实向/喜剧整活/renoise-2080942776179474487--Ultra-chill-ASMR-meditation-vlog-seedanc.md,"Ultra-chill ASMR meditation vlog seedance 2.0 prompt

CAMERA / LOOK: Propped Mini DV camera on a wooden deck ledge, surrounded by rising steam. Extremely smooth pan, ultra-relaxed pacing, natural soft warm sunlight through mist, calm consumer vlog framing. STYLE: Ultra-chill ASMR meditation vlog. Zero stress, monotonic deep voice, soothing water ripples, zen atmosphere. SUBJECT: Unbothered, majestic Capybara sitting submerged up to its neck in a steaming wooden hot tub, with a yellow Yuzu citrus fruit balanced perfectly on its flat head. SETTING: Outdoor Japanese hot spring (Onsen) tub surrounded by smooth stones, bamboo stalks, rising steam mist, soft morning sunbeams. STORYBOARD: → (2s, static medium shot) Capybara sitting in steam, looking directly into lens. ""Welcome. Breathe in peace. Breathe out drama."" → (1.5s, detail shot) Yuzu fruit wobbles slightly on head, but capybara remains motionless. Soft water ripple ASMR. → (1.5s, close-up) Takes slow, deep breath in through nose, nostrils expanding gently. Deep exhalation sound into microphone. → (2s, medium shot) A yellow rubber duck drifts into frame and bumps into capybara's cheek. Capybara doesn't even flinch. ""Accept the duck. Become the duck."" → (1.5s, macro detail shot) Takes a slow bite of a bamboo leaf floating by. Soft leaf crunch ASMR sound. → (1.5s, low angle shot) A small sparrow alights on his head right next to the fruit. ""New subscriber just dropped. Welcome, bird."" → (1.5s, close-up) Ear twitches once to shake off a drop of condensation. Soft water droplet splash sound. → (1.5s, medium shot) Sinks 1 inch deeper into warm water, eyelids dropping halfway. ""Stress is optional. Water is warm."" → (1s, warm ending shot) Looks at camera with ultimate tranquility. ""Stay unbothered, my friends."" → (1s, final shot) Steam rises, enveloping lens smoothly until screen fades to warm white mist. AUDIO NOTES: Soothing water trickling, deep slow breathing, soft leaf crunching, ultra-calm monotonic baritone voice synced smoothly to jaw movement. REALISM & COMEDY NOTES: Photorealistic Capybara coarse fur texture with water droplets, steady calm expression, hilarious comedic contrast between extreme zen energy and absurd head balance."
renoise-2080958236564316266,Use the person in the reference image as the main character. She is an adult…,,真人,特效向,恐怖灵异,,en,Seedance 2.0,,,renoise-ai/awesome-seedance-prompts,https://github.com/renoise-ai/awesome-seedance-prompts/blob/904b6caffa21c2b114bb93e1bd0e37ba80b3dd10/data/prompts/2080958236564316266.json,CC-BY-4.0,Tbros6868,https://x.com/tbros6868/status/2080958236564316266,True,prompts/真人/特效向/恐怖灵异/renoise-2080958236564316266--Use-the-person-in-the-reference-image-as.md,"Use the person in the reference image as the main character. She is an adult woman who must closely match the reference image, preserving her exact facial structure, hairstyle, hair color, body proportions, skin tone, and overall appearance. Maintain strong facial consistency throughout every shot. She wears a simple, elegant bikini.

Photorealistic cinematic film, ultra-high resolution, realistic water simulation, cinematic lighting, natural character animation, consistent identity, 24fps, 15 seconds, 16:9.

0–3s — Exciting Start

A massive outdoor water park on a bright summer day. The main character stands smiling at the top of a giant waterslide, waving enthusiastically to the lifeguard before launching herself down. The camera tracks closely from the front or front three-quarter angle, emphasizing her joyful expression. Water splashes everywhere, wet hair flows naturally in the wind, and the camera movement feels energetic and immersive, capturing the excitement of a thrilling summer ride.

3–9s — POV Waterslide Ride

Cut to a true first-person POV. Only the woman's outstretched legs are visible at the bottom of the frame. She races at high speed through a fully enclosed tubular waterslide with no outside view. Powerful rushing water carries her through sharp left and right banking turns. Blue and white light streaks flash across the tunnel, enhancing the sensation of speed. Water droplets cling to the camera lens while realistic motion and turbulence create an immersive ride. A brilliant white light appears ahead at the slide's exit.

9–12s — The Unexpected Destination

She bursts out of the waterslide—not into a splash pool—but inside a massive haunted house attraction. The environment resembles the decaying corridors of an old Japanese house with broken furniture, flickering lanterns, worn wooden floors, and eerie atmospheric lighting. She stands up, confused, slowly realizing something is terribly wrong. One by one, supernatural ghostly figures begin emerging from the darkness all around her. They quietly surround her without rushing. The camera pulls back slightly, revealing the unsettling scene while capturing her growing fear.

12–15s — Panic Escape

Terrified, she trembles uncontrollably while desperately searching for an exit. Ghostly figures slowly approach from behind, creating psychological tension without physical contact or graphic horror. Her expression shifts to pure panic, as if she's about to scream. She frantically runs toward an unseen exit and disappears out of frame, ending the video.

Visual Style
Ultra-photorealistic cinematic quality
High-fidelity water, wet skin, wet hair, and realistic material rendering
Haunted house designed like an immersive amusement park attraction
Balanced horror-comedy pacing
Dynamic cinematic camera movement
Supernatural ghosts that are eerie but not excessively grotesque
Rich facial expressions and natural panic reactions
Consistent face, hands, body proportions, and identity throughout
No dialogue, subtitles, logos, text, or watermarks
Strong cinematic contrast between the fun waterslide experience and the shocking reveal that its destination is a haunted house."
renoise-2080964977050173448,Use the uploaded woman's face as the primary facial reference with STRICT FACE…,,真人,特效向,奇幻怪兽,,en,Seedance 2.0,,,renoise-ai/awesome-seedance-prompts,https://github.com/renoise-ai/awesome-seedance-prompts/blob/904b6caffa21c2b114bb93e1bd0e37ba80b3dd10/data/prompts/2080964977050173448.json,CC-BY-4.0,Hania Ai,https://x.com/HaniaAi12/status/2080964977050173448,True,prompts/真人/特效向/奇幻怪兽/renoise-2080964977050173448--Use-the-uploaded-woman-s-face-as-the-pri.md,"Use the uploaded woman's face as the primary facial reference with STRICT FACE LOCK. Preserve her exact identity, facial features, hairstyle, skin tone, and natural proportions throughout the entire video.

A young woman wearing a flowing all-black modern traditional Chinese outfit stands barefoot in a misty shanshui mountain landscape surrounded by reflective black ink pools. She holds a giant matte-black dragon-engraved Chinese calligraphy brush as thick black ink drips from its tip. She lowers into a powerful Wushu stance before launching into elegant martial arts-inspired movements, sweeping the enormous brush across the ink. Massive black ink splashes erupt into swirling ribbons and perfect circular calligraphy strokes that float through the air. As she spins gracefully, the living ink gathers into the form of a colossal matte-black Chinese dragon with subtle glowing white eyes. The dragon coils through the mist above the mountains while ink waves ripple across the water. She completes the performance in a powerful final Wushu pose with the giant black brush planted firmly on the ground as the dragon circles overhead. Ultra-cinematic camera movement, slow motion, dynamic tracking shots, dramatic lighting, monochrome ink-wash aesthetic, ultra-realistic, high-detail, volumetric fog, fluid ink simulation, epic fantasy atmosphere, 2:3 aspect ratio, 4K, 24fps."
renoise-2080989603536965782,TITLE: Luxury Diamond Ring Commercial Storyboard,,真人,现实向,甜宠恋爱,,en,Seedance 2.0,link-only,brand-ad,renoise-ai/awesome-seedance-prompts,https://github.com/renoise-ai/awesome-seedance-prompts/blob/904b6caffa21c2b114bb93e1bd0e37ba80b3dd10/data/prompts/2080989603536965782.json,CC-BY-4.0,𝐌,https://x.com/Strength04_X/status/2080989603536965782,True,prompts/真人/现实向/甜宠恋爱/renoise-2080989603536965782--TITLE-Luxury-Diamond-Ring-Commercial-Sto.md,
renoise-2080991436426899500,"16:9 aspect ratio, 15 seconds total duration, 6-shot cinematic sequence…",,其他,,风景空镜,,en,Seedance 2.0,,,renoise-ai/awesome-seedance-prompts,https://github.com/renoise-ai/awesome-seedance-prompts/blob/904b6caffa21c2b114bb93e1bd0e37ba80b3dd10/data/prompts/2080991436426899500.json,CC-BY-4.0,simeon-sanai,https://x.com/Naiknelofar788/status/2080991436426899500,True,"prompts/其他/风景空镜/renoise-2080991436426899500--16-9-aspect-ratio,-15-seconds-total-dura.md","16:9 aspect ratio, 15 seconds total duration, 6-shot cinematic sequence, Hollywood blockbuster action trailer style, photorealistic 8K, ultra-detailed textures, dramatic volumetric lighting with sun flares and god rays, realistic physics and motion.

Shot 1 (0–3s):
Chaotic street-level view in downtown Manhattan, New York City, on a busy intersection with yellow taxis, black SUVs, panicked pedestrians running and screaming. A massive 200-foot-long prehistoric Titanoboa-style giant snake with dark gray-black scaly skin, glowing orange eyes, and an enormous head suddenly bursts out of thick dust clouds, smashing through cars and buildings, debris flying everywhere, high-speed dynamic camera.

Shot 2 (3–5s):
Low-angle tracking close-up as the giant snake's massive head smashes into a modern glass skyscraper, glass shattering, sparks and fire exploding, orange embers raining down, motion blur on debris, intense destruction.

Shot 3 (5–7s):
Extreme low-angle worm's-eye view climbing up the snake's huge scaly body wrapped around the skyscraper, sunlight glinting off wet scales with strong lens flares and blue horizontal flares, building reflections visible.

Shot 4 (7–9s):
Epic wide aerial shot — the enormous snake coils tightly around the top of One World Trade Center (Freedom Tower) in a bright sunny New York City skyline with river and other skyscrapers visible, black smoke rising in the distance, multiple military helicopters flying around it.

Shot 5 (9–12s):
Dramatic close-up on the snake's menacing head and upper body wrapped around the tower spire, looking down at the chaotic city below, sharp fangs visible, intense orange eyes staring forward.

Shot 6 (12–15s):
Final epic wide cinematic shot. Massive fiery explosion erupts at the top of the tower where the snake is coiled, huge orange fireball and thick black smoke billowing outward, snake head roaring, helicopters scattering, intense sun flare and god rays, high-stakes disaster movie climax."
renoise-2080991912136437841,"DV 16mm handheld tape camcorder POV by CHASE, who occasionally props the camera…",,真人,特效向,动作大片,,en,Seedance 2.0,link-only,hate,renoise-ai/awesome-seedance-prompts,https://github.com/renoise-ai/awesome-seedance-prompts/blob/904b6caffa21c2b114bb93e1bd0e37ba80b3dd10/data/prompts/2080991912136437841.json,CC-BY-4.0,WasifAI,https://x.com/doctorwasif/status/2080991912136437841,True,prompts/真人/特效向/动作大片/renoise-2080991912136437841--DV-16mm-handheld-tape-camcorder-POV-by-C.md,
renoise-2080995029904937447,Use @[storyboard ref] as ordered key poses for a cinematic dark-fantasy alley…,,真人,特效向,武侠打斗,,en,Seedance 2.0,,,renoise-ai/awesome-seedance-prompts,https://github.com/renoise-ai/awesome-seedance-prompts/blob/904b6caffa21c2b114bb93e1bd0e37ba80b3dd10/data/prompts/2080995029904937447.json,CC-BY-4.0,LANDCÄSTER,https://x.com/LANDCASTER_92/status/2080995029904937447,True,prompts/真人/特效向/武侠打斗/renoise-2080995029904937447--Use-storyboard-ref-as-ordered-key-poses.md,"Use @[storyboard ref] as ordered key poses for a cinematic dark-fantasy alley fight. Pass through P01–P12 in order with matched action, purposeful cuts, and clear continuity. Ignore storyboard borders, numbers, captions, and line artifacts.

Use @[character ref1] for the Ashen Revenant and @[character ref2] for the Ember Ronin.

Preserve exact silhouettes, armor, hairstyle, wardrobe, weapons, accessories, proportions, and colors. The Revenant is a towering warrior in fractured black armor with glowing red seams, a white slotted helmet, torn crimson cloth, chains, clawed gauntlets, and bone-white smoke tendrils. The Ronin is an agile warrior with a wild dark topknot, intense eyes, red face wrap, layered white and tan robes, red cords, metal armor, and a curved flame-edged blade.

Exactly two fighters. Never duplicate them or swap identities, weapons, powers, costumes, or scale.

LOOK + WORLD:

Cinematic dark-fantasy live-action style with realistic materials and physically believable movement. Narrow neon alley at night with reflective pavement, stacked crates, concrete walls, pipes, cables, vents, drifting steam, weathered signs, and distant city structures.

Magenta, cyan, violet, and blue neon reflect across the ground and armor. The Ronin’s orange fire and the Revenant’s red glow cast practical light on faces, fabric, weapons, smoke, and nearby surfaces.

Gritty high-contrast night grade, rich blacks, cool shadows, saturated highlights, atmospheric haze, and controlled motion blur. No crowds, vehicles, extra fighters, comedy, anime outlines, captions, logos, or UI.

CAMERA + ACTION:

Follow P01–P12 chronologically. The Revenant starts frame left and the Ronin frame right. Maintain screen direction unless a motivated cut establishes reversal.

Use 24mm wides, 35mm handheld tracking, 50mm medium combat coverage, and 85mm impact close-ups. Handheld but readable, with brief shake only on hard hits.

The Revenant moves with crushing weight and supernatural force. The Ronin moves with speed, precision, grounded technique, and controlled fire-enhanced attacks.

The Ronin uses his curved blade for fast slashes and parries, then transitions to close-range strikes and a final armored haymaker. The Revenant uses armored fists, claws, a chained weapon, and a heavy jagged blade. Weapons never vanish, change shape, switch owners, or pass through bodies.

Use sparks, scraping metal, swinging chains, cloth motion, steam, splinters, dust, and debris. No beams, portals, lightning, gore, or dismemberment.

SOUND:

No music. Heavy breathing, boots on pavement, fabric snapping, armor shifting, chains rattling, blades striking metal, punch impacts, body thuds, grunts, fire crackle, steam hiss, crates breaking, debris falling, distant traffic, neon hum, and ventilation fans.

MOTION PHRASES:

P01: Wide standoff. Revenant left, Ronin right. Hold one tense beat.

P02: Ronin explodes forward, blade igniting as scarf and robes trail.

P03: Ronin throws a heavy punch at the helmet. Revenant raises an armored block.

P04: Tight impact close-up. Punch meets forearm. Sparks burst; brief camera jolt.

P05: Ronin converts into a horizontal flaming slash. Revenant parries.

P06: Revenant counters with a chained weapon passing close to camera.

P07: Track beside them as the chain assault drives the Ronin backward.

P08: Revenant swings high. Ronin ducks; camera drops with him.

P09: Ground-level sweep to the Revenant’s lead leg. Revenant stumbles.

P10: Revenant recovers, red energy brightening, then lunges.

P11: Low-angle close-up. Ronin pivots, plants, and draws back his armored fist as orange fire compresses around it.

P12: Flaming haymaker connects with the helmet or upper torso. Hold briefly at maximum compression, then release. Revenant crashes through stacked crates as splinters, sparks, chains, smoke, and debris fly past camera. End on the peak impact frame."
renoise-2080995715644584281,桃太郎のような昔話のテイストをもった、3Dクレイメーションスタイルのユーモラスなアニメーションを作成してください。,,漫剧,特效向,奇幻冒险,2D日漫,ja,Seedance 2.0,,,renoise-ai/awesome-seedance-prompts,https://github.com/renoise-ai/awesome-seedance-prompts/blob/904b6caffa21c2b114bb93e1bd0e37ba80b3dd10/data/prompts/2080995715644584281.json,CC-BY-4.0,伊藤貴將（いとぱん）｜AIエージェント×創作開発,https://x.com/takamasa045/status/2080995715644584281,True,prompts/漫剧/特效向/奇幻冒险/renoise-2080995715644584281--桃太郎のような昔話のテイストをもった-3Dクレイメーションスタイルのユーモラスな.md,"桃太郎のような昔話のテイストをもった、3Dクレイメーションスタイルのユーモラスなアニメーションを作成してください。

主人公は、小さくデフォルメされた桃太郎風の少年英雄。白い鉢巻、赤い羽織、袴、草履姿で、表情は勇ましいのにどこか可愛らしい雰囲気です。

舞台は、山里の大きな秋祭り。提灯、紅葉、屋台、太鼓櫓、地元の人々でにぎわっています。
そこへ突然、山の向こうから巨大な赤鬼がのしのし歩いて現れます。

村人たちは驚きますが、鬼は暴れるためではなく、祭りの目玉「大相撲大会」に参加しに来ただけでした。

しかし巨大すぎて普通の土俵には入れず、村中が大混乱になります。

主人公は名乗りを上げ、仲間の犬、猿、キジと一緒に即席で超巨大土俵を作ります。

いざ勝負が始まると、鬼は見た目に反して礼儀正しく、主人公も気合十分。塩をまく演出、見得を切るポーズ、スローモーションの立ち合い、観客の大声援など、祭りの熱気をたっぷり描いてください。

勝負は激しくもどこか間抜けで、土俵ごと回転したり、鬼のしこで地面が揺れたり、主人公が絶妙なタイミングでかわして鬼がそのまま尻もちをついたりします。

最後は引き分けのような形で二人とも笑い合い、祭りは最高潮に。ラストは主人公と巨大鬼が並んで櫓の上でポーズを決め、花火が夜空に打ち上がります。

手作りのクレイ、和紙、木材の温かい質感。昔話らしい親しみやすい色彩。和太鼓、笛、掛け声にオーケストラを混ぜた熱い音楽。コミカルな衝突音、歓声、表情豊かなリアクション。神話的スケール、子ども向けの可愛さ、SNS映えする大げさなユーモアを入れてください。"
renoise-2080998053318639927,"Use @[character ref] only for the lead's face, black hair mass, red eyes, cable…",,漫剧,特效向,科幻机甲,2D日漫,en,Seedance 2.0,,,renoise-ai/awesome-seedance-prompts,https://github.com/renoise-ai/awesome-seedance-prompts/blob/904b6caffa21c2b114bb93e1bd0e37ba80b3dd10/data/prompts/2080998053318639927.json,CC-BY-4.0,Kōda,https://x.com/aimikoda/status/2080998053318639927,True,prompts/漫剧/特效向/科幻机甲/renoise-2080998053318639927--Use-character-ref-only-for-the-lead-s-fa.md,"Use @[character ref] only for the lead's face, black hair mass, red eyes, cable crown, and biomechanical upper-body identity; her internal consciousness avatar keeps the same unmistakable silhouette.
Use @[music file as blackout video] only as the full-length edit-rhythm and emotional authority.

LOOK + WORLD: Premium hand-drawn 2D anime with tactile synthetic anatomy; a rain-black megacity exists inside the lead's translucent shell, its central tower formed from her mechanical spine and its false sun shaped like a surveillance iris. Coral flesh, ink-black machinery, red nerves, cold glass, lens-near fisheye, CRT bloom.
ACTION + CAMERA: Twenty-two rapid single-action beats use mostly hard cuts, five anatomical matches, one cable wipe, one ghost pass, one scan flash, radial smears, and brief hit-stops. Flow inward and upward through P12, outward with the blackout through P17, back toward her through P21, then pull to orbit.
VFX SYSTEM: Red neural current, white scan rings, glass refraction, restrained RGB edge split, and city-to-anatomy match geometry stay attached to the eye, spine tower, nerve fiber, shell, or electrical grid.
SOUND: Use @[audio ref] as the only music with no lip sync or sung mouth movement; shape four visual movements from its phrase changes, ending the final blackout on the last vocal release with water hum, magnetic impacts, fiber tension, iris shutter, and grid collapse.

BEATS:
P01: Top-down CU, locked: she floats face-up in black conductive water; a circular ripple crosses her face above the moving street grid under translucent skin.
P02: Frontal ECU, push: match the water ring to her iris as the red eye opens around a tower descending through the pupil.
P03: Lens-near ECU, push: continue through the pupil while its concentric iris rings expand into a mechanical tunnel.
P04: Fisheye EWS, pull: the tunnel rings become levels of a spine tower where one consciousness avatar climbs inside her shell.
P05: Insert CU, track: hard cut on contact as her right hand locks around a glass vertebral rail carrying miniature traffic.
P06: Ground profile CU, locked: match the closing hand to one magnetic foot striking a spinal plate and launching a red pulse upward.
P07: Worm's-eye EWS, chase: ride the pulse as she accelerates toward a giant white surveillance iris until it fills frame.
P08: Exterior profile ECU, locked: match the iris circle to her nape port as one subdermal red city nerve tightens.
P09: Interior macro CU, pull: match the subdermal nerve to the same cable as the avatar draws it from the tower wall.
P10: Insert ECU, locked: the taut cable sweeps across the lens once, revealing a monofilament edge extending from her right index finger.
P11: Macro CU, track: hard cut on the slice; both nerve ends recoil and the reversed current releases one white scan flash.
P12: Frontal ECU, push: the scan flash resolves as the surveillance iris shutters closed and its artificial sunlight disappears.
P13: Exterior side CU, pull: hard cut from black to darkness spreading from her nape through the body-city under her skin.
P14: Telephoto EWS, locked: hard cut to the real skyline as tower floors shut down from top to bottom.
P15: Top-down WS, track: hard cut on the falling light pattern to branching subway lines darkening beneath the streets.
P16: Ground street WS, handheld: hard cut to six synthetic commuters freezing while their wet reflections continue one step, then vanish.
P17: Fisheye WS, pull: hard cut to a circuit skyline wrapped across her rib cage; one red current reaches the sternum.
P18: Rear 3/4 FS, push: that current splits her outline as the translucent consciousness slips half a step out of the motionless shell.
P19: Side ECU, locked: the consciousness passes close across the lens, revealing anonymous rooms and nameless faces erasing from her eye reflection.
P20: OTS MCU, track: hard cut to the sternum as the consciousness catches the final red current between two fingers.
P21: Extreme fisheye CU, push: rush inward while shell and consciousness stare through each other and compress the current into one tiny point.
P22: Orbital EWS, pull: expand continuously from the red point to the whole city grid; on the final vocal release she extinguishes it, killing every building, rail, signal, artificial sun, and electrical trace into absolute black with no title or text."
renoise-2080999508586942725,"High-maintenance luxury beauty/skincare routine with sassy, condescending ASMR…",,其他,,广告带货,,en,Seedance 2.0,,,renoise-ai/awesome-seedance-prompts,https://github.com/renoise-ai/awesome-seedance-prompts/blob/904b6caffa21c2b114bb93e1bd0e37ba80b3dd10/data/prompts/2080999508586942725.json,CC-BY-4.0,Pan,https://x.com/sebatheepan/status/2080999508586942725,True,prompts/其他/广告带货/renoise-2080999508586942725--High-maintenance-luxury-beauty-skincare.md,"High-maintenance luxury beauty/skincare routine with sassy, condescending ASMR elements.

CAMERA / LOOK: Propped iPhone/Mini DV camcorder footage on a sleek vanity mirror stand. Soft diffuse lighting, delicate lens flare, gentle zoom adjustments, subtle tape grain, polished high-end aesthetic. STYLE: High-maintenance luxury beauty/skincare routine with sassy, condescending ASMR elements. Paws delicately patting bottles, slow blinks, arrogant pauses. SUBJECT: Fluffy white Persian cat with a flat smushed face, emerald green eyes, wearing a tiny silk hair wrap. Smug, unimpressed expression, regal demeanor. SETTING: Marble bathroom vanity with expensive serum glass bottles, jade roller, plush velvet towel, warm vanity light bulbs. STORYBOARD: → (2s, medium shot) Adjusts camera angle with one claw. ""Good morning to everyone except my human who woke me up 3 minutes early."" → (1.5s, detail shot) Taps a glass serum bottle with front paw. Crisp clinking glass ASMR sound. → (1.5s, close-up) Slowly pushes serum bottle off the counter while maintaining eye contact with camera. Loud shatter/thud sound below. ""Oops. Gravity works. Moving on."" → (2s, detail macro shot) Softly licks back of paw and wipes ear in slow motion. Soft grooming ASMR sound. → (1.5s, close-up) Gazes into mirror, tilting head. ""Skin is glowing, pores are non-existent. You're welcome."" → (1.5s, medium handheld shot) Uses jade roller on forehead using tiny paw. ""Reducing puffiness from sleeping 18 hours instead of 19."" → (1.5s, macro detail shot) Sniffs a tub of catnip cream, letting out a delicate sneezed 'achoo'. → (1.5s, medium shot) Sits tall, smoothing chest fur with arrogant posture. ""If you can't afford this routine, just say that."" → (1s, ending shot) Slow blinks condescendingly into lens. ""Don't forget to subscribe. Or don't. I don't care."" → (1s, final shot) Swats camera violently off vanity counter. Video cuts to static grid. AUDIO NOTES: Glass bottle clinking, soft licking/grooming sounds, heavy purring sub-bass, arrogant posh voice with refined lip movements. REALISM & COMEDY NOTES: Photorealistic white Persian fur physics, subtle whisker twitches, natural cat slow-blinks, hysterical condescending tone paired with classic cat chaotic behavior (knocking things off tables)."
renoise-2081009128257040480,DV 16mm 手持磁带摄像机 POV，由 LISA 【@图片1】拍摄，她偶尔将摄像机支在架子/长凳上。自然的抖动、歪斜的取景、延迟对焦、笨拙的变焦、脸部偶尔被…,,真人,现实向,生活与vlog,,zh,Seedance 2.0,link-only,hate,renoise-ai/awesome-seedance-prompts,https://github.com/renoise-ai/awesome-seedance-prompts/blob/904b6caffa21c2b114bb93e1bd0e37ba80b3dd10/data/prompts/2081009128257040480.json,CC-BY-4.0,PixelAIGC,https://x.com/PixelAigc/status/2081009128257040480,True,"prompts/真人/现实向/生活与vlog/renoise-2081009128257040480--DV-16mm-手持磁带摄像机-POV,由-LISA-图片1-拍摄,她偶尔将摄像.md",
renoise-2081010567356223833,Four-way CCTV-style split-screen showing the same real-time event inside a…,,真人,现实向,剧情短片,,en,Seedance 2.0,,,renoise-ai/awesome-seedance-prompts,https://github.com/renoise-ai/awesome-seedance-prompts/blob/904b6caffa21c2b114bb93e1bd0e37ba80b3dd10/data/prompts/2081010567356223833.json,CC-BY-4.0,Binary Rot,https://x.com/BinaryRot/status/2081010567356223833,True,prompts/真人/现实向/剧情短片/renoise-2081010567356223833--Four-way-CCTV-style-split-screen-showing.md,"Four-way CCTV-style split-screen showing the same real-time event inside a convenience shop. Divide the frame into four equal security-camera views with timestamps. Top left: wide ceiling-corner view covering aisles, entrance, and cashier. Top right: overhead view above the central aisle. Bottom left: camera facing the checkout counter. Bottom right: camera near the entrance looking inward. At the 2-second mark, a customer takes a boxed item from a shelf, accidentally bumps a display, catches one falling bottle, then places the box on the checkout counter. The cashier turns, scans it, and hands over a receipt as another shopper crosses behind them. All four views must remain perfectly synchronized, showing identical people, movements, object positions, occlusions, timestamps, lighting, and physical reactions. Use realistic low-resolution CCTV footage, slight lens distortion, fixed cameras, and no cinematic camera movement."
renoise-2081010736076149018,"STAGE 1. Reference image generation (Seedream 5.0 Pro, 2K, maximum quality, 4:3…",,真人,现实向,音乐MV,,en,Seedance 2.0,,,renoise-ai/awesome-seedance-prompts,https://github.com/renoise-ai/awesome-seedance-prompts/blob/904b6caffa21c2b114bb93e1bd0e37ba80b3dd10/data/prompts/2081010736076149018.json,CC-BY-4.0,Alex Patrascu,https://x.com/maxescu/status/2081010736076149018,True,prompts/真人/现实向/音乐MV/renoise-2081010736076149018--STAGE-1.-Reference-image-generation-Seed.md,"STAGE 1. Reference image generation (Seedream 5.0 Pro, 2K, maximum quality, 4:3 aspect ratio)

Generate a single photorealistic reference still that will anchor the video that follows.

A woman stands atop a wooden chair on a small burlesque stage, mid-performance, striking a confident, playful pose that mirrors the motion and framing of the reference video I am providing separately. She wears a period-appropriate burlesque costume (corset, stockings, feathered accents, heels), hair styled with vintage waves, expressive stage makeup, red lips. Her posture is theatrical and inviting, weight shifted, one hand raised, gaze directed at the crowd.

Around and below her, an engaged audience fills a dim, intimate cabaret room: patrons at small round tables with candles and coupe glasses, faces lit warm from the stage, some clapping, some leaning in, some whistling with fingers to lips. Velvet drapery frames the stage, brass sconces glow along the walls, drifting cigarette smoke catches the light. Party atmosphere, celebratory energy.

Camera: medium-wide shot from just below stage level, chair and woman centered, audience heads and shoulders visible in the foreground going soft. Strong contre-jour backlight from a warm stage spotlight behind her creating a rim glow around her silhouette and haloing the smoke.

Style: fine 35mm film grain, vintage color grade with warm amber highlights and deep teal shadows, gentle bloom on the brightest sources, subtle halation around the backlight, extreme photorealism, contre-jour. 4:3 aspect ratio, 2K resolution, maximum quality.

STAGE 2. Video generation (Seedance 2.0, 1080p, 4:3 aspect ratio, maximum bitrate, 15 seconds)

Use the image generated in Stage 1 as the starting reference frame, and use the video I am providing separately as the motion reference. Regenerate the scene as a burlesque performance while preserving the exact dance motion, timing, and body dynamics of the reference video.

The woman dances on the wooden chair for the full 15 seconds, matching the reference performer's choreography beat for beat: same hip movement, same arm gestures, same head turns, same rhythm and phrasing. Her costume, hair, makeup, and the stage environment remain consistent with the Stage 1 image throughout.

The audience reacts continuously and believably. Patrons clap in rhythm, raise coupe glasses, whistle with fingers to lips, cheer with open mouths, lean toward the stage, exchange delighted glances. Bodies sway, hands go up, a few stand from their chairs at peak moments. Warm ambient party energy, alive and reactive to her movement.

Camera: mostly locked medium-wide from just below stage level as in the reference image, with a slow, subtle push-in over the 15 seconds to intensify the moment. Backlight and stage spot pulse gently with the performance. Drifting smoke and airborne dust move naturally through the beam.

Audio: live burlesque band or brass-and-piano vintage number with a driving beat, crowd cheers, whistles, claps, glasses clinking, laughter, all mixed with room ambience.

Visual style, held consistently every frame: fine 35mm film grain, vintage color grade, gentle bloom, subtle halation around the backlight, extreme photorealism, contre-jour. 1080p, 4:3, maximum bitrate, 15 seconds."
renoise-2081021226563358944,Hold me…,,真人,现实向,剧情短片,,en,Seedance 2.0,,,renoise-ai/awesome-seedance-prompts,https://github.com/renoise-ai/awesome-seedance-prompts/blob/904b6caffa21c2b114bb93e1bd0e37ba80b3dd10/data/prompts/2081021226563358944.json,CC-BY-4.0,Zidan 子丹,https://x.com/liluocheng13/status/2081021226563358944,True,prompts/真人/现实向/剧情短片/renoise-2081021226563358944--Hold-me.md,"Hold me…
Kiss me…
Slow down…
Be gentle…
Hold me close…
Tell me you want me…
Baby…
Tonight… I want you inside me."
renoise-2081021301347737639,10 秒，9:16 竖屏，真人电影短片。,,真人,现实向,生活与vlog,,zh,Seedance 2.0,,,renoise-ai/awesome-seedance-prompts,https://github.com/renoise-ai/awesome-seedance-prompts/blob/904b6caffa21c2b114bb93e1bd0e37ba80b3dd10/data/prompts/2081021301347737639.json,CC-BY-4.0,Nana & 晟,https://x.com/dye_saint64567/status/2081021301347737639,True,"prompts/真人/现实向/生活与vlog/renoise-2081021301347737639--10-秒,9-16-竖屏,真人电影短片.md","10 秒，9:16 竖屏，真人电影短片。

人物严格参考角色参考卡：成年女性 Nana，保持相同脸型、五官比例、银灰色凌乱短发、两枚蓝色蝴蝶发夹。始终穿雾蓝色缎面长裙、奶油白宽松长款针织开衫和银色水滴项链。禁止中途换脸、换发型、换衣服或改变饰品数量。

镜头一：

雨夜卧室远景。窗玻璃布满雨滴，窗外是虚化的蓝色城市灯光。Nana 独自坐在凌乱的米白色床边，身体微微收拢，安静望向窗外。暖黄色床头灯照亮她的一侧，冷蓝色雨夜光落在另一侧。摄影机从房间远处缓慢靠近，画面保留大片空白，表现漫长等待和孤独感。

镜头二：

自然切至手机和人物面部近景。Nana 抬起唯一一部手机，针织开衫的长袖遮住部分手指。手机屏幕显示简洁的聊天界面和几条模糊消息气泡，最后一条消息旁只有一个灰色发送标记，不出现任何可辨认文字。她用拇指轻轻刷新一次，仍然没有新消息。她停顿片刻，眼神逐渐黯淡，随后缓慢垂下手机。

镜头三：

床头灯突然熄灭，房间陷入停电后的冷蓝色黑暗。窗外雨光勾勒出 Nana 的侧脸和身体轮廓。门外传来逐渐靠近的脚步声，随后响起一声轻轻的敲门声；短暂停顿后，脚步声迅速远去。

Nana 猛然抬起脸看向房门，神态从失落转为意外和微弱期待。她迟疑一下，然后缓慢站起身。摄影机跟随她的视线轻轻转向房门，最终停在她刚刚站起、准备走向门口的侧后方画面，作为下一段的准确衔接帧。

画面质感：

iPhone 17 手机实拍质感与电影镜头语言结合，真实摄影，非动漫、非CG。自然皮肤纹理，保留毛孔、细小绒毛、轻微眼下泛红和真实湿润眼球反光，不要塑料磨皮。低饱和灰蓝色调，停电前是暖灯与冷雨夜光的柔和对比；停电后只保留窗外冷蓝光。浅景深，真实曝光变化，轻微自然手持呼吸感，运镜稳定、缓慢、克制。

声音：

无BGM、无台词、无旁白、无字幕、无文字。只有持续雨声、远处城市环境声、手机和衣料的轻微摩擦声、床头灯熄灭时的微弱电流声，以及清晰的“脚步靠近—轻轻敲门—脚步远去”。

禁止：

禁止人物瞬移；禁止手机变形或出现第二部手机；禁止生成可读文字；禁止手指错误；禁止两枚发夹消失或增加；禁止服装变化；禁止夸张哭泣；禁止突然推拉变焦；禁止闪回、蒙太奇和多余人物。门外的人不能在这一段中出现。"
renoise-2081023459396898973,Seedance 2.0 prompt 👇,,真人,特效向,奇幻怪兽,,en,Seedance 2.0,,,renoise-ai/awesome-seedance-prompts,https://github.com/renoise-ai/awesome-seedance-prompts/blob/904b6caffa21c2b114bb93e1bd0e37ba80b3dd10/data/prompts/2081023459396898973.json,CC-BY-4.0,Abdul Șhakoor,https://x.com/abxxai/status/2081023459396898973,True,prompts/真人/特效向/奇幻怪兽/renoise-2081023459396898973--Seedance-2.0-prompt-👇.md,"Seedance 2.0 prompt 👇

SCENE CONTEXT
RIMEBORN. In a frozen valley of an original ice-fantasy world, a mountain-sized titan of layered ice and stone tears itself free from a millennia-old glacier as an army of armored wardens scrambles across the frozen field below, a war-horn ripping across the plain. Timed multishot, five hard cuts across 10 seconds, one shared valley, one titan, one army throughout.

ACTIVE REFERENCES
@titan: mountain-sized ice-and-stone colossus, humanoid silhouette, body built of fractured basalt slabs seamed by ancient blue ice, ice-plated shoulders and back crusted a meter thick with hoarfrost, joints and eye-sockets and rib-seams glowing with pale-cyan runes carved deep into the stone. Original design. 100% matches the reference.
@wardens: armored foot-soldiers in weathered dark steel plate over black padded gambesons, snow-crusted fur mantles at the shoulders, long spears and rimed shields, no faction crest or logo. Original design. 100% matches the reference.
@warhorn: a curled black bone horn as long as a warden is tall, bound in leather and iron rings, held at chest height by a single horn-bearer.
STYLE REFERENCE ONLY, not a fixed keyframe; model extends the world freely, never reproduced 1:1.

LOCATION MAP
Foreground: fractured glacier surface, blue-ice slabs shot through with dark grit, powder snow drifting sideways at 20 km/h. Midground: the wardens crossing the field 200 meters below the titan, tiny against the scale, spears and shields catching the flat light. Background: the glacier wall itself, kilometers of vertical ice cracking apart around the emerging titan, snow plumes rising several hundred meters into a leaden overcast sky. Camera moves along a chest-height and then rising line down the valley floor, always with the titan camera-right or dead-center.

SCALE LOCK
@titan stands as tall as roughly two hundred wardens stacked head to toe. A single warden reads as a fingernail against the titan's shin in the establishing wide. Ice slabs shearing off the titan's shoulder each read as wide as ten wardens laid head to toe. The size gap holds identical every frame.

FIRST FRAME / BLOCKING
Non-empty opening frame: @titan is already mid-tear-out, right arm already ripping free from the glacier wall with a sheet of ice already fracturing off the shoulder, @wardens already running across the ice below, the horn-bearer already lifting @warhorn. Nothing is frozen, everything is already in motion. Rule of thirds: the titan held on the right two-thirds vertical, the horizon line on the lower third, wardens on the lower left third.

FORMAT MODE
Timed multishot, exactly FOUR HARD CUTS at 2.5s, 4.5s, 6.5s, 8.0s. The camera does not cut on its own; cuts only at the specified points.
0.0s to 2.5s — CUT 1, real time
2.5s HARD CUT
2.5s to 4.5s — CUT 2, real time
4.5s HARD CUT
4.5s to 6.5s — CUT 3, real time
6.5s HARD CUT
6.5s to 8.0s — CUT 4, real time
8.0s HARD CUT
8.0s to 10.0s — CUT 5, real time

OPTICS
CUT 1: EWS at 84° FOV sweeping wide establishing the full valley and titan. CUT 2: MS at 29° FOV portrait compression on the titan's shoulder as ice sheets shear off. CUT 3: WS at 63° FOV low across the crevasse rim as wardens dive clear. CUT 4: MCU at 29° FOV on the horn-bearer, horn lifted to lips. CUT 5: EWS at 107° FOV super-wide rectilinear on the full glacier splintering with runes flaring. Rectilinear with anamorphic optical flares, 180° shutter motion blur, prime-lens character, no drift mid-segment.

CAMERA
Handheld throughout with 3 to 5 cm of shake, shake spiking hard on every cracking impact from the titan. CUT 1: chest-height sweep at 15 km/h left-to-right across the valley floor, catching the full scale. CUT 2: whip-in and hold at 20 meters from the shoulder, camera flinching as slabs shear past. CUT 3: low-angle at knee-height on the crevasse edge, wardens diving over the lens. CUT 4: tight on the horn-bearer, camera pressing in 30 cm as the horn sounds. CUT 5: pulled back and rising crane to 80 meters above the valley floor, wide vantage, gimbal weighty. Wide tonal latitude, soft highlight roll-off, whites hold detail without clipping.

ACTION
CUT 1 — Subject: @titan tears its right arm and shoulder free from the glacier wall, basalt-and-ice mass grinding against ice, a wall of powder snow erupting behind it hundreds of meters high; @wardens sprint across the frozen field in a scattered line, spears and shields flashing. Camera: sweeping wide dolly along the valley floor at 15 km/h, shake spiking as the titan's arm lands its first step-load.
CUT 2 — Subject: massive sheets of blue ice shear off @titan's shoulder and back, tumbling in slabs the size of buildings, hoarfrost crust exploding into powder mid-fall, runes along the shoulder flaring pale-cyan as the plates shed. Camera: whip-in, holds on the shoulder as three slabs fall past the frame, shake hard.
CUT 3 — Subject: @wardens dive clear as a crevasse collapses under them, two soldiers throwing themselves flat and rolling as the ice gives way, spears skittering across the surface, powder snow plumes rising vertical. Camera: low-angle handheld, wardens leaping over the lens, shake violent on the collapse.
CUT 4 — Subject: the horn-bearer lifts @warhorn to their lips and blows one long note, chest visibly expanding, breath fogging in the cold, the sound carrying across the field as other wardens turn their heads toward it. Camera: tight handheld, presses in 30 cm as the note sounds.
CUT 5 — Subject: @titan pulls its full torso free of the glacier wall, the whole glacier splintering apart around it in a cascade of fracturing ice, runes along both arms and the ribcage flaring bright cyan at once, snow erupting in vast vertical plumes across the entire valley. Camera: pulled back to a vast super-wide, rising crane, catching the primordial scale in one held frame, HARD CUT at 10.0s.

PERFORMANCE
@titan performs with geological slowness and crushing weight — every movement loaded before it lands, joints grinding stone on stone, no theatrical flourish. @wardens read as terrified working soldiers, not heroes: eyes wide, mouths open, breath fogging hard, one soldier stumbling and being pulled up by another mid-cut. The horn-bearer reads as steady and old, jaw set, eyes tracking the titan. Pore-level realism on the horn-bearer's face: vellus hair, asymmetric moles, capillary flush from the cold, wet living eyes with catch-lights, visible breath and chest rise. Restrained and human across the army, never cartoonish. Top-tier cinematic restraint.

PHYSICS
Mass and inertia carry through every movement of @titan — the arm loads before it tears free and drags the whole torso with it. Ice slabs fall with real weight, not lightweight fragments; they shatter on impact with the glacier floor, not float. Snow plumes obey the crosswind vector at 20 km/h and shear leftward across the valley. Wardens have real body weight — diving bodies land hard, not softly, and slide on the ice with correct friction. The horn's vibration reads faintly in loose snow at the horn-bearer's feet. Nothing floats. Correct contact shadows read clearly where titan meets glacier and warden meets ice.

LIGHTING
WB locked 6500K cold overcast daylight, flat and even, sun fully occluded by leaden cloud. Key is a broad diffuse top-light with no direct sun. The only emitted light in the world is the pale-cyan 5500K rune glow along @titan's joints, eye-sockets, and rib-seams, which spills onto the surrounding hoarfrost and briefly reflects in the wardens' plate on close cuts. Camera on the shadow side of the titan across all wide cuts. Faint atmospheric haze at 30% at the glacier wall, thickening into the snow plumes.

COLOR GRADE
Stark white in the snow and powder, frozen blue in the deep ice seams, near-black in the fractured basalt of the titan's core, leaden grey in the sky; every cold tone comes from real material and light bounce, not a filter. Rune cyan lives only in the carved channels — joints, eye-sockets, ribcage seams — and its spill onto immediate hoarfrost. Warden plate reads as dark weathered steel with cold reflections. Blacks stay open with detail in"
renoise-2081026159526191586,公司老板办公室，老板王总对信息部主任小李说：,,真人,现实向,剧情短片,,zh,Seedance 2.0,,,renoise-ai/awesome-seedance-prompts,https://github.com/renoise-ai/awesome-seedance-prompts/blob/904b6caffa21c2b114bb93e1bd0e37ba80b3dd10/data/prompts/2081026159526191586.json,CC-BY-4.0,PixelAIGC,https://x.com/PixelAigc/status/2081026159526191586,True,"prompts/真人/现实向/剧情短片/renoise-2081026159526191586--公司老板办公室,老板王总对信息部主任小李说.md","公司老板办公室，老板王总对信息部主任小李说：
“听说Kimi K3现在遥遥领先啊
这是国货之光
小李，咱们公司要抓紧部署起来
你给我算算本地化部署要多少钱。”

小李面有难色：
“老板，恐怕~~”

老板不耐烦地说：
“不就买几台服务器嘛，
有什么难的？
快说要多少钱？”

小李：
“老板，
K3有2.8万亿参数，
MoE架构，想本地跑？
最少64张H200起步。
我列了个清单”

小李把清单给了老板
上面写着
“
🖥️ 显卡：64张H200，141GB显存版本
🔗 网络：NVLink交换机 + 800G光模块 + RDMA交换机
💻 CPU：双路Xeon/EPYC，PCIe 5.0
🧠 内存：每台1-2TB DDR5
💾 存储：RAID阵列，每台不低于8TB企业级SSD
❄️ 散热：液冷，风冷根本压不住
⚡ 电源：单机柜160kW，钛金电源
硬件成本：3000万（一次性）
”
老板看着报价单，手微微抖动
他的嘴角有些尴尬地抽动
不太相信地自言自语：
”三千万？“

小李:
“然后我算了算
一年电费91万
这还不……“

老板打断小李的话，
老板的脸从白变红变紫变黑，说：
”小李啊，这个事儿公司需要开会讨论一下，
你把材料留下先回去吧。“"
renoise-2081027263487721784,Create a premium beverage commercial featuring the same young East Asian woman…,,其他,,广告带货,,en,Seedance 2.0,,,renoise-ai/awesome-seedance-prompts,https://github.com/renoise-ai/awesome-seedance-prompts/blob/904b6caffa21c2b114bb93e1bd0e37ba80b3dd10/data/prompts/2081027263487721784.json,CC-BY-4.0,Smiling Khan,https://x.com/AIwithkhan/status/2081027263487721784,True,prompts/其他/广告带货/renoise-2081027263487721784--Create-a-premium-beverage-commercial-fea.md,"Create a premium beverage commercial featuring the same young East Asian woman throughout. She wears a black fitted crop top, white denim shorts, white sneakers, sunglasses, and layered silver jewelry. Summer boardwalk, skate park, beach promenade, modern cafés, vibrant red and green color palette, cinematic commercial lighting.
The commercial opens with her carrying a giant slice of fresh watermelon while walking along the beach. She laughs, spins the watermelon playfully, and it transforms into a chilled watermelon juice bottle.
Macro shots reveal juicy watermelon slices, sparkling droplets, crushed ice, and refreshing splashes. She enjoys the drink while skateboarding along the boardwalk, browsing beach shops, playing volleyball with friends, and relaxing at a sunset bonfire.
The final shot shows her raising the bottle toward the ocean horizon with a smile.
""Pure summer refreshment.""
Natural ambient sounds only. Premium beverage advertising, realistic liquid physics, vibrant summer cinematography, 4K HDR, 16:9"
renoise-2081035266601681165,0-3 sec:,,其他,,风景空镜,,en,Seedance 2.0,,,renoise-ai/awesome-seedance-prompts,https://github.com/renoise-ai/awesome-seedance-prompts/blob/904b6caffa21c2b114bb93e1bd0e37ba80b3dd10/data/prompts/2081035266601681165.json,CC-BY-4.0,Bedi,https://x.com/zyvaoz/status/2081035266601681165,True,prompts/其他/风景空镜/renoise-2081035266601681165--0-3-sec.md,"0-3 sec:
Aerial view of a futuristic city at golden hour. Skyscrapers pulse gently, rising and falling in slow, synchronized rhythm. Each building inhales upward, then exhales downward.

3-6 sec:
Close up on a single tower. Its surface ripples like skin. Windows brighten slightly with each rise. The city breathes as one organism.

6-9 sec:
Sunset deepens. Lights begin to dim across every building. The dimming spreads in a coordinated wave from east to west. The city exhales slowly.

9-12 sec:
The buildings settle into their lowest position. Lights soften to a warm amber glow. The skyline appears drowsy, peaceful. A few windows flicker like closing eyes.

12-15 sec:
The city rests in stillness. One final soft pulse moves through the towers. Then complete stillness. Night settles. Fade to black.

Sound: Slow inhale, gentle exhale, dimming hum, settling silence."
renoise-2081049084912390559,"Preserve the girl's face shape, facial features, skin tone, A realistic…",,真人,现实向,时尚写真,,en,Seedance 2.0,,,renoise-ai/awesome-seedance-prompts,https://github.com/renoise-ai/awesome-seedance-prompts/blob/904b6caffa21c2b114bb93e1bd0e37ba80b3dd10/data/prompts/2081049084912390559.json,CC-BY-4.0,Sharon Riley,https://x.com/Just_sharon7/status/2081049084912390559,True,"prompts/真人/现实向/时尚写真/renoise-2081049084912390559--Preserve-the-girl-s-face-shape,-facial-f.md","Preserve the girl's face shape, facial features, skin tone, A realistic portrait of a young East Asian woman with long wavy platinum blonde hair, wearing a large fluffy black fur hat (ushanka/beret style) and a tight black leather high-neck sleeveless top. She has dramatic makeup with thick white winged eyeliner, pink lips, and a slightly pouty or intense expression looking at the camera. Soft studio lighting with cool blue tones on a plain light wall background, medium close-up shot, high detail, photorealistic"
renoise-2081049685792571548,Format: 16:9,,真人,现实向,时尚写真,,en,Seedance 2.0,,,renoise-ai/awesome-seedance-prompts,https://github.com/renoise-ai/awesome-seedance-prompts/blob/904b6caffa21c2b114bb93e1bd0e37ba80b3dd10/data/prompts/2081049685792571548.json,CC-BY-4.0,Johnn,https://x.com/john_my07/status/2081049685792571548,True,prompts/真人/现实向/时尚写真/renoise-2081049685792571548--Format-16-9.md,"Format: 16:9
Concept: ""A Letter to My Future Self""
Create a realistic, self-recorded video diary filmed entirely on a modern smartphone using the front-facing camera. The footage should resemble a personal journal rather than a social media vlog. The camera remains handheld throughout, with natural hand movement, subtle stabilization typical of recent smartphones, realistic autofocus, accurate HDR exposure, occasional framing imperfections, and authentic ambient audio. No cinematic shots, transitions, or edits. The video is one continuous recording.
Visual Style
Natural smartphone video quality with crisp detail, realistic HDR, true-to-life colours, balanced exposure, soft natural daylight, and clean image processing. Avoid vintage filters, film grain, tape effects, excessive sharpening, or stylised colour grading. The result should look like genuine footage recorded on a flagship phone.
Character
MINJI, a Korean woman in her twenties with long black hair, light everyday makeup, and a calm, thoughtful personality. She wears a simple oversized knit sweater, relaxed jeans, and white sneakers.
Location
A peaceful botanical garden with walking paths, small ponds, wooden bridges, seasonal flowers, and quiet seating areas. A few visitors pass naturally in the distance without interacting with her.
The recording begins as MINJI smiles softly at the camera.
""I thought I'd record something for my future self today.""
She strolls slowly through the garden while talking about small things she's grateful for, recent memories, and hopes for the coming year.
She occasionally turns the camera toward blooming flowers, ducks on the pond, or sunlight filtering through the trees before bringing it back to herself.
She pauses on a wooden bridge, resting her arms on the railing.
""I wonder if I'll remember this exact moment a year from now.""
She continues walking, laughing quietly after spotting a squirrel running across the path.
Near the end of the walk, she sits on a bench overlooking the lake.
After a brief peaceful silence, she smiles warmly.
""If you're watching this in the future... I hope you're happy.""
She waves gently, lowers the phone, and continues walking as the recording naturally ends.
Generation Requirements
Produce one uninterrupted recording with consistent facial identity, realistic expressions, accurate body movement, believable hand interactions, natural eye contact with the camera, physically correct lighting, smooth walking motion, and authentic environmental sound. Avoid jump cuts, visual glitches, duplicated objects, anatomy errors, or artificial movements. The final result should feel indistinguishable from a real smartphone video diary recorded by a real person."
renoise-2081066930387964096,"[0-5s] Wide shot, a boat is hurled sideways by a monster wave, hull groaning…",,真人,特效向,动作大片,,en,Seedance 2.0,,,renoise-ai/awesome-seedance-prompts,https://github.com/renoise-ai/awesome-seedance-prompts/blob/904b6caffa21c2b114bb93e1bd0e37ba80b3dd10/data/prompts/2081066930387964096.json,CC-BY-4.0,DeCat,https://x.com/DeCat2025/status/2081066930387964096,True,"prompts/真人/特效向/动作大片/renoise-2081066930387964096--0-5s-Wide-shot,-a-boat-is-hurled-sideway.md","[0-5s] Wide shot, a boat is hurled sideways by a monster wave, hull groaning, crew member swept clean off the deck

[5-10s] Close tracking shot, crew member thrashes in churning black water, a rope whips past just out of reach - second throw, hand closes around it at the last instant

[10-15s] Low-angle shot, they're dragged through a crashing wave back toward the hull, gasping as they're hauled aboard just as a second wave slams the boat sideways, everyone thrown to the deck
Two subjects, storm lighting, violent spray, chaotic handheld camera, screaming wind audio"
renoise-2081074206352228638,主体：两个男在酒吧喝酒，应该是老同学，男人A看上去较成熟 ，男人B看上去较年轻些,,真人,现实向,剧情短片,,zh,Seedance 2.0,,,renoise-ai/awesome-seedance-prompts,https://github.com/renoise-ai/awesome-seedance-prompts/blob/904b6caffa21c2b114bb93e1bd0e37ba80b3dd10/data/prompts/2081074206352228638.json,CC-BY-4.0,PixelAIGC,https://x.com/PixelAigc/status/2081074206352228638,True,"prompts/真人/现实向/剧情短片/renoise-2081074206352228638--主体-两个男在酒吧喝酒,应该是老同学,男人A看上去较成熟-,男人B看上去较年轻些.md","主体：两个男在酒吧喝酒，应该是老同学，男人A看上去较成熟 ，男人B看上去较年轻些
场景：夏天晚上，两个男人在路边摊撸串夜霄
男人B问男人A：
“你说说，商K是个什么样的地方？”
男人A吸一口烟，说：
“这么跟你说吧
那是一个真实的世界
有部分男人
在那里才第一次看到美女的卑微”
男人B拿起杯子和男人A碰杯喝酒
男人A干了啤酒，放下杯子，说：
“那谁，但凡去过商K，
就不至于如此”"
renoise-2081079396954251571,"[0-5s] Aerial shot, two cars weaving through city traffic at night, neon…",,真人,现实向,剧情短片,,en,Seedance 2.0,,,renoise-ai/awesome-seedance-prompts,https://github.com/renoise-ai/awesome-seedance-prompts/blob/904b6caffa21c2b114bb93e1bd0e37ba80b3dd10/data/prompts/2081079396954251571.json,CC-BY-4.0,DeCat,https://x.com/DeCat2025/status/2081079396954251571,True,"prompts/真人/现实向/剧情短片/renoise-2081079396954251571--0-5s-Aerial-shot,-two-cars-weaving-throu.md","[0-5s] Aerial shot, two cars weaving through city traffic at night, neon reflections on wet asphalt

[5-10s] Interior POV from driver's seat, hands gripping wheel, mirror shows pursuer gaining

[10-15s] Wide shot, car drifts around a corner, sends up a spray of water, cuts lights
Two vehicles only, night exterior, high contrast lighting, handheld camera energy"
renoise-2081092692340330955,"Video Description:Create a 15-second, 16:9 widescreen architectural…",,其他,,风景空镜,,en,Seedance 2.0,,,renoise-ai/awesome-seedance-prompts,https://github.com/renoise-ai/awesome-seedance-prompts/blob/904b6caffa21c2b114bb93e1bd0e37ba80b3dd10/data/prompts/2081092692340330955.json,CC-BY-4.0,Mr. Weirdo,https://x.com/LeeLinAI123/status/2081092692340330955,True,"prompts/其他/风景空镜/renoise-2081092692340330955--Video-Description-Create-a-15-second,-16.md","Video Description:Create a 15-second, 16:9 widescreen architectural instructional video showing the step-by-step construction of the Yellow Crane Tower. The layout, structural components, leader line callouts, dimensional scales, numbering labels, and color palette must remain strictly consistent throughout. Do not add, remove, or alter the shape and quantity of any architectural components.
Core Instruction:This is an architectural assembly video designed to show how the Yellow Crane Tower is constructed layer by layer. Every component must be highlighted and clearly visible individually—no simultaneous motion or cluttered group movements.

Motion Style:
All components translate purely along their respective vertical axes (no rotation, arc trajectories, or mesh clipping/interpenetration).

Only one group of components moves at any given moment while all other components remain stationary.

The active moving component maintains 100% brightness, while inactive components are dimmed to approximately 60% brightness to guide viewer focus. Once a component settles into place, it restores to full brightness.

Include a brief ~0.15-second pause after each component group settles before moving to the next, establishing a clear rhythm.

Timeline (Bottom-to-Top Construction Sequence):

0.0–1.5s: Hold the initial exploded/deconstructed floating state. The camera slowly rises and pushes forward slightly (angle change < 8°). Leader lines move with their corresponding components, pointing accurately to each part.

1.5–2.6s: The stone podium base lowers vertically into place, establishing the ground baseline for the building.

2.6–3.8s: Major columns (interior gold pillars and eave pillars) drop vertically into the stone plinths from above, perfectly aligned.

3.8–5.0s: Tie beams and lintels slot horizontally into the column tops, interlocking with mortise-and-tenon joints.

5.0–7.0s: Bracket sets (Dougong) assemble individually from bottom to top: bearing blocks, bracket arms, angled levers, and cap blocks lock together layer by layer. (Key sequence: slow motion to clearly showcase the intricate stacking).

7.0–8.2s: Eave rafters and flying rafters align and settle along the roof pitch, forming the deep overhang eaves.

8.2–9.4s: Board tiles and semi-cylindrical roof tiles lay down row by row from bottom to top, covering the rafters.

9.4–10.5s: Roof ridge components and the central finial drop into place. The full building structure is now complete. Leader lines and text labels fade out smoothly.

10.5–12.0s: The fully assembled Yellow Crane Tower remains stable as the camera orbits extremely slowly around it.

12.0–15.0s: All components separate vertically in the exact reverse order, returning to the precise initial exploded/deconstructed layout. The final frame composition perfectly matches the first frame to allow a seamless loop.

Negative Constraints:No simultaneous component movement, random scattering, shattering, melting, rotating, or flying off-screen. No changing component counts or morphing architecture. No incorrect Dougong stacking order, tile-rafter clipping, misaligned leader lines, garbled label text, fast camera orbits/zooms, black screens, white flashes, frozen frames, fade-outs, watermarks, or platform end cards."
renoise-2081104884871373199,"Cinematic video, 15 seconds, premium commercial, dynamic editing. A handsome…",,其他,,广告带货,,en,Seedance 2.0,,,renoise-ai/awesome-seedance-prompts,https://github.com/renoise-ai/awesome-seedance-prompts/blob/904b6caffa21c2b114bb93e1bd0e37ba80b3dd10/data/prompts/2081104884871373199.json,CC-BY-4.0,Kiber Alla,https://x.com/Kiber_Alla/status/2081104884871373199,True,"prompts/其他/广告带货/renoise-2081104884871373199--Cinematic-video,-15-seconds,-premium-com.md","Cinematic video, 15 seconds, premium commercial, dynamic editing. A handsome athletic European male chef in a pristine white chef's jacket in a dark minimalist space with black glossy countertop. No visible lighting equipment, lamps, softboxes or light sources in the frame.
00:00–00:04 — Magical opening. Chef performs sharp circular and whipping arm movements, creating long flowing ribbons and waves of multi-colored spices (dominant deep tandoori orange + white + black) in the air, like a gymnastics ribbon. Dynamic orbiting camera.
00:04–00:07 — Quick realistic insert. Close-up of the chef’s hand sprinkling a small precise pinch of the reddish-orange spice blend from above onto a beautifully plated piece of seared fish with restaurant-style presentation (fish resting on a bed of vegetables). Elegant falling particles, subtle steam, minimal and refined. Only a tiny amount of spice.
00:07–00:11 — Back to magic. Chef continues powerful conducting movements. Spices respond with energetic spirals, ascending columns and sharp bursts in the air. High energy, multiple quick cuts.
00:11–00:13 — Second short realistic moment. Chef finishes the dish and adds one final delicate pinch of the spice on top of the plated food on a dark minimalist plate.
00:13–00:15 — Clean product ending. The remaining spice particles in the air quickly converge around the silver Terre Exotique Tandoori Massala tin standing on the countertop. Strong final focus on the jar.
Music: modern cinematic orchestral with strong strings, energetic and driving, matching the active movements, building to a powerful elegant peak. No voice-over.
Ultra-detailed particles, dramatic volumetric lighting, strong rim light, photorealistic, high-end commercial style. No visible lights or lighting gear in frame."
renoise-2081105565292401123,"High-quality 3D animated cartoon, stylized modern family-animation film",,漫剧,现实向,日常治愈,3D卡通,en,Seedance 2.0,,,renoise-ai/awesome-seedance-prompts,https://github.com/renoise-ai/awesome-seedance-prompts/blob/904b6caffa21c2b114bb93e1bd0e37ba80b3dd10/data/prompts/2081105565292401123.json,CC-BY-4.0,Jay Nwabueze,https://x.com/jaynwabueze/status/2081105565292401123,True,"prompts/漫剧/现实向/日常治愈/renoise-2081105565292401123--High-quality-3D-animated-cartoon,-styliz.md","High-quality 3D animated cartoon, stylized modern family-animation film
look, characters with oversized heads, big expressive eyes, exaggerated
proportions, smooth rounded clay-like 3D surfaces, subsurface scattering
skin, colorful vibrant lighting. NOT realistic, NOT live action.
A young woman, oversized round glasses, messy bun, cozy oversized sweater,
lies sprawled on a couch in dim blue nighttime light, phone held close to
her face, thumb slowly scrolling. Her eyes are narrowed in intense focus,
completely absorbed, scrolling deeper and deeper through old photos.
Her thumb taps the screen once by pure reflex. Her whole body goes rigid
mid-scroll, eyes snapping wide open to enormous size, mouth dropping open
in silent horror. She frantically fumbles the phone, nearly dropping it,
scrambling to tap again in a blur of panicked motion, then freezes
completely, phone held at arm's length like it might explode, staring at
it in pure dread.
Camera: slow ominous push-in on her focused scrolling thumb, whip-cut to
an extreme close-up on her eyes snapping wide the instant she taps, then
a wide static shot as she holds the phone at arm's length in frozen
horror.
AUDIO: Loud clear cartoon sound design. Tense low spy-movie strings
building as the camera pushes in on her scrolling thumb, a single sharp
orchestral stab on the tap, then dead total silence, one small strangled
gasp, frantic quiet fumbling sounds, then a single low ominous horror-
movie string note as she freezes holding the phone away from her.
Vibrant saturated colors, cool nighttime blue palette with warm phone-
screen glow on her face, smooth stylized 3D character design, family
animation aesthetic, no text, no watermark, 16:9.
FORBIDDEN: no named studio or franchise references, no readable text or
logos, no realistic or live-action rendering, no design drift, no visible
app logos or readable screen content."
renoise-2081109073022288291,CAMERA / LOOK: Handheld mini DV camcorder footage filmed via a selfie stick…,,真人,现实向,生活与vlog,,en,Seedance 2.0,link-only,copyrighted-character,renoise-ai/awesome-seedance-prompts,https://github.com/renoise-ai/awesome-seedance-prompts/blob/904b6caffa21c2b114bb93e1bd0e37ba80b3dd10/data/prompts/2081109073022288291.json,CC-BY-4.0,Pan,https://x.com/sebatheepan/status/2081109073022288291,True,prompts/真人/现实向/生活与vlog/renoise-2081109073022288291--CAMERA-LOOK-Handheld-mini-DV-camcorder-f.md,
renoise-2081118495685939500,"A war-torn city street in grey daylight, smoke drifting between shattered…",,真人,特效向,动作大片,,en,Seedance 2.0,,,renoise-ai/awesome-seedance-prompts,https://github.com/renoise-ai/awesome-seedance-prompts/blob/904b6caffa21c2b114bb93e1bd0e37ba80b3dd10/data/prompts/2081118495685939500.json,CC-BY-4.0,Rahul Nanda,https://x.com/rahulnanda86/status/2081118495685939500,True,"prompts/真人/特效向/动作大片/renoise-2081118495685939500--A-war-torn-city-street-in-grey-daylight,.md","A war-torn city street in grey daylight, smoke drifting between shattered buildings, wrecked cars and rubble everywhere, a hovering alien mothership dark in the sky above. A spider-legged alien walker drone — tall, metallic, glowing blue joints, sharp clawed legs — has clamped onto an army supply truck in the street and is lifting it off the ground. On a nearby rooftop, a soldier is already at a mounted rail-gun, loaded and posted there to cover this street. Sound: groaning metal, humming alien machinery, shouting, distant explosions, radio voices.

Shot 1 (0–3s) — THE HOOK: Low shot up the street. The spider-legged walker drone clamps its clawed legs around the army truck and lifts it off the ground, wheels spinning in the air, blue light pulsing through its joints. The driver braces in the tilting cab and shouts into his radio: ""IT'S GOT THE TRUCK! IT'S LIFTING ME UP!""

Shot 2 (3–6s): On the rooftop, the soldier swings the mounted rail-gun toward the walker, glowing power cell already loaded — but holds his fire, the driver still trapped in the raised truck. He calls on the radio: ""Drop out! Get clear of it!""

Shot 3 (6–9s): The driver kicks the door open and drops from the raised cab, hitting the rubble and rolling clear behind a wrecked car. The walker drone flings the empty truck aside and turns in the open street, rearing up tall on its clawed legs, its glowing core exposed, alone now in the clear.

Shot 4 (9–13s) — BIG SLOW-MOTION MOMENT: The walker stands exposed in the open street now. The soldier fires the rail-gun. Bullet time — the rail-gun kicks back hard, a bright blue bolt streaking down the street in slow motion, air rippling around it, rubble dust hanging as it punches straight into the walker's glowing core.

Shot 5 (13–15s): Time snaps back. The walker drone erupts in a huge blue blast, metal legs blowing apart and crashing down across the street in flames. The driver watches from behind the wrecked car as blue fire and smoke roll up between the buildings. Cut."
renoise-2081122225621762406,"An open battlefield in grey daylight, cratered ground and burning wreckage, a…",,真人,特效向,动作大片,,en,Seedance 2.0,,,renoise-ai/awesome-seedance-prompts,https://github.com/renoise-ai/awesome-seedance-prompts/blob/904b6caffa21c2b114bb93e1bd0e37ba80b3dd10/data/prompts/2081122225621762406.json,CC-BY-4.0,Rahul Nanda,https://x.com/rahulnanda86/status/2081122225621762406,True,"prompts/真人/特效向/动作大片/renoise-2081122225621762406--An-open-battlefield-in-grey-daylight,-cr.md","An open battlefield in grey daylight, cratered ground and burning wreckage, a massive alien mothership hovering low in the sky with a glowing tractor beam shining down. A huge tentacled bio-alien — dark, slimy, glowing veins running through its long tentacles — has dropped from the mothership and wrapped around an army tank in the open field, dragging it up toward the tractor beam. A second tank sits nearby, its main gun already loaded, crew watching. Sound: humming mothership, wet tentacles slapping, groaning metal, shouting, radio voices.

Shot 1 (0–3s) — THE HOOK: Low shot across the battlefield. The tentacled alien wraps its glowing tentacles around the tank, lifting it off the ground toward the beam of light above, tracks spinning uselessly in the air. Inside, the crew braces as the tank tilts and one shouts into the radio: ""IT'S GOT US! IT'S PULLING US TO THE SHIP!""

Shot 2 (3–6s): In the second tank nearby, the crew swings the main gun toward the alien, shell already loaded — but holds fire, the trapped crew still inside the lifted tank. The commander calls on the radio: ""Bail out! Drop down now!""

Shot 3 (6–9s): The trapped crew throws open the top hatch and drops down out of the lifted tank, hitting the dirt and scrambling clear. The alien, still gripping the empty tank, is stretched taut between the ground and the mothership above, its glowing body fully exposed, alone now over the open field.

Shot 4 (9–13s) — BIG SLOW-MOTION MOMENT: The alien hangs stretched and exposed over the field now. The second tank fires point-blank. Bullet time — the shell leaves the barrel in a burst of smoke, streaking across the field in slow motion, the air rippling, closing in on the alien's glowing stretched body.

Shot 5 (13–15s): Time snaps back. The shell severs the alien in a massive blast, its glowing body bursting apart and crashing down onto the battlefield in flames. The bailed-out crew watches from the dirt as the empty tank drops back to the ground beside them. Cut."
renoise-2081123313141854538,"A battlefield in grey daylight, churned mud and wreckage across an open field…",,真人,特效向,动作大片,,en,Seedance 2.0,,,renoise-ai/awesome-seedance-prompts,https://github.com/renoise-ai/awesome-seedance-prompts/blob/904b6caffa21c2b114bb93e1bd0e37ba80b3dd10/data/prompts/2081123313141854538.json,CC-BY-4.0,Rahul Nanda,https://x.com/rahulnanda86/status/2081123313141854538,True,"prompts/真人/特效向/动作大片/renoise-2081123313141854538--A-battlefield-in-grey-daylight,-churned.md","A battlefield in grey daylight, churned mud and wreckage across an open field, a crashed alien dropship half-buried with its landing ramp lowered. A hulking armored ground alien — massive, plated, glowing blue eyes — charges down the ramp onto the field, chasing a fleeing armored jeep. On the ridge line above the field, an army tank sits already posted, its barrel level and aimed down at the open ground. Sound: thundering alien footsteps, roaring jeep engine, groaning metal, shouting, radio voices."
renoise-2081132059113009292,"A war-torn battlefield at dusk, cratered mud and burning wreckage across open…",,真人,特效向,动作大片,,en,Seedance 2.0,,,renoise-ai/awesome-seedance-prompts,https://github.com/renoise-ai/awesome-seedance-prompts/blob/904b6caffa21c2b114bb93e1bd0e37ba80b3dd10/data/prompts/2081132059113009292.json,CC-BY-4.0,Rahul Nanda,https://x.com/rahulnanda86/status/2081132059113009292,True,"prompts/真人/特效向/动作大片/renoise-2081132059113009292--A-war-torn-battlefield-at-dusk,-cratered.md","A war-torn battlefield at dusk, cratered mud and burning wreckage across open ground, a dark alien mothership low in the sky. A little girl in a torn dress stands frozen in the open, alone in the middle of the field, crying. A hulking armored ground alien — massive, plated, glowing blue eyes — charges across the mud straight toward her. On a ridge, a tank crew is already loaded and aimed down at the field. Sound: thundering alien footsteps, crying child, shouting, distant blasts, radio voices."
renoise-2081134417246920866,SCENE CONTEXT,,真人,特效向,武侠打斗,,en,Seedance 2.0,,,renoise-ai/awesome-seedance-prompts,https://github.com/renoise-ai/awesome-seedance-prompts/blob/904b6caffa21c2b114bb93e1bd0e37ba80b3dd10/data/prompts/2081134417246920866.json,CC-BY-4.0,Viper Studios,https://x.com/KimAkiyama81/status/2081134417246920866,True,prompts/真人/特效向/武侠打斗/renoise-2081134417246920866--SCENE-CONTEXT.md,"SCENE CONTEXT
Inside a vast open-air gladiator arena with a polished white circular floor, a lithe swordswoman duels a hulking armored orc gladiator while packed tiered stands of spectators surround the fight. She works frame-left; he holds frame-right.

ACTIVE REFERENCES
@ref_choreography — 12-panel fight board; blocking, motion paths, and camera setups only; rendered output is live-action photoreal footage.
@loc_arena — environment and architecture: circular white stone arena floor with radial seam lines, steep tiered stands, colonnaded upper gallery, open sky above the ring. 100% matches the reference for architecture; the stands are filled to capacity with spectators in every cut.
@char_RV_Viper — athletic female fighter, long black hair, black leather bodysuit with gold seam piping, mandarin collar, gold cobra belt buckle, thigh-high heeled boots, drop-leg twin holster harness. 100% matches the reference.
@char_RV_Orc — green-skinned bald orc gladiator with lower tusks, gunmetal-and-bronze plated armor, massive two-handed spiked club. Stands half a body taller than the swordswoman, three times her mass. 100% matches the reference.
@prop_katana — steel katana, black silk-wrapped hilt with gold diamond menuki, round engraved brass tsuba. 100% matches the reference.
@prop_pistols — matte black suppressed pistols seated in black leather drop-leg thigh holsters. 100% matches the reference.

LOCATION MAP
Foreground: polished white stone arena floor with radial seam lines and light scuff marks, a hard-edged pool of direct sunlight falling across the duel circle. Midground: the low white perimeter wall ringing the floor. Background: steep tiered stands packed shoulder-to-shoulder with spectators, rising to a colonnaded upper gallery; open daylight sky above the ring, haze at 80 meters depth softening the far side of the bowl. Sun sits high camera-left above the gallery rim. Operator holds the shadow side in every setup.

FIRST FRAME / BLOCKING
First frame opens mid-action: wide profile two-shot inside the sunlight pool — the orc frame-right halfway through a flat horizontal club swing at chest height, the swordswoman frame-left already dropping into a low knee-slide beneath the swing arc, katana drawn and trailing. Screen direction locked for the full clip: she attacks from frame-left, he holds frame-right.

FORMAT MODE
Timed multishot. Hard cuts at the stated seconds only; cuts only at the specified points, the camera does not cut on its own.

OPTICS
CUT 1: 63° wide profile. CUT 2: 84° low angle. CUT 3: 47° overhead. CUT 4: 47° over-the-shoulder. CUT 5: 29° lateral medium. CUT 6: 63° wide profile. Fixed FOV per segment, no drift mid-segment. 35mm anamorphic character, oval bokeh, fine grain.

CAMERA
Wide tonal latitude, soft highlight roll-off. CUT 1 and CUT 6 locked at chest height; CUT 2 locked at floor height angled up; CUT 3 directly overhead, static, the full duel circle and packed lower rows in frame; CUT 4 anchored behind the orc's right shoulder; CUT 5 tracking laterally at torso height, matching her speed.

ACTION
0.0s to 2.5s — Wide profile: the club head sweeps through at 60 km/h; she slides under it at 25 km/h; the club hammers the white floor where she was — cracks spider out along the radial seams, dust ring — as she shoulder-rolls left past his planted leg.
2.5s HARD CUT
2.5s to 5.0s — Low angle: she springs up inside his reach, rising diagonal slash across his armored forearm — sparks; he backhands one-armed with the club haft; she arches backward under it, blade sweeping overhead as counterweight; packed stands and open sky behind them.
5.0s HARD CUT
5.0s to 7.0s — Overhead: she circles fast to his blind side in a wide arc at 20 km/h while he pivots heavily on planted feet, then hoists the club vertical for a two-handed overhead smash; their shadows stretch across the sunlit white floor.
7.0s HARD CUT
7.0s to 9.5s — Over the orc's shoulder: the smash detonates on empty white floor — dust ring, floor cracks; she is mid-sidestep, katana biting across his flank plate with a spark trail; he staggers a half-step.
9.5s HARD CUT
9.5s to 12.0s — Lateral medium: she rebounds off the floor into a leaping strike toward his shoulder line; a rising club sweep meets her mid-air; she blocks on the flat of the katana and the impact hurls her backward across frame.
12.0s HARD CUT
12.0s to 15.0s — Wide profile: she back-flips airborne, katana still gripped, lands in a deep skid, blade snapping to horizontal guard; the orc charges at 30 km/h, club winding into a full-body swing; final frame holds at 15.0s on club and katana converging in mid-air an instant before contact.

PERFORMANCE
Her eyes stay locked on the orc through every exchange, jaw set, controlled sharp exhales; hair whips on each direction change. The orc grimaces around his tusks on the flank hit, chest heaving on the final charge.

PHYSICS
The orc moves with visible mass — floor shudders on his steps, full-body follow-through on every swing, dust kicked from each footfall. She is light and sudden: sharp direction changes, boots skidding with friction marks on the polished stone. Sparks where steel meets armor plate; holster straps and hair react to inertia; grounded contact shadows under both fighters in the direct sun.

LIGHTING
Hard direct sunlight from high camera-left above the gallery rim, 5600K, throwing a bright pool across the duel circle; cool open-sky fill from above; the stands sit one stop down in bounced light; fighters carry crisp single sun shadows plus soft sky fill.

COLOR GRADE
Steel blue-grey palette, moderate desaturation, crushed blacks, retained midtones; the sunlit floor reads clean paper-white against cooler shaded stands; her gold seam piping and the brass tsuba catch the sun as the only warm accents.

AUDIO
Deep concussive club impacts, blade whoosh and metallic ring on armor contact, boot skids on polished stone, open-air crowd roar rising in waves that spike on each impact.

STYLE
Photoreal live-action, 35mm anamorphic film character, fine grain, bloodless stylized combat.

OUTPUT SETTINGS
16:9, all segments real-time speed.

POSITIVE LOCKS
Katana stays in her grip in all six cuts. Both pistols stay seated in the thigh holsters in every cut. She works frame-left, the orc holds frame-right, in every cut. Every seat in the stands is occupied — the arena is packed to capacity in all six cuts. Same arena, same daylight, same wardrobe, same prop state across all cuts. Fighters alone on the floor; the crowd stays in the stands. Impacts read through sparks, dust, and knockback — combat stays bloodless. Rendered output is live-action footage; the choreography sheet serves as motion reference only."
renoise-2081134807627468976,"10-second cinematic comedy sequence, hyper-realistic, 16:9.",,真人,特效向,奇幻怪兽,,en,Seedance 2.0,,,renoise-ai/awesome-seedance-prompts,https://github.com/renoise-ai/awesome-seedance-prompts/blob/904b6caffa21c2b114bb93e1bd0e37ba80b3dd10/data/prompts/2081134807627468976.json,CC-BY-4.0,DeCat,https://x.com/DeCat2025/status/2081134807627468976,True,"prompts/真人/特效向/奇幻怪兽/renoise-2081134807627468976--10-second-cinematic-comedy-sequence,-hyp.md","10-second cinematic comedy sequence, hyper-realistic, 16:9.

A tiny fierce Viking warrior stands on a wooden dining table, facing a gigantic towering sandwich stacked with meat, cheese, lettuce, and sauce like a monster.
The Viking wears a horned helmet, fur cloak, and carries a small round shield and axe. He lets out a dramatic battle cry and charges forward.

The giant sandwich suddenly tilts toward him, wobbling like a living beast.
A slice of tomato slides down like an attack. The Viking ducks, jumps onto the plate, climbs the sandwich heroically, and hacks at it with his axe. Sauce splatters everywhere.

The sandwich begins collapsing in slow comic chaos. In the final moment, the Viking stands triumphantly on top of the fallen sandwich, breathing hard, then gets smacked in the face by a flying lettuce leaf.

Funny, energetic, exaggerated action, detailed food textures, playful epic tone. No text on screen, no captions, no famous celebrity faces, no recognizable actors, no public-figure likenesses."
renoise-2081140646384181680,"Cinematic ultra-realistic video scene, 16:9 widescreen, bleak daybreak on an…",,真人,特效向,科幻,,en,Seedance 2.0,,,renoise-ai/awesome-seedance-prompts,https://github.com/renoise-ai/awesome-seedance-prompts/blob/904b6caffa21c2b114bb93e1bd0e37ba80b3dd10/data/prompts/2081140646384181680.json,CC-BY-4.0,Jerrod Lew,https://x.com/jerrod_lew/status/2081140646384181680,True,"prompts/真人/特效向/科幻/renoise-2081140646384181680--Cinematic-ultra-realistic-video-scene,-1.md","Cinematic ultra-realistic video scene, 16:9 widescreen, bleak daybreak on an alien planet, a lone astronaut walking slowly across a vast mist-covered plain of dark volcanic dust and pale fractured stone. The horizon is low and endless, swallowed by cold silver-blue fog, with a weak sun just beginning to rise behind thick atmospheric haze, casting a thin amber rim along the astronaut’s helmet and shoulders. The astronaut’s suit is realistic and worn, matte white fabric dulled by ash, scratched visor reflecting the dim sunrise, small frost crystals and red dust clinging to the seams, oxygen tubes shifting with each heavy step. The camera follows from behind at a low waist-height angle, moving slowly and steadily through the mist as the astronaut’s boots press into damp black sand, leaving deep prints that fill with thin vapor. The world feels silent, empty, and ancient: distant rock spires barely visible through the fog, slow drifting sheets of mist moving close to the ground, faint particles floating in the cold air, no plants, no stars, no signs of life. The astronaut pauses and looks toward the rising light, breath fogging faintly inside the helmet, then continues forward with tired, deliberate movement, the suit joints creaking subtly, the body language isolated and solemn. The atmosphere is bleak, restrained, and cinematic, with desaturated blue-gray tones, muted ochre sunrise highlights, soft volumetric light, realistic lens diffusion, shallow haze, natural film grain, grounded physics, and a slow meditative pace. Photorealistic live-action science fiction, 35mm cinematic lens, professional color grade, practical natural light, no glossy CGI look, no cartoon style, no game engine aesthetic, no heroic fantasy glow, no fast action, no sudden cuts, no crowded background, no creatures, no spaceships, no visible Earth-like land..."
renoise-2081143387689046025,VISUALS:,,漫剧,特效向,特效综合,2D日漫,en,Seedance 2.0,,,renoise-ai/awesome-seedance-prompts,https://github.com/renoise-ai/awesome-seedance-prompts/blob/904b6caffa21c2b114bb93e1bd0e37ba80b3dd10/data/prompts/2081143387689046025.json,CC-BY-4.0,Kinovi.AI,https://x.com/kinovi_ai/status/2081143387689046025,True,prompts/漫剧/特效向/特效综合/renoise-2081143387689046025--VISUALS.md,"VISUALS:

Scene 1: Hybrid 2D animation and photorealistic style. A first-person POV shot from the perspective of the father. Looking down slightly, we see the 2D animated character PhoebeChibi sitting in an oversized, photorealistic computer chair. She is leaning in close, intensely focused on a glowing photorealistic computer monitor displaying a retro, top-down maze game.

Scene 2: Over-the-shoulder POV shot focusing on the monitor. The tiny cursor carefully navigates a narrow corridor in the maze. Suddenly, without warning, a hyper-realistic, horrifying image of a screaming monster flashes rapidly across the entire screen.

Scene 3: Quick cut to PhoebeChibi’s face. She violently flinches backward in her chair. Her face instantly morphs into the crying expression from her reference sheet—huge, shiny 2D tears well up in her large purple eyes, and her mouth forms a quivering, sad pout.

Scene 4: The first-person POV camera begins to shake aggressively up and down, indicating that the father (the viewer) is laughing hysterically. PhoebeChibi turns around to look directly at the camera lens. Seeing him laugh, her tears immediately stop. Her face snaps into the angry, blushing expression from her reference sheet, her cheeks puffed out dramatically and her eyebrows furrowed in deep annoyance.

Scene 5: Still in POV, PhoebeChibi stands up on the seat of the oversized chair. She reaches out with her small 2D hands and forcefully slaps the camera lens (representing the father's chest) in retaliation, maintaining her angry pout as the screen cuts to black.

AUDIO & DIALOGUE:

The quiet hum of a computer tower fan in a dimly lit room.

Scene 1 SFX: The rapid, tense click-click-click of a computer mouse and the soft, focused breathing of PhoebeChibi.

Scene 2 SFX: An absolutely deafening, high-volume, distorted horror movie scream blasting from the computer speakers.

Scene 3 SFX: A sharp, high-pitched anime squeak of pure terror from PhoebeChibi, quickly transitioning into soft, cute sniffling and crying sounds.

Scene 4 SFX: Deep, booming, unapologetic laughter coming from behind the camera (the father).

Scene 5 SFX: A soft, comical SMACK as her tiny hands hit the camera lens.

PhoebeChibi (letting out a high-pitched, frustrated, and deeply unamused cartoon grunt): ""Hmph!"""
renoise-2081149077748678752,"10-second cinematic comedy sequence, hyper-realistic, 16:9.",,真人,特效向,恐怖灵异,,en,Seedance 2.0,,,renoise-ai/awesome-seedance-prompts,https://github.com/renoise-ai/awesome-seedance-prompts/blob/904b6caffa21c2b114bb93e1bd0e37ba80b3dd10/data/prompts/2081149077748678752.json,CC-BY-4.0,DeCat,https://x.com/DeCat2025/status/2081149077748678752,True,"prompts/真人/特效向/恐怖灵异/renoise-2081149077748678752--10-second-cinematic-comedy-sequence,-hyp.md","10-second cinematic comedy sequence, hyper-realistic, 16:9.

One continuous unbroken shot, no cuts. In a foggy forest clearing at night under a full moon, a rugged man in torn clothes stumbles forward and begins a dramatic werewolf transformation. He growls, bends over, and his body starts changing continuously on screen.
His arms shorten, his hands shrink into tiny paws, his claws soften, his body rapidly becomes smaller instead of larger, his face stretches forward then compresses into a cute snout, thick fur bursts out and becomes soft fluffy white curls, his ears reshape, and his whole body transforms in a funny but fluid way without any camera cut or jump.
The transformation must be fully visible from start to finish. By the end of the same shot, he has completely become a small fluffy white poodle with a pink bow collar.
The poodle lands, blinks proudly, gives a cheerful bark, then does a tiny elegant prance toward camera. Serious horror buildup, ridiculous payoff, clear visual morphing, playful horror-comedy tone, highly detailed fur, no text on screen, no captions, no famous celebrity faces, no recognizable actors, no public-figure likenesses."
renoise-2081162949306294687,REFERENCE ASSIGNMENT,,真人,特效向,特效综合,,en,Seedance 2.0,,,renoise-ai/awesome-seedance-prompts,https://github.com/renoise-ai/awesome-seedance-prompts/blob/904b6caffa21c2b114bb93e1bd0e37ba80b3dd10/data/prompts/2081162949306294687.json,CC-BY-4.0,harryskomi,https://x.com/HarrysKomi/status/2081162949306294687,True,prompts/真人/特效向/特效综合/renoise-2081162949306294687--REFERENCE-ASSIGNMENT.md,"REFERENCE ASSIGNMENT
@Image 1 = Character Lock (Primary & Only Subject)
One single anthropomorphic rabbit athlete. No duplicate character ever appears on screen simultaneously. Identical face, fur pattern, ear shape, whiskers, eye color, body proportions and anatomy must be maintained across every frame and every transformation.
ACE Persona (from @Image 1, left):
White polo with black trim, black shorts, red paddle. Confident, playful, explosive energy.

ZEN Persona (from @Image 1, right):
Navy polo, navy shorts, black paddle, white towel draped or tucked. Calm, precise, disciplined energy.
Only costume, paddle, posture, and expression switch between personas. Face, body, and anatomy never change.

@Image 2 = Environment Lock
Exact Downtown Ping Pong Club: regulation STIGA table, wooden bench seating, industrial dark wall panels, exposed ceiling beams, warm tungsten pendant lights (~3200K), dark wood floor with subtle volumetric haze. Room layout, table position, and lighting rig must not shift between shots.
FORMAT
15-second cinematic sports short. 16:9. 8K photorealistic. High-contrast tungsten lighting, deep cinematic shadows, realistic physics and cloth motion.

SHOT BREAKDOWN

Shot 1 (0:00–0:03) — The Serve
ACE serves the ball with a confident flick. Locked medium shot, 35mm. Ball crosses the table on a natural arc.
SFX: ball toss, paddle contact, table bounce.
Shot 2A (0:03–0:05) — The Setup Whip Pans
Camera stays static in position, whip-panning left and right to follow the ball's crossing rhythm across the table. No speed-streak or lightning-speed effect on the rabbit is visible yet — this section reads as a normal, tense rally building tension before the reveal. Fast directional blur on each pan, but the rabbit's movement itself still looks grounded and real-time.

[Cut]

Shot 2B (0:05–0:08) — The Reveal
Static medium hold, eye-level angle, two-shot, center framing — both ends of the table visible in one locked frame. ACE starts positioned on the left side of frame and strikes the ball. Immediately after the hit, he sprints at lightning speed toward the right side of frame — a clear, readable running motion with speed trails, not a static blur. As he arrives on the right side, he has transformed into ZEN, now in navy outfit with black paddle. ZEN strikes the ball, then sprints back at the same lightning speed toward the left side of frame — again a clear running motion — arriving back on the left side transformed once more into ACE in white-and-black outfit. This hit-then-sprint-then-transform cycle (left to right, then right to left) repeats until the shot transitions into the ending sequence, always keeping the sprint itself readable as running rather than a full smear, so the audience clearly tracks one character alternating sides and personas at incredible speed. Camera remains perfectly static throughout so the speed reads purely through the character's motion, not camera movement.
VFX: speed trails along each sprint, motion blur concentrated during the transformation moment, kinetic air distortion.
[Cut]

Shot 3 (0:08–0:15) — The Smash & Impact
Static medium shot, center framing, low-angle POV from table surface level, with the net visible in the foreground close to camera. ACE emerges from the final sprint, leaps into 15% slow motion, full-body torque, and delivers an explosive overhead smash directly toward camera. The instant the smash connects, motion snaps back to real-time speed as the ball rockets toward the lens and strikes it.
VFX: glass-shatter impact, lens cracking outward.
SFX: heavy paddle impact, rushing air, ball whoosh, glass shatter.
Hard cut to black.

AUDIO
No music. No score. No instruments.
Only diegetic SFX: footsteps, rapid air whooshes, speed-trail hiss, paddle impacts, ball bounces, cloth movement, glass shatter — followed by one loud crowd cheer after the cut to black.

CONTINUITY RULES
Identical face, anatomy, and fur from @Image 1 in every shot — zero identity drift, zero flicker.
Only ONE physical rabbit exists at any moment; never render ACE and ZEN as two separate bodies on screen together.

Shot 2A must NOT show speed-streak/lightning effects — that reveal is reserved exclusively for Shot 2B.
Shot 2B sequence must always follow: hit ball → sprint (readable running motion, not a static blur) → arrive on opposite side already transformed. Never reverse this order (i.e. never transform before or during the sprint's start).

ACE always occupies the left side of frame; ZEN always occupies the right side of frame, consistent across every cycle.

Costume/paddle/prop swap is complete only upon arrival at the opposite side, synced to the end of each sprint.
Shot 3's low-angle table-surface POV must keep the net visible in foreground throughout, until the ball impact breaks the frame.
No subtitles, no on-screen text."
renoise-2081177859289489689,Storyboard Prompt – ASMR Luxury Handbag Unboxing & Review (10 Seconds | 9:16…,,其他,,美食,,en,Seedance 2.0,,,renoise-ai/awesome-seedance-prompts,https://github.com/renoise-ai/awesome-seedance-prompts/blob/904b6caffa21c2b114bb93e1bd0e37ba80b3dd10/data/prompts/2081177859289489689.json,CC-BY-4.0,Hania Ai,https://x.com/HaniaAi12/status/2081177859289489689,True,prompts/其他/美食/renoise-2081177859289489689--Storyboard-Prompt-–-ASMR-Luxury-Handbag.md,"Storyboard Prompt – ASMR Luxury Handbag Unboxing & Review (10 Seconds | 9:16 Vertical | Ultra Realistic)

Scene 1 (0:00–0:01)
A premium brown luxury gift box with a minimalist logo rests on a clean wooden table. Two hands gently open the box, revealing elegant packaging. Soft natural lighting, satisfying cardboard opening sound, cinematic close-up.

Scene 2 (0:01–0:02)
The hands slowly lift a white branded dust bag from inside the box and carefully slide the handbag out. Crisp fabric rustling, slow-motion movement, luxury product reveal, shallow depth of field.

Scene 3 (0:02–0:03)
A pastel pink shoulder handbag is lifted and displayed from different angles. Smooth camera orbit highlights its elegant silhouette, premium leather texture, gold hardware, and cute fluffy keychain charm.

Scene 4 (0:03–0:04)
Extreme macro close-up of the bag's leather, stitching, zipper, and logo plate. Fingers gently glide across the surface, emphasizing soft texture and flawless craftsmanship with satisfying ASMR sounds.

Scene 5 (0:04–0:05)
The adjustable shoulder strap and decorative ribbon are showcased. Hands tighten, loosen, and gently move the strap, capturing realistic fabric friction and metal hardware sounds.

Scene 6 (0:05–0:06)
Close-up of the fluffy pink charm attached to the bag. The charm gently swings while the fingers softly squeeze and rotate it, creating relaxing tactile ASMR.

Scene 7 (0:06–0:07)
The zipper opens smoothly, revealing the spacious interior with neatly stitched lining and multiple compartments. Cinematic overhead shot with satisfying zipper sound.

Scene 8 (0:07–0:08)
Daily essentials—smartphone, perfume, compact powder, lipstick, and wallet—are neatly arranged beside the bag on the table. Clean luxury product showcase, top-down composition.

Scene 9 (0:08–0:09)
Each item is carefully placed inside the handbag one by one. Smooth hand movements, realistic object placement sounds, organized packing sequence.

Scene 10 (0:09–0:10)
The fully packed handbag stands elegantly on the wooden table. Slow cinematic push-in with soft lighting, premium luxury aesthetic, minimal background, ultra-realistic 4K, satisfying ASMR ending, perfect for TikTok, Instagram Reels, and YouTube Shorts."
renoise-2081196495362048393,"[0-5s] Wide shot, two armored knights charge at each other across a cliff-top…",,真人,特效向,动作大片,,en,Seedance 2.0,,,renoise-ai/awesome-seedance-prompts,https://github.com/renoise-ai/awesome-seedance-prompts/blob/904b6caffa21c2b114bb93e1bd0e37ba80b3dd10/data/prompts/2081196495362048393.json,CC-BY-4.0,DeCat,https://x.com/DeCat2025/status/2081196495362048393,True,"prompts/真人/特效向/动作大片/renoise-2081196495362048393--0-5s-Wide-shot,-two-armored-knights-char.md","[0-5s] Wide shot, two armored knights charge at each other across a cliff-top battlefield, cloaks whipping, dust exploding under their boots

[5-10s] Handheld tracking shot, blades clash in rapid combination - parry, strike, dodge roll under a swing - camera shakes with each hit

[10-15s] Low-angle close-up, one knight is hurled backward off his feet by a final blow, shield skidding across stone, camera whip-pans up as the winner roars and lightning cracks overhead

Two subjects only, storm lighting, dynamic handheld camera, fast cuts, high-impact sound-driven motion"
renoise-2081200401354015011,"Punk rock music video, vertical, shot on a mix of shaky handheld and fisheye…",,真人,现实向,音乐MV,,en,Seedance 2.0,,,renoise-ai/awesome-seedance-prompts,https://github.com/renoise-ai/awesome-seedance-prompts/blob/904b6caffa21c2b114bb93e1bd0e37ba80b3dd10/data/prompts/2081200401354015011.json,CC-BY-4.0,A.I.Warper,https://x.com/AIWarper/status/2081200401354015011,True,"prompts/真人/现实向/音乐MV/renoise-2081200401354015011--Punk-rock-music-video,-vertical,-shot-on.md","Punk rock music video, vertical, shot on a mix of shaky handheld and fisheye lens, fast chaotic editing with hard cuts on every beat, slight film grain and occasional frame flash. 20 seconds. Downtown Los Angeles, S Figueroa St, sunny midday, hard light, glass towers, crowd of onlookers.

Subject: the Asian woman in the attached reference image, exact outfit and styling throughout, lit cigarette in her mouth in nearly every shot.

0-3s: She rips a standing wheelie on a blue Yamaha dirtbike straight past camera, crowd screaming, whip-pan blur into —

3-5s: Hard cut. Extreme fisheye close-up: she grabs the camera with one hand, yanks it to her face, and blows a thick cloud of smoke directly into the lens until the frame whites out with smoke.

5-8s: Smoke clears into a new shot: she's in the middle of a hyped circle of dancers on the street, hitting loose confident hip-hop moves — shoulder bounces, a slow body roll, cigarette still in mouth — crowd hyping her up, everything cut in stuttering half-second beats.

8-11s: Hard cut. Low angle: dirtbike sliding a donut around the camera, rear tire smoke mixing with her cigarette smoke, sunglasses catching sun flare each rotation.

11-13s: Snap zoom: she's sitting side-saddle on the parked bike, deadpan, flicks ash toward the lens, tiny smirk. One-second hold, then frame flash.

13-16s: Rapid montage, 3 quick cuts: (1) she pops a wheelie through a cloud of pink smoke-bomb haze, (2) she crowd-surfs on her back over raised hands, cigarette pointed at the sky, (3) she stands on the bike's seat balancing while it rolls slowly, arms crossed.

16-20s: Final shot: slow-motion approximately 40% speed — she rides straight at camera, drops a wheelie inches from the lens, front tire filling frame, then hard cut to black on the last drum hit, one second of smoke drifting over black.

Fast, cocky, chaotic energy. Every cut lands on the beat. Natural daylight grade with punchy contrast."
renoise-2081208635925876762,"Create a 15 second, 16:9 photorealistic cinematic restaurant video built around…",,真人,现实向,剧情短片,,en,Seedance 2.0,,,renoise-ai/awesome-seedance-prompts,https://github.com/renoise-ai/awesome-seedance-prompts/blob/904b6caffa21c2b114bb93e1bd0e37ba80b3dd10/data/prompts/2081208635925876762.json,CC-BY-4.0,BMX,https://x.com/bmx_ai13/status/2081208635925876762,True,"prompts/真人/现实向/剧情短片/renoise-2081208635925876762--Create-a-15-second,-16-9-photorealistic.md","Create a 15 second, 16:9 photorealistic cinematic restaurant video built around one seamless visual idea: a diner uses an invisible mixed-reality interface to seemingly summon a complete meal.

ONE CONTINUOUS CAMERA ANGLE. Camera positioned slightly behind and above the left shoulder of a seated young adult diner with short natural brown hair, wearing a clean off-white long-sleeve shirt. Only the back of the head, shoulder and right hand are clearly visible; never reveal a full frontal face. The diner sits at a pale natural-wood restaurant table inside a warm modern casual café. Background: beige upholstered booth, narrow planter filled with realistic green foliage, muted wall artwork and a small dark wall outlet. Background softly defocused.

CAMERA: full-frame 45–50mm lens aesthetic, shallow realistic depth of field around f/2.8, camera height approximately seated eye level. Mostly locked-off observational framing with tiny human operator breathing drift, never perfectly robotic. Natural 24fps motion, 180-degree shutter, subtle motion blur, realistic focus behaviour, gentle fine sensor grain. No artificial camera orbit, zoom or dramatic movement.

0–1.5 sec: empty tabletop. Diner casually raises the right hand and extends the index finger into the space above the table.

1.5–4.8 sec: a refined translucent augmented-reality control panel softly appears approximately 40 cm above the tabletop. It resembles premium contemporary glass UI rather than science-fiction holograms: several small rounded icons, two tall translucent vertical sliders, faint white symbols, subtle warm reflections and realistic light transmission. Interface remains properly anchored in 3D space. The diner naturally taps one control, drags a slider slightly and makes one final deliberate selection. Finger contact and UI reaction must align perfectly with no hand deformation.

4.8–5.3 sec: interface rapidly but elegantly fades away.

5.3–8.5 sec: almost immediately, a real restaurant server’s arm in a plain black sleeve enters from camera-right carrying a rectangular rustic wooden serving board. The server smoothly places it in the centre of the table. On it: one highly realistic gourmet burger with glossy toasted brioche bun, beef patty, lettuce and visible fresh fillings; crisp golden fries in a small metal container; a ceramic cup of red ketchup. Accurate food weight, shadows, reflections, crumbs and natural imperfections. Server adjusts the tray slightly, then withdraws.

8.5–10 sec: short quiet hold. Diner remains still, subtly looking toward the meal.

10–12 sec: server’s hand returns from frame-right carrying a condensation-covered classic dark glass cola bottle with a red vintage-style label. Place it upright immediately to the right of the serving board. Realistic glass reflections, liquid density and contact shadow.

12–15 sec: satisfying final hero hold on the complete meal from the same over-the-shoulder viewpoint. Slight natural diner head movement, warm restaurant ambience, no posing.

LIGHTING: warm practical tungsten café illumination around 3000–3400K, soft overhead key, gentle highlights on burger bun and bottle, realistic shadow falloff, restrained contrast, believable skin and wood tones. Avoid CGI gloss, excessive bloom, oversaturation, warped fingers, floating food, unstable objects, fake text, visible cuts or impossible physics.

AUDIO/MUSIC: understated modern lo-fi electronic groove with soft bass, muted percussion and tasteful minimal synth texture. Add subtle spatial UI taps/soft glassy clicks, faint restaurant room tone, serving-board contact on wood, gentle fries/plate movement and a convincing glass-bottle placement sound. Music remains sophisticated and low enough for tactile sound effects to sell the realism."
renoise-2081220953544225128,Create an ultra-realistic cinematic lifestyle video featuring the same young…,,真人,现实向,时尚写真,,en,Seedance 2.0,,,renoise-ai/awesome-seedance-prompts,https://github.com/renoise-ai/awesome-seedance-prompts/blob/904b6caffa21c2b114bb93e1bd0e37ba80b3dd10/data/prompts/2081220953544225128.json,CC-BY-4.0,Synthia,https://x.com/AIwithSynthia/status/2081220953544225128,True,prompts/真人/现实向/时尚写真/renoise-2081220953544225128--Create-an-ultra-realistic-cinematic-life.md,"Create an ultra-realistic cinematic lifestyle video featuring the same young East Asian woman consistently throughout the entire sequence. Preserve identical facial features, silky dark brown hair styled in a relaxed messy bun, radiant natural skin, body proportions, and outfit across every shot. She wears an oversized cream knit T-shirt, comfortable beige lounge shorts, cozy house slippers, and minimal natural makeup. The setting is a peaceful Korean suburban neighborhood on a bright spring afternoon with quiet streets, blooming flowers, charming homes, and warm natural sunlight.

The video opens with an intimate close-up of her face as she smiles softly toward the camera while standing beside an open bedroom window. Gentle sunlight illuminates her glowing skin, a light breeze moves loose strands of her hair, and she tucks a strand behind her ear before turning naturally and walking toward a basket of laundry.

She gathers the clothes, sorts whites and colors neatly on the floor, checks pockets, folds delicate garments separately, then places everything into a woven laundry basket before leaving her apartment.

She walks through the peaceful neighborhood toward a modern self-service laundromat, exchanging warm smiles and friendly waves with neighbors, children playing outside, and elderly residents tending flowers.

Inside the laundromat, she loads the washing machine, pours detergent, selects the wash cycle, and watches the clothes begin spinning. Cinematic close-ups capture swirling soap, rotating fabrics behind the glass, sunlight reflecting across the machine door, and tiny water droplets glistening in the light.

While waiting, she enjoys an iced coffee outside beneath a flowering tree, casually reading a book and watching the calm neighborhood life unfold around her. A gentle breeze lifts a few loose strands of hair as she smiles peacefully.

Once the cycle finishes, she transfers the clothes into the dryer, shakes each garment before placing it inside, then later removes warm freshly dried laundry. Close-up shots highlight soft towels, fresh fabric textures, warm steam, and her satisfied smile.

She walks home carrying the basket through quiet residential streets. Back inside, she carefully folds every piece of clothing, organizes them neatly into wooden drawers, lightly sprays fabric mist, and places a lavender sachet inside the wardrobe.

The video ends with her returning to the open window. She notices the camera, smiles warmly, raises a cup of iced tea toward the viewer in a friendly toast, then looks outside as the camera slowly pulls backward, revealing the cozy apartment bathed in golden sunset light and the peaceful neighborhood beyond.

Natural ambient audio only: birds chirping, gentle breeze, distant neighborhood conversations, footsteps, washing machine sounds, detergent pouring, dryer humming, fabric folding, wooden drawers opening, ice clinking, leaves rustling, and soft city ambience. No background music, subtitles, logos, watermarks, or on-screen text. Premium commercial-quality cinematography, smooth handheld and gimbal camera movement, realistic skin texture, authentic facial expressions, physically accurate lighting, shallow depth of field, warm cinematic color grading, 16:9 widescreen, 4K HDR."
renoise-2081228767645610345,主体：两个男人和一个女人，他们是朋友,,真人,现实向,剧情短片,,zh,Seedance 2.0,,,renoise-ai/awesome-seedance-prompts,https://github.com/renoise-ai/awesome-seedance-prompts/blob/904b6caffa21c2b114bb93e1bd0e37ba80b3dd10/data/prompts/2081228767645610345.json,CC-BY-4.0,PixelAIGC,https://x.com/PixelAigc/status/2081228767645610345,True,"prompts/真人/现实向/剧情短片/renoise-2081228767645610345--主体-两个男人和一个女人,他们是朋友.md","主体：两个男人和一个女人，他们是朋友
场景：一家酒吧，他们三个人围坐在一张桌子上喝茶
男人A问女人：“。。。。?”
两人男人盯着女人，女人说：
“。。。。”
两个男人对视一下坏笑，女人喝一口奶茶，继续说：
“。。。。”
两个男人笑了起来，男人B问：“那实际上呢？”
女人撒娇说：“唉呀，你们真坏”
镜头拉远"
renoise-2081229487308673085,Use the supplied image as the exact opening frame and main visual reference…,,真人,特效向,科幻,,en,Seedance 2.0,,,renoise-ai/awesome-seedance-prompts,https://github.com/renoise-ai/awesome-seedance-prompts/blob/904b6caffa21c2b114bb93e1bd0e37ba80b3dd10/data/prompts/2081229487308673085.json,CC-BY-4.0,Brent Lynch,https://x.com/BrentLynch/status/2081229487308673085,True,prompts/真人/特效向/科幻/renoise-2081229487308673085--Use-the-supplied-image-as-the-exact-open.md,"Use the supplied image as the exact opening frame and main visual reference. Preserve the same glamorous blonde woman in the black evening dress, the same large industrial robot bouncer, the same entrance, red velvet ropes, the blinking DENIED chest sign, and the FLUX 3 COOL KID PARTY sign above the door. Create a fun 12-second scene in the style of a 1980s vintage live-action sci-fi comedy. Look and feel: 35mm film, vintage telecine transfer, 24fps, visible film grain, slight gate weave, mild analog softness, practical lighting, physical sets, smoke, in-camera effects, practical robot performance, no CGI.
Music style: upbeat 1980s  style synth party music. Reference Priorities Reference the supplied image first for character appearance, costume, robot design, party entrance, and framing style. Keep the robot heavy, physical, and practical-looking with real metal panels, lenses, pipes, and blinking lights. Keep the party inside lively, colorful, and fun, with handsome college-age women and men partying with humanoid robots.

Shot Order
0:00–0:04 Opening shot Start on the exact supplied frame. The woman stands outside the party entrance, smiling and trying to charm the robot. Inside the doorway, a fun party is happening with attractive college-age women and men dancing alongside humanoid robots under pink and blue neon lighting.
0:04–0:09
Woman speaks The woman leans in slightly and says in a playful, flattering tone: “Hey, Have I ever told you that you are an amazing AI model?” 9-12

Robot response The robot calmly lifts one mechanical hand and points to the blinking DENIED sign on its chest. In a dry synthesized voice it says: “DENIED.”

End beat The woman pauses, embarrassed but still trying to smile. Behind her, the party continues inside with fun dancing, flashing colored lights, and upbeat synth music. End on the awkward joke. Important Rules Simple, clear blocking Easy-to-read action Clean continuity Good lip sync Exactly one woman and one robot outside Do not add extra outside characters No extra dialogue No text overlays No modern digital look Practical FX only"
renoise-2081240595939680707,Luxury Fashion Influencer Showcase Seedance 2.0 prompt:,,真人,现实向,时尚写真,,en,Seedance 2.0,,,renoise-ai/awesome-seedance-prompts,https://github.com/renoise-ai/awesome-seedance-prompts/blob/904b6caffa21c2b114bb93e1bd0e37ba80b3dd10/data/prompts/2081240595939680707.json,CC-BY-4.0,Tbros6868,https://x.com/tbros6868/status/2081240595939680707,True,prompts/真人/现实向/时尚写真/renoise-2081240595939680707--Luxury-Fashion-Influencer-Showcase-Seeda.md,"Luxury Fashion Influencer Showcase Seedance 2.0 prompt:

Duration: 15 seconds
 Aspect Ratio: 9:16 Vertical
Reference Character: Use strictly the female character from the reference image. Preserve the exact same identity throughout the entire video, including facial structure, hairstyle, makeup, skin tone, body proportions, outfit, stockings, high heels, accessories, and all clothing details. She must remain the same person wearing the exact same outfit in every shot.

Overall Style

Premium luxury fashion influencer short film with a cool, confident, elegant, and charismatic presence. Dark gray studio with a glossy black mirrored floor, dramatic purple and gold rim lighting, soft beauty key light, realistic skin texture with subtle film grain, cinematic contrast, natural body movement, premium fashion campaign aesthetic.

SCENE 1 | 0–5s | Extreme Close-Up & Eye Contact

Subject: The reference female character.
Action: Begin with an extreme close-up of her face. She looks slightly away before slowly turning her eyes toward the camera. She blinks softly, raises one eyebrow slightly, and gives a subtle confident smile. One hand gently brushes a loose strand of hair behind her ear while she leans slightly toward the camera, maintaining elegant eye contact and effortless confidence.
Background: Soft dark-purple bokeh with shallow depth of field.

Camera: 85mm portrait lens. Ultra-sharp focus on both eyes with realistic catchlights and natural skin texture. Slow cinematic push-in combined with a subtle 15° orbit around her face.

Constraints: Perfect facial consistency. No facial distortion, exaggerated expressions, or duck lips.

SCENE 2 | 5–10s | Seamless Full-Body Reveal

Action: She gracefully sweeps one hand across the lens, creating a seamless transition. The camera smoothly pulls back from the close-up to a full-body view. Wearing high heels, she walks forward with two elegant steps, stops with one foot crossed slightly in front, places one hand on her waist, subtly shifts her weight, rotates into a graceful side profile to showcase the silhouette of her outfit, then turns back to face the camera.

Camera: Seamless transition from an 85mm portrait lens to a 35mm full-body lens. Slightly low-angle while maintaining a premium editorial fashion look. The camera tracks backward smoothly. A subtle fashion photoshoot flash appears the instant she stops.

Audio: Clear high-heel footsteps, camera shutter sounds, deep fashionable electronic music.
Constraints: Preserve the outfit exactly as shown in the reference image, including stockings, heels, accessories, lace patterns, seams, and all garment details. Showcase the complete look without lingering excessively on any single body part.
SCENE 3 | 10–15s | Fashion Turnaround & Signature Ending

Action: She performs three elegant fashion poses in sequence (front, side, back) with smooth, confident transitions. The camera performs a stable 270° orbit around her. Her dress, hair, and loose strands move naturally with subtle motion. At the end of the orbit, she quickly turns back toward the camera, takes one confident step forward, leans in slightly, raises one eyebrow, gives a playful half-smile with a gentle wink, then softly touches the camera lens with one fingertip as the screen fades to black.

Camera: Stable 50mm lens with smooth cinematic orbit. The glossy black floor produces subtle reflections. Finish with a fast push-in to a facial close-up with perfect focus locked on both eyes.

Visual Style

Premium luxury fashion campaign

Cinematic influencer aesthetic
Cool, elegant, confident, and sophisticated
Realistic skin texture with subtle film grain

Natural hair simulation and cloth physics

Soft mirrored floor reflections

Smooth cinematic camera movement
Editorial fashion lighting
High-end luxury commercial quality
Photorealistic rendering
Ultra-detailed facial consistency
8K quality
Negative Prompt
No identity changes, face swapping, outfit changes, clothing drift, lace pattern drift, stocking seam drift, body weight changes, exaggerated proportions, limb deformation, extra arms, extra legs, extra fingers, fused fingers, melted facial features, plastic skin, over-smoothed skin, sliding walk, high-heel glitches, abnormal clothing transparency, wardrobe malfunctions, vulgar poses, focus on intimate body parts, upskirt angles, camera drift, character teleportation, sudden background deformation, excessive slow motion, flickering, subtitles, text, logos, watermarks."
renoise-2081241625066692661,专业角色设定表，横向16:9画布，白色背景。2.5D动漫风格：赛璐璐上色结合柔和渐变与立体光影，人物具有体积感与厚度但保持动漫五官比例，线条干净利落，材质有层次…,,漫剧,特效向,奇幻冒险,2D日漫,en,Seedance 2.0,,,renoise-ai/awesome-seedance-prompts,https://github.com/renoise-ai/awesome-seedance-prompts/blob/904b6caffa21c2b114bb93e1bd0e37ba80b3dd10/data/prompts/2081241625066692661.json,CC-BY-4.0,Cia0,https://x.com/Cia0_exe/status/2081241625066692661,True,"prompts/漫剧/特效向/奇幻冒险/renoise-2081241625066692661--专业角色设定表,横向16-9画布,白色背景-2.5D动漫风格-赛璐璐上色结合柔和.md","专业角色设定表，横向16:9画布，白色背景。2.5D动漫风格：赛璐璐上色结合柔和渐变与立体光影，人物具有体积感与厚度但保持动漫五官比例，线条干净利落，材质有层次质感，绝非扁平平涂，也绝非写实3D。
【布局】上半标注""BASE FORM""——常态三视图全身（正面/右侧面/背面）；下半标注""LIGHTNING FORM""——雷化形态三视图全身；右侧一列细节格：面部特写／瞳孔特写／胸口猫形徽记／手套与长靴特写／雷电猫效果特写／色板（墨紫·靛蓝·哑黑·银·浅金）。
【角色·BASE FORM】25岁成年女性，身形修长匀称、肌肉线条紧致如体操运动员，气质从容自信、带一丝慵懒的锋利。面容精致优雅：柳叶般上扬的细眉，金琥珀色猫瞳（瞳孔为竖形细缝），眼尾微挑，鼻梁挺直，唇形饱满带一抹淡淡的自信浅笑，脸颊线条流畅精致。肤色为自然白皙偏暖的象牙色，健康有光泽，绝非深肤色。深墨紫色长发束成高马尾垂至腰下，发丝有靛蓝色反光，额前留有几缕不羁的碎发，发带为黑色缠绕银扣。
服装：现代改良忍者战衣——黑色高领无袖紧身战斗衣，领口至锁骨处有银色几何暗纹，腰间系深紫色宽腰带打结垂落两条布带，外罩一件深墨紫色短款开襟外披（后摆及膝，内衬靛蓝），黑色紧身战斗长裤，膝上黑色长靴配银色扣具，双臂戴黑色露指长手套至肘部、手背有银色猫爪浮雕。胸口正中一枚银色猫首侧脸线条徽记。整体简洁利落，强调机动性与优雅，不暴露。
站姿：BASE FORM 三视图为放松的战斗预备姿——重心微沉，一手随意插在腰带上，神情从容。
【角色·LIGHTNING FORM 雷化形态】同一人，服装与发型不变但被雷能量改变状态：长发脱离束缚向上飘浮舞动、发梢泛出电光；金琥珀色瞳孔转为炽亮的电蓝色并向外溢出细小电弧；皮肤上浮现出靛蓝色发光的雷纹，自颈侧、锁骨、手臂延伸至指尖；手套与靴子的银饰全部亮起蓝光。
核心效果：她周身缠绕黑色与电蓝色交织的雷电——黑色雷电如浓墨般的暗色电弧，蓝色雷电明亮刺目，两者螺旋交缠。在她身后，雷电汇聚凝形成一头巨大的猫形雷兽虚影：黑蓝雷电构成猫的轮廓、尖耳、长须与飘动的长尾，双眼为两团炽白蓝光，虚影半透明由流动电弧组成，随她姿态同步；她头顶两侧浮现由雷电构成的猫耳形状光弧，身后一条由蓝黑雷电组成的猫尾自腰后延伸摆动。脚下地面浮现发光的猫爪形雷纹阵。
站姿：LIGHTNING FORM 三视图为低重心蓄势姿——单手触地如猫科动物起跑，雷电猫虚影在身后展开，气场凌厉。
【细节格】面部特写：BASE 金琥珀猫瞳与 LIGHTNING 炽蓝电瞳左右对比；瞳孔特写：竖形细缝瞳孔与外溢电弧；胸口徽记：银色猫首线条浮雕；手套与长靴：银色猫爪浮雕与扣具；雷电猫效果：黑蓝双色电弧交缠凝成猫形虚影的独立展示格。
【光影】统一顶部柔光加左侧冷光，BASE FORM 光影柔和自然，LIGHTNING FORM 以蓝色自发光为主光源照亮面部与身体下缘，形成强烈的冷色戏剧光。8K超高清，各视图比例一致，专业角色设定图排版，16:9。
Negative prompt： 深色肌肤，小麦色肌肤，暴露服装，性感姿势，过度强调身材，写实3D，CGI，塑料质感，扁平平涂，真人写实，三视图面部不一致，两形态面部不一致，圆形瞳孔，雷电形状混乱，猫形虚影不成形，畸形的手，多余的手指，构图混乱，低分辨率，模糊，水印，乱码文字"
renoise-2081255192599630084,"Create a 15 second, 16:9 photorealistic cinematic street fashion shot in a…",,真人,现实向,时尚写真,,en,Seedance 2.0,,,renoise-ai/awesome-seedance-prompts,https://github.com/renoise-ai/awesome-seedance-prompts/blob/904b6caffa21c2b114bb93e1bd0e37ba80b3dd10/data/prompts/2081255192599630084.json,CC-BY-4.0,BMX,https://x.com/bmx_ai13/status/2081255192599630084,True,"prompts/真人/现实向/时尚写真/renoise-2081255192599630084--Create-a-15-second,-16-9-photorealistic.md","Create a 15 second, 16:9 photorealistic cinematic street fashion shot in a dense Japanese commercial district during late afternoon. One continuous take, no cuts, no text, arrows, cursor, tutorial graphics or logos. The core visual is a subtle fake dolly zoom made through diagonal camera movement plus a controlled zoom out while the subject keeps walking naturally.

SUBJECT: one consistent young East Asian man, mid 20s, slim build, short slightly messy black hair, thick black rectangular glasses, calm neutral expression. Loose muted sage olive overshirt with matching wide leg trousers, dark simple shoes, deep red canvas shoulder tote on his left shoulder. Keep face, hair, outfit, bag, proportions and glasses identical throughout. He never poses.

ENVIRONMENT: broad zebra crossing at a busy city intersection, mid rise buildings packed with colourful Japanese style shop signs and billboards, dark taxis and compact cars along the curb, a few distant pedestrians, overhead traffic lights, leafy street trees, worn road paint and realistic asphalt. Avoid readable brand names. Bright hazy sky with soft cloud detail. Diffused slightly warm daylight, gentle shadows, realistic reflections and atmospheric depth.

0–3s: start at low-to-chest height with a wide 22–24mm perspective from the edge of the crossing. The man enters mid-ground and walks calmly left to right. Camera rides a real gimbal but retains tiny operator sway, natural footstep rise-and-fall and slight horizon breathing. Keep him near the lower-middle third while the street canyon opens behind.

3–10s: operator walks diagonally forward toward him, matching his sideways motion rather than moving straight at him. Simultaneously zoom smoothly out from roughly a 45–50mm-equivalent cropped view toward 22–24mm, timed so the man stays almost the same apparent height. The result is a convincing dolly-zoom sensation: crossing stripes stretch outward, nearby taxis slide laterally with strong parallax, buildings recede and widen, and the street suddenly feels deeper while the subject remains visually anchored. Keep it gradual and optically plausible, never warped or supernatural. Use authentic 24fps motion, 180-degree shutter blur, mild rolling shutter on small corrections, realistic autofocus micro-adjustments and subtle lens breathing.

10–13s: continue approaching until he is close. The background perspective has expanded dramatically but remains coherent. He briefly glances toward camera with an understated curious look, then keeps walking. Preserve natural gait, cloth movement, tote swing and believable foot contact.

13–15s: finish around waist-to-chest framing as he passes beside the lens. He briefly raises one hand near camera, creating a soft foreground occlusion and momentary focus shift. End with an organic gimbal settle, not a freeze.

IMAGE QUALITY: high-end full-frame mirrorless realism, natural dynamic range, fine skin texture, slight sensor grain, restrained contrast, soft highlight roll-off, no oversharpening, plastic skin, duplicated people or cars, bent architecture, floating objects or inconsistent limbs.

MUSIC: understated modern lo-fi/electronic city beat, 92–100 BPM, warm kick, soft rim clicks, muted bass and airy synth. Let the track subtly swell during the dolly-zoom section and land on a clean final hit as he passes the lens. No vocals."
renoise-2081262542878597242,Authentic Sony MiniDV handheld camcorder footage recorded entirely by the woman…,,真人,现实向,生活与vlog,,en,Seedance 2.0,link-only,hate,renoise-ai/awesome-seedance-prompts,https://github.com/renoise-ai/awesome-seedance-prompts/blob/904b6caffa21c2b114bb93e1bd0e37ba80b3dd10/data/prompts/2081262542878597242.json,CC-BY-4.0,Sharon Riley,https://x.com/Just_sharon7/status/2081262542878597242,True,prompts/真人/现实向/生活与vlog/renoise-2081262542878597242--Authentic-Sony-MiniDV-handheld-camcorder.md,
renoise-2081267093652320709,"One figure dismantles eight armed agents in fifteen seconds; fast, precise, no…",,漫剧,现实向,剧情短片,2D日漫,en,Seedance 2.0,,,renoise-ai/awesome-seedance-prompts,https://github.com/renoise-ai/awesome-seedance-prompts/blob/904b6caffa21c2b114bb93e1bd0e37ba80b3dd10/data/prompts/2081267093652320709.json,CC-BY-4.0,WHORANGE,https://x.com/whorange__/status/2081267093652320709,True,prompts/漫剧/现实向/剧情短片/renoise-2081267093652320709--One-figure-dismantles-eight-armed-agents.md,"One figure dismantles eight armed agents in fifteen seconds; fast, precise, no wasted motion; agents not currently engaged remain distant blurred silhouettes.

SHOT 1 (0:00–0:01) — extreme wide, the assassin stands center in the light shaft, eight agents fanned in a loose circle raising pistols. Hard cut.

SHOT 2 (0:01–0:02) — tight close-up: the assassin's blue eyes narrow under the falling hair, jaw sets. Hard cut.

SHOT 3 (0:02–0:03) — whip-pan: the assassin sidesteps left and fires twice, the nearest agent snaps backward and drops. Hard cut.

SHOT 4 (0:03–0:04) — over-the-shoulder behind a second agent: muzzle flash fills frame, the agent collapses toward camera. Hard cut.

SHOT 5 (0:04–0:05) — handheld dutch angle: the assassin slides behind a pillar, return fire chips white concrete, dust bursting. Hard cut.

SHOT 6 (0:05–0:06) — insert, super-macro: the assassin's spent brass casings bouncing and ringing on white tile. Hard cut.

SHOT 7 (0:06–0:07) — lateral tracking: the assassin bursts from cover moving left-to-right, fires mid-stride, a third agent spins and falls. Hard cut.

SHOT 8 (0:07–0:08) — worm's-eye low angle: a fourth agent lunges from the right; the assassin deflects the gun arm and fires point-blank, the agent crumples. Hard cut.

SHOT 9 (0:08–0:09) — bird's-eye overhead: two agents converge from opposite sides; the assassin pivots in a tight spin and drops the fifth, the other retreating out of frame right. Hard cut.

SHOT 10 (0:09–0:10) — chest-height close-up: empty magazine ejects, the assassin slams a fresh one home, slide snaps forward. Hard cut.

SHOT 11 (0:10–0:11) — SPEED-RAMP slow beat: the sixth agent fires; the assassin tilts his head, the round shears through drifting strands of black hair; ramp back to real time. Hard cut.

SHOT 12 (0:11–0:12) — static locked-off wide: the assassin fires once; the sixth agent slams into the frosted glass wall, a crimson spray blooming across white panel as he slides down. Hard cut.

SHOT 13 (0:12–0:13) — handheld push-in: the seventh agent grapples the assassin's arm; the assassin sweeps his legs and fires downward as the agent hits the floor. Hard cut.

SHOT 14 (0:13–0:14) — slow dolly-in at eye level: the last agent backs away trembling, pistol shaking; the assassin walks forward through the diagonal light shaft, hair swaying, pistol rising. Hard cut.

SHOT 15 (0:14–0:15) — final extreme wide silhouette against the glowing windows: one shot, one flash, the last agent drops; the assassin lowers the pistol, a thin curl of smoke rising — hold on his eyes catching the cold light.

Style: cinematic anime."
renoise-2081281694548570561,"10-second cinematic comedy sequence, hyper-realistic, 16:9.",,真人,现实向,喜剧整活,,en,Seedance 2.0,,,renoise-ai/awesome-seedance-prompts,https://github.com/renoise-ai/awesome-seedance-prompts/blob/904b6caffa21c2b114bb93e1bd0e37ba80b3dd10/data/prompts/2081281694548570561.json,CC-BY-4.0,DeCat,https://x.com/DeCat2025/status/2081281694548570561,True,"prompts/真人/现实向/喜剧整活/renoise-2081281694548570561--10-second-cinematic-comedy-sequence,-hyp.md","10-second cinematic comedy sequence, hyper-realistic, 16:9.

In a prehistoric cave lit by flickering fire, a curious caveman in rough fur clothing and messy hair discovers a sleek modern VR headset resting on a stone pedestal. He has no idea what it is.

He circles it suspiciously, pokes it with his wooden club, taps it with his finger, sniffs it, and shakes it near his ear like a strange shell. He tries to look through it the wrong way, then puts it against his chest, then on top of his head crooked like a hat, confused.

He fumbles with it awkwardly, turning it around and around. By accident, he finally pulls it down over his eyes the wrong way, then adjusts it clumsily until it suddenly activates. He jerks backward in shock, gasps, and starts reacting wildly to invisible things only he can see. He swats at the air, ducks, reaches out in amazement, stumbles backward, then slips and falls onto his backside.

Still wearing the headset, he keeps fighting invisible creatures from the ground. In the final moment, he rips it off, stares at it in betrayed confusion, then angrily bonks it with his club. Funny fish-out-of-time comedy, big physical reactions, expressive body language, clear confusion about the object before activation, no text on screen, no captions, no famous celebrity faces, no recognizable actors, no public-figure likenesses."
renoise-2081285606852960743,@图1 Nikita ｜@图2 城市 ｜@图3 SpiderMon（屏幕用战衣形态，结尾天台用便装形态，全片不变身）,,漫剧,特效向,奇幻冒险,3D卡通,en,Seedance 2.0,,,renoise-ai/awesome-seedance-prompts,https://github.com/renoise-ai/awesome-seedance-prompts/blob/904b6caffa21c2b114bb93e1bd0e37ba80b3dd10/data/prompts/2081285606852960743.json,CC-BY-4.0,Cia0,https://x.com/Cia0_exe/status/2081285606852960743,True,"prompts/漫剧/特效向/奇幻冒险/renoise-2081285606852960743--图1-Nikita-图2-城市-图3-SpiderMon-屏幕用战衣形态,结尾天.md","@图1 Nikita ｜@图2 城市 ｜@图3 SpiderMon（屏幕用战衣形态，结尾天台用便装形态，全片不变身）
风格：Arcane风格手绘质感3D渲染，浅景深，35mm颗粒。前半深夜地下实验室（冷蓝赤红），后半正午湛蓝天空。动作自然有惯性，绝不僵硬摆拍。
0-2 微距镜头浸在绿色营养液中漂移，注射针刺穿灰粉厚皮，药剂如烟散开，一只闭合的巨眼充满画面。
2-4 镜头穿透玻璃后拉下降，揭示五米培养舱与舱内蜷缩的Nikita，前景进入教授的黑色剪影（全程逆光不露脸，白大衣黑手套）。
4-7 越肩镜头，弧形屏幕墙数十格监控照同时亮起，全是SpiderMon战衣形态。他一点，红色锁定框咔地扣住。侧移：屏幕倒影映在玻璃弧面上，与舱内闭着的巨眼重叠。
7-10 推杆到底，whip pan沿输液管冲刺，营养液由绿转赤沸腾，微距贴身：肌肉暴涨、鬃脊炸立、獠牙撑裂。
10-13 全静音——血红小眼猛然睁开，虹膜倒映锁定框。一拳轰在玻璃上，蛛网裂纹朝镜头炸开。教授不回头，摘下手套丢进积水，倒影碎裂。硬切黑。
13-15 正午金色广场，三声闷响由远及近，喷泉泛起涟漪，人群停下转头，墙面浮现裂纹。
15-17 石墙轰然炸开，Nikita自尘浪中踏出，仰天咆哮，鸽群炸飞，镜头被灰尘糊住。
17-20 手持晃动混入人群，数百人尖叫奔逃、失焦寻焦、母亲抱着孩子挤过——远处它一拳砸穿缆车。
20-23 贴地跟拍蹄足，铁链横扫断路灯，它拔起黄铜巨像喷泉高举掷出，镜头随雕像旋转飞出急停。
23-25 交替特写：躲在摊位后屏息的小女孩／它血红小眼收缩、涎水滴落／急速航拍拉升，广场已成废墟。
25-27 它停下嗅了两下，头颅一寸寸转动搜寻，极缓推轨环行半圈，锁定某个方向。
27-30 声音骤然抽空——安静天台，便装少年坐栏杆晃腿，猴尾递上饮料，他喝一口，双臂举过头顶懒洋洋摇摆，转头望向远处烟柱，虎牙一笑。低角度推近侧脸，定格。
配音（英语）
4-7 教授：""This one. Bring me his head.""
10-13 教授：""...Good. You're awake.""
27-30 少年：""...Yeah, that's him."""
renoise-2081285643242770795,"Create a 15 second, 16:9 photorealistic fashion short with the tone of a…",,真人,现实向,时尚写真,,en,Seedance 2.0,,,renoise-ai/awesome-seedance-prompts,https://github.com/renoise-ai/awesome-seedance-prompts/blob/904b6caffa21c2b114bb93e1bd0e37ba80b3dd10/data/prompts/2081285643242770795.json,CC-BY-4.0,BMX,https://x.com/bmx_ai13/status/2081285643242770795,True,"prompts/真人/现实向/时尚写真/renoise-2081285643242770795--Create-a-15-second,-16-9-photorealistic.md","Create a 15 second, 16:9 photorealistic fashion short with the tone of a playful retro detective film: “fashion crimes” witnessed on a real city street. Keep every face, body, hairstyle and outfit consistent within each character’s shot. Four stylish adult"
renoise-2081293362544713958,Cinematic Korean action sequence in a narrow sunlit urban alleyway lined with…,,真人,现实向,剧情短片,,en,Seedance 2.0,,,renoise-ai/awesome-seedance-prompts,https://github.com/renoise-ai/awesome-seedance-prompts/blob/904b6caffa21c2b114bb93e1bd0e37ba80b3dd10/data/prompts/2081293362544713958.json,CC-BY-4.0,Sharon Riley,https://x.com/Just_sharon7/status/2081293362544713958,True,prompts/真人/现实向/剧情短片/renoise-2081293362544713958--Cinematic-Korean-action-sequence-in-a-na.md,"Cinematic Korean action sequence in a narrow sunlit urban alleyway lined with brick buildings, air conditioning units, wooden pallets, and a prominent GS25"
renoise-2081315383638962585,极致性感亚洲美女，长发微乱，穿着极紧低胸阿根廷蓝白条纹球衣，丰满胸部与腰臀曲线毕露，下穿超短破洞牛仔裤+白色毛茸茸腰饰。在客厅对电视足球赛兴奋庆祝，扭腰跳舞、身…,,真人,现实向,运动,,zh,Seedance 2.0,link-only,sexual,renoise-ai/awesome-seedance-prompts,https://github.com/renoise-ai/awesome-seedance-prompts/blob/904b6caffa21c2b114bb93e1bd0e37ba80b3dd10/data/prompts/2081315383638962585.json,CC-BY-4.0,MapleShaw,https://x.com/msjiaozhu/status/2081315383638962585,True,"prompts/真人/现实向/运动/renoise-2081315383638962585--极致性感亚洲美女,长发微乱,穿着极紧低胸阿根廷蓝白条纹球衣,丰满胸部与腰臀曲线毕.md",
renoise-2081333381401334006,"Gritty 16mm cinéma vérité, authentic 1970s Paris documentary footage, organic…",,真人,现实向,年代怀旧,,fr,Seedance 2.0,,,renoise-ai/awesome-seedance-prompts,https://github.com/renoise-ai/awesome-seedance-prompts/blob/904b6caffa21c2b114bb93e1bd0e37ba80b3dd10/data/prompts/2081333381401334006.json,CC-BY-4.0,TechHalla,https://x.com/techhalla/status/2081333381401334006,True,"prompts/真人/现实向/年代怀旧/renoise-2081333381401334006--Gritty-16mm-cinéma-vérité,-authentic-197.md","Gritty 16mm cinéma vérité, authentic 1970s Paris documentary footage, organic film grain, pure natural daylight, heavy shoulder-mounted handheld shake, no stabilization, soft focus falls, subtle light leaks, raw and elegant, lived-in realism.

0-3s: [Close Handheld Tracking] Young woman in her mid-20s, completely natural face with no makeup, soft features, wind-tousled hair, simple 1970s coat and scarf. She walks past a small floristería on a Paris side street. Camera stays tight on her profile and upper body as she slows for half a second, glances at the flowers, then looks toward camera with a quiet, unguarded expression. Instant natural beauty and presence.

3-7s: [Unsteady Following Shot] She continues into a lively sunlit plaza. Camera stays behind and slightly to the side, bouncing with every step. Children run and play all around her, pigeons scatter, people cross paths, soft Paris light and movement everywhere. Pure dynamism and street energy.

7-11s: [Handheld Medium] A group of kids chasing a ball suddenly cut right in front of her. One almost collides with her; she steps aside gracefully, laughs under her breath, and briefly exchanges a look with the child. The plaza stays alive and chaotic around them.

11-15s: [Raw Tracking] She keeps walking through the square, camera following close and imperfect, catching the residual energy of the kids, the light shifting across her face, and the natural rhythm of 1970s Paris street life without ever settling.

Photorealistic 16mm film emulation, heavy organic grain, authentic period Paris details, natural skin texture, imperfect handheld physics, subtle film weave, coherent motion, pure cinéma vérité texture, no artifacts, 4:3 aspect ratio."
renoise-2081337464703348875,Create a 10-second cinematic vertical (9:16) luxury skincare commercial using…,,其他,,广告带货,,en,Seedance 2.0,,,renoise-ai/awesome-seedance-prompts,https://github.com/renoise-ai/awesome-seedance-prompts/blob/904b6caffa21c2b114bb93e1bd0e37ba80b3dd10/data/prompts/2081337464703348875.json,CC-BY-4.0,Elsa Ai,https://x.com/ElsaSofia__AI/status/2081337464703348875,True,prompts/其他/广告带货/renoise-2081337464703348875--Create-a-10-second-cinematic-vertical-9.md,"Create a 10-second cinematic vertical (9:16) luxury skincare commercial using the provided reference image as the exact visual guide. Maintain the same premium green aesthetic, editorial composition, luxury brand styling, elegant model, product placement, lighting, color palette, wardrobe, skincare texture, framing, and overall atmosphere with no changes to the original look.

Begin with a premium hero shot of the LANEIGE Cica Sleeping Mask resting on a sculptural stone pedestal surrounded by lush green botanical elements. Smoothly transition as the elegant model in the emerald green satin dress walks gracefully toward the camera. Cut to a macro close-up as a hand gently opens the jar, revealing the rich creamy texture. Show the cream being lifted with a skincare spatula and delicately applied to the model's cheek. Finish with elegant beauty close-ups, premium product-in-hand shots, and a final cinematic hero shot of the LANEIGE Cica Sleeping Mask with soft floating moisture droplets and a luxurious green skincare atmosphere.

Use smooth camera push-ins, slow cinematic dolly movements, macro close-ups, realistic hand movements, graceful model motion, soft diffused studio lighting, luxurious green color grading, shallow depth of field, premium editorial photography, ultra-realistic skincare textures, subtle glow, gentle environmental movement, seamless transitions, commercial advertising quality, photorealistic, 8K HDR, ultra-detailed, with no text, subtitles, logos, watermarks, or extra graphics."
renoise-2081342170070663307,"Cinematic close-up establishing shot inside an elegant, dimly lit Parisian…",,其他,,美食,,en,Seedance 2.0,,,renoise-ai/awesome-seedance-prompts,https://github.com/renoise-ai/awesome-seedance-prompts/blob/904b6caffa21c2b114bb93e1bd0e37ba80b3dd10/data/prompts/2081342170070663307.json,CC-BY-4.0,Sharon Riley,https://x.com/Just_sharon7/status/2081342170070663307,True,prompts/其他/美食/renoise-2081342170070663307--Cinematic-close-up-establishing-shot-ins.md,"Cinematic close-up establishing shot inside an elegant, dimly lit Parisian fine-dining restaurant. Dark wood paneling, crystal"
renoise-2081346292996014293,Create a 15-second 16:9 cinematic luxury surfwear commercial,,其他,,广告带货,,en,Seedance 2.0,,,renoise-ai/awesome-seedance-prompts,https://github.com/renoise-ai/awesome-seedance-prompts/blob/904b6caffa21c2b114bb93e1bd0e37ba80b3dd10/data/prompts/2081346292996014293.json,CC-BY-4.0,Ima Studio,https://x.com/ImaStudio_ai/status/2081346292996014293,True,prompts/其他/广告带货/renoise-2081346292996014293--Create-a-15-second-16-9-cinematic-luxury.md,Create a 15-second 16:9 cinematic luxury surfwear commercial
renoise-2081350068280631801,"Create a 15 second, 16:9 photorealistic nighttime fashion film built around an…",,真人,现实向,时尚写真,,en,Seedance 2.0,,,renoise-ai/awesome-seedance-prompts,https://github.com/renoise-ai/awesome-seedance-prompts/blob/904b6caffa21c2b114bb93e1bd0e37ba80b3dd10/data/prompts/2081350068280631801.json,CC-BY-4.0,BMX,https://x.com/bmx_ai13/status/2081350068280631801,True,"prompts/真人/现实向/时尚写真/renoise-2081350068280631801--Create-a-15-second,-16-9-photorealistic.md","Create a 15 second, 16:9 photorealistic nighttime fashion film built around an unbranded early-2000s silver MiniDV camcorder with a flip-out LCD. The physical camcorder dominates the"
renoise-2081351069687550350,"Cinematic high-energy multi-shot video, 15 rapid dynamic shots telling a…",,真人,现实向,生活与vlog,,en,Seedance 2.0,,,renoise-ai/awesome-seedance-prompts,https://github.com/renoise-ai/awesome-seedance-prompts/blob/904b6caffa21c2b114bb93e1bd0e37ba80b3dd10/data/prompts/2081351069687550350.json,CC-BY-4.0,Mr Das,https://x.com/MrDasOnX/status/2081351069687550350,True,"prompts/真人/现实向/生活与vlog/renoise-2081351069687550350--Cinematic-high-energy-multi-shot-video,.md","Cinematic high-energy multi-shot video, 15 rapid dynamic shots telling a complete story, fast-paced urban bike courier race against the clock through rainy neon city streets, consistent young woman in her mid-20s, short wavy dark hair in a high ponytail, light olive skin, freckles, determined focused expression turning to triumphant relief, black waterproof cycling jacket over gray hoodie, cargo pants, reflective backpack, realistic detailed face and hands, vibrant wet-street neon reflections, rain, steam from manholes, bustling night traffic atmosphere.
Shot 1: Extreme close-up on phone screen flashing “Delivery deadline: 15 min – Critical medical package”, she snaps her head up in a small cluttered apartment hallway, eyes wide, grabs the sealed insulated bag and helmet. Handheld urgent camera, tense electronic beat kicks in.
Shot 2: Medium tracking shot from behind as the same young woman in her mid-20s with short wavy dark hair in high ponytail, black waterproof jacket, charges down dim stairwell carrying the package, boots echoing, heavy breathing.
Shot 3: Quick cut to exterior wide shot of rain-soaked city street at night, neon signs glowing, she bursts out the building door, mounts a sleek black delivery bike, pedals hard into traffic.
Shot 4: Dynamic over-the-shoulder medium shot following her weaving between cars and buses, ponytail whipping, rain streaking across visor, fast dolly with colorful neon reflections on wet asphalt.
Shot 5: Low-angle close-up alternating between spinning bike wheels splashing through puddles and her focused face checking the phone map, sweat and rain on forehead, shallow depth of field, rhythmic pedaling and rain SFX.
Shot 6: Fast tracking shot as she cuts across a busy crosswalk just as lights change, package secure on back, dramatic lens flares from headlights and neon.
Shot 7: Medium side shot, she skids to a stop outside a glowing hospital entrance, dismounts in one fluid motion, intense focus, first door-slam sounds.
Shot 8: POV from her hands rapidly scanning QR code and handing the sealed bag to a waiting nurse, slight handheld shake, rain dripping, urgent but controlled audio.
Shot 9: Cut to her face, the same young woman in her mid-20s with short wavy dark hair in high ponytail, black jacket, sudden smile of relief as the nurse nods and rushes inside, quick push-in.
Shot 10: Wide orbiting shot around her as she mounts the bike again under the hospital canopy lights, rain still falling, city lights reflecting, music lifting.
Shot 11: Extreme long shot from above showing the neon city stretching out while she rides away, breathing hard but grinning, headlights streaking.
Shot 12: Close-up on her hands gripping the handlebars and phone now showing “Delivered – On time”, water droplets flying, focused triumphant grin, satisfying notification chime.
Shot 13: Medium shot from behind as she coasts through a quieter side street, neon still bathing the scene, first relaxed posture, warm color grading intensifies.
Shot 14: Slow-motion close-up on her face as she removes the helmet, rain mixing with sweat, pure joy and exhaustion, eyes sparkling under streetlights, music peaking with distant city hum.
Shot 15: Final wide pull-out shot of her riding confidently into the glowing rainy night city, satisfied laugh, ambient traffic and rain sounds, fade out on energetic neon atmosphere."
renoise-2081353932849520997,"Gritty 16mm cinéma vérité, authentic 1970s Paris documentary footage, organic…",,其他,,风景空镜,,en,Seedance 2.0,,,renoise-ai/awesome-seedance-prompts,https://github.com/renoise-ai/awesome-seedance-prompts/blob/904b6caffa21c2b114bb93e1bd0e37ba80b3dd10/data/prompts/2081353932849520997.json,CC-BY-4.0,ANKIT PATEL 🇮🇳 | AI,https://x.com/Ankit_patel211/status/2081353932849520997,True,"prompts/其他/风景空镜/renoise-2081353932849520997--Gritty-16mm-cinéma-vérité,-authentic-197.md","Gritty 16mm cinéma vérité, authentic 1970s Paris documentary footage, organic film grain, pure natural daylight, heavy shoulder-mounted handheld"
renoise-2081358272901337570,15-second 2D animated video.,,漫剧,现实向,剧情短片,2D日漫,en,Seedance 2.0,,,renoise-ai/awesome-seedance-prompts,https://github.com/renoise-ai/awesome-seedance-prompts/blob/904b6caffa21c2b114bb93e1bd0e37ba80b3dd10/data/prompts/2081358272901337570.json,CC-BY-4.0,Saul Goodman,https://x.com/Goodmanprotocol/status/2081358272901337570,True,prompts/漫剧/现实向/剧情短片/renoise-2081358272901337570--15-second-2D-animated-video.md,"15-second 2D animated video.

Camera is completely steady and static the entire time.

On the large green chalkboard in an elementary classroom, two simple white chalk stick figures are drawn facing each other (male on"
renoise-2081381943665696888,TITLE: Rainy Bridge Duel,,漫剧,特效向,武侠打斗,2D日漫,en,Seedance 2.0,,,renoise-ai/awesome-seedance-prompts,https://github.com/renoise-ai/awesome-seedance-prompts/blob/904b6caffa21c2b114bb93e1bd0e37ba80b3dd10/data/prompts/2081381943665696888.json,CC-BY-4.0,𝐌,https://x.com/Strength04_X/status/2081381943665696888,True,prompts/漫剧/特效向/武侠打斗/renoise-2081381943665696888--TITLE-Rainy-Bridge-Duel.md,"TITLE: Rainy Bridge Duel

REFERENCE: Use the uploaded character sheet and storyboard as the main visual reference. Keep the same fighter designs, outfits, bridge location, stormy night lighting, and 12-beat fight choreography. Do not add extra characters. Do not change the story.

SUBJECTS
Fighter A: Rain fighter, 19, medium wet dark hair, fierce dark eyes, lean athletic build, soaked sleeveless hoodie, fingerless gloves, slim combat trousers, light boots. Aggressive, relentless — attacks first with a rushing straight punch.
Fighter B: Rival duelist, 22, slicked ash-grey hair, calm green eyes, tall lean build, long wet open trench coat, leather gloves, boots. Calm, composed, strategic — sidesteps, uses momentum, finishes with a shove-strike.

ENVIRONMENT: Rain-soaked suspension bridge, flickering bridge lights, heavy rain, strong wind, dark river far below, stormy night sky, wet metal surfaces, bent railing sparks, cinematic anime atmosphere.

STYLE: Premium anime action film quality. Fast readable fight choreography. Strong speed lines. Sharp impact poses. Dramatic slow motion. Rain droplet scatter effects. Metal spark reactions. Water spray. Painterly stormy backgrounds. No comedy. No subtitles. No logos. No UI. No text overlays.

AUDIO: No background music. Rain, wind, and action sound effects only.

CAMERA: 16:9 cinematic anime framing. First 2 seconds use split-screen with two horizontal frames separated by a thick black divider. After 2 seconds switch to full-frame cinematic action. Use side-tracking shots, close-up anticipation, slow-motion rain scatter, railing crash wide shot, calm advance shot, final shove-strike close-up.

TIMELINE

0:00-0:01 — Split-screen. Top: Fighter A stands at the bridge entrance, rain hammering down, fist tight. Bottom: Fighter B stands at the far end, trench coat drifting in wind.
SFX: heavy rain, wind, bridge creak.

0:01-0:02 — Split-screen close-ups. Top: Fighter A's fist tightens, rain streaming down his arm. Bottom: Fighter B's calm eyes watch through the rain.
SFX: rain intensifying, distant thunder.

0:02-0:03 — Wide shot. Both fighters face each other on the bridge, rain falling hard, lights flickering.
SFX: rain, wind, flickering light hum.

0:03-0:05 — Fighter A charges across the wet bridge at full speed, rain spraying off his body.
SFX: rapid footsteps on wet metal, rain spray, rushing wind.

0:05-0:07 — Slow-motion. Fighter A throws a rushing straight punch. Fighter B leans aside, punch passes his face, rain droplets scatter outward in slow motion.
SFX: whoosh, rain scatter, slow-motion sweep.

0:07-0:09 — Fighter B grabs Fighter A's arm and swings him into the bridge railing.
SFX: grab impact, metal crash, railing bend.

0:09-0:11 — Fighter A crashes into the railing, metal bending, sparks flying, dark river visible far below.
SFX: metal crunch, sparks, rain.

0:11-0:12 — Fighter A recovers near the damaged railing, breathing hard.
SFX: heavy breathing, rain, wind.

0:12-0:13 — Fighter B advances calmly through the rain.
SFX: steady footsteps on wet metal, rain.

0:13-0:14 — Fighter B closes in on Fighter A.
SFX: footsteps stopping, rain.

0:14-0:15 — Final impact. Fighter B's two-handed shove-strike sends Fighter A sliding hard across the wet bridge surface. Camera shake. Hold on rain falling and Fighter B standing at center, trench coat dripping.
SFX: heavy impact, sliding scrape, rain, wind."
renoise-2081385219509350752,Use the character sheet for identity consistency and the 16-panel storyboard…,,真人,现实向,音乐MV,,en,Seedance 2.0,,,renoise-ai/awesome-seedance-prompts,https://github.com/renoise-ai/awesome-seedance-prompts/blob/904b6caffa21c2b114bb93e1bd0e37ba80b3dd10/data/prompts/2081385219509350752.json,CC-BY-4.0,Larus Canus,https://x.com/MrLarus/status/2081385219509350752,True,prompts/真人/现实向/音乐MV/renoise-2081385219509350752--Use-the-character-sheet-for-identity-con.md,"Use the character sheet for identity consistency and the 16-panel storyboard for choreography, camera flow and background timing.

Generate a realistic 9:16 K-pop dance video at a blue-hour city bus stop.

Keep it as one continuous take with smooth tracking, side-follow, small orbit movements, low-angle motion and a gentle push-in at the ending.

The dancer should stay mostly full-body in frame.

Add natural blinking, changing eye focus, subtle lip movement as if softly singing, small smile changes and realistic breathing.

The two passengers should remain consistent:
one waits on the bench, one checks a phone near the bus sign.

They occasionally notice the dancer, then react naturally when the bus arrives, prepare to board and enter through the same door.

The bus must follow one continuous path:
distant lights → approaching → slowing down → stopping → door opening → passengers boarding.

End with a confident idol pose, visible chest movement, relaxed shoulders and light post-dance breathing.

Avoid random cuts, frozen expressions, face drift, duplicated passengers, incorrect bus direction, broken spatial logic and cropped hands or feet."
renoise-2081386545391485229,韩式 KPOP MV 质感，背景替换成夜晚的首尔霓虹街头。女主外貌和服装严格参考@图片1，男主外貌和服装严格参考@图片2。男女主的全部动作、走位、身体姿态、互动…,,真人,现实向,音乐MV,,zh,Seedance 2.0,,,renoise-ai/awesome-seedance-prompts,https://github.com/renoise-ai/awesome-seedance-prompts/blob/904b6caffa21c2b114bb93e1bd0e37ba80b3dd10/data/prompts/2081386545391485229.json,CC-BY-4.0,John,https://x.com/johnAGI168/status/2081386545391485229,True,"prompts/真人/现实向/音乐MV/renoise-2081386545391485229--韩式-KPOP-MV-质感,背景替换成夜晚的首尔霓虹街头-女主外貌和服装严格参考.md","韩式 KPOP MV 质感，背景替换成夜晚的首尔霓虹街头。女主外貌和服装严格参考@图片1，男主外貌和服装严格参考@图片2。男女主的全部动作、走位、身体姿态、互动过程和节奏，严格参考@深度视频，完整复刻，不得自行修改。视频开头，女主先出现并自然开口说：“我会用韩语跟他说：오빠, 정신 차려!” 前半句“我会用韩语跟他说”使用中文，后半句“오빠, 정신 차려”使用自然韩语发音，语气带一点着急和提醒，口型与两种语言准确同步。后续人物出场顺序和所有动作继续严格跟随@深度视频。保持两位角色全程样貌一致、五官稳定、动作自然流畅。9:16竖屏，一镜到底，无字幕、无文字、无水印，不出现人物错位、角色互换或手脚变形。"
renoise-2081387148591436262,Use the uploaded reference image as the exact character reference. Preserve her…,,其他,,广告带货,,en,Seedance 2.0,,,renoise-ai/awesome-seedance-prompts,https://github.com/renoise-ai/awesome-seedance-prompts/blob/904b6caffa21c2b114bb93e1bd0e37ba80b3dd10/data/prompts/2081387148591436262.json,CC-BY-4.0,Smiling Khan,https://x.com/AIwithkhan/status/2081387148591436262,True,prompts/其他/广告带货/renoise-2081387148591436262--Use-the-uploaded-reference-image-as-the.md,"Use the uploaded reference image as the exact character reference. Preserve her facial identity, hairstyle, eye color, makeup, skin tone, body proportions, facial proportions, and overall appearance consistently throughout the entire video. Maintain the same natural beauty look while changing her outfit to a fitted white athletic crop top, high-waisted black leggings, white premium sneakers, and a sleek black smartwatch. Keep realistic hand anatomy, natural expressions, and consistent character identity in every shot.

Create a 25-second premium wireless earbuds commercial set in a futuristic modern lifestyle environment with clean architecture, warm natural lighting, premium interiors, and cinematic product cinematography. The earbuds are the hero product while the woman naturally interacts with them throughout the film. Ultra-realistic luxury technology advertisement, commercial-grade production, photorealistic 4K HDR.

The video opens with the woman confidently walking through a bright modern atrium while holding the closed wireless earbuds charging case beside her face. She smiles naturally toward the camera before flipping the case open to reveal the earbuds resting inside.

Macro cinematic shots showcase the charging case from multiple angles. The glossy finish, precision hinge, metallic accents, LED charging indicator, and premium craftsmanship are highlighted as soft reflections glide across the surface.

She gently removes both earbuds and places them into her ears. Extreme close-ups capture the precise fit, realistic skin texture, and premium finish while the camera slowly circles around her profile.

As the music begins, she closes her eyes for a moment and smiles naturally. Cinematic slow-motion captures subtle hair movement as she enjoys the immersive sound experience before confidently continuing her walk through the modern space.

The environment transitions into an outdoor urban plaza during golden hour. She walks confidently through tree-lined streets, cafés, and contemporary architecture while listening to music. Tracking shots follow her naturally as the earbuds remain securely in place.

She pauses beside a glass building and taps one earbud to answer a phone call. Natural expressions and clean close-ups emphasize effortless touch controls, crystal-clear communication, and premium smart functionality.

The camera cuts to elegant product hero shots. The earbuds float against a soft premium background while rotating slowly. Macro cinematography reveals the speaker mesh, charging contacts, sculpted curves, premium materials, and subtle reflections.

She reaches a rooftop terrace overlooking the city skyline during sunset. Removing one earbud, she smiles toward the camera while holding the charging case confidently beside her face. Warm golden light beautifully illuminates her features and the product.

The film concludes with a dramatic hero shot of both earbuds floating beside the charging case against a luxurious minimalist background. Soft cinematic lighting, elegant reflections, and slow camera movement highlight the premium craftsmanship before fading to black.

Style: Premium luxury technology commercial, cinematic product cinematography, elegant handheld and gimbal camera movement, shallow depth of field, macro product shots, realistic reflections, luxury lighting, photorealistic skin textures, natural body movement, premium commercial color grading, ultra-detailed, realistic physics, 4K HDR, 25fps.

Negative Prompt: No text, no subtitles, no logos, no watermarks, no duplicate people, no distorted hands, no deformed anatomy, no extra fingers, no AI artifacts, no cartoon style, no oversaturated colors, no flickering, no low resolution."
renoise-2081391859184570590,"Hyper-realistic cinematic action sequence, 15 seconds, aspect ratio 16:9.",,真人,特效向,动作大片,,en,Seedance 2.0,,,renoise-ai/awesome-seedance-prompts,https://github.com/renoise-ai/awesome-seedance-prompts/blob/904b6caffa21c2b114bb93e1bd0e37ba80b3dd10/data/prompts/2081391859184570590.json,CC-BY-4.0,DeCat,https://x.com/DeCat2025/status/2081391859184570590,True,prompts/真人/特效向/动作大片/renoise-2081391859184570590--Hyper-realistic-cinematic-action-sequenc.md,"Hyper-realistic cinematic action sequence, 15 seconds, aspect ratio 16:9.

Daytime high above the clouds. In a futuristic floating city, one courier runs across a network of suspended sky platforms after one major platform loses power and begins dropping from the sky. The floating city is bright and dramatic, with sleek white and metallic structures, glowing energy seams, glass walkways, hovering support units, narrow connector bridges, and open sky in every direction. Far below, only clouds and endless depth.

Wide opening shot: the courier sprints across a high sky platform while warning lights begin flashing. Behind them, one large platform flickers, loses power, tilts, and starts dropping downward out of the city structure. Smaller connected platforms shake as the failure spreads.

Tracking shot: the courier races across a narrow connector bridge to the next platform. As they cross, the section behind disconnects and falls away into the clouds. Energy lights flicker, metal joints retract, and the path becomes unstable.

Side shot: the collapse spreads through the floating platform network. One platform drops lower, another tilts sharply, and a glass walkway fractures as the courier runs across it. The courier keeps moving, jumping from one shifting platform to the next while pieces of the floating city fall behind into open sky.

Final 5 seconds: the action becomes extreme. The last safe route begins breaking apart in sequence. The courier accelerates across a final set of small connected sky platforms as each one disconnects just seconds after being used. One platform drops suddenly underfoot, forcing a desperate leap to the final stable landing zone. The courier lands hard, slides, regains balance, and reaches a secure access platform just as the last section behind falls away into the clouds.

Final moment: the courier stands on the stable platform and turns briefly as multiple disconnected sky platforms continue dropping through the clouds behind.

Style: hyper-realistic, cinematic, fast-paced, intense, stressful, clear readable action, strong sense of height and danger, futuristic floating city, suspended sky platforms, falling structures, clouds below, dynamic but readable camera movement, no text, no logos, no cartoon style, no slow motion, no famous celebrity faces, no recognizable actors, no movie-star resemblance, no public-figure likenesses, no clear facial close-ups. Keep proportions. Keep style and features. Aspect ratio 16:9."
renoise-2081391870073016811,"Gritty 16mm cinéma vérité, authentic 1970s home-movie documentary feel, organic…",,真人,特效向,奇幻怪兽,,en,Seedance 2.0,,,renoise-ai/awesome-seedance-prompts,https://github.com/renoise-ai/awesome-seedance-prompts/blob/904b6caffa21c2b114bb93e1bd0e37ba80b3dd10/data/prompts/2081391870073016811.json,CC-BY-4.0,TechHalla,https://x.com/techhalla/status/2081391870073016811,True,"prompts/真人/特效向/奇幻怪兽/renoise-2081391870073016811--Gritty-16mm-cinéma-vérité,-authentic-197.md","Gritty 16mm cinéma vérité, authentic 1970s home-movie documentary feel, organic film grain, natural mixed indoor light, heavy shoulder-mounted handheld shake, no stabilization, soft focus falls, subtle light leaks, raw and elegant, lived-in realism.

0-3s: [Close Handheld] Warm living-room birthday. Kids crowded around a simple cake, laughing and singing. A young woman with natural face leans in to help light the last candles. Soft warm light, pure joyful chaos. Camera stays tight and slightly shaky on the faces and flickering flames.

3-7s: [Unsteady Medium] The song continues. One kid is about to blow out the candles. Everyone is smiling, the room feels safe and full of energy. Camera drifts among the group with natural bounce.

7-11s: [Handheld Chaos] The door bursts open. A tall figure in a classic Pennywise clown costume (white face, orange hair, red balloon, tattered suit) steps in and immediately tries to scare the kids with exaggerated movements and a low menacing laugh. The singing stops. Kids freeze for a split second.

11-15s: [Raw Reactive to Overhead] The kids don’t run. They charge him as a pack, jumping on his back, punching, kicking and swinging whatever is nearby. The clown goes down hard onto the floor. Camera stays in the middle of the fight, then suddenly rises into a high overhead angle looking straight down. Pennywise lies on his back staring at the ceiling while the kids keep pounding him from all sides.

Photorealistic 16mm film emulation, heavy organic grain, authentic period details, natural skin texture, imperfect handheld physics, subtle film weave, coherent motion, pure cinéma vérité texture, no artifacts, 4:3 aspect ratio."
renoise-2081394140781129735,0–3s: Ultra-wide cinematic establishing shot of a remote medieval mountain…,,真人,特效向,奇幻怪兽,,en,Seedance 2.0,,,renoise-ai/awesome-seedance-prompts,https://github.com/renoise-ai/awesome-seedance-prompts/blob/904b6caffa21c2b114bb93e1bd0e37ba80b3dd10/data/prompts/2081394140781129735.json,CC-BY-4.0,Pierrick Chevallier | IA,https://x.com/CharaspowerAI/status/2081394140781129735,True,prompts/真人/特效向/奇幻怪兽/renoise-2081394140781129735--0–3s-Ultra-wide-cinematic-establishing-s.md,"0–3s: Ultra-wide cinematic establishing shot of a remote medieval mountain village at night, surrounded by steep snowy peaks. Warm torchlight glows from stone-and-timber houses while a sensual adult dark sorceress stands on a jagged ridge above the valley, wearing an elegant obsidian gown, long black hair moving in the freezing wind. She slowly raises both hands.

3–7s: Slow dolly-in toward the sorceress as violet-black runes ignite beneath her feet. Smoke, ash and shadow energy spiral around her body. The clouds twist into a vast circular portal behind her while the village bells begin ringing below.

7–11s: A gigantic horned creature emerges fully from the portal, with ember-lit eyes, armored limbs and smoke pouring from its mouth. The sorceress lowers one hand toward the village, commanding it forward. The creature leaps down from the ridge and lands beside the village, sending snow, dust and roof tiles outward.

11–15s: The creature sweeps through the outer buildings, overturning wooden towers and scattering debris as villagers flee toward the mountain road. The camera cranes upward into a final monumental wide shot: the sorceress stands silhouetted on the ridge, the creature dominates the burning edge of the village below, and the portal closes behind them. End on a stable final frame with the village partially ruined, smoke rising into the moonlit sky, and the sorceress lowering her hands in complete control.

Dark heroic fantasy, ultra-cinematic Hollywood blockbuster, realistic scale and weight, dramatic moonlight, violet-black magical glow, volumetric smoke, drifting embers, powerful cloth movement, premium VFX, coherent geography, continuous action, definitive ending."
renoise-2081396725361918036,Format: 16:9,,真人,现实向,生活与vlog,,en,Seedance 2.0,,,renoise-ai/awesome-seedance-prompts,https://github.com/renoise-ai/awesome-seedance-prompts/blob/904b6caffa21c2b114bb93e1bd0e37ba80b3dd10/data/prompts/2081396725361918036.json,CC-BY-4.0,Johnn,https://x.com/john_my07/status/2081396725361918036,True,prompts/真人/现实向/生活与vlog/renoise-2081396725361918036--Format-16-9.md,"Format: 16:9

Concept: ""Behind the Choreography""

Create a hyper-realistic self-recorded vlog filmed entirely on a modern flagship smartphone using the front-facing camera. The entire video is captured by the idol herself in one continuous take, creating an authentic behind-the-scenes experience. The footage should feel completely unscripted, with natural handheld movement, subtle smartphone stabilization, realistic autofocus breathing, automatic HDR exposure adjustments, occasional imperfect framing, and genuine ambient sound. No cinematic shots, jump cuts, transitions, slow motion, or stylized editing.
Visual Style
Modern smartphone video with crisp 4K detail, realistic HDR, balanced indoor lighting, true-to-life colours, natural skin texture, and clean image processing. No filters, no beauty mode, no film grain, and no artificial cinematic effects. It should look exactly like a real selfie vlog filmed on a flagship phone.
Character
YURI, a Korean female idol in her twenties with long black hair tied into a neat high ponytail, minimal rehearsal makeup, naturally glowing skin, and an energetic, cheerful personality.
She wears realistic dance practice clothing: an oversized charcoal zip-up hoodie over a fitted black athletic top, loose grey sweatpants, white sneakers, and a smartwatch. During rehearsal, she removes the hoodie and ties it around her waist, matching a real dance studio environment.
Location
A professional K-pop dance practice studio with mirrored walls, polished wooden floors, ceiling speakers, bright rehearsal lighting, backpacks, water bottles, towels, portable fans, and dancers warming up naturally in the background.
The recording starts just outside the practice room.
YURI smiles at the phone.
""Come with me... today you get to see what rehearsal actually looks like.""
She opens the studio door and walks inside, greeting the dancers with a quick wave before placing her backpack beside the mirror.
She stretches while chatting casually to the camera.
""Everyone sees the performance... but not this part.""
The music starts.
She removes her hoodie, ties it around her waist, and joins the rehearsal.
Between dance sections she briefly films herself catching her breath, laughing after making a small mistake, checking the choreography in the mirror, taking a quick sip of water, and celebrating when the team finally nails a difficult sequence.
Breathing heavily but smiling, she looks into the camera.
""We've been repeating this part forever... but it's finally coming together.""
The rehearsal finishes.
The dancers applaud each other while packing their bags.
YURI wipes away sweat with a towel, picks up her hoodie, and walks toward the exit.
Before leaving, she turns the phone back to herself.
""That's what happens before you ever see us on stage. Thanks for hanging out with me, see you at the performance.""
She smiles, waves, switches off the studio lights as she leaves, and the recording ends naturally.
Generation Requirements
One continuous uninterrupted recording with consistent facial identity, realistic dance movements, believable fatigue, natural eye contact, accurate mirror reflections, physically correct body mechanics, stable clothing continuity, authentic smartphone camera behaviour, realistic indoor acoustics, and no AI artifacts, warped anatomy, duplicated reflections, jump cuts, floating objects, or unnatural motion. The final result should be indistinguishable from a real K-pop idol's behind-the-scenes rehearsal vlog filmed on her own smartphone."
renoise-2081403653836198377,"@ Image1 = character reference: blonde bun with loose strands, ice-blue eyes…",,真人,特效向,奇幻怪兽,,en,Seedance 2.0,link-only,hate,renoise-ai/awesome-seedance-prompts,https://github.com/renoise-ai/awesome-seedance-prompts/blob/904b6caffa21c2b114bb93e1bd0e37ba80b3dd10/data/prompts/2081403653836198377.json,CC-BY-4.0,Cia0,https://x.com/Cia0_exe/status/2081403653836198377,True,prompts/真人/特效向/奇幻怪兽/renoise-2081403653836198377--Image1-character-reference-blonde-bun-wi.md,
renoise-2081410573934452813,A deep amber-to-black gradient void as the Snickers bar enters from the far…,,其他,,广告带货,,en,Seedance 2.0,,,renoise-ai/awesome-seedance-prompts,https://github.com/renoise-ai/awesome-seedance-prompts/blob/904b6caffa21c2b114bb93e1bd0e37ba80b3dd10/data/prompts/2081410573934452813.json,CC-BY-4.0,Saira,https://x.com/AiWithSaira/status/2081410573934452813,True,prompts/其他/广告带货/renoise-2081410573934452813--A-deep-amber-to-black-gradient-void-as-t.md,"A deep amber-to-black gradient void as the Snickers bar enters from the far background, a small silhouette, orbiting slowly on a camera whip that accelerates toward lens – bar rotating on its axis, red panel catching a hard studio key light that drags a specular streak across the wrapper. Hard smash cut to the full wrapper face-on at extreme close-up, the SNICKERS logotype filling frame, lit from below with a warm amber practical that burns through the foil. Match cut to the bar spinning freely in mid-air against a deep chocolate-brown void, camera orbiting 180° around it at speed, wrapper glinting, the 52g notation catching a rim light. Speed ramp to slow motion as the wrapper tears from the right end – the bar slides."
renoise-2081439464962892132,An elderly couple dances slowly in an empty town square during the first…,,真人,特效向,特效综合,,en,Seedance 2.0,,,renoise-ai/awesome-seedance-prompts,https://github.com/renoise-ai/awesome-seedance-prompts/blob/904b6caffa21c2b114bb93e1bd0e37ba80b3dd10/data/prompts/2081439464962892132.json,CC-BY-4.0,LudovicCreator,https://x.com/LudovicCreator/status/2081439464962892132,True,prompts/真人/特效向/特效综合/renoise-2081439464962892132--An-elderly-couple-dances-slowly-in-an-em.md,"An elderly couple dances slowly in an empty town square during the first snowfall of winter. Streetlights glow softly through the falling snow, and the town around them is silent. The camera circles them gently, close enough to see breath in the cold air, trembling hands, and small smiles. As they dance, younger versions of themselves briefly appear as reflections in shop windows, dancing the same steps decades earlier. At the end, the square is empty except for footprints in the snow. Emotional magical realism, soft lighting, cinematic 4K"
renoise-2081453371962384886,"Gritty 16mm cinéma vérité, authentic 1970s home-movie documentary aesthetic…",,真人,特效向,恐怖灵异,,en,Seedance 2.0,,,renoise-ai/awesome-seedance-prompts,https://github.com/renoise-ai/awesome-seedance-prompts/blob/904b6caffa21c2b114bb93e1bd0e37ba80b3dd10/data/prompts/2081453371962384886.json,CC-BY-4.0,ANKIT PATEL 🇮🇳 | AI,https://x.com/Ankit_patel211/status/2081453371962384886,True,"prompts/真人/特效向/恐怖灵异/renoise-2081453371962384886--Gritty-16mm-cinéma-vérité,-authentic-197.md","Gritty 16mm cinéma vérité, authentic 1970s home-movie documentary aesthetic, organic film grain, natural mixed indoor lighting, heavy shoulder-mounted handheld camera, no stabilization, soft focus falloff, subtle light leaks, raw, elegant, lived-in realism, authentic analogue texture.
The setting is a massive ultra-luxury bungalow featuring a breathtaking double-height living room with soaring 10-metre ceilings, towering floor-to-ceiling windows, a grand staircase, polished stone flooring, vintage furnishings, and warm ambient lighting. The camera behaves like a real family member filming the birthday party.
0-3s | Close Handheld
A warm birthday celebration fills the enormous living room. Children gather around a homemade birthday cake, laughing and singing while a young woman lights the final candle. Warm tungsten lamps blend naturally with soft daylight streaming through the giant windows. The handheld camera stays close to smiling faces and flickering candlelight.
3-7s | Unsteady Medium
The birthday song continues. One child leans forward, ready to blow out the candles. Family members clap and laugh. The camera drifts naturally between everyone with realistic shoulder-mounted movement. The huge bungalow feels warm, peaceful, and safe.
7-11s | Impossible Arrival
A loud crack echoes from above.
The ornate ceiling slowly fractures as fine dust rains down. A large section of plaster breaks open, revealing complete darkness. From the opening, an enormous Victorian porcelain doll, nearly 2. 5 metres tall, slowly lowers itself into the room. It has a flawless cracked porcelain face, glass eyes that never blink, long antique curls, an aged lace Victorian dress, white gloves, and polished leather shoes. It descends unnaturally slowly, its head slightly tilted with a frozen smile. The only sounds are creaking wood, falling dust, and the faint squeak of porcelain as it moves.
11-15s | Panic
The children scream and scatter across the vast living room in every direction while adults rush to protect them. The handheld camera stumbles backwards, capturing the confusion with authentic documentary movement. The gigantic doll lands softly on the polished stone floor without making a heavy impact. It remains completely motionless, silently staring toward the birthday table as dust continues drifting through warm beams of sunlight. The final shot lingers on the towering doll standing alone beneath the broken ceiling inside the immense bungalow.
Visual Style: Ultra-photorealistic 16mm film emulation, authentic 1970s documentary realism, heavy organic grain, subtle film weave, analogue colour response, natural skin texture, realistic dust simulation, physically accurate lighting, premium luxury architecture, cinematic horror atmosphere, coherent motion, imperfect focus, 4:3 aspect ratio.
Negative Prompt: Text, logos, watermarks, CGI appearance, camera stabilization, zoom, panning, rotation, oversaturated colours, flickering, duplicated people, floating furniture, distorted architecture, warped perspective, unrealistic anatomy, gore, blood, graphic injuries, blurry artifacts, low quality, cartoon style."
renoise-2081456850000863334,"Gritty 16mm cinéma vérité, authentic 1960s French New Wave aesthetic, heavy…",,真人,现实向,年代怀旧,,fr,Seedance 2.0,,,renoise-ai/awesome-seedance-prompts,https://github.com/renoise-ai/awesome-seedance-prompts/blob/904b6caffa21c2b114bb93e1bd0e37ba80b3dd10/data/prompts/2081456850000863334.json,CC-BY-4.0,YOel Almaguer,https://x.com/artetuyo/status/2081456850000863334,True,"prompts/真人/现实向/年代怀旧/renoise-2081456850000863334--Gritty-16mm-cinéma-vérité,-authentic-196.md","Gritty 16mm cinéma vérité, authentic 1960s French New Wave aesthetic, heavy organic film grain, natural daylight streaming through the galleries of the Museo del Prado, shoulder-mounted handheld cinematography, strong natural camera movement, no stabilization, subtle focus breathing, soft light leaks, raw elegance and lived-in realism. Use the attached portrait only as the reference for the protagonist. Use the attached images of the Prado galleries and the museum façade as architectural references. Maintain the protagonist's identity consistently throughout the entire sequence. He is dressed entirely in black: black cap, black T-shirt, black trousers and black sneakers.
0–3s: The film opens in the middle of the action. The protagonist is already sprinting through one of the monumental galleries of the Museo del Prado. The handheld camera moves backward directly in front of him, bouncing naturally with every stride. The gallery is quietly populated with a small number of visitors naturally dispersed throughout the space, calmly exploring the museum. Some briefly glance up as he passes before continuing their visit. The movement feels joyful, spontaneous and full of freedom.
3–6s: Cut. The protagonist continues sprinting through another grand gallery of the museum. The camera switches to a fast handheld lateral tracking shot, moving from right to left alongside him while perfectly matching his speed. A museum security guard tries unsuccessfully to stop him, but the protagonist effortlessly slips past and continues running without slowing down. The interaction is brief, playful and completely non-violent.
6–10s: Cut. Exterior of the Museo del Prado. The protagonist bursts out through the museum's main entrance and runs straight toward the camera across the forecourt, passing the statue of Velázquez. The handheld camera retreats rapidly while keeping him centered in frame as he approaches at full speed. He runs past the camera and disappears out of frame, leaving the majestic façade of the Museo del Prado as the final image.
Photorealistic 16mm film emulation, authentic handheld camera physics, heavy organic film grain, subtle film weave, natural skin texture, coherent fluid motion, realistic museum ambience with footsteps, breathing, distant conversations and long reverberation indoors, seamlessly transitioning into outdoor ambience with city sounds and birds. The Museo del Prado must remain instantly recognizable both inside and outside. 4:3 aspect ratio. Inspired by the playful freedom, youthful energy and kinetic spirit of the iconic French New Wave museum run, reimagined as an original sequence set in the Museo del Prado."
renoise-2081508007909695915,"Hyper-realistic cinematic action sequence, 15 seconds, aspect ratio 16:9.",,真人,特效向,动作大片,,en,Seedance 2.0,,,renoise-ai/awesome-seedance-prompts,https://github.com/renoise-ai/awesome-seedance-prompts/blob/904b6caffa21c2b114bb93e1bd0e37ba80b3dd10/data/prompts/2081508007909695915.json,CC-BY-4.0,DeCat,https://x.com/DeCat2025/status/2081508007909695915,True,prompts/真人/特效向/动作大片/renoise-2081508007909695915--Hyper-realistic-cinematic-action-sequenc.md,"Hyper-realistic cinematic action sequence, 15 seconds, aspect ratio 16:9.

Inside a giant ancient clockwork temple, one thief runs through a massive gear chamber while the mechanism spins out of control. The environment is huge and dramatic, with enormous bronze gears, rotating platforms, narrow stone walkways, hanging chains, mechanical arms, dust, sparks, and shafts of light cutting through the chamber. The temple feels ancient but alive, with heavy moving machinery built into stone walls and deep vertical drops between the gears.

Wide opening shot: the thief runs into the giant gear room as the ancient mechanism begins speeding up out of control. Massive gears rotate beside and below the path, chains rattle, and the floor trembles.

Tracking shot: the thief sprints across a series of rotating circular platforms suspended between giant gears. The platforms turn underfoot, forcing constant balance adjustments. Sparks burst from grinding metal and dust falls from the ceiling as the machinery grows louder.

Side shot: the escape becomes more dangerous. One narrow stone walkway shifts out of alignment and drops away while a huge gear turns across the route. The thief jumps onto another rotating platform, ducks under a swinging mechanical arm, and keeps moving toward the exit.

Final 5 seconds: the action becomes extreme. Multiple gears begin turning at different speeds, creating a chaotic moving path. One platform tilts, another spins faster, and the thief accelerates into a final desperate burst, jumps across a widening gap, lands on the last rotating platform, then leaps onto a stone ledge at the far side just as part of the gear mechanism breaks behind.

Final moment: the thief reaches the exit ledge and turns briefly as the giant gear chamber continues grinding and shaking behind.

Style: hyper-realistic, cinematic, fast-paced, intense, stressful, clear readable action, strong sense of scale and danger, ancient clockwork temple, giant spinning gears, rotating platforms, sparks, dust, dynamic but readable camera movement, no text, no logos, no cartoon style, no slow motion, no famous celebrity faces, no recognizable actors, no movie-star resemblance, no public-figure likenesses, no clear facial close-ups. Keep proportions. Keep style and features. Aspect ratio 16:9."
renoise-2081526416294674854,"Bikin si A ngomong ""xxxxxxx"" pakai bahasa Indonesia. Lalu si B ngomong ""yyyyy""",,真人,现实向,剧情短片,,en,Seedance 2.0,,,renoise-ai/awesome-seedance-prompts,https://github.com/renoise-ai/awesome-seedance-prompts/blob/904b6caffa21c2b114bb93e1bd0e37ba80b3dd10/data/prompts/2081526416294674854.json,CC-BY-4.0,Kurnia Bijaksana,https://x.com/mkbijaksana/status/2081526416294674854,True,prompts/真人/现实向/剧情短片/renoise-2081526416294674854--Bikin-si-A-ngomong-xxxxxxx-pakai-bahasa.md,"Bikin si A ngomong ""xxxxxxx"" pakai bahasa Indonesia. Lalu si B ngomong ""yyyyy"""
renoise-2081534793406116343,"Cinematic horror short, 10 seconds, single continuous take, 2.39:1 anamorphic…",,真人,特效向,恐怖灵异,,en,Seedance 2.0,link-only,copyrighted-character,renoise-ai/awesome-seedance-prompts,https://github.com/renoise-ai/awesome-seedance-prompts/blob/904b6caffa21c2b114bb93e1bd0e37ba80b3dd10/data/prompts/2081534793406116343.json,CC-BY-4.0,Shira Wiggles,https://x.com/shirawiggles/status/2081534793406116343,True,"prompts/真人/特效向/恐怖灵异/renoise-2081534793406116343--Cinematic-horror-short,-10-seconds,-sing.md",
renoise-2081539230996775100,"WORLD: Rain-slicked back-alley at night, palette of deep slate blue wet asphalt…",,真人,现实向,时尚写真,,en,Seedance 2.0,,,renoise-ai/awesome-seedance-prompts,https://github.com/renoise-ai/awesome-seedance-prompts/blob/904b6caffa21c2b114bb93e1bd0e37ba80b3dd10/data/prompts/2081539230996775100.json,CC-BY-4.0,PixieVerse,https://x.com/itsPixieVerse/status/2081539230996775100,True,"prompts/真人/现实向/时尚写真/renoise-2081539230996775100--WORLD-Rain-slicked-back-alley-at-night,.md","WORLD: Rain-slicked back-alley at night, palette of deep slate blue wet asphalt and warm golden-amber neon ambient light, volumetric mist, floating rain droplets caught in light, drifting cigarette smoke, layered fog depth.
CHARACTER: A tall slim man MILO [@Image] with a short dark buzzcut, narrow dark sunglasses, small fine-line tattoos on his neck and cheekbone, intricate dark tattoos covering his hands, wearing a massive oversized black leather bomber jacket, unbuttoned ivory shirt, wide charcoal trousers, and chunky loafers, with elongated stylized fashion proportions and painterly matte skin with brush-stroke shading.
ACTION (one continuous 15s moment): Opens mid-moment with him leaning casually against a classic dark vintage sedan in the rain, hands in jacket pockets. He steps forward slowly into the light, pulls one tattooed hand out to flip open a vintage flip-phone, checks a glowing amber message, flips it shut with his thumb, and looks up directly past the camera with a calm, unbothered deadpan smirk.
CAMERA: One continuous low-angle tracking shot in front of him moving backward as he walks, then smoothly speed-ramps into a tight slow push-in on his face and sunglasses as he flips the phone. No cuts.
Weighty natural character animation, heavy leather jacket and cloth reacting to momentum and wind, 24fps filmic motion, shallow depth of field. Final frame holds on a cool hero shot of him looking down the camera lens."
renoise-2081570526787510377,"10-second cinematic comedy sequence, hyper-realistic, 16:9.",,真人,现实向,喜剧整活,,en,Seedance 2.0,,,renoise-ai/awesome-seedance-prompts,https://github.com/renoise-ai/awesome-seedance-prompts/blob/904b6caffa21c2b114bb93e1bd0e37ba80b3dd10/data/prompts/2081570526787510377.json,CC-BY-4.0,DeCat,https://x.com/DeCat2025/status/2081570526787510377,True,"prompts/真人/现实向/喜剧整活/renoise-2081570526787510377--10-second-cinematic-comedy-sequence,-hyp.md","10-second cinematic comedy sequence, hyper-realistic, 16:9.

At night inside an old dimly lit house, one translucent ghost floats dramatically into a quiet hallway, clearly preparing the perfect scare. At the end of the hallway, one calm cat sits on the floor grooming itself, completely unbothered.

The ghost puffs itself up, stretches its arms wide, and lunges forward in a big spooky attack, expecting terror. The cat barely looks up. Confused and offended, the ghost tries again, making even bigger haunting gestures, floating in circles, flaring its shape, and rushing closer with exaggerated menace.

The cat slowly stands, walks toward the ghost with total confidence, then casually swats at it with one paw. The ghost jerks backward in shock, flailing in midair. The cat arches its back, gives the ghost a hard unimpressed stare, and lets out a sharp hiss. The ghost completely panics and shoots backward down the hallway in frightened retreat.

In the final moment, the cat calmly sits back down in the exact same spot and resumes grooming as if nothing happened. Fast physical comedy, clear continuous action, strong contrast between the ghost’s dramatic effort and the cat’s total indifference, one ghost only, one cat only, no dialogue, no music, no text on screen, no captions, no famous celebrity faces, no recognizable actor faces, no public-figure likenesses.
Keep proportions. Keep style and features. Aspect ratio 16:9."
renoise-2081575493128606106,Render a 16:9 character production reference sheet according to the following…,,其他,,广告带货,,en,Seedance 2.0,link-only,sexual,renoise-ai/awesome-seedance-prompts,https://github.com/renoise-ai/awesome-seedance-prompts/blob/904b6caffa21c2b114bb93e1bd0e37ba80b3dd10/data/prompts/2081575493128606106.json,CC-BY-4.0,Ivanna | AI Art & Prompts,https://x.com/ivanka_humeniuk/status/2081575493128606106,True,prompts/其他/广告带货/renoise-2081575493128606106--Render-a-16-9-character-production-refer.md,
renoise-2081577482046869817,A stylish cyber-fashion girl wearing oversized black-and-white tie-dye…,,真人,特效向,动作大片,,ja,Seedance 2.0,,,renoise-ai/awesome-seedance-prompts,https://github.com/renoise-ai/awesome-seedance-prompts/blob/904b6caffa21c2b114bb93e1bd0e37ba80b3dd10/data/prompts/2081577482046869817.json,CC-BY-4.0,『Hiii』 @artbird,https://x.com/AI_art_bird/status/2081577482046869817,True,prompts/真人/特效向/动作大片/renoise-2081577482046869817--A-stylish-cyber-fashion-girl-wearing-ove.md,"A stylish cyber-fashion girl wearing oversized black-and-white tie-dye streetwear, massive platform boots with metallic mechanical details and chains, performing extremely fast parkour through a futuristic urban environment. She sprints across rooftops, wall-runs, vaults over obstacles, slides under neon structures, and launches into long aerial flips with fluid athletic movement. Her oversized clothing flows dramatically while the chains swing naturally with momentum. Every movement perfectly syncs with a powerful electronic bass beat.

Dynamic cinematic camera work with ultra-fast whip pans, FPV chase shots, orbit rotations, Dutch angles, rapid push-ins, speed ramps, slow-motion accents on impactful jumps, seamless match cuts, rolling shutter effects, lens flares, water splash particles, motion blur, and rhythmic transitions timed to every beat drop.

High-contrast monochrome aesthetic with black and white tones, glossy reflections, cinematic lighting, neon highlights, dramatic shadows, fashion-commercial quality, luxury streetwear campaign, ultra-detailed fabric simulation, photorealistic textures, energetic atmosphere, stylish editing, premium music video look.

Music style: aggressive electro house mixed with future bass and trap, punchy kick drums, deep sub bass, crisp hi-hats, rhythmic synth stabs, energetic drops, fashionable runway vibes, perfectly synchronized with every jump, landing, and camera transition."
renoise-2081579679065235523,Use @Image1 as a chronological visual guide only. Generate one continuous…,,真人,特效向,动作大片,,en,Seedance 2.0,,,renoise-ai/awesome-seedance-prompts,https://github.com/renoise-ai/awesome-seedance-prompts/blob/904b6caffa21c2b114bb93e1bd0e37ba80b3dd10/data/prompts/2081579679065235523.json,CC-BY-4.0,Changning Liu,https://x.com/ChangningL29508/status/2081579679065235523,True,prompts/真人/特效向/动作大片/renoise-2081579679065235523--Use-Image1-as-a-chronological-visual-gui.md,"Use @Image1 as a chronological visual guide only. Generate one continuous 15-second cinematic 16:9 film shot, never a collage, split screen, storyboard grid, still image, panel border, text or logo. Inside the same narrow ordinary flooded corridor, keep the young adult white protagonist in wet ivory satin, the older woman in emerald, the distinctive red ankle boot, and a crowded group of adult women. 0-10 seconds: an extremely low handheld camera floats at the violent waterline, only centimetres above the surface. The lens bobs through crashing brown-grey floodwater and foam; splashes strike the lens. The protagonist stays low with chin at the waterline, body floating and actively swimming, eyes terrified, never standing. Around her, many adult women struggle in turbulent deep water, grip doorframes or push through the current, with legs unable to reach the floor. Keep the corridor crowded, claustrophobic and physically believable. At 10 seconds the camera smoothly slips below the churning surface and remains underwater without cutting until the end. 10-15 seconds: murky teal water, many active kicking legs and flowing dresses at different depths, hands reach upward, bubbles race toward ceiling-light rays, and the red ankle boot spins through the foreground. End fully underwater looking along the narrow hallway toward the glowing turbulent surface. Everyone actively swims or fights upward and remains alive. Photorealistic disaster-film realism, cinematic lighting, high detail. Stable faces and bodies, anatomically correct hands and legs, no person standing, no visible floor, no duplicated people or limbs, no injury, blood, gore, dead bodies, watermark, logo, subtitles or on-screen text."
renoise-2081581132215124168,"Hyper-realistic cinematic action sequence, 15 seconds, aspect ratio 16:9.",,真人,现实向,剧情短片,,en,Seedance 2.0,,,renoise-ai/awesome-seedance-prompts,https://github.com/renoise-ai/awesome-seedance-prompts/blob/904b6caffa21c2b114bb93e1bd0e37ba80b3dd10/data/prompts/2081581132215124168.json,CC-BY-4.0,DeCat,https://x.com/DeCat2025/status/2081581132215124168,True,prompts/真人/现实向/剧情短片/renoise-2081581132215124168--Hyper-realistic-cinematic-action-sequenc.md,"Hyper-realistic cinematic action sequence, 15 seconds, aspect ratio 16:9.

Daytime on a vast frozen glacier under a stormy gray sky. One rescue worker sprints across unstable snow and ice while the glacier breaks apart beneath them. They carry a small rescue pack and emergency rope while trying to reach a safer ridge before the ice field collapses. The environment is huge and exposed, with violent wind, blowing snow, jagged ice ridges, deep blue crevasses, cracking snow crust, and endless frozen landscape in every direction.

Wide opening shot: the rescue worker runs at full speed across the glacier as loud cracks race behind and beside them. Snow blasts across the surface, the ground trembles, and a long fracture line opens fast in the distance.

Fast tracking shot: cracks spread directly under the worker’s boots. The ice splits behind each step. The worker changes direction suddenly, jumps over a narrow crevasse, lands hard, slides on the snow, regains balance, and keeps running.

Side shot: the glacier collapses faster. A deep blue crevasse tears open beside the worker, swallowing chunks of ice and snow. The rescue rope drags behind them, whipping in the wind. A large ice slab tilts downward, forcing the worker to scramble upward across the slanted surface before it drops away.

Final 5 seconds: the action becomes extreme. Multiple crevasses open in rapid sequence ahead, behind, and on both sides. The worker accelerates into a final desperate sprint across a breaking ice bridge. The bridge cracks underfoot and starts falling apart. The worker leaps across a wide crevasse, barely catches the edge of a stable ice ridge, pulls themself up as the ice bridge collapses behind, and rolls onto safer ground.

Final moment: the rescue worker lies on the stable ridge, breathing hard, while the glacier continues splitting behind them and huge ice sections disappear into deep blue crevasses.

Style: hyper-realistic, cinematic, fast-paced, intense, stressful, urgent, clear readable action, strong sense of cold, scale, and danger, glacier environment, spreading cracks, opening crevasses, collapsing ice bridge, blowing snow, dynamic but readable camera movement, no text, no logos, no cartoon style, no slow motion, no famous celebrity faces, no recognizable actors, no movie-star resemblance, no public-figure likenesses, no clear facial close-ups. Keep proportions. Keep style and features. Aspect ratio 16:9."
renoise-2081587597705691638,Create an ultra-realistic cinematic luxury skincare commercial featuring the…,,其他,,广告带货,,en,Seedance 2.0,,,renoise-ai/awesome-seedance-prompts,https://github.com/renoise-ai/awesome-seedance-prompts/blob/904b6caffa21c2b114bb93e1bd0e37ba80b3dd10/data/prompts/2081587597705691638.json,CC-BY-4.0,Smiling Khan,https://x.com/AIwithkhan/status/2081587597705691638,True,prompts/其他/广告带货/renoise-2081587597705691638--Create-an-ultra-realistic-cinematic-luxu.md,"Create an ultra-realistic cinematic luxury skincare commercial featuring the same beautiful young woman consistently throughout the entire sequence. Maintain identical facial features, hairstyle, skin tone, body proportions, outfit, and overall appearance in every shot. She wears a fitted black short-sleeve top with her hair naturally styled, matching the reference image. The setting is a bright, modern luxury bathroom with marble countertops, an illuminated mirror, neatly arranged premium skincare products, white towels, subtle indoor plants, and soft natural morning light.

The video opens with a close-up of her face as she looks directly into the camera with a gentle smile. The camera slowly pushes in while warm sunlight highlights her naturally glowing skin. She casually turns toward the mirror and begins her skincare routine.

She picks up an elegant facial cleanser, dispenses a small amount into her hands, and massages a rich foamy cleanser across her face using slow circular motions. Cinematic macro shots capture creamy foam, fingers gliding across her skin, water droplets, and realistic skin texture. She rinses her face with clear water and gently pats it dry with a soft white towel.

Next, she lifts a premium toner bottle, pours toner onto a cotton pad, and gently pats it across her cheeks, forehead, and chin. Close-up beauty shots emphasize the liquid absorbing into her skin and the elegant packaging resting on the marble counter.

She then picks up a luxurious serum bottle. The camera captures an extreme macro shot of the pipette filling with golden serum before she places several drops onto her forehead, cheeks, and chin. She gently presses the serum into her skin using slow upward motions while cinematic lighting highlights the healthy glow.

She reaches for a facial mist and sprays a fine refreshing mist over her face. Slow-motion close-ups capture tiny droplets floating through the sunlight before settling naturally onto her skin.

She applies a lightweight moisturizer across her face and neck with smooth upward strokes, followed by a small amount of eye cream gently tapped beneath both eyes. She finishes with a nourishing lip balm, completing the routine with graceful movements.

She looks into the mirror, smiles with satisfaction, softly brushes a loose strand of hair behind her ear, then turns toward the camera with radiant glowing skin. She gives a warm, confident smile and makes a subtle ""finished"" gesture with her hands before the camera slowly pulls back, revealing the elegant bathroom.

The final hero shot showcases all the premium skincare products beautifully arranged on the marble countertop while she stands softly out of focus in the background, smiling naturally.

Natural ambient audio only: gentle running water, bottle caps opening, serum dropper clicks, facial mist spraying, towel rustling, soft footsteps, subtle room ambience, birds chirping outside the window, and light ventilation sounds. No background music, no dialogue, no subtitles, no logos, no watermarks, and absolutely no on-screen text. Premium commercial-quality cinematography, smooth handheld and gimbal camera movement, physically accurate lighting, realistic skin texture, shallow depth of field, luxury beauty advertising style, warm natural colour grading, 16 :9 widescreen, 4K HDR."
renoise-2081589778496241701,Cinematic 15-second sequence inside a bright modern Japanese university…,,真人,特效向,超现实创意,,ja,Seedance 2.0,link-only,sexual,renoise-ai/awesome-seedance-prompts,https://github.com/renoise-ai/awesome-seedance-prompts/blob/904b6caffa21c2b114bb93e1bd0e37ba80b3dd10/data/prompts/2081589778496241701.json,CC-BY-4.0,MrDejie,https://x.com/mrdejie/status/2081589778496241701,True,prompts/真人/特效向/超现实创意/renoise-2081589778496241701--Cinematic-15-second-sequence-inside-a-br.md,
renoise-2081600803132125676,"Create a 15 second, 16:9 photorealistic nighttime discovery film built around…",,真人,特效向,超现实创意,,en,Seedance 2.0,,,renoise-ai/awesome-seedance-prompts,https://github.com/renoise-ai/awesome-seedance-prompts/blob/904b6caffa21c2b114bb93e1bd0e37ba80b3dd10/data/prompts/2081600803132125676.json,CC-BY-4.0,MrDejie,https://x.com/mrdejie/status/2081600803132125676,True,"prompts/真人/特效向/超现实创意/renoise-2081600803132125676--Create-a-15-second,-16-9-photorealistic.md","Create a 15 second, 16:9 photorealistic nighttime discovery film built around an unbranded early-2000s silver MiniDV camcorder with a flip-out LCD. The physical camcorder dominates the foreground; its LCD stays tack-sharp while the real people and jungle location behind it fall into creamy shallow-focus blur. Keep one continuous believable handheld setup: close to the camcorder, drifting, breathing and making tiny human corrections, never gimbal-smooth.
0.0–1.3s Extreme close foreground view of the closed LCD panel and the operator’s fingers. Under warm firelight and cool moonlight, the hand flips the screen open toward camera. Focus snaps naturally from the camcorder shell to the glowing LCD. Behind it: a remote indigenous tribe gathered in a jungle clearing at night, dark canopy and towering trees, all soft and indistinct.
1.3–3.5s The LCD shows two tribal men and a young woman crowding the MiniDV lens, curious and cautious, exchanging quick glances and small hand gestures while leaning close. Inside the LCD use authentic low-resolution CCD video: harsh direct-camera light, clipped skin highlights, warm reds from fire, cool cyan shadows, fine chroma noise, mild scanline texture and tiny unreadable REC/timecode icons. The exterior world stays warmer and softer, creating a convincing screen-within-screen contrast.
3.5–5.8s The operator subtly pivots right. Parallax shifts the LCD across frame while a tribesman wearing traditional woven cloth and body paint drifts through the blurred background. On the LCD, cut naturally to a low-angle wide-lens clip of a young tribeswoman crouching and slowly moving toward the lens. Allow slight exposure pumping and imperfect autofocus.
5.8–8.2s Continue the handheld orbit. A bright campfire blooms near the top edge, producing mild halation and realistic flare. The LCD shows several tribe members standing shoulder-to-shoulder, observing the camera with quiet intensity, occasionally shifting or exchanging looks, never staged or choreographed.
8.2–10.8s More people enter the soft background; one briefly passes close enough to become a large blurred shape. Keep the camcorder body on the right edge and LCD near center. Inside the LCD, jump between quick candid portraits: an elder looking steadily into the lens, a young man turning his head, then a small group of women and children leaning together. Cuts happen only inside the LCD while the outer shot remains continuous.
10.8–13.0s The operator dips the camcorder slightly, then corrects upward. Warm firelight flares from lower frame. LCD color briefly shifts greener and darker like an old auto-white-balance error, then recovers. Add one very brief analog video hiccup; no digital VFX, floating graphics or impossible distortion.
13.0–15.0s Finish on three or four tribe members bunching into the MiniDV frame, watching the camera with quiet curiosity as the real background group mirrors their energy in blur. End with a tiny handheld push toward the LCD and natural highlight bloom from the fire.
VISUAL RULES: 24fps outer capture, 1/48 shutter feel, 35–50mm full-frame look, f/1.8–2.2, handheld micro-jitter, subtle rolling shutter during faster pivots, fine high-ISO grain, realistic skin, true fabric and body-paint texture, practical firelight mixed with cooler moonlight. No plastic skin, warped hands, duplicated people, morphing faces, floating objects, synthetic bokeh, perfect symmetry or glossy CGI. The MiniDV LCD must emit believable light and clearly look like footage from an older camera."
renoise-2081609812174131643,15 seconds | 16:9 | live-action military drama,,真人,现实向,剧情短片,,en,Seedance 2.0,,,renoise-ai/awesome-seedance-prompts,https://github.com/renoise-ai/awesome-seedance-prompts/blob/904b6caffa21c2b114bb93e1bd0e37ba80b3dd10/data/prompts/2081609812174131643.json,CC-BY-4.0,ᴍᴜʀᴘʜʏ,https://x.com/Diplomeme/status/2081609812174131643,True,prompts/真人/现实向/剧情短片/renoise-2081609812174131643--15-seconds-16-9-live-action-military-dra.md,"15 seconds | 16:9 | live-action military drama
Fictional dramatization. Documentary-style visual realism.

SETTING
A fictional frontline environment during an Iran–Israel military confrontation.
[desert / damaged urban outskirts / mountain road / military checkpoint].
Time: [dawn / midday / dusk / night].
Dry air, dust, distant smoke and realistic background activity.

FORCES
Two clearly distinguishable military groups representing opposing Iranian and Israeli forces.

Maintain consistent uniforms, equipment, vehicles and character identities throughout the sequence.
Human behaviour remains grounded and restrained.

STORY

00–04s — ESTABLISHING
Wide observational shot establishing both sides separated across the environment.

Personnel move into positions while vehicles and environmental activity remain visible in the distance.

Camera slowly advances from a believable documentary position.

Natural wind moves clothing, dust and vegetation.

00–08s — TENSION
Cut to a closer handheld perspective following personnel moving through cover.

They communicate through gestures and short commands.

Camera operator follows behind with natural footsteps, small framing corrections and realistic motion blur.

Dust reacts naturally to movement.

08–12s — CLASH
The confrontation begins.

Show confusion, rapid movement, personnel taking cover and environmental reactions from distant impacts.

Keep geography readable so both sides remain spatially consistent.

Camera reacts naturally to sudden events rather than anticipating them.

Avoid graphic injuries or gore.

12–15s — AFTERMATH
Camera settles behind cover.

Dust and smoke drift through the environment while distant movement continues.

One person cautiously looks toward the opposing position.

End on unresolved tension rather than a stylized victory pose.

CAMERA
Grounded conflict-documentary cinematography.

Mix:
wide environmental coverage
medium handheld following shots
brief close reaction shots

Natural handheld instability.
Realistic operator movement.
Plausible camera positions.
No impossible drone transitions.
No excessive slow motion.

LIGHTING
Lighting originates from the actual environment.

Natural exposure changes when moving between sunlight, shadow, smoke and interiors.
Realistic highlight roll-off.
Deep but detailed shadows.
No artificial rim lighting around characters.

PHYSICS
Real gravity and momentum.

Feet maintain contact with terrain.
Equipment has believable weight.
Dust reacts to footsteps and vehicle movement.
Clothing responds to wind and body movement.
Smoke follows environmental airflow.
Characters physically interact with walls, vehicles and terrain.

HUMAN PERFORMANCE
Restrained, believable behaviour under extreme stress.

Heavy breathing.
Quick visual checks of surroundings.
Small posture adjustments.
Natural hesitation and urgency.
No heroic posing or exaggerated action-movie gestures.

AUDIO
Dry wind and distant environmental ambience.
Boots against gravel and concrete.
Equipment and clothing movement.
Vehicle engines at realistic distance.
Short shouted commands.
Distant impacts with appropriate acoustic delay and environmental reflections.

No oversized Hollywood trailer effects.

VISUAL CHARACTER
Photorealistic live-action footage.
Observational war-documentary character.
Natural skin texture.
Realistic fabric and material response.
Subtle sensor noise.
Natural motion blur.
Imperfect handheld framing.

Avoid:
video-game aesthetics
CGI appearance
excessive HDR
oversaturated fire
impossible explosions
floating debris
perfectly choreographed movement
beauty-filter faces
graphic gore

CONTINUITY
Maintain character identity, uniforms, equipment, terrain and lighting between shots.

Preserve geographic orientation and screen direction.

Every action begins from the physical state established by the previous shot."
renoise-2081620203834929373,"Gritty 16mm cinéma vérité documentary, authentic 1970s Paris, captured on…",,真人,现实向,年代怀旧,,en,Seedance 2.0,,,renoise-ai/awesome-seedance-prompts,https://github.com/renoise-ai/awesome-seedance-prompts/blob/904b6caffa21c2b114bb93e1bd0e37ba80b3dd10/data/prompts/2081620203834929373.json,CC-BY-4.0,Oogie,https://x.com/oggii_0/status/2081620203834929373,True,"prompts/真人/现实向/年代怀旧/renoise-2081620203834929373--Gritty-16mm-cinéma-vérité-documentary,-a.md","Gritty 16mm cinéma vérité documentary, authentic 1970s Paris, captured on vintage 16mm film. Heavy organic film grain, pure natural daylight, shoulder-mounted handheld camera with pronounced shake, no stabilization, subtle focus breathing and soft focus falloff, delicate light leaks, authentic film weave, raw yet elegant realism, lived-in atmosphere.

0–3s – Close Handheld Tracking Shot: A young woman in her mid-20s with a completely natural face, no makeup, soft features, wind-tousled hair, wearing a simple 1970s coat and scarf. She walks past a small flower shop on a quiet Paris side street. The camera stays close to her profile and upper body as she slows for a brief moment, glances at the flowers, then turns her eyes toward the camera with a calm, unguarded expression. Her beauty feels effortless, natural, and understated.

3–7s – Unsteady Following Shot: She continues walking into a lively, sunlit Paris square. The camera follows from behind and slightly to one side, bouncing naturally with every step. Children run and play around her, pigeons scatter into the air, pedestrians weave through the scene, and warm daylight fills the square with constant movement and energy. The atmosphere is vibrant, spontaneous, and unmistakably Parisian.

7–11s – Handheld Medium Shot: A group of children chasing a ball suddenly rushes across her path. One nearly bumps into her, causing her to step aside with quiet grace. She lets out a soft laugh and briefly exchanges a warm, genuine glance with the child before continuing. The bustling square remains alive with motion and everyday activity.

11–15s – Raw Handheld Tracking Shot: She continues across the square while the camera follows closely, never perfectly steady. The remaining energy of the children lingers in the background as shifting sunlight plays across her face. The shot embraces the imperfect rhythm of handheld documentary filmmaking, capturing the authentic pulse of everyday life in 1970s Paris without ever feeling staged.

Photorealistic 16mm film emulation, heavy organic grain, authentic 1970s Paris architecture and street details, natural skin texture, imperfect handheld camera physics, subtle film weave, coherent motion, realistic depth of field, true cinéma vérité aesthetic, no digital artifacts, 4:3 aspect ratio."
renoise-2081625711790768631,"15-second vertical 9:16 hyper-realistic K-pop idol dance performance, filmed as…",,真人,现实向,音乐MV,,ko,Seedance 2.0,,,renoise-ai/awesome-seedance-prompts,https://github.com/renoise-ai/awesome-seedance-prompts/blob/904b6caffa21c2b114bb93e1bd0e37ba80b3dd10/data/prompts/2081625711790768631.json,CC-BY-4.0,C,https://x.com/cso6709/status/2081625711790768631,True,prompts/真人/现实向/音乐MV/renoise-2081625711790768631--15-second-vertical-9-16-hyper-realistic.md,"15-second vertical 9:16 hyper-realistic K-pop idol dance performance, filmed as one seamless continuous take with no cuts, transitions, camera resets, morphing, or scene changes.

SETTING:
Golden-hour daylight on the Champ de Mars lawn in Paris. The Eiffel Tower rises clearly behind the performer, with realistic scale and perspective. Green grass, symmetrical tree lines, a pale blue sky, and only a few distant softly blurred visitors. The location, sunlight, Eiffel Tower position, and background remain completely stable.
MAIN CHARACTER:
The exact same beautiful Korean woman in her 20s from the reference image. Preserve her identical face, tall slim proportions, long softly waved black hair, natural skin texture, and subtle makeup throughout.

Her outfit remains completely unchanged: charcoal-brown asymmetric off-shoulder fitted top with dark lace trim, layered silver pendant necklaces, low-rise white tailored mini shorts with intricate lace overlay and long cascading lace panels, and slouchy black open-toe heeled boots. No handbag, no sunglasses, no additional accessories.
She performs an original high-energy K-pop-inspired choreography—not copied from any existing artist, song, or music video. Her movement is polished, rhythmic, charismatic, and physically believable. Her boots maintain firm contact with the grass, with clear weight transfer, balance correction, and natural body momentum.

00:00–00:03 — OPENING HOOK
Begin with a tight chest-up frontal shot as she looks confidently into the lens. On the first beat, she snaps her shoulders sideways, traces one hand sharply across her neckline, then throws both arms outward. The camera smoothly retreats, revealing her full outfit and the Eiffel Tower. Her necklaces swing from the sudden movement and her hair lifts in the breeze.

00:03–00:07 — FAST FOOTWORK
Now fully framed from head to boots, she performs quick side steps, a crossed-leg step, alternating hip accents, and precise angular arm movements. The camera tracks backward at her speed while gently arcing toward her left side. Every boot impact compresses the grass slightly; the long lace panels trail behind, flex, twist, and settle according to her direction changes.

00:07–00:11 — SIGNATURE TURN
She plants one boot, executes a fast controlled half-turn, whips her long hair around, then immediately flows into a smooth body wave from shoulders through hips. The camera continues the same physical arc around her, briefly reaching a three-quarter side angle before returning toward the front. Sunlight flashes through the moving lace, revealing its fine translucent texture.
00:11–00:13 — POWER MOVE
She steps aggressively toward the camera, performs two synchronized arm hits, a sharp hip shift, then drops briefly into a low balanced stance. The camera descends slightly with her movement, creating a powerful low three-quarter angle while keeping her face, hands, and both boots visible.

00:13–00:15 — FINAL POSE
She rises on the final beat, crosses one leg forward, places one hand near her waist, and extends the other diagonally upward. Her hair and lace panels continue moving for a moment before naturally settling. The camera smoothly pulls back into a clean full-body hero frame with the Eiffel Tower centered behind her. She holds direct eye contact and finishes in a confident K-pop idol pose.
CAMERA AND LIGHTING:
One physically continuous stabilized camera path: tight frontal push-out → full-body backward tracking → gentle side orbit → slight descent → final pullback. No teleporting between angles. Preserve realistic facial detail during movement with controlled autofocus and subtle motion blur only on fast limbs and hair. Warm sunlight comes consistently from camera-left, producing soft grass shadows, golden highlights on her hair, and delicate light passing through the white lace.

AUDIO:
Original upbeat K-pop-inspired instrumental at approximately 128 BPM, with punchy electronic drums, bass, bright synth accents, and no recognizable melody or lyrics. Choreography hits synchronize precisely with the beat. Layer subtle boot impacts, fabric movement, necklace rattle, wind through the grass, and distant Paris park ambience beneath the music.
CONSTRAINTS:
Maintain one identical woman, face, hairstyle, body proportions, outfit, Eiffel Tower background, and lighting throughout. No handbag, sunglasses, wardrobe changes, extra dancers, duplicated limbs, distorted hands, floating feet, sliding boots, impossible spins, random slow motion, readable text, captions, logos, watermarks, or commercial signage. Not animation, illustration, CGI, game graphics, or beauty-filtered footage."
renoise-2081630791210262774,"Create a 15 second, 16:9 photorealistic cinematic fashion design documentary…",,真人,现实向,时尚写真,,en,Seedance 2.0,,,renoise-ai/awesome-seedance-prompts,https://github.com/renoise-ai/awesome-seedance-prompts/blob/904b6caffa21c2b114bb93e1bd0e37ba80b3dd10/data/prompts/2081630791210262774.json,CC-BY-4.0,BMX,https://x.com/bmx_ai13/status/2081630791210262774,True,"prompts/真人/现实向/时尚写真/renoise-2081630791210262774--Create-a-15-second,-16-9-photorealistic.md","Create a 15 second, 16:9 photorealistic cinematic fashion design documentary about one original idea: a young independent designer turns textures found in the city into a finished utility jacket. Do not reproduce any existing campaign, logo, magazine, artwork, garment graphic or recognizable branding.

SUBJECT: One consistent male designer, late twenties, lean build, warm medium skin, short textured dark hair, clean shaven. He wears an unbranded charcoal overshirt, faded olive T-shirt, relaxed stone trousers and simple black leather shoes. Keep his face, proportions, wardrobe and hairstyle identical throughout. Natural skin texture, realistic hands, no model posing.

VISUAL LANGUAGE: Premium contemporary design documentary, tactile and observational. Neutral concrete grey, olive, cream and muted cobalt palette. Soft daylight mixed with warm workshop practicals. Fine grain, gentle highlight roll-off, slight sensor noise, mild focus breathing. 24fps, 180-degree shutter. Use 35mm/50mm for environments and human work, 85–100mm macro for materials and machinery. Camera movement feels human: subtle handheld drift, imperfect reframing, natural rack focus. Avoid artificial HDR, hyper-smooth gimbals, CGI clean surfaces or impossible transitions.

0.0–2.0s Early morning industrial street. Low handheld tracking beside the designer as his fingers brush weathered concrete, oxidized metal and rough stone. Side sunlight reveals scratches and surface detail. He photographs one texture with a compact camera.

2.0–4.0s Quiet workshop. Overhead table with blank kraft paper, raw fabric swatches, thread, graphite pencils, scissors and perforated metal. He places texture references down and compares materials by touch. No readable text.

4.0–5.8s Extreme macro of charcoal ripstop, cream canvas, loose fibres and perforated metal casting patterned shadows across cloth. Fingers bend and overlap samples naturally. Slow manual rack focus, shallow depth.

5.8–7.8s Medium side shot. He draws an original utility jacket silhouette on kraft pattern paper. Pencil pressure varies, ruler slips slightly, sleeve brushes the page. Warm desk lamp mixes with cool window light.

7.8–9.6s Close handheld view of paper pattern pieces over dark fabric. Tailor’s chalk marks one curved line. Heavy metal scissors make two deliberate cuts; cloth bunches and relaxes with believable weight.

9.6–11.7s Small sewing workshop. Macro of an industrial needle joining charcoal panels. Cut to fingers folding a pocket edge, then a matte gunmetal snap pressed into fabric. Show tiny fibres, machine vibration and authentic mechanics.

11.7–13.5s He lifts the nearly finished jacket and checks seam alignment. Camera makes a small imperfect arc around his shoulder. Soft backlight catches the fabric edge and reveals weave. No label or branding.

13.5–15.0s Rooftop at blue hour. The same designer wears the finished charcoal utility jacket over the same olive shirt and trousers. Wide 35mm profile against an anonymous skyline. Gentle wind moves the jacket naturally. Slow handheld push forward, then hold for the final half-second. No titles or logos.

MUSIC: Original minimalist instrumental around 104 BPM: soft dry kick, brushed percussion, muted bass, sparse felt-piano notes and subtle analogue texture. Restrained, modern, never epic.

SOUND DESIGN: Blend realistic field sound beneath the music: fingers scraping concrete, camera shutter, fabric rubbing, pencil scratches, scissors cutting, sewing-machine rhythm, metal snap press and rooftop wind. Sync a few sounds naturally to the beat.

REALISM: Stable facial identity, correct anatomy, realistic fabric physics, natural hands, believable sewing mechanics, true shadows and reflections. No morphing, duplicate tools, fake typography, wardrobe changes, plastic skin or over perfect compositions."
renoise-2081633957011919241,"DV 16mm handheld tape camcorder POV by CHASE, who naturally films herself while…",,真人,特效向,动作大片,,en,Seedance 2.0,link-only,hate,renoise-ai/awesome-seedance-prompts,https://github.com/renoise-ai/awesome-seedance-prompts/blob/904b6caffa21c2b114bb93e1bd0e37ba80b3dd10/data/prompts/2081633957011919241.json,CC-BY-4.0,Anissa,https://x.com/SimplyAnnisa/status/2081633957011919241,True,prompts/真人/特效向/动作大片/renoise-2081633957011919241--DV-16mm-handheld-tape-camcorder-POV-by-C.md,
renoise-2081634607301378214,15-second vertical 9:16 hyper-realistic cinematic jungle dirt-ATV race…,,真人,特效向,动作大片,,ko,Seedance 2.0,,,renoise-ai/awesome-seedance-prompts,https://github.com/renoise-ai/awesome-seedance-prompts/blob/904b6caffa21c2b114bb93e1bd0e37ba80b3dd10/data/prompts/2081634607301378214.json,CC-BY-4.0,C,https://x.com/cso6709/status/2081634607301378214,True,prompts/真人/特效向/动作大片/renoise-2081634607301378214--15-second-vertical-9-16-hyper-realistic.md,"15-second vertical 9:16 hyper-realistic cinematic jungle dirt-ATV race, presented as a tightly connected high-speed multi-shot sequence. Every cut is motivated by mud, foliage, or a vehicle passing close to the lens. Maintain one continuous course, stable travel direction, vehicle identity, rider identity, lighting, accumulated mud, and race positions.
SETTING:
A narrow tropical jungle trail immediately after heavy rain. Deep tire ruts, thick wet mud, reflective puddles, exposed tree roots, raised dirt banks, hanging vines, broad leaves, humid mist, and dense vegetation. Strong late-afternoon sunlight penetrates the canopy in narrow volumetric beams. The entire race stays inside one geographically connected trail.
RACERS:
Exactly two ATVs only.
Main racer: one powerful red four-wheel ATV with compact red body panels, black frame, large mud tires, and no logos. Its rider wears a black-and-red full-face helmet, black protective riding suit, gloves, and boots.
Rival: one yellow four-wheel ATV with black frame and large mud tires. Its rider wears a black-and-yellow full-face helmet and matching protective suit.
The yellow ATV begins half a vehicle length ahead. The red ATV starts behind, draws alongside, then finishes clearly ahead. Do not reverse or reset these positions.
LAYER SYSTEM:
Foreground layer: wet leaves, hanging vines, near-lens mud clumps, water droplets, and passing branches.
Subject layer: the red ATV, yellow ATV, and their riders.
Physical wake layer: directional mud spray, tire-thrown water, humid mist, disturbed leaves, and compressed tire tracks.
Time-echo layer: only during the red ATV’s jump, exactly three faint translucent traces mark its previous positions at 0.15-second intervals. They are motion history, not duplicate vehicles, and collapse into the real ATV upon landing.
Background layer: deep jungle canopy, large roots, atmospheric mist, and moving sunlight shafts.
00:00–00:03 — VIOLENT LAUNCH
Open on an extreme ground-level close-up of the red ATV’s rear tire. The rider twists the throttle; engine torque spins the tire, the tread bites into wet soil, the suspension squats, and thick mud explodes backward across the foreground. The camera pulls slightly wider to reveal the yellow ATV already half a length ahead as both accelerate into the same trail. Mud droplets strike the lens and motivate the next angle.
00:03–00:06 — JUNGLE CHASE
Cut through the mud occlusion into a low rear chase shot. The yellow ATV leads while the red ATV rapidly closes from directly behind, shifting left and right to search for an opening. Wet leaves and vines whip past the foreground, briefly occluding the racers without hiding their positions. Tires flex through the ruts, suspensions bounce independently, and both riders lean naturally to counter the uneven terrain. Sunlight flickers across the vehicles as they pass beneath gaps in the canopy.
00:06–00:09 — PUDDLE ATTACK
A passing leaf creates a motivated cut to an ultra-low side angle beside a large mud puddle. The yellow ATV enters the deepest section; its front tires strike the water and throw a heavy curved wall of muddy spray toward the red ATV. The red rider visibly reacts, shifts body weight left, steers onto the raised dirt bank, and narrowly avoids the main splash. Water and mud strike the lens while loose leaves fall from the pressure and vibration.
00:09–00:12 — BANK JUMP AND OVERTAKE
Transition through the muddy lens into a side-tracking shot. The red ATV climbs the bank, its tires compress against a thick exposed root, and the root acts as a visible launch ramp. The suspension releases stored force and throws the red ATV into a short controlled jump above the lower trail. Brief slow motion begins. Exactly three translucent time echoes trail behind the real red ATV, showing its previous airborne positions. The echoes remain faint, aligned with the jump arc, and never move independently. Below, the yellow ATV loses speed in the puddle while the red ATV advances from behind to alongside and then slightly ahead. Mud, water, and leaves follow realistic ballistic arcs.
00:12–00:15 — LANDING AND ESCAPE
Return instantly to full speed. The red ATV lands half a vehicle length ahead; both front tires contact first, the suspension compresses deeply, the chassis rebounds once, and the rider absorbs the impact with bent arms and knees. All three time echoes collapse cleanly into the real red ATV at contact. The rear tires regain traction and launch a final fan of mud toward the lens as the red ATV accelerates through a tunnel of giant roots. The camera remains at ground level and stops moving while the red ATV pulls decisively away and the yellow rival recedes behind.
CAMERA AND LIGHTING:
Use tire-level macro, low rear chase, puddle-side ground view, side-tracking jump shot, and final stationary ground-level release. Preserve the forward direction of both ATVs in every angle; side views always travel left to right. Use controlled high-speed motion blur tied to vehicle speed, realistic lens droplets, camera vibration from nearby impacts, and brief rack focus between foreground mud and the racers. Warm sunlight always comes through the canopy from camera-left, illuminating mist, droplets, and airborne mud without changing direction.
PHYSICS:
Tires must grip, slip, deform, and displace mud according to throttle and terrain. Suspensions compress on roots, ruts, launch, and landing. Riders react with realistic weight transfer, steering input, arm tension, and balance correction. Mud has heavy wet mass, water has fluid cohesion and splash momentum, leaves move only from contact, airflow, or pressure from the ATVs.
AUDIO:
No music. Continuous aggressive ATV engine performance, throttle rise, tire churn, wet mud impacts, suspension clunks, engine load changes, puddle explosions, branch strikes, Doppler pass-bys, wind rush, helmet breathing, and dense jungle ambience. Stretch the engine tone slightly during the short airborne slow motion, then snap back to full-frequency sound on landing.
CONSTRAINTS:
Exactly two ATVs and two riders. No extra racers, passengers, spectators, crashes, injuries, explosions, weapons, ramps appearing from nowhere, reversed travel, duplicated wheels, vehicle morphing, position resets, independent ghost vehicles, floating mud, impossible jumps, or weightless suspension. No readable text, captions, subtitles, logos, brand marks, watermarks, animation, illustration, CGI, game graphics, or artificial storyboard panels."
renoise-2081635767458443768,Create a 15-second photorealistic cinematic disaster-thriller video with…,,真人,特效向,动作大片,,en,Seedance 2.0,,,renoise-ai/awesome-seedance-prompts,https://github.com/renoise-ai/awesome-seedance-prompts/blob/904b6caffa21c2b114bb93e1bd0e37ba80b3dd10/data/prompts/2081635767458443768.json,CC-BY-4.0,PSS,https://x.com/PromptSin/status/2081635767458443768,True,prompts/真人/特效向/动作大片/renoise-2081635767458443768--Create-a-15-second-photorealistic-cinema.md,"Create a 15-second photorealistic cinematic disaster-thriller video with coherent characters, realistic animal behavior, physically convincing ocean motion and synchronized environmental sound.

[CHARACTERS]
A young adult couple in casual beach clothes and their friendly adult Golden Retriever. Preserve the same faces, clothing, body proportions and dog appearance throughout the entire video.

[LOCATION]
A peaceful, nearly empty beach in late-afternoon light. Pale sand, calm blue water, a few distant rocks and low dunes behind the couple. No city skyline, crowds, boats or buildings.

[SEQUENCE]

0–3 seconds — CALM
Wide handheld shot near ground level. The couple sits together on a beach blanket while their Golden Retriever rests beside them facing the sea. Gentle waves, soft wind, distant gulls and warm natural sunlight. The mood is quiet and safe.

3–6 seconds — WARNING
The dog suddenly stands, fixes its gaze on the horizon and barks repeatedly at the ocean. Its ears and body become tense. The couple first looks at the dog, confused, then follows its gaze. The camera moves closer with subtle handheld urgency. The normal beach ambience begins to fade beneath a distant low-frequency rumble.

6–9 seconds — REVEAL
Over-the-shoulder shot from behind the couple and dog. Far offshore, the horizon rises into an enormous dark-blue tsunami wall stretching across the frame. The wave is still distant but advancing rapidly, with white spray along its crest and seabirds fleeing inland. The couple jumps to their feet in shock. Realistic scale, water physics and atmospheric haze.

9–12 seconds — ESCAPE
Dynamic handheld tracking shot as the couple runs toward the dunes with the Golden Retriever sprinting beside them. Sand kicks up under their feet. One person briefly looks back while running. The growing roar of the water overwhelms the wind and gulls. Strong camera shake caused by running, but subjects remain readable and anatomically coherent.

12–15 seconds — FINAL APPROACH
The camera turns back toward the ocean from close to the shoreline. The colossal tsunami now fills almost the entire sky, its shadow sweeping across the sand. Water pulls violently away from the beach as foam and debris race seaward. The towering wall curls forward and is about to crash onto the shore. End on the split second before impact with a sharp cut to black. Do not show anyone being struck, injured or submerged.

[VISUAL STYLE]
Premium disaster-film realism, natural skin and fur texture, physically accurate water, believable scale, dramatic but realistic lighting, controlled motion blur, subtle film grain, high dynamic range, coherent geography and continuous escalation. Begin with calm stable framing and progressively increase handheld urgency.

[AUDIO]
Soft waves, wind and gulls at the start; clear dog barks; a distant sub-bass ocean rumble growing rapidly; hurried footsteps, breathing and collar movement during the escape; overwhelming water roar at the end; abrupt silence on the cut to black. No dialogue, narration or music.

[NEGATIVE]
No text, captions, logos or watermark. No duplicated people or dogs, changing clothes, breed changes, deformed anatomy, extra limbs, floating objects, impossible wave geometry, miniature-looking water, city destruction, visible injuries, bodies, gore or impact on the characters. Do not show the tsunami making landfall; end immediately before it breaks."
renoise-2081641201737109702,"@image1(完全按照该参考图呈现,不进行任何重新设计)紫发女子雷电形态,发光蓝瞳,黑色战斗服。武器锁定:仅使用双手缠绕蓝色雷电的猫爪,全程徒手爪击,绝不持有…",,漫剧,特效向,武侠打斗,2D日漫,en,Seedance 2.0,,,renoise-ai/awesome-seedance-prompts,https://github.com/renoise-ai/awesome-seedance-prompts/blob/904b6caffa21c2b114bb93e1bd0e37ba80b3dd10/data/prompts/2081641201737109702.json,CC-BY-4.0,Cia0,https://x.com/Cia0_exe/status/2081641201737109702,True,"prompts/漫剧/特效向/武侠打斗/renoise-2081641201737109702--image1-完全按照该参考图呈现,不进行任何重新设计-紫发女子雷电形态,发光蓝.md","@image1(完全按照该参考图呈现,不进行任何重新设计)紫发女子雷电形态,发光蓝瞳,黑色战斗服。武器锁定:仅使用双手缠绕蓝色雷电的猫爪,全程徒手爪击,绝不持有任何刀剑或其他武器,双手始终为爪形。

@image2(完全按照该参考图呈现,不进行任何重新设计)红发剑士,红黑花纹和服。武器锁定:全程双手各持一把katana,右手赤红「红莲」灼热刀身,左手银白「白雪」冰寒刀身,两把刀始终握在手中不脱手不消失,数量恒为两把不多不少。

场景:晴朗蓝天下的浅水湖面,水面如镜倒映白云,阳光强烈明亮。

画面风格:2.5D剧场版动漫,赛璐璐上色配厚涂光影,线条锐利,蓝红银三色为唯一主色。

武器铁律:红发角色永远双刀在手,紫发角色永远赤手爪击,两者武器形态在任何镜头中都不得互换、增减、脱手或变形。紫发的攻击必须全部由手爪发出,红发的攻击必须全部由双刀发出。

三种攻击的视觉语言必须严格区分:红莲刀划出赤红灼热拖影,刀锋掠过之处水面瞬间蒸发升起白色蒸汽;白雪刀划出银白冷冽细锐光轨,所经之处水珠短暂凝结成冰晶悬浮;雷电爪划出四道平行蓝色电痕,击中处爆开放射状电弧。

连续性铁律:每一个镜头必须从上一镜头的最后一帧动作直接接续,全程无任何停顿、无对峙、无静止蓄力、无收招定格,0到15秒全部是交战中的画面,一气呵成。

总时长:15秒,16:9横屏,4K,24帧

0到2秒,低角度贴水面镜头静止:开场即是交锋中,红发双手持刀,右手红莲自上劈落,紫发张开十指以交叉双爪硬接刀锋,接触点爆出蓝红交织的火花,红莲的高温使脚下水面滋滋蒸发,白色蒸汽自两人之间升腾而起。

2到4秒,侧面平移镜头承接蒸汽升腾:镜头横向平移穿过蒸汽,紫发压低身体自蒸汽下方钻出,右爪五指张开横扫,四道蓝色电痕撕开红发的和服袖口,红发双刀仍稳握手中未脱手,布料碎片与电光一同飞散。

4到6秒,过肩仰角镜头承接布料飞散:红发借被击中之势后仰旋身,左手白雪反手挥出,银白刀轨划过空中,沿途水珠瞬间凝成冰晶悬浮不落,一道细锐的血线自紫发脸颊裂开,紫发双手始终维持爪形未持任何武器。

6到8秒,环绕半圈镜头承接冰晶悬浮:镜头绕行半圈穿过悬浮冰晶,紫发双爪连续四次抓击,蓝色电痕在空中交错成网,红发以左右双刀分别格挡,每一次刀爪碰撞都击碎数颗冰晶,碎冰与电光同时炸散,两人脚下水面被踏出连续爆裂水花。

8到10秒,高空俯拍镜头承接水花爆裂:紫发全身雷电暴涨跃起,双爪十指并拢自上而下砸落,红发双刀交叉举过头顶硬接,巨响中整片水面以两人为中心呈环形被推开露出湖底,红蓝双色光波向四周扩散。

10到12秒,极速贴身跟随镜头承接环形冲击波:全片最快剪辑,双方在冲击波中央高速换位互击五次,红发每一击皆为双刀交替挥砍,紫发每一击皆为双爪撕抓,红银双色刀轨与蓝色爪痕在空中交错成密集光网,残影分身重叠,蒸汽、冰晶、电弧三种特效同时残留空气中不散。

12到13.5秒,正面半速慢动作承接最后一次交错:两人自左右同时挥出决胜一击,红发双刀交叉斩下,紫发双爪迎面撕出八道电痕,接触瞬间插入一帧纯白冲击帧,随即紫白光爆膨胀吞噬画面。

13.5到15秒,光爆中持续交战镜头急速拉远:光爆尚未散去两人已再次撞在一起,红发的双刀与紫发的双爪在爆炸核心内反复交击迸出连串火花,湖水被彻底推开,云层被震出环形缺口,画面在两人仍在挥击的动作中直接切黑收尾。

持续累积特效全程不重置:白色蒸汽逐镜增多弥漫,悬浮冰晶持续累积不融化,空气中残留蓝色电弧越来越密,双方衣物破损与伤痕逐步增加,水面破坏范围持续扩大。

音效设计:0到2秒刀爪碰撞的金属摩擦与蒸汽嘶鸣,2到6秒布料撕裂与刀锋破空与冰晶脆响,6到8秒四连爪击与双刀格挡的密集撞击,8到10秒巨响与水面爆裂,10到12秒极速交击的连环脆响,12到13.5秒慢动作中声音拉长后的湮灭爆炸,13.5到15秒爆炸余响中持续的刀爪交击声直至切黑。

负面提示词:禁止紫发角色持有刀剑或任何武器,禁止红发角色徒手或使用爪击,禁止双刀脱手消失或数量变化,禁止两名角色的武器形态互换,禁止战斗中出现任何停顿对峙或静止蓄力,禁止出现收招或定格造型,禁止镜头与角色同时高速运动,禁止三种攻击特效混淆,红热银冷蓝电必须清晰可辨,禁止特效中途消失或重置,禁止角色面部与服装变形,禁止运镜角度重复,禁止画面失焦。"
renoise-2081643072178557070,Reality fractures into thousands of floating dimensions connected by enormous…,,真人,特效向,超现实创意,,en,Seedance 2.0,,,renoise-ai/awesome-seedance-prompts,https://github.com/renoise-ai/awesome-seedance-prompts/blob/904b6caffa21c2b114bb93e1bd0e37ba80b3dd10/data/prompts/2081643072178557070.json,CC-BY-4.0,ANKIT PATEL 🇮🇳 | AI,https://x.com/Ankit_patel211/status/2081643072178557070,True,prompts/真人/特效向/超现实创意/renoise-2081643072178557070--Reality-fractures-into-thousands-of-floa.md,"Reality fractures into thousands of floating dimensions connected by enormous twisting ribbons of light. Infinite mirrors reflect alternate universes where gravity, time, and perspective constantly transform. Gigantic human statues dissolve into flocks of birds before reassembling as celestial architecture. Floating clocks leak galaxies instead of sand while black holes bloom like flowers. Endless stairways spiral around shattered moons suspended inside transparent oceans. Massive abstract sculptures made from liquid chrome continuously morph into impossible forms. The camera performs dynamic cinematic movements with seamless drone dives, rotating orbit shots, impossible dolly zooms, and slow-motion transitions between collapsing realities. Rich monochromatic shadows contrast with bursts of electric blue, neon orange, emerald green, and cosmic purple. Dense volumetric atmosphere, cinematic haze, distorted reflections, chaotic textures, dreamlike visual effects, avant-garde surreal design language, hyper-realistic rendering, award-winning experimental cinema aesthetic, emotionally mysterious, visually overwhelming, ultra-detailed IMAX quality."
renoise-2081643626178736490,Create a 15-second hyper-realistic live-action cinematic video in 16:9 with…,,真人,现实向,剧情短片,,en,Seedance 2.0,link-only,hate,renoise-ai/awesome-seedance-prompts,https://github.com/renoise-ai/awesome-seedance-prompts/blob/904b6caffa21c2b114bb93e1bd0e37ba80b3dd10/data/prompts/2081643626178736490.json,CC-BY-4.0,WenvisAI⚡️,https://x.com/wenvis_ai/status/2081643626178736490,True,prompts/真人/现实向/剧情短片/renoise-2081643626178736490--Create-a-15-second-hyper-realistic-live.md,
renoise-2081645105983996279,参考视频：video ref.mp4,,真人,特效向,奇幻怪兽,,zh,Seedance 2.0,,,renoise-ai/awesome-seedance-prompts,https://github.com/renoise-ai/awesome-seedance-prompts/blob/904b6caffa21c2b114bb93e1bd0e37ba80b3dd10/data/prompts/2081645105983996279.json,CC-BY-4.0,小宇Chengzi,https://x.com/Chengzilhy/status/2081645105983996279,True,prompts/真人/特效向/奇幻怪兽/renoise-2081645105983996279--参考视频-video-ref.mp4.md,"参考视频：video ref.mp4
角色设计参考：@mayz.png
人物身份参考：@image1.png

生成一段 7秒、9:16竖屏的仙侠时尚视频，全程采用同一个连续镜头，一镜到底。
角色的完整服装、发型、头饰、首饰、鞋子、身材比例与整体造型严格参考 @mayz.png 并保持一致；人物脸型、五官、身份特征与识别度严格参考 @image1.png。即使拍摄角度和画面方向发生变化，也必须始终明确为同一个人物。不得改变服装结构、颜色、材质、发型或配饰位置。
整条视频的摄影机运动路径、人物动作节奏、迈步速度、镜头旋转时机、旋转方向、构图变化以及结尾姿势，严格参考 video ref.mp4 完整复刻，不得自行修改。

场景设置在清晨云海之上的白玉仙台。角色位于高山之巅的开阔白玉平台，地面为浅灰白色石材，带有柔和克制的反光。平台外是翻涌云海、青灰色远山与明亮清透的青蓝天空，远处可见轮廓简洁的白色仙门。白玉平台边缘与远山地平线必须清晰可见，作为摄影机旋转时稳定的空间参照。

清晨阳光从人物侧后方照来，在发丝、刺绣、透明披袖与层叠薄纱边缘形成柔和的浅金色轮廓光。贴近镜头的前景只保留少量严重失焦的白玉构件、青铜装饰边缘与零散浅色花瓣，不出现草地、密林或杂乱植物，也不能遮挡人物鞋子与裙摆。

镜头开始时，摄影机几乎贴近白玉地面，使用极低机位超广角镜头。靠近镜头的一只银色高跟凉鞋被透视夸张放大，占据画面前景。角色以自然速度从镜头上方迈步经过，她的双腿、层叠薄纱裙摆底部与飘动的披袖占据画面大部分区域。

摄影机随后平滑向上升起，镜头持续保持仰拍，并沿着角色的运动轨迹抬镜跟随，从鞋子、腿部和裙摆逐渐移动至她的腰部、上半身和面部。裙摆、披袖与发饰在自然移动和晨风中产生轻盈连续的飘动，服装结构必须始终稳定，不得变形或突然变化。

当角色面部在大约 1.8秒 时进入画面，摄影机在同一个连续镜头中突然快速进行一次顺时针90度光轴旋转，形成强烈、迅猛的“雷霆甩镜”效果，并伴随短暂、自然的方向性运动模糊。

旋转过程中，人物、白玉平台边缘、云海、远山、天空、仙门与全部环境必须保持同一空间关系，并跟随摄影机同步连续旋转，直到整个画面完全形成横向侧转构图。禁止只旋转人物、只旋转背景、跳过中间角度或直接切换到旋转后的画面。

摄影机旋转完成后，角色严格保持参考视频中的最终身体姿态、手部位置、眼神状态与停留节奏。人物表情自然、冷静、克制，带有清透仙气与高级时尚感，不增加额外动作。

全程禁止剪切镜头、硬切、隐藏切镜、闪白、黑帧、画面重置或更换机位。禁止换装、人物变脸、肢体变形、服装错乱、背景跳变、旋转方向错误或结尾姿势改变。

不添加背景音乐，只保留晨风声、轻微衣料与薄纱摩擦声、高空环境声以及鞋子踏过白玉地面的真实声音。"
renoise-2081647441993150635,Use the uploaded 5-year-old character the ONLY identity reference. Preserve the…,,真人,特效向,动作大片,,en,Seedance 2.0,link-only,copyrighted-character,renoise-ai/awesome-seedance-prompts,https://github.com/renoise-ai/awesome-seedance-prompts/blob/904b6caffa21c2b114bb93e1bd0e37ba80b3dd10/data/prompts/2081647441993150635.json,CC-BY-4.0,Muhammad Ali,https://x.com/I_Muhammadali44/status/2081647441993150635,True,prompts/真人/特效向/动作大片/renoise-2081647441993150635--Use-the-uploaded-5-year-old-character-th.md,
renoise-2081653420684091552,スタイル:実写映画。,,真人,现实向,剧情短片,,ja,Seedance 2.0,,,renoise-ai/awesome-seedance-prompts,https://github.com/renoise-ai/awesome-seedance-prompts/blob/904b6caffa21c2b114bb93e1bd0e37ba80b3dd10/data/prompts/2081653420684091552.json,CC-BY-4.0,とすくん,https://x.com/tokyo_Valentine/status/2081653420684091552,True,prompts/真人/现实向/剧情短片/renoise-2081653420684091552--スタイル-実写映画.md,"スタイル:実写映画。
BGM:なし

シーン1:
画像1、画像2、画像3のキャラクターが
走って丘の上に集合する。
画像4の丘の上で激しい喧嘩をする。

画像1のキャラクターの台詞「ぼくがイチバンだ！」

画像2のキャラクターの台詞「おれがイチバンだ！」

画像3のキャラクターの台詞「おれさまがイチバンだ！」

シーン2:

空の上に画像5のロゴがだけがトリミングされて
キャラクターの頭上に浮かび上がる。

カメラが切り替わる

喧嘩をしてもみ合いになり倒れる３体のキャラクター。

画像1のキャラクターの台詞「おや？こんなところにきれいな花が咲いているぞ」

画像6の花をキャラクター達が見つける。

シーン3:

画像1のキャラクターの台詞「なんてきれいな花なんだ！」

画像2のキャラクターの台詞「なんてきれいな花なんだ！」

画像3のキャラクターの台詞「なんてきれいな花なんだ！」

大きな地震がおきる。"
renoise-2081656335498719595,"a breathtaking cinematic fantasy scene, a stunningly gorgeous young woman in…",,真人,特效向,奇幻怪兽,,en,Seedance 2.0,,,renoise-ai/awesome-seedance-prompts,https://github.com/renoise-ai/awesome-seedance-prompts/blob/904b6caffa21c2b114bb93e1bd0e37ba80b3dd10/data/prompts/2081656335498719595.json,CC-BY-4.0,Mystique Licorne 🇨🇦,https://x.com/MystiqueLicorne/status/2081656335498719595,True,"prompts/真人/特效向/奇幻怪兽/renoise-2081656335498719595--a-breathtaking-cinematic-fantasy-scene,.md","a breathtaking cinematic fantasy scene, a stunningly gorgeous young woman in her 20's with long flowing red to black hair that dramatically fades into deep black at the ends, her hair wildly windswept by the storm, her body is wrapped in white string garment. She has pale flawless skin, dramatic sharp black winged eyeliner makeup. She floats high up in the cosmos in dark space, large translucent bubbles and water particles swirling around her, she illuminates her surroundings. Dramatic stormy scene where both below and above her are flat round portals, surrounded on the edges with heavy mist, the inside of the portals are filled with turquoise water and crashing waves with white foam as if it's trying to escape, she is suspended between both portals in mid-air, magical scene. Epic atmospheric lighting with strong contrast, dramatic turquoise highlights glowing against the dark stormy environment, cinematic composition, ultra-detailed, photorealistic textures, masterpiece, best quality"
renoise-2081657985336533471,"【Style】Epic Zodiac Clash, Live-Action VFX, Infernal Force vs Sacred Judgment…",,真人,特效向,动作大片,,en,Seedance 2.0,,,renoise-ai/awesome-seedance-prompts,https://github.com/renoise-ai/awesome-seedance-prompts/blob/904b6caffa21c2b114bb93e1bd0e37ba80b3dd10/data/prompts/2081657985336533471.json,CC-BY-4.0,KreviX,https://x.com/LadyyEth/status/2081657985336533471,True,"prompts/真人/特效向/动作大片/renoise-2081657985336533471--Style-Epic-Zodiac-Clash,-Live-Action-VFX.md","【Style】Epic Zodiac Clash, Live-Action VFX, Infernal Force vs Sacred Judgment, Gritty Battle-Worn Visual Quality, High-Speed Photography, Realistic Physical Destruction, Premium Fantasy Blockbuster.
【Duration】15 seconds
【Scene】A colossal ruined tribunal arena split between two powers. On the left, a scorched battlefield corridor of shattered iron, burning horned gates, cracked red stone, drifting embers, and impact craters. On the right, a sacred marble court with fractured pillars, floating scale fragments, luminous white floor sigils, suspended dust, and pale divine light. In the center, a broken judgment platform where red infernal force and silver-white sacred law collide.
【Characters (Humanized Description)】
Aries Champion: A brutal crimson warlord in black-red armor with broken horn motifs, broad shoulders, and a violent forward-driving presence. His armor glows through cracked magma-red seams, and he fights with a heavy Ram Breaker, a short brutal horned battering weapon of black metal, molten red fractures, and crushing close-range force.
Libra Champion: A calm sacred judge-warrior in silver-white ceremonial armor with symmetrical scale motifs, flowing pale fabric elements, and a cold expression of absolute control. Faint golden-white law sigils orbit around his body. He fights with a Balance Blade, a long elegant double-edged sword of white metal and luminous gold lines, perfectly symmetrical, precise, and severe.

[00:00-00:05]
Shot 1: Zodiac Awakening and Hero Introduction. Wide-angle / cinematic reveal shots.
【Aries Side】The camera opens on the Aries Champion standing inside a corridor of burning horned gates. He crushes a tiny glowing zodiac orb in his hand, the Aries symbol burning inside it. A violent red shock runs through his arm and instantly forges the Ram Breaker. Behind him, shattered iron gates slam open one after another, embers blasting through the air, and the cracked red stone floor fractures outward under raw impact pressure.
【Libra Side】The camera cuts to the Libra Champion standing in the sacred court. He crushes a tiny glowing zodiac orb in his hand, the Libra symbol shining inside. Rings of pale golden law-light unfold around his arm and instantly forge the Balance Blade. Behind him, the tribunal floor ignites with giant symmetrical scale sigils, and broken marble fragments slowly rise and hold in perfect balance in the air.

[00:05-00:10]
Shot 2: Fast Zodiac Close-Range Combat. Rapid action cuts, tight readable impacts.
【Action Design】Aries attacks first with brutal head-on force, driving forward with crushing short-range swings of the Ram Breaker. Libra remains composed, redirecting the attacks with precise sword angles, sliding parries, and severe counter-cuts. They exchange two to three clean close-range clashes. Aries uses explosive body-weight blows; Libra answers with balanced exactness and punishing timing.
【Physical Feedback】Each collision between Ram Breaker and Balance Blade creates violent impact feedback: sparks, red shock fractures in the floor, silver-white law flashes, shattered marble dust, and short pressure bursts ripping through the arena. Aries cracks stone with every hit; Libra’s counters slice through debris and freeze the momentum of the fight with impossible precision.

[00:10-00:15]
Shot 3: Ultimate Release and Final Winner Reveal. Extreme long shot / catastrophic judgment collision.
【Aries Ultimate】The Aries Champion slams the Ram Breaker into the ground and opens a corridor of colossal burning horn gates behind him. Through them surges a gigantic Infernal Ram Force, a compressed battering mass of horned red-black energy, fire, shattered iron, and unstoppable forward pressure, charging in a straight line to obliterate everything ahead.
【Libra Ultimate】The Libra Champion raises the Balance Blade and summons a massive Celestial Judgment Scale above the battlefield, a giant radiant structure of white-gold law, floating in the sky like a divine execution device. Two enormous luminous balance arms extend outward, and a colossal vertical judgment blade of pure law-light forms at the center.
【Clash】The Infernal Ram Force charges directly into the tribunal center, but the Celestial Judgment Scale activates first. Time seems to lock for one split second. The scale tilts, then snaps into perfect equilibrium, pinning the red force in place. The central judgment blade descends with overwhelming precision and splits through the Infernal Ram Force and the Aries Champion’s entire attack line. The battlefield erupts in a massive cross-shaped burst of red embers, white-gold law light, shattered iron, and broken stone.
【Ending】Libra wins. As the destruction clears, the horn-gate corridor has completely collapsed into burning debris. The Aries Champion is defeated and erased beneath the judgment impact. The Libra Champion remains standing alone at the center of the tribunal platform, sword lowered, surrounded by floating fragments of balanced marble and fading golden scale-light. The final frame holds on Libra as the victorious sign of absolute judgment.

【Audio】No dialogue. Quiet epic background music with a slow cinematic rise, restrained sacred choir texture, low percussion, and a victorious divine finish. Sound design emphasizes iron gate impacts, battering force, blade collisions, sacred law resonances, marble shattering, pressure bursts, and the final overwhelming judgment strike."
renoise-2081661227642863898,Create a 15-second photorealistic Korean Honey Butter Almond commercial using…,,其他,,广告带货,,en,Seedance 2.0,,,renoise-ai/awesome-seedance-prompts,https://github.com/renoise-ai/awesome-seedance-prompts/blob/904b6caffa21c2b114bb93e1bd0e37ba80b3dd10/data/prompts/2081661227642863898.json,CC-BY-4.0,Kent Dhani,https://x.com/kentdhani/status/2081661227642863898,True,prompts/其他/广告带货/renoise-2081661227642863898--Create-a-15-second-photorealistic-Korean.md,"Create a 15-second photorealistic Korean Honey Butter Almond commercial using @image1 only as the visual reference for the female model, yellow product package, coated almonds, home interiors, friends, ingredients, and scene progression. Convert it into continuous full-screen live-action footage without showing storyboard grids, numbers, timecodes, headings, captions, borders, or graphic overlays.

Begin with the yellow Honey Butter Almond package standing on a wooden bedside table in warm morning sunlight. A young Korean woman in a cream knit sweater later works at her laptop with the package beside her. Show a premium macro shot of her selecting one golden honey-butter-coated almond from a ceramic bowl.

Korean narration:

「기분 좋은 하루의 시작.」
「집중이 필요할 때, 달콤하고 고소하게.」

She tastes one almond naturally, smiles with satisfaction, and says:

「달콤하고 고소해서 자꾸 손이 가!」

Transition to a cozy gathering where she shares a bowl of almonds with two adult Korean friends. She says:

「맛있는 건 같이 먹어야지!」

Show the sealed yellow package sliding neatly into her cream canvas tote bag. At night, she relaxes on a sofa with a warm drink and calmly enjoys another almond.

Korean narration:

「가볍게 챙겨, 언제 어디서나.」
「하루의 끝까지, 달콤한 휴식.」

Show a cinematic ingredient macro featuring golden almonds, a glass honey jar, a wooden honey dipper, and one clean butter cube. End with a premium hero shot of the yellow Honey Butter Almond package beside a bowl of coated almonds.

Final Korean narration:

「꿀의 달콤함, 버터의 부드러운 풍미.」
「달콤하고 고소한 매일의 즐거움, 허니버터 아몬드.」"
renoise-2081668386568966215,基础设定：一段黑衣女子 {{Mixed 2}} 与青衣女子 {{Mixed 1}} 别离的画面，真人写实质感,,真人,特效向,奇幻怪兽,,zh,Seedance 2.0,,,renoise-ai/awesome-seedance-prompts,https://github.com/renoise-ai/awesome-seedance-prompts/blob/904b6caffa21c2b114bb93e1bd0e37ba80b3dd10/data/prompts/2081668386568966215.json,CC-BY-4.0,探路AI,https://x.com/TanLuAI/status/2081668386568966215,True,"prompts/真人/特效向/奇幻怪兽/renoise-2081668386568966215--基础设定-一段黑衣女子-Mixed-2-与青衣女子-Mixed-1-别离的画面,.md","基础设定：一段黑衣女子 {{Mixed 2}} 与青衣女子 {{Mixed 1}} 别离的画面，真人写实质感
环境：末世荒原沙漠
视觉基调： 好莱坞史诗奇幻美剧与末世废土大片融合质感，整体参考美剧的沉重史诗感与美国大片预告片的强视觉冲击。画面具有粗粝胶片颗粒感。整体质感荒凉、危险、宏大、硬核，带有强烈的末世生存感和宿命感。
光影色调： 用高反差电影光影，强逆光、侧逆光和局部冷光结合。沙漠酒馆线以昏黄油灯、破窗夕阳、琥珀色沙尘光为主，暗部压深，人物轮廓被暖光勾出。整体调色保持青橙对撞，高光偏琥珀与焦土黄，阴影偏铁青与褪色蓝灰。
摄影机参数与运镜基调： 采用电影级全画幅数字摄影机质感，ARRI Alexa 65 / RED V-Raptor 级别画面，16:9 横版画幅，24fps 主体电影帧率，部分动作镜头使用 60fps / 120fps 升格慢动作。镜头语言以 24mm、35mm、50mm 电影定焦为主，人物压迫感使用 35mm 近景手持跟拍，，人物情绪特写使用 50mm 浅景深镜头。景深控制明显，背景虚化自然，。
其他设定：整个画面有节奏感和电影感，仅生成环境的音效，不要配背景音乐。真人写实史诗电影风格。画面禁止出现任何字幕和任何白色的字体；画面出现文字，采用透明字体。完全真人实拍质感。

0-4秒： 镜头采用极度微距特写（Macro Extreme Close-up），物理焦点极其精准地锁定在人物面部，背景呈现出极深度的虚化状态。画面右侧是黑衣女子，她的右手缓缓抬起，指腹轻轻触碰到左侧青衣女子白皙的脸颊。青衣女子双眼微红，眼眶中噙满的泪水在自然光下产生清晰的高光折射。随着一滴泪水顺着青衣女子的眼角滑落，黑衣女子的拇指以极其轻柔、缓慢的物理动作将那滴泪水精准抹去。青衣女子的眼睑伴随着呼吸产生轻微的颤动，眼神充满极度的依赖向上仰视。黑衣女子虽然面容冷峻，但在擦拭泪水时的面部肌肉处于绝对放松状态，两人视线在极度贴近的物理距离中死死交汇。
4-8秒：摄影机保持手持的生理性呼吸颤动，镜头平稳且匀速地向后拉远至近景（Close-up）。黑衣女子擦拭完泪水后，右手在青衣女子的脸颊旁悬停了约0.5秒。紧接着，黑衣女子的五指缓缓收拢成半握拳状态，手臂肌肉发力，极其克制地将手抽回。在手部抽离的瞬间，黑衣女子闭上眼睛，胸腔产生一个深吸气的起伏动作。随后，她的身体重心极速向左侧转移，双肩带动躯干进行了一个极其干净利落的180度转身动作，彻底背对青衣女子。转身的绝对瞬间，黑衣女子原本专注的眼神极速收缩，下颌骨的咬肌产生极其明显的紧绷凸起，恢复至绝对的冰冷。青衣女子的视线死死跟随着黑衣女子抽回的手，瞳孔放大。
8-12秒：镜头焦点发生极速切换（Rapid Rack Focus）。画面的物理对焦点首先落在两人交错的腰部位置。就在黑衣女子刚迈出右腿半步的绝对瞬间，青衣女子的左手从画面边缘猛然探出，五指极其用力地死死攥住黑衣女子的左手手腕处。青衣女子的手背青筋微凸，手指骨节因极度用力而泛白。黑衣女子向前的步伐被强行拽停，身体因惯性产生了一次轻微的回拉停顿。摄影机立刻向上摇摄（Tilt up），怼向黑衣女子的侧脸特写。镜头死死锁定黑衣女子：她绝对没有转头。但在手腕被拉住的那一秒，黑衣女子的瞳孔发生了高频的微震。她的眼眶迅速泛起一抹肉眼可见的微红，眉头微微向中心蹙起，上下嘴唇紧紧抿住。这种交织着极度不舍、决绝与痛苦的面部微表情，在侧脸特写中被无限放大。
12-15秒： 画面物理焦点如同锁死一般停留在黑衣女子身上。两人在原地僵持了两秒钟后，黑衣女子眼底的波澜瞬间结冰。她没有张口说任何话，左手臂的肌肉骤然发力，以一种缓慢但极其坚决、不可抗拒的物理动作，将手腕从青衣女子紧握的掌心中强行挣脱。挣脱的绝对瞬间，摄影机机位极速流转至黑衣女子的正前方，采用极其贴脸的正面特写跟拍（Frontal close-up tracking shot）。黑衣女子大步迎着镜头向前走去，她的面部完全占据画面主体。镜头死死捕捉她挣脱后的真实微表情：原本强装冰冷的伪装出现了一丝裂痕，她的眼眶极其湿润泛红，但死死瞪大双眼不让眼泪落下，紧紧咬住的下颌骨肌肉因为极度用力而微微颤抖。在她的身后，是处于极致光学虚化状态下的青衣女子模糊的身影。画面在黑衣女子这张充满破碎感与决绝的动态面部特写中，干净利落地直接切黑。"
renoise-2081676395135307794,🎬 EPISODE 1 — PART 1 (0:00–0:15),,真人,特效向,动作大片,,en,Seedance 2.0,,,renoise-ai/awesome-seedance-prompts,https://github.com/renoise-ai/awesome-seedance-prompts/blob/904b6caffa21c2b114bb93e1bd0e37ba80b3dd10/data/prompts/2081676395135307794.json,CC-BY-4.0,Caden Flux,https://x.com/Caden_Flux/status/2081676395135307794,True,prompts/真人/特效向/动作大片/renoise-2081676395135307794--🎬-EPISODE-1-—-PART-1-0-00–0-15.md,"🎬 EPISODE 1 — PART 1 (0:00–0:15)

Duration: 15 Seconds

Aspect Ratio: 16:9

Genre: Cinematic Survival Adventure

Style: Ultra-realistic Hollywood blockbuster, IMAX cinematography, 4K HDR, Dolby Vision, physically accurate weather simulation, premium cinematic color grading, dynamic camera movement, dramatic orchestral score.

Character Reference: Use the exact Caden character sheet as the identity reference.

STRICT FACE & IDENTITY LOCK: Maintain the exact facial structure, hairstyle, eye color, jawline, skin tone, age, proportions, clothing, accessories, and overall appearance from the reference sheet throughout the video. Never alter or reinterpret his face under any circumstances.

Scene 1 (0:00–0:03)

The Freedom Before Chaos

A breathtaking helicopter drone glides alongside Caden as he peacefully paraglides above majestic alpine mountains during golden hour. Endless valleys, turquoise lakes, and towering cliffs stretch beneath him. His black windbreaker ripples naturally in the breeze while his olive-green sling bag rests securely across his shoulder. He smiles confidently, enjoying the silence.

Camera: Smooth helicopter drone tracking orbit.

Sound: Gentle wind, birds, soft orchestral music.

Scene 2 (0:03–0:06)

Something Isn't Right

Golden sunlight slowly disappears behind rapidly expanding charcoal-black storm clouds. Birds suddenly scatter. Strong gusts make the paraglider canopy vibrate violently. His smartwatch flashes a severe weather warning before glitching into static. Small raindrops begin hitting the camera lens.

Camera: Slow cinematic push-in toward Caden's face.

Transition: Lightning flash.

Scene 3 (0:06–0:09)

The Typhoon Arrives

The peaceful flight instantly becomes chaos. Hurricane-force winds violently throw the paraglider sideways as lightning explodes across the sky. Rain lashes his face. He desperately pulls the brake lines while trying to regain control.

Camera: Continuous FPV rotation following the paraglider.

Sound: Violent wind, thunder, snapping fabric.

Scene 4 (0:09–0:12)

Swallowed Alive

A gigantic rotating vortex forms inside the storm. Instead of falling, Caden is pulled directly toward its center. Clouds twist around him like a living tunnel while electricity races through the vortex walls.

Camera: Continuous spiral orbit into the storm.

Scene 5 (0:12–0:15)

The Impossible Journey Begins

Reality starts bending. Inside the storm tunnel, oceans, glowing cities, frozen mountains, and endless deserts flash beneath him at impossible speed. Lightning briefly illuminates his terrified face as the storm carries him somewhere unknown.

Camera: Hyper-speed FPV flight through the vortex.

Cut to black.

🎬 EPISODE 1 — PART 2 (0:15–0:30)

Duration: 15 Seconds

Aspect Ratio: 16:9

Genre: Cinematic Survival Adventure

Style: Continue seamlessly from Part 1 with identical color grading, lighting, wardrobe, identity, and weather effects.

Character Reference: Continue using the exact Caden character sheet.

STRICT FACE & IDENTITY LOCK: Preserve Caden's exact facial features, hairstyle, proportions, clothing, and accessories without any changes. Continue directly from the previous shot.

Scene 6 (0:15–0:18)

No Escape

The paraglider canopy suddenly tears apart with a deafening snap. Shreds of fabric disappear into the storm. Caden enters freefall while debris, rain, and lightning spin around him. Time briefly slows as he fights to stabilize himself.

Camera: Slow-motion overhead rotation around Caden.

Sound: Heartbeat replaces the music.

Scene 7 (0:18–0:22)

The Fall

The storm violently ejects him from the clouds. Complete silence. He plummets toward a dense mountain forest. At the last possible second, his emergency reserve parachute deploys. He crashes through tree branches before sliding down a muddy hillside.

Camera: First-person freefall transitioning into handheld impact.

Scene 8 (0:22–0:26)

Where Am I?

Morning mist hangs between towering pine trees. Caden slowly regains consciousness, covered in mud and breathing heavily. He removes his tangled harness and checks his phone.

The screen displays:

NO SIGNAL

The GPS glitches repeatedly before showing:

UNKNOWN REGION

The forest is unnaturally quiet.

Camera: Slow cinematic dolly toward Caden from behind.

Scene 9 (0:26–0:30)

A New Country

Caden slowly turns toward the valley. The camera rises behind him in one continuous crane shot, revealing a breathtaking foreign landscape. Ancient temples, traditional rooftops, and a modern skyline sit beneath dramatic mountain peaks, partially veiled by morning mist.

Caden whispers,

""...Where am I?""

The music stops.

Only the wind remains.

Fade to black.

Text appears:

THE STORM CHOSE HIS DESTINATION.

EPISODE 2 — COMING SOON"
renoise-2081679581371666574,MOTION: the depth-map fight video is the motion reference. Follow it strictly…,,真人,特效向,武侠打斗,,en,Seedance 2.0,,,renoise-ai/awesome-seedance-prompts,https://github.com/renoise-ai/awesome-seedance-prompts/blob/904b6caffa21c2b114bb93e1bd0e37ba80b3dd10/data/prompts/2081679581371666574.json,CC-BY-4.0,Vigo Zhao,https://x.com/VigoCreativeAI/status/2081679581371666574,True,prompts/真人/特效向/武侠打斗/renoise-2081679581371666574--MOTION-the-depth-map-fight-video-is-the.md,"MOTION: the depth-map fight video is the motion reference. Follow it strictly 1:1 — every pose, the timing, the movement amplitude. Camera framing follows the reference video.

CHARACTERS: exactly as the reference.

BACKGROUND: exactly as the reference.

AVOID: extra people, facial distortion, twisted hands, dull gray lighting, on-screen text, subtitles, watermarks.

Two-person rule: never swap the characters — each locks to ONE figure's motion track, no identity switching mid-fight."
renoise-2081686031405817903,A 15-second 9:16 vertical luxury real estate walkthrough video of a bright…,,其他,,广告带货,,en,Seedance 2.0,,,renoise-ai/awesome-seedance-prompts,https://github.com/renoise-ai/awesome-seedance-prompts/blob/904b6caffa21c2b114bb93e1bd0e37ba80b3dd10/data/prompts/2081686031405817903.json,CC-BY-4.0,Ima Studio,https://x.com/ImaStudio_ai/status/2081686031405817903,True,prompts/其他/广告带货/renoise-2081686031405817903--A-15-second-9-16-vertical-luxury-real-es.md,"A 15-second 9:16 vertical luxury real estate walkthrough video of a bright modern American farmhouse. Fast but smooth social-media property tour, filmed with a stabilized smartphone gimbal. Clean natural daylight, realistic architecture, warm neutral interior styling, subtle HDR, premium Zillow and Instagram Reels aesthetic.
The same house and interior design must remain visually consistent throughout the entire video.

Shot 1, 0–2 seconds:

Wide exterior street view of a beautiful two-story white American farmhouse with black-framed windows, a dark grey roof, covered front porch, landscaped lawn and clear blue sky. The camera slowly pushes forward toward the house.

Shot 2, 2–4 seconds:
Seamless transition around the side of the house into the landscaped backyard. Reveal a green lawn, flowering plants and a modern outdoor dining area on the patio. Smooth forward camera movement.

Shot 3, 4–7 seconds:
Cut into a bright open-plan living room. White walls, exposed ceiling details, large black-framed windows, cream sofa, neutral armchairs, light wood floors, fireplace and built-in shelves. The camera glides slowly through the room.

Shot 4, 7–9 seconds:
Quick smooth transition into a calm primary bedroom with a large beige bed, soft neutral bedding, framed wall art, bench at the foot of the bed and warm daylight through large windows.

Shot 5, 9–11 seconds:
Transition into a stylish home office with a dark wooden desk, office chair, built-in white shelving, minimal decor and sunlight casting realistic shadows across the floor.

Shot 6, 11–13 seconds:
Move into a bright dining room with a natural wood table, black dining chairs, a modern chandelier and large windows overlooking the garden.

Shot 7, 13–15 seconds:
Finish in a spacious luxury bathroom with a freestanding white bathtub, glass shower, double vanity, pale stone surfaces and a large black-framed window. The camera slowly pushes toward the bathtub and holds on the final clean composition.

Camera style:
Smooth stabilized forward movement, subtle speed ramps between rooms, clean match-cut transitions, realistic smartphone gimbal footage, wide-angle lens without distortion.

Overall style:
Bright, welcoming, move-in-ready home tour. Modern farmhouse interior, white and beige palette, black accents, natural wood and soft daylight. No people, no text, no logos, no watermarks, no warped walls, no changing furniture, no duplicated objects, no fisheye distortion, no flickering, no sudden camera shake."
renoise-2081690464424493468,Create a premium 15-second cinematic Adidas sneaker commercial set in a gritty…,,其他,,广告带货,,en,Seedance 2.0,link-only,brand-ad,renoise-ai/awesome-seedance-prompts,https://github.com/renoise-ai/awesome-seedance-prompts/blob/904b6caffa21c2b114bb93e1bd0e37ba80b3dd10/data/prompts/2081690464424493468.json,CC-BY-4.0,Sharon Riley,https://x.com/Just_sharon7/status/2081690464424493468,True,prompts/其他/广告带货/renoise-2081690464424493468--Create-a-premium-15-second-cinematic-Adi.md,
renoise-2081696265453150254,Created with seedance 2.0 on,,真人,现实向,生活与vlog,,en,Seedance 2.0,,,renoise-ai/awesome-seedance-prompts,https://github.com/renoise-ai/awesome-seedance-prompts/blob/904b6caffa21c2b114bb93e1bd0e37ba80b3dd10/data/prompts/2081696265453150254.json,CC-BY-4.0,Anissa,https://x.com/SimplyAnnisa/status/2081696265453150254,True,prompts/真人/现实向/生活与vlog/renoise-2081696265453150254--Created-with-seedance-2.0-on.md,"Created with seedance 2.0 on

Tiny Chef vs Popcorn Tornado

Duration: 15 seconds

Style: Live-action, ultra-photoreal miniature human composite comedy. First-person POV Cooking Vlog. Everything exists in one unified real-world environment with true photographic realism. Real modern home kitchen, black iron popcorn pot on a stovetop, realistic popcorn kernels, steam, oil reflections, natural daylight from a side window, handheld camera with subtle shake, cinematic shallow depth of field, 8K Ultra HD, vertical 9:16. The miniature woman is a real 15 cm adult human seamlessly integrated into the kitchen with physically accurate lighting, contact shadows, realistic skin pores, fabric textures, reflections, and consistent scale. No CGI, no cartoon, no doll, no figurine, no animation.

Character:
Aria Lin, a 22-year-old adult East Asian woman with mature facial proportions, fair skin, deep brown almond eyes, black waist-length hair with fluffy air bangs and one loose braid draped over her left shoulder. Wearing a white fitted sleeveless tank top, fitted blue jeans, white thick-soled sneakers, and a thin gold bracelet on her right wrist. Same face, hairstyle, outfit, and body proportions throughout. Height remains exactly 15 cm in every shot.

00:00–00:02 | Tiny Inspector
First-person overhead POV. A giant black iron popcorn pot sits on the stovetop with oil and popcorn kernels heating. Steam gently rises. Aria confidently walks along the rim carrying a tiny wooden clipboard and a miniature wooden spoon, carefully inspecting the kernels like a professional chef. She smiles at the camera and gives a playful thumbs-up.

SFX: Gentle oil sizzling.

00:02–00:04 | Surprise Launch
Without warning, one popcorn kernel suddenly pops beneath her feet. Instead of falling, she is launched into the air and lands perfectly on a freshly popped popcorn. She spreads both arms for balance like a surfer, laughing with excitement as realistic steam drifts behind her.

SFX: Loud POP, joyful laugh.

00:04–00:07 | Popcorn Tornado
Popcorn begins popping rapidly all around her. Giant fluffy popcorn pieces bounce and swirl like a playful tornado. She gracefully jumps from one popcorn to another as if crossing floating stepping stones. The camera follows smoothly while maintaining the dramatic scale difference.

SFX: Continuous popcorn popping, light laughter.

00:07–00:10 | Butter River Surf
A real human gently pours melted butter into the pan. The flowing butter becomes a glowing golden river. Aria instantly opens a tiny white umbrella and surfs across the butter while standing on a giant popcorn. Warm reflections shimmer across the butter as realistic steam surrounds her. She laughs confidently throughout.

SFX: Butter pouring, soft sizzling.

00:10–00:13 | Seasoning Snow Dance
A light sprinkle of fine seasoning falls gently from above, sparkling in the sunlight like snowflakes. Instead of hiding, Aria twirls happily beneath the falling seasoning while popcorn continues bouncing around her. The scene feels playful, magical, and cinematic.

SFX: Gentle seasoning sprinkle, cheerful laughter.

00:13–00:15 | Champion Ending
A real human gently lifts the popcorn she is standing on using two fingers. Aria plants her tiny wooden spoon into the popcorn like a victory flag, stands proudly with one foot raised, waves toward the camera, makes an ""OK"" gesture, and finishes with a playful wink and bright smile. Steam drifts softly behind her.

Final 0.3 seconds: Cinematic freeze-frame showing the giant human fingers, fluffy popcorn, realistic steam, shallow depth of field, and perfect scale contrast.

Strict Requirements:
- Same adult woman throughout with no face or outfit changes.
- Height remains exactly 15 cm.
- Full photorealism only.
- Real kitchen lighting, shadows, reflections, and contact shadows.
- No violence, fear, injury, or distress.
- Gentle human interaction only.
- No subtitles, logos, watermarks, or extra characters."
renoise-2081698745855742060,A peaceful railway station moments before a summer storm. The atmosphere is…,,其他,,风景空镜,,en,Seedance 2.0,,,renoise-ai/awesome-seedance-prompts,https://github.com/renoise-ai/awesome-seedance-prompts/blob/904b6caffa21c2b114bb93e1bd0e37ba80b3dd10/data/prompts/2081698745855742060.json,CC-BY-4.0,𝐌,https://x.com/Strength04_X/status/2081698745855742060,True,prompts/其他/风景空镜/renoise-2081698745855742060--A-peaceful-railway-station-moments-befor.md,"A peaceful railway station moments before a summer storm. The atmosphere is calm until a luxury train glides into the platform. The very first raindrop falls precisely as the train doors open. Within seconds, heavy rainfall transforms the station while passengers board in an orderly, realistic manner. Water splashes across the platform, reflections shimmer naturally, umbrellas open, steam rises from the tracks and the train departs into the storm. Smooth cinematic tracking shots, drone aerials, authentic weather simulation, physically accurate rain interaction, premium live-action realism, 8K IMAX documentary quality."
renoise-2081706884927783412,"Young Russian woman, early 20s, beautiful, porcelain pale skin with rosy cheeks…",,真人,现实向,时尚写真,,en,Seedance 2.0,,,renoise-ai/awesome-seedance-prompts,https://github.com/renoise-ai/awesome-seedance-prompts/blob/904b6caffa21c2b114bb93e1bd0e37ba80b3dd10/data/prompts/2081706884927783412.json,CC-BY-4.0,simeon-sanai,https://x.com/Naiknelofar788/status/2081706884927783412,True,"prompts/真人/现实向/时尚写真/renoise-2081706884927783412--Young-Russian-woman,-early-20s,-beautifu.md","Young Russian woman, early 20s, beautiful, porcelain pale skin with rosy cheeks and nose from the cold. Long wavy dark blonde hair under a grey fur ushanka hat. Deep burgundy fur-trimmed long coat, cream oversized wool scarf, cream wide-leg trousers, dark brown leather boots, warm brown structured leather handbag carried in one hand, dark burgundy leather gloves. Quiet, composed, elegant energy. Consistent identity, clothing, and appearance.

Location: Moscow, Russia, winter 2003. Red Square transitioning into narrow residential streets. St. Basil's Cathedral domes visible through snowfall. Snow-covered pavements, Soviet-era building facades, dark shop windows, street kiosks, babushkas selling flowers on corners, old Soviet trams on tracks. Cold blue-grey overcast sky. Warm amber light bleeding from windows onto snow.

Visual Style: Ultra-realistic, candid, unscripted. Genuine everyday behavior. Rich environmental detail. Cold blue-grey palette with warm pops of burgundy and amber. Snow falling throughout. Breath visible in cold air. Worn surfaces, authentic details. 24fps.

Camera Style: Early 2000s consumer DV camcorder. Friend casually filming, reacting to her—catching moments late, losing her, finding her again. Handheld shake throughout, imperfect framing, autofocus hunting, exposure struggling between bright white snow and deep shadow, occasional motion blur, mild digital compression artifacts, faded colors, soft contrast, subtle sensor noise. No stabilization. No deliberate framing or cinematic composition. Camera feels accidental, not intentional.

00:00–00:02 Red Square tram stop, St. Basil's Cathedral domes visible through falling snow. She's digging through her handbag looking for something. Old Soviet tram arrives noisily behind her. She looks up, realizes it's not her tram, goes back to her bag. Camera catches this slightly late, framing drifts.

00:02–00:04 Street kiosk just off the square. She's fumbling to get coins out while holding one glove with her teeth, hands the babushka the coins, babushka passes her a small paper cup of hot tea. She wraps both hands around it. Transaction feels real and slightly awkward. Camera operator nearly misses it.

00:04–00:07 Narrow street off the square. She stops at a frozen puddle, tests it with the toe of her boot. It cracks slightly. She steps around it and continues walking. Camera follows from behind, shaky, catching the moment slightly late.

00:07–00:09 Passes a dark shop window, catches her reflection, stops without warning. Uses it as a mirror to adjust her ushanka hat, tucks a loose strand of hair underneath. Unaware of the camera. Satisfied, keeps walking. Camera almost walks into her.

00:09–00:12 Street corner with elderly babushka selling small bunches of winter flowers. She stops, pulls her glove off with her teeth, fumbles for coins again, buys a small bunch. Tucks the flowers under her arm. Babushka smiles. She nods and moves on. Camera catches the exchange imperfectly, partially blocked.

00:12–00:15 Walking down the snow-covered street, flowers under one arm, tea in the other hand. Old Soviet tram rattles past very close, wind knocks her ushanka hat sideways. She grabs it with her tea hand, nearly spills it, laughs to herself. Camera shakes from the tram passing. Cuts abruptly to black mid-laugh.

Audio: Natural ambient sound only—light snowfall, distant Moscow traffic, boots crunching in snow, handbag rummaging, tram arriving, coins fumbling, hot tea cup, babushka voice, puddle cracking under boot, tram rattling past, wind, quiet laugh. No music. No narration."
renoise-2081733346565226519,"An endless ancient Egyptian sea of sand, beneath a dusky golden sky where…",,真人,特效向,奇幻怪兽,,en,Seedance 2.0,,,renoise-ai/awesome-seedance-prompts,https://github.com/renoise-ai/awesome-seedance-prompts/blob/904b6caffa21c2b114bb93e1bd0e37ba80b3dd10/data/prompts/2081733346565226519.json,CC-BY-4.0,Kiki,https://x.com/Mayz1169/status/2081733346565226519,True,"prompts/真人/特效向/奇幻怪兽/renoise-2081733346565226519--An-endless-ancient-Egyptian-sea-of-sand,.md","An endless ancient Egyptian sea of sand, beneath a dusky golden sky where blazing sun meets rising sandstorm. Scattered among the rolling dunes lie the ruins of a lost civilization: a half-buried sphinx, snapped obelisks, temple columns carved with hieroglyphic reliefs, a broken stone bridge spanning a canyon — and on the far horizon, a colossal pyramid complex shimmering through the heat haze. A desert warrior woman (character reference ""NEFERTARI"": dark skin, long straight black hair with full bangs, a gold-and-turquoise beaded headdress draping into her hair, gold hoop tassel earrings, a broad Egyptian collar of turquoise set in gold, a white sheer slit gown with a gold waist ornament hung with turquoise bead chains, gold armlets and cuffs, gold strappy heeled sandals, a gold-hilted short blade in hand) is sprinting at full speed along a dune ridge, white gown and black hair whipping violently in the storm wind.

[0-3s] The chase begins from the very first second: opening on high-speed lateral tracking of her sprint along the dune ridge — then the sand behind her erupts skyward: an ancient sandworm the size of a mountain range bursts out of the ground, a cavernous circular maw ringed with rows of rock-like teeth, its segmented hide the color of weathered sandstone embedded with swallowed ruin fragments and golden relics, its emergence hurling up a sun-blotting wall of sand. The worm crashes down after her, its impact wave chasing her heels as the entire dune ridge collapses in sequence — she leaps off the disintegrating crest, slides down the slip face in a controlled skid, and keeps running without losing a step. Camera whips from her lateral sprint to a monumental low-angle of the breach, then dives down the collapsing dune with her, sand spray blasting past the lens.

[3-6s] Terrain-switching escape: the worm plunges back beneath the sand — the surface goes deceptively still except for a racing bulge of ground closing in on her. She reads it and cuts hard toward a ruin field: sprinting between temple columns as the worm erupts again from her flank, its maw shearing three columns in half — she slides under a toppling column as it slams down behind her, vaults off a fallen capital, and dashes across the broken stone bridge over a canyon; the worm surfaces a third time directly beneath the bridge, its body smashing through the span — the deck disintegrates under her feet as she chains leaps across the tumbling stone segments, landing in a roll on the far rim. Behind her an obelisk is swallowed whole and snapped like a reed. High-speed parkour tracking through the columns, a breath-stealing follow across the collapsing bridge, debris tumbling through frame.

[6-9s] Riding the worm: the worm breaches in a full arcing leap over the canyon to cut her off, its colossal body blotting the sky — instead of fleeing she turns INTO it, sprinting up a tilted slab of ruin wall and launching herself at the descending body, catching a ridge of its segmented hide and swinging up onto its back! She sprints along the heaving, rolling spine against the wind, gown streaming, driving her gold blade into the seams between segments as she runs — each strike bursting sprays of sand-ichor and dislodging embedded golden relics that tumble away; the worm corkscrews violently to throw her, the horizon spinning around her as she rides the roll, then she sprints down the flank and leaps clear just before the beast crash-dives, landing in a long skid down a dune face and immediately breaking back into a run. Tight jolting tracking along the spine-run, the camera rolling with the worm's corkscrew, then a wide shot of her leap silhouetted against the sand plume of the dive.

[9-12s] The desert itself collapses: the wounded worm goes berserk — circling beneath her at speed, its passage collapsing the desert in rings: sinkholes yawning open, rivers of quicksand pouring into fresh chasms, and with the sand draining away, deeper strata of the lost civilization surface one after another — buried colonnades, a subterranean temple facade, golden statues rising crooked from the flowing sand. The chase route rewrites itself second by second: she sprints across the emerging colonnade tops as they tilt and sink, leaps between rising statue shoulders, slides down a newly exposed temple stairway with the sandstorm now a full whiteout of ochre around her, the worm's maw bursting through the murk again and again — each strike dodged by a narrower margin. Camera pulls wide on the apocalyptic panorama of the collapsing, self-revealing desert, then plunges back into the near-miss chase inside the storm.

[12-15s] Toward the pyramids: ahead through the thinning storm, the colossal pyramid complex fills the horizon, its golden capstones catching the light — she pours everything into a final sprint down the last great dune, the worm erupting behind her one more time in a full-body breach, maw gaping wide enough to swallow the frame, sand cascading off its hide like waterfalls — she races into the long shadow of the great pyramid, tiny against the monuments ahead and the monster behind — freeze frame at the peak of the pursuit: the warrior mid-stride between the pyramids and the descending maw, the chase unbroken, the desert still collapsing behind them.

Style: ancient Egyptian fantasy × desert survival × AAA action-adventure, with Dune's colossal sandworm dread, Prince of Persia's ruin parkour, Temple Run's relentless forward chase, and AAA game-trailer cinematography. Character design strictly consistent throughout: gold-turquoise headdress, Egyptian broad collar, white sheer slit gown with gold waist chains, gold armlets, strappy gold sandals, gold short blade. Sand physics is the core: dune collapses, traveling underground bulges, eruption bursts, quicksand rivers, sinkhole rings, the whiteout storm — all with true granular weight and flow. The worm's mountain-scale oppression persists: every breach, dive, and pass reshapes the terrain, the chase route never the same for two seconds. Her movement is grounded parkour: ridge sprints, controlled slides, column vaults, collapsing-bridge chains, the spine-run and blade strikes, every action leveraging terrain. Extreme scale contrast of tiny runner versus mountain-scale beast throughout. Palette: golden dunes, sandstone worm hide, ochre storm, white gown with gold and turquoise (warrior), pyramid gold, hard sun glare. Lighting: harsh desert sun diffusing into ochre storm-light, golden relic glints, the pyramids' monumental backlight in the finale. Camera: lateral sprint tracking, monumental breach low-angle, collapsing-dune dive, parkour threading through columns, jolting spine-run with corkscrew roll, apocalyptic collapse panorama, final freeze between pyramids and maw — no hard cuts. 4K, cinematic lighting, HDR, rich sand-grain detail."
renoise-2081733849609019753,A 15-second 16:9 widescreen lipstick commercial video. All characters are fully…,,其他,,广告带货,,en,Seedance 2.0,,,renoise-ai/awesome-seedance-prompts,https://github.com/renoise-ai/awesome-seedance-prompts/blob/904b6caffa21c2b114bb93e1bd0e37ba80b3dd10/data/prompts/2081733849609019753.json,CC-BY-4.0,Ima Studio,https://x.com/ImaStudio_ai/status/2081733849609019753,True,prompts/其他/广告带货/renoise-2081733849609019753--A-15-second-16-9-widescreen-lipstick-com.md,"A 15-second 16:9 widescreen lipstick commercial video. All characters are fully rendered 3D CGI animated figures — smooth stylized skin with polished surface shading, non-realistic proportions, high-quality 3D render aesthetic similar to premium animated films. Rich warm colors and theatrical stage lighting throughout. One continuous flowing sequence across 6 scenes.
HARD RULE — the crimson ribbon must NEVER touch, wrap around, loop near, or contact the dancer's neck, throat, or collarbone at ANY point in the video. Violation is not acceptable. The ribbon is strictly confined to: hands, wrists, outstretched arms, waist level, and open air space. The ribbon must always be shown extending outward and away from the dancer's body.
Scene 1 (0s–2s): Close-up of a single opened lipstick tube, deep rose-red tip, glossy gold casing, standing upright at the center of a dark stage. A warm golden spotlight slowly brightens from directly above, illuminating the lipstick against a deep black background. Camera: tight centered close-up, spotlight beam gradually intensifies.

Scene 2 (2s–4s): A 3D CGI animated ballet dancer in a soft pink tutu dress, hair in a neat bun, glides in from the left. A giant lipstick sculpture stands center stage — gold metallic casing, deep red tip, three times the dancer's height. She reaches forward and gently touches the tip with one fingertip. At contact, the lipstick dissolves into a flowing crimson silk ribbon that spirals up into the air. The ribbon arcs around her outstretched arms at shoulder height and above — clearly away from the neck. Camera: medium-wide side profile, warm rose-gold lighting.

Scene 3 (4s–7s): Medium-wide shot of the 3D dancer's full torso and both arms. She holds the ribbon in both hands with arms stretched wide open horizontally to each side, elbows fully extended. She spins in a pirouette. The crimson ribbon streams outward from each hand in opposite directions, extending wide to both sides and flowing behind her back in large horizontal sweeping arcs at arm and waist height only — the ribbon moves away from the body into surrounding open air, never approaching the neck or upper chest area. Camera: medium-wide, slow rotation follow, the neck is never the compositional focus.

Scene 4 (7s–9s): The 3D dancer bends her knees in a preparatory plié, then launches into a powerful grand jeté leap. Her 3D body is fully extended mid-air in a wide split. The crimson ribbon trails dramatically behind her in a vast sweeping arc. Abstract vertical stage curtains in warm amber in background. Soft shadow on stage floor below. Camera: wide shot, eye-level.

Scene 5 (9s–12s): Camera pulls back slowly to reveal the full stage. The giant gold lipstick sculpture dominates center stage in warm rose-gold light. The 3D dancer, now small in scale, performs fluid arabesque poses around the base. The crimson ribbon spirals and coils around the cylindrical body of the giant lipstick tube. Camera: extreme wide shot, slow pull-back zoom.

Scene 6 (12s–15s): The 3D dancer strikes a final arabesque pose — one leg raised elegantly behind her, one hand lightly touching the base of the giant lipstick. The ribbon settles and drapes softly on the stage floor at her feet. A warm golden-rose spotlight from upper-left bathes both dancer and lipstick while surrounding stage fades to deep shadow. Camera: slow push-in. Final freeze-frame."
renoise-2081742017185329569,Create a premium cinematic character bible sheet for a skater named KAZ. Use…,,漫剧,现实向,剧情短片,3D卡通,en,Seedance 2.0,,,renoise-ai/awesome-seedance-prompts,https://github.com/renoise-ai/awesome-seedance-prompts/blob/904b6caffa21c2b114bb93e1bd0e37ba80b3dd10/data/prompts/2081742017185329569.json,CC-BY-4.0,TechieSA,https://x.com/TechieBySA/status/2081742017185329569,True,prompts/漫剧/现实向/剧情短片/renoise-2081742017185329569--Create-a-premium-cinematic-character-bib.md,"Create a premium cinematic character bible sheet for a skater named KAZ. Use the uploaded character sheet as the strict visual reference for his exact face, body, proportions, hair, skin tone and outfit. Do not change his appearance.

LAYOUT inspired by premium AAA character presentation boards. Clean white background overall.

LEFT SIDE: Large bold brushstroke painted text KAZ top left corner, rough expressive hand-painted brush font in bright vivid blue. Below it small text: SKATER / CITY IS HIS PLAYGROUND. One large full height dynamic hero pose of Kaz directly below — mid-kickflip in the air, board flipping underneath him, hair flying, gold chain floating, bright confident expression, city skyline and clear blue sky visible behind him as a vibrant watercolor splash background radiating outward, full saturated colors — bright blues, warm yellows, clean whites popping behind him, no box no frame, standing directly on the white page.

CENTER: Section labeled TURNAROUND in small clean text. Three full body views standing on clean white: Front, Side, Back. Same character same outfit same proportions as reference. Below turnaround: small section labeled GEAR with one clean illustration of his skateboard — colorful worn deck, trucks, wheels visible.

RIGHT SIDE: Section labeled DETAILS in small clean text. Grid of four clean close-up panels: Face front, Face side profile, Eyes close-up, Shoe and sock detail. Below details: COLOR PALETTE row with swatches — sky blue, white, cargo green, gold, worn orange. Small tagline in bottom right corner in thin elegant font: THE CITY NEVER ENDS.

OVERALL FEEL: Premium skate culture character bible, bright vivid watercolor city splash behind hero pose, blue as dominant accent color, energetic and free atmosphere, minimal clean typography, lots of breathing room and white space, no excessive text no gibberish, cinematic cel-shaded 3D anime, semi-realistic CGI, hand-painted textures, digital painting feel, hard-edge brushwork, not cartoon not Disney not Pixar, print ready."
renoise-2081750143510905282,15-SECOND CINEMATIC DANCE PERFORMANCE,,真人,现实向,音乐MV,,en,Seedance 2.0,link-only,sexual,renoise-ai/awesome-seedance-prompts,https://github.com/renoise-ai/awesome-seedance-prompts/blob/904b6caffa21c2b114bb93e1bd0e37ba80b3dd10/data/prompts/2081750143510905282.json,CC-BY-4.0,NΞXUS,https://x.com/NEXUS_TO_NOVA/status/2081750143510905282,True,prompts/真人/现实向/音乐MV/renoise-2081750143510905282--15-SECOND-CINEMATIC-DANCE-PERFORMANCE.md,
renoise-2081750806362292364,"@image1(完全按照该参考图呈现,不进行任何重新设计)金发盘发女性,湛蓝双眼,白皙细腻的肌肤,面部干净通透毫无瑕疵,肤色白皙如瓷却保留真实的皮肤质感与自然光…",,真人,现实向,时尚写真,,en,Seedance 2.0,,,renoise-ai/awesome-seedance-prompts,https://github.com/renoise-ai/awesome-seedance-prompts/blob/904b6caffa21c2b114bb93e1bd0e37ba80b3dd10/data/prompts/2081750806362292364.json,CC-BY-4.0,Cia0,https://x.com/Cia0_exe/status/2081750806362292364,True,"prompts/真人/现实向/时尚写真/renoise-2081750806362292364--image1-完全按照该参考图呈现,不进行任何重新设计-金发盘发女性,湛蓝双眼,.md","@image1(完全按照该参考图呈现,不进行任何重新设计)金发盘发女性,湛蓝双眼,白皙细腻的肌肤,面部干净通透毫无瑕疵,肤色白皙如瓷却保留真实的皮肤质感与自然光泽,气质清纯甜美,肩头黑色符文刺青,腰间赤红环形饰扣,纯白色轻纱长裙拖曳如翼,白色高跟鞋。

场景:开阔草原,正午晴空万里,湛蓝天空点缀几朵积云,阳光强烈自上方洒落,草浪随风起伏,远处树林轮廓虚化于热气之中。

画面风格:电影级时尚大片质感,35mm变形宽银幕镜头,浅景深,轻微胶片颗粒,高动态范围保留白纱的通透层次、白皙肌肤的细腻质感与草地的翠绿细节,强逆光与天空反光形成自然柔光,轻纱在风中的物理飘动真实细腻,全程不得变形或风格偏移。

表演基调:抓拍纪实感,不摆拍不做作,所有动作源于当下真实反应而非预设姿势,允许出现细微的不完美,例如被风迷了眼、裙摆被草勾住、笑到弯腰、走路时轻轻踉跄,这些真实瞬间才是画面的灵魂。

运镜铁律:每一个镜头必须使用与前后完全不同的运镜技法,禁止连续两次使用相似的镜头运动方向或高度。

总时长:15秒,16:9横屏,4K,24帧

0到2秒,贴地倒退跟拍镜头:镜头几乎贴着草尖以倒退方式跟拍,她朝镜头方向缓步走来,途中裙摆被草丛轻轻勾住,她低头轻轻扯了一下,抬起头时自己先笑了出来,眼神自然地看向镜头。

台词(女声,轻快带笑意):""Oops — wait, my dress!""

2到4秒,急速甩镜接原地旋身:镜头自天空急速甩下定格于她的正面,她顺势原地转了个圈,整条纱裙如绽放的花瓣向四周展开,转到一半她被自己的裙摆绊得踉跄半步,笑着稳住身形,数十片草叶被裙风卷起悬浮空中。

4到6秒,眩晕变焦镜头:镜头向前推进的同时焦距反向拉远,她站着没动,只是被风吹得眯了眯眼,抬手挡了一下阳光,从指缝间偷偷看向镜头,眼神里带着一点俏皮的好奇。

台词(女声,软软的疑问):""Is this okay? I can't really see you.""

6到8秒,升降臂下沉接焦点转移:镜头自高处缓缓下沉至与她平齐,她随之蹲了下来,指尖去够一朵小小的野花,焦点先落在她拨动的花瓣,再缓缓转移至她抬起的侧脸,白皙的皮肤在草地反射的绿光中泛起通透感,她把花凑到鼻尖轻轻闻了一下。

8到10秒,高速环绕一圈镜头:镜头以她为轴快速环绕整整一圈,她抬手拔下发簪,金色盘发散落披肩,发丝立刻被风吹得糊了一脸,她一边笑一边手忙脚乱地把头发拨开,完全没有摆拍的痕迹。

台词(女声,笑着抱怨):""Ah — the wind! My hair's everywhere!""

10到12秒,垂直升空俯拍镜头:镜头自她头顶垂直急速升空,她干脆仰面倒进草地里张开双臂,纯白纱裙在翠绿草原上铺展成一朵盛开的白花,她躺在那儿笑得肩膀微微发抖,胸口起伏。

12到13.5秒,低角度侧向追焦慢动作:半速慢动作,镜头贴地侧向追随她爬起来向前奔跑的脚步,白色高跟鞋接连点过草地,裙摆掠过草尖激起细密草籽与光尘,她跑着回头看向镜头,笑得眼睛弯成月牙。

13.5到15秒,极速前推定格镜头:镜头急速前推至她的上半身特写,一阵强风迎面吹来,散落的长发与纱裙同时向后完全扬起,她被风吹得眯眼笑出声,伸手想挡又放弃了,画面在她最放松真实的笑容瞬间凝固定格,渐暗淡出。

台词(女声,气喘吁吁地笑):""Did you get that one? Please tell me you did!""

光效强化:强逆光使白纱边缘泛起半透明光晕,阳光穿透薄纱在她白皙的肌肤上投下柔和光斑,草地反射的绿色环境光轻柔映在肌肤下缘形成通透的次表面散射效果,空气中飘浮的草籽与尘埃在光束中清晰可见,腰间赤红饰扣与肩头黑色刺青作为画面中仅有的两处强对比元素。

配音设定:全程英语简短自然对白,声线甜美清亮带一点少女感的软糯气息,语气轻快活泼略带俏皮,笑声与说话自然交融,如同拍摄间隙脱口而出的真实反应而非念台词,背景音为草浪沙沙声、风声与若隐若现的相机快门声。

负面提示词:禁止连续两个镜头使用相似的运镜方式或相似的身体动作,禁止姿势僵硬做作或明显摆拍感,禁止纱裙与长发物理效果僵硬或穿模,禁止面部比例与五官前后不一致,禁止皮肤过度磨皮失去真实质感,禁止逆光过曝导致面部与纱料细节丢失,禁止姿势切换出现跳接或断层,禁止口型与对白不同步,禁止定格画面失焦。"
renoise-2081751131018178988,use the same face from the reference image <<<image_1>>> without changing…,,真人,现实向,剧情短片,,en,Seedance 2.0,link-only,copyrighted-character,renoise-ai/awesome-seedance-prompts,https://github.com/renoise-ai/awesome-seedance-prompts/blob/904b6caffa21c2b114bb93e1bd0e37ba80b3dd10/data/prompts/2081751131018178988.json,CC-BY-4.0,Sharon Riley,https://x.com/Just_sharon7/status/2081751131018178988,True,prompts/真人/现实向/剧情短片/renoise-2081751131018178988--use-the-same-face-from-the-reference-ima.md,
renoise-2081759648055750868,100% photorealistic cinematic realism. IMAX 70mm. Ultra detailed. Oscar winning…,,真人,特效向,科幻,,en,Seedance 2.0,,,renoise-ai/awesome-seedance-prompts,https://github.com/renoise-ai/awesome-seedance-prompts/blob/904b6caffa21c2b114bb93e1bd0e37ba80b3dd10/data/prompts/2081759648055750868.json,CC-BY-4.0,𝙆𝙖𝙪𝙨𝙖𝙧 𝙎𝙤𝙡𝙖𝙣𝙠𝙞,https://x.com/ikausarsolanki/status/2081759648055750868,True,prompts/真人/特效向/科幻/renoise-2081759648055750868--100-photorealistic-cinematic-realism.-IM.md,"100% photorealistic cinematic realism. IMAX 70mm. Ultra detailed. Oscar winning sci-fi cinematography. Roger Deakins inspired natural lighting. Perfectly stabilized composition. Physically accurate rendering. Global illumination. Ray traced reflections. Volumetric fog. 8K HDR. Hyper realistic skin textures. No stylization.
The highest sea cliffs in the world during the final moments of twilight. An ancient lighthouse stands alone against an endless ocean, its weathered stone walls covered in centuries of salt and moss. Powerful waves crash against the cliffs hundreds of feet below, throwing mist high into the air. Rain has just stopped. Thick storm clouds slowly part overhead, revealing streaks of deep cobalt sky. Standing on the circular observation balcony beneath the lighthouse lantern is an aging lighthouse keeper in his early sixties. Deep wrinkles, silver beard, tired but fearless eyes. He wears a long navy waterproof coat over a heavy knitted sweater, dark trousers, leather gloves, and carries an old brass compass attached to a worn leather strap. His posture is calm, hands resting on the iron railing as if he has waited his entire life for this exact moment.Far across the ocean horizon, the sea begins glowing beneath the surface. A colossal translucent guardian slowly ascends from the depths. Nearly thirty stories tall. Its body resembles living crystal shaped by flowing ocean currents. Warm amber and turquoise bioluminescent veins pulse throughout its transparent form like tides moving through glass. Small fragments of glowing seawater orbit around its body, suspended in gravity defying motion. Its smooth face has no eyes or mouth, only shifting reflections of the sky.The creature does not threaten the lighthouse. It simply watches.The lighthouse beacon remains dark. Suddenly, faint golden light begins leaking through cracks in the stone floor beneath the keeper's boots. Ancient bronze gears hidden within the lighthouse walls slowly begin turning after decades of silence. Dust falls from the ceiling. The enormous Fresnel lens above starts rotating on its own.Warm golden light spills upward around the keeper, illuminating the rain soaked balcony while the surrounding ocean remains cold blue and silver. Wind lifts the edges of his coat. His compass begins glowing softly in his hand.Composition: cinematic wide shot from behind the lighthouse keeper, placing the viewer beside him. The lighthouse occupies the left side of the frame while the enormous glowing leviathan dominates the distant ocean. Massive scale contrast. Endless sky. Vast negative space.
 Lighting: cold moonlight mixed with warm golden beacon light, realistic storm atmosphere, cinematic rim lighting, volumetric sea mist, reflective wet stone surfaces. Color palette: midnight blue, storm gray, ocean teal, warm amber, aged bronze, silver white.
Mood: ancient mystery, quiet destiny, hope emerging from darkness, majestic realism, emotional science fiction. No text, no logo, no watermark, no fantasy painting, no illustration, no anime, no blur, no low quality, no extra people."
renoise-2081760405869973699,0-3 sec:,,真人,特效向,武侠打斗,,en,Seedance 2.0,,,renoise-ai/awesome-seedance-prompts,https://github.com/renoise-ai/awesome-seedance-prompts/blob/904b6caffa21c2b114bb93e1bd0e37ba80b3dd10/data/prompts/2081760405869973699.json,CC-BY-4.0,Bedi,https://x.com/zyvaoz/status/2081760405869973699,True,prompts/真人/特效向/武侠打斗/renoise-2081760405869973699--0-3-sec.md,"0-3 sec:
A misty forest at dawn. Five figures stand in a clearing. Their armor is traditional samurai but colored red, blue, yellow, pink, and green. Each wears a distinctive helmet.

3-6 sec:
A demon emerges from the mist. Oni like, with horns and glowing eyes. The Red Ranger steps forward, drawing a katana. The blade gleams with faint red energy.

6-9 sec:
The Blue Ranger throws a shuriken. The Pink Ranger flips over a demon. Quick cuts of each ranger in action, using signature weapons reimagined as feudal tools.

9-12 sec:
The five rangers form a circle. They strike the demon in coordinated sequence. Each blow lands in rhythm. The demon staggers, then explodes into smoke.

12-15 sec:
The rangers stand among fading smoke. Red Ranger sheathes his sword. The group turns and walks into the mist. Fade to black.

Sound: Wind through bamboo, metal clash, quick strikes, demon roar, silence."
renoise-2081773542522183730,Use @[Image1] as storyboard reference for cinematic sequence. use as first shot…,,其他,,动物萌宠,,en,Seedance 2.0,,,renoise-ai/awesome-seedance-prompts,https://github.com/renoise-ai/awesome-seedance-prompts/blob/904b6caffa21c2b114bb93e1bd0e37ba80b3dd10/data/prompts/2081773542522183730.json,CC-BY-4.0,Viki,https://x.com/churvikv/status/2081773542522183730,True,prompts/其他/动物萌宠/renoise-2081773542522183730--Use-Image1-as-storyboard-reference-for-c.md,"Use @[Image1] as storyboard reference for cinematic sequence. use as first shot 01

A 15-second cinematic fantasy sequence transitioning smoothly through all 7 storyboard panels in strict chronological order. Visual style: photorealistic magical realism, hyper-detailed crocodile scales, vibrant sunset orange and deep midnight blue contrast, ancient stone and bamboo environment, volumetric lighting. CRITICAL: Absolutely NO frames, borders, film strips, numbers, UI, or text. Render as seamless full-screen cinematic shots only. Ignore grid layout completely. Each shot must match its corresponding panel exactly. Use fluid camera drifts and environmental morphing for natural transitions.

Shot 1 (0-2.1s): Panel 1. A massive crocodile rests in a calm tropical river at golden sunset, surrounded by lily pads. Suddenly, it lifts its head, opens its jaws wide, and lets out a deep, powerful roar. Water droplets scatter from its teeth. Camera holds steady, capturing the raw intensity.

Shot 2 (2.1-4.2s): Panel 2. A swirling magical portal of orange and cosmic blue energy ignites in the water ahead. The crocodile's eyes lock onto it, muscles tense with alertness. The portal's light reflects on the wet scales. Camera slowly pushes in.

Shot 3 (4.2-6.3s): Panel 3. The crocodile begins swimming powerfully toward the portal. Ripples disturb the lily pads. As it moves, the right riverbank naturally morphs from palm trees into ancient stone walls and bamboo. Camera tracks the forward motion smoothly.

Shot 4 (6.3-8.4s): Panel 4 (Threshold Crossing). The crocodile breaches the portal threshold. Its body spans both worlds: the front half in the starry midnight canal, the rear still in the golden sunset river. Magical energy swirls around its scales. Camera glides alongside at water level.

Shot 5 (8.4-10.5s): Panel 5 (Entering the Canal). Fully emerged in the mystical bamboo-lined canal. The crocodile swims past glowing stone lanterns, looking back briefly at the fading portal behind it. Water is dark and reflective. Camera pans to follow its movement.

Shot 6 (10.5-12.6s): Panel 6 (Majestic Glide). Side profile of the crocodile gliding gracefully through the tranquil ancient waterway. Head raised, eyes forward. Towering bamboo and weathered stone walls frame the shot. Lighting shifts to cool, ethereal moonlight.

Shot 7 (12.6-15.0s): Panel 7 (Final Stare). The crocodile faces the camera directly in the center of the canal, the glowing portal visible behind it. Powerful, serene expression. Water ripples gently around its jaws. Camera slowly zooms in for a dramatic, awe-inspiring finale. ZERO TEXT.

Style reinforcement: exact panel fidelity, seamless environmental transitions, photorealistic textures, cinematic pacing, consistent color grading, NO text, NO grid, NO numbers, continuous narrative flow."
renoise-2081774882875228370,"Concept: ""Girls' Night Out""",,真人,现实向,时尚写真,,en,Seedance 2.0,,,renoise-ai/awesome-seedance-prompts,https://github.com/renoise-ai/awesome-seedance-prompts/blob/904b6caffa21c2b114bb93e1bd0e37ba80b3dd10/data/prompts/2081774882875228370.json,CC-BY-4.0,Johnn,https://x.com/john_my07/status/2081774882875228370,True,prompts/真人/现实向/时尚写真/renoise-2081774882875228370--Concept-Girls-Night-Out.md,"Concept: ""Girls' Night Out""

Create a hyper-realistic self-recorded vlog filmed entirely on a modern flagship smartphone using the front-facing camera. The entire video is captured by the vlogger herself in one continuous recording, making viewers feel like they're part of the night. The footage should feel spontaneous and unscripted with natural handheld movement, subtle smartphone stabilization, realistic autofocus adjustments, automatic HDR exposure changes, authentic low-light performance, occasional framing imperfections, and genuine ambient sound. No cinematic shots, transitions, jump cuts, or edited montages.
Visual Style
Modern smartphone video with crisp detail, realistic HDR, natural skin tones, balanced exposure, authentic night lighting, and accurate colours. Club lights, warm decorative lighting, and city lights should illuminate the scene naturally without excessive bloom or stylized effects. No beauty filters, film grain, or cinematic grading.
Character
NARI, a Korean female idol in her twenties with long softly curled black hair, glowing natural makeup, expressive eyes, and a fun, energetic personality.
She wears a fashionable party outfit suitable for an upscale rooftop celebration: a stylish black mini dress with a cropped leather jacket, delicate jewelry, comfortable heels, and a small shoulder bag. Her outfit remains consistent throughout the vlog.
Location
A stylish rooftop party overlooking the city skyline at night. Warm string lights, lounge seating, live DJ, dance floor, mocktail bar, decorative plants, and groups of friends enjoying the evening. The atmosphere is lively, elegant, and realistic rather than crowded or chaotic.
The recording begins inside the elevator as NARI smiles into the phone.
Tonight is all about relaxing with my friends... no rehearsals, no schedules.
The elevator doors open to reveal the rooftop venue glowing with warm lights and music.
She walks through the entrance, greeting friends with hugs and laughter before introducing a few of them to the camera with playful reactions.
She grabs a colourful mocktail from the bar.
This one looks way too pretty not to film.
As the music gets livelier, she joins her friends on the dance floor.
Still holding the phone naturally, she records short moments of everyone dancing, laughing, spinning together, and singing along to the music. The camera occasionally turns outward to capture the city skyline, decorative lights, and the joyful atmosphere before returning to selfie view.
Between songs she catches her breath, smiling at the camera.
I forgot how much I needed a night like this.
Her friends pull her back onto the dance floor.
She laughs, records a few more energetic moments, then walks toward the rooftop edge where the skyline fills the background.
Looking into the camera with a relaxed smile, she says,
Sometimes the best memories are the ones you never plan.
Her friends call her name from behind.
She turns around laughing, waves to the camera,
Okay... they're stealing me back. See you next time!
She runs back toward her friends as everyone continues dancing together. The recording ends naturally as she lowers the phone while rejoining the celebration.
Generation Requirements
Produce one continuous realistic smartphone recording with a consistent facial identity, natural body movement, believable dancing, accurate hand interactions, realistic low-light smartphone exposure, stable clothing continuity, authentic crowd behaviour, smooth camera motion, and natural environmental audio. Avoid AI artifacts, duplicated people, warped anatomy, floating objects, jump cuts, or unrealistic movements. The final result should feel like a genuine personal party vlog filmed by a real K-pop idol on her own smartphone."
renoise-2081778966072070460,"Pixar-style 3D animation reel of ""The Mighty Mishaps,"" a team of five lovably…",,漫剧,现实向,喜剧搞笑,3D卡通,en,Seedance 2.0,,,renoise-ai/awesome-seedance-prompts,https://github.com/renoise-ai/awesome-seedance-prompts/blob/904b6caffa21c2b114bb93e1bd0e37ba80b3dd10/data/prompts/2081778966072070460.json,CC-BY-4.0,auqib,https://x.com/auqibhabib/status/2081778966072070460,True,prompts/漫剧/现实向/喜剧搞笑/renoise-2081778966072070460--Pixar-style-3D-animation-reel-of-The-Mig.md,"Pixar-style 3D animation reel of ""The Mighty Mishaps,"" a team of five lovably incompetent superheroes — Captain Cardio (wheezing hero in a too-tight neon-orange tracksuit and cape with a sweatband and permanently red cheeks, super-speed for about 4 seconds before needing a break), Lady Lukewarm (confident icy-blue-haired hero in a sparkly leotard and flowing cape who produces room-temperature water), The Mild Inconvenience (tall lanky hero in a purple bodysuit with a question mark emblem who makes people slightly annoyed), Sir Sneeze-A-Lot (tiny round hero in medieval armor with a feathered plume and weaponized sneezes), and Glitter Gary (wholesome dad-bod hero in a sequined leotard, fanny pack, and rec-league knee socks who emits glitter clouds). The scene opens with a low-angle hero shot of the team posed dramatically on a sunny rooftop at golden hour, capes billowing in slow motion with lens flare while a pigeon lands on Sir Sneeze-A-Lot's helmet. They spot a cat stuck in a tree — Captain Cardio zooms up at super speed and immediately runs out of breath, clinging to a branch wheezing. Across the street, Lady Lukewarm strikes a heroic pose against a small kitchen fire and unleashes a sad dribble of room-temperature water that completely fails to impress the flames. Glitter Gary swoops in to help a sad businessman on the sidewalk and blasts him with a massive glitter cloud, leaving him permanently sparkling in despair. Sir Sneeze-A-Lot tries to politely greet a hot dog vendor, his nose twitches, and an enormous ""AAAA-CHOOOO!"" launches the entire cart down the street with sausages flying in cartoonish slow motion. The final wide shot pulls out to reveal the team posing triumphantly in front of the chaos — fire still smoldering, cat still in tree, glittery businessman walking away, hot dog vendor on his knees — as a single hot dog falls from the sky and lands on Captain Cardio's head. Pixar 3D animation aesthetic with Incredibles-tier character design, expressive squash-and-stretch animation, soft subsurface scattering, vibrant saturated color palette, detailed fabric textures (felt, spandex, sequins, rubber), cinematic depth of field, golden hour warmth with soft bounce lighting and rim light on the capes, dynamic camera mixing low-angle hero shots, comedic wide reveals, and expressive close-ups, with comedic timing built on confident setups followed by immediate failure. Wholesome, earnest, lovably incompetent tone. 720p"
renoise-2081782296815014100,"15-second cinematic anime skate clip. Bright midday city — streets, mall…",,漫剧,现实向,都市校园,2D日漫,en,Seedance 2.0,link-only,hate,renoise-ai/awesome-seedance-prompts,https://github.com/renoise-ai/awesome-seedance-prompts/blob/904b6caffa21c2b114bb93e1bd0e37ba80b3dd10/data/prompts/2081782296815014100.json,CC-BY-4.0,ANKIT PATEL 🇮🇳 | AI,https://x.com/Ankit_patel211/status/2081782296815014100,True,prompts/漫剧/现实向/都市校园/renoise-2081782296815014100--15-second-cinematic-anime-skate-clip.-Br.md,
renoise-2081783816608231757,OPERATION: Helicopter refueling stop at offshore oil platform.,,真人,现实向,生活与vlog,,en,Seedance 2.0,,,renoise-ai/awesome-seedance-prompts,https://github.com/renoise-ai/awesome-seedance-prompts/blob/904b6caffa21c2b114bb93e1bd0e37ba80b3dd10/data/prompts/2081783816608231757.json,CC-BY-4.0,𝐌,https://x.com/Strength04_X/status/2081783816608231757,True,prompts/真人/现实向/生活与vlog/renoise-2081783816608231757--OPERATION-Helicopter-refueling-stop-at-o.md,"OPERATION: Helicopter refueling stop at offshore oil platform.
DECK CREW MEMBER: Male, 35. Fire-retardant coveralls. Life vest. Ear defenders. Alert, methodical safety behavior.
SHIFT TIME: 1:30 PM. Midday operational window.
WORK ZONE: Offshore platform helideck. Parked helicopter with rotors idling. Refueling hose station. Wind sock visible. Open ocean horizon in background.
CAMERA STYLE: Shoulder-level documentary following the deck crew member. Handheld stability with wind movement visible. Occasional wide shots showing ocean scale. Zooms only during fuel connection moments.
WORKFLOW:
Helicopter lands and rotors set to idle. Deck crew approaches with safety clearance signal. Refueling hose connected and fuel transfer begins. Visual inspection of connections during fueling. Hose disconnected, helicopter cleared for takeoff.
AMBIENT AUDIO: Helicopter rotor idle hum. Ocean wind gusts. Fuel pump mechanical sounds. Radio safety communications. Distant wave sounds.
REALISM NOTES: Strict offshore aviation safety protocol. No one acknowledges the camera. Crew maintains constant situational awareness throughout."
renoise-2081789545058852966,SEEDANCE 2.0,,真人,特效向,武侠打斗,,en,Seedance 2.0,,,renoise-ai/awesome-seedance-prompts,https://github.com/renoise-ai/awesome-seedance-prompts/blob/904b6caffa21c2b114bb93e1bd0e37ba80b3dd10/data/prompts/2081789545058852966.json,CC-BY-4.0,Brent Lynch,https://x.com/BrentLynch/status/2081789545058852966,True,prompts/真人/特效向/武侠打斗/renoise-2081789545058852966--SEEDANCE-2.0.md,"SEEDANCE 2.0
The woman in the pink shirt and jeans fights with martial arts only.
The woman in the light-blue sleeveless shirt and denim shorts fights with the surfboard only.
Do not swap roles or weapons. Professional fight choreography l. Only 2 robots
Create a 15-second multi-shot action scene in the style of a 1980s live-action sci-fi movie. Use bright vintage telecine, 35mm film grain, slight gate weave, warm beach light, practical robot suits, real stunt work, smoke,, and sand impacts. No CGI. Add fun, energetic 1980s synth-action music.
Keep the action very simple, clear, and easy to read. Show clear wide shots and a few close-ups. The geography must stay easy to follow.
0:00–0:04
Start from the opening frame.
Pink kicks Robot 1 backward.
Blue swings the surfboard and it clearly hits Robot 2’s body.
Show the surfboard making solid contact. Sand and sparks fly.
0:04–0:08
Pink blocks Robot 1 and punches it once.
Blue swings the surfboard again and it clearly hits Robot 2 a second time.
The two women step back together as both robots move toward them.
Blue says, worried but determined:
“We only got fifteen seconds! We don’t have Flux 3 yet! Is that gonna be enough time?”
Use clear dialogue and accurate lip sync.
0:08–0:12
Pink attacks Robot 1 with a simple combo: punch, elbow, kick.
Blue attacks Robot 2 with two clear surfboard hits, both visibly connecting with the robot.
Both robots stagger.
0:12–0:15
Pink finishes Robot 1 with one final kick, knocking it into the sand.
Blue finishes Robot 2 with one final hard surfboard strike that clearly connects, knocking it down.
The two women stand together, victorious, beside the two fallen robots. Smoke and sparks drift behind them.
Pink smiles and says:
“Plenty.”
End on a strong heroic two-shot.
No subtitles, no text on screen, no logos, no extra characters, no extra robots, no duplicated people, no extra robots no weapon changes, and no missed surfboard impacts."
renoise-2081801841575133536,"Premium sports video, realistic boxing mechanics, hyper-detailed impact…",,真人,特效向,武侠打斗,,en,Seedance 2.0,,,renoise-ai/awesome-seedance-prompts,https://github.com/renoise-ai/awesome-seedance-prompts/blob/904b6caffa21c2b114bb93e1bd0e37ba80b3dd10/data/prompts/2081801841575133536.json,CC-BY-4.0,Pierrick Chevallier | IA,https://x.com/CharaspowerAI/status/2081801841575133536,True,"prompts/真人/特效向/武侠打斗/renoise-2081801841575133536--Premium-sports-video,-realistic-boxing-m.md","Premium sports video, realistic boxing mechanics, hyper-detailed impact animation, sweat trails, dramatic slow-fast pacing, emotional victory.

0–4s: Final round inside a packed underground boxing arena. A badly exhausted fighter leans against the ropes while his larger opponent advances. Sweat, damaged gloves, harsh overhead lights and roaring spectators.
4–8s: The opponent throws a rapid combination. The exhausted fighter slips left, ducks under a hook and absorbs one heavy body impact, nearly dropping to one knee. Tight handheld camera and sharp impact frames.
8–12s: He steadies his breathing, notices the opponent lowering the right hand, then explodes forward with a fast body-head combination. Camera circles both fighters as their footwork accelerates.
12–15s: One final rising punch connects under the opponent’s guard. The larger fighter drops to one knee as the bell rings. The exhausted fighter remains standing only by holding the ropes. End on his trembling raised glove."
renoise-2081820920264679697,"15 second photorealistic cinematic street-dance video, 16:9, one continuous…",,真人,现实向,音乐MV,,en,Seedance 2.0,,,renoise-ai/awesome-seedance-prompts,https://github.com/renoise-ai/awesome-seedance-prompts/blob/904b6caffa21c2b114bb93e1bd0e37ba80b3dd10/data/prompts/2081820920264679697.json,CC-BY-4.0,BMX,https://x.com/bmx_ai13/status/2081820920264679697,True,prompts/真人/现实向/音乐MV/renoise-2081820920264679697--15-second-photorealistic-cinematic-stree.md,"15 second photorealistic cinematic street-dance video, 16:9, one continuous locked off shot. Natural 24 fps cinema feel with 180° motion blur. Camera very low, about 45 cm above a sunlit brick-paved pedestrian bridge/ramp, centered on the walkway, 70–85 mm full-frame equivalent lens for compressed urban depth. Symmetrical concrete sidewalls and thin golden vertical rail posts frame the dancers. Background: cool blue-gray modern building with rows of windows, a silver-and-blue commuter train/transit vehicle across mid-frame, a few distant pedestrians/cyclists. Warm late-afternoon sunlight from camera-right creates crisp long shadows, warm edge highlights and mild atmospheric haze; realistic exposure, soft highlight roll-off, natural color, no HDR look.

ACTION:
0–1s: Dancer 1, young adult man, beige knit beanie, plain white T-shirt, loose pale-gray trousers, black sneakers, starts slightly left of center. He bends forward, steps wide and lowers his body, eyes on the ground.
1–2s: He drops into floorwork, one hand on the pavement, hips turning as his legs sweep around; motion clearly comes from planted limbs and body momentum.
2–3.5s: He rolls into a controlled low inverted freeze, supported by head/forearm/hand, torso diagonal, both legs lifted toward screen-left. Show real muscle tension and tiny balance corrections.
3.5–5s: Dancer 2 enters briskly from screen-right in a light T-shirt, loose black trousers and dark sneakers. He drops into a low squat/kneel beside Dancer 1, then pivots around him while Dancer 1 holds the freeze.
5–7s: Dancer 2 rises into fast breaking footwork and a compact hop around Dancer 1, arms counterbalancing naturally. Dancer 1 shifts from the head-supported pose onto his hands, sweeping his legs low across the pavement. Maintain safe separation and believable physics.
7–9s: Layered duet: Dancer 1 rotates out into seated/hand-supported floorwork with a low leg sweep; Dancer 2 holds a dynamic forward-leaning crouch behind and to screen-right, then resets his weight. No body intersections.
9–10.5s: Dancer 3, loose black T-shirt and black trousers, runs in from screen-left, immediately crouches and rolls into floorwork in the foreground-left while the first two remain layered behind.
10.5–13.5s: Dancer 3 plants one palm and kicks into a one-arm breaking freeze/handstand, hips high, legs bent and scissored. Show wrist compression, shoulder load, fabric movement and micro-corrections. Dancer 2 stays behind in a bent athletic stance; Dancer 1 remains low and partly obscured.
13.5–15s: Dancer 4 in a light top enters low from far screen-right, reaching one hand to the pavement to join the chain. Dancer 3 sustains the one-arm freeze. Resolve into a strong multi-layer group tableau on the final beat and hold for the last frames.

CAMERA: absolutely no pan, tilt, zoom, orbit or cuts. Keep faces, clothing and body proportions consistent. Natural hand/foot contact, gravity, momentum, cloth folds and contact shadows. Slight authentic background motion only. Avoid morphing, extra or duplicated limbs, warped hands, floating bodies, rubber joints, impossible acrobatics, flicker, over-sharpening, plastic skin, synthetic glow, fake bokeh, text, subtitles, logos and watermarks.

AUDIO: energetic instrumental breakbeat / old-school hip-hop, 100–105 BPM, punchy kick and snare, dry claps, warm bass, light vinyl texture, restrained urban percussion. Hit musical accents on the first inversion, Dancer 2’s hop, Dancer 3’s one-arm freeze and the final tableau. Underlay subtle city ambience, distant train/traffic rumble, shoe scuffs and palm impacts on brick. No vocals."
renoise-2081879494395400654,"Gritty 16mm cinema verite, authentic contemporary Paris documentary footage…",,真人,现实向,生活与vlog,,en,Seedance 2.0,,,renoise-ai/awesome-seedance-prompts,https://github.com/renoise-ai/awesome-seedance-prompts/blob/904b6caffa21c2b114bb93e1bd0e37ba80b3dd10/data/prompts/2081879494395400654.json,CC-BY-4.0,Fikkkfx,https://x.com/FikkkFX/status/2081879494395400654,True,"prompts/真人/现实向/生活与vlog/renoise-2081879494395400654--Gritty-16mm-cinema-verite,-authentic-con.md","Gritty 16mm cinema verite, authentic contemporary Paris documentary footage, organic heavy film grain, pure natural daylight, heavy shoulder-mounted handheld shake, no stabilization, soft focus falls, subtle sprocket light leaks at frame edges, raw and elegant, lived-in realism, intimate observational filmmaking. 0-3s: [Close Handheld Tracking] Young East Asian woman in her mid-20s, completely natural face with no makeup, no contouring, no beauty filter, natural skin texture with visible pores and faint sun-freckling, natural unplucked eyebrows, wind-tousled dark shoulder-length hair unstyled and loose. She wears a simple cream cotton blouse tucked loosely into high-waisted brown corduroy wide-leg trousers, worn white canvas sneakers, a faded canvas tote bag slung over one shoulder. Camera stays tight on her profile and upper body, heavy shoulder-mounted bounce synced to operator footsteps, rhythmic vertical bob on each stride. She walks along a tree-lined gravel path near the Champ de Mars, the massive wrought-iron lattice of the Eiffel Tower rising between the chestnut tree canopy in the deep background. Warm dappled golden afternoon sunlight filters through the leaves, shifting across her face and shoulders as she moves through patches of shadow and light. She slows for half a second, glances at a flower cart with bundles of lavender and wildflowers at screen-left. A quiet unguarded expression. Wind catches her hair. The camera catches it. 3-7s: [Unsteady Following Shot] She continues into the open Champ de Mars gardens, the full iron silhouette of the Eiffel Tower now visible behind her. Camera stays behind and slightly to the side, bouncing with every step, operator breathing audible in the subtle focal drift. Camera autofocus momentarily hunts past her shoulder at [5s], soft focus falls for 0.3 seconds, then snaps back sharp on her face. A man in a rumpled linen shirt reads a paperback on a bench at screen-left. A young couple shares a torn baguette on a blanket at screen-right. A little girl chasing soap bubbles cuts diagonally across her walking path from screen-right, forcing her to sidestep. Pigeons scatter from the gravel catching golden light in their wings. A street musician tunes a battered accordion somewhere off-screen. Pure dynamism and park energy. 7-11s: [Handheld Medium with Orbit] A group of kids kicking a football suddenly swarm across the path directly in front of her. One almost collides with her, she steps aside gracefully, laughs under her breath, and briefly exchanges a look with the child. Neither speaks. Both smile. They part. The camera whip-pans 15 degrees past her to catch the kids running, then corrects back to her face with organic deceleration. She approaches a small sidewalk crepe stand with a hand-painted chalkboard menu. Camera settles into a shaky medium shot as she leans toward the counter. The copper crepe griddle catches the low sunlight, warm halation blooming across the frame. She speaks softly in fluent native Mandarin mixed with broken French to the vendor, pointing, easy tourist warmth. The gardens stay alive and chaotic around them. 11-15s: [Raw Tracking Pull-Back] She steps away holding a warm crepe folded in wax paper, walking deeper into the open gardens. Camera follows close and imperfect, subject drifting toward screen-left edge of frame before the operator corrects over 0.5 seconds. Exposure pumps slightly brighter as camera moves from tree canopy shadow into direct low-angle sunlight, 0.4 second iris lag. Light shifts across her face catching the residual warmth of the near-collision smile. She tilts her chin upward toward the towering Eiffel Tower now filling the background, its iron lattice glowing warm bronze in the golden hour. Her eyes close for one unguarded second. A child laughs somewhere behind the camera. A bicycle bell rings at screen-right. The city breathes and the camera never settles. Photorealistic 16mm film emulation, Kodak Eastman 7247 stock, heavy organic grain intensifying in shadows and softening in highlights, gate registration jitter from mechanical film transport, subtle amber sprocket light leaks at frame edges, warm halation bloom on bright sources, natural skin texture with visible pores and micro-blemishes zero beauty filter zero skin smoothing zero glamour, heavy shoulder-mounted handheld bounce synced to operator footsteps, soft focus falls and autofocus hunting, subtle 2% breathing zoom from operator handheld, whip-pan overshoot with organic correction, partial framing drift with operator adjustment, exposure pump on shadow-to-sunlight transition, motivated natural light drift through dappled tree canopy, zero unmotivated chromatic shift, continuous micro-movements wind-tousled hair fabric shifting chest breathing, coherent motion, cinema verite observational camera, zero stabilization, Triadic color separation amber gold cream white iron grey-brown, strict chirality no lateral flipping, clean frame zero vignette zero borders, 16:9 aspect ratio."
renoise-2081881395681796251,生成一条 10 秒、9:16 竖屏、固定机位、一镜到底的写实混合媒介短视频。,,真人,现实向,喜剧整活,,zh,Seedance 2.0,,,renoise-ai/awesome-seedance-prompts,https://github.com/renoise-ai/awesome-seedance-prompts/blob/904b6caffa21c2b114bb93e1bd0e37ba80b3dd10/data/prompts/2081881395681796251.json,CC-BY-4.0,PixelAIGC,https://x.com/PixelAigc/status/2081881395681796251,True,prompts/真人/现实向/喜剧整活/renoise-2081881395681796251--生成一条-10-秒-9-16-竖屏-固定机位-一镜到底的写实混合媒介短视频.md,"生成一条 10 秒、9:16 竖屏、固定机位、一镜到底的写实混合媒介短视频。

主体：20 岁年轻东亚女性，长头发，白色运动背心，牛仔裤，红色高跟鞋，保持人物一致性

场景：一面白墙，白墙上有一个和女主同款的二维黑白涂鸦，表情姿势非常夸张搞怪

真人在左、涂鸦在右、全身构图不变。

动作：
0–3 秒：真人踮脚想离开，发现墙上的黑色涂鸦正在夸张模仿她。真人停下来回头，轻轻皱眉，一脸 “你又来了”。
3–7 秒：涂鸦始终贴在墙面上，开始手舞足蹈、抬腿跳傻气的胜利舞，线条随动作轻微抖动，出现少量黑色速度线和小星星。真人转向墙面，一手叉腰，另一只手伸出制止它，轻轻翻白眼，但嘴角忍笑。
7–10 秒：涂鸦突然安静，双手在头顶组成大爱心，歪头眯眼装乖。真人肩膀放松，无奈叹气，最后露出克制的微笑，用食指轻轻触碰墙上的爱心边缘，表现 “真拿你没办法” 的又烦又爱。

墙上角色全程只能是贴墙的二维黑色手绘线稿，不能变成第二个真人、彩色动漫人物或实体阴影，不能钻出墙面或穿过真人。真人指尖只接触墙面线条。 自然的人体运动、面部微表情、发丝和衣料动态。镜头完全固定，不推拉、不摇移、不切镜。 不要额外人物、文字、水印、Logo、背景变化、身份漂移、换装、面部变形、肢体畸形、额外手指、跳帧或闪烁。"
renoise-2081925685980066119,Shot count: 1 | Duration: 10s | Aspect ratio: 16:9,,其他,,广告带货,,ja,Seedance 2.0,,,renoise-ai/awesome-seedance-prompts,https://github.com/renoise-ai/awesome-seedance-prompts/blob/904b6caffa21c2b114bb93e1bd0e37ba80b3dd10/data/prompts/2081925685980066119.json,CC-BY-4.0,タナベ | AI動画 × マーケティング,https://x.com/tanabe_fragm/status/2081925685980066119,True,prompts/其他/广告带货/renoise-2081925685980066119--Shot-count-1-Duration-10s-Aspect-ratio-1.md,"Shot count: 1 | Duration: 10s | Aspect ratio: 16:9
Use @Image1 as the exact first frame.

=== ABSOLUTE TEXT RULE ===
Do not add, replace, redraw or re-render any text anywhere in the frame.
Every Japanese character, every number, the brand name and the website
address must stay exactly as they are in @Image1 for all ten seconds.
Never display any English word other than what is already printed in
@Image1. No new text of any kind may appear.

=== CAMERA ===
Fixed, locked-off tripod shot. The camera never moves, pans or zooms.
Any change in her size comes from the girl herself stepping forward,
not from the camera.

=== SUBJECT ===
Maintain exact appearance from @Image1: the same 17-year-old Japanese
schoolgirl, same face, same very fair skin, same black ponytail, same
white short-sleeved sailor blouse with navy scarf, same navy pleated
skirt, same navy shoulder bag. Her facial structure and features stay
identical throughout. Her blouse always covers her waist completely and
her midriff is never visible at any moment.

=== CORE IDEA ===
The frame looks like a printed magazine ad. Then the girl inside it
turns out to be alive, and she steps forward out of the layout toward
the viewer. From that moment on she owns the frame and the eye goes
straight to her.

=== FRAMING CHANGE ===
At the start she is seen from mid-thigh up.
When she steps forward, she comes close enough that the bottom edge of
the frame now cuts her at the waist, and her thighs and the hem of her
skirt are no longer visible at all. The top of her head stays fully
inside the top edge, never cropped. Her face becomes noticeably larger.
This waist-up framing is held for the entire rest of the video and
never widens back out.

=== TIMELINE ===

0.0-1.0s: Absolutely nothing moves. Not a blink, not a breath, not a
hair. The image is completely frozen and must be indistinguishable
from a still photograph. She is seen from mid-thigh up.

1.0-1.4s: Only her eyes move. They flick to the left, toward the
bottle. Her head, her body and her smile do not move at all yet.

1.4-2.4s: She comes alive and steps forward toward the camera, until
the framing described above is reached: waist up, head fully in frame,
thighs and skirt hem gone. She also shifts very slightly toward the
centre. As the sky behind her falls out of focus and turns very
slightly soft, she stays perfectly sharp, so she clearly separates
from the printed layout and becomes the focal point.
In the same movement her head turns toward the bottle, her upper body
leans to her right, she releases the bag strap and stretches her right
arm out across the frame. Her bare forearm and hand pass clearly in
front of the flat blue graphic panel and over the printed lead copy.
She closes her hand around the cold bottle and lifts it off the layout,
leaving that area of the design empty.

She stays at this larger size and this waist-up framing for the entire
rest of the video. She never shrinks back and never returns to her
original position.

2.4-3.1s: She straightens back up, brings the bottle in front of her
chest, and quickly twists the white cap off with her other hand. The
movement is fast and confident. Both hands stay clearly formed with
five normal fingers each.

3.1-5.4s: She raises the bottle to her lips with her right hand, tips
her head back and drinks thirstily in long swallows. Her throat moves
visibly with each swallow, her eyes close, and her eyebrows relax.
Condensation runs down the bottle.

5.4-6.3s: She pulls the bottle away from her mouth, lifts her face and
opens her eyes wide with a huge refreshed exhale. Her ponytail and the
loose strands around her face lift in a gust of wind. A drop of water
shines at the corner of her mouth. Pure relief.

6.3-8.0s: She lowers the bottle, looks straight into the camera and
speaks with bright, energetic delivery, a full open smile.

8.0-10.0s: She thrusts the bottle forward toward the camera with her
right arm, so it becomes noticeably larger and closer to the lens, and
calls out the brand name. The label rotates to face the camera squarely
so the logo is fully readable. From 9.5s she holds completely still,
smiling, still framed from the waist up, with the label facing front
and perfectly sharp.

=== PRESENCE ===
After 2.4s the girl must clearly read as standing in front of the
printed advertisement rather than being part of it. She is larger,
sharper and closer to the viewer than every graphic element behind her.
All flat graphic elements and all text stay perfectly sharp and fully
readable at their original size; only the photographic sky softens.

=== BODY LANGUAGE ===
Whenever she turns to something, her eyes move first, then her head,
then her shoulders and torso, and her arm last. She breathes visibly
and her weight shifts subtly, so she never looks frozen after the first
second. All movements are energetic but smooth, never robotic.

=== EXPRESSION ARC ===
frozen bright smile -> alert and focused as she reaches -> eyes closed
in relief while drinking -> eyes wide with a big refreshed gasp ->
bright energetic speaking face -> the biggest, happiest smile of all
at the very end.

=== LOCKED ===
The blue graphic panel, the headline, the lead copy, the product
information lines, the brand logo and the website address never move,
never change size and are never redrawn. The lighting stays identical
throughout. The only things that change are the girl, her bag, the
bottle she picks up, and the slight softening of the sky behind her.

=== AUDIO ===
0.0-1.0s: only loud cicadas and thick summer heat ambience, no music.
1.4s: the cicadas cut away and a bright, energetic Japanese summer
commercial track kicks in, upbeat and cheerful.
3.1-5.4s: the music drops out completely; only fizzing carbonation and
her swallowing are heard.
5.4s: the music returns at full energy on her gasp.
8.0s: a final accent hit as she thrusts the bottle forward.

Japanese female voiceover, 17 years old, bright, cheerful and full of
energy, spoken live on camera with natural lip sync.
6.5s  「夏は、飲んで勝つ。」
8.3s  「アクシア！」

=== AVOID ===
any movement at all during the first second, blinking in the first
second, the camera moving or zooming, the girl returning to her
original size, the girl shrinking back after stepping forward,
the framing widening back out after she steps forward, her thighs or
skirt hem being visible after she steps forward, her head being cropped
by the top edge, the girl walking sideways across the frame, the bottle
moving by itself before she touches it, drinking from a closed bottle,
the midriff or waist showing, the blouse riding up, extra fingers,
missing fingers, hand deformation, more than two hands, the text or
graphics becoming blurry, new text appearing, text warping, morphing
letters, garbled Japanese, the logo becoming unreadable, the label
facing away at the end, face shape changing, different person,
face drift, glow, sparkles, new objects."
renoise-2081934695110148184,"3D animated cartoon style, CGI animated feature film quality, NOT…",,漫剧,现实向,剧情短片,3D卡通,en,Seedance 2.0,,,renoise-ai/awesome-seedance-prompts,https://github.com/renoise-ai/awesome-seedance-prompts/blob/904b6caffa21c2b114bb93e1bd0e37ba80b3dd10/data/prompts/2081934695110148184.json,CC-BY-4.0,Shara I Ai Video Creator,https://x.com/itsshara_ai/status/2081934695110148184,True,"prompts/漫剧/现实向/剧情短片/renoise-2081934695110148184--3D-animated-cartoon-style,-CGI-animated.md","3D animated cartoon style, CGI animated feature film quality, NOT photorealistic. A confident teenage boy walks into a small kitchen station, grabs an apron off a hook and spins it onto himself in one fluid motion, tying it with a sharp snap. He reaches down and grabs a ball of dough with a stylish flick of the wrist. Camera: static wide shot, slight low angle, quick push-in on final beat. Clean cartoon lighting, no photorealistic textures. SET LAYOUT: kitchen counter center-frame, apron hook on left wall, dough visible on counter before he grabs it."
renoise-2081939162073112898,SCENE 1 (0:00-0:15) — INSERTION → GRAB → ALARM → CHARGE → TAKEDOWN → COVER,,真人,特效向,动作大片,,en,Seedance 2.0,,,renoise-ai/awesome-seedance-prompts,https://github.com/renoise-ai/awesome-seedance-prompts/blob/904b6caffa21c2b114bb93e1bd0e37ba80b3dd10/data/prompts/2081939162073112898.json,CC-BY-4.0,Ivanna | AI Art & Prompts,https://x.com/ivanka_humeniuk/status/2081939162073112898,True,prompts/真人/特效向/动作大片/renoise-2081939162073112898--SCENE-1-0-00-0-15-—-INSERTION-→-GRAB-→-A.md,"SCENE 1 (0:00-0:15) — INSERTION → GRAB → ALARM → CHARGE → TAKEDOWN → COVER
SHOT STRUCTURE: 6 shots, 15 seconds, 16:9. 35mm motion picture film, anamorphic lenses, film grain, constant full-speed playback in every shot.

@Image1 is the heroine character reference — keep face, hair and outfit identical in every shot.

GLOBAL STYLE NOTES:
- lighting_philosophy: hard cold shafts from ceiling vents on black marble; from Shot 2 on, pulsing red alarm light washes the room.
- color_grade: teal-and-orange, deep teal shadows, warm gold on marble and brass, hard red accents after the alarm.
- setting: luxury private vault — black polished marble floor, massive steel walls, gilded trim, central pedestal, thick concrete column camera-right.
- ambience: large stone-room reverb, 90s electronic bass, siren.
- characters:
  - heroine (focal, per @Image1): olive cropped tee with black HEAVY METAL print, black leather choker with silver O-ring, black patent latex fingerless gloves to the elbow over black fishnet sleeves, olive pleated mini skirt with studded black leather belts and thigh garter straps, fishnet stockings, heavy black boots, long wavy light-brown hair in a high half-ponytail.
  - guards (background): three men in matte black armor and helmets, red laser sights.
  - case (prop): heavy brushed-silver briefcase, steel latches.

SEQUENCE LIST:
SHOT 1 (0-3s) HOOK — WS, worm's eye view from floor level
- vfx: dust bursting outward from the impact, skirt pleats and ponytail snapping down, light shafts breaking on her body.
- camera_motion: fast pull-out from the marble floor as she drops into frame from above.
- action_visual: heroine (per @Image1) falls from the ceiling and lands hard on one knee, one fist to the marble. SFX: air WHOOSH, boot THUD on stone.
- exit: she holds the crouch, weight already shifting forward.
(HARD CUT TO)
SHOT 2 (3-5s) SETUP — ECU macro on her gloved hand and the case
- vfx: red alarm light snapping on across the whole frame in one beat, gold highlight sliding off the silver case.
- camera_motion: static macro, tiny handheld drift, whip-out on the last frames.
- action_visual: her latex-gloved hand closes on the case handle and rips it off the pedestal — five fingers, thumb locked over the grip. SFX: hard metallic CLICK, siren WEE-OOO slamming in.
- exit: the case leaves frame with her arm.
(WHIP PAN TO)
SHOT 3 (5-8s) TWIST — WS on the vault doors, low angle
- vfx: doors blasting inward into steel shards, red laser beams cutting the dust, alarm light strobing on armor.
- camera_motion: aggressive whip pan across the chamber onto the doors, hard handheld settle.
- action_visual: three armored guards storm through the breach, rifles up, lasers sweeping. SFX: door CRASH, shouted commands, 90s bass hitting hard.
- exit: the lead guard's laser lands on the lens.
(HARD CUT TO)
SHOT 4 (8-11s) SIGNATURE — MS, reverse tracking at chest height
- vfx: bullet sparks bursting off the case straight into the lens, marble chips flying, red strobe on the latex.
- camera_motion: camera flies backwards ahead of her, handheld with frame shake on each impact.
- action_visual: heroine charges straight at the guards and snaps the case open in front of her chest as a shield — rounds hammer the metal, jolting her arms. Jaw set, brows dropped hard and level. SFX: automatic fire BANG-BANG-BANG, ringing PING-PING off metal.
- exit: her knees buckle forward into the slide.
(HARD CUT TO)
SHOT 5 (11-13s) CLIMAX — FS, Dutch tilt 15°
- vfx: friction dust off the marble, ponytail and skirt dragged by the slide.
- camera_motion: low handheld arcing with her, tilt holding 15°.
- action_visual: heroine drops into a knee slide and takes the first guard's legs out with both boots; he goes down flat, his rifle skitters across the marble. SFX: SCRAPE of metal on stone, dull body impact, weapon clattering.
- exit: she rolls out of the slide toward camera-right.
(HARD CUT TO)
SHOT 6 (13-15s) PUNCHLINE — MS, static, locked on the concrete column
- vfx: concrete chips and dust bursting off the column face on each hit.
- camera_motion: locked static frame, faint handheld breathing.
- action_visual: heroine rolls behind the column and disappears from frame. The empty column takes sustained fire. SFX: continuous gunfire, cracking concrete, music cuts off on a high note.
- exit: hold on the column as the last chips fall.

TECHNICAL CONSTRAINTS:
- character, outfit, hair and case identical across all shots
- case gripped in both hands from Shot 4, latches toward camera, weight pulling her arms
- straight vertical lines preserved on the wide lens, natural facial proportions
- clean frame, the only lettering in shot is the HEAVY METAL print on her shirt
- constant full-speed playback, motion blur only within the shutter

GENERATE FIRST: Shot 4 (case-as-shield charge), Shot 5 (slide takedown)"
renoise-2081940413401928089,スタイル:実写映画。,,真人,现实向,剧情短片,,ja,Seedance 2.0,,,renoise-ai/awesome-seedance-prompts,https://github.com/renoise-ai/awesome-seedance-prompts/blob/904b6caffa21c2b114bb93e1bd0e37ba80b3dd10/data/prompts/2081940413401928089.json,CC-BY-4.0,とすくん,https://x.com/tokyo_Valentine/status/2081940413401928089,True,prompts/真人/现实向/剧情短片/renoise-2081940413401928089--スタイル-実写映画.md,"スタイル:実写映画。
BGM:なし

シーン1:

画像1、画像2のキャラクターが画像3の部屋で椅子に座って向かい合っている。

画像1のキャラクターが画像2のキャラクターに手に持っている画像4の紙を渡す。

画像1と画像2のキャラクターの台詞「よろしくお願いします。」

シーン2:

カメラが切り替わる

画像2の人物が意地悪そうな笑顔で質問する。

画像2のキャラクターの台詞。

「ジュウショフテイって、家がないってことかな？キビシイなーーー」

画像1のキャラクターの台詞

「ショルイでオトシマセンデシタヨネ？なぜイマ、ソレヲキクンデスカ？」

シーン3:

カメラが切り替わる

画像1のキャラクターが椅子を蹴っ飛ばす。

画像1のキャラクターの台詞

「こっちから願い下げだよコンナミセ。ブカが可哀想だ。」"
renoise-2081942005043867706,A cinematic sunset drone flight begins at Hoàn Kiếm Lake with Turtle Tower as a…,,其他,,广告带货,,ko,Seedance 2.0,,,renoise-ai/awesome-seedance-prompts,https://github.com/renoise-ai/awesome-seedance-prompts/blob/904b6caffa21c2b114bb93e1bd0e37ba80b3dd10/data/prompts/2081942005043867706.json,CC-BY-4.0,frogflower,https://x.com/BartzWow/status/2081942005043867706,True,prompts/其他/广告带货/renoise-2081942005043867706--A-cinematic-sunset-drone-flight-begins-a.md,"A cinematic sunset drone flight begins at Hoàn Kiếm Lake with Turtle Tower as a glowing light streak travels through golden skies, over misty rice terraces and tropical coastline, then transforms an empty beachfront into a luxurious seaside resort with modern villas, infinity pools, and warm lights. Ultra-realistic, seamless transitions, golden-hour lighting, and cinematic 4K."
renoise-2081944155732034044,"Feudal Japan at dusk, mist over pine-covered mountains. An armored war-train of…",,真人,特效向,动作大片,,en,Seedance 2.0,link-only,copyrighted-character,renoise-ai/awesome-seedance-prompts,https://github.com/renoise-ai/awesome-seedance-prompts/blob/904b6caffa21c2b114bb93e1bd0e37ba80b3dd10/data/prompts/2081944155732034044.json,CC-BY-4.0,𝐌,https://x.com/Strength04_X/status/2081944155732034044,True,"prompts/真人/特效向/动作大片/renoise-2081944155732034044--Feudal-Japan-at-dusk,-mist-over-pine-cov.md",
renoise-2081950961174716674,Neo-Tokyo 2087 — Ghost Frequency. Revised Cut · 15 seconds · 4 shots.,,真人,特效向,动作大片,,en,Seedance 2.0,link-only,copyrighted-character,renoise-ai/awesome-seedance-prompts,https://github.com/renoise-ai/awesome-seedance-prompts/blob/904b6caffa21c2b114bb93e1bd0e37ba80b3dd10/data/prompts/2081950961174716674.json,CC-BY-4.0,0xKuriyama |Kendu⚡🔋,https://x.com/Kuriyama890/status/2081950961174716674,True,prompts/真人/特效向/动作大片/renoise-2081950961174716674--Neo-Tokyo-2087-—-Ghost-Frequency.-Revise.md,
renoise-2081952844161364299,Animate the provided first frame into a 15-second cheerful anime dance opening…,,漫剧,现实向,都市校园,2D日漫,en,Seedance 2.0,,,renoise-ai/awesome-seedance-prompts,https://github.com/renoise-ai/awesome-seedance-prompts/blob/904b6caffa21c2b114bb93e1bd0e37ba80b3dd10/data/prompts/2081952844161364299.json,CC-BY-4.0,apob,https://x.com/apob_ai/status/2081952844161364299,True,prompts/漫剧/现实向/都市校园/renoise-2081952844161364299--Animate-the-provided-first-frame-into-a.md,"Animate the provided first frame into a 15-second cheerful anime dance opening sequence in 16:9 horizontal format. Keep the same five original anime characters, same faces, same hairstyles, same outfits, same school rooftop, same golden-hour sunset lighting, and same polished Japanese TV anime OP style throughout the entire video.
STYLE:
Modern Japanese anime opening dance sequence, bright cel shading, clean line art, expressive faces, cheerful school-life energy, smooth synchronized group choreography, warm sunset sky, soft pastel colors, rhythmic cuts, cute dance gestures, loopable OP ending. The video should feel like a beloved anime dance opening, energetic and memorable.
CHARACTER LOCK:
Exactly five characters appear for the entire video.
Hina is center lead: chestnut bob hair, cream cardigan, white shirt, navy pleated skirt, red ribbon.
Aoi is left-front: long black hair, navy blazer, blue ribbon, plaid skirt.
Mika is right-front: pink twin ponytails, pastel hoodie, school skirt, colorful sneakers.
Ren is left-back: blond hair, white shirt, beige sweater vest, dark trousers.
Sora is right-back: short blue-black hair, cropped athletic jacket, pleated skirt over shorts.
Do not swap faces, hairstyles, outfits, genders, body positions, or identities. No extra characters.
TIMELINE:
0–1.5s:
Start exactly from the first frame. Five characters hold a V formation on the rooftop. Sunset light glows behind them, banners flutter, and the city skyline sits softly in the background.
1.5–3s:
The music begins. All five snap their heads up, smile, raise one hand near the cheek, and flick the wrist outward in sync. Camera performs a gentle low-angle push-in.
3–4.5s:
They step right with a small bounce, then step left. Arms cross briefly at the chest and open outward. Hair, skirts, ties, ribbons, and hoodie sleeves move naturally.
4.5–6s:
Close-up on Hina. She smiles brightly, points toward the camera, and lip-syncs silently for one beat. The background becomes softly blurred.
6–7.5s:
Return to full-body group shot. Aoi and Sora perform mirrored sharp arm gestures while Mika adds a playful hop. Ren keeps smooth footwork behind them.
7.5–9s:
The group changes from V formation into a horizontal line. All five perform quick step-cross footwork, diagonal arm cuts, and a small shoulder bounce.
9–10.5s:
Ren leads a smooth shoulder roll wave from left to right. The motion passes through the group, ending with Mika’s playful cheek pose.
10.5–12s:
All five perform a half-turn spin and face the camera again. Use clean anime motion, flowing hair, fluttering ribbons, and soft speed lines.
12–13.5s:
Chorus peak. The group does a small synchronized jump-step, landing together on the beat. Sunset light flares softly behind them.
13.5–15s:
They return to the original V formation with Hina center front. All five raise one arm and hold a bright final anime OP pose, smiling toward the camera. End on a loopable frame that can restart the dance.
CAMERA:
Use anime opening camera language: gentle low-angle push-in, full-body choreography shots, character close-up, quick side cuts, wide rooftop group shot, small spin tracking, final hero frame. Keep choreography readable and cheerful.
MOTION:
Cute anime OP choreography: head snap, smile, cheek-hand gesture, wrist flick, side step, arm cross, camera point, playful hop, step-cross footwork, shoulder wave, half-turn spin, synchronized jump-step, final pose.
LIGHTING:
Warm golden-hour sunlight, soft pastel sky, gentle rim light on hair, mild lens flare, clean cel-shaded shadows, bright upbeat atmosphere.
ENDING:
End with exactly five characters smiling in a V formation under the sunset sky, ready to loop back into the first frame."
renoise-2081968239530451068,A cinematic coming-of-age street basketball short film set on a worn outdoor…,,漫剧,现实向,剧情短片,3D卡通,en,Seedance 2.0,,,renoise-ai/awesome-seedance-prompts,https://github.com/renoise-ai/awesome-seedance-prompts/blob/904b6caffa21c2b114bb93e1bd0e37ba80b3dd10/data/prompts/2081968239530451068.json,CC-BY-4.0,TatipattaStudio,https://x.com/tatipatta_art/status/2081968239530451068,True,prompts/漫剧/现实向/剧情短片/renoise-2081968239530451068--A-cinematic-coming-of-age-street-basketb.md,"A cinematic coming-of-age street basketball short film set on a worn outdoor neighborhood court during golden hour. A quiet but determined young player named Jaylen arrives to challenge three intimidating delinquents who control the court. Before conflict erupts, a legendary older player steps in and turns the confrontation into a one-on-one game. The match unfolds through grounded, realistic basketball choreography with dynamic camera movement, expressive character acting, natural body mechanics, subtle environmental storytelling, premium production design, warm afternoon lighting, cinematic colour grading, realistic sound design, and emotionally driven pacing. Every shot advances the narrative while maintaining perfect visual continuity, ending on a dramatic cliffhanger as the game reaches its decisive final shot. Semi-realistic cel-shaded comic aesthetic, feature film quality, highly detailed, immersive, cinematic."
renoise-2081982163638255762,Create a 10-second ultra-realistic vertical (9:16) cinematic video at a lively…,,真人,现实向,喜剧整活,,en,Seedance 2.0,,,renoise-ai/awesome-seedance-prompts,https://github.com/renoise-ai/awesome-seedance-prompts/blob/904b6caffa21c2b114bb93e1bd0e37ba80b3dd10/data/prompts/2081982163638255762.json,CC-BY-4.0,Mr Das,https://x.com/MrDasOnX/status/2081982163638255762,True,prompts/真人/现实向/喜剧整活/renoise-2081982163638255762--Create-a-10-second-ultra-realistic-verti.md,"Create a 10-second ultra-realistic vertical (9:16) cinematic video at a lively outdoor street food restaurant during the evening. The camera is handheld, as if recorded on a smartphone by another customer. The scene feels completely authentic and unscripted.

A friendly cream-colored stray dog is already in frame from the very beginning, approaching a table where a young man is eating grilled meat skewers. Several people are dining in the background under warm string lights.

Timeline

0–3 seconds
From the very first frame, the dog continuously drags both hind legs across the ground, propelling itself using only its front legs. The hind legs remain completely limp and trail naturally behind the body without supporting any weight. The dog slowly crawls toward the man with an innocent, pleading expression, frequently looking at the grilled meat. Nearby diners notice the dog and feel sympathy.

3–6 seconds
The man feels sorry for the dog and gently offers a grilled meat skewer. The dog carefully reaches forward and politely takes the meat into its mouth while still dragging both hind legs, never breaking the act. Everyone watches, convinced the dog cannot use its back legs.

6–7 seconds
The moment the meat is securely in its mouth, the dog pauses for a split second, glances around as if checking whether anyone is watching, then instantly stands up on all four perfectly healthy legs.

7–10 seconds
The dog explodes into a full-speed sprint, running away with the meat in its mouth. Its tail wags excitedly as it disappears into the distance. The man and the surrounding diners burst into laughter and stare in complete disbelief, realizing they were hilariously fooled.

Style

Ultra photorealistic
Documentary realism
Natural handheld smartphone camera
Authentic outdoor street food restaurant
Warm evening lighting
Realistic human reactions
Perfect canine anatomy and animation
Smooth natural movement
Viral wholesome comedy
High-quality fur simulation
No text
No subtitles
No watermark
No logos
Natural ambient audio only: restaurant chatter, clinking dishes, distant traffic, dog panting, footsteps, laughter, and the sound of the dog sprinting away.

Critical animation note: The dog must drag both hind legs continuously from the first frame until it receives the food, with no accidental use of the hind legs before the reveal. The transition from “disabled” to a full-speed sprint should be instantaneous and create the comedic payoff."
renoise-2081982969250803928,DV 16mm 手持磁带摄像机 POV，由 LISA 拍摄。主体LISA。傍晚健身房有氧区，有氧器械，手机播放音乐，柔和照明。1…,,真人,现实向,生活与vlog,,zh,Seedance 2.0,,,renoise-ai/awesome-seedance-prompts,https://github.com/renoise-ai/awesome-seedance-prompts/blob/904b6caffa21c2b114bb93e1bd0e37ba80b3dd10/data/prompts/2081982969250803928.json,CC-BY-4.0,PixelAIGC,https://x.com/PixelAigc/status/2081982969250803928,True,"prompts/真人/现实向/生活与vlog/renoise-2081982969250803928--DV-16mm-手持磁带摄像机-POV,由-LISA-拍摄-主体LISA-傍晚健.md",DV 16mm 手持磁带摄像机 POV，由 LISA 拍摄。主体LISA。傍晚健身房有氧区，有氧器械，手机播放音乐，柔和照明。1. 正对镜头，坐到器械上。手握好。“好吧，今天练习胸肌。” 2. 练习。“这效果不错。” 3. 对着镜头擦汗。“做了三组了，有点酸疼了。” 4.起身，拿起水瓶，喝一口，脸部汗水特写。 5. 坐到另一台器械上。“现在换一个器材” 6. 正对镜头，操作器械练习。“这个比刚才好一些。” 7. 汗湿的笑容。“哇，明显感觉累了，太棒了。” 8. 下机，竖拇指。无文字，无字幕，无音乐，保留音效
renoise-2081989081844912545,"Style: 8K photorealistic, anamorphic 2.39:1, high-fashion beauty commercial…",,其他,,广告带货,,en,Seedance 2.0,link-only,copyrighted-character,renoise-ai/awesome-seedance-prompts,https://github.com/renoise-ai/awesome-seedance-prompts/blob/904b6caffa21c2b114bb93e1bd0e37ba80b3dd10/data/prompts/2081989081844912545.json,CC-BY-4.0,Shahid Wani,https://x.com/meng_dagg695/status/2081989081844912545,True,"prompts/其他/广告带货/renoise-2081989081844912545--Style-8K-photorealistic,-anamorphic-2.39.md",
renoise-2081995306250748141,SPIDERMON vs SCORPION — 45秒 / 3×15秒,,漫剧,特效向,战斗大招,3D卡通,en,Seedance 2.0,,,renoise-ai/awesome-seedance-prompts,https://github.com/renoise-ai/awesome-seedance-prompts/blob/904b6caffa21c2b114bb93e1bd0e37ba80b3dd10/data/prompts/2081995306250748141.json,CC-BY-4.0,Cia0,https://x.com/Cia0_exe/status/2081995306250748141,True,prompts/漫剧/特效向/战斗大招/renoise-2081995306250748141--SPIDERMON-vs-SCORPION-—-45秒-3×15秒.md,"SPIDERMON vs SCORPION — 45秒 / 3×15秒

@image1 蝎尾反派 · @image2 猴尾英雄 — 完全按照参考图呈现,不重新设计

风格 电影级3D渲染动画,手绘油画质感贴图覆盖真实三维体积,体积光,Arcane剧集质感。绝非扁平2D,绝非塑料感CG。
场景 深夜集装箱码头,探照灯照得亮如白昼,星空澄澈。16:9 / 4K / 24帧
武器 反派只用可伸缩蝎尾(尾节拉开分离、缝隙迸发青绿能量、随后咬合收回)与身上护甲。英雄只用金色丝网、猴尾、爪套。
铁律 每一次命中都在环境与双方装备上留下永久痕迹,绝不重置。关键命中插入纯白冲击帧,高速动作带笔刷速度线,重击时镜头震动。英语对白。仅有人声与打斗音效,无音乐。

── 第一段 · 突袭 ──
0-2 英雄独自蹲在集装箱顶端扫视四周,四下寂静,他眼芒骤然一缩。
2-4 蝎尾自暗处暴涨射出,擦过他的头盔,连续贯穿三只集装箱。
4-6 他翻滚跃下箱顶。反派踏入探照灯光柱,护目镜逐格亮起。
6-8 首次交锋,覆甲前臂将他撞飞五米。随后反派瞥见他的尾巴,当场僵住。
　　""Hold on. You've got a tail too?""
8-10 英雄冲刺,甩尾勾住龙门吊支腿急速变向。
　　""Yeah? Had mine first.""
10-12 爪击对前臂甲,肩甲撞击把英雄顶进集装箱箱门。
12-14 尾扫连断三座探照灯,玻璃如雨,那片区域陷入黑暗。
14-15 备用照明轰然亮起,两人相距十厘米。切。

── 第二段 · 英雄落败 ──
15-17 额顶、膝撞、尾扫,英雄被抽飞撞穿集装箱侧壁。
17-19 他射出金网,锋刃撕裂金网余势将他撞退五步。
19-21 锋刃击穿左肩护甲夹层,红色蓄能液渗出,浓稠如颜料。
21-23 反派摆姿势炫耀,一只集装箱砸中他后脑。他扶正头,若无其事把话说完。
　　""See? I'm... better with a tail.""
23-25 英雄想向上逃走,蝎尾缠住脚踝把他从半空扯下。
25-27 四记护甲重击砸向倒地的英雄,手套磨破、利爪崩缺、身下水泥龟裂。
27-28.5 慢动作:被钉在箱壁上,尾节缠死双臂,锋刃停在面罩前十厘米。
28.5-30 所有声音消失。他的手指张开,再无一丝金线。护目镜亮至最盛。切。

── 第三段 · 反转 ──
30-32 被反派遗忘的猴尾悄然勾住钢缆,英雄猛地回拽。
32-34 吊具横梁荡出砸中反派,余势掀翻一整排集装箱。
34-36 五道金线甩出,反派撞入五层堆垛,整摞轰然崩塌。
36-38 废墟中纯粹互殴:六记快拳对四记护甲重击,落空的拳砸凹钢板。
38-40 双方毫无防守,上勾拳打歪反派面罩,肩甲撞击立刻还击。
40-42 动作变慢,拳头沉重歪斜,谁都不肯停。喘息已盖过打斗声。
42-43.5 两人再也挥不动手臂——两条尾巴自行甩起,一左一右扇在对方面罩上。
43.5-45 双双仰倒,四肢摊开,尾巴瘫软。画面定格。
　　""...Mine's still better.""
　　""...Shut up."""
renoise-2082002417227612573,高品質アニメ映像。都市幻想アクションRPG風の高レアリティキャラクター戦闘PV。舞台は雨上がりのネオン夜景都市の屋上で固定する。画像1のキャラクターが、近距離で…,,漫剧,特效向,武侠打斗,2D日漫,ja,Seedance 2.0,,,renoise-ai/awesome-seedance-prompts,https://github.com/renoise-ai/awesome-seedance-prompts/blob/904b6caffa21c2b114bb93e1bd0e37ba80b3dd10/data/prompts/2082002417227612573.json,CC-BY-4.0,mayv@簡単プロ級プロンプト公開中！,https://x.com/haruuraeadss/status/2082002417227612573,True,prompts/漫剧/特效向/武侠打斗/renoise-2082002417227612573--高品質アニメ映像-都市幻想アクションRPG風の高レアリティキャラクター戦闘PV.md,高品質アニメ映像。都市幻想アクションRPG風の高レアリティキャラクター戦闘PV。舞台は雨上がりのネオン夜景都市の屋上で固定する。画像1のキャラクターが、近距離で高速かつ読みやすい武器アクションを行う。全体は若々しく華やかで格調があり、画像1のキャラクター固有の雰囲気、色、意匠、属性を反映する。動作速度は速くするが、構え、攻撃軌道、接触点、反力、停止、結果状態を毎回明確に見せる。
renoise-2082007006299426921,Hand painted 2.5D urban anime short,,漫剧,现实向,日常治愈,2D日漫,en,Seedance 2.0,,,renoise-ai/awesome-seedance-prompts,https://github.com/renoise-ai/awesome-seedance-prompts/blob/904b6caffa21c2b114bb93e1bd0e37ba80b3dd10/data/prompts/2082007006299426921.json,CC-BY-4.0,Mike McLaughlin,https://x.com/Michael73320774/status/2082007006299426921,True,prompts/漫剧/现实向/日常治愈/renoise-2082007006299426921--Hand-painted-2.5D-urban-anime-short.md,"Hand painted 2.5D urban anime short
Texture painting
3D only as the base structure
Vibrating grease pencil outlines
Rough brush edges
Relaxed atmosphere
Strong impact frames
Dynamic camera angles
Fast grounded action
No clean 3D polish

Scene 01 – “The Crime Scene”
Location: Kitchen floor, morning ligh
Mood: Serious detective drama with deadpan comedy

⸻

Shot 1 — Establishing Shot
Camera
Ultra-wide
Very low to the floor (cockroach eye level)
Slow dolly in

Frame
A suburban kitchen stretches like a massive landscape. Chairs tower overhead. Morning sunlight spills across the tiles.

In the distance, yellow police tape blocks off one corner.

⸻

Shot 2 — The Crime Scene
Lens
100mm macro
Extreme close-up.The dead cockroach lies upside down.
Legs curled.

A tiny evidence marker sits beside it.

Small grains of dust resemble boulders.

The scene is treated with absolute seriousness.

⸻

Shot 3 — CSI Working

Medium low-angle.

The CSI kneels beside the victim wearing blue gloves.

Because the cockroach is tiny, the investigator fills most of the frame while the insect occupies only a tiny portion near the evidence marker.

The CSI carefully photographs the insect.

Flash.

Click.

Notebook beside him.

⸻

Shot 4 — Detail Insert

Macro lens.

Camera LCD.

The photo on the screen shows the cockroach enlarged dramatically.

CSI adjusts focus.

Click.

⸻

Shot 5 — Police Tape

Wide shot.

Kitchen doorway.

Police tape stretches across the entrance.

The uniformed officer stands guard.

The CSI continues working in the background.

⸻

Shot 6 — Detective Arrival

Medium tracking shot.

The detective enters frame.

Long coat.

Coffee in one hand.

Badge on belt.

He ducks beneath the police tape.

The officer turns toward him.

⸻

Shot 7 — Detective Walk-Up

Low dolly tracking beside the detective.

The kitchen floor dominates the foreground.

Evidence marker visible ahead.

CSI continues taking photographs.

The detective approaches without looking away from the scene.

⸻

Shot 8 — Two Shot

Medium shot.

Detective stops beside the officer.

CSI blurred in the background photographing the cockroach.

The detective studies the scene.

Detective

“What do we have?”

⸻

Shot 9 — Officer Response

Medium close-up.

Officer remains completely professional.

No smile.

No joke.

Officer

“Morning, sir.”

Beat.

“A dead cockroach.”

Beat.

“Looks like he was on his way home after a late night.”

⸻

Shot 10 — Detective Reaction

Close-up.

The detective says nothing.

Simply nods.

Still treating it as homicide.

⸻

Shot 11 — CSI Evidence

Macro.

Blue-gloved hand gently lifts one antenna using tweezers.

Camera shutter clicks repeatedly.

Evidence bag waits nearby.

⸻

Shot 12 — Detective POV

Extreme macro.

The cockroach fills the frame.

Dust becomes landscape.

Tiny scratches in the tile resemble roads
The audience finally appreciates how tiny the victim actually is.

⸻

Shot 13 — Over-the-Shoulder

Behind detective.
CSI photographing
Officer beside him.
Tiny cockroach barely visible on the floor
The scale difference sells the joke.

⸻

Shot 14 — Closing Shot

Slow push in.
The detective crouches beside the cockroach
Everyone silent.
CSI takes one final photograph
Flash.
Cut to black.

⸻

Scale Notes (Important)

The comedy relies on realistic proportions:

Cockroach: 2–3 cm
Evidence marker: 3–5 cm
CSI: full-sized adult
Police officer: full-sized adult
Detective: full-sized adult

The cockroach should occupy only about 2–5% of the frame in medium shots. It should only dominate the image during dedicated macro shots.

⸻

Visual Style
Serious crime procedural (CSI, True Detective, Mindhunter)
Natural morning kitchen lighting
Shallow depth of field
Macro cinematography
Cinematic anamorphic look
Warm wood tones and neutral kitchen colours
Hyper-real textures
Deadpan performances
No exaggerated comedy acting—the humour comes entirely from the contrast between the investigators’ professionalism and the tiny “victim.”"
renoise-2082007103284421008,OPERATION: Emergency medical evacuation helicopter dispatch and landing.,,真人,现实向,生活与vlog,,en,Seedance 2.0,,,renoise-ai/awesome-seedance-prompts,https://github.com/renoise-ai/awesome-seedance-prompts/blob/904b6caffa21c2b114bb93e1bd0e37ba80b3dd10/data/prompts/2082007103284421008.json,CC-BY-4.0,𝐌,https://x.com/Strength04_X/status/2082007103284421008,True,prompts/真人/现实向/生活与vlog/renoise-2082007103284421008--OPERATION-Emergency-medical-evacuation-h.md,"OPERATION: Emergency medical evacuation helicopter dispatch and landing.
FLIGHT MEDIC: Female, 32. Reflective orange flight suit. Helmet with communication headset. Trauma gloves. Calm, focused urgency.
SHIFT TIME: 11:20 PM. Night emergency call.
WORK ZONE: Hospital rooftop helipad. Medical evacuation helicopter. Stretcher trolley. Portable ventilator unit. Perimeter safety lights. City skyline in background.
CAMERA STYLE: Shoulder-level documentary following the flight medic. Handheld realism. Rotor wash movement on clothing and hair. Low-light natural exposure. Zooms only during critical handoff moments.
WORKFLOW:
Helicopter final approach and landing.
Rotor blades slowing, ground crew signaling clearance.
Stretcher transfer from ambulance to helicopter.
Medical equipment check and patient securing.
Helicopter departs for trauma center.
AMBIENT AUDIO: Helicopter rotor blades. Wind gusts. Medical equipment beeping. Radio dispatch chatter. Distant city sounds.
REALISM NOTES: Strict aviation and medical safety protocol. No one acknowledges the camera. Operation proceeds with real-time urgency and precision."
renoise-2082025429830123909,"TITLE: ""Catch Me"" (15 Seconds, One Shot)",,真人,现实向,时尚写真,,en,Seedance 2.0,link-only,copyrighted-character,renoise-ai/awesome-seedance-prompts,https://github.com/renoise-ai/awesome-seedance-prompts/blob/904b6caffa21c2b114bb93e1bd0e37ba80b3dd10/data/prompts/2082025429830123909.json,CC-BY-4.0,🌸 Bubskyy 🌸,https://x.com/NyaiiBubu/status/2082025429830123909,True,"prompts/真人/现实向/时尚写真/renoise-2082025429830123909--TITLE-Catch-Me-15-Seconds,-One-Shot.md",
renoise-2082028340358091247,Ultra-realistic DV 16mm handheld tape camcorder POV gym vlog filmed by CHASE…,,真人,特效向,动作大片,,en,Seedance 2.0,link-only,hate,renoise-ai/awesome-seedance-prompts,https://github.com/renoise-ai/awesome-seedance-prompts/blob/904b6caffa21c2b114bb93e1bd0e37ba80b3dd10/data/prompts/2082028340358091247.json,CC-BY-4.0,Anissa,https://x.com/SimplyAnnisa/status/2082028340358091247,True,prompts/真人/特效向/动作大片/renoise-2082028340358091247--Ultra-realistic-DV-16mm-handheld-tape-ca.md,
renoise-2082032351127724508,"SORCERER: gaunt man, 50s, shaved head, tattered ash-grey robe whipping in wind…",,真人,特效向,奇幻怪兽,,en,Seedance 2.0,,,renoise-ai/awesome-seedance-prompts,https://github.com/renoise-ai/awesome-seedance-prompts/blob/904b6caffa21c2b114bb93e1bd0e37ba80b3dd10/data/prompts/2082032351127724508.json,CC-BY-4.0,"Marco ""Shikoba"" Riccetti",https://x.com/shikoba_86/status/2082032351127724508,True,"prompts/真人/特效向/奇幻怪兽/renoise-2082032351127724508--SORCERER-gaunt-man,-50s,-shaved-head,-ta.md","SORCERER: gaunt man, 50s, shaved head, tattered ash-grey robe whipping in wind, barefoot on wet black sand, arms raised LEVIATHAN: colossal humanoid-serpentine entity, plated blue-black carapace streaked with pale coral, crown of splayed bone spurs, deep-set amber glow where eyes should be, 60 meters SITE: black volcanic beach at dusk, storm ceiling, distant basalt cliffs, ribs of wrecked ships buried in the sand Live action, anamorphic 35mm, cold blue-black palette with a single amber source. Storm light, hard wind. BEAT 1 (0-5s): Low angle on wet black sand, handheld, slow push. SORCERER stands barefoot at the surf line, arms rising. Behind him the entire ocean tears backward, retreating hundreds of meters in seconds, dragging foam and exposing raw seabed, kelp, and the ribs of buried wrecks. Seabirds scatter inland. He does not move. BEAT 2 (5-10s): The withdrawn water gathers on the horizon into a black wall. Camera holds low and close to the sand, does not retreat. Amber light ignites deep inside the wall, immense, resolving into two points. The wall bursts. LEVIATHAN's crowned skull breaches and keeps rising past the top of frame, hauling a mountain of seawater with it. BEAT 3 (10-15s): Slow deliberate TILT UP along the entity's torso as it rises to full height and stops. Absolutely still. Water sheets off its carapace in continuous roaring curtains for the entire beat. The amber eyes angle down. Far below, SORCERER holds his ground on the sand as the returning surge slams in around his ankles, robe torn sideways by the wind. Camera stays low, never pulls back. Practical storm light, volumetric spray, real water weight and inertia, hundreds of thousands of tons of displacement. No slow motion. No wide establishing shot. No pull-back. No stone platforms or geometric structures rising from the sand."
renoise-2082040013689061377,"The exact same girl from the reference image — 100% identical face, hairstyle…",,真人,现实向,音乐MV,,en,Seedance 2.0,link-only,sexual,renoise-ai/awesome-seedance-prompts,https://github.com/renoise-ai/awesome-seedance-prompts/blob/904b6caffa21c2b114bb93e1bd0e37ba80b3dd10/data/prompts/2082040013689061377.json,CC-BY-4.0,Larus Canus,https://x.com/MrLarus/status/2082040013689061377,True,prompts/真人/现实向/音乐MV/renoise-2082040013689061377--The-exact-same-girl-from-the-reference-i.md,
renoise-2082044456618848621,"Early 90s. A dim neighborhood arcade, rows of glowing cabinet machines. Two…",,真人,特效向,武侠打斗,,en,Seedance 2.0,,,renoise-ai/awesome-seedance-prompts,https://github.com/renoise-ai/awesome-seedance-prompts/blob/904b6caffa21c2b114bb93e1bd0e37ba80b3dd10/data/prompts/2082044456618848621.json,CC-BY-4.0,TechHalla,https://x.com/techhalla/status/2082044456618848621,True,"prompts/真人/特效向/武侠打斗/renoise-2082044456618848621--Early-90s.-A-dim-neighborhood-arcade,-ro.md","Early 90s. A dim neighborhood arcade, rows of glowing cabinet machines. Two teenagers battle on a fighting game, slamming buttons, while a small crowd of kids presses in behind them, one on tiptoes over a shoulder, another holding a slice of pizza mid-bite, frozen by the match. Camera: Handheld behind the crowd, shooting over shoulders toward the screen glow on their faces (screen itself out of focus, only colored light), whip-pan between the two players' hands on the joysticks. Motion: Frantic button mashing, the crowd flinching and erupting together, one kid grabbing his own head in disbelief, cabinet lights pulsing. Lighting: Dark room lit only by machine glow — magenta, cyan and amber washes flickering across faces. Style: Muted pastel VHS texture, strong chroma bleed on the neon glow, soft edges, tape dropout flickers, home-video authenticity. No readable text, no logos, no identifiable real people. Loop Consistency: Not applicable — single continuous 15-second shot, no loop."
renoise-2082047264303014181,Handheld selfie vlog shot during the 1789 French Revolution street battle. The…,,真人,特效向,动作大片,,en,Seedance 2.0,link-only,copyrighted-character,renoise-ai/awesome-seedance-prompts,https://github.com/renoise-ai/awesome-seedance-prompts/blob/904b6caffa21c2b114bb93e1bd0e37ba80b3dd10/data/prompts/2082047264303014181.json,CC-BY-4.0,Abigail Curtis,https://x.com/imabigailai/status/2082047264303014181,True,prompts/真人/特效向/动作大片/renoise-2082047264303014181--Handheld-selfie-vlog-shot-during-the-178.md,
renoise-2082049214478189034,生成一段严格 5 秒、竖屏 9:16、24fps 的时尚穿搭变装视频，共 120 帧。,,真人,现实向,时尚写真,,zh,Seedance 2.0,,,renoise-ai/awesome-seedance-prompts,https://github.com/renoise-ai/awesome-seedance-prompts/blob/904b6caffa21c2b114bb93e1bd0e37ba80b3dd10/data/prompts/2082049214478189034.json,CC-BY-4.0,比特小师妹｜KiKi,https://x.com/bit_sister/status/2082049214478189034,True,"prompts/真人/现实向/时尚写真/renoise-2082049214478189034--生成一段严格-5-秒-竖屏-9-16-24fps-的时尚穿搭变装视频,共-120.md","生成一段严格 5 秒、竖屏 9:16、24fps 的时尚穿搭变装视频，共 120 帧。

参考图说明：
图1作为首帧、换装前人物造型和初始画面构图。
图2作为换装后人物穿搭、左侧物件和顶部标题的目标参考。

全程固定机位。严格锁定画面构图、镜头距离、焦距、透视关系和纯白背景。人物始终位于画面右侧原位。顶部标题区域、左侧 01—04 分区框架及所有装饰元素的位置和尺寸全程不变。禁止推镜、拉镜、摇镜、运镜、画面平移、重新构图、缩放、裁切变化或镜头抖动。

【0.00—2.00 秒，换装前展示，共 48 帧】

画面保持图1的构图、人物造型和空间关系。

人物站在右侧原位，自然看向镜头，完成一组轻柔、克制的摆拍动作：轻轻调整一次配饰，头部微微侧倾，身体小幅度更换一次重心。

动作真实、连续，幅度不要过大。人物脚部基本保持原位，身体不能横向移动。头发和衣摆只产生细微、自然的惯性摆动。

此阶段左侧所有穿搭物件、顶部标题、01—04 编号框及装饰元素完全静止。

【2.00—3.00 秒，原地旋转换装，共 24 帧】

人物仅在这一秒内，以身体垂直轴为中心，顺时针原地旋转完整一圈 360°。

旋转采用平滑的“慢起、快速通过、缓慢停稳”速度曲线：

2.00—2.20 秒：从正面姿态缓慢起转。
2.20—2.75 秒：平滑加速并进入高速旋转。
2.45—2.65 秒：人物处于侧身至侧背身、衣服遮挡最强、运动速度最快的阶段，在约 5 帧内完成换装。
2.75—3.00 秒：自然减速，完成剩余旋转。
3.00 秒：人物必须已经完成完整的 360° 旋转，重新正对镜头并自然停稳。

旋转过程中，人物双脚位置基本不变，身体围绕自身垂直轴旋转。人物不得横向漂移、前后移动、缩放或改变画面位置。

换装必须发生在旋转速度最快的连续几帧内。利用侧背身遮挡、衣摆惯性和轻微运动模糊完成平滑过渡。旧服装沿着人物旋转方向自然收拢，新服装从相同身体轮廓和空间位置顺势展开，最终变为图2中的完整穿搭。

换装只改变服装和配饰。人物身份、脸型、五官、肤色、发型、发量、身材比例、身体轮廓和动作轨迹始终一致。换装前后必须是同一个人，不能更换人物，不能改变脸部或发型。

左侧 01—04 区域内的每个独立穿搭物件同时开始旋转。每件物品都在各自格子内，以自身中心为轴顺时针原地旋转完整一圈 360°，旋转速度与人物同步。

在 2.45—2.65 秒的高速旋转阶段，左侧物件利用自身旋转和轻微运动模糊，平滑变化为图2中对应的目标物件。每件物品变化前后必须保持相同的中心点、视觉尺寸、朝向逻辑和格子位置，不得跳位、漂移、缩放、出框或进入其他格子。

顶部标题在同一时间切换为图2中的目标标题。标题只进行约 5 帧的柔和交叉淡化，文字区域的位置、尺寸、基线和排版保持稳定。不能让整个画面跟随标题一起闪烁或溶解。

01—04 编号、分区框架、线条和其他装饰元素不参与旋转或变形，全程固定不动。

【3.00—5.00 秒，换装后展示，共 48 帧】

3.00 秒时，人物已经完成旋转和换装，穿着图2中的目标造型，正对镜头自然停稳。此后不再继续旋转。

人物保持在右侧原位，展示换装后的造型：身体轻轻调整一次重心，肩部自然放松，头部略微侧倾，眼神自然看向镜头。

人物动作轻柔、连贯、克制。头发、衣摆和配饰延续旋转产生的微弱惯性，在短暂摆动后自然静止。

左侧物件和顶部标题此时已经变为图2中的对应内容，并保持完全静止。01—04 分区框架、纯白背景和所有装饰元素继续保持固定。

【全局硬性约束】

视频总时长严格为 5 秒，不延长动作。
2.00 秒准时开始旋转。
2.45—2.65 秒完成换装。
3.00 秒前必须完成 360° 旋转并恢复正面站姿。
3.00—5.00 秒只展示新造型，不再旋转。

固定机位，固定焦距，固定构图，固定人物位置，纯白背景。
人物始终位于画面右侧，不横移、不缩放、不改变身材比例。
人物脸型、五官、肤色、发型、发量和身份全程一致。
只允许人物服装、配饰、左侧穿搭物件和顶部标题发生变化。
01—04 分区框架、编号、线条及装饰元素全程锁定。
左侧物件只能在各自格子内部围绕自身中心旋转。
换装必须借助高速旋转和局部运动模糊完成，保持真实的人体动力学、布料惯性和头发摆动。

禁止硬切、闪白、闪黑、全屏溶解、画面闪烁、背景变化、镜头运动、人物瞬移、身体漂移、重复旋转、旋转不足一圈、旋转超过一圈、3 秒后继续旋转、动作跳帧、人物重影、服装穿模、肢体畸变、额外肢体、面部变化、发型变化、物件错位、物件出框、编号框移动或装饰元素变形。"
renoise-2082063175089070521,"Single continuous first-person POV shot, no cuts. A standing passenger inside a",,真人,特效向,恐怖灵异,,en,Seedance 2.0,,,renoise-ai/awesome-seedance-prompts,https://github.com/renoise-ai/awesome-seedance-prompts/blob/904b6caffa21c2b114bb93e1bd0e37ba80b3dd10/data/prompts/2082063175089070521.json,CC-BY-4.0,Jin.B,https://x.com/opener_ai/status/2082063175089070521,True,"prompts/真人/特效向/恐怖灵异/renoise-2082063175089070521--Single-continuous-first-person-POV-shot,.md","Single continuous first-person POV shot, no cuts. A standing passenger inside a
moving subway car at night. The entire frame rocks and jolts with the train
throughout, handheld body-cam energy.

Environment: long aisle, rows of seats on both sides, chrome poles, hanging
straps, a low white steel ceiling with riveted seams and recessed fluorescent
tubes in wire cages. Cold green-cyan light. Blue tunnel lights rip past the windows.

0-2s: Lights on. Nine passengers fill the benches, heads down on phones, one man
asleep. The floor slams over rail joints. The camera sways hard and pushes
forward down the aisle.

2-3s: The fluorescent tubes cut out. Darkness, only blue tunnel strobes tearing
across the windows.

3-4s: Lights snap back. Six passengers remain in the same seats and postures.
Three seats bare, a coat left sitting upright alone.

4-5s: Second blackout, the tubes flaring twice as they die.

5-6s: Lights return. Three passengers left. The strap where a woman stood swings
by itself. The car lurches and the frame tips into a Dutch angle.

6-7s: Third blackout, ballast buzz rising in the dark.

7-9s: Lights return and hold. The car is completely empty. Every seat bare, all
straps swinging in unison, one phone still glowing face-up on a seat.

9-10s: A massive metallic BANG. At the far end of the car the steel ceiling
punches downward into a deep crater, paint cracking white around it, dust raining
from the seam. Every strap snaps upward. The POV tilts up to the ceiling and holds.

10-12s: Three heavy impacts land in rapid succession, marching along the ceiling
straight toward the camera, spaced like footsteps. Each strike drives a new crater
into the steel with a sharp metallic crack, rivets popping loose and pinging off
the floor, a fluorescent tube shattering inside its wire cage at each hit.

12-14s: The weight settles. The whole ceiling panel sags with a long groan of
bending steel, seams splitting open into black gaps, handrails buckling as the
ceiling presses down toward them, dust pouring through the splits.

14-15s: One final impact lands directly overhead. The ceiling caves toward the
lens, the last fluorescent tube bursts, the frame goes black.

Audio: rail clatter and metal groan under everything, fluorescent buzz, a hard
ballast click at each light change, one enormous concussive boom, three sharp
metallic cracks in rhythm, rivets pinging, glass shattering, long bending-steel
groan, a deep low-frequency hit at the final impact, no voices.

Style: found-footage horror, cool green fluorescent and blue tunnel strobe, heavy
grain, wide 18mm lens breathing at the frame edges, one continuous take."
renoise-2082072636566454370,SCENE CONTEXT,,真人,现实向,剧情短片,,en,Seedance 2.0,link-only,hate,renoise-ai/awesome-seedance-prompts,https://github.com/renoise-ai/awesome-seedance-prompts/blob/904b6caffa21c2b114bb93e1bd0e37ba80b3dd10/data/prompts/2082072636566454370.json,CC-BY-4.0,Abdul Șhakoor,https://x.com/abxxai/status/2082072636566454370,True,prompts/真人/现实向/剧情短片/renoise-2082072636566454370--SCENE-CONTEXT.md,
renoise-2082073946355081576,"A modern city begins crystallizing from the ground upward. Streets, cars…",,其他,,风景空镜,,en,Seedance 2.0,,,renoise-ai/awesome-seedance-prompts,https://github.com/renoise-ai/awesome-seedance-prompts/blob/904b6caffa21c2b114bb93e1bd0e37ba80b3dd10/data/prompts/2082073946355081576.json,CC-BY-4.0,LudovicCreator,https://x.com/LudovicCreator/status/2082073946355081576,True,prompts/其他/风景空镜/renoise-2082073946355081576--A-modern-city-begins-crystallizing-from.md,"A modern city begins crystallizing from the ground upward. Streets, cars, trees, and skyscrapers transform into transparent glass structures as sunlight refracts into rainbow beams. The camera flies through the transformation as buildings crack and shimmer. High-end glass VFX, refraction, particle shards, 4K."
renoise-2082074781474832403,【风格】,,真人,特效向,动作大片,,zh,Seedance 2.0,,,renoise-ai/awesome-seedance-prompts,https://github.com/renoise-ai/awesome-seedance-prompts/blob/904b6caffa21c2b114bb93e1bd0e37ba80b3dd10/data/prompts/2082074781474832403.json,CC-BY-4.0,小宇Chengzi,https://x.com/Chengzilhy/status/2082074781474832403,True,prompts/真人/特效向/动作大片/renoise-2082074781474832403--风格.md,"【风格】
真人实拍废弃医院密室逃脱惊悚短片，整体阴冷、压迫、紧张，依靠有限视野、狭窄空间、追逐声和人物克制反应制造恐惧，不使用搞笑反转。

采用老式 DV磁带摄像机主观视角，画面具有柔和细节、低对比度、低饱和冷灰绿色调、轻微磁带噪点和近似16mm影像的粗粝颗粒感。低光区域保留可辨认层次，禁止大面积纯黑。

手持拍摄保留真实步伐起伏、自然抖动、突然转身时的惯性偏移、短暂延迟对焦和自动曝光波动。奔跑阶段抖动增强，但人物、行动方向和关键动作必须清晰可辨。

小型DV广角镜头，约24—28mm等效视角，中等景深，保留走廊纵深和空间压迫。禁止3D渲染、游戏引擎感、精致广告感、稳定器滑行、轨道运镜、环绕、滚转、鱼眼畸变和无原因乱晃。

人物皮肤保持真实毛孔与自然血色，不美颜、不磨皮。真人NPC的皮肤苍白疲惫但仍是真实演员质感，禁止橡胶面具、蜡像或CG皮肤。

【时长／画幅】

15秒，9:16竖屏，24fps，多镜头硬切，不是一镜到底。

【场景】

场景固定在同一条废弃医院密室走廊。

狭窄潮湿的走廊内有脱落墙皮、开裂旧瓷砖、破损病历纸、生锈铁链、浅积水、损坏的冷白荧光灯和间歇闪烁的暗红应急灯。远处只有极弱的绿色出口灯。

走廊尽头是一扇无法直接打开的厚重铁门。铁门旁安装老旧钥匙机关，机关旁的墙体内部隐藏一扇封闭暗门。

女主手中的手电筒是主要移动光源，只能照亮局部区域，光束必须随手腕方向真实移动。禁止无来源补光、霓虹灯、蓝紫舞台灯和整个空间同时被照亮。

【女主】

女主人物身份、脸型、五官、发型、服装、配饰、鞋子和身材比例严格参考 <image1> 并保持一致。

只参考 <image1> 中的人物与服装，忽略参考图的灰色背景、站立姿势、排版和面部遮挡区域。

无论处于侧脸、背身回头、红色灯光、低照度或奔跑状态，都必须明确为同一个人物。

女主右手始终持小型手电筒，左手持旧钥匙。恐惧表演真实克制，通过呼吸加快、频繁确认身后、手部发抖、身体短暂停顿和动作加速表现。禁止持续尖叫、夸张瞪眼、滑稽摔倒、面对镜头表演或主动攻击NPC。

【核心道具与角色】

**旧钥匙与机关：**钥匙第一次因锁芯卡住无法转动，第二次加力后触发错误机关。钥匙插入锁孔后必须留在机关中。

**真人恐怖NPC：**穿陈旧脏污的医院病服，凌乱长发遮住部分面部，一只手拖着沉重的生锈金属器具。前段沉默稳定地逼近，不奔跑、不抽搐、不做鬼脸。

NPC看到未知存在后，依次出现：停止追逐、身体僵住、眼神恐惧、手部失力、金属器具落地、立即转身逃跑。逃跑必须是严肃的求生反应。

**未知存在：**不属于密室游戏流程，只展示一只苍白细长的人形手、黑暗中的异常眼睛和非人呼吸。手部必须具有真实皮肤纹理、关节与指甲结构，禁止展示完整身体或完整脸部。

【剪辑手法】

采用DV主观视角多镜头硬切。摄影者是跟随女主进入密室的同行者，始终手持摄像机，但摄影者本人不入镜、不说话。

摄影机主要贴近女主肩后或侧后方移动。每次硬切都跟随明确动作或声音节点：

发现追踪者
→ 灯灭后距离缩短
→ 钥匙转动失败
→ 错误机关启动
→ 暗门开启
→ NPC真正恐惧
→ NPC逃跑
→ 未知眼睛出现。
禁止溶解、闪白、故障转场、慢动作、速度拉伸、画面冻结和隐藏变形转场。
【镜头1】
摄影者手持DV摄像机贴近女主肩后，跟随她穿过废弃医院走廊。
女主右手用手电筒扫过墙面、病历纸、铁链和积水，左手紧握旧钥匙。她来到走廊尽头的铁门前，快速查看铁门和旁边机关。
远处传来两次间隔不规律的金属拖拽声。女主立即停住，呼吸加重，转头看向身后的黑暗走廊。
硬切。
【镜头2】

摄影机位于女主侧后方，同时保留女主前景和走廊纵深。

女主将手电筒照向走廊尽头，真人白衣NPC站在远处，身体微微倾斜，金属器具接触地面。

暗红应急灯突然熄灭。黑暗中响起踩过积水的脚步声和金属摩擦声，并迅速接近。

应急灯重新亮起时，NPC已经通过真实步行明显缩短距离。女主立即转身冲向铁门机关。

硬切。

【镜头3】

摄影机靠近女主侧前方，画面同时保留女主、墙上锁孔和身后走廊。

女主将旧钥匙插入机关。第一次转动时锁芯卡住，钥匙与金属锁孔碰撞，手指明显发抖。

NPC的脚步声与拖拽声继续逼近。女主第二次加大手腕力量转动钥匙。

铁门没有打开。旁边墙体内部先传出沉重的锁扣解开声，随后响起缓慢齿轮运转声。女主立刻僵住，看向机关旁边的墙面。

硬切。

【镜头4】

画面同时包含女主、身后的NPC、侧方墙体暗门和机关位置。

墙面缓慢裂开一道狭窄暗缝，灰尘与少量碎石自然落下。女主手中的手电筒开始不规律闪烁。

一只苍白细长的人形手从黑暗中伸出，随后抓住门框，手指弯曲和受力真实。

NPC已经来到女主身后，却突然停止追逐。长发下露出明显恐惧的眼睛，手部失去力量，沉重金属器具自然落地并短暂回弹。

硬切。

【镜头5】

NPC完全放弃追逐女主，转身沿原来的走廊快速逃跑，动作严肃、真实，没有滑稽踉跄。

女主僵在铁门前，只用眼睛看着NPC消失在黑暗中。

摄影者缓慢将DV摄像机转向女主身后的墙体暗缝。苍白手指进一步收紧，指甲刮过门框。

黑暗深处出现一双位置异常偏高、间距不自然的微弱眼睛。未知存在向摄影机方向发出一次非常近的低沉吸气。

立即切黑结束。

【环境声与音效】

全程无背景音乐、无对白。

使用DV摄像机内置麦克风质感，声音略闷，并带有密闭医院走廊的真实回声。

保留荧光灯电流声、通风管轻微震动、女主急促呼吸、鞋底踩过积水、远处金属拖拽声。

NPC靠近时，踩水声和金属摩擦声逐渐清晰。机关触发时依次出现钥匙碰撞、锁芯卡顿、锁扣解开、齿轮转动和墙体摩擦声。

NPC停止后，环境声短暂降低，突出金属器"
renoise-2082076107935973404,"Ultra-detailed 16:9 pirate character design sheet, official AAA RPG character…",,漫剧,现实向,剧情短片,绘画风,en,Seedance 2.0,link-only,copyrighted-character,renoise-ai/awesome-seedance-prompts,https://github.com/renoise-ai/awesome-seedance-prompts/blob/904b6caffa21c2b114bb93e1bd0e37ba80b3dd10/data/prompts/2082076107935973404.json,CC-BY-4.0,𝐌,https://x.com/Strength04_X/status/2082076107935973404,True,prompts/漫剧/现实向/剧情短片/renoise-2082076107935973404--Ultra-detailed-16-9-pirate-character-des.md,
renoise-2082076808296739291,Create an ultra-realistic 15-second premium Chocolate & Marshmallow ASMR…,,其他,,广告带货,,en,Seedance 2.0,,,renoise-ai/awesome-seedance-prompts,https://github.com/renoise-ai/awesome-seedance-prompts/blob/904b6caffa21c2b114bb93e1bd0e37ba80b3dd10/data/prompts/2082076808296739291.json,CC-BY-4.0,Synthia,https://x.com/AIwithSynthia/status/2082076808296739291,True,prompts/其他/广告带货/renoise-2082076808296739291--Create-an-ultra-realistic-15-second-prem.md,"Create an ultra-realistic 15-second premium Chocolate & Marshmallow ASMR commercial featuring the same beautiful young woman consistently throughout the entire sequence. Maintain identical facial features, hairstyle, skin tone, body proportions, outfit (white sleeveless top, light blue jeans, pearl necklace), and makeup in every shot. The setting is a cozy bedroom with soft white bedding, warm ambient lamp lighting, subtle candle glow, and a relaxed luxury evening atmosphere.

Throughout the video, add playful hand-drawn white doodle text and arrows that naturally animate into the scene beside each action, then softly fade away. The doodles should feel hand-sketched like a modern Instagram food reel. No subtitles, captions, logos, or watermarks—only the animated doodle words.

0: 00–0:b02.5

The video opens with a cinematic close-up of her face as she smiles gently toward the camera while sitting comfortably on the bed. She slowly lifts a beautifully wrapped premium chocolate bar toward the lens.

Animated doodles appear: ""HELLO!"", ""HI!"", tiny sparkles, hearts, and playful arrows pointing toward the chocolate.

---

0 :02.5–0: 05

She slowly peels back the metallic foil wrapper. Crisp ASMR crinkles fill the room while macro shots capture the glossy chocolate emerging from the wrapper.

Animated doodles: ""CRINKLE~"", ""OPEN!"", ""WOW!"" with animated motion lines.

---

0: 05–0: 07.5

She gently snaps the chocolate bar into two pieces. Macro close-ups capture the clean break, tiny chocolate crumbs falling, and rich glossy texture.

Animated doodles: ""SNAP!"", ""CRUNCH!"", small stars and sparkle effects.

---

0:07.5–0:10

She dips one chocolate piece into a bowl of warm melted marshmallow. As she slowly lifts it, long stretchy marshmallow strands extend dramatically in slow motion.

Animated doodles: ""STRETCH!"", ""SOFT!"", hearts and curved arrows following the gooey stretch.

---

0: 10–0: 12.5

She slowly brings the chocolate to her mouth and takes one satisfying bite. Macro shots capture the marshmallow stretching slightly before separating, while tiny crumbs fall naturally onto the bed tray.

Animated doodles: ""YUM!"", ""MMM!"", ""MELT!"" with tiny stars and floating hearts.

---

0: 12.5–0 :15

Final hero shot. The chocolate bar, opened foil, bowl of marshmallows, and several chocolate pieces are beautifully arranged on a wooden serving tray placed on the bed. She places the remaining chocolate beside the bowl, gives a relaxed thumbs-up, smiles warmly toward the camera, and the camera slowly pushes in on the luxurious dessert arrangement.

Animated doodles: ""PERFECT!"", ""BEST!"", ""ENJOY!"", surrounded by soft sparkles and hand-drawn stars.

Audio: Natural ASMR only—foil crinkling, chocolate snapping, soft tabletop taps, marshmallow stretching, gentle chewing, tiny crumbs falling, ceramic bowl taps, fabric rustling, quiet bedroom ambience, and subtle breathing. No background music, no dialogue, no subtitles, no logos, no watermarks, and no on-screen text other than the animated doodle words. Premium food commercial cinematography, cinematic macro close-ups, realistic food physics, physically accurate lighting, shallow depth of field, photorealistic textures, luxury colour grading, 4K HDR, 16:9, 24 fps."
renoise-2082081531871584561,15 秒、16:9 横版视频。真人实拍的超现实美术馆与手绘发光动画融合而成的实验艺术影像。,,真人,特效向,超现实创意,,zh,Seedance 2.0,link-only,hate,renoise-ai/awesome-seedance-prompts,https://github.com/renoise-ai/awesome-seedance-prompts/blob/904b6caffa21c2b114bb93e1bd0e37ba80b3dd10/data/prompts/2082081531871584561.json,CC-BY-4.0,serein ｜买美股上币安,https://x.com/you1873118/status/2082081531871584561,True,prompts/真人/特效向/超现实创意/renoise-2082081531871584561--15-秒-16-9-横版视频-真人实拍的超现实美术馆与手绘发光动画融合而成的实验.md,
renoise-2082088377621336408,"A full-body original dark fantasy fighter, a demonic arena prince with curved…",,漫剧,特效向,战斗大招,3D卡通,en,Seedance 2.0,,,renoise-ai/awesome-seedance-prompts,https://github.com/renoise-ai/awesome-seedance-prompts/blob/904b6caffa21c2b114bb93e1bd0e37ba80b3dd10/data/prompts/2082088377621336408.json,CC-BY-4.0,ibexdream,https://x.com/ibexdream/status/2082088377621336408,True,prompts/漫剧/特效向/战斗大招/renoise-2082088377621336408--A-full-body-original-dark-fantasy-fighte.md,"A full-body original dark fantasy fighter, a demonic arena prince with curved horns, black and gold armor, red glowing chest markings, clawed hands, royal combat cape, arrogant intense expression, powerful boss-like stance, highly detailed cinematic 3D character render, completely white background, no text"
renoise-2082091339903357023,"Style: 8K cinematic. Photorealistic — no 3D render, no game engine, no…",,其他,,动物萌宠,,en,Seedance 2.0,,,renoise-ai/awesome-seedance-prompts,https://github.com/renoise-ai/awesome-seedance-prompts/blob/904b6caffa21c2b114bb93e1bd0e37ba80b3dd10/data/prompts/2082091339903357023.json,CC-BY-4.0,bodi_lux,https://x.com/BODILUX36/status/2082091339903357023,True,prompts/其他/动物萌宠/renoise-2082091339903357023--Style-8K-cinematic.-Photorealistic-—-no.md,"Style: 8K cinematic. Photorealistic — no 3D render, no game engine, no game-cutscene aesthetic. Cinematography: naturalistic master cinematography with energy — reactive handheld-in-zero-G feel, dynamic reframing. Lighting: Natural light only — hard raw sunlight from one side, deep black-space shadow on the other, soft cool blue Earthshine and albedo glow from the pristine intact planet below. No fill. Color: 60:30:10 — dominant black space + white suit / secondary deep cobalt-blue Earth oceans & atmosphere / accent soft white cloud swirls + thin atmospheric limb. Camera: Physical cine lens. 180° shutter motion blur. Zero-G float with active micro-tremor and reactive sway. Skin/Fur: Pore and fur-level realism through the visor — fogged breath on glass, wet living canine eyes with catch-lights, real blinking, wet nose, fine facial whiskers, panting micro-movements. Acting: top-tier cinematic and REAL CANINE — natural blinking, darting eye-line, pupils reacting to flare, ear micro-flinches inside helmet, snout tension, lips parting on a panting breath, brow softening in pure awe, head gently tilting as the planet drifts past. Every motion reads as a real living dog, not an animation or mannequin. Physics: Inertia and zero-G respected — no down direction, no fake gravity. Composition: Rule of thirds + golden ratio, but allowed to break dynamically for impact. Single FREELY-DRIFTING suited canine figure against the immense, completely intact living Earth. Continuity: Dog, suit, and the perfect whole Earth identical across the take. Technical: 24fps smooth motion. 8K detail. No jitter. 8-second duration."
renoise-2082097016549621842,"Cinematic anime short film clip, 15 seconds. Ancient stone temple ruins…",,漫剧,特效向,武侠打斗,2D日漫,en,Seedance 2.0,,,renoise-ai/awesome-seedance-prompts,https://github.com/renoise-ai/awesome-seedance-prompts/blob/904b6caffa21c2b114bb93e1bd0e37ba80b3dd10/data/prompts/2082097016549621842.json,CC-BY-4.0,TechieSA,https://x.com/TechieBySA/status/2082097016549621842,True,"prompts/漫剧/特效向/武侠打斗/renoise-2082097016549621842--Cinematic-anime-short-film-clip,-15-seco.md","Cinematic anime short film clip, 15 seconds. Ancient stone temple ruins, massive dark stone columns, thick fog on stone floor, torches casting warm orange light, deep purple dusk sky visible above. Empty and silent except for the warrior.

CHARACTER: Young male Jedi warrior, light skin, sharp angular face, dark brown medium length messy hair with one piece falling over forehead, intense brooding eyes, lean build. All black tunic, pants, gloves, boots, belt. Lightsaber with silver handle, thick vivid royal blue blade with white hot core, blue glow illuminating everything around him.

AUDIO: Lightsaber hum constant from frame one never stopping. Every swing has classic voom and vum electric sound. Original deep cinematic electronic beat loud from frame one, heavy and noticeable, synced to every cut and movement, never fades, always dominant. Beat and blade sounds powerful together throughout entire video.

VIDEO: Starts mid action frame one. Fast cuts every half second. Different camera angle every cut — low angle, overhead, side profile, close up, wide shot, never same angle twice. Lightsaber skills are the focus, full body movement connects them naturally, every moment visually stunning.

Already mid-air from a jump at start, blade swinging in massive wide arc, vivid blue trail hanging in dark temple air, fog swirling below. Lands in fighting stance, flows immediately into next movement. Then figure eight blade pattern while moving through fog, blue trails overlapping and glowing. Slides low across stone floor, blade dragging leaving glowing blue scratch line, explodes upward into diagonal slash. Blade switching rapidly between hands mid-swing. Plants foot on stone column, launches sideways into air, body horizontal, blade swinging full horizontal arc. Drops to one knee, blade raised above head with both hands, explodes upward into massive vertical strike. Spinning heel kick and blade swinging in same rotational direction simultaneously. Rapid wrist circles blade spinning around wrist switching between both wrists. Free hand extended in force push stance, fog and debris blasting forward, snaps blade into thrust. Full 360 body spin blade extended horizontally, perfect blue circle traced in dark air. Final rapid combination of four diagonal slashes forming glowing crossing pattern.

HERO MOMENT FINAL: Plants foot and launches MASSIVELY HIGH into air, blade raised overhead with both hands at peak of jump, blue light flooding entire temple ceiling, drives straight DOWN blade first from full height, SLAMS into stone floor, MASSIVE blue energy shockwave explodes outward as visible physical wave of blue wind and light, wave rolling across stone floor like real water, vivid royal blue energy particles riding the wave, fog blasting away in expanding circle, stone floor cracking in starburst pattern, torches blown out, debris carried outward. He stays crouched at center hands on hilt buried in stone, blue energy crackling around him. Silence. Only fading blade hum.

Upload character sheet + temple location sheet + lightsaber reference sheet. Cinematic cel-shaded 3D anime, semi-realistic CGI, hand-painted textures, Unreal Engine quality, dark temple lighting, blue lightsaber as primary light source, digital painting feel, hard-edge brushwork, heavy shadows, not cartoon not Disney not Pixar, film grain, premium anime quality."
renoise-2082097720865730904,A cinematic 15-second emotional short film. A luxury black Rolls-Royce slowly…,,真人,现实向,情绪特写,,en,Seedance 2.0,,,renoise-ai/awesome-seedance-prompts,https://github.com/renoise-ai/awesome-seedance-prompts/blob/904b6caffa21c2b114bb93e1bd0e37ba80b3dd10/data/prompts/2082097720865730904.json,CC-BY-4.0,Zyra AI,https://x.com/Zyra_AI1/status/2082097720865730904,True,prompts/真人/现实向/情绪特写/renoise-2082097720865730904--A-cinematic-15-second-emotional-short-fi.md,"A cinematic 15-second emotional short film. A luxury black Rolls-Royce slowly drives through a busy city street during golden hour. The wealthy young man notices a poor man sitting silently outside a small food stall, looking hungry and disappointed because he has no money to buy food. The rich man quietly makes a phone call from inside his car without saying a word. A few moments later, a helicopter flies overhead and showers thousands of banknotes across the street. Crowds instantly rush forward, scrambling and fighting to collect the money. The poor man also joins the crowd, gathers enough cash, happily puts it into his pocket, then buys a simple meal from the food stall. He sits down, eats with a grateful smile, and his face lights up with genuine happiness. The wealthy man watches everything quietly from inside his parked car, smiles with satisfaction after seeing the poor man's joy, then gently drives away toward his destination. Ultra-realistic, Hollywood cinematic storytelling, emotional atmosphere, natural acting, smooth camera movements, realistic crowd physics, golden-hour lighting, shallow depth of field, 4K, no dialogue, inspiring ending."
renoise-2082104952504426515,"Ultra-realistic Hollywood fashion film, luxury commercial, Vogue backstage…",,真人,现实向,时尚写真,,en,Seedance 2.0,link-only,hate,renoise-ai/awesome-seedance-prompts,https://github.com/renoise-ai/awesome-seedance-prompts/blob/904b6caffa21c2b114bb93e1bd0e37ba80b3dd10/data/prompts/2082104952504426515.json,CC-BY-4.0,Sophia,https://x.com/sophiaparkerr_/status/2082104952504426515,True,"prompts/真人/现实向/时尚写真/renoise-2082104952504426515--Ultra-realistic-Hollywood-fashion-film,.md",
renoise-2082105343543558203,竖屏 9:16，一位年轻女性，穿着夏季显瘦穿搭，站在柔和深色背景前，自然光线，暖色调氛围，正对镜头跳舞，每2秒钟变换一套服装，人物动作不停，保持表情连贯和动作连…,,真人,现实向,时尚写真,,zh,Seedance 2.0,,,renoise-ai/awesome-seedance-prompts,https://github.com/renoise-ai/awesome-seedance-prompts/blob/904b6caffa21c2b114bb93e1bd0e37ba80b3dd10/data/prompts/2082105343543558203.json,CC-BY-4.0,PixelAIGC,https://x.com/PixelAigc/status/2082105343543558203,True,"prompts/真人/现实向/时尚写真/renoise-2082105343543558203--竖屏-9-16,一位年轻女性,穿着夏季显瘦穿搭,站在柔和深色背景前,自然光线,暖.md",竖屏 9:16，一位年轻女性，穿着夏季显瘦穿搭，站在柔和深色背景前，自然光线，暖色调氛围，正对镜头跳舞，每2秒钟变换一套服装，人物动作不停，保持表情连贯和动作连贯，音乐卡点自然，（衣服穿搭分别是【这里写五套衣服款】），中景全身，电影级柔光，浅景深，温柔甜美风。
renoise-2082111591370088635,"15s image-to-video, 2.39:1, photorealistic dance film.",,真人,特效向,特效综合,,en,Seedance 2.0,,,renoise-ai/awesome-seedance-prompts,https://github.com/renoise-ai/awesome-seedance-prompts/blob/904b6caffa21c2b114bb93e1bd0e37ba80b3dd10/data/prompts/2082111591370088635.json,CC-BY-4.0,NΞXUS,https://x.com/NEXUS_TO_NOVA/status/2082111591370088635,True,"prompts/真人/特效向/特效综合/renoise-2082111591370088635--15s-image-to-video,-2.39-1,-photorealist.md","15s image-to-video, 2.39:1, photorealistic dance film.

Preserve the reference stage: symmetrical black room, red spotlights, haze and reflective floor. Three dancers in matte-black clothing share its red light, shadows and reflections. Contemporary dance: fluid torso phrases, arm strikes, head snaps and hard stops.
VFX — one effect per beat, no overlap.
Interlaced Scan Reveal: dancer builds upward from the floor reflection, alternate 2px scanlines arriving one field late, feet complete before knees start, last line at the crown. Reflection fully resolved before the body begins. Eyes never scanline.

Body-Slice Glitch: seven horizontal bands, top shifts 15cm left, next 15cm right, alternating downward over four frames, each band dropping to black one frame after its shift. Chest band vanishes last. Floor light dims band by band.

Chronophotographic Strobe: five solid poses printed along the path, all exposures on one plate, none moves after printing, all vanish on the same frame the dancer stops.

Datamosh: cut lands, next dancer's pixels carry the previous dancer's motion vectors for eight frames — limbs smear along the old path, head holds a clean edge — then resolve.

0.0–3.0 — Empty wide. The central beam brightens. Dancer A scans upward into existence, rising into stance. Cut closer as the face resolves.

3.0–6.0 — A drives a circular torso-and-arm sweep; five poses print along its arc. They compress into A at a violent foot strike. Impact cut on contact to a low angle.

6.0–10.0 — A sweeps an arm right. At peak speed, match-action cut: datamosh carries the unfinished gesture into the right spotlight, where B completes it in the same direction. A splits into bands and disappears. B drops to one knee; impact cut reveals C under the opposite light, inheriting B’s upward head snap.

10.0–15.0 — Rapid pose relay: A’s torso contraction transfers to B, B’s arm strike to C, and C finishes in full extension. Every cut lands on a movement peak or impact. All three scan into separate lights and strike the floor together. Stroboscopic poses fill the stage, compress into them, then all three split into bands and collapse into darkness. End on the empty set.

Preserve identity, anatomy, wardrobe, geography and screen direction. No transparent ghosts, clones, facial melting, limb distortion or camera orbiting."
renoise-2082126091305816116,"@image1 完全按照参考图呈现,不重新设计角色、武士刀与刀鞘。",,漫剧,特效向,武侠打斗,2D日漫,en,Seedance 2.0,,,renoise-ai/awesome-seedance-prompts,https://github.com/renoise-ai/awesome-seedance-prompts/blob/904b6caffa21c2b114bb93e1bd0e37ba80b3dd10/data/prompts/2082126091305816116.json,CC-BY-4.0,Cia0,https://x.com/Cia0_exe/status/2082126091305816116,True,"prompts/漫剧/特效向/武侠打斗/renoise-2082126091305816116--image1-完全按照参考图呈现,不重新设计角色-武士刀与刀鞘.md","@image1 完全按照参考图呈现,不重新设计角色、武士刀与刀鞘。

纯白背景,没有地面,没有阴影。画面里只有她、刀、刀鞘和刀光带颜色。

刀光是红色的,划过后停在空中不消失,一道叠一道越来越多。刀身和刀鞘上的核心发蓝光,拔刀时蓝光从刀鞘流到刀身,收刀时流回去。

风格:2.5D动漫剧场版,赛璐璐上色,线条锐利,厚涂光影。动作遵循真实人体力学,重心转移与惯性清晰可见。16:9,4K,24帧,15秒。

每2秒换一个镜头角度,不重复。

声音:刀出鞘的金属声、刀刃破空声、能量嗡鸣、飘带摆动、她的呼吸。没有音乐。

0-2秒 微距横移镜头:她双脚与肩同宽站立,身体不动,只有左手缓缓抬起扶住刀鞘中段稳住,右手五指一根根合拢握紧刀柄,拇指顶开鞘口。镜头贴着刀鞘表面从鞘尾滑向鞘口,红白装甲的划痕掠过画面,中间的蓝色核心一明一暗。

2-4秒 侧向轨道慢动作跟拍:她右脚后撤半步压低重心,腰部微微右转蓄力,右臂拉开将刀身抽出。一道高光沿刃线从刀根跑到刀尖,刀鞘的蓝光一格格熄灭,能量顺着刀脊爬上刀身。镜头与刀刃平行同速横移。

4-6秒 低角度仰拍上升接急速甩镜:刀尖离鞘的瞬间她左脚猛蹬前跨一大步,腰胯带动手臂横斩而出,右腕在挥出末端顺势外旋加速。一道红光横贯画面,末端溅出红点。插入一帧纯黑冲击帧,镜头自脚边升起并随刀势甩过。

6-8秒 贴身环绕镜头:她重心在两脚间快速交替,连出三刀——右手上撩、翻腕下劈、再反手横斩,每一刀之间肩膀先转、手臂后到。三道红光在空中交叉,刀锋拖出三重残影,飘带被甩成三条弧线。镜头绕着她加速旋转半圈。

8-10秒 俯拍旋转镜头:她左脚点地为轴原地旋身一整圈,右臂完全伸展让刀尖画出最大半径,斗篷与飘带被离心力甩成圆环。刀尖划出一道闭合的圆形红光,把先前几道圈在里面。镜头自正上方同步旋转。

10-12秒 微距推近接广角仰拍:她双脚分开扎稳,双手握柄举刀过顶,肩甲核心全亮,蓝色能量流上手臂、进入刀镡、冲到刀尖,刀刃周围空气泛起电弧。随即她全身下沉发力劈落,一道粗红光从画面顶端贯穿到底,中心炸开蓝色亮线。插入纯黑冲击帧,镜头震动。

12-14秒 多角度快切镜头:每0.3秒切换一次正面、侧面、后方、贴地四个视角。她原地连斩十余次,脚步小幅碎动保持平衡,手腕高频翻转变换刀路,细密红光铺满画面,残影层层重叠,刀身蓝光随每一斩闪烁。

14-15秒 正面慢动作接拉远定格:她单膝微屈刀尖点地,肩甲与刀身核心同时爆闪,随即蹬地起身自下而上全力挑斩,蓝红两色炸开如颜料泼洒。能量散去后她右手一送将刀收回鞘中,蓝光流回刀鞘,咔一声轻响。所有红光同时静止,镜头缓缓拉远,她垂手站在自己划出的红光正中,飘带轻轻晃了一下。画面定格,渐暗。"
renoise-2082130615910945252,"Hey Seedance, give me an 80s style rap music video with hot chicks dancing and…",,真人,现实向,音乐MV,,en,Seedance 2.0,,,renoise-ai/awesome-seedance-prompts,https://github.com/renoise-ai/awesome-seedance-prompts/blob/904b6caffa21c2b114bb93e1bd0e37ba80b3dd10/data/prompts/2082130615910945252.json,CC-BY-4.0,M.E.G. Pictures,https://x.com/MukiTanaka/status/2082130615910945252,True,"prompts/真人/现实向/音乐MV/renoise-2082130615910945252--Hey-Seedance,-give-me-an-80s-style-rap-m.md","Hey Seedance, give me an 80s style rap music video with hot chicks dancing and a heavy man as the rapper or I'll kick your sloppy a**"
renoise-2082130708584087859,"Cinematic anime short film clip, 15 seconds. Two characters: RAY — military…",,漫剧,现实向,剧情短片,2D日漫,en,Seedance 2.0,,,renoise-ai/awesome-seedance-prompts,https://github.com/renoise-ai/awesome-seedance-prompts/blob/904b6caffa21c2b114bb93e1bd0e37ba80b3dd10/data/prompts/2082130708584087859.json,CC-BY-4.0,TechieSA,https://x.com/TechieBySA/status/2082130708584087859,True,"prompts/漫剧/现实向/剧情短片/renoise-2082130708584087859--Cinematic-anime-short-film-clip,-15-seco.md","Cinematic anime short film clip, 15 seconds. Two characters: RAY — military sniper, light brown skin, sharp features, short dark hair, face covered in black and green camouflage paint and mud, wearing full ghillie suit covered in leaves and foliage, low profile tactical helmet, lying completely still prone position holding large military sniper rifle with scope and suppressor. CISCO — light skin, sharp clever features, short messy dark hair, small earpiece, wearing dark tactical jacket, sitting in dark van interior surrounded by multiple blue glowing monitors.

THE PRESIDENT: Generic fictional middle aged male, brown hair, clean shaven, black suit, bright red tie. NOT based on any real person or politician. Completely fictional character. No resemblance to any real world figure.

ENVIRONMENT: Ray is at the elevated edge of a dense forest, cloudy grey overcast sky, muddy wet ground, sparse trees at the very edge where the forest drops away to open ground far below, parking lot visible far below with black SUVs and suited security figures.

AUDIO: Ambient forest wind and distant city sounds at opening. All Ray and Cisco communication has compressed earpiece audio quality — slightly distorted thin intimate radio sound. Audio rises and falls with tension — quiet during stillness, massive sharp crack on the shot, dead silence after. English dialogue only.

[0:00-0:03] OPENING. Medium wide shot from the FRONT of Ray lying completely still prone at the forest edge, camera low at ground level looking at his face and the rifle pointed away from camera, ghillie suit blending into mud and leaves, cloudy sky visible above, forest dropping away to open ground beside him. He slowly raises one hand and touches his earpiece. Says quietly: ""Cisco. You ready?""

[0:03-0:05] CUT TO van interior — ONLY TIME WE SEE CISCO. Dark cramped space, blue monitor glow illuminating his face from multiple screens showing satellite feeds and camera footage. Cisco leans forward. Says through compressed earpiece audio filter: ""All feeds are live. Target is two minutes out. You're clear."" THIS IS THE ONLY SHOT OF CISCO IN THE ENTIRE VIDEO.

[0:05-0:07] CUT BACK to Ray. Wide shot from BEHIND Ray showing his full body prone on the muddy forest edge, open grey sky ahead, parking lot far below visible in the distance — showing the full scale of the shot. Then cut to close up from the SIDE of Ray's face, eye pressed to scope, breathing slow, mud on his cheek and helmet.

[0:07-0:09] POV SNIPER SCOPE — circular scope view with crosshair and lens distortion, parking lot below coming into focus, black SUVs pulling up, doors opening, security figures stepping out forming a perimeter. Ray says quietly: ""I see the motorcade.""

[0:09-0:11] SCOPE POV continues — fictional president steps out, black suit, red tie, brown hair, clean shaven, completely generic fictional appearance, shaking hands, security tight around him. Ray barely whispers: ""There he is."" Audio drops to near complete silence — only Ray's slow breathing. Ray's voice from earpiece very quietly: ""Confirm target. You have the shot.""

[0:11-0:13] TENSION BUILD. Fast cuts — extreme close up of Ray's eye at scope — close up of finger moving slowly toward trigger — scope POV crosshair slowly tracking the president — close up of Ray's chest barely moving with each breath — Ray exhales one long slow breath. Says barely audibly: ""Here we go.""

[0:13-0:15] THE SHOT. Ray pulls trigger — MASSIVE sound crack shattering the silence, rifle recoil visible, smoke from suppressor. Bullet POV — rushing forward through air at insane speed, forest falling away behind, open sky, altitude dropping fast, parking lot rushing up, fictional president visible ahead, crosshair closing in — CUTS TO BLACK. Complete silence. No impact shown.

Upload Ray character sheet + Cisco character sheet. Cinematic cel-shaded 3D anime, semi-realistic CGI, hand-painted textures, Unreal Engine quality, overcast grey natural lighting"
renoise-2082134681005314097,A Snorricam shot opens locked for the entire duration onto a young man lying…,,真人,特效向,恐怖灵异,,en,Seedance 2.0,,,renoise-ai/awesome-seedance-prompts,https://github.com/renoise-ai/awesome-seedance-prompts/blob/904b6caffa21c2b114bb93e1bd0e37ba80b3dd10/data/prompts/2082134681005314097.json,CC-BY-4.0,Travis Davids,https://x.com/MrDavids1/status/2082134681005314097,True,prompts/真人/特效向/恐怖灵异/renoise-2082134681005314097--A-Snorricam-shot-opens-locked-for-the-en.md,"A Snorricam shot opens locked for the entire duration onto a young man lying flat on his back, platinum buzzcut, black suit, black tie, eyes closed, completely still. Scattered pills and an overturned bottle beside him, a cracked phone screen glowing faintly, an empty bottle catching prismatic light.

Then his chest lurches. His eyes snap open, wide, glassy, pupils blown. He gasps. Heavy, desperate breathing, like a man breaking the surface of water. He pushes himself upright. The camera rises with him as he sits on the edge of the bed, head hanging, hands gripping the mattress. The room already feels wrong , edges soft, colors bleeding slightly at the periphery. He steadies himself. Then stands.

The Snorricam locks onto his face as he begins moving through the apartment. His expression is vacant but searching, eyes scanning walls that breathe and ripple, wallpaper patterns melts, walls twisting, dripping downward like wet paint, door frames bowing and contracting with each step. The apartment warps around his perfectly still, centered face. Corridor walls lean inward then exhale outward. Light pulses in slow cold waves, deep blue, sickly green, pale white. Shadows move against the light source. Nothing is stable except him.

He keeps walking. Breathing still ragged. Eyes blinking slowly like a man trying to verify reality one frame at a time. No dialogue. Audio: his labored breathing, the low ambient hum of the apartment, a faint high-pitched tone that swells and recedes. Mood: disoriented, unraveling, eerily quiet. No music."
renoise-2082135486232240314,Use @[storyboard ref] as the authoritative director-approved storyboard…,,真人,特效向,动作大片,,en,Seedance 2.0,,,renoise-ai/awesome-seedance-prompts,https://github.com/renoise-ai/awesome-seedance-prompts/blob/904b6caffa21c2b114bb93e1bd0e37ba80b3dd10/data/prompts/2082135486232240314.json,CC-BY-4.0,Adithya Thatipalli,https://x.com/adithatipalli/status/2082135486232240314,True,prompts/真人/特效向/动作大片/renoise-2082135486232240314--Use-storyboard-ref-as-the-authoritative.md,"Use @[storyboard ref] as the authoritative director-approved storyboard blueprint for this sequence. Treat all 12 storyboard panels as consecutive shots in one fast 15-second rooftop-night cinematic sequence. Follow panel order exactly. Do not render the storyboard sheet itself. Preserve shot order, framing intent, staging, screen direction, rooftop geography, cable layout, window continuity, tuning fork continuity, and emotional escalation. The storyboard controls staging and continuity; it does not control final anatomy, final textures, or accidental sketch artifacts.

Use @[character ref] as the authoritative Sable reference for face, body, silhouette, braid, copper thimbles, mustard stole, patched graphite climbsuit, and forearm-length tuning fork.

VISUAL STYLE: high-end stylized cinematic realism with painterly detail, night rooftop atmosphere, cool moonlit darkness mixed with scattered urban practicals, subtle electric shimmer on live wires, natural cloth motion, strong silhouette clarity, and fast readable action.

ENVIRONMENT: dense nighttime city rooftops with layered buildings, antennas, laundry lines, cable ridges, a dark courtyard below, and one key apartment cue window that triggers the action.

EMOTIONAL GUIDANCE: Valence: illicit ecstatic thrill. Arousal: starts tense, spikes instantly, surges through the strike, peaks in the balance shot, then lands in a charged quiet. Body language: long-limbed, agile, reckless, musical, precise.

AUDIO: No background music or score. Use only diegetic sound: distant city hum, soft night wind, shoe scuffs on roof edge, cloth flutter, braid movement, a metallic fork ring, electric buzz, cable thrums, laundry snaps, antenna rattles, and window clicks.

KINETIC EDITING:
- Crash zoom on the cue window reveal.
- Object follow on the wire ripple race.
- Motion blur smear from ascent into line run.
- Shutter-speed impact transition on fork strike.
- Slight whip energy between P08-P10 to heighten pace.

PANEL BEATS:
P01: Overhead wide static - top-down rooftops and sagging lines over a dark courtyard block; the city feels dormant and waiting.
P02: Long-lens push-in - one apartment window clicks on below; the frame compresses the wires into trap lines; this is the greenlight.
P03: Tight low insert - Sable arrives at the ridge edge in one sharp motion; braid swings, stole snaps, fork comes up ready.
P04: Low-angle tracking shot - Sable climbs onto the cable ridge with quick grounded balance; long limbs stretch upward; fork held cross-body.
P05: Side tracking profile - Sable runs the line in fast controlled steps; the stole streams behind; momentum builds hard.
P06: Extreme close-up - the tuning fork strikes the live cable; a sharp metal-on-wire contact lands cleanly.
P07: Macro insert - the cable jolts under impact; the first visible vibration ripples peel outward from the strike point.
P08: Side medium follow - ripple waves travel rapidly along the wire while Sable braces and rides the force through the body.
P09: Insert chain reaction - laundry lines, antennas, and nearby rooftop wires begin to vibrate in answer; the whole block starts resonating.
P10: Canted full-body shot - Sable leans into a dangerous ecstatic balance on the cable, fork still engaged, braid thimbles flashing with movement.
P11: High wide reveal - the energized line network stretches across the rooftops; the original cue window glows and a second window lights in reply.
P12: Far static wide - Sable becomes a small tall silhouette on the ridge above the block while the rooftop hymn holds in the night air.

IMPORTANT RULES:
- Keep the sequence very fast-paced and rhythmically sharp.
- Maintain only one Sable and one tuning fork in all shots.
- Keep cable geography and cue/reply window continuity consistent.
- Motion must feel agile, dangerous, musical, and clean rather than floaty.
- Preserve readable screen direction and strong silhouette clarity at all times."
renoise-2082140512769699859,"Character: A beautiful young woman with voluminous curly hair, warm brown skin…",,其他,,广告带货,,en,Seedance 2.0,link-only,copyrighted-character,renoise-ai/awesome-seedance-prompts,https://github.com/renoise-ai/awesome-seedance-prompts/blob/904b6caffa21c2b114bb93e1bd0e37ba80b3dd10/data/prompts/2082140512769699859.json,CC-BY-4.0,FATHELA ESQ,https://x.com/AmControo/status/2082140512769699859,True,prompts/其他/广告带货/renoise-2082140512769699859--Character-A-beautiful-young-woman-with-v.md,
renoise-2082147651806466362,"concussive sonic boom, cymatic air ripples, visible soundwave, distorted…",,其他,,风景空镜,,en,Seedance 2.0,,,renoise-ai/awesome-seedance-prompts,https://github.com/renoise-ai/awesome-seedance-prompts/blob/904b6caffa21c2b114bb93e1bd0e37ba80b3dd10/data/prompts/2082147651806466362.json,CC-BY-4.0,RoyalKongZ (Laurent),https://x.com/RoyalKongz/status/2082147651806466362,True,"prompts/其他/风景空镜/renoise-2082147651806466362--concussive-sonic-boom,-cymatic-air-rippl.md","concussive sonic boom, cymatic air ripples, visible soundwave, distorted atmosphere, supersonic pressure"
renoise-2082148560641151329,DV 16mm 手持磁带摄像机 POV，由 LISA 【@图片1】拍摄，她偶尔将摄像机支在架子/长凳上。自然的抖动、歪斜的取景、延迟对焦、笨拙的变焦、脸部偶尔被…,,真人,现实向,生活与vlog,,zh,Seedance 2.0,link-only,hate,renoise-ai/awesome-seedance-prompts,https://github.com/renoise-ai/awesome-seedance-prompts/blob/904b6caffa21c2b114bb93e1bd0e37ba80b3dd10/data/prompts/2082148560641151329.json,CC-BY-4.0,PixelAIGC,https://x.com/PixelAigc/status/2082148560641151329,True,"prompts/真人/现实向/生活与vlog/renoise-2082148560641151329--DV-16mm-手持磁带摄像机-POV,由-LISA-图片1-拍摄,她偶尔将摄像.md",
renoise-2082156231477891422,"A real outdoor village festival on a warm, bright afternoon. In the center of a…",,真人,现实向,运动,,en,Seedance 2.0,,,renoise-ai/awesome-seedance-prompts,https://github.com/renoise-ai/awesome-seedance-prompts/blob/904b6caffa21c2b114bb93e1bd0e37ba80b3dd10/data/prompts/2082156231477891422.json,CC-BY-4.0,BMX,https://x.com/bmx_ai13/status/2082156231477891422,True,prompts/真人/现实向/运动/renoise-2082156231477891422--A-real-outdoor-village-festival-on-a-war.md,"A real outdoor village festival on a warm, bright afternoon. In the center of a large concrete courtyard, two sturdy wooden platforms stand several metres apart. Between them, a long narrow bamboo pole is suspended about waist high above the ground and supported securely at both ends. Beneath the pole, several traditional terracotta clay pots are arranged decoratively along the path.

A skilled adult female acrobat wears a deep maroon traditional style performance jacket with subtle gold embroidered trim, fitted black trousers, white socks, and flat black cloth performance shoes. A large seated village crowd surrounds the performance space. Behind them are faded brick houses, colourful festival flags, and a simple traditional stage.

0 to 4 seconds: Begin with a medium wide handheld documentary shot from slightly below waist level. The performer steps carefully onto the narrow bamboo pole from the first wooden platform. Her arms extend naturally for balance while the bamboo bends slightly beneath her weight. The crowd becomes quiet and attentive. Bright daylight creates realistic shadows across the courtyard and highlights the natural texture of the bamboo.

4 to 8 seconds: The camera tracks parallel to her movement as she takes three slow, controlled steps along the bamboo. Each foot presses down naturally before her weight transfers forward. The bamboo flexes subtly with every step. Her jacket and loose fabric edges move gently in the outdoor breeze. Audience members lean forward, watching with believable tension.

8 to 12 seconds: Move into a closer side angle shot. Halfway across, she lowers into a controlled one legged crouch while keeping one foot firmly planted on the bamboo. She briefly extends her free leg behind her and stretches both arms outward. Show realistic muscle tension, accurate foot placement, natural body corrections, and subtle movement in the bamboo caused by her shifting centre of gravity. The crowd reacts with quiet gasps.

12 to 15 seconds: She rises smoothly, takes the final steps, and reaches the opposite wooden platform. She turns toward the audience and raises both arms with a confident smile. The camera gently pulls back, revealing the entire bamboo path, clay pots, and surrounding festival crowd as everyone breaks into enthusiastic applause.

Use natural documentary cinematography, an authentic village festival atmosphere, realistic human anatomy, believable gravity and weight transfer, accurate bamboo flexibility, detailed skin and fabric texture, crisp natural daylight, mild handheld camera movement, genuine crowd ambience, soft footsteps against bamboo, subtle creaking sounds, quiet gasps, and loud applause at the end.

Avoid fantasy effects, supernatural balancing, floating objects, impossible body movement, deformed hands or feet, duplicated limbs, collapsing bamboo, broken clay pots, artificial slow motion, exaggerated camera shake, captions, text, logos, and watermarks."
renoise-2082156565822587301,"A surreal, hyper-realistic video inside a crowded indoor hotel swimming pool. A…",,真人,特效向,超现实创意,,en,Seedance 2.0,,,renoise-ai/awesome-seedance-prompts,https://github.com/renoise-ai/awesome-seedance-prompts/blob/904b6caffa21c2b114bb93e1bd0e37ba80b3dd10/data/prompts/2082156565822587301.json,CC-BY-4.0,Sharon Riley,https://x.com/Just_sharon7/status/2082156565822587301,True,"prompts/真人/特效向/超现实创意/renoise-2082156565822587301--A-surreal,-hyper-realistic-video-inside.md","A surreal, hyper-realistic video inside a crowded indoor hotel swimming pool. A giant woman’s massive wet head and neck fill most of the frame, floating in the water like a living island. Her face is freckled, shiny, and expressive. A normal-sized shirtless man in blue plaid swim trunks stands on the pool ladder holding a white plastic cup, then steps onto her forehead, balances, and deliberately climbs into her open mouth. He grabs her nose and upper lip for leverage, swings his legs inside, and disappears completely into her mouth as water and bubbles surge around her lips. Background swimmers (men and women in swimsuits) point, laugh, and react with shock and amusement. Depth markers on the wall read 3FT and 5FT. The giant woman keeps her eyes open, looking upward and sideways with a mix of surprise and mild amusement while the man vanishes. Cinematic lighting, wet skin reflections, realistic water physics, absurd scale contrast, 9-second duration."
renoise-2082174113779769694,Create a 15-second photorealistic Japanese Kizami Nori commercial using @image1…,,其他,,广告带货,,en,Seedance 2.0,,,renoise-ai/awesome-seedance-prompts,https://github.com/renoise-ai/awesome-seedance-prompts/blob/904b6caffa21c2b114bb93e1bd0e37ba80b3dd10/data/prompts/2082174113779769694.json,CC-BY-4.0,Kent Dhani,https://x.com/kentdhani/status/2082174113779769694,True,prompts/其他/广告带货/renoise-2082174113779769694--Create-a-15-second-photorealistic-Japane.md,"Create a 15-second photorealistic Japanese Kizami Nori commercial using @image1 only as the visual reference for the children, product, underwater atmosphere, compositions, and action flow. Convert it into normal full-screen live-action footage. Do not reproduce any grid, borders, digits, corner labels, or graphic text from the reference.

A Japanese boy in a striped blue shirt tastes crispy Kizami Nori beside the product package and reacts happily. As he looks upward, the bright dining space transforms into a magical underwater world filled with turquoise light, bubbles, colorful fish, coral, and floating seaweed imagery. Show a premium macro shot of a hand taking thin, crisp Kizami Nori from a ceramic bowl.

Continue with a second boy and a girl in denim overalls sharing the seaweed together. Show an appetizing close-up of the dry roasted seaweed, followed by the girl taking a natural bite and smiling. Then show all three children laughing and enjoying Kizami Nori around the table.

End with a clean product hero shot: the white-and-blue Kizami Nori package standing upright behind a bowl of shredded seaweed, with the striped-shirt boy smiling on the left and the girl smiling on the right.

Only the children speak in Japanese. No adult narrator or adult voice.

Child dialogue:

「パリパリ！」
「海みたい！」
「いっしょに食べよう！」
「おいしい！」
「パリパリ、おいしい！」
「きざみのり、だいすき！」"
renoise-2082189854675181899,A continuous 15 second cinematic street fashion dynamic sequence captured on…,,真人,现实向,时尚写真,,en,Seedance 2.0,,,renoise-ai/awesome-seedance-prompts,https://github.com/renoise-ai/awesome-seedance-prompts/blob/904b6caffa21c2b114bb93e1bd0e37ba80b3dd10/data/prompts/2082189854675181899.json,CC-BY-4.0,BMX,https://x.com/bmx_ai13/status/2082189854675181899,True,prompts/真人/现实向/时尚写真/renoise-2082189854675181899--A-continuous-15-second-cinematic-street.md,"A continuous 15 second cinematic street fashion dynamic sequence captured on 35mm film with soft film grain and natural light. 16:9 aspect ratio.

[00:00 to 00:03] Medium low angle side profile tracking shot. A stylish man wearing an oversized washed dusty blue bomber jacket with embroidered chest logo, crisp white collared shirt with thin black tie, black fitted baseball cap with white embroidery, wide leg black trousers, and chunky black leather lug sole boots walks confidently along an industrial off white paneled exterior wall. Overcast daylight, low contrast, grounded shadows.

[00:03 to 00:06] Smooth transition to an extreme ultra low angle fish eye lens perspective looking up. The man crouches low toward the lens, lowering his dark rimless sunglasses with ring adorned fingers while looking directly at camera with relaxed confidence against a pale sky and building corner.

[00:06 to 00:10] Rapid rhythmic cinematic insert cuts highlighting premium textures: Macro close up on gold vintage digital watch and signet rings as he adjusts his sleeve; macro shot of gold star studs on heavy black denim pockets; close up low angle of hand tightening laces on black leather lug boots.

[00:10 to 00:15] Returns to full body medium shot framed by a black iron industrial staircase. The man performs a slow fluid turn showcasing the silhouette of his outfit, checks his jacket zipper, places one hand in his pocket, touches his cap brim, and walks slowly forward toward camera with effortless street style composure.

Camera and Lighting: Shot on Arri Alexa Mini, vintage anamorphic lens, subtle handheld movement, natural outdoor diffusion, cinematic 24fps motion blur, realistic cloth dynamics, zero artificial shine or digital artifacts.

Audio: Laid back 120 BPM lofi hip hop beat with warm sub bass, vinyl crackle, crisp snare, and smooth subtle vocal chops."
renoise-2082193592324427851,title: Ocean Shadow - Clip 1,,真人,现实向,剧情短片,,en,Seedance 2.0,,,renoise-ai/awesome-seedance-prompts,https://github.com/renoise-ai/awesome-seedance-prompts/blob/904b6caffa21c2b114bb93e1bd0e37ba80b3dd10/data/prompts/2082193592324427851.json,CC-BY-4.0,Shira Wiggles,https://x.com/shirawiggles/status/2082193592324427851,True,prompts/真人/现实向/剧情短片/renoise-2082193592324427851--title-Ocean-Shadow---Clip-1.md,"title: Ocean Shadow - Clip 1
reference_handling: image1 is STRICTLY a character design anchor for the woman's face, hairstyle (dark hair in two high pigtails), and makeup styling. DO NOT reproduce image1's composition, framing, or pose. DO NOT show her in a frontal close-up portrait against a flat pink studio background like image1. This scene takes place underwater in the open ocean, viewed from below and behind — a composition image1 cannot fit into. Her body must be shown in swimming posture (horizontal, limbs extended), never the static shoulders-up portrait pose from the reference.
style: Naturalistic underwater thriller cinematography. Cold blue-green color grading, inspired by open-ocean predator-POV sequences. Sunlight filtering downward through moving water. Photoreal, 4K.
visual_feel: Slow, drifting, weightless underwater rhythm. Suspended particulate matter, soft light shafts, gentle current sway. Slight lens distortion at the edges from water refraction. Tense, patient, watching stillness rather than fast motion.
duration: 15 seconds

character_modeling:
  swimmer:
    base: Adult woman swimming on the ocean surface, matching image1 for facial features, dark hair, and makeup only.
    features: Long dark hair loose or trailing behind her in the water (not styled in pigtails while swimming), lean toned body in a simple dark one-piece swimsuit, pale skin illuminated by refracted sunlight from above.
    movement_in_this_scene: She is always shown swimming steadily on the surface from a distance below — never treading water, never facing directly down at camera, never in a portrait-style pose. Her kicks are slow and rhythmic, arms stroking in a calm front-crawl.
    state_in_this_scene: Unaware of being watched. Calm, steady swimming pace, no sign of distress yet.

cinematic_storyboard:
  00-04_the_descent:
    camera: Static wide shot from deep below, looking straight up toward the surface.
    action: Sunlight breaks through the rippling surface above. The woman's silhouette glides into frame from the right, small and distant against the bright surface, her legs kicking in slow rhythm.
    lighting: Bright blue-white light shafts from above, fading to deep navy darkness at the bottom of frame.
    sfx: Muffled underwater ambience, distant surface splashes, low ambient hum.

  04-08_the_drift:
    camera: Slow lateral tracking shot, moving parallel beneath her, maintaining distance.
    action: The swimmer's silhouette moves steadily across the frame above, her arms stroking in a slow, even rhythm. Small bubbles trail from her kicks, drifting upward and dispersing.
    lighting: Shifting light rays sweep across the frame as the camera tracks, dappled and moving.
    sfx: Soft rhythmic water displacement sounds, muffled and distant.

  08-11_the_pause:
    camera: Slow push-in from below, tightening on her silhouette without breaking the underwater vantage.
    action: The camera creeps closer, still far beneath her. Suspended sediment and small particles drift through the frame between camera and swimmer, adding depth.
    lighting: Light shafts narrow and intensify slightly as the angle shifts, creating a sense of focus.
    sfx: A subtle low-frequency tone begins beneath the ambient water sound, barely perceptible.

  11-15_the_watch:
    camera: Extreme low-angle worm's-eye shot, looking almost straight up, holding still.
    action: The swimmer continues undisturbed above, unaware, her silhouette framed against the bright surface. The frame holds on the empty dark water in the foreground and mid-ground, implying something unseen is present without revealing it.
    lighting: High contrast — bright blur of surface light above, near-total blue-black darkness filling the lower two-thirds of frame.
    sfx: Ambient water hum swells subtly. A single heartbeat-like low thud, then held silence."
renoise-2082193966024601731,slow dolly in as the sail tears loose,,真人,现实向,情绪特写,,en,Seedance 2.0,,,renoise-ai/awesome-seedance-prompts,https://github.com/renoise-ai/awesome-seedance-prompts/blob/904b6caffa21c2b114bb93e1bd0e37ba80b3dd10/data/prompts/2082193966024601731.json,CC-BY-4.0,Machina,https://x.com/EXM7777/status/2082193966024601731,True,prompts/真人/现实向/情绪特写/renoise-2082193966024601731--slow-dolly-in-as-the-sail-tears-loose.md,slow dolly in as the sail tears loose
renoise-2082225876612338173,"High-end K-pop girl group music video, 8K cinematic quality, photorealistic —…",,真人,现实向,音乐MV,,en,Seedance 2.0,,,renoise-ai/awesome-seedance-prompts,https://github.com/renoise-ai/awesome-seedance-prompts/blob/904b6caffa21c2b114bb93e1bd0e37ba80b3dd10/data/prompts/2082225876612338173.json,CC-BY-4.0,TSUBAKI,https://x.com/AI__TSUBAKI/status/2082225876612338173,True,"prompts/真人/现实向/音乐MV/renoise-2082225876612338173--High-end-K-pop-girl-group-music-video,-8.md","High-end K-pop girl group music video, 8K cinematic quality, photorealistic — no 3D-render or game-engine look.

Location: opulent midnight ballroom — crystal chandeliers overhead, marble colonnade arches receding into darkness, polished black marble floor with mirror-like reflections, thin drifting haze.

Lighting: warm chandelier key light with cool blue moonlight spill from tall arched windows; sparkle glints and soft lens flares off crystals and sequins.

Color: deep midnight blue and black dominant, champagne gold secondary, silver crystal accents.

Camera: physical cine lens feel, shallow depth of field, smooth motorized arc and dolly moves, 180° shutter motion blur, 24fps, no jitter.

Identity: each member's face and hairstyle exactly match her reference image — no identity drift across cuts.

Wardrobe: glamorous coordinated stage outfits as described in the text below; ignore the outfits shown in the reference images.

Cast: the group has exactly four members — no extras, no background dancers, no other people anywhere in the hall.

Acting: idol MV performance — confident gaze into lens, subtle micro-expressions, hair and fabric reacting naturally to movement.

Audio: one single continuous music track — clean mid-tempo glam dance-pop instrumental, deep synth bass, crisp drums, studio-quality mix. No vocals, no second track, no crowd noise, no subtitles, no on-screen text.

Characters:
YURI (  @ image1  ) — long platinum-blonde hair. Silver crystal-fringe halter top over a shimmering bralette, metallic silver pleated micro skirt, crystal choker, knee-high metallic boots.
RENA (  @ image2  ) — long jet-black hair. Black sequin corset mini dress scattered with tiny crystals, silver drop earrings, sheer black gloves, black heeled boots.
SEOYUN (  @ image3  ) — long black hair. Champagne-gold beaded mini dress with thin crystal straps, delicate layered silver necklaces, Strappy gold heels.
HARIN (  @ image4  ) — long dark-brown hair. Black glitter-tweed blazer dress with crystal buttons worn as a mini dress, silver chain belt, thigh-high black boots.

Scene:

A vast midnight ballroom at night. A grand crystal chandelier hangs over the center of the hall; marble arches line both sides, forming depth toward the far end. The polished black floor mirrors every light. RENA starts alone under the central chandelier; the other three enter one by one as the camera moves, ending in a four-member formation facing camera. The hall is completely empty except for these four members — no one else appears at any point.

CUT 1 — 0–2s, medium shot, slow arc left:
RENA stands alone in a pool of warm chandelier light, head slightly lowered. She lifts her eyes to camera on the beat. Focus locked on RENA; the hall behind her melts into bokeh.

CUT 2 — 2–5s, arc continues left, focus pull forward, low angle:
The camera keeps arcing left as a blurred figure enters the foreground. Focus pulls forward: the blur resolves into a low-angle close-up of SEOYUN, who turns to face camera with a poised, knowing look. RENA softens into bokeh behind her.

CUT 3 — 5–9s, camera pulls back, panning left:
SEOYUN recedes to mid-ground. HARIN strides in from the left, filling the foreground, her glitter-tweed blazer dress catching chandelier glints with each step. Focus shifts from SEOYUN to HARIN as she levels a cool stare into the lens.

CUT 4 — 9–12s, camera arcs around:
HARIN falls back into the mid-ground. YURI walks in from the right into a foreground close-up, platinum hair swinging, crystal fringe shimmering. Focus lands on YURI as she tilts her chin, eyes locked on camera.

CUT 5 — 12–15s, wide shot, camera pulls back and rises, then settles:
Exactly four members — YURI, RENA, SEOYUN, HARIN and no one else — line up in a power stance: RENA center, SEOYUN and HARIN flanking her, YURI closing the formation. No duplicated or extra figures in frame. Marble arches recede for depth, chandeliers form a trailing line of light down the hall, and the mirror-polished floor doubles every sparkle. Hold on the formation as the haze drifts."
renoise-2082230535880114568,Initialize the Aether-Engine cinematic render pipeline. Use STORYBOARD_MAP…,,漫剧,现实向,剧情短片,2D日漫,en,Seedance 2.0,,,renoise-ai/awesome-seedance-prompts,https://github.com/renoise-ai/awesome-seedance-prompts/blob/904b6caffa21c2b114bb93e1bd0e37ba80b3dd10/data/prompts/2082230535880114568.json,CC-BY-4.0,PixieVerse,https://x.com/itsPixieVerse/status/2082230535880114568,True,prompts/漫剧/现实向/剧情短片/renoise-2082230535880114568--Initialize-the-Aether-Engine-cinematic-r.md,"Initialize the Aether-Engine cinematic render pipeline. Use STORYBOARD_MAP [Image] strictly to lock down frame sequences, shot scaling, screen direction, physical blocking, and camera composition. Replicate all physical actions, poses, and camera moves without rendering the paper background, copying the sketchy linework, or introducing unauthorized events. Render the final scene in a highly polished 2D Anime flat graphic style with bold ink-contours.
Reference CHAR_DNA [CharacterSheet] as the absolute authority for Rei's (C1) final proportions, wolf-cut hair, white racing bomber jacket, the widebody pink and black JDM drift car (V1), custom white deep-dish rims, and carbon details. The storyboard frames serve only as layout blueprints.
AESTHETIC SIGNATURE: Classic high-contrast street-racing anime aesthetic. Sharp ink-outline drawings with completely flat color blocking, zero soft gradients, zero soft shadows, and solid block tones. Vibrant color scheme: cherry blossom pink, midnight black, deep asphalt gray, and lush forest greens, contrasted by glowing orange touge streetlamps, white halogen headlights, and brilliant green sparks. Styled flat-smoke blocks.
SENSORY LAYER: No music. Raw mechanical JDM audio: loud tire screeches as rubber tears against asphalt, the screaming high-RPM roar of a twin-turbo inline-6 engine, mechanical clacks of gear changes, the fluttering hiss of a turbo wastegate (tsutsu-tsu), sharp exhaust pop crackles, and the violent clatter of loose gravel hitting the inner wheel arches.
SCENE GEOMETRY: Wet asphalt mountain touge roads reflecting glowing orange streetlights, towering pine tree silhouettes, metallic guardrails, and vertical cliff faces casting flat dark shadows.
PERFORMANCE PROFILE: Violent weight transfers, snapping physics, and precise steering inputs. Rei drives with absolute cool, clinical precision, contrasting the aggressive, screaming mechanical energy of the car.
Execute the render frame-by-frame as detailed in these FRAMES entries:
FRAMES:
F01 / wide high-angle / touge starting line: High-angle wide shot. V1 sits at the damp mountain starting line, its cherry blossom pink paint gleaming under orange streetlamps. Small, stylized flat white clouds of exhaust steam drift from the dual exhaust tips. The engine idles with a deep, low rumble.
F02 / close-up interior / driver focus: Close-up interior view. Rei's hand, wrapped in black racing gloves, rests on the aluminum shift knob. The dashboard glows with a flat orange light, the tachometer needle vibrating near redline with high-tension engine hums.
F03 / medium-wide tracking / launch blast: Low tracking shot. V1 launches with immense forward force. The rear tires spin violently on the wet dark asphalt, leaving sharp flat-shaded black skid marks. A high-pitched turbo whine spikes as V1 rushes into the dark.
F04 / extreme wide low-angle / mountain approach: Extreme wide shot. The pink and black silhouette of V1 carves across the dark green mountain pass, its halogen headlights throwing sharp, flat white triangular beams across the wet pavement.
F05 / overhead close / weight transition: Overhead shot. V1's front tires snap left as the car initiates the drift. The chassis tilts, the weight transferring aggressively with a loud screech of tire friction. The cherry-blossom pink hood cuts through the frame.
F06 / extreme close-up / tire bite: Extreme close-up. V1's rear tire spins inches from the steel guardrail. Bright, flat neon-green sparks shower from under the body kit, accompanied by a sharp metallic scraping sound.
F07 / low-angle three-quarter / apex drift: Low-angle three-quarter shot. V1 is completely sideways, sliding past the inner apex of the turn. Massive, stylized flat white tire smoke clouds plume from the rear wheels with deafening screeching tire roars.
F08 / POV interior / rearview mirror: POV from inside. Rei stares coolly ahead through the flat windshield. In the rearview mirror, the brilliant white halogen glare of a rival car's headlights flashes into view.
F09 / wide tracking / escape trajectory: Wide tracking shot. V1 exits the hairpin, the chassis snapping straight with absolute mechanical precision. A bright, flat blue-orange backfire flame erupts from the exhaust tip with a loud, metallic gunshot pop.
F10 / low close-up / cool-down glide: Low close-up view. V1 roars directly past the camera, leaving flat-styled wind-speed lines slicing through the frame as the engine note fades into a distant, echoing mountain howl."
renoise-2082248656871399744,高品質アニメ映像。,,漫剧,特效向,奇幻冒险,2D日漫,ja,Seedance 2.0,link-only,hate,renoise-ai/awesome-seedance-prompts,https://github.com/renoise-ai/awesome-seedance-prompts/blob/904b6caffa21c2b114bb93e1bd0e37ba80b3dd10/data/prompts/2082248656871399744.json,CC-BY-4.0,mayv@簡単プロ級プロンプト公開中！,https://x.com/haruuraeadss/status/2082248656871399744,True,prompts/漫剧/特效向/奇幻冒险/renoise-2082248656871399744--高品質アニメ映像.md,
renoise-2082251036220371422,国风网红美女10s变装,,真人,现实向,时尚写真,,zh,Seedance 2.0,,,renoise-ai/awesome-seedance-prompts,https://github.com/renoise-ai/awesome-seedance-prompts/blob/904b6caffa21c2b114bb93e1bd0e37ba80b3dd10/data/prompts/2082251036220371422.json,CC-BY-4.0,PixelAIGC,https://x.com/PixelAigc/status/2082251036220371422,True,prompts/真人/现实向/时尚写真/renoise-2082251036220371422--国风网红美女10s变装.md,"国风网红美女10s变装
0s-3s，中景平视，身着素色襦裙的美女站在红墙前，手腕轻转带动裙摆微扬，暖光斜照勾勒轮廓，古风写意风格
3s-7s，镜头急推至近景，美女转身甩袖的瞬间，素裙撕裂飞溅出红色绸缎，强光闪烁中旗袍紧贴身形显现，光影对比强烈，国潮混搭风格
7s-10s，镜头拉回中景，美女单腿屈膝抬手撩发，旗袍化作短款刺绣战衣，腰间流苏随动作摆动，冷光点缀金属装饰，飒爽国风风格"
renoise-2082270205775171732,Ultra-realistic 3D Pixar/Disney-inspired food advertisement featuring a…,,其他,,广告带货,,en,Seedance 2.0,,,renoise-ai/awesome-seedance-prompts,https://github.com/renoise-ai/awesome-seedance-prompts/blob/904b6caffa21c2b114bb93e1bd0e37ba80b3dd10/data/prompts/2082270205775171732.json,CC-BY-4.0,Hania Ai,https://x.com/HaniaAi12/status/2082270205775171732,True,prompts/其他/广告带货/renoise-2082270205775171732--Ultra-realistic-3D-Pixar-Disney-inspired.md,"Ultra-realistic 3D Pixar/Disney-inspired food advertisement featuring a beautiful young woman with large expressive brown eyes, soft flawless skin, long voluminous wavy brown hair, and a warm friendly smile. She wears a deep burgundy knit sweater, a beige linen apron, and a small elegant gold rose brooch. She stands in a luxurious modern home kitchen bathed in warm golden morning sunlight, softly blurred background with marble countertops, copper cookware, glass jars, fresh herbs, and cozy premium kitchen décor.

She holds a large white ceramic plate close to the camera featuring a perfectly cooked teriyaki glazed salmon fillet coated in a rich glossy caramelized sauce, garnished with sesame seeds, sliced green onions, fresh microgreens, and light steam rising naturally. The plate is surrounded by vibrant steamed broccoli, baby carrots, and baby corn with realistic textures and colors.

Cinematic food photography, shallow depth of field, premium restaurant presentation, ultra-detailed, hyper-realistic textures, soft golden-hour lighting, cozy luxury atmosphere, vibrant color grading, crisp focus, elegant composition, commercial food advertisement style, no text, no logo, no watermark, clean background, 8K, vertical 2:3 aspect ratio."
renoise-2082278678462148939,画像1の人物、黒猫、衣装、室内、人物配置を厳密に維持する。,,真人,现实向,年代怀旧,,ja,Seedance 2.0,,,renoise-ai/awesome-seedance-prompts,https://github.com/renoise-ai/awesome-seedance-prompts/blob/904b6caffa21c2b114bb93e1bd0e37ba80b3dd10/data/prompts/2082278678462148939.json,CC-BY-4.0,NOMI｜AI creator,https://x.com/KimikoOsugi/status/2082278678462148939,True,prompts/真人/现实向/年代怀旧/renoise-2082278678462148939--画像1の人物-黒猫-衣装-室内-人物配置を厳密に維持する.md,"画像1の人物、黒猫、衣装、室内、人物配置を厳密に維持する。

15秒、16:9、実写。
直前の夫婦喧嘩から、そのまま続いている場面。

【直前までのあらまし】

働いていないシゲきちが、別の女性に大金を使ったことが発覚した。

画像1の人物の顔、年齢、体格、髪型、衣装、室内、黒猫を維持する。
ただし、直前の場面からの連続性を守るため、シゲきちはメガネをかけていない。

【場面】

短い沈黙のあと、ちよこがシゲきちへ再び話しかける。

ちよこは、シゲきちの一連の言動について、世界のことわざを持ち出しながら説教する。

ちよこは、そのことわざを検索して見つけたことを口には出さない。
昔から知っていたことわざを、ふと思い出したように自然に話す。

【インターネット検索と内容の決定】

Seedance 2.0のインターネット検索機能を使用する。

直前までのあらましと、ちよことシゲきちの長年の夫婦関係を理解する。

今回のシゲきちに最もよく当てはまることわざを、世界各地に実在することわざの中から一つだけ選ぶ。

シゲきちのどの行動や性格を問題の中心として捉えるかも、あらましからSeedance 2.0が判断する。

指定された単語へ機械的に当てはめず、一連の会話、夫婦の関係性、ちよこの感情、シゲきちの態度を総合的に解釈して選ぶ。

特定の国または地域に伝わる、実在することわざを選ぶ。

ことわざは、辞書、文化機関、大学、図書館などの信頼できる情報を検索して確認する。

実在しないことわざを創作しない。
出典となる国や地域が不明確なことわざを使用しない。
意味や翻訳が不確かなことわざを使用しない。

複数のことわざを組み合わせない。
一つのことわざだけを選ぶ。

選んだことわざを、ちよこの普段の言葉遣いによる短い説教へ自然につなげる。

具体的にどのことわざを選ぶか、シゲきちの何を責めるか、どのような説教をするかは、検索結果とあらましをもとにSeedance 2.0が決定する。

【ちよこの台詞】

ちよこは、必ず次の台詞から話し始める。

ちよこ
「おとうさん、そういうのはね……」

この最初の台詞を変更、省略、言い換えしない。

そのあと、選んだことわざが伝わる国または地域を短く示し、ことわざを自然な日本語でシゲきちに聞かせる。

続けて、そのことわざを今回のシゲきちの言動へ結びつけ、短く説教する。

台詞の基本的な流れは次のようにする。

「おとうさん、そういうのはね……」
↓
どこの国や地域のことわざなのかを短く話す
↓
ことわざを自然な日本語で紹介する
↓
今回のシゲきちへ直接結びつけて説教する

この構成を機械的な定型文として読み上げず、一続きの自然な会話にする。

外国語の原文は話さない。
すべて自然な日本語で話す。

翻訳調の硬い文章にはしない。
ことわざの意味が自然に伝わるよう、ちよこの庶民的な言葉遣いへ置き換える。

ことわざの歴史、語源、文化的背景、人物の経歴は説明しない。
一つの話題を深掘りしない。

15秒の中で、

・最初の指定台詞
・国または地域の名前
・ことわざの自然な日本語訳
・シゲきちへの短い説教

までを、聞き取れる自然な速度で収める。

【ちよこの演技】

ちよこはカメラを見ない。
隣に座っているシゲきちの顔を見ながら話す。

ちよこの台詞には、必ずAudio2の声質を使用する。

声質、性格、表情、庶民的な口調は普段のちよこのまま。
アナウンサー、司会者、教師、ナレーターのような話し方にはしない。
よそ行きの発声にはしない。

長年連れ添った夫へ、呆れながら言い聞かせるように話す。

知識を披露するためではなく、シゲきちを説教するためにことわざを持ち出す。

「おとうさん、そういうのはね……」では、次に何を言おうか考えるように少し間を置く。

ことわざを紹介するときも、書かれた文章を読むようには話さない。
自分の言葉として、シゲきちへ直接聞かせる。

話し始めは静か。
ことわざをシゲきちの行動へ結びつけるにつれて、少しずつ語気が強くなる。
ただし怒鳴らない。

「まったく、この人は何も分かっていない」という呆れを、目線、眉、口元、鼻息で表現する。

話している間、基本的にシゲきちの顔を見る。
カメラには一度も視線を向けない。

【シゲきちの演技】

シゲきちは、なぜちよこが突然、ことわざを持ち出したのか分からない。

メガネのない顔で、困惑しながらちよこを見る。

ことわざの意味と、自分が説教されている理由を理解しようとする。
しかし話が進むにつれて、さらに訳が分からない表情になる。

小さく目を見開く。
眉を寄せる。
首をわずかに傾ける。
この程度の自然な反応だけを見せる。

シゲきちは台詞を話さない。
口を挟まない。
反論しない。
カメラを見ない。
ちよこの顔とカメラを交互に見る動作もしない。

映像の最後まで、ちよこの顔だけを見ながら黙って聞いている。

大げさに驚かない。
立ち上がらない。
逃げない。
落ちたメガネを拾わない。

シゲきちは話さないため、Audio1を使った新しい台詞を生成しない。

【黒猫】

黒猫はちよこの膝の上で落ち着いている。

夫婦の会話や、ちよこの説教には関心を示さない。
目を細め、眠そうにしている。

鳴かない。
膝から降りない。
人間の台詞に合わせて演技しない。

【カメラ】

カメラは参考画像と同じ正面のミディアム・ツーショットに完全固定。

シゲきち、ちよこ、ちよこの膝の黒猫を、最初から最後まで同じ画面に収める。

カット、ズーム、パン、ティルト、フォーカス移動を行わない。
手持ち撮影にしない。
構図を変化させない。

ちよこが話しても、シゲきちが反応しても、カメラは一切反応しない。

【映像表現】

1960年代後半の日本の庶民的なテレビ・ホームドラマ。

少し褪色した暖色。
柔らかなコントラスト。
自然なフィルム粒子。
古い16mmまたは35mmフィルムの質感。

年齢による皺、毛穴、染みを自然に残す。
現代的に滑らかな肌へ補正しない。

室内、家具、衣装を現代的なものへ変化させない。

【音声】"
renoise-2082308219859554649,【画像1】のキャラクターを【画像2】脚本 【画像3】絵コンテを元に実写動画にして。,,真人,现实向,剧情短片,,ja,Seedance 2.0,,,renoise-ai/awesome-seedance-prompts,https://github.com/renoise-ai/awesome-seedance-prompts/blob/904b6caffa21c2b114bb93e1bd0e37ba80b3dd10/data/prompts/2082308219859554649.json,CC-BY-4.0,ミサキ,https://x.com/misakin883/status/2082308219859554649,True,prompts/真人/现实向/剧情短片/renoise-2082308219859554649--画像1-のキャラクターを-画像2-脚本-画像3-絵コンテを元に実写動画にして.md,【画像1】のキャラクターを【画像2】脚本 【画像3】絵コンテを元に実写動画にして。
renoise-2082312222773260766,"Product reference sheet of a premium luxury hardshell travel suitcase, multiple…",,其他,,广告带货,,en,Seedance 2.0,,,renoise-ai/awesome-seedance-prompts,https://github.com/renoise-ai/awesome-seedance-prompts/blob/904b6caffa21c2b114bb93e1bd0e37ba80b3dd10/data/prompts/2082312222773260766.json,CC-BY-4.0,𝐌,https://x.com/Strength04_X/status/2082312222773260766,True,prompts/其他/广告带货/renoise-2082312222773260766--Product-reference-sheet-of-a-premium-lux.md,"Product reference sheet of a premium luxury hardshell travel suitcase, multiple angles on clean white studio background, front view, side view, back view, three-quarter angle view, close-up of handle and wheels, close-up of logo detail, consistent matte silver/champagne color, ribbed hardshell design, chrome accents, studio lighting, product catalog style, ultra realistic, 4K, no people, no text"
renoise-2082315218152243290,Animate the provided first frame into a 15-second cinematic superhero crossover…,,漫剧,特效向,战斗大招,3D卡通,en,Seedance 2.0,,,renoise-ai/awesome-seedance-prompts,https://github.com/renoise-ai/awesome-seedance-prompts/blob/904b6caffa21c2b114bb93e1bd0e37ba80b3dd10/data/prompts/2082315218152243290.json,CC-BY-4.0,apob,https://x.com/apob_ai/status/2082315218152243290,True,prompts/漫剧/特效向/战斗大招/renoise-2082315218152243290--Animate-the-provided-first-frame-into-a.md,"Animate the provided first frame into a 15-second cinematic superhero crossover video in 16:9 horizontal format. Keep the same two original heroes, same rainy neon rooftop, same futuristic city skyline, same crimson web energy, same cyan arc-shield energy, and same high-end stylized superhero animation style throughout the entire video.
STYLE:
Cinematic superhero animation, high-end stylized 3D, comic-book action, rain-soaked neon city, dramatic rim lighting, fast acrobatic movement, powerful shield defense, energy trails, sparks, mist, rooftop reflections, polished action short.
CHARACTER LOCK:
Exactly two heroes appear.
Web Hunter is always the agile black-and-crimson web hero with glowing red web lines, hooded mask, white lens eyes, and kinetic crimson web threads.
Arc Guardian is always the tall navy-silver armored protector with cyan chest core, blue visor, circular energy shield, and defensive arc-light powers.
Do not swap powers, colors, suits, body types, or identities. No existing superhero IP.
TIMELINE:
0–1.5s:
Start from the first frame. Web Hunter crouches low on the wet rooftop while Arc Guardian raises his cyan shield. Rain falls, neon reflects on the ground, and both look toward an incoming threat.
1.5–3s:
Close-up montage: Web Hunter’s lens eyes narrow as crimson energy runs through his glove; Arc Guardian’s chest core brightens and shield expands.
3–4.5s:
A dark flying drone beast dives from the misty sky. Web Hunter launches upward, firing two crimson web lines toward rooftop antennas.
4.5–6s:
Arc Guardian blocks the drone’s energy blast with a circular cyan barrier. Sparks, rain, and steam explode outward.
6–7.5s:
Web Hunter swings across the frame in an aerial flip, passes over Arc Guardian’s shield, and lands on the drone’s back.
7.5–9s:
Web Hunter wraps the drone in glowing crimson web threads. Arc Guardian pushes forward with his shield, driving the drone toward the rooftop edge.
9–10.5s:
The drone breaks partially free and releases a shockwave. Rooftop tiles crack, rainwater splashes, and Web Hunter skids backward.
10.5–12s:
Web Hunter shoots a web line to Arc Guardian’s shield. Arc Guardian spins the shield, allowing Web Hunter to sling around him in a fast circular orbit.
12–13.5s:
Their powers combine: crimson web threads spiral around a cyan energy sphere, forming a glowing net in midair.
13.5–15s:
Final hero moment. The combined red-blue net traps the drone above the rooftop. Web Hunter lands in a low crouch in the foreground; Arc Guardian stands behind him with shield raised. End on a powerful team-up pose against the rainy neon skyline.
CAMERA:
Use cinematic action camera language: low rooftop opening shot, hero close-ups, upward launch shot, shield impact shot, aerial swing tracking, orbit move, final wide hero frame. Keep action readable and energetic.
MOTION:
Web Hunter moves fast and acrobatically: crouch, leap, swing, flip, land, web-wrap.
Arc Guardian moves solidly and powerfully: shield raise, block, push, spin, final guard stance.
Rain, cape panels, web lines, shield energy, sparks, steam, and reflections move naturally.
LIGHTING:
Dark blue night city, neon magenta reflections, crimson web glow, cyan shield glow, white rain highlights, dramatic superhero rim lighting.
ENDING:
End with exactly two heroes in a clean team-up hero pose, Web Hunter crouched forward, Arc Guardian standing behind, trapped drone suspended in a red-cyan energy web above them."
renoise-2082322709250265578,A stunning full-length fashion portrait of an elegant young woman wearing a…,,真人,现实向,时尚写真,,en,Seedance 2.0,,,renoise-ai/awesome-seedance-prompts,https://github.com/renoise-ai/awesome-seedance-prompts/blob/904b6caffa21c2b114bb93e1bd0e37ba80b3dd10/data/prompts/2082322709250265578.json,CC-BY-4.0,Romana,https://x.com/Romi2656/status/2082322709250265578,True,prompts/真人/现实向/时尚写真/renoise-2082322709250265578--A-stunning-full-length-fashion-portrait.md,"A stunning full-length fashion portrait of an elegant young woman wearing a luxurious deep burgundy velvet maxi gown with long sleeves, fitted bodice, sparkling embellished cuffs and waist, and a dramatic flowing pleated skirt with a subtle thigh-high slit. She has long glossy dark brown wavy hair, delicate statement earrings, and elegant champagne-colored heels. She is standing gracefully in a luxurious classic palace-style interior with ornate gold mirror frames, warm ambient lighting, marble floors, and a beautiful arrangement of deep red roses. High-end fashion editorial photography, cinematic lighting, photorealistic, ultra-detailed, sophisticated and glamorous, full dress clearly visible from head to toe, vertical 9:16 composition."
renoise-2082323737991360950,FLOVA — THE DIRECTOR OF REALITY  Duration: 60 Seconds  Aspect Ratio: 16:9 …,,其他,,广告带货,,en,Seedance 2.0,,,renoise-ai/awesome-seedance-prompts,https://github.com/renoise-ai/awesome-seedance-prompts/blob/904b6caffa21c2b114bb93e1bd0e37ba80b3dd10/data/prompts/2082323737991360950.json,CC-BY-4.0,Caden Flux,https://x.com/Caden_Flux/status/2082323737991360950,True,prompts/其他/广告带货/renoise-2082323737991360950--FLOVA-—-THE-DIRECTOR-OF-REALITY-Duration.md,"FLOVA — THE DIRECTOR OF REALITY  Duration: 60 Seconds  Aspect Ratio: 16:9  Genre: Premium AI Creative Platform Commercial  Style: Hollywood cinematic advertisement, futuristic creativity, ultra-realistic VFX, seamless AI world generation, Apple/Nike-level brand film quality. CHARACTER CONSISTENCY (ALL SCENES) The Director Maintain the exact same character throughout every scene.  A young creative visionary in his late 20s/early 30s.  Appearance:  same face identity in every shot  warm expressive eyes  slightly messy dark hair  transparent stylish glasses oversized beige jacket oversized cream shirt loose brown tie baggy faded blue jeans chunky cream sneakers silver rings and bracelets necklace and dog tag vintage camera hanging from shoulder headphones around neck Personality: playful curious  imaginative  confident experimental He is not a corporate businessman. He is the person who turns impossible ideas into reality. PART 1 (0–15s)  THE EMPTY STAGE — A WORLD WAITING TO EXIST  A massive cinematic soundstage sits completely empty.  A huge black floor stretches endlessly. Soft fog moves across the ground.  Dust particles float through golden studio lights.  Empty cameras, concept sketches, and unfinished ideas surround the space.  The Director slowly walks into the center.  Camera:  opening aerial drone shot revealing the enormous empty studio  slow cinematic dolly forward following him  low-angle hero shot as he enters the light close-up on his eyes as inspiration sparks He looks around at the empty world. He smiles. Raises his hand.  Quietly says:  ""Action.""  The studio begins transforming.  The floor cracks open with glowing creative energy.  Reality starts being created around him.  PART 2 (15–30s)  DIRECTING IMPOSSIBLE WORLDS  The soundstage transforms into a breathtaking medieval fantasy kingdom.  Massive castles rise from the ground. Ancient forests grow instantly.  Magical particles fill the sky.  A giant dragon flies above the Director.  The world feels like a blockbuster fantasy movie.  Camera:  FPV camera flying through castle towers  sweeping aerial shot over the kingdom  360-degree orbit around The Director dramatic low-angle shot as the dragon passes overhead The Director calmly watches his creation. He says: ""Cut.""  The world freezes.  The kingdom breaks apart into beautiful glowing particles, digital fragments, and cinematic layers.  The pieces collapse like an editable creative project.  He says:  ""Action.""  Instant transformation.  The particles explode into a futuristic cyberpunk city.  Neon skyscrapers surround him.  Flying vehicles move between buildings.  Rain falls through glowing holograms.  Camera:  fast tracking shot through neon streets  close-up of his hand controlling the transformation  spinning camera move around him as the city forms PART 3 (30–45s) INFINITE CREATION The Director moves faster. Every command creates a new universe. ""Cut.""  The cyberpunk city folds like paper and disappears.  ""Action.""  He appears underwater.  A massive underwater civilization surrounds him.  Giant whales swim between futuristic ruins.  Blue light shines through the ocean.  Camera:  underwater cinematic tracking shot  slow-motion whale movement  close-up reaction shot of The Director ""Cut."" The ocean transforms into flowing digital particles. ""Action.""  He appears on Mars.  Red deserts stretch endlessly.  A futuristic colony rises behind him.  Spaceships fly above.  Camera:  wide planetary establishing shot  drone orbit around Mars landscape  hero silhouette shot against the planet The transitions become faster: Action. Anime-inspired universe.  Dynamic colors.  Stylized landscapes.  Energy effects.  Action.  Luxury fashion runway.  Premium lighting.  High-fashion cinematic shots.  Action.  Giant toy city.  Colorful buildings.  Playful miniature world.  Every universe feels like a completely different film.  PART 4 (45–60s)  THE FLOVA REVEAL  The worlds begin appearing faster.  Fantasy. Sci-fi.  Animation.  Fashion.  Adventure.  Hundreds of realities surround The Director.  The camera spins around him traveling through multiple universes.  Everything suddenly stops.  Silence.  The worlds collapse into glowing particles.  Camera:  Extreme wide shot slowly pulling backward.  The audience realizes:  He was never inside these worlds.  He was creating them.  FINAL REVEAL — FLOVA INTERFACE  The camera continues pulling back.  The Director is sitting at a modern creative workstation.  A laptop sits in front of him.  The screen displays the actual Flova interface.  Use the provided Flova UI reference image.  The interface must match:  exact layout  exact workspace structure  real panels  real buttons real navigation real typography real colors Do not create a generic AI dashboard. The laptop screen should clearly look like the official Flova platform. The screen shows his created projects:  fantasy kingdom  cyberpunk city  underwater world  Mars scene animation world fashion commercial Multiple generated creations organized inside Flova. Camera: macro close-up of the Flova interface on the laptop screen  realistic glass reflections  shallow depth of field over-the-shoulder shot showing The Director using Flova slow cinematic orbit around him as the screen lights his face He clicks one button. The screen glows. All realities return behind him.  The Director stands surrounded by infinite worlds.  FINAL FRAME  The camera pulls back into a massive cinematic universe.  The Director stands at the center.  The Flova logo appears.  Text:  ""Don't imagine worlds. Direct them.""  VISUAL REQUIREMENTS  4K HDR  ultra-realistic cinematic quality  seamless world transitions realistic physics volumetric lighting premium commercial cinematography fast energetic editing emotional storytelling consistent character identity realistic Flova interface reveal Core feeling: One creator. Infinite realities.  Powered by Flova."
renoise-2082325610777694226,生成视频：10 秒，横屏 16:9，宋朝东京汴梁，古代真实体育转播镜头。一位年轻宋朝女性穿着襦裙坐在晚上蹴鞠场砖木观众席中，周围是兴奋人群、球场马灯灯光、浅景深…,,真人,现实向,运动,,zh,Seedance 2.0,,,renoise-ai/awesome-seedance-prompts,https://github.com/renoise-ai/awesome-seedance-prompts/blob/904b6caffa21c2b114bb93e1bd0e37ba80b3dd10/data/prompts/2082325610777694226.json,CC-BY-4.0,PixelAIGC,https://x.com/PixelAigc/status/2082325610777694226,True,"prompts/真人/现实向/运动/renoise-2082325610777694226--生成视频-10-秒,横屏-16-9,宋朝东京汴梁,古代真实体育转播镜头-一位年轻.md",生成视频：10 秒，横屏 16:9，宋朝东京汴梁，古代真实体育转播镜头。一位年轻宋朝女性穿着襦裙坐在晚上蹴鞠场砖木观众席中，周围是兴奋人群、球场马灯灯光、浅景深和轻微镜头噪点。画面带真实电视转播感：远处木质记分牌比分牌模糊可见，但不要生成可读品牌文字。0-2 秒：镜头像直播导播切到观众席，她自然拿起菊花茶，热情投入观看比赛；2-4 秒：旁边观众欢呼，她被声音吸引，跃跃欲试；4-7 秒：她走下观众席翻过护栏，直接跑入球场，抢断蹴鞠球，特写镜头，她盘带过人三个对方球员，高踢穿越对方球员，盘带到门前，大力抽射，特写，蹴鞠球飞跃守门员的双手飞入球门得分，门将绝望的表情，观众沸腾欢呼。7-10 秒：镜头轻微推近，她对镜头短暂微笑挥手后，她走回观众席。声音：人群欢呼、远处解说、球场环境声。保持宋朝服饰建筑风格，不能穿帮，16:9。
renoise-2082332177405227484,A cinematic animated short film with feature-film-quality 3D animation…,,漫剧,现实向,剧情短片,3D卡通,en,Seedance 2.0,,,renoise-ai/awesome-seedance-prompts,https://github.com/renoise-ai/awesome-seedance-prompts/blob/904b6caffa21c2b114bb93e1bd0e37ba80b3dd10/data/prompts/2082332177405227484.json,CC-BY-4.0,Shara I Ai Video Creator,https://x.com/itsshara_ai/status/2082332177405227484,True,prompts/漫剧/现实向/剧情短片/renoise-2082332177405227484--A-cinematic-animated-short-film-with-fea.md,"A cinematic animated short film with feature-film-quality 3D animation, expressive stylized characters, a sun-drenched rooftop cityscape at golden hour, warm orange-pink sky, dynamic sweeping cinematic camera movement, energetic orchestral score building tension, polished CGI animated feature film quality rendering, NOT photorealistic, expressive facial animation, and kinetic action storytelling.

A confident 17-year-old skater with spiky black hair, sharp eyes, black-and-orange bomber jacket, rides a matte-black skateboard across a rooftop, weaving between AC units and ledges with effortless style.

SET LAYOUT: Skater remains on the rooftop level throughout this part. Street level with the boy is visible far below, established via establishing wide shot only.

Below on the street, a 7-year-old boy in a yellow t-shirt flies a red diamond kite, laughing.

Boy (excited, calling up): Higher, higher!

A gust of wind suddenly rips the kite string from his hands. The kite spirals upward, out of control, heading toward the rooftop edge.

Boy (panicked): No my kite!

The skater spots the runaway kite from the rooftop, eyes widening with determination.

Skater (smirking, already moving): Got it.

He kicks off hard, skateboard wheels grinding against a metal rail, building explosive speed toward the rooftop edge."
renoise-2082360372032639011,"A massive volcanic eruption devastating a coastal town at dawn, lava flows…",,真人,特效向,动作大片,,en,Seedance 2.0,,,renoise-ai/awesome-seedance-prompts,https://github.com/renoise-ai/awesome-seedance-prompts/blob/904b6caffa21c2b114bb93e1bd0e37ba80b3dd10/data/prompts/2082360372032639011.json,CC-BY-4.0,Mr Das,https://x.com/MrDasOnX/status/2082360372032639011,True,prompts/真人/特效向/动作大片/renoise-2082360372032639011--A-massive-volcanic-eruption-devastating.md,"A massive volcanic eruption devastating a coastal town at dawn, lava flows racing down streets, ash clouds billowing into the sky, buildings engulfed in flames, panicked crowds and vehicles fleeing, glowing embers and pyroclastic surges in dramatic slow motion, cinematic ground-level tracking shots, hyper-realistic disaster VFX, 15-second duration."
renoise-2082364290464681985,Make a video in high quality short cinematic product ads style. the video…,,其他,,广告带货,,en,Seedance 2.0,,,renoise-ai/awesome-seedance-prompts,https://github.com/renoise-ai/awesome-seedance-prompts/blob/904b6caffa21c2b114bb93e1bd0e37ba80b3dd10/data/prompts/2082364290464681985.json,CC-BY-4.0,auqib,https://x.com/auqibhabib/status/2082364290464681985,True,prompts/其他/广告带货/renoise-2082364290464681985--Make-a-video-in-high-quality-short-cinem.md,"Make a video in high quality short cinematic product ads style. the video begins with in a tennis court, she is serving a tennis ball with her racket, the camera track her movement and the second she hit the ball, the camera go from top down view in which the tennis ball is now closest to the camera and she is underneath it pause in the mid serving position. then while time freezes, the camera show close up of the outfit, the logo, the headband etc, then she hit the ball and walk and the camera suddenly turn to across the court where the ball goes and there are a bunch of ball forming across that outlined the brand name ""comtex"" all cap"
renoise-2082366212512838089,Format: 16:9,,真人,现实向,生活与vlog,,en,Seedance 2.0,,,renoise-ai/awesome-seedance-prompts,https://github.com/renoise-ai/awesome-seedance-prompts/blob/904b6caffa21c2b114bb93e1bd0e37ba80b3dd10/data/prompts/2082366212512838089.json,CC-BY-4.0,Johnn,https://x.com/john_my07/status/2082366212512838089,True,prompts/真人/现实向/生活与vlog/renoise-2082366212512838089--Format-16-9.md,"Format: 16:9
Concept: Seoul Summer, 1998

Create an authentic 15-second archival home video that appears to have been recorded in Seoul, South Korea, during the summer of 1998 using a consumer Hi8 or VHS-C camcorder. The camcorder is never visible. The audience only sees the footage captured through the camera, exactly as if watching a forgotten family videotape decades later. This is not a vlog, not a selfie, and not a cinematic film. The unseen camera operator simply follows the subject naturally while documenting an ordinary day.
The footage should exhibit genuine late-1990s analogue camcorder characteristics: soft 480i resolution, subtle VHS tape grain, faint interlacing, mild colour fading, occasional autofocus breathing, slight exposure adjustments, gentle handheld shake, imperfect framing, tiny zoom corrections, realistic motion blur, analogue colour bleed, and faint tape hiss. There should be no HDR, no digital sharpening, no beauty filters, no stabilisation, no cinematic lighting, no slow motion, and no modern camera effects.
The subject is a young Korean woman in her early twenties with long, naturally straight black hair and minimal everyday makeup. She wears a simple fitted pastel crop top, mid-rise blue denim shorts of a modest late-1990s length, white ankle socks, classic white sneakers, and a lightweight oversized nylon windbreaker tied casually around her waist. She carries a plain canvas shoulder bag. Her outfit should accurately reflect youthful Korean summer street fashion from 1998, looking casual and practical rather than modern or editorial.
The recording begins on a narrow neighbourhood street lined with low-rise apartment buildings, convenience stores, handwritten Hangul shop signs, overhead utility wires, parked late-1990s Korean sedans, bicycles, and pedestrians. The young woman walks naturally along the pavement carrying a small paper bag of fresh bread from a nearby bakery while the unseen camera operator follows several metres behind. She briefly pauses at a pedestrian crossing, waiting with other people as traffic passes. When the signal changes, she crosses the street at a relaxed pace, smiling naturally after noticing the camera for a brief moment before continuing toward the opposite pavement. The camera lingers as she walks farther away into the lively neighbourhood, blending naturally with the surrounding pedestrians. After a few quiet seconds of ordinary street life, the recording ends abruptly, exactly as if someone simply pressed the stop button on the camcorder.
Generation Requirements: Produce one continuous, uninterrupted 15-second recording with no cuts or transitions. Every detail should faithfully recreate Seoul in 1998, including clothing, hairstyles, architecture, vehicles, shopfronts, signage, and everyday behaviour. Human movement must be completely natural with consistent facial identity, realistic anatomy, accurate hand movements, authentic walking physics, believable crowd interactions, and subtle environmental details such as passing bicycles, distant conversations, birds, traffic, and city ambience. Avoid AI artifacts, duplicated pedestrians, warped limbs, unnatural expressions, floating objects, perfect symmetry, or anything that suggests the footage was AI-generated. The finished result should be indistinguishable from genuine late-1990s home camcorder footage discovered in a family archive."
renoise-2082370698048414190,A dynamic 9-second cinematic martial arts fight scene inside a large indoor…,,真人,特效向,武侠打斗,,en,Seedance 2.0,,,renoise-ai/awesome-seedance-prompts,https://github.com/renoise-ai/awesome-seedance-prompts/blob/904b6caffa21c2b114bb93e1bd0e37ba80b3dd10/data/prompts/2082370698048414190.json,CC-BY-4.0,Sharon Riley,https://x.com/Just_sharon7/status/2082370698048414190,True,prompts/真人/特效向/武侠打斗/renoise-2082370698048414190--A-dynamic-9-second-cinematic-martial-art.md,"A dynamic 9-second cinematic martial arts fight scene inside a large indoor training gymnasium with a smooth teal-green mat floor, high industrial ceiling with metal beams, an American flag hanging in the background, and rows of spectators in white t-shirts watching from the sidelines. Soft dramatic lighting with slight haze.
A muscular Asian man with short dark hair, wearing an olive-green military-style button-up shirt, matching cargo pants, and black combat boots, aggressively attacks with intense facial expressions and open-mouthed shouts. A graceful young woman with long blonde wavy hair, dressed in a light blue traditional Chinese martial arts tunic with black frog buttons, white loose pants, and white sneakers, remains calm and precise, using fluid Tai Chi/Kung Fu techniques.
Sequence:
The man leaps high into the air toward the woman with clenched fists and a fierce shout.
He delivers a powerful mid-air high kick; she blocks and redirects it.
He drops low to the mat in a predatory stance, crawling forward with intense focus.
She settles into a strong defensive horse stance, both palms extended forward in a guarding posture.
Close-up of their hands clashing as he pushes aggressively and she redirects his force.
She grabs his raised boot and flips him backward; he crashes onto the mat on his back with legs in the air.
He quickly recovers into a ready fighting stance, fists raised, face contorted in determination.
He jumps again with arms raised for another strike as her white-clad leg counters.
Final shot: the woman stands alone in a balanced, elegant martial arts pose on the green mat, hands raised in a calm, powerful guard, looking directly forward with quiet confidence while the man is defeated off-screen.
Smooth tracking and dynamic camera angles, realistic physics, high-detail clothing movement, cinematic action style, sharp focus, 24fps feel."
renoise-2082375995475345482,POV found-footage travel video captured entirely from the perspective of the…,,真人,现实向,生活与vlog,,en,Seedance 2.0,,,renoise-ai/awesome-seedance-prompts,https://github.com/renoise-ai/awesome-seedance-prompts/blob/904b6caffa21c2b114bb93e1bd0e37ba80b3dd10/data/prompts/2082375995475345482.json,CC-BY-4.0,Shahid Wani,https://x.com/meng_dagg695/status/2082375995475345482,True,prompts/真人/现实向/生活与vlog/renoise-2082375995475345482--POV-found-footage-travel-video-captured.md,"POV found-footage travel video captured entirely from the perspective of the male character holding a vintage early-2000s MiniDV camcorder with a 16mm-equivalent lens. The camcorder itself is never visible. The entire sequence feels like an authentic home video recorded during a spontaneous night at the beach.

LOCATION
A peaceful nighttime beach inspired by Korea's east coast. Dark ocean, silver moonlight reflecting across gentle waves, warm promenade lights in the distance, wet sand reflecting light naturally, cool sea breeze moving clothing & hair, faint silhouettes of distant beachgoers, humid coastal atmosphere, subtle mist around lights.

CHARACTERS
Image 1: Young woman with a warm, playful personality, expressive facial expressions, natural smile, relaxed body language, realistic movement.
Image 2: Male camera operator filming everything himself from first-person POV. Only his hands, occasional legs, or reflections may briefly appear naturally.

CAMERA STYLE
Authentic amateur MiniDV home-video aesthetic with:
• Continuous handheld movement
• Natural arm fatigue and micro-shakes
• Slight rolling shutter
• Imperfect framing
• Subjects occasionally drifting out of frame
• Slightly tilted horizon
• Delayed autofocus hunting
• Slow automatic exposure adjustments
• Accidental zoom-ins and zoom-outs
• Faces sometimes partially cropped
• No stabilization
• No cinematic camera moves
• Raw documentary feeling

SCENE
The recording begins while both casually walk along the shoreline at night. The camera slowly pans toward Image 1 as she notices the lens and smiles naturally before walking closer.

Without warning, Image 1 wraps both arms around Image 2 in a playful hug and lifts him slightly off the ground while laughing. Because the camera is still in Image 2's hand, the footage becomes noticeably unstable, bouncing with every movement.

Looking directly into the camera with a teasing but sincere expression, Image 1 says:

""About what you said earlier. were you serious... or were you just teasing me? Be honest.""

Image 2 laughs awkwardly and replies:

Come on... can't I joke around sometimes?

Image 1 pauses for a second, gives a playful smile, then suddenly turns and runs toward the ocean while still carrying Image 2.

camera begins shaking violently from the unexpected movement. The horizon tilts dramatically, autofocus struggles to keep up, accidental zoom changes occur, footsteps become louder, breathing becomes heavier, and the ocean rapidly fills the frame.

As they reach the water, waves splash against their legs and onto the camera lens. Water droplets partially blur the image. The camera continues bouncing wildly.

Image 2 shouts with genuine surprise:

""Hey! Wait! Don't! Seriously!""

Image 1 laughs loudly while continuing into the shallow waves.

A larger wave splashes toward the camera, the autofocus completely loses focus, the image briefly overexposes from reflected moonlight, tape distortion appears, audio clips slightly from the shouting, & the recording abruptly cuts to black mid-motion as if the old camcorder stopped recording after being splashed.

VISUAL LOOK
Authentic early-2000s MiniDV tape recording, soft digital sharpness, subtle analog tape grain, mild compression artifacts, slight chromatic aberration, interlaced motion characteristics, muted colors, realistic skin tones, gentle highlight bloom around lights, low contrast, slight green-magenta color shift, automatic white balance fluctuations, occasional pixel breakup during rapid movement, no HDR, no modern cinematic grading.

AUDIO
Old built-in camcorder microphone with continuous tape hiss, gentle nighttime ocean waves, wind across the microphone, footsteps on wet sand, clothing rustling, natural breathing, spontaneous laughter, realistic voices, occasional microphone distortion during shouting, water splashing onto the microphone, no background music, no cinematic sound design."
renoise-2082386310505914692,[IMAGE REFERENCE] is the first frame. Extreme photorealism. ONE SINGLE UNBROKEN…,,真人,特效向,奇幻怪兽,,en,Seedance 2.0,,,renoise-ai/awesome-seedance-prompts,https://github.com/renoise-ai/awesome-seedance-prompts/blob/904b6caffa21c2b114bb93e1bd0e37ba80b3dd10/data/prompts/2082386310505914692.json,CC-BY-4.0,Alex Patrascu,https://x.com/maxescu/status/2082386310505914692,True,prompts/真人/特效向/奇幻怪兽/renoise-2082386310505914692--IMAGE-REFERENCE-is-the-first-frame.-Extr.md,"[IMAGE REFERENCE] is the first frame. Extreme photorealism. ONE SINGLE UNBROKEN TAKE, 12 seconds, filmed in one continuous camera move.

ABSOLUTE CONTINUITY RULE — THE MOST IMPORTANT INSTRUCTION: there is not one cut anywhere in these 12 seconds. No shot change, no jump cut, no reframe, no flash frame, no whip transition, no dissolve, no re-establishing of the framing. Her body, her scale, her position in frame, her arm positions and the camera framing must flow CONTINUOUSLY from each frame into the next across the entire shot. Pay special attention to the MIDPOINT around 5 to 7 seconds — do NOT change shot there; the take runs straight through the middle of the clip unbroken, exactly as continuously as the opening second. Every level boundary she passes is a physical object sweeping past the lens inside the same take, never an edit point. Nothing about her position or size may ever jump.

THE FALL NEVER STOPS AND NEVER CHANGES AXIS. She falls straight DOWN under gravity for all 12 seconds. The camera is ABOVE her the whole time with its lens pointing straight DOWN the vertical axis. The camera axis stays vertical throughout — it never tilts toward horizontal, never becomes a forward tracking shot, and she never flies forward or toward the lens. At 3, 6, 9 and 12 seconds we are still looking straight down at her and she is still dropping away beneath us. It is always a plunge down a vertical shaft, never horizontal travel down a corridor.
HER ORIENTATION, CONSTANT: below the camera, lying on her back in the air, face turned up at the lens, arms reaching UP toward the camera so her hands are nearest the lens and loom large, legs and feet pointing straight DOWN away from the camera, foreshortened, small and blurred as they taper into the depth beneath her. Air rushes UP past her from below, so her dark hair is blasted UPWARD toward the lens in a whipping halo and her maroon knit cardigan and cream floral blouse are pushed UP and balloon toward the camera with the hem lifted off her waist. She keeps pulling away and shrinking deeper into the shaft, then the camera accelerates down and closes on her again, smoothly and without any jump.

EVERY WORLD IS ANOTHER FLOOR IN ONE VERTICAL STACK, and she falls through them without a single edit. She smashes down through the ceiling of each level, and the broken ceiling plane stays visible receding UPWARD above her while the next floor opening waits below her feet. Ceiling plates, floor edges, beams, joists, balcony rails and hanging light fixtures rise up out of the depth toward the camera, swell as they pass the lens, and tear off the top and sides of frame in one continuous stream. The levels, top to bottom, roughly one every 1.5 seconds, each entered by falling through its ceiling: a blue-and-red lit timber shaft; a red-walled office level with rows of filing cabinets below her; a bright fluorescent atrium level with its floor far beneath; a traditional Chinese courtyard level with carved wood lattice roofs and green foliage passing on both sides; a stained-glass chapel level with jewel-tone light rising past her; a museum level with glass display cases on the floor below; a gilded ballroom level with a chandelier rushing up past her; and a final deep blue-and-red shaft with no bottom in sight, still falling as the shot ends.

HER FACE, EXACT SCHEDULE — never hold one expression: 0.0-1.0s mouth wrenched wide in a full scream, eyes stretched wide with white showing all around; 1.0-1.6s mouth SNAPS SHUT, hard gasp sucked through the nose, cheeks hollowing, eyes squeezing almost closed; 1.6-2.2s eyes fly open and dart to one side, smaller shout; 2.2-2.5s fast hard blink, wince; 2.5-3.6s second bigger scream, chin dropping, lower teeth bared; 3.6-4.2s jaw CLAMPS shut, lips pulled back, eyes narrowed to slits; 4.2-5.0s eyes fly wide, head jerks, gulping air; 5.0-5.8s screaming, tears dragged up across her temples by the airflow; 5.8-6.4s mouth shut, cheeks puffing, eyes darting; 6.4-7.2s hard blink then a wide fixed stare, lower lip trembling; 7.2-8.2s third full scream, neck tendons standing out; 8.2-8.8s jaw clenches, brows crush together, eyes squeeze fully shut; 8.8-9.6s eyes snap open in shock, mouth wide; 9.6-10.6s ragged gasping, mouth opening and closing twice; 10.6-11.4s one last building scream; 11.4-12.0s mouth open, eyes wide and glassy, face going slack.

HER ARMS, EXACT SCHEDULE — always reaching UP toward the camera, never a held pose: 0.0-1.2s both arms up at the lens, fingers clawed, right higher; 1.2-2.0s right arm swings down across her chest as the left punches up, swapping heights; 2.0-2.6s hands claw into fists then splay wide; 2.6-3.4s her left hand sweeps across the front of the lens as a huge blur and whips away; 3.4-4.4s both arms drop down along her body then rocket back up; 4.4-5.4s her fingers snatch at a passing beam and are torn off it; 5.4-6.4s arms windmill, wrists rolling and buckling; 6.4-7.4s one hand clutches her own collar, the other reaches far up past the lens; 7.4-8.4s both hands claw upward; 8.4-9.4s right hand sweeps across the lens, fingers splayed; 9.4-10.6s arms alternate up and down out of sync; 10.6-12.0s both arms thrust up reaching, fingers trembling.

OPTICS AND GRADE: 21:9 anamorphic widescreen, wide 24mm anamorphic lens, oval bokeh, occasional slight horizontal flare streak, mild edge softening and barrel distortion. Vintage film grade — faded warm-neutral highlights, gently rolled-off contrast, muted saturation, gentle bloom around bright sources, subtle halation glowing off the brightest edges, fine 35mm film grain across the whole frame. Heavy radial motion blur streaking the shaft outward from centre, her face held relatively sharp while her raised hands and flying hair smear. Handheld float and a few degrees of loose roll, no zoom.

AUDIO — DRAMATIC CINEMATIC SCORE, matching her desperation and building across the whole 12 seconds: a full orchestra in a minor key, opening on trembling tremolo low strings and a deep sustained cello drone, joined by pounding timpani and taiko hits landing as each floor plane passes, rising staccato violin ostinato driving faster and faster, dark brass swelling underneath, a distant wordless female choir keening over the top, building relentlessly to an enormous climactic brass and percussion hit in the final two seconds. Under the score: the deep roaring updraft rushing up past the lens and her ragged screams and desperate gasping breaths. No words, no lyrics, no dialogue.

One woman only, same face and wardrobe throughout, no other people, no wounds, no text, no captions, no subtitles."
renoise-2082387153233887672,Create a 15-second ultra-realistic fight scene between the reference character…,,真人,特效向,动作大片,,en,Seedance 2.0,link-only,real-person,renoise-ai/awesome-seedance-prompts,https://github.com/renoise-ai/awesome-seedance-prompts/blob/904b6caffa21c2b114bb93e1bd0e37ba80b3dd10/data/prompts/2082387153233887672.json,CC-BY-4.0,Muhammad Ali,https://x.com/I_Muhammadali44/status/2082387153233887672,True,prompts/真人/特效向/动作大片/renoise-2082387153233887672--Create-a-15-second-ultra-realistic-fight.md,
renoise-2082390769705382293,Epic continuous music video sequence: a biomechanical cyberpunk Medusa cyborg…,,真人,特效向,科幻,,en,Seedance 2.0,,,renoise-ai/awesome-seedance-prompts,https://github.com/renoise-ai/awesome-seedance-prompts/blob/904b6caffa21c2b114bb93e1bd0e37ba80b3dd10/data/prompts/2082390769705382293.json,CC-BY-4.0,Pan,https://x.com/sebatheepan/status/2082390769705382293,True,prompts/真人/特效向/科幻/renoise-2082390769705382293--Epic-continuous-music-video-sequence-a-b.md,"Epic continuous music video sequence: a biomechanical cyberpunk Medusa cyborg performing high-energy, sharp dance choreography in a minimalist gray studio with a white tiled floor. Bold, colorful 2D sticker-style typography and lyrics pop up dynamically around her in sync with the beat. The cinematography executes a rapid 15-shot progression: starting with a wide establishing shot, snapping to rhythmic close-ups on her intricate mechanics, whip-panning to dynamic low angles, and utilizing fast MTV-style jump cuts and rapid push-ins. High octane, cinematic lighting, 8k resolution, ultra-detailed."
renoise-2082390882322722834,国风唯美古风少女，温婉清秀鹅蛋脸，细眉桃花眼，白皙细腻肌肤，乌黑长发梳双环髻配银质步摇，身着淡青刺绣广袖齐腰襦裙，袖口绣白玉兰纹样，站在江南古园林庭院，身后青石…,,漫剧,现实向,剧情短片,3D卡通,zh,Seedance 2.0,,,renoise-ai/awesome-seedance-prompts,https://github.com/renoise-ai/awesome-seedance-prompts/blob/904b6caffa21c2b114bb93e1bd0e37ba80b3dd10/data/prompts/2082390882322722834.json,CC-BY-4.0,PixelAIGC,https://x.com/PixelAigc/status/2082390882322722834,True,"prompts/漫剧/现实向/剧情短片/renoise-2082390882322722834--国风唯美古风少女,温婉清秀鹅蛋脸,细眉桃花眼,白皙细腻肌肤,乌黑长发梳双环髻配银.md","国风唯美古风少女，温婉清秀鹅蛋脸，细眉桃花眼，白皙细腻肌肤，乌黑长发梳双环髻配银质步摇，身着淡青刺绣广袖齐腰襦裙，袖口绣白玉兰纹样，站在江南古园林庭院，身后青石板路、垂柳荷花池、木质雕花廊亭；少女双手举一块原木空白手牌，手牌清晰露出白色手写字体：恭喜 @PixelAIGC X 账号粉丝突破 4000；少女面带温柔浅笑，微微抬手轻扶发簪，动作舒缓自然；

电影级柔光，清晨薄雾漫过园林，柔和漫反射天光，低饱和度国风配色，莫兰迪青绿主色调，浅景深虚化背景，细腻皮肤质感，发丝根根分明，8K 超高清，IMAX 胶片颗粒质感，写实古风 CG 渲染，皮克斯细腻人物光影；

运镜：9:16 竖屏短视频，缓慢环绕 360 度低角度跟拍长镜头，无硬切，轻微自然手持呼吸抖动，镜头缓慢推向手牌突出文字，画面流畅丝滑 60 帧，动态模糊自然；

背景音乐氛围：轻柔古筝纯音乐，环境音带风吹柳叶、池塘流水白噪音，无嘈杂人声。"
renoise-2082396714082746665,a gigantic magical cat made entirely of flowing black ethereal smoke sits on a…,,真人,特效向,奇幻怪兽,,en,Seedance 2.0,,,renoise-ai/awesome-seedance-prompts,https://github.com/renoise-ai/awesome-seedance-prompts/blob/904b6caffa21c2b114bb93e1bd0e37ba80b3dd10/data/prompts/2082396714082746665.json,CC-BY-4.0,Mystique Licorne 🇨🇦,https://x.com/MystiqueLicorne/status/2082396714082746665,True,prompts/真人/特效向/奇幻怪兽/renoise-2082396714082746665--a-gigantic-magical-cat-made-entirely-of.md,"a gigantic magical cat made entirely of flowing black ethereal smoke sits on a massive golden throne made of skulls, in a giant and ornate black and gold cathedral, the cat gently holds a beautiful woman in the palm of its hands, a tiny mouse crawls on the shiny reflective floor, multi-shot cinematic scene, best quality, no glitches"
renoise-2082398121800409240,"Create a cinematic architectural presentation of ""SAHARA DUNE METROPOLIS,"" a…",,其他,,风景空镜,,en,Seedance 2.0,,,renoise-ai/awesome-seedance-prompts,https://github.com/renoise-ai/awesome-seedance-prompts/blob/904b6caffa21c2b114bb93e1bd0e37ba80b3dd10/data/prompts/2082398121800409240.json,CC-BY-4.0,⁠ luciaAI,https://x.com/luciaverseai/status/2082398121800409240,True,prompts/其他/风景空镜/renoise-2082398121800409240--Create-a-cinematic-architectural-present.md,"Create a cinematic architectural presentation of ""SAHARA DUNE METROPOLIS,"" a self-sustaining futuristic desert city inspired by flowing sand dunes. Begin with a detailed film set design board showcasing hero perspectives, architectural sections, passive cooling systems, water harvesting, greenhouse districts, master plan, material palette, storyboard panels, and cinematic lighting notes. Transition into a smooth 3D aerial flyover revealing organic dune-inspired architecture, solar-panel rooftops, iconic wind absorption towers, lush oasis courtyards with palm trees and reflective pools, all illuminated by warm golden-hour sunlight with realistic shadows, ultra-detailed textures, photorealistic rendering, and an epic, serene sci-fi atmosphere."
renoise-2082402350732636522,Create a 15-second cinematic solo kung fu performance video in 16:9 horizontal…,,漫剧,特效向,武侠打斗,3D卡通,en,Seedance 2.0,,,renoise-ai/awesome-seedance-prompts,https://github.com/renoise-ai/awesome-seedance-prompts/blob/904b6caffa21c2b114bb93e1bd0e37ba80b3dd10/data/prompts/2082402350732636522.json,CC-BY-4.0,Zoey Bennett,https://x.com/ZoeyBennettAi/status/2082402350732636522,True,prompts/漫剧/特效向/武侠打斗/renoise-2082402350732636522--Create-a-15-second-cinematic-solo-kung-f.md,"Create a 15-second cinematic solo kung fu performance video in 16:9 horizontal format.
Use the character sheet as the fixed reference for Meiya. Keep her face, hairstyle, costume, body type, fabric strips, and identity consistent throughout the entire video.
Visual style:
Stylized cinematic realism, high-end 3D painterly animation quality, dynamic cloth simulation, expressive silhouette design, rich cinematic lighting, controlled color palette, natural motion blur, dramatic scale, beautiful but aggressive physicality, premium feature-animation aesthetic.
Environment:
A vast ancient stone temple. Towering worn columns, cracked temple floor, drifting incense smoke, hanging fabric, harsh light shafts, faint dust in the air, subtle wet floor reflections, high-contrast shadows. Keep the environment minimal and atmospheric.
Important:
The routine starts immediately in action. No calm stance, no preparation pose, no slow introduction. This is not a fight against an enemy. It is a solo performance of force, control, exhaustion, fury, ritual discipline, and release. No extra characters.
TIMELINE:
0–1s:
Begin with Meiya already mid-air, executing a flying diagonal kick across the temple. Wind bursts around her leg, fabric strips flare outward, camera tracks from a low angle.
1–2s:
Cut to a handheld close-up palm sweep passing near the lens. Her fingers form an animal-style hand shape, slicing through smoke.
2–3s:
Wide orbiting shot. She spins full-body across the temple floor, robe fabric circling around her like cloth ribbons.
3–4s:
Extreme low-angle impact. She drops into a palm strike toward the floor. Dust and a circular air shockwave burst outward.
4–5s:
Long-lens side profile. She performs a spinning kick, body extended sharply, background columns compressed behind her.
5–6s:
Top-down aerial turn. Her hair and fabric flare outward while she rotates above the worn stone floor.
6–7s:
Hard floor stomp. Her boot hits the temple stone, cracks spread, small fragments lift, and smoke jumps from the impact.
7–8s:
She slides into a low sweeping motion across the wet stone floor. Water-like ripples trail behind her hand and foot.
8–9s:
Aggressive close-up flurry: elbow strike, palm strike, backfist, claw block. Quick cuts, strong silhouettes, controlled motion blur.
9–10s:
She drops into an extreme low monk-style beast stance. Energy pressure rises subtly from the floor, smoke curling upward.
10–11s:
She launches upward from the stance. Dust, cracked stone, and air pressure explode beneath her.
11–12s:
Mid-air spinning strike. Controlled fire-like trails appear around her arms and fabric, with subtle heat distortion.
12–13.5s:
Elemental vortex forms around her body: wind, dust, stone fragments, water ripples, and controlled fire accents spiral together. The effects remain ritualistic and physical, not superhero-like.
13.5–15s:
Final frozen airborne action pose. Meiya is suspended above the temple floor, body twisted into a powerful kung fu strike, hair and fabric flaring outward, all elements converging around her before impact. End on a dramatic frozen final frame.
CAMERA:
Use cinematic arthouse action camerawork: handheld energy, whip-pan feeling, orbiting camera moves, overhead shot, long-lens side silhouette, aggressive close-ups, extreme low angles, wide negative space, strong parallax. Keep motion readable and physically grounded.
MOVEMENT LOGIC:
Weight: strong, heavy, grounded during impacts; light during jumps and aerial twists.
Time: quick during strikes, kicks, drops and turns; sustained during suspended holds.
Space: direct during attacks, blocks and lunges; indirect during spinning turns and vortex moments.
Flow: bound during rooted stances and precise strikes; free during aerial motion, fabric movement and elemental release.
ELEMENT PROGRESSION:
Early sequence: subtle wind, dust and pressure lines.
Middle sequence: stronger air shockwaves, stone fragments, floor cracks and water-like ripples.
Late sequence: controlled fire trails, heat distortion and energy spirals.
Final beat: wind, dust, stone, water ripple and fire accents converge into the strongest elemental surge."
renoise-2082411198285250615,"Raw street guerrilla bodycam POV, pure real-world footage, chaotic handheld…",,真人,特效向,奇幻怪兽,,en,Seedance 2.0,,,renoise-ai/awesome-seedance-prompts,https://github.com/renoise-ai/awesome-seedance-prompts/blob/904b6caffa21c2b114bb93e1bd0e37ba80b3dd10/data/prompts/2082411198285250615.json,CC-BY-4.0,TechHalla,https://x.com/techhalla/status/2082411198285250615,True,"prompts/真人/特效向/奇幻怪兽/renoise-2082411198285250615--Raw-street-guerrilla-bodycam-POV,-pure-r.md","Raw street guerrilla bodycam POV, pure real-world footage, chaotic handheld energy, natural daylight, fast imperfect movement, live and unpolished.

0-7s: [Bodycam POV] Helmet-cam view locked on the front entrance of a completely empty grocery store. Multiple panicked people keep pouring out through the automatic doors in a continuous stream — one, then another, then more — looking over their shoulders as they exit. The operator’s hands aggressively enter frame again and again, waving them away hard and pointing down the street, forcing every person to keep moving. Constant reactive camera shake and urgent street energy as the flow of people exiting continues.

7-9s: [Bodycam POV] The very last person steps through the doors, trips violently on the threshold and slams face-down onto the pavement. An almost invisible force instantly clamps onto their legs and yanks them backward at high speed, dragging their body across the ground and fully back inside the dark store. Immediate raw screams explode from within.

9-15s: [Thermal Vision] Right hand snaps up and presses the side button on the helmet. The thermal visor drops hard over the eyes. Image switches to thermal. Inside the grocery the heat signatures clearly reveal a multi-limbed creature already wrapped around the dragged person. The person thrashes, crawls and tries to escape across the floor, but the creature’s multiple limbs rapidly tighten, pull them back and fully capture them. Full six seconds of unstable, reactive thermal bodycam footage.

Photorealistic raw bodycam, natural physics, coherent motion, authentic street chaos"
renoise-2082415121003888800,Opening (0-2s): Close-up slow pan over the sleek new Apple Watch case – showing…,,其他,,广告带货,,en,Seedance 2.0,,,renoise-ai/awesome-seedance-prompts,https://github.com/renoise-ai/awesome-seedance-prompts/blob/904b6caffa21c2b114bb93e1bd0e37ba80b3dd10/data/prompts/2082415121003888800.json,CC-BY-4.0,Abkr Sadiq,https://x.com/abs_uiux/status/2082415121003888800,True,prompts/其他/广告带货/renoise-2082415121003888800--Opening-0-2s-Close-up-slow-pan-over-the.md,"Opening (0-2s): Close-up slow pan over the sleek new Apple Watch case – showing the refined edge, larger always-on display, and premium finish; sunlight glints softly off the crystal screen. Text overlay: The new Apple Watch.
Middle (2-7s): Quick smooth cuts showing everyday moments:
User checking advanced health metrics like heart rate and sleep tracking
Seamlessly replying to a message with a tap
Tracking a run with precise GPS
Paying with a simple wrist tap
All animations are fluid, minimal, and elegant.
Ending (7-10s): Watch worn on a wrist, centered against a soft neutral background; the iconic Apple logo appears below. Voiceover style: calm, confident. Final text: Essential. Iconic. Yours.
Style notes: No clutter, natural colours, premium sound design – soft ambient sounds mixed with a light uplifting melody."
renoise-2082415840545099941,Create a 15-second 16:9 cinematic outdoor lifestyle commercial for a hiking…,,其他,,广告带货,,en,Seedance 2.0,,,renoise-ai/awesome-seedance-prompts,https://github.com/renoise-ai/awesome-seedance-prompts/blob/904b6caffa21c2b114bb93e1bd0e37ba80b3dd10/data/prompts/2082415840545099941.json,CC-BY-4.0,Ima Studio,https://x.com/ImaStudio_ai/status/2082415840545099941,True,prompts/其他/广告带货/renoise-2082415840545099941--Create-a-15-second-16-9-cinematic-outdoo.md,"Create a 15-second 16:9 cinematic outdoor lifestyle commercial for a hiking backpack titled “Weight of the Journey.”

Style: premium outdoor editorial, natural and unstaged, bright summer mountain sunlight, organic handheld movement, realistic fabric texture, visible ripstop nylon grid, soft moving shadows, gentle breeze, fast but elegant visual rhythm, photorealistic 4K.

Keep the same hiking backpack consistent throughout the entire video. Preserve the same shape, color, straps, buckles, zipper, brand mark, and overall design in every shot.

0–2s:
Open with extreme macro shots of the backpack details: ripstop nylon grid, stitching, zipper teeth, buckle, and webbing. Show a water droplet landing on the fabric and rolling off cleanly. Sunlight glides across the surface, revealing texture and craftsmanship.

2–4s:
Quick editorial montage of key details: shoulder strap, compression strap, curved silhouette, zipper closing smoothly, buckle clicking shut, and the backpack being lifted by hand. The bag feels light and durable.

4–7s:
A hiker puts the backpack on one shoulder and starts walking along a mountain trail. Show natural backpack movement with each step. Sunlight flickers through trees, fabric flexes naturally, and loose straps move gently in the breeze.

7–10s:
The trail opens to a scenic overlook. Use wider cinematic shots of the hiker walking through tall grass and rocky ground. Wind catches the backpack and straps. Show the bag moving naturally with the body and landscape.

10–12.5s:
Macro craftsmanship montage: ripstop nylon, reinforced stitching, breathable back panel, buckles, zipper, and smooth fabric surface. Light and shadow shift naturally across the material.

12.5–14s:
The hiker pauses at a mountain viewpoint, removes the backpack, and gently places it on a sunlit rock. The fabric settles naturally into shape.

14–15s:
Final hero close-up of the backpack resting outdoors. Loose straps continue moving softly in the breeze while sunlight moves across the brand mark.

Final on-screen text:
“Made for every journey.”

Camera: combine ultra-macro detail shots, close handheld product motion, walking follow shots, and cinematic wide outdoor frames.

Audio: minimal indie folk with warm analog synth and soft percussion. Add mountain breeze, birdsong, fabric flutter, footsteps on gravel, zipper sound, buckle clicks, and leaves rustling. No dialogue, no narration."
renoise-2082416114156667118,"@image1 完全按照参考图呈现,不重新设计角色、铠甲与巨剑。",,漫剧,特效向,武侠打斗,2D日漫,en,Seedance 2.0,,,renoise-ai/awesome-seedance-prompts,https://github.com/renoise-ai/awesome-seedance-prompts/blob/904b6caffa21c2b114bb93e1bd0e37ba80b3dd10/data/prompts/2082416114156667118.json,CC-BY-4.0,Cia0,https://x.com/Cia0_exe/status/2082416114156667118,True,"prompts/漫剧/特效向/武侠打斗/renoise-2082416114156667118--image1-完全按照参考图呈现,不重新设计角色-铠甲与巨剑.md","@image1 完全按照参考图呈现,不重新设计角色、铠甲与巨剑。

场景:漆黑的碎石平地,四周没有背景。光只来自她的紫色火焰剑与被斩开的岩石断面。

六尊灰黑色岩石傀儡围成一圈把她困在正中,身高是她的三倍,躯干布满裂缝,关节处透出暗红光。

剑刃是紫色火焰,挥出后在空中留下滞留的紫色残迹,不会消失。傀儡被斩开的断面呈熔融橙红色并持续燃烧。

风格:2.5D剧场版动漫,赛璐璐上色配厚涂光影,线条锐利。命中瞬间插入纯白冲击帧,高速挥剑带笔刷质感速度线,快速移动留下三重残影,转身与挥砍之间加入拉长变形的过渡帧。16:9,4K,24帧,15秒。

动作遵循真实人体力学:出剑前肩膀先转、手臂后到,落地时膝盖缓冲,每次变向都有明显的重心转移与蹬地。

镜头每1.5秒换一个角度,不重复。她高速移动时镜头固定,镜头运动时她保持定势。

声音:剑刃燃烧的低鸣、岩石碎裂、傀儡关节的沉重摩擦、剑刃破空、熔岩断面的滋滋声、她的短促吐息。没有音乐。

0-2秒 贴地蠕虫视角缓推:六尊傀儡的巨大脚掌自四面八方踏进画面,地面随每一步震颤,碎石弹跳。她立于圆心,右手垂剑,拇指抵住护手向上一顶——紫色火焰自剑柄窜上剑尖点燃整条剑刃,火光自下而上映亮她的脸。她左脚向后半步压低重心。

2-3.5秒 正面广角完全静止:她蹬地消失,画面只余一道紫色残迹横贯而过。第一尊傀儡自肩到腰被斜斩开,停顿半拍后上半身沿断面缓缓滑落,熔浆自切口翻涌而出。插入纯白冲击帧。

3.5-5秒 侧向贴地追踪:第二尊傀儡的巨拳砸下,她右膝一沉整个人贴地滑铲自拳底穿过,滑行中右腕内旋将剑尖朝上,借滑铲末端的反弹起身上撩。傀儡自胯部被劈至头顶,裂成两半向两侧倒下,紫色火线悬在半空。

5-6.5秒 高速环绕加速:她跃入两尊傀儡之间,以左脚为轴原地旋身一整圈,右臂完全伸展让剑尖画出最大半径。第三与第四尊同时被拦腰斩断,四截躯干向外滑开。镜头绕她加速旋转半圈,速度线自画面边缘向中心汇聚。

6.5-8秒 傀儡视角俯拍特写:第五尊的巨掌自侧面合拢将她整个握住。剑被压得偏斜,紫色火焰自指缝间挣扎着漏出。镜头自傀儡头部高度俯视,她被举到面前,肩膀被挤压变形却眼神不动。

8-9.5秒 荷兰倾斜仰角上升:她双手反握剑柄猛然下刺贯穿掌心,火焰顺着裂缝一路烧进傀儡体内。岩石自内部逐层爆裂,她借爆炸的气浪蹬着崩开的碎石跃出,身体在空中舒展,身后巨躯正在崩塌。

9.5-11.5秒 高空俯冲跟拍:最后一尊体型远超其余,双臂高举向她砸落。她在空中收腹翻转半圈,双手举剑过顶,全身伸展自上而下垂直斩落。紫色火焰贯穿其头颅一路劈至胯下。镜头随她一同俯冲,速度线呈放射状铺满画面,插入纯白冲击帧。

11.5-13秒 广角横移接慢动作:她单膝落地,巨剑撑地缓冲,碎石自高处如雨落下。镜头横向平移展现全场——六尊傀儡的断面同时燃起,滞留空中的紫色剑迹与橙红熔浆交织成一整片光网。

13-15秒 缓慢拉远定格:她起身抖腕甩剑,紫色火焰自剑尖一寸寸熄灭没入剑身。同一瞬间六尊残躯一齐轰然倒地,溅起漫天灰烬。她垂剑立于正中,发丝与衣摆被气浪掀起后缓缓落下,抬眼看向镜头。画面定格,渐暗。"
renoise-2082421140639916420,15 seconds | 16:9 | live-action documentary/news footage,,真人,现实向,剧情短片,,en,Seedance 2.0,link-only,copyrighted-character,renoise-ai/awesome-seedance-prompts,https://github.com/renoise-ai/awesome-seedance-prompts/blob/904b6caffa21c2b114bb93e1bd0e37ba80b3dd10/data/prompts/2082421140639916420.json,CC-BY-4.0,ᴍᴜʀᴘʜʏ,https://x.com/Diplomeme/status/2082421140639916420,True,prompts/真人/现实向/剧情短片/renoise-2082421140639916420--15-seconds-16-9-live-action-documentary.md,
renoise-2082422104243495194,Ultra-realistic premium food commercial. Static camera. Pure black background…,,其他,,广告带货,,en,Seedance 2.0,,,renoise-ai/awesome-seedance-prompts,https://github.com/renoise-ai/awesome-seedance-prompts/blob/904b6caffa21c2b114bb93e1bd0e37ba80b3dd10/data/prompts/2082422104243495194.json,CC-BY-4.0,Elsa Ai,https://x.com/ElsaSofia__AI/status/2082422104243495194,True,prompts/其他/广告带货/renoise-2082422104243495194--Ultra-realistic-premium-food-commercial.md,"Ultra-realistic premium food commercial. Static camera. Pure black background. The tiramisu always remains centered. Macro food photography, cinematic studio lighting, shallow depth of field, physically accurate materials, realistic cream physics, premium dessert advertisement quality. Elegant minimalist motion graphics. No text, no logos, no neon, no bright HUD effects, no lens flares.
0.0–1.0s
The complete tiramisu instantly explodes vertically into perfectly aligned floating layers. Chocolate decoration, cocoa powder, mascarpone cream dollops, ladyfinger biscuits and cream layers separate upward with fast, clean motion, then immediately freeze in mid-air. Small cocoa particles naturally float around the dessert.
1.0–2.0s
Elegant rounded glass interface panels appear with smooth spring animation around the floating ingredients. Thin white connector lines automatically extend from every ingredient to its corresponding panel. Every panel has transparent dark glass, ultra-thin white borders, subtle shadow. No text anywhere.
2.0–5.5s
Inside every panel, photorealistic miniature looping videos play simultaneously:
• chocolate melting, tempering and curling;
• cocoa beans turning into cocoa powder;
• mascarpone cream being whipped into silky texture;
• ladyfingers being baked and cooled;
• espresso brewing and soaking ladyfingers.
Above each video, a clean 3D icon of the corresponding ingredient is displayed. Interface animations remain extremely subtle with premium spring motion. Thin connector lines stay perfectly attached to their ingredients. Ingredients remain completely motionless in the air.
5.5–6.8s
All miniature videos stop simultaneously. Interface panels smoothly shrink and fold inward. Connector lines retract elegantly until every window disappears completely.
6.8–8.2s
All floating ingredients move back simultaneously and perfectly reconstruct the tiramisu layer by layer. Cream softly compresses, cocoa naturally settles, chocolate decoration locks into its original position. Dessert becomes identical to the opening frame.
8.2–10.0s
A beautiful female hand enters smoothly from the right holding a premium silver dessert spoon. The spoon slowly presses into the tiramisu. The mascarpone cream visibly compresses, stretches and jiggles naturally, demonstrating extreme softness. The spoon cuts cleanly through every layer, lifting approximately half of the dessert. Cream slowly stretches before separating. Moist coffee-soaked ladyfingers, fluffy mascarpone layers and cocoa become clearly visible in cross-section. Small crumbs and cocoa particles gently fall. The lifted spoon pauses beside the dessert with the creamy bite fully visible while the remaining tiramisu retains its shape naturally.
Style: luxury food commercial, ultra-realistic, cinematic macro photography, premium studio lighting, elegant infographic animation, minimalist UI, transparent dark glass panels, ultra-thin white connector lines, physically accurate food simulation, smooth spring animation, realistic cream deformation, high-end motion design, 8K, maximum realism."
renoise-2082426510385062259,"Hyper-realistic 10s high-fashion commercial, vertical 9:16. Fast cuts synced to…",,其他,,广告带货,,zh,Seedance 2.0,,,renoise-ai/awesome-seedance-prompts,https://github.com/renoise-ai/awesome-seedance-prompts/blob/904b6caffa21c2b114bb93e1bd0e37ba80b3dd10/data/prompts/2082426510385062259.json,CC-BY-4.0,MapleShaw,https://x.com/msjiaozhu/status/2082426510385062259,True,prompts/其他/广告带货/renoise-2082426510385062259--Hyper-realistic-10s-high-fashion-commerc.md,"Hyper-realistic 10s high-fashion commercial, vertical 9:16. Fast cuts synced to drums, handheld camera, high contrast, natural lighting, shallow depth of field, energetic rock beat with heavy drums and electric guitar. Whip pans, snap zooms, white strobe flash transition frames, subtle glitch effects. REAL photorealistic human woman, natural skin texture and visible pores, NOT anime, NOT cartoon, NOT CG. Use
Burry as the ONLY face and outfit reference; keep her facial likeness, hairstyle and exact outfit consistent in every shot. 0-2s HOOK: medium-close shot, she looks confidently into the lens, slightly shaky handheld, a small confident smile. She says in English: ""Hey, look here."" Cut hard on a guitar drop. 2-4s BURST: rapid cuts on the drums, full-body confident stance, smash cut to a low-angle hero shot, white strobe flash, quick crouch as the camera drops with her, snap zoom to an outfit detail, hair moving, confident smirk. 4-7s PLAYFUL: erratic handheld, she leans toward the lens with slight wide-angle distortion, a quick spin with frame skips and glitch, a playful confident shrug. She says in English: ""Keep up with me."" Cut sharp on the beat. 7-10s ENDING: rhythm slows but stays intense, close-up of her hand adjusting a collar/sleeve detail, side-profile with a soft smile, hair brushing across her face in slow motion, she looks into the camera: ""This is my vibe."" End on a white flash frame and a snap-zoom freeze-frame pose. Audio: confident female English voice, energetic rock, punchy drums, electric guitar. Style: high-fashion editorial, tasteful and confident, focus on outfit styling and attitude, NOT a body-part closeup, no sexualized framing. No text, subtitles, logos or watermark."
renoise-2082427682692677902,"Storyboard Prompt – Banana-Shaped Multifunction Fruit Basket (9:16 Vertical, 10…",,真人,现实向,生活与vlog,,en,Seedance 2.0,,,renoise-ai/awesome-seedance-prompts,https://github.com/renoise-ai/awesome-seedance-prompts/blob/904b6caffa21c2b114bb93e1bd0e37ba80b3dd10/data/prompts/2082427682692677902.json,CC-BY-4.0,Hania Ai,https://x.com/HaniaAi12/status/2082427682692677902,True,prompts/真人/现实向/生活与vlog/renoise-2082427682692677902--Storyboard-Prompt-–-Banana-Shaped-Multif.md,"Storyboard Prompt – Banana-Shaped Multifunction Fruit Basket (9:16 Vertical, 10 Seconds)

Title: Cute & Aesthetic Banana-Shaped Multifunction Basket

Duration: 10 seconds
Format: 9:16 Vertical
Style: Minimalist, Bright Aesthetic, Cozy Home Decor, POV Hands, Soft Natural Daylight, Premium Product Commercial, TikTok Viral Style

Scene 1 (0–2.5s) – Product Reveal

Visual:
POV hands gently lift and present a unique fruit basket designed as a circle of realistic yellow bananas with black tips. The basket sits on a clean white marble countertop in a bright modern kitchen with soft natural sunlight, white ceramic vase, books, flowers, and minimalist decor in the background.

Camera:
Close-up → Slow Push In

Action:
Hands slowly rotate the banana-shaped basket to reveal its detailed design and smooth finish.

Emotion:
Curiosity, surprise, admiration.

Dialogue/Text:
""Wait... I thought these were real bananas

Scene 2 (2.5–5s) – Fruit Storage

Visual:
Top-down view as hands place fresh red apples, oranges, pears, and other colorful fruits into the banana basket. The fruits fit perfectly, creating a clean and organized display.

Camera:
Top Down → Slow Orbit

Action:
Hands neatly arrange the fruits inside while maintaining a satisfying aesthetic composition.

Emotion:
Satisfaction, organization.

Dialogue/Text:
""Perfect for keeping fruits fresh and your kitchen beautiful.""

Scene 3 (5–7.5s) – Multi-Purpose Use

Visual:
Macro close-up of hands removing the fruits and replacing them with brown eggs, showing the basket's versatility. Every movement is smooth and satisfying.

Camera:
Macro Close-up

Action:
The basket instantly transforms from a fruit bowl into an elegant egg holder.

Emotion:
Impressed, amazed.

Dialogue/Text:
""Not just for fruits... it stores eggs beautifully too

Scene 4 (7.5–10s) – Final Lifestyle Shot

Visual:
Wide view of the banana basket placed elegantly on a modern kitchen island beside flowers, books, candles, and neutral-toned home accessories. Everything looks clean, luxurious, and Pinterest-inspired.

Camera:
Slow Pull Back

Action:
Camera slowly zooms out, revealing the entire aesthetic kitchen while the basket becomes the focal point.

Emotion:
Cozy, elegant, premium.

Dialogue/Text:
""Cute, practical, and the perfect kitchen centerpiece.

Overall Style

Ultra-realistic product commercial, bright soft lighting, warm color grading, photorealistic textures, realistic hands, smooth cinematic camera movement, clean white kitchen, premium home decor aesthetic, satisfying product showcase, high-end lifestyle advertising, 4K HDR, ultra-detailed, shallow depth of field, TikTok/Reels optimized."
renoise-2082430239460794473,"POV, first-person perspective, ultra realistic cinematic renovation timelapse…",,其他,,广告带货,,en,Seedance 2.0,,,renoise-ai/awesome-seedance-prompts,https://github.com/renoise-ai/awesome-seedance-prompts/blob/904b6caffa21c2b114bb93e1bd0e37ba80b3dd10/data/prompts/2082430239460794473.json,CC-BY-4.0,KreviX,https://x.com/LadyyEth/status/2082430239460794473,True,"prompts/其他/广告带货/renoise-2082430239460794473--POV,-first-person-perspective,-ultra-rea.md","POV, first-person perspective, ultra realistic cinematic renovation timelapse, identical camera position throughout the entire video, same room geometry, same window, same proportions, same composition, two realistic male hands visible in every shot interacting with the environment. Extremely dynamic camera, handheld micro movements, speed ramps, whip pans, motion blur, fast transitions, realistic construction dust, debris particles, natural lighting gradually changing into clean white modern lighting. Every action logically continues from the previous scene.

Scene 1 (0.0-1.0s)
Completely abandoned room. Dirty concrete floor, cracked walls with peeling plaster, exposed ceiling, broken wiring, construction debris, garbage bags, wood scraps, buckets, tools everywhere. Empty room without furniture. Hands look around the room.
Scene 2 (1.0-2.0s)
Hands quickly collect trash into garbage bags, remove large debris, carry away construction waste. Fast whip transitions between actions. Dust flying everywhere.

Scene 3 (2.0-3.0s)
Hands scrape old paint and damaged plaster using metal scraper. Chunks fall from the wall. Fast close-ups, flying debris, aggressive movements.

Scene 4 (3.0-4.0s)
Walls become repaired and smooth. Hands apply primer using large paint roller. Camera follows roller movement. Wet wall texture clearly visible.

Scene 5 (4.0-5.0s)
Hands paint walls pure matte white using roller. Room instantly becomes brighter. Fast jump cuts between wall sections.

Scene 6 (5.0-6.0s)
Install white baseboards around the room. Simultaneously install LED strip lighting inside ceiling recesses. Bright white LEDs turn on progressively around the room.

Scene 7 (6.0-7.0s)
Lay light oak laminate flooring from first-person perspective. Each plank locks into place with satisfying motion. Floor rapidly expands across the room.

Scene 8 (7.0-8.0s)
Install white window blinds. Mount white geometric 3D acoustic wall panels on the right wall exactly like the reference. Clean modern minimalist interior begins to appear.

Scene 9 (8.0-9.0s)
Assemble long white minimalist desk. Install tabletop, drawers, monitor shelf. Hide cables underneath using cable management. Place ergonomic white gaming chair. Install ultrawide curved monitor. Place white gaming PC with tempered glass and RGB fans. Install white speakers, keyboard, mouse, microphone, plants, clock and accessories. Everything appears sequentially with realistic assembly.

Scene 10 (9.0-10.0s)
Turn on LED lighting. RGB fans illuminate. Curved monitor powers on. Final room perfectly matches the reference image. Same white minimalist gaming room, same furniture placement, same lighting, same ultrawide monitor, same gaming PC, same desk layout. Left hand holds white game controller, right hand open toward the setup exactly like the reference. Slow cinematic push-in ending.
Style:
Photorealistic, 8K, cinematic, Unreal Engine quality, HDR, highly detailed textures, physically accurate materials, realistic hands, consistent room layout, consistent camera height, realistic renovation workflow, smooth object continuity, high energy editing, seamless transitions, speed ramps, action-focused, no people visible except first-person hands., 16:9"
renoise-2082432264252899360,"Raw street guerrilla bodycam POV, pure real-world emergency footage, authentic…",,真人,特效向,奇幻怪兽,,en,Seedance 2.0,,,renoise-ai/awesome-seedance-prompts,https://github.com/renoise-ai/awesome-seedance-prompts/blob/904b6caffa21c2b114bb93e1bd0e37ba80b3dd10/data/prompts/2082432264252899360.json,CC-BY-4.0,ANKIT PATEL 🇮🇳 | AI,https://x.com/Ankit_patel211/status/2082432264252899360,True,"prompts/真人/特效向/奇幻怪兽/renoise-2082432264252899360--Raw-street-guerrilla-bodycam-POV,-pure-r.md","Raw street guerrilla bodycam POV, pure real-world emergency footage, authentic police helmet camera, chaotic handheld energy, natural daylight, heavy breathing, clipped radio chatter, imperfect autofocus, rolling shutter wobble, compression artefacts, realistic physics, coherent motion, continuous unbroken take, documentary realism, no cinematic framing.

0-7s: [Bodycam POV]
Helmet-cam fixed on the front entrance of a completely abandoned grocery store. Without warning, a relentless wave of terrified civilians bursts through the automatic doors. People collide into each other, drop grocery bags, slip on scattered fruit and broken glass, scramble back to their feet and sprint away without looking back. Some scream incoherently while desperately pointing behind them. The operator forcefully shoves people away from the entrance, grabbing shoulders and repeatedly waving everyone down the street. Shopping carts roll across the pavement by themselves. The automatic doors repeatedly try to close before violently jerking back open. Car alarms begin sounding nearby. Birds suddenly scatter into the sky. Constant frantic bodycam shake, rapid head turns, heavy breathing and overwhelming street chaos.

7-9s: [Bodycam POV]
The final survivor stumbles through the doorway and crashes face-first onto the pavement. A brief, unnatural silence hangs in the air. Suddenly, an enormous pale limb, thicker than a human body and jointed in impossible ways, explodes out of the darkness inside the store. It coils around the survivor's torso and legs in a single impossibly fast motion. The victim desperately claws at the concrete, leaving scrape marks as loose shoes and groceries scatter everywhere. The giant limb violently reels them backward, lifting them partially off the ground before dragging them at terrifying speed into the darkness. The automatic doors slam shut the instant both disappear. A deafening mix of screams, crashing shelves and deep inhuman impacts erupts from inside.

9-15s: [Thermal Vision]
The operator instinctively slams the thermal visor button on the helmet. The visor drops with a mechanical click as the display switches to unstable thermal imaging. Inside the grocery store, a colossal shifting heat signature occupies nearly the entire back section of the building. Rather than a single body, it appears as a constantly moving mass of enormous overlapping limbs folding over one another. One massive glowing limb remains tightly wrapped around the trapped survivor while several others rapidly converge from impossible angles. The survivor struggles, crawls and reaches toward the exit, but the giant limbs tighten and pull them deeper into the centre of the moving mass. Their heat signature gradually disappears beneath the overlapping limbs until only the enormous creature remains visible. The operator instinctively steps backward as one elongated thermal limb suddenly lashes toward the camera. The visor erupts with violent static, the image freezes for a split second, then cuts abruptly to black.

Photorealistic raw bodycam footage, authentic emergency response realism, believable human reactions, natural physics, terrifying scale, relentless pacing, grounded horror, continuous coherent motion, highly immersive, no cinematic slow motion, no stylisation."
renoise-2082433392725893493,真人实拍 + 2D 动漫贴纸合成搞笑短视频,,真人,特效向,动作大片,,zh,Seedance 2.0,,,renoise-ai/awesome-seedance-prompts,https://github.com/renoise-ai/awesome-seedance-prompts/blob/904b6caffa21c2b114bb93e1bd0e37ba80b3dd10/data/prompts/2082433392725893493.json,CC-BY-4.0,Soran,https://x.com/Soranlan/status/2082433392725893493,True,prompts/真人/特效向/动作大片/renoise-2082433392725893493--真人实拍-2D-动漫贴纸合成搞笑短视频.md,"真人实拍 + 2D 动漫贴纸合成搞笑短视频
【风格】
真人实拍 + Flat 2D Sticker Composite 搞笑短视频。
第一人称做饭视角，写实厨房质感与扁平卡通贴纸风格形成强烈反差。
整体为 Live-Action + Flat 2D Cartoon Sticker 混搭效果。
画面是 真实厨房实拍，角色是 全程保持纯 2D 平面贴纸质感 的 Q 版卡通角色。
8K 超清，竖屏，手持轻微晃动，短视频节奏明快，笑点直接。
【时长】
10 秒
【画幅】
9:16 竖屏
一、场景设定
【场景】
真实居家厨房第一人称视角。
黑色铁锅放在灶台上，锅里正在翻炒牛肉和青菜，油光滋滋，蒸汽上冒。
背景包含：
白色瓷砖墙

墙面插座
靠墙排列的酱油瓶和油瓶

右侧不锈钢水槽
侧窗自然光照入

要求整体环境 真实生活化，厨房质感可信，不能变成卡通厨房。
相机为第一人称 POV，轻微手持晃动，但不要晃得太乱。
二、角色设定
【角色】Q 版动漫贴纸角色：水豚噜噜（Capybara Lulu）
设定要求：
圆润可爱的拟人卡通水豚

正面站在画面中央偏下位置

身高约为铁锅的一半

扁平 2D 贴纸质感

明显卡通描边

纸片感强

不能变成立体真实动物
不被真实环境光重新塑造成写实立体光影

外观统一锁定：
身体为淡黄色

穿橙色短裤

脖子系黄色小围裙

头顶顶着一个小橘子

四只小短爪圆润如豆

头部和脸部占比很大

整体像软萌纸片贴纸角色

角色气质：

平时佛系慵懒

但一搞事就特别熟练

表情贱兮兮，恶作剧感强

【真人部分】
真人的手为写实风格，从画面右侧入画。
要求皮肤细节真实，毛孔可见，与 2D 角色形成明确反差。

三、镜头设计

【镜头 1｜00:00–00:03】

倒盐捣乱（Salt Avalanche Opening）

【机位】
第一人称俯视 POV

【画面动作】
真人的手正用锅铲翻炒锅里的牛肉和青菜。
水豚噜噜坐在灶台旁的小木凳上，眯起豆豆眼，腮红加深，嘴角上扬露出贱兮兮的坏笑。
它两只小短爪高高举起一个比自己脑袋还大的玻璃调料罐，趁真人炒菜时，把整罐白盐哗哗倒进锅里。

盐要像真实瀑布一样倾泻而下，清楚落进锅中，并在菜上堆成一座夸张但可见的“小白盐山”。

【角色表情】

豆豆眼微眯

嘴角坏笑

恶作剧得意

【音效】
食物滋滋声
盐倒入锅中的密集沙沙声

【本镜头唯一主要动作】
水豚噜噜把整罐盐倒进锅里。
【镜头 2｜00:03–00:05】
夺瓶敲头（Spatula Bonk）
【机位】
继续保持第一人称近景 POV
【画面动作】
真人一只手迅速夺走它怀里的玻璃盐罐。
另一只手举起锅铲，用铲面朝下，轻轻敲在水豚噜噜头顶。

注意这一下是 卡通式轻敲，不是现实暴力感。
敲击后，它头顶立刻弹出一个明显的红色卡通肿包。
它整个圆滚滚的 2D 贴纸身体上下猛地一颤，两只小短爪立刻抱头，豆豆眼瞬间瞪圆。
【角色表情】
震惊
委屈

被打懵一瞬间

【音效】

锅铲 “Duang” 一声

轻微金属敲击音

卡通弹簧音效

【本镜头唯一主要动作】
真人用锅铲轻敲它的头顶。

【镜头 3｜00:05–00:08】

敲哭张嘴・铲盐入嘴（Cry & Feed）

【机位】
第一人称近景 POV，聚焦角色面部与锅边
【画面动作】
水豚噜噜捂着头顶的红色肿包，豆豆眼瞬间变成旋转蚊香眼。
它张大嘴巴“嗷嗷”大哭，蓝色卡通泪水像喷泉一样从两侧夸张喷出。
头顶的小橘子也随着哭泣一颤一颤。

与此同时，真人的手立刻用锅铲从锅里那座盐山上铲起满满一铲“白盐咸菜混合物”，趁它张嘴大哭时，精准把这一铲送进它嘴里。
它的嘴瞬间被塞得鼓鼓囊囊，左右腮帮子像两个半球一样夸张鼓起。
【角色表情】
蚊香眼
大哭

嘴被塞满后的震惊呆滞
【音效】
夸张卡通爆哭声

铲盐沙沙声
塞进嘴里的“啵”一声
【本镜头唯一主要动作】
真人趁它张嘴大哭时把一铲盐菜塞进它嘴里。

【镜头 4｜00:08–00:10】

齁到倒地（Salt K.O. Ending）

【机位】
第一人称固定近景，结尾定格

【画面动作】
水豚噜噜两边腮帮子鼓得通红，被迫咽下嘴里的盐。
它的瞳孔骤然缩成两个小点，淡黄色身体瞬间刷白一个色调，整只角色僵直抖动半拍。

紧接着，它的豆豆眼变成两个 “X”，身体直挺挺地从小木凳上向后仰倒，四脚朝天摔平在灶台上。
一只小短爪在空中无力划一下后垂落。
它头顶红肿包旁边缓缓绕出一圈旋转小星星。
方形小鼻子前悠悠飘出一缕灵魂状白烟。
画面定格在它“齁到升天”的瞬间。

【音效】

僵直 “咯噔” 一声

向后倒地 “咚” 一声

轻微卡通升天音效收尾
【本镜头唯一主要动作】
水豚噜噜被咸到后仰倒地。

四、执行要求
【视觉要求】
厨房环境必须真实写实
水豚噜噜必须始终保持纯 2D 贴纸感

2D 角色与真实厨房、真实人手形成强烈反差
不要把水豚噜噜做成立体真实毛绒动物
不要让角色接受复杂写实打光
角色轮廓始终清楚，像贴在实拍画面上的卡通贴纸

【动作要求】
每个镜头只保留一个主要动作

动作节奏要短平快

角色表情夸张，但动作逻辑清楚

盐、锅铲、蒸汽、倒地要有明确物理反馈

【表演要求】

水豚噜噜的搞事感要强

真人不出全身，只出现手

真人的反应要利落，像熟练处理捣蛋鬼

整体是无台词喜剧，不需要人物说话

【镜头要求】
全片保持第一人称 POV

轻微手持晃动
不切换成第三人称
不增加无关人物
结尾定格要干脆

五、负面词
blurry, bad quality, low quality, low resolution, noisy, jpeg artifacts, watermark, subtitles, text, logo, error;
deformed, mutated, bad anatomy, extra limbs, broken hands, disfigured, bad composition, out of frame;
realistic animal fur, 3D realistic capybara, over-rendered lighting on sticker character, inconsistent character, changing clothes, changing body color, changing head accessory;"
renoise-2082433708574064891,Shot 1 – A massive skeleton army charges toward the fortress while defenders…,,真人,特效向,动作大片,,en,Seedance 2.0,,,renoise-ai/awesome-seedance-prompts,https://github.com/renoise-ai/awesome-seedance-prompts/blob/904b6caffa21c2b114bb93e1bd0e37ba80b3dd10/data/prompts/2082433708574064891.json,CC-BY-4.0,ToaiDanh,https://x.com/NVTDanh/status/2082433708574064891,True,prompts/真人/特效向/动作大片/renoise-2082433708574064891--Shot-1-–-A-massive-skeleton-army-charges.md,"Shot 1 – A massive skeleton army charges toward the fortress while defenders prepare on the battlements. Camera: extreme wide push-in.
Shot 2 – Skeletons rapidly climb the vertical wall using both hands and feet. Camera: low-angle tilt up.
Shot 3 – Defenders thrust spears downward while skeletons continue climbing. Camera: high-angle top-down tracking.
Shot 4 – Soldiers keep attacking as more skeletons climb over fallen bodies toward the top. Camera: side tracking.
Shot 5 – The first skeleton reaches the wall, climbs over the edge, and lunges forward. Camera: low-angle hero.
Shot 6 – More skeletons reach the battlements. Human defenders rush forward and engage them. Camera: medium-wide tracking.
Shot 7 – Intense melee erupts with swords, spears, shields, and claws as both sides advance and retreat. Camera: handheld tracking through combat.
Shot 8 – Fighting spreads along the battlements while additional skeletons continue climbing. Camera: long side tracking.
Shot 9 – Combat expands across towers and connecting walls as endless skeleton reinforcements climb upward. Camera: high oblique aerial crane.
Shot 10 – A skeleton charges a defender. The defender blocks and counterattacks as both exchange blows. Camera: over-the-shoulder.
Shot 11 – Two warriors duel while large-scale combat continues around them. Camera: 180° orbit.
Shot 12 – Bodies from both armies fall from the battlements while more skeletons continue climbing. Camera: extreme low-angle.
Shot 13 – The entire wall is engulfed in battle as skeleton reinforcements flood onto the fortress. Camera: ultra-wide aerial pullback.
Shot 14 – Skeletons advance along the captured battlement before colliding with regrouped defenders launching a counterattack. Camera: rear tracking.
Shot 15 – The fortress wall is completely consumed by battle as skeletons keep climbing from every direction and defenders desperately hold the line. Camera: epic crane pullback."
renoise-2082435193408004446,Create a 15-second ultra-cinematic anime action video using the provided anime…,,漫剧,特效向,奇幻冒险,2D日漫,en,Seedance 2.0,,,renoise-ai/awesome-seedance-prompts,https://github.com/renoise-ai/awesome-seedance-prompts/blob/904b6caffa21c2b114bb93e1bd0e37ba80b3dd10/data/prompts/2082435193408004446.json,CC-BY-4.0,auqib,https://x.com/auqibhabib/status/2082435193408004446,True,prompts/漫剧/特效向/奇幻冒险/renoise-2082435193408004446--Create-a-15-second-ultra-cinematic-anime.md,"Create a 15-second ultra-cinematic anime action video using the provided anime swordsman character sheet @image1 and storyboard @image2 as the primary visual reference. Maintain full consistency of the character’s face, hairstyle, clothing, proportions, katana design, color palette, and dark fantasy anime aesthetic across the entire video.
Video format:

Duration: 15 seconds
Aspect ratio: 16:9 cinematic
Quality: 4K anime movie quality
Frame rate: smooth high-frame animation
Style: dark fantasy anime action, cinematic Japanese anime film
Scene progression:

[0s–3s]
Wide establishing shot of a destroyed post-apocalyptic city at night. Fires burning, smoke everywhere, ruined buildings, destroyed streets. Hundreds of grotesque ghouls violently fighting over corpses and flesh. Dynamic camera slowly moving through the battlefield.
Add cinematic fog, ash particles, glowing embers, dramatic moonlight, blood stains, destruction details.
Sound FX: ghoul screams, flesh tearing, distant explosions, burning fire ambience.

[3s–5s]
The anime swordsman suddenly appears floating high above the battlefield, illuminated by moonlight. His coat and hair move dramatically in the wind. Camera angle from below to emphasize power and intimidation.
Add glowing eyes, dark aura, floating dust, subtle energy distortion.
Sound FX: deep bass rumble, strong wind, atmospheric silence.

[5s–7s]
Close-up of the swordsman drawing his katana slowly. Sparks and black energy emerge from the blade. Instantly afterward, he launches downward at extreme speed toward the ghoul horde.
Add motion blur, speed lines, shockwaves, dynamic camera rotation, energy trails.
Sound FX: sharp katana unsheathing, sonic boom, explosive acceleration.

[7s–10s]
Hundreds of ghouls attack simultaneously. The swordsman moves faster than visible, rapidly slashing through enemies with invisible-speed attacks. Show afterimages and cinematic anime combat choreography.
Add blood slash effects, screen shake, impact flashes, slow-motion cuts, debris explosions.
Sound FX: rapid slicing sounds, distorted impacts, monster screams.

[10s–13s]
A larger ghoul army charges toward him. The swordsman throws his katana into the sky. The sword multiplies into hundreds of floating black-energy swords above the battlefield.
Add dark smoke energy, glowing rune circles, magical lighting, dramatic sky illumination.
Sound FX: supernatural energy charging, metallic echoes, deep magical resonance.

[13s–15s]
All swords rain down at extreme speed, annihilating the entire ghoul army in massive explosions. Black smoke gathers and reforms into a single katana returning to the swordsman’s hand. Final close-up of his calm expression as embers fall around him. Fade to black.
Add destruction shockwaves, cinematic explosions, black smoke particles, glowing embers, dramatic final lighting.

Sound FX: massive explosions, energy blasts, sword resonance, fading wind ambience.
Animation style:
fluid anime combat animation, ultra-dynamic camera movement, dramatic cinematic pacing, MAPPA/Ufotable-inspired visual effects, realistic destruction physics, detailed anime VFX, smooth motion blur, intense emotional atmosphere, highly detailed backgrounds, cinematic lighting, anime movie quality

Important:
Keep the swordsman visually identical to the character sheet reference in every frame.
Prioritize fast-paced cinematic action and dramatic composition.
Maintain dark fantasy anime atmosphere throughout the video.
Use anime-style visual effects only, not realistic live-action effects.

Negative prompt:
low quality, blurry, stiff animation, bad anatomy, low FPS, photorealistic humans, 3D game graphics, cartoonish motion, weak action, duplicated characters, broken sword design, poor lighting, unfinished background, text, watermark, logo, static camera, low-detail effects"
renoise-2082437584773656759,Use the uploaded reference image as the exact character reference. Preserve her…,,真人,现实向,时尚写真,,en,Seedance 2.0,link-only,real-person,renoise-ai/awesome-seedance-prompts,https://github.com/renoise-ai/awesome-seedance-prompts/blob/904b6caffa21c2b114bb93e1bd0e37ba80b3dd10/data/prompts/2082437584773656759.json,CC-BY-4.0,Smiling Khan,https://x.com/AIwithkhan/status/2082437584773656759,True,prompts/真人/现实向/时尚写真/renoise-2082437584773656759--Use-the-uploaded-reference-image-as-the.md,
renoise-2082438498942857364,Animate the provided 3x4 storyboard into a smooth cinematic video. Preserve…,,真人,现实向,剧情短片,,en,Seedance 2.0,,,renoise-ai/awesome-seedance-prompts,https://github.com/renoise-ai/awesome-seedance-prompts/blob/904b6caffa21c2b114bb93e1bd0e37ba80b3dd10/data/prompts/2082438498942857364.json,CC-BY-4.0,𝐌,https://x.com/Strength04_X/status/2082438498942857364,True,prompts/真人/现实向/剧情短片/renoise-2082438498942857364--Animate-the-provided-3x4-storyboard-into.md,"Animate the provided 3x4 storyboard into a smooth cinematic video. Preserve exact shot order and continuity. Use slow push-in, gentle pan, subtle orbit, and rack focus. Lighting transitions from soft morning glow to warm golden ambient light. Fragrance editorial aesthetic, minimal calm, soft film grain. No new shots, no reordering, candle remains emotional focus in all scenes."
renoise-2082439846526595390,A photorealistic smartphone selfie vlog that looks like it was casually…,,真人,现实向,生活与vlog,,en,Seedance 2.0,link-only,copyrighted-character,renoise-ai/awesome-seedance-prompts,https://github.com/renoise-ai/awesome-seedance-prompts/blob/904b6caffa21c2b114bb93e1bd0e37ba80b3dd10/data/prompts/2082439846526595390.json,CC-BY-4.0,Aqsa,https://x.com/Aqsahere_/status/2082439846526595390,True,prompts/真人/现实向/生活与vlog/renoise-2082439846526595390--A-photorealistic-smartphone-selfie-vlog.md,
renoise-2082439952659619978,"Cinematic underwater ocean epic, one continuous unbroken take, 15 seconds…",,漫剧,特效向,奇幻冒险,3D卡通,en,Seedance 2.0,link-only,copyrighted-character,renoise-ai/awesome-seedance-prompts,https://github.com/renoise-ai/awesome-seedance-prompts/blob/904b6caffa21c2b114bb93e1bd0e37ba80b3dd10/data/prompts/2082439952659619978.json,CC-BY-4.0,Kiki,https://x.com/Mayz1169/status/2082439952659619978,True,"prompts/漫剧/特效向/奇幻冒险/renoise-2082439952659619978--Cinematic-underwater-ocean-epic,-one-con.md",
renoise-2082442820367835618,"Cinematic anime short film clip, 15 seconds. Outdoor Chinese martial arts…",,漫剧,特效向,武侠打斗,2D日漫,en,Seedance 2.0,link-only,real-person,renoise-ai/awesome-seedance-prompts,https://github.com/renoise-ai/awesome-seedance-prompts/blob/904b6caffa21c2b114bb93e1bd0e37ba80b3dd10/data/prompts/2082442820367835618.json,CC-BY-4.0,TechieSA,https://x.com/TechieBySA/status/2082442820367835618,True,"prompts/漫剧/特效向/武侠打斗/renoise-2082442820367835618--Cinematic-anime-short-film-clip,-15-seco.md",
renoise-2082443444862230713,SCENE CONTEXT,,真人,特效向,动作大片,,en,Seedance 2.0,link-only,hate,renoise-ai/awesome-seedance-prompts,https://github.com/renoise-ai/awesome-seedance-prompts/blob/904b6caffa21c2b114bb93e1bd0e37ba80b3dd10/data/prompts/2082443444862230713.json,CC-BY-4.0,Muhammad Ayan,https://x.com/socialwithaayan/status/2082443444862230713,True,prompts/真人/特效向/动作大片/renoise-2082443444862230713--SCENE-CONTEXT.md,
renoise-2082450478923952406,"Cinematic 16:9 high dynamic action scene shot on 35mm film, set inside a…",,真人,特效向,武侠打斗,,en,Seedance 2.0,,,renoise-ai/awesome-seedance-prompts,https://github.com/renoise-ai/awesome-seedance-prompts/blob/904b6caffa21c2b114bb93e1bd0e37ba80b3dd10/data/prompts/2082450478923952406.json,CC-BY-4.0,BMX,https://x.com/bmx_ai13/status/2082450478923952406,True,prompts/真人/特效向/武侠打斗/renoise-2082450478923952406--Cinematic-16-9-high-dynamic-action-scene.md,"Cinematic 16:9 high dynamic action scene shot on 35mm film, set inside a realistic South Korean high school classroom with pale seafoam green walls, metal lockers, and wooden desks. A dynamic, fast-paced fight sequence unfolds between a male student in a white uniform shirt over a blue graphic tee and several male students wearing pinstriped baseball uniforms. The combat features fluid, realistic martial arts choreography with natural weight and impact. The camera uses kinetic handheld movement, subtle whip pans, and close tracking shots following fast punches, dodges, and disarms. Lighting is authentic overhead fluorescent classroom light with natural soft shadows. Color grading shifts mid-sequence into a muted, high-contrast, desaturated dramatic style. Physical motion blur on fast movements, atmospheric dust particles in room light, seamless spatial continuity, zero cinematic artifacts, photorealistic textures on clothing and skin, 15 seconds continuous energy. Audio includes high energy Brazilian phonk music track with heavy bass, crisp snare hits, and punchy rhythmic drops synchronized with physical hits and camera movements."
renoise-2082450805232468236,"Main Subject: Young Korean woman, 22, natural everyday appearance…",,真人,现实向,生活与vlog,,en,Seedance 2.0,,,renoise-ai/awesome-seedance-prompts,https://github.com/renoise-ai/awesome-seedance-prompts/blob/904b6caffa21c2b114bb93e1bd0e37ba80b3dd10/data/prompts/2082450805232468236.json,CC-BY-4.0,Zephyra Leigh,https://x.com/ZephyraLeigh/status/2082450805232468236,True,"prompts/真人/现实向/生活与vlog/renoise-2082450805232468236--Main-Subject-Young-Korean-woman,-22,-nat.md","Main Subject: Young Korean woman, 22, natural everyday appearance, shoulder-length black hair in a loose braid with soft wispy bangs, realistic skin texture, minimal makeup, cheerful and gentle personality. Wearing a cream oversized cardigan over a pastel yellow floral dress, white canvas sneakers, a small tan leather crossbody bag, and delicate silver earrings. Maintain consistent identity, clothing, hairstyle, and appearance throughout.

Location: A quiet neighborhood flower market in Seoul on a fresh spring morning. Small family-owned flower stalls display tulips, daisies, roses, and potted plants. Wooden crates, metal buckets filled with fresh flowers, narrow walkways, bicycles, and soft morning sunlight create a peaceful local atmosphere.

Visual Style: Ultra-realistic documentary realism. Genuine candid behavior, natural body language, authentic slice-of-life moments, rich environmental detail, warm spring lighting.

Camera Style: Early-2000s Sony MiniDV camcorder. Heavy handheld shake, imperfect framing, autofocus hunting between colorful flowers and her face, faded colours, soft contrast, slight motion blur, exposure pumping in bright sunlight, MiniDV compression artifacts, no stabilization.

00:00–00:03

She slowly walks through the flower stalls, smiling while admiring fresh bouquets. The camera briefly focuses on nearby tulips before correcting.

00:03–00:06

She gently smells a bouquet of white daisies, laughing softly as a bee flies past. The operator steps closer, causing slight autofocus breathing.

00:06–00:09

She chooses a small bundle of pink tulips and chats politely with the florist while paying in cash.

00:09–00:12

Walking outside the market, she adjusts the flowers in her arms as a gentle breeze moves her hair and dress. Sunlight flickers through nearby trees.

00:12–00:15

She notices the camera, lifts the bouquet with a warm smile, then continues walking down the quiet street. The camera drifts toward the flowers before the recording abruptly cuts to black.

Audio: Natural ambience only—birds singing, light wind, footsteps on pavement, quiet conversations, paper wrapping flowers, distant scooters, leaves rustling, occasional bicycle bell. No music. No narration.

Goal: A forgotten MiniDV home video from spring 2004, capturing a peaceful morning at a neighborhood flower market with warm, imperfect, nostalgic realism."
renoise-2082451216336843074,Full magical transformation sequence: a moon knight floating in an ancient…,,真人,特效向,奇幻怪兽,,en,Seedance 2.0,,,renoise-ai/awesome-seedance-prompts,https://github.com/renoise-ai/awesome-seedance-prompts/blob/904b6caffa21c2b114bb93e1bd0e37ba80b3dd10/data/prompts/2082451216336843074.json,CC-BY-4.0,LudovicCreator,https://x.com/LudovicCreator/status/2082451216336843074,True,prompts/真人/特效向/奇幻怪兽/renoise-2082451216336843074--Full-magical-transformation-sequence-a-m.md,"Full magical transformation sequence: a moon knight floating in an ancient pale-blue parchment void as deep indigo ink spreads through the air like night dye blooming in water ,calligraphy strokes lash around the body, staining the hair into silver-white, sketching crescent armor seams, glowing cheek markings, and a curved moonblade silhouette in elegant blue brushwork. A circular ancient seal script sigil burns underfoot with splashes of silver light, the camera pushing in through drifting ink veils like pages turning in a storm, each brush impact synced to a rising drumbeat, ending in a blade-raised signature pose locked inside an indigo-and-silver calligraphy burst. Stock-footage grandeur, played sincere."
renoise-2082453471434101136,"45-Second Cinematic AI Video Prompt**  45 seconds, photorealistic, cinematic…",,真人,特效向,动作大片,,en,Seedance 2.0,,,renoise-ai/awesome-seedance-prompts,https://github.com/renoise-ai/awesome-seedance-prompts/blob/904b6caffa21c2b114bb93e1bd0e37ba80b3dd10/data/prompts/2082453471434101136.json,CC-BY-4.0,Aaliya,https://x.com/AIwithAliya/status/2082453471434101136,True,prompts/真人/特效向/动作大片/renoise-2082453471434101136--45-Second-Cinematic-AI-Video-Prompt-45-s.md,"45-Second Cinematic AI Video Prompt**  45 seconds, photorealistic, cinematic superhero film, ultra-detailed, 8K HDR, realistic physics, dynamic camera movement, fast-paced editing, dramatic lighting, natural facial expressions, high-end VFX, Japanese female lead, no text, no watermark.  **Main Character:** A beautiful young **Japanese woman** in her early 20s with fair skin, soft natural makeup, expressive dark brown eyes, and shoulder-length black hair tied into a low ponytail. She wears an **oversized light blue knit sweater**, loose gray pants, and white sneakers throughout the story. Maintain identical facial identity, hairstyle, body proportions, and outfit consistency across every scene.  ### Scene 1 (0–6s) – The Spider Bite  Inside a cozy modern apartment during the afternoon. Extreme macro close-up as a glowing crystal-like translucent spider slowly crawls onto the back of the Japanese woman's neck. The spider sparkles with iridescent blue light before gently biting her. A glowing blue spider-shaped mark appears beneath her skin, sending shimmering energy across her neck. She gasps softly and turns in surprise. Cinematic macro lens, shallow depth of field, dramatic lighting.  ### Scene 2 (6–12s) – Powers Awakening  She walks through her apartment wearing her oversized **light blue sweater** and gray pants. Suddenly books, mugs, and small household objects begin floating around her. Confused, she raises her hands, and a metallic glowing spider web suddenly shoots from her wrist, sticking to a distant wall. Her eyes widen in shock before she smiles with excitement. Fast push-in camera, floating debris, cinematic energy effects.  ### Scene 3 (12–21s) – First Leap  She steps onto the balcony of a towering skyscraper overlooking a massive modern metropolis under bright daylight. Without hesitation she leaps into open air. The camera rotates as she freefalls upside down between towering glass skyscrapers. Just before reaching another building, she fires brilliant silver-blue web lines from both wrists and swings powerfully through the city. Dynamic drone shots, rapid FPV movement, realistic wind simulation, superhero movie energy.  ### Scene 4 (21–31s) – Web Acrobatics  An adrenaline-filled montage of spectacular web-swinging through narrow urban streets, soaring between skyscrapers, performing flips above busy intersections, landing gracefully on rooftops, vaulting across glass towers, and gliding over a luxurious rooftop infinity pool overlooking the skyline. The camera alternates between cinematic tracking shots, aerial drone views, slow-motion hero moments, and fast FPV chase sequences. Bright daylight, highly realistic reflections, cinematic action.  ### Scene 5 (31–36s) – Sunset Break  Golden-hour sunset. A peaceful wide cinematic shot shows her sitting comfortably on a high steel construction beam far above the city. She casually eats a sandwich while admiring the glowing skyline. Gentle breeze moves her ponytail and oversized **light blue sweater**. Warm orange sunlight creates a calm contrast to the previous action scenes. Emotional cinematic composition.  ### Scene 6 (36–41s) – Neon Night  Nighttime in a vibrant neon-lit alley filled with colorful reflections after light rain. She hangs upside down from a single web line, smiling warmly. A curious black cat sits calmly on a nearby windowsill staring back at her. Blue and pink neon lights reflect across her face and sweater while the city glows behind her. Slow cinematic camera orbit with soft depth of field.  ### Scene 7 (41–45s) – Home Again  She swings effortlessly back toward her apartment building, lands smoothly on her balcony, performs a stylish flip into the living room, and collapses onto the sofa laughing happily. She pulls out her phone, starts chatting excitedly, and smiles as the camera slowly pulls away through the apartment window while the city lights sparkle outside. End with a cinematic superhero-style closing shot.  **Visual Style:** Hollywood superhero movie aesthetic, photorealistic, cinematic color grading, realistic cloth simulation, physically accurate web physics, dynamic lighting, volumetric sunlight, realistic facial animation, expressive emotions, smooth character consistency, high-speed action choreography, premium VFX, ultra-detailed environments, crisp reflections, motion blur, dramatic camera transitions, IMAX-quality visuals, 8K HDR."
renoise-2082455566899626359,@[character ref] is already moving as multiple enemies close in from every…,,漫剧,特效向,奇幻冒险,2D日漫,en,Seedance 2.0,,,renoise-ai/awesome-seedance-prompts,https://github.com/renoise-ai/awesome-seedance-prompts/blob/904b6caffa21c2b114bb93e1bd0e37ba80b3dd10/data/prompts/2082455566899626359.json,CC-BY-4.0,Kōda,https://x.com/aimikoda/status/2082455566899626359,True,prompts/漫剧/特效向/奇幻冒险/renoise-2082455566899626359--character-ref-is-already-moving-as-multi.md,"@[character ref] is already moving as multiple enemies close in from every direction. She disappears into a crimson-cyan streak, reappearing between them through rapid iaijutsu draws, aerial spins, reverse-grip cuts and impossible directional changes as glowing blade arcs weave a giant dragon-shaped pattern across the battlefield. Enemies freeze briefly after each contact before delayed cut lines ignite across their silhouettes, then the entire formation collapses at once as she lands in a low finishing stance, blade extended and dragon energy spiraling violently behind her.

High-end graphic anime realism fused with explosive calligraphic sword action and neon dragon mythology. Impossibly fast blade choreography unfolds like a lethal stage performance, built from rhythmic stance changes, acrobatic direction shifts, chained iaijutsu draws, spinning cuts and precise multi-target combinations with no idle pauses. White-hot sword arcs, crimson ink ruptures, electric-cyan brush trails, fragmented afterimages and serpentine dragon-energy ribbons define every movement, while defeated figures remain readable as dark silhouettes split by delayed glowing cut lines. Whip-fast tracking shots, violent orbital sweeps, extreme foreshortening, snap zooms and seamless transitions through blade trails make the camera feel locked to the momentum of the weapon. Air pressure bends around each swing, clothing and hair lash through the frame, surfaces peel apart in painted streaks and entire spaces briefly collapse into graphic black, red and cyan abstraction before returning to physical depth. Strong silhouettes, deliberate finishing poses, realistic material weight and premium anime rendering preserve clarity, impact and elegance even at overwhelming speed."
renoise-2082457040580964833,A young person skating at high speed along a California boardwalk in summer…,,真人,特效向,动作大片,,en,Seedance 2.0,,,renoise-ai/awesome-seedance-prompts,https://github.com/renoise-ai/awesome-seedance-prompts/blob/904b6caffa21c2b114bb93e1bd0e37ba80b3dd10/data/prompts/2082457040580964833.json,CC-BY-4.0,hedoήist,https://x.com/hedo_ist/status/2082457040580964833,True,prompts/真人/特效向/动作大片/renoise-2082457040580964833--A-young-person-skating-at-high-speed-alo.md,"A young person skating at high speed along a California boardwalk in summer, with tall palm trees. Fast motion blur.

The character jumps over cars while performing skateboard tricks, drifts sharply around curves, and leaps onto the beach; the skateboard transforms into a surfboard that rides the waves, dodging a giant shark trying to bite.

The action continues until the character ends up lying on a beach lounger, sipping a soft drink.

High-octane action scene."
renoise-2082458787907010609,A woman in her early thirties sits upright on the edge of an unmade bed in a…,,真人,现实向,时尚写真,,en,Seedance 2.0,,,renoise-ai/awesome-seedance-prompts,https://github.com/renoise-ai/awesome-seedance-prompts/blob/904b6caffa21c2b114bb93e1bd0e37ba80b3dd10/data/prompts/2082458787907010609.json,CC-BY-4.0,Dheepan Ratnam,https://x.com/Dheepanratnam/status/2082458787907010609,True,prompts/真人/现实向/时尚写真/renoise-2082458787907010609--A-woman-in-her-early-thirties-sits-uprig.md,"A woman in her early thirties sits upright on the edge of an unmade bed in a soft, sunlit bedroom at dawn. Dark curly hair pulled into a messy topknot, no makeup, heavy-lidded exhausted eyes, mustard-yellow cardigan over a plain white t-shirt. Clinging to her back like a living backpack is a full-size three-toed sloth: shaggy grey-brown fur, long curved claws hooked over both of her shoulders, its head resting beside her cheek, eyes half-closed, wearing a permanent serene smile. The sloth is roughly the size of a large dog and is visibly heavy — her shoulders are pulled down and forward under its weight. She does not react to it at all; this is completely normal to her. Warm low-angle morning light through sheer curtains, rumpled white bedding, a nightstand with an alarm clock. Shot on 35mm, warm naturalistic commercial cinematography, shallow depth of field, gentle film grain, muted warm palette, photoreal, no text"
renoise-2082462951014015305,FOUND FOOTAGE — 15 SEC,,真人,特效向,恐怖灵异,,en,Seedance 2.0,,,renoise-ai/awesome-seedance-prompts,https://github.com/renoise-ai/awesome-seedance-prompts/blob/904b6caffa21c2b114bb93e1bd0e37ba80b3dd10/data/prompts/2082462951014015305.json,CC-BY-4.0,MagicAI,https://x.com/magic_ai_skill/status/2082462951014015305,True,prompts/真人/特效向/恐怖灵异/renoise-2082462951014015305--FOUND-FOOTAGE-—-15-SEC.md,"FOUND FOOTAGE — 15 SEC

Format: recovered 1990 camcorder tape. Real footage, not AI-generated. 4:3 frame, heavy VHS artifacts — chroma bleed, tracking lines, tape dropouts, halation around lights, low resolution, analog noise floor. Interlaced motion, no color grading, no film grain simulation, no cinematic look.

Subjects: two figures in full-body pale yellow hazmat suits, opaque black face visors — faces never visible, never revealed. Bulky gloves, sealed hoods, a small dark logo patch on the chest. One drags a thick red cable behind them. No skin is ever shown.

Space: after the door, one endless interior of damp mustard-yellow wallpaper and matching yellow carpet, humming fluorescent panels at even intervals, no windows, no furniture, no exit in sight. Every corridor looks identical. Air is thick and still.

On-screen: a white digital camcorder overlay pinned to the upper right — date 02/03/1990 and a running timecode 10:01:27:21. English only. No Hangul or CJK anywhere. No title cards, no logos, no watermark, no subtitles.

(0:00–0:02) — The Flyer
Tight on a paper MISSING notice stapled to a wooden utility pole, edges curled by rain. Bold English word MISSING at the top; the photograph below is creased and turned away so no face reads. Camera drifts, refocuses.
Cut: hard

(0:02–0:04) — More Of Them
Pull back — the pole is layered with dozens of the same notices, overlapping, weathered. A hand-drawn red line climbs across a taped chart pinned among them, bending almost vertical at the top.
Cut: on the line reaching the top

(0:04–0:06) — The Door
A vast steel industrial door grinds sideways. Behind it, wrong: warm yellow wallpaper and carpet where concrete should be. The camcorder overlay snaps on in the upper right.
Cut: as the gap widens

(0:06–0:08) — Dropped
The camera hits the carpet and lies on its side, lens half-blocked by yellow fibre. Boots pass. A gloved hand enters low, grabs the body of the camera, and the frame swings upright into first person.
Cut: on the lift

(0:08–0:10) — Corridor
First person, walking fast. A gloved hand swings into frame gripping the red cable, then reaches out and drags along the wallpaper as they go. Yellow walls slide past on both sides, fluorescent panels strobing overhead, breath loud inside the suit. The frame lurches at every step. Ahead, the corridor forks and they choose left without stopping.
Cut: on a step

(0:10–0:12) — Something Ahead
The corridor ends. Far down it, a dark irregular stain spreads across the wall and something is standing against it. The camera pushes forward, hesitates, pushes again.
Cut: on the hesitation

(0:12–0:14) — The Wall
Close on the stain — a figure in a grey hooded sweatshirt pressed into the wallpaper, half swallowed by black fibrous growth that spreads outward like roots. The head is turned away and lost in shadow. The lens hunts for focus.
Dialogue (muffled through a radio): ""It's organic.""
Cut: on the word

(0:14–0:15) — Signal
The image tears into rolling tracking noise and blue video static, the timecode still ticking in the corner, then holds on the noise. It never goes black.

Audio: on-camera only — low bass drone, fluorescent hum, footsteps on carpet, suit fabric rustle, radio squelch, tape hiss.

No fade to black, no dip to black — the last frame is lit noise, not darkness. No faces visible on any person, no visor ever transparent, no readable photograph of a real face. No modern phones, no selfie stick, tripod or filming rig in frame — the camcorder is the point of view, never seen. No slow motion. No clean digital sharpness, no HDR, no lens flare, no drone shot. Five fingers per glove, no malformed anatomy, no duplicated figures. No waxy plastic AI skin, no uncanny CG face, no beauty smoothing — no bare skin appears at all. No gore, no blood spray."
renoise-2082462983767101923,"Cinematic realistic comedy style. A man in a fitted bomber jacket, thin beard…",,真人,现实向,喜剧整活,,en,Seedance 2.0,,,renoise-ai/awesome-seedance-prompts,https://github.com/renoise-ai/awesome-seedance-prompts/blob/904b6caffa21c2b114bb93e1bd0e37ba80b3dd10/data/prompts/2082462983767101923.json,CC-BY-4.0,Riccardo Wolf,https://x.com/WolfRiccardo/status/2082462983767101923,True,prompts/真人/现实向/喜剧整活/renoise-2082462983767101923--Cinematic-realistic-comedy-style.-A-man.md,"Cinematic realistic comedy style. A man in a fitted bomber jacket, thin beard, sits at a table checking his phone under the table. His date asks what he's looking for in a relationship. He looks up and says in English: ""Honestly? Just somebody who won't leave me on read."" Soft restaurant ambiance."
renoise-2082471027657863349,"Raw tactical bodycam POV, pure real-world footage, chaotic handheld energy…",,真人,特效向,奇幻怪兽,,en,Seedance 2.0,,,renoise-ai/awesome-seedance-prompts,https://github.com/renoise-ai/awesome-seedance-prompts/blob/904b6caffa21c2b114bb93e1bd0e37ba80b3dd10/data/prompts/2082471027657863349.json,CC-BY-4.0,TechHalla,https://x.com/techhalla/status/2082471027657863349,True,"prompts/真人/特效向/奇幻怪兽/renoise-2082471027657863349--Raw-tactical-bodycam-POV,-pure-real-worl.md","Raw tactical bodycam POV, pure real-world footage, chaotic handheld energy, natural daylight, fast imperfect movement, live and unpolished, continuous first-person operator view with rifle always visible in frame.

0-4s: [Bodycam POV] Helmet-cam on a heavy wooden garden gate. Operator’s gloved hands grip a metal battering ram with teammates. Hard coordinated strikes smash the lock and hinges. Door bursts inward in a cloud of splinters and dust. Immediate aggressive push forward through the breach, rifle raised, constant reactive camera shake and urgent team radio chatter.

4-10s: [Bodycam POV] Inside a real suburban garden. Classic ceramic garden gnomes — painted, bearded, pointed hats — suddenly animate and move with unnatural speed. They draw tiny but real weapons (knives, small axes, pistols) and attack. Operator fires controlled bursts, muzzle flash lighting the frame, spent casings eject. Gnomes take hits but keep coming, completely unstoppable, closing distance from all sides amid chaotic close-quarters combat, dirt, plants and flying debris.

10-15s: [Bodycam POV] One large garden gnome sprints straight at camera with impossible speed. It leaps, slams into the operator chest-first, drives the body backward and violently to the ground. Camera tumbles hard, sky and gnome face filling the lens as the operator is fully taken down. Rifle still visible, thrashing hands, raw impact physics.

Photorealistic raw bodycam, natural physics, coherent motion, authentic tactical chaos, continuous POV, no artifacts."
renoise-2082476812618313927,A cinematic magical-realism sequence set on a quiet European-style city street…,,真人,特效向,奇幻怪兽,,en,Seedance 2.0,,,renoise-ai/awesome-seedance-prompts,https://github.com/renoise-ai/awesome-seedance-prompts/blob/904b6caffa21c2b114bb93e1bd0e37ba80b3dd10/data/prompts/2082476812618313927.json,CC-BY-4.0,Jasmine Ai,https://x.com/jasminekhan90_/status/2082476812618313927,True,prompts/真人/特效向/奇幻怪兽/renoise-2082476812618313927--A-cinematic-magical-realism-sequence-set.md,"A cinematic magical-realism sequence set on a quiet European-style city street during a gentle rainfall at blue hour. A beautiful young woman in a light pastel raincoat walks calmly through the rain. Curious, she raises her hand and catches a single raindrop. The instant it touches her fingertips, it transforms into a delicate blooming flower. As she continues walking, every raindrop that lands on her or touches the ground blossoms into vibrant wildflowers, roses, daisies, cherry blossoms, and colourful petals. Within seconds, the once-grey street transforms into a breathtaking floral paradise. Flowers bloom naturally from the wet pavement, climb walls, decorate lamp posts, and spread across rooftops. Soft petals swirl gracefully in the wind while warm golden streetlights reflect on the rain-soaked road, creating a dreamy, enchanting atmosphere.

The camera opens with an extreme close-up of the raindrop touching her fingertips, then smoothly transitions into a slow cinematic tracking shot following her as flowers bloom behind every step. Include realistic character animation, subtle facial expressions of wonder, natural walking motion, flowing hair and clothing physics, volumetric rainfall, realistic water splashes, soft fog, depth of field, cinematic lens flares, HDR lighting, global illumination, highly detailed flower growth animation, seamless motion, ultra-realistic textures, magical realism, premium film quality, 4K, 24fps, masterpiece, emotionally uplifting, visually breathtaking."
renoise-2082478253722448091,以上传图片作为唯一 人物脸部与身份特征参考。只锁定人物的脸型、五官、发色、气质与整体识别度，确保全片始终是同一个人。不要参考上传图片中的服装、姿势、背景和构图。,,真人,现实向,年代怀旧,,zh,Seedance 2.0,,,renoise-ai/awesome-seedance-prompts,https://github.com/renoise-ai/awesome-seedance-prompts/blob/904b6caffa21c2b114bb93e1bd0e37ba80b3dd10/data/prompts/2082478253722448091.json,CC-BY-4.0,小宇Chengzi,https://x.com/Chengzilhy/status/2082478253722448091,True,prompts/真人/现实向/年代怀旧/renoise-2082478253722448091--以上传图片作为唯一-人物脸部与身份特征参考-只锁定人物的脸型-五官-发色-气质与.md,"以上传图片作为唯一 人物脸部与身份特征参考。只锁定人物的脸型、五官、发色、气质与整体识别度，确保全片始终是同一个人。不要参考上传图片中的服装、姿势、背景和构图。

生成一段 15秒、9:16竖屏 的复古电影感人物短片。整条视频采用 多镜头剪辑结构，不是一镜到底。整体风格为 旧上海电影气质、神秘冷艳、成熟克制、高级感女性人物亮相短片。重点不是剧情推进，而是通过镜头、眼神、姿态、道具与空间氛围，建立一个 有故事但不轻易袒露内心 的女性角色形象。

人物造型

女主穿着一条 黑色高级礼服长裙，整体气质冷艳、神秘、贵气。礼服为 抹胸露肩设计，胸口线条利落，上半身修身收腰，面料具有细腻高级的缎面或丝绒质感，下半身为 修长鱼尾式长裙，裙摆自然垂落并轻微拖地。
外搭一件 黑色貂毛披肩，披肩质感厚实柔软，视觉上有明显高级皮草感，在部分镜头中披在肩上或包裹手臂，增强人物的权威感、距离感和贵气。
背部可带 精致露背设计，并用一条 细金属链条 点缀背部细节。
配饰控制在少量精致范围内，可搭配简洁耳饰、戒指或细项链。鞋履为黑色高跟鞋。整体妆造精致但克制，不能甜美，必须偏冷感和成熟感。

场景与光影
场景设定在 复古老上海风格的室内空间，包含木质栏杆、红棕色木门、百叶窗、走廊、老式电话、暖色灯光等元素。整体空间有明显年代感和电影氛围，色调以 深黑、红木色、琥珀暖金色 为主。
光线重点使用 百叶窗漏下的条状光影、侧逆光、高反差局部照明。人物脸部与身体部分区域被光打亮，其余区域保留深阴影，形成神秘、危险、难接近的视觉气质。
表演要求
人物表演必须克制，不夸张，不活泼。核心依赖 眼神、下巴角度、转头、停顿、抱臂、低头再抬眼、侧视画外 来表达情绪。
她不是热情展示自己，而是带着一种“我知道你在看我，但我不会轻易解释自己”的感觉。
嘴角大多保持稳定，不刻意微笑。转头动作利落，视线变化清楚，眼睛通常先动，头部再跟随。整体状态始终自持、冷静、疏离。

镜头分镜

镜头1
极高机位垂直俯拍。人物站在复古花纹地砖中央，身披黑色貂毛披肩，最初微微低头，随后缓慢抬眼看向上方镜头。动作很小，但眼神必须有审视感。画面第一秒就建立强视觉钩子。

镜头2

切到人物面部近景。人物微侧身站立，黑色貂毛披肩包裹肩部，镜头靠近脸部，人物将视线平静转向镜头，没有笑容，气质冷静压迫。
镜头3
中近景，摄影机隔着模糊前景拍摄，前景可以是木质结构、玻璃反光或柔焦遮挡。人物轻微转头，镜头有轻微窥视感，强化距离感与神秘感。

镜头4

极低机位仰拍二楼木质栏杆。人物站在高处，披着黑色貂毛披肩，俯视下方。她身体基本不动，只通过视线向下看，形成地位感和压迫感。

镜头5

闪白后进入一个更有事件感的动态镜头。人物手中拿着一叠纸钞或票券状纸片，镜头快速横甩，人物和纸片在移动中产生自然运动模糊，像短暂发生了一场交易或信息交接。动作要利落，画面带一点手持感与速度感。

镜头6

再次切回楼上栏杆仰拍。摄影机沿栏杆轻微横向移动，人物站在高处，视线随着摄影机略微移动，继续强化掌控感。

镜头7

人物站在百叶窗前，中近景。她一手举着高脚酒杯，酒杯停在肩部附近，低头看向身体一侧。百叶窗漏下的强烈光线切过脸部和貂毛披肩，画面具有强烈电影感。

镜头8

侧面中景。人物穿黑色礼服长裙，身形修长，单手轻搭栏杆，头部回转看向镜头。重点展示礼服轮廓、肩颈线条与从容姿态。

镜头9

背部特写。展示黑色礼服的露背结构与背部细金属链条。百叶窗漏下的光斑或条状光落在颈部、肩背和背链上，形成强记忆点。

镜头10

背后跟拍。人物沿木质走廊缓慢向前行走，黑色貂毛披肩随着步伐轻微摆动，鱼尾裙摆自然拖行，步态稳、慢、从容，不慌张。

镜头11

人物靠墙站立，双臂抱在身前，百叶窗形成窄条状高反差光影切过眼睛、脸颊与胸前。她看向画外，神情平静但警觉。

镜头12

门框内中远景或全身景。人物站在复古木门之间，黑色貂毛披肩重新完整披在肩上，双手自然收拢于身前，镜头略微向前推进，完整展示人物与服装轮廓。

镜头13

近景特写。人物靠近一部老式壁挂电话，手指轻触听筒与金属部件，动作缓慢而有控制感，头部略微靠近电话，营造秘密感与故事感。

镜头14

人物靠在深红色木门旁，先短暂低头，随后眼睛快速看向画面侧方，表情克制，像在判断什么。重点表现“有故事但不说”的情绪。

镜头15

正面偏侧近景。人物抱臂，头部略微下压后再轻抬下巴，视线从画外逐渐接近镜头，形成最直接的气场压迫。

镜头16（结尾镜头）

侧面中全景。人物站在百叶窗与木墙前，双臂交叉，黑色貂毛披肩搭在肩上，黑色礼服长裙完整显现。她缓慢抬起下巴，身体稳定不动，停在一个最自信、最克制、最有掌控感的姿态上。
直接以这个人物定格状态收尾，不出现黑底文字，不出现任何署名，不出现片尾字幕。

剪辑与节奏

整体节奏为 人物亮相 → 神秘观察 → 权力感空间 → 金钱暗示 → 奢华气质 → 秘密感 → 最终人物定格。
镜头时长以短镜头为主，约 0.6–1.3 秒一切，局部镜头可通过闪白、模糊运动、轻微叠化或视线匹配完成衔接。结尾定格镜头停留时间略长，让人物真正立住。

音频

不要背景音乐。
只保留真实环境声与必要音效，例如：

高跟鞋踩在木地板上的轻响

衣料与貂毛披肩的细微摩擦声

酒杯轻微碰撞声
纸钞翻动声

木门、栏杆、走廊空间的轻微回响

老式电话金属件和听筒的细小触碰声
音效整体要克制、电影化，不要嘈杂。"
renoise-2082481300758278528,"Premium dark science-fantasy anime, insane sakuga, hyper-speed sword…",,漫剧,特效向,武侠打斗,2D日漫,en,Seedance 2.0,,,renoise-ai/awesome-seedance-prompts,https://github.com/renoise-ai/awesome-seedance-prompts/blob/904b6caffa21c2b114bb93e1bd0e37ba80b3dd10/data/prompts/2082481300758278528.json,CC-BY-4.0,Pierrick Chevallier | IA,https://x.com/CharaspowerAI/status/2082481300758278528,True,"prompts/漫剧/特效向/武侠打斗/renoise-2082481300758278528--Premium-dark-science-fantasy-anime,-insa.md","Premium dark science-fantasy anime, insane sakuga, hyper-speed sword choreography, controlled impact frames, rain physics, neon reflections, dramatic restraint, clear decisive ending.

0–4s: Close up, Two rival swordsmen face each other on a suspended railway bridge above a neon city during heavy rain. One wears damaged traditional armor, the other a sleek mechanical mask. Slow lateral track, intense stillness, rain striking both blades.
4–8s: They vanish forward simultaneously and exchange a rapid sequence of sword contacts across the bridge. Hyper-fast footwork, sparks, rain displacement, whip pans and extreme close-ups between impacts.
8–12s: The masked swordsman launches a powerful attack.. The armored samurai blocks both, slides beneath the crossing attack and redirects the opponent’s momentum toward a broken rail section.
12–15s: One final flash of steel. The mechanical blades fall apart and the masked rival stops at the bridge edge, defeated but standing. The samurai sheaths his sword and walks past as a train rushes between them."
renoise-2082495948459229422,竖屏 9:16，一位年轻女性，穿着夏季显瘦穿搭（上身浅色修身短T恤，下身深色A字裙），站在柔和深色背景前，自然光线，暖色调氛围，正对镜头跳舞，每2秒钟变换一套服…,,真人,现实向,时尚写真,,zh,Seedance 2.0,,,renoise-ai/awesome-seedance-prompts,https://github.com/renoise-ai/awesome-seedance-prompts/blob/904b6caffa21c2b114bb93e1bd0e37ba80b3dd10/data/prompts/2082495948459229422.json,CC-BY-4.0,PixelAIGC,https://x.com/PixelAigc/status/2082495948459229422,True,"prompts/真人/现实向/时尚写真/renoise-2082495948459229422--竖屏-9-16,一位年轻女性,穿着夏季显瘦穿搭-上身浅色修身短T恤,下身深色A字.md",竖屏 9:16，一位年轻女性，穿着夏季显瘦穿搭（上身浅色修身短T恤，下身深色A字裙），站在柔和深色背景前，自然光线，暖色调氛围，正对镜头跳舞，每2秒钟变换一套服装，人物动作不停，保持发型一致性，保持表情连贯和动作连贯，音乐卡点自然，（衣服穿搭分别是，白色真丝晚礼服，粉红色上衣白色短裙，白色运动背心牛仔裙，浅蓝色衬衫白色马尾裙，白色包裙），自然微笑，中景全身，电影级柔光，浅景深，焦外虚化，皮肤质感细腻真实，胶片色调，低饱和度，温柔甜美风
renoise-2082496874745901184,"Cinematic broadcast sports footage, ARRI Alexa 65 camera, 50mm to 85mm prime…",,真人,现实向,运动,,en,Seedance 2.0,,,renoise-ai/awesome-seedance-prompts,https://github.com/renoise-ai/awesome-seedance-prompts/blob/904b6caffa21c2b114bb93e1bd0e37ba80b3dd10/data/prompts/2082496874745901184.json,CC-BY-4.0,BMX,https://x.com/bmx_ai13/status/2082496874745901184,True,"prompts/真人/现实向/运动/renoise-2082496874745901184--Cinematic-broadcast-sports-footage,-ARRI.md","Cinematic broadcast sports footage, ARRI Alexa 65 camera, 50mm to 85mm prime lenses, 16:9 aspect ratio, 4k resolution, ultra photorealistic. A high energy professional wrestling match inside a massive, packed arena. High key volumetric stadium lighting with a dominant red color palette illuminating a gray wrestling mat with bright red ropes. The scene begins with a wide shot: a muscular wrestler in blue denim shorts and bright orange wristbands vaults over the top rope into the ring with explosive athletic momentum. The camera tracks his movement with a fast shutter speed and precise motion blur. A second wrestler in black trunks charges forward. The first wrestler delivers a massive flying shoulder tackle. Highly realistic physics: the impact causes visible shockwaves through their bodies, sweat droplets fly through the bright overhead lights, and the canvas mat deeply compresses and bounces upon impact. The camera cuts to a low angle, tight close up of the wrestler in denim shorts standing up. Depth of field is shallow, blurring the cheering crowd and glowing red LED screens in the background. The lighting catches a heavy sheen of sweat on his highly detailed skin, highlighting realistic pores and muscle striations. He breathes heavily, his chest heaving, and lets out an intense, adrenaline fueled shout of victory directly toward the stadium lights. Naturalistic, lifelike textures on all clothing and skin. Accompanied by a high energy, driving cinematic sports rock anthem with heavy electric guitar riffs and pounding stadium drums perfectly synced to the physical impacts."
renoise-2082499843486834955,Create a premium cinematic character bible sheet for a football freestyler…,,漫剧,现实向,剧情短片,3D卡通,en,Seedance 2.0,,,renoise-ai/awesome-seedance-prompts,https://github.com/renoise-ai/awesome-seedance-prompts/blob/904b6caffa21c2b114bb93e1bd0e37ba80b3dd10/data/prompts/2082499843486834955.json,CC-BY-4.0,TechieSA,https://x.com/TechieBySA/status/2082499843486834955,True,prompts/漫剧/现实向/剧情短片/renoise-2082499843486834955--Create-a-premium-cinematic-character-bib.md,"Create a premium cinematic character bible sheet for a football freestyler named MARCO. Use the uploaded character sheet as the strict visual reference for his exact face, body, proportions, hair, skin tone and outfit. Do not change his appearance.

LEFT SIDE: Large bold italic brushstroke text MARCO top left, slightly angled and dynamic like it was written in motion, dark navy blue color. Below it small text: FOOTBALL FREESTYLER / THE BALL NEVER DROPS. One large full height dynamic hero image of Marco directly below — mid double around the world, caught at the peak of his jump, foot blurring around the ball, ball frozen in mid-air, clear blue sky and rooftop behind him as a clean watercolor splash in blues and whites fading into white, no box no frame, standing directly on the white page, full energy and movement captured in one frame.

CENTER: Section labeled TURNAROUND in small clean text. Three full body views: Front, Side, Back. Same character same outfit same proportions as reference. Below: BALL close-up illustration — classic black and white football with slight motion blur.

RIGHT SIDE: Section labeled DETAILS. Grid of four clean close-up panels: Face front calm expression, Eyes focused, Boot detail showing orange and white Nike colors, Foot on ball close-up. Below: COLOR PALETTE — dark navy, grey, orange, white. Tagline bottom right in thin font: THE BALL NEVER DROPS.

OVERALL: Clean white background, light blue and white watercolor splash behind hero pose, dynamic and energetic layout, minimal clean typography, lots of white space, cinematic cel-shaded 3D anime, semi-realistic CGI, hand-painted textures, digital painting feel, hard-edge brushwork, not cartoon not Disney not Pixar, print ready"
renoise-2082501906614603862,"POV, cinematic FPV, luxury modern barbershop, ultra realistic, fast dynamic…",,其他,,广告带货,,en,Seedance 2.0,,,renoise-ai/awesome-seedance-prompts,https://github.com/renoise-ai/awesome-seedance-prompts/blob/904b6caffa21c2b114bb93e1bd0e37ba80b3dd10/data/prompts/2082501906614603862.json,CC-BY-4.0,KreviX,https://x.com/LadyyEth/status/2082501906614603862,True,"prompts/其他/广告带货/renoise-2082501906614603862--POV,-cinematic-FPV,-luxury-modern-barber.md","POV, cinematic FPV, luxury modern barbershop, ultra realistic, fast dynamic editing, smooth motion, perfect continuity, 15 seconds.
A shy girl in an oversized gray T-shirt and round glasses sits front-facing in the barber chair, looking directly into the camera with a sad, uncertain expression. Barber's gloved hands enter frame holding scissors and comb. Quick inspection of the hair. Fast whip cut. Hair is divided into clean sections with clips. First precise cut across the back. Close-up of hair falling. Rapid sequence of cutting the sides, refining the neckline, trimming layers, point cutting, texturizing with thinning shears. Continuous first-person view from the barber. Dynamic camera movement around the head. Close-ups of scissors, comb, hair strands, fingers, clips. Hair is sprayed with water, blow-dried while lifted with a round brush, volume appears. Wax applied, fingers shape the hairstyle, final detailing around the fringe and sideburns. Fast match cuts synchronized with each haircut action. Hair progressively becomes a stylish modern layered bob. Seamless transformation: glasses disappear, makeup becomes elegant, outfit changes into a fitted black dress. Final reveal: the girl slowly raises her head, confidently looks into the camera, slight smile. Barber rotates the chair 360° to showcase the hairstyle from front, side, back and three-quarter angles. End on a dramatic close-up of her confident face. Warm cinematic lighting, premium salon interior, shallow depth of field, realistic hair physics, crisp details, high energy, luxury beauty commercial, 4K, smooth stabilization, no glitches, no deformation, consistent character identity."
renoise-2082502202539810991,"Super casual real smartphone home video footage, cozy winter cabin gathering…",,真人,现实向,生活与vlog,,en,Seedance 2.0,,,renoise-ai/awesome-seedance-prompts,https://github.com/renoise-ai/awesome-seedance-prompts/blob/904b6caffa21c2b114bb93e1bd0e37ba80b3dd10/data/prompts/2082502202539810991.json,CC-BY-4.0,𝐌,https://x.com/Strength04_X/status/2082502202539810991,True,prompts/真人/现实向/生活与vlog/renoise-2082502202539810991--Super-casual-real-smartphone-home-video.md,"Super casual real smartphone home video footage, cozy winter cabin gathering with snow visible outside, natural mobile phone camera with slight authentic handheld shake, normal frame rate with smooth natural motion, rapidfire montage with quick jump cuts every 1-2 seconds like scrolling through phone memories, unpolished authentic phone recording of mixed ages sipping hot cocoa, chatting by the fireplace, pure raw home video feel, no cinematic polish.
Use the provided reference photo as the strict ONLY visual reference for the main woman. Maintain her exact appearance with zero deviation. Generate a mixed group of family and friends around her inside the cabin, fireplace and snow visible through the window.
0-2.5s: Shaky rapid cuts — main woman laughing near the fireplace, warm cocoa mug in hand, quick flashes of snow falling outside.
2.5-5s: Abrupt jump cuts — close-up of her smiling while sipping cocoa, then friends passing blankets and snacks around.
5-7.5s: Fast shaky — she chats animatedly by the fire, friends and family cozy on the couch nearby.
7.5-10s: Quick cut close-up — warm smile toward camera, then jump to her laughing with a grandparent by the fireplace.
10-12.5s: Abrupt edit — group gathered close, sharing snacks and stories, casual toast with mugs.
12.5-15s: Final rapid transition — main woman relaxed by the fire with family, soft smile, calm winter memory ending with gentle phone sway.
Natural smartphone video quality, slight real handheld shake, smooth normal frame rate motion, authentic casual physics, stable main character consistency, no pro stabilization or effects."
renoise-2082506036288630853,Use @[image] as storyboard reference for cinematic sequence. use as first shot…,,其他,,风景空镜,,en,Seedance 2.0,,,renoise-ai/awesome-seedance-prompts,https://github.com/renoise-ai/awesome-seedance-prompts/blob/904b6caffa21c2b114bb93e1bd0e37ba80b3dd10/data/prompts/2082506036288630853.json,CC-BY-4.0,Viki,https://x.com/churvikv/status/2082506036288630853,True,prompts/其他/风景空镜/renoise-2082506036288630853--Use-image-as-storyboard-reference-for-ci.md,"Use @[image] as storyboard reference for cinematic sequence. use as first shot 01

A 15-second cinematic sequence transitioning through all 8 storyboard panels in strict chronological order. Visual style: photorealistic atmospheric realism, glowing green aurora borealis, vintage coastal interior, realistic water and rock textures, volumetric night lighting, 8K resolution. CRITICAL: Absolutely NO frames, borders, film strips, numbers, UI, or text. Render as seamless full-screen cinematic shots only. Ignore grid layout completely. Use clear cinematic cuts between each shot. Do NOT morph Panel 1 into Panel 2. Keep all transitions grounded and natural.

Shot 1 (0-2.0s): Panel 1. Wide establishing shot. A lighthouse sits on a rocky island under a vibrant green aurora. A soft green light path flows from the sky toward the water. Camera holds steady, slowly panning right to establish the scene. Clear cut after 2 seconds.

Shot 2 (2.0-4.0s): Panel 2. Cut to a closer tracking shot. The camera moves slowly along the rocky shore toward the lighthouse entrance. The green light reflects on wet stones and coastal grass. Aurora shimmers overhead. No merging with previous shot.

Shot 3 (4.0-6.0s): Panel 3. Cut to interior. Camera follows the green light through an open doorway into a cozy vintage room. Warm lamp light mixes with the cool aurora glow. Natural dust motes float in the air. Wooden furniture and framed pictures line the walls.

Shot 4 (6.0-8.0s): Panel 4. Cut to a dimly lit hallway. The green light casts soft reflections on the wooden floor and vintage mirrors. Camera moves forward at a natural walking pace, capturing the quiet, atmospheric interior. NO crystals, NO magical objects.

Shot 5 (8.0-10.0s): Panel 5. Cut to continuation down the hallway toward an open back door. The green light swirls gently in the air currents, leading outside. Soft natural motion blur emphasizes forward movement.

Shot 6 (10.0-12.0s): Panel 6. Cut to exterior porch. The light flows out the door onto the rocky shore, reaching toward the dark ocean. Wind blows through coastal grass. Camera smoothly tracks outward to the water's edge.

Shot 7 (12.0-13.5s): Panel 7. Cut to wide exterior. The lighthouse beam shines straight up, blending with the aurora borealis. The green energy connects the structure to the sky. Camera slowly tilts upward.

Shot 8 (13.5-15.0s): Panel 8. Cut to cosmic pull-back. Camera rises into the night sky. The lighthouse becomes a small glowing point surrounded by stars and swirling green atmospheric clouds. Ends on a serene, expansive celestial view. ZERO TEXT.

Style reinforcement: distinct shot separation, natural environmental details, realistic lighting physics, cinematic pacing, consistent green/teal/blue palette, NO text, NO grid, NO numbers, grounded atmospheric flow."
renoise-2082516459608219978,"NO MUSIC ONLY NATURAL SOUND — Epic 2D cel-shaded animation, hand-drawn…",,漫剧,现实向,剧情短片,2D日漫,en,Seedance 2.0,,,renoise-ai/awesome-seedance-prompts,https://github.com/renoise-ai/awesome-seedance-prompts/blob/904b6caffa21c2b114bb93e1bd0e37ba80b3dd10/data/prompts/2082516459608219978.json,CC-BY-4.0,MayorkingAI,https://x.com/MayorKingAI/status/2082516459608219978,True,prompts/漫剧/现实向/剧情短片/renoise-2082516459608219978--NO-MUSIC-ONLY-NATURAL-SOUND-—-Epic-2D-ce.md,"NO MUSIC ONLY NATURAL SOUND — Epic 2D cel-shaded animation, hand-drawn anime-style linework and flat hard-edged cel shading, layered with graphic-novel comic techniques: halftone Ben-Day dot texture, subtle chromatic offset on the edges, cross-hatch shadows, hand-drawn motion lines and action smears, punchy stepped ""on-twos"" framerate, saturated high-contrast urban palette. Sun-drenched New York City — glass towers, water towers, fire escapes, yellow cabs far below — dynamic energetic camera cutting between POV, handheld and tracking.

Hard opening hook — NICO in freefall straight down a canyon of skyscrapers, tumbling, the street and cabs rushing up fast below, wind screaming — POV snapping between the ground rushing closer and his own outstretched arm. At the last instant a web line fires from his wrist with a sharp THWIP, snaps taut on a crane arm and yanks him into a fast upward swing, the camera whip-panning up with him. NICO: a 16-year-old with dark skin, short black textured hair, gold hoop earrings, oversized taupe tee, baggy tan cargo pants and chunky orange-and-white high-tops, grinning wide as he arcs skyward.

Handheld tracking chasing behind him as he releases at the top of the swing, tumbles through open air over the avenue, then fires a second web from his other wrist and swings again, building momentum between the towers, tee and cargos snapping in the wind. Cut to a low street-level angle looking straight up — tiny against the buildings, cabs and pedestrians blurring beneath. Cut to POV down the web line as the next glass tower rushes toward him; he plants both feet, wall-runs across the windows, kicks off and dives.

Dynamic finish: soaring wide aerial as NICO swings up in a huge arc over a busy intersection, arms spread, his silhouette crossing the sun, the Manhattan grid sprawling below. He releases, flips, and lands hard in a crouch on a rooftop water tower, one hand down, then rises to his feet — city wind pulling at his clothes, a confident grin, skyline glittering behind him.

Face, hairstyle, earrings, wardrobe and proportions locked to the reference sheet.

SFX: screaming wind, the sharp thwip and twang of web lines firing and going taut, fabric snapping, sneakers scuffing glass and gravel, distant traffic and horns, the impact thud of each landing, Nico's breath and a quick laugh. Clean 2D cel-shaded animation, bold hand-drawn linework, flat cel shading, halftone texture, chromatic-offset edges, smooth fluid motion, subtle film grain, no music, no text, no watermark, no photoreal, no 3D CGI, no live-action."
renoise-2082520302052163820,"Create a 10-second hand-drawn Japanese anime sequence, traditional 2D…",,漫剧,特效向,武侠打斗,2D日漫,en,Seedance 2.0,,,renoise-ai/awesome-seedance-prompts,https://github.com/renoise-ai/awesome-seedance-prompts/blob/904b6caffa21c2b114bb93e1bd0e37ba80b3dd10/data/prompts/2082520302052163820.json,CC-BY-4.0,Alpha Mom,https://x.com/YourAlphaMom/status/2082520302052163820,True,prompts/漫剧/特效向/武侠打斗/renoise-2082520302052163820--Create-a-10-second-hand-drawn-Japanese-a.md,"Create a 10-second hand-drawn Japanese anime sequence, traditional 2D animation, no photorealism, no 3D CGI.

Shot 1 (0–2s): Extreme close-up of a young female samurai’s eyes opening. Wind moves strands of her black hair across her face. Cherry blossom petals drift past.

Shot 2 (2–5s): Hard cut to a wide shot. She sprints through a field of tall grass toward an ancient Japanese shrine at sunset, drawing her katana while running.

Shot 3 (5–8s): Hard cut to a dynamic low-angle action shot. A masked swordsman attacks her. She jumps, spins in the air and clashes swords with him, sparks and petals exploding around them.

Shot 4 (8–10s): Hard cut to a close-up. She lands in a crouch, slowly raises her face toward the camera, katana glowing in the sunset behind her.

High-end Japanese 2D anime film quality, expressive hand-drawn character animation, detailed line art, cel shading, dramatic composition, sakuga action, strong facial expressions, deliberate anime timing, clearly different camera shots and visible cuts between scenes."
renoise-2082543049918513363,Fast continuous cinematic FPV drone chase video following a white-haired 3D…,,漫剧,特效向,科幻机甲,3D卡通,en,Seedance 2.0,,,renoise-ai/awesome-seedance-prompts,https://github.com/renoise-ai/awesome-seedance-prompts/blob/904b6caffa21c2b114bb93e1bd0e37ba80b3dd10/data/prompts/2082543049918513363.json,CC-BY-4.0,⚡AI Search⚡,https://x.com/aisearchio/status/2082543049918513363,True,prompts/漫剧/特效向/科幻机甲/renoise-2082543049918513363--Fast-continuous-cinematic-FPV-drone-chas.md,"Fast continuous cinematic FPV drone chase video following a white-haired 3D anime-style girl performing extreme futuristic hover-skateboarding across a massive sci-fi mountain megastructure. She rides an anti-gravity skateboard with plasma thrusters, magnetic stabilizers, blue energy trails, jet boost flames, sparks, wind streaklines, and shockwave effects. The sequence must feel like one connected high-speed run, with dynamic transitions between environments. Start on a steep rugged mountain road, then flow into a glass sky bridge above a deep canyon, dive through a waterfall tunnel, launch onto floating magnetic rails, cut through a neon-lit maintenance tunnel, burst out onto ocean cliffs, wall-ride along a vertical cliff face, leap across broken hovering road fragments, and finish with a huge descent toward a futuristic coastal city."
renoise-2082547783610011968,Dialogue is all in English. Cinematic Video Prompt,,漫剧,现实向,都市校园,2D日漫,en,Seedance 2.0,,,renoise-ai/awesome-seedance-prompts,https://github.com/renoise-ai/awesome-seedance-prompts/blob/904b6caffa21c2b114bb93e1bd0e37ba80b3dd10/data/prompts/2082547783610011968.json,CC-BY-4.0,Kinovi.AI,https://x.com/kinovi_ai/status/2082547783610011968,True,prompts/漫剧/现实向/都市校园/renoise-2082547783610011968--Dialogue-is-all-in-English.-Cinematic-Vi.md,"Dialogue is all in English. Cinematic Video Prompt
Visuals & Art Style:
Aesthetic: High-quality traditional 2D anime style, reminiscent of premium slice-of-life and romantic comedy series. The lighting is soft and atmospheric, utilizing cool, melancholic blue tones from the rainy weather outside, which beautifully contrast with the warm, inviting interior classroom lighting. Characters: A cheerful teenage anime schoolgirl with large, expressive eyes, wearing a classic Japanese high school sailor uniform. A handsome, tall anime schoolboy with slightly messy hair, wearing a matching male uniform.
Action & Cinematography:
Scene 1 (The Window): A medium side-profile shot. The schoolgirl leans casually against a classroom window sill, resting her chin in her hands. She smiles softly and peacefully, watching raindrops race down the glass. The background is a beautifully painted, slightly out-of-focus rainy schoolyard.
Scene 2 (The Surprise): The camera cuts to a tracking shot from behind her. The handsome guy (Wearing a white shirt and blank pants) playfully sneaks into the frame on his tiptoes, sporting a mischievous grin. He reaches his arms out and gently covers her eyes from behind with both hands.
Scene 3 (The Impact): An instantaneous, hyper-fast slapstick anime reaction. The peaceful classroom background suddenly vanishes, replaced by dramatic, bright yellow-and-red action speedlines. The schoolgirl violently snaps her head backward in pure, panicked reflex. A massive, jagged impact star flashes across the screen as the back of her head connects perfectly with his face.
Scene 4 (The Aftermath): The dramatic speedlines disappear, and the normal classroom background returns. The guy is now lying flat on his back on the floor, groaning, with a comically large, throbbing red cartoon bump on his forehead and dizzy little birds circling his head. The schoolgirl stands over him, hands on her hips, her cheeks flushed bright pink. She leans down, looking incredibly apologetic but still highly defensive, pointing a scolding finger at him.
Audio & Dialogue:
Soundscape: The scene opens with the gentle, soothing patter of rain against the windowpane.
The Guy (playful, leaning in close): Peek-a-boo!
Sound Effects: A loud, exaggerated, hollow BONK sound effect for the headbutt, followed instantly by the vibrating sound of a struck gong.
The Guy (muffled, comical groan): Bweh...!
The Schoolgirl (flustered, rapidly switching between panicking and scolding): Ah! I'm so sorry! But never sneak up behind me like that, it's not funny!"
renoise-2082602313202508230,Shot on Arri Alexa 35 with anamorphic lenses. 21:9. Photorealistic. Dense…,,真人,现实向,剧情短片,,en,Seedance 2.0,link-only,copyrighted-character,renoise-ai/awesome-seedance-prompts,https://github.com/renoise-ai/awesome-seedance-prompts/blob/904b6caffa21c2b114bb93e1bd0e37ba80b3dd10/data/prompts/2082602313202508230.json,CC-BY-4.0,God's Way Foundation,https://x.com/godswayfoundinc/status/2082602313202508230,True,prompts/真人/现实向/剧情短片/renoise-2082602313202508230--Shot-on-Arri-Alexa-35-with-anamorphic-le.md,
renoise-2082603087181799670,短剧预告片。0-3 秒：暴雨夜，一个外卖箱掉在小区门口，镜头低角度贴地推进；3-6 秒：女主从楼道阴影里跑出，神情紧张；6-10…,,真人,特效向,恐怖灵异,,zh,Seedance 2.0,,,renoise-ai/awesome-seedance-prompts,https://github.com/renoise-ai/awesome-seedance-prompts/blob/904b6caffa21c2b114bb93e1bd0e37ba80b3dd10/data/prompts/2082603087181799670.json,CC-BY-4.0,PixelAIGC,https://x.com/PixelAigc/status/2082603087181799670,True,"prompts/真人/特效向/恐怖灵异/renoise-2082603087181799670--短剧预告片-0-3-秒-暴雨夜,一个外卖箱掉在小区门口,镜头低角度贴地推进;3.md",短剧预告片。0-3 秒：暴雨夜，一个外卖箱掉在小区门口，镜头低角度贴地推进；3-6 秒：女主从楼道阴影里跑出，神情紧张；6-10 秒：电梯门打开，里面没人，灯光闪烁；10-13 秒：手机屏幕亮起，消息写着“别上楼”；13-15 秒：女主抬头，镜头快速推到眼睛，切黑。声音：雨声、电梯提示音、手机震动、低频悬疑音。人物脸和衣服一致性，16:9。
renoise-2082644298210910488,"PART 1 — ""The Cave"" (0:00–0:15) | 9:16 vertical",,真人,特效向,奇幻怪兽,,en,Seedance 2.0,,,renoise-ai/awesome-seedance-prompts,https://github.com/renoise-ai/awesome-seedance-prompts/blob/904b6caffa21c2b114bb93e1bd0e37ba80b3dd10/data/prompts/2082644298210910488.json,CC-BY-4.0,Jessica Collins,https://x.com/AIwithJessica/status/2082644298210910488,True,prompts/真人/特效向/奇幻怪兽/renoise-2082644298210910488--PART-1-—-The-Cave-0-00–0-15-9-16-vertica.md,"PART 1 — ""The Cave"" (0:00–0:15) | 9:16 vertical
Ultra-realistic dark-comedy adventure, shot handheld like a documentary crew embedded with a doomed crew of sailors. Raw camera shake, close wide-angle lenses, muted natural color, dim firelight, no music — only ambient sound.

Cut 1 (0:00–0:03): Extreme close-up, low angle, tilted slightly off-axis — a single massive eye blinks open in the dark, reflecting dim orange firelight from below. Skin is thick, weathered, cracked like old leather. Camera slowly tilts down his brow as he exhales, sniffing the air.

Cut 2 (0:03–0:06): Hard cut to a wide shot from ground level. The cave interior is enormous, littered with bones, wool, and crude wooden tools. A flock of filthy sheep huddle in the corner. Six sailors press flat against the cave wall — each with a clearly distinct face and build: a grizzled older man with a broken nose and gray stubble, a lean young sailor with a scarred cheek, a stocky bearded man missing a front tooth, a pale thin-faced youth with wide frightened eyes, a weathered dark-skinned sailor with a shaved head and a rope burn scar on his neck, and a stern middle-aged woman with a hard jaw and a cropped braid. All wear mismatched dented armor and salt-worn leather.

Cut 3 (0:06–0:09): Handheld tracking shot follows Jessica — dark hair loose and windblown, torn traveler's cloak over salt-stained leather, bronze dagger at her hip — as she steps calmly past the crouching crew toward the center of the cave floor.

Scarred-cheek sailor (whispering, panicked): ""Get back, are you mad—""

Cut 4 (0:09–0:12): Low-angle shot from Jessica's POV looking straight up at the Cyclops as he turns his massive head toward her, one eye narrowing.

Jessica (flat, unimpressed): ""You really only need the one eye?""

Cut 5 (0:12–0:15): The Cyclops freezes mid-motion, confused, his single eye blinking slowly. Wide shot as he begins dragging a boulder toward the cave mouth, the stone grinding and screeching against rock, sealing them all inside. End on a shaky close-up of the crew's distinct faces — the older man gritting his teeth, the young pale sailor near tears — all lit by dying torchlight.

PART 2 — ""The Escape"" (0:15–0:30) | 9:16 vertical

Cut 1 (0:15–0:18): Continue handheld chaos. Wide shot, slightly shaky, as the Cyclops reaches down toward the huddled crew. His enormous hand slams into the dirt beside them. Jessica ducks under his fingers without flinching.
Jessica (calling up, casual): ""Wrong hand, big fellow.""

Cut 2 (0:18–0:21): Quick cut to a low tracking shot as the crew scramble past sheep and scattered bones toward a gap forming at the boulder's edge — the stocky bearded man shoving the gap wider, the shaved-head sailor pulling the frightened youth through by the collar.

Cut 3 (0:21–0:24): Camera whips outside into harsh gray daylight — a rocky coastal cliffside, wind-battered grass, a narrow dirt path leading down to a beach where a single wooden ship waits, sail flapping loosely. The operator runs alongside the crew, framing briefly lost and re-caught.

Cut 4 (0:24–0:27): Low-angle shot from the beach as the Cyclops emerges from the cave mouth above, roaring, groping blindly along the cliff edge, unable to see clearly in open light.

Hard-jawed woman (shouting): ""Row! Just row!""

Cut 5 (0:27–0:30): Final wide shot from the back of the departing ship — the six crew members rowing in a frantic, uneven rhythm, oars clashing, each face still distinct under the strain. Jessica sits calmly at the stern, glancing back once at the giant silhouette on the cliff before the camera shakes hard and cuts to black."
renoise-2082659300090994748,"Slow-motion handheld close-up, 16:9. Shaky organic handheld shot shoving in…",,真人,特效向,奇幻怪兽,,en,Seedance 2.0,,,renoise-ai/awesome-seedance-prompts,https://github.com/renoise-ai/awesome-seedance-prompts/blob/904b6caffa21c2b114bb93e1bd0e37ba80b3dd10/data/prompts/2082659300090994748.json,CC-BY-4.0,ρŁ𝐀𝔰Ｍʘ,https://x.com/plasm0/status/2082659300090994748,True,"prompts/真人/特效向/奇幻怪兽/renoise-2082659300090994748--Slow-motion-handheld-close-up,-16-9.-Sha.md","Slow-motion handheld close-up, 16:9. Shaky organic handheld shot shoving in close on a researcher in a pressurized white hazmat suit, faceplate fogged and cracking, stumbling backward across a gleaming sterile lab floor as a glistening mutant creature — too many jointed limbs, translucent skin pulsing with visible organs, a maw that splits wrong-way-wide — lunges from an overturned containment tank, wet strands of tissue trailing through the air behind it. Around him the team scatters in chaos: a woman in a matching suit shoves past his shoulder dragging a fallen colleague by the arm, two men wrestle a heavy steel door against something pushing back from the other side, someone is dragged backward across a workstation beside him, knocking a spray of shattered glassware and spilled reagent vials into the air, more suited figures stumble and scramble through the background past racks of specimen jars cracking under sudden impact. In slow motion glass, fluid, and torn suit fabric explode across the whole frame, droplets and shards suspended everywhere, catching the cold light. Dynamic jostling handheld movement at chest height in the thick of the chaos, camera nearly clipped by a whipping limb. Sterile unreal palette — clinical white, cold surgical blue, sickly bio-luminescent green glow bleeding from the creature's flesh, harsh alarm-red strobing at the edges of frame. All faces anatomically correct behind fogged visors, stable, realistic, genuine terror, no warping. Heavy coarse analog 35mm film grain baked into every frame, thick and consistent, grain crawling over highlights and shadows, like a scanned celluloid film print, never clean, never digital-looking. Flat overhead cleanroom lighting cut through by pulsing red alarm strobes, dramatic slow-motion intensity, cinematic photorealistic, ultra-detailed."
renoise-2082665116244627798,"Style: Premium Pixar-quality 3D animation, anime-inspired facial expressions…",,漫剧,现实向,剧情短片,3D卡通,en,Seedance 2.0,,,renoise-ai/awesome-seedance-prompts,https://github.com/renoise-ai/awesome-seedance-prompts/blob/904b6caffa21c2b114bb93e1bd0e37ba80b3dd10/data/prompts/2082665116244627798.json,CC-BY-4.0,Sophia,https://x.com/sophiaparkerr_/status/2082665116244627798,True,prompts/漫剧/现实向/剧情短片/renoise-2082665116244627798--Style-Premium-Pixar-quality-3D-animation.md,"Style: Premium Pixar-quality 3D animation, anime-inspired facial expressions, ultra-detailed fur simulation, cinematic lighting, magical realism, vibrant toy store, expressive eyes, soft bloom, ray-traced reflections, dynamic camera movement, Hollywood animated film quality.  Prompt:  Open with an ultra-wide cinematic establishing shot of a massive premium toy store during golden hour as families browse colorful aisles. Fast dolly shot through shelves overflowing with plush toys, action figures, trains, dolls, and racing cars. Cut to a low-angle close-up of Oliver, the caramel teddy bear with his blue scarf, sitting proudly on the shelf. His amber eyes sparkle with hope. Match cut to six-year-old Emma running excitedly into frame, stopping directly in front of Oliver. Extreme close-up of her smiling face as she hugs him tightly against her chest. Over-the-shoulder shot from Oliver's perspective as Emma happily says, ""Can we get this one?"" Her mother reaches toward the shelf—but accidentally grabs another identical teddy from behind him. Quick push-in on Oliver's face as his smile fades. Slow-motion shot of Emma walking away while looking back at him. Rack focus from Oliver's tearful eyes to the closing automatic doors. The store lights dim one by one. A loud CLICK echoes as the final light switches off."
renoise-2082669690191860136,A 4-view character reference sheet of a stylish 20-year-old girl with long wavy…,,漫剧,现实向,剧情短片,3D卡通,en,Seedance 2.0,,,renoise-ai/awesome-seedance-prompts,https://github.com/renoise-ai/awesome-seedance-prompts/blob/904b6caffa21c2b114bb93e1bd0e37ba80b3dd10/data/prompts/2082669690191860136.json,CC-BY-4.0,Shara I Ai Video Creator,https://x.com/itsshara_ai/status/2082669690191860136,True,prompts/漫剧/现实向/剧情短片/renoise-2082669690191860136--A-4-view-character-reference-sheet-of-a.md,"A 4-view character reference sheet of a stylish 20-year-old girl with long wavy black hair, trendy sunglasses pushed up on her head, wearing a yellow crop top and high-waist jeans, holding a smartphone. 3D animated cartoon style, CGI animated feature film quality, NOT photorealistic. Views: FULL BODY FRONT, FULL BODY REAR, FRONT CLOSE-UP, PROFILE CLOSE-UP. Neutral grey background, clean studio lighting, no text or watermarks. High quality, 4K, 16:9 ratio."
renoise-2082674886007542125,Macro ASMR product video in warm window light. Golden softgel capsules…,,其他,,广告带货,,en,Seedance 2.0,,,renoise-ai/awesome-seedance-prompts,https://github.com/renoise-ai/awesome-seedance-prompts/blob/904b6caffa21c2b114bb93e1bd0e37ba80b3dd10/data/prompts/2082674886007542125.json,CC-BY-4.0,Ima Studio,https://x.com/ImaStudio_ai/status/2082674886007542125,True,prompts/其他/广告带货/renoise-2082674886007542125--Macro-ASMR-product-video-in-warm-window.md,"Macro ASMR product video in warm window light. Golden softgel capsules scattered beside the bottle. A hand slowly picks up and presses one capsule, releasing glossy amber liquid. Realistic texture, gentle shadows, fixed camera, satisfying motion, no clipping or deformation, 4K."
renoise-2082675408567439418,生成视频：10秒纯欲风舞蹈直拍分镜脚本（9:16竖屏）,,真人,现实向,音乐MV,,zh,Seedance 2.0,,,renoise-ai/awesome-seedance-prompts,https://github.com/renoise-ai/awesome-seedance-prompts/blob/904b6caffa21c2b114bb93e1bd0e37ba80b3dd10/data/prompts/2082675408567439418.json,CC-BY-4.0,PixelAIGC,https://x.com/PixelAigc/status/2082675408567439418,True,prompts/真人/现实向/音乐MV/renoise-2082675408567439418--生成视频-10秒纯欲风舞蹈直拍分镜脚本-9-16竖屏.md,"生成视频：10秒纯欲风舞蹈直拍分镜脚本（9:16竖屏）

风格：清纯、慵懒、氛围感
光影：暖调、发丝光、柔焦、轻微颗粒感
节奏：慢卡点、轻律动、眼神主导，每2秒换一次衣服，动作丝滑不卡顿，运镜平稳

0–2秒｜开场（近景·胸以上）

- 动作：轻抬下巴，眼神微垂→抬眼看向镜头
- 光影：侧逆光打亮发丝
- 氛围：慵懒、朦胧

2–4秒｜中段（中景·腰以上）

- 动作：手臂轻抬、小wave、肩颈律动
- 运镜：轻微跟拍，稳
- 表情：微微笑、眼波流转

4–6秒｜爆点（中近景）

- 动作：轻扭腰、定点、指尖轻触锁骨/脸颊
- 节奏：踩重拍
- 氛围：纯欲感拉满

6–8秒｜细节特写（手/锁骨/侧脸）

- 动作：手指轻舞、慢动作
- 光影：局部柔光
- 情绪：迷离、温柔

8–10秒｜收尾（近景→特写）

- 动作：最后一个pose定住，眼神锁定镜头
- 运镜：轻微推进
- 结尾：0.5秒定格+暗角，9:16。"
renoise-2082698335312544113,The monster and the man charge into a chaotic fight in city. The man wins…,,真人,特效向,动作大片,,en,Seedance 2.0,,,renoise-ai/awesome-seedance-prompts,https://github.com/renoise-ai/awesome-seedance-prompts/blob/904b6caffa21c2b114bb93e1bd0e37ba80b3dd10/data/prompts/2082698335312544113.json,CC-BY-4.0,WHORANGE,https://x.com/whorange__/status/2082698335312544113,True,prompts/真人/特效向/动作大片/renoise-2082698335312544113--The-monster-and-the-man-charge-into-a-ch.md,"The monster and the man charge into a chaotic fight in city. The man wins, fast-paced action. 14 different camera angles"
renoise-2082709125469814803,16:9,,真人,现实向,情绪特写,,en,Seedance 2.0,,,renoise-ai/awesome-seedance-prompts,https://github.com/renoise-ai/awesome-seedance-prompts/blob/904b6caffa21c2b114bb93e1bd0e37ba80b3dd10/data/prompts/2082709125469814803.json,CC-BY-4.0,Caden Flux,https://x.com/Caden_Flux/status/2082709125469814803,True,prompts/真人/现实向/情绪特写/renoise-2082709125469814803--16-9.md,"16:9

Genre: Emotional Spy Thriller / Father-Daughter Action Drama

Visual Style:
Ultra-realistic Hollywood cinematic movie, 4K HDR, realistic physics, natural human emotions, cinematic color grading, anamorphic lens, professional film lighting, realistic camera movement, premium streaming series quality.

CHARACTER CONSISTENCY LOCK

ETHAN VALE:
Use the exact Ethan Vale character sheet reference.

Maintain:

identical face
identical hairstyle
identical beard/stubble
identical body proportions
identical age appearance
identical glasses when in civilian mode

Do not redesign Ethan.

MAYA VALE:
Use the exact Maya Vale character sheet reference.

Maintain:

identical face
identical hairstyle
identical age
identical body proportions

Do not redesign Maya.

IMPORTANT:
Characters must remain identical across all scenes.
No face changes.
No hairstyle changes.
No random outfit changes.

PART 1 (0:00 - 0:15)
""THE LIFE HE BUILT""
Scene:

A quiet suburban morning.

Warm sunlight enters a small family home.

Ethan Vale, wearing his civilian outfit and glasses, prepares breakfast in the kitchen.

Maya walks downstairs wearing her red hoodie, blue baggy pants, white sneakers, messy bun, and red headphones.

The atmosphere is peaceful.

Camera:

Slow cinematic dolly movement through the house.

Camera passes:

family photographs
Maya's drawings
small everyday objects

Then slowly reveals Ethan cooking.

Close-up:
Ethan smiling.

Dialogue:

Maya:
""You're making pancakes again?""

Ethan:
""You complain every time... and still eat all of them.""

Maya smiles.

Acting:

Natural father-daughter chemistry.
No dramatic expressions.
Feels like a real family moment.

PART 2 (0:15 - 0:30)
""THE SHADOW UNDER THE FLOOR""
Scene:

Late night.

The house is silent.

Maya sleeps upstairs.

Ethan walks into a hidden storage room.

He opens an old locked box.

Inside:

old passports
classified documents
encrypted devices
an old agent badge

He touches the badge.

His expression changes slightly.

Camera:

Slow handheld camera following Ethan from behind.

Close-up shots:

his hand opening the box
old photographs
his eyes behind glasses

Camera slowly circles around him.

Dialogue:

Ethan whispers:

""I promised I was done.""

No dramatic music explosion.

Just quiet tension.

PART 3 (0:30- 0:45) ""THE MAN BEFORE""
Scene:

Flashback sequence.

Years earlier.

Young Ethan as Agent Orion.

Quick realistic memories:

walking through a dark city
entering secure locations
tactical missions
explosions in the distance
running through rain

Then:

Hospital room.

His wife gives him newborn Maya.

Camera:

Flashback style:

handheld documentary feeling
softer colors
emotional close-ups

Close-up:
Ethan holding baby Maya.

Dialogue:

Wife:

""Promise me she'll have a normal life.""

Ethan:

""I promise.""

PART 4 (0:45 - 0:60)
""THEY FOUND HER""
Scene:

Present day.

Maya leaves college.

She walks through the city.

Unknown people observe her.

A black vehicle follows.

Meanwhile Ethan is fixing something at home.

His phone rings.

He answers.

Silence.

A package arrives.

Inside:
Maya's bracelet.

Camera:

Parallel editing:

Maya walking.

Ethan opening package.

Slow zoom into Ethan's face.

His calm expression disappears.

Dialogue:

Unknown voice:

""Hello, Orion.""

Long pause.

Ethan:

""That name doesn't exist anymore.""

Unknown:

""It does now.""

PART 5 (1:00 - 1:15)
""REACTIVATION""
Scene:

Ethan enters the hidden room.

He removes his glasses.

Places them carefully on the table.

The transformation begins.

He changes into his agent outfit reference.

He prepares equipment.

No unnecessary action poses.

Just a man returning to something he hates.

Camera:

Slow cinematic shots:

glasses placed down
old files opening
equipment being prepared
Ethan looking into mirror

Camera pushes slowly toward his eyes.

Dialogue:

Old contact through communication device:

""Orion... you're really back?""

Ethan:

""No.""

Pause.

""I'm just a father looking for his daughter.""

PART 6 (1:15 - 1:30)
""THE HUNT""
Scene:

Agent Orion investigates.

Realistic spy sequence:

studying surveillance footage
tracking vehicles
entering abandoned locations
following clues
Action:

One short realistic fight scene.

No superhero fighting.

Fast, efficient movements.

Ethan uses skill, not strength.

Camera:

Handheld action camera.

Fast tracking shots.

Low-angle movement.

Close combat shots.

Dialogue:

Enemy:

""You're older than I expected.""

Ethan:

""You talk too much.""

PART 7 (1:30 - 1:45)""THE FATHER RETURNS""
Scene:

Ethan finds Maya's location.

Inside a dark building.

Maya is scared but fighting back.

She notices Ethan.

She realizes her father is not who she thought.

Camera:

Slow motion only for emotional moments.

Close-up:

Maya looking at Ethan.

Ethan looking back.

Dialogue:

Maya:

""Dad... who are you?""

Ethan:

""Someone who should have told you the truth.""

Maya:

""You're not just my dad...""

Ethan:

""I always was.""

PART 8 (1:45 - 2:00)
""THE LAST MISSION""
Scene:

Final confrontation.

Ethan enters enemy headquarters.

Maya escapes with his help.

Father and daughter move together.

They survive.

After everything:

Quiet sunrise.

Ethan and Maya sit outside.

No celebration.

Just relief.

Camera:

Final cinematic shots:

slow tracking shot behind them
sunrise lighting
close-up of Ethan removing his glasses
Maya smiling slightly
Dialogue:

Maya:

""Are you going to disappear again?""

Ethan looks at her.

Ethan:

""Never.""

Camera pulls away.

Title appears:

THE MAN WHO DISAPPEARED

""He buried the agent. His daughter brought him back."""
renoise-2082710687441465514,Use the uploaded reference image as the only identity source for the female…,,真人,现实向,剧情短片,,en,Seedance 2.0,,,renoise-ai/awesome-seedance-prompts,https://github.com/renoise-ai/awesome-seedance-prompts/blob/904b6caffa21c2b114bb93e1bd0e37ba80b3dd10/data/prompts/2082710687441465514.json,CC-BY-4.0,Hannah Ai,https://x.com/nusratsid1/status/2082710687441465514,True,prompts/真人/现实向/剧情短片/renoise-2082710687441465514--Use-the-uploaded-reference-image-as-the.md,"Use the uploaded reference image as the only identity source for the female character. Preserve the exact face, hairstyle, makeup, outfit, body proportions, and accessories throughout the video.

Create a 10-second, 9:16 ultra-realistic cinematic vertical video set in a nighttime park with a wooden bench under warm streetlights. Use only one locked-off wide shot and one static facial close-up with exactly two hard cuts. No camera movement, zooms, or angle changes.

The woman enters from the right carrying a green champagne bottle in her right hand and a lit birthday cake in her left. She sits at the center of the bench and shakes the champagne bottle three times without any spray. Hard cut to a close-up where she gives a subtle one-sided smirk, looks directly into the camera, and takes a deep breath.

Cut back to the original wide shot. She raises the cake near her face while swinging the champagne bottle downward. At the exact moment the swing finishes, the bottle erupts with a realistic vertical spray of pale golden champagne, white foam, and splashes, while her breath transforms into a massive orange flame blowing horizontally over the birthday candles toward the right side of the frame. The champagne spray remains on the left and the flame remains on the right without crossing. The cake stays level, candles remain lit, and all liquid and fire behave with realistic physics.

At the musical climax, the same shot instantly switches to black and white and enters slow motion. White handwritten text reading ""Happy Birthday"" appears at the top. The final frame freezes into a cinematic birthday poster. No additional text, logos, watermarks, character changes, extra props, or costume changes."
renoise-2082716751582695649,Use @[character ref] as the only character and visual style reference. Start…,,漫剧,特效向,奇幻冒险,2D日漫,en,Seedance 2.0,,,renoise-ai/awesome-seedance-prompts,https://github.com/renoise-ai/awesome-seedance-prompts/blob/904b6caffa21c2b114bb93e1bd0e37ba80b3dd10/data/prompts/2082716751582695649.json,CC-BY-4.0,Kōda,https://x.com/aimikoda/status/2082716751582695649,True,prompts/漫剧/特效向/奇幻冒险/renoise-2082716751582695649--Use-character-ref-as-the-only-character.md,"Use @[character ref] as the only character and visual style reference. Start with action and end with action. A female gunfighter skates through a dark frozen arena at impossible speed, performing elegant ice-ballerina movements while shooting large numbers of enemies with a pistol. She attacks during pirouettes, spiral glides, sweeping turns, spins and rapid skating transitions without ever slowing down. Many enemies surround and rush her from all directions. Every skate movement leaves electric-blue ice trails, frost mist and icy spray. Every gunshot creates vivid crimson muzzle flashes and sharp graphic impact bursts. Keep the environment dark, moody and high-contrast, with bold red, blue and black posterized anime visuals. No sword, no slow motion, no static posing, no static enemies, full action throughout."
renoise-2082719158685331863,The Living Island,,漫剧,特效向,奇幻冒险,3D卡通,en,Seedance 2.0,,,renoise-ai/awesome-seedance-prompts,https://github.com/renoise-ai/awesome-seedance-prompts/blob/904b6caffa21c2b114bb93e1bd0e37ba80b3dd10/data/prompts/2082719158685331863.json,CC-BY-4.0,ZOYA ✪,https://x.com/HeyZoyaKhan/status/2082719158685331863,True,prompts/漫剧/特效向/奇幻冒险/renoise-2082719158685331863--The-Living-Island.md,"The Living Island

A breathtaking floating city stretches across the shell of an ancient sea turtle so vast it resembles an island. Crystal-blue canals weave between colorful houses with terracotta roofs, children chase glowing butterflies through flower-filled streets, fishermen cast lines into the sea from wooden piers built along the turtle's shell, windmills spin gently on grassy hills, and tiny sailboats drift through canals that sparkle under the golden morning sun. Waterfalls cascade from the edges of the shell into the endless ocean below, creating rainbows in the mist. Birds soar overhead while sea turtles swim peacefully beside the giant.

The camera glides low through the bustling city, passing lively cafés, open markets, musicians performing in the town square, and children waving from stone bridges. Everything feels warm, joyful, and alive—like a perfect coastal paradise.

Then... something subtle happens.

A teacup on an outdoor café table ripples.

Hanging lanterns begin to sway.

The canals form gentle waves.

No one panics.

The townspeople simply smile.

An old fisherman calmly secures his boat.

Parents gently call their children closer.

Market vendors tie down colorful awnings.

They've experienced this countless times before.

The giant turtle slowly lifts its head above the clouds.

Sunlight catches its ancient emerald eyes.

Its enormous flippers begin to move.

The entire city gently tilts as the turtle starts swimming through the open ocean. Windmills rotate faster, canal boats drift naturally with the changing current, waterfalls stream farther into the air before crashing into the sea, and flocks of birds circle alongside their gentle guardian.

The camera pulls back higher and higher.

Only now do we realize...

What looked like an island is actually the shell of a living creature the size of a mountain, peacefully carrying an entire civilization across the endless sea.

In the distance, dozens of other giant turtles slowly emerge through the morning mist, each carrying its own unique city, silently migrating together across the ocean like a family of living continents.

The final frame feels magical, peaceful, and filled with childlike wonder something straight out of a Pixar opening scene, where the audience immediately wants to know the story of this extraordinary world."
renoise-2082736958296457354,FORMAT / START] Generate a 15-second 16:9 cinematic action scene. Action begins…,,真人,现实向,剧情短片,,en,Seedance 2.0,,,renoise-ai/awesome-seedance-prompts,https://github.com/renoise-ai/awesome-seedance-prompts/blob/904b6caffa21c2b114bb93e1bd0e37ba80b3dd10/data/prompts/2082736958296457354.json,CC-BY-4.0,"Marco ""Shikoba"" Riccetti",https://x.com/shikoba_86/status/2082736958296457354,True,prompts/真人/现实向/剧情短片/renoise-2082736958296457354--FORMAT-START-Generate-a-15-second-16-9-c.md,"FORMAT / START] Generate a 15-second 16:9 cinematic action scene. Action begins immediately. No reference images provided — generate both characters from the text description.
[CHARACTER LOCK] A is The Runner. Preserve exact: woman early 30s, lean athletic build, dark hair tied back and soaked flat, grey tank top, dark cargo pants, bare forearms, low compact stance, contained energy. She is calm. She wins. B is The Enforcer. Preserve exact: woman mid 30s, taller and heavier, short bleached hair, black tactical jacket, gloved hands, upright forward-leaning posture, volatile energy. She attacks first. She loses. Do not swap roles. Only these two characters. No extras.
[SETTING] Rooftop of a residential block, night, heavy rain. Standing water across flat concrete, ventilation units, a low parapet, laundry lines strung between poles with wet sheets snapping in the wind. A single service lamp on the stairwell housing — hard white light, everything else in blue shadow. City glow far below. No crowd.
[MOTION RULES] Readable action, clear silhouettes, short pause before contact, visible setup before every strike, hard impact with real physical weight, short hit-stop, controlled smear only on fast-moving limbs, clear geography. Every cut continues the same exchange. No slow motion, no speed ramping — full real-time speed throughout. Movements grounded and physically motivated. Each technique flows directly into the next without discontinuity. A moves with economy and precision. B moves with aggression and momentum. Rain and standing water react to every impact.
[BEAT 1 — ENTRY] Both women face each other across the wet roof, three meters apart. B advances fast, right hand cocked. A stands relaxed, weight centered, hands low, eyes on B's sternum. A wet sheet swings between them and passes. The gap closes.
[BEAT 2 — FIRST EXCHANGE] B throws a heavy right cross. A slips outside, lets it pass her ear, and fires a short left hook into B's ribs mid-extension. B grunts, arm drops. Water sprays from both their feet.
[BEAT 3 — COUNTER] A is already inside. She catches B's collar with her left hand and drives a short right elbow across the cheekbone — dense contact, proximity not distance. B's head rotates. Her back foot slides out on the wet concrete.
[BEAT 4 — RECOVERY EXCHANGE] B tears free and charges, driving full bodyweight into a tackle. A absorbs one step back, drops her weight, hooks an arm under B's shoulder and pivots — using B's own momentum to throw her over the hip into standing water. Heavy flat landing. Spray erupts.
[BEAT 5 — FINISH] B pushes up onto one knee, no guard left. A steps in and drives a knee into her sternum. B folds and goes flat on her back in the water. A straightens, exhales once, rain running off her, and walks past toward the stairwell without looking back. Final image: A silhouetted in the service lamp, B down in the water behind her, sheets still snapping in the wind.
[AUDIO] No music. Only: rain on concrete, wet footwork, hook into ribs, elbow on bone, boot sliding on wet floor, body hitting standing water, one long exhale at the finish, sheets flapping in wind. [NEGATIVE CONTROL] No random cuts, no role swap, no outfit change, no face morphing, no extra characters, no teleporting, no unclear contact, no comedy, no subtitles, no logos, no UI, no slow motion, no speed ramping, no wire work, no supernatural movement, no weapons. Every position change physically motivated and continuous"
renoise-2082747838782386563,"15-second, 16:9 vertical, continuous single-take video that looks like…",,真人,特效向,特效综合,,en,Seedance 2.0,,,renoise-ai/awesome-seedance-prompts,https://github.com/renoise-ai/awesome-seedance-prompts/blob/904b6caffa21c2b114bb93e1bd0e37ba80b3dd10/data/prompts/2082747838782386563.json,CC-BY-4.0,underwood,https://x.com/underwoodxie96/status/2082747838782386563,True,"prompts/真人/特效向/特效综合/renoise-2082747838782386563--15-second,-16-9-vertical,-continuous-sin.md","15-second, 16:9 vertical, continuous single-take video that looks like authentic smartphone footage accidentally captured by a passerby in a city park. Overcast natural daylight, subtle handheld shake, limited phone stabilization, occasional autofocus adjustment, and realistic smartphone compression. The absurd event is filmed with a completely serious, unscripted documentary feeling.  0–3s: [Handheld medium shot] A middle-aged man wearing a dark business suit and tie crouches beside the stone edge of a pond. With a completely serious expression, he slowly scatters pieces of bread from a paper bag to several ordinary koi. Small ripples spread across the water as the fish gather in front of him.  3–7s: [Camera instinctively moves closer] An abnormally huge orange-and-white koi suddenly surges out of the murky water, briefly lifting its upper body above the surface and biting down on the entire bread bag in the man’s left hand. He freezes for half a second, then grips the bag with both hands and leans backward. Startled, the person filming steps back. The image briefly loses focus before locking onto the man and the giant fish again.  7–11s: [Close handheld action shot] The giant koi pulls violently toward the deeper part of the pond. The wet paper bag stretches, the man’s arms tense, and his leather shoes slide repeatedly across the wet stone. His knee strikes the edge of the pond. He tries to brace himself with his right foot, but the sole loses traction and his center of gravity moves past the edge. Water, pieces of bread, and fallen leaves scatter from the force as the camera operator hurriedly moves sideways.  11–15s: [Impact and final hold] The paper bag suddenly tears. The man loses all support and pitches forward into the pond, creating one heavy, realistic splash. The camera quickly tilts downward while keeping the center of the pond visible. The man resurfaces with duckweed covering his head and his wet tie stuck across his face. The giant koi calmly swims past him with the remains of the bread bag still in its mouth. The camera holds on the man’s stunned expression while the koi casually swims away beside him.  Keep the man’s face, dark suit, tie, and paper bag visually consistent throughout. The koi must retain the same orange-and-white markings and enormous size. The pulling, sliding, loss of balance, and fall must show believable weight, inertia, traction, and water displacement. Natural park ambience and a realistic splash only. No dialogue, no subtitles, no music. Avoid cuts, character teleportation, changes in the fish’s size, extra limbs, and cartoonish acting."
renoise-2082767400374862103,我用了参考图,,真人,现实向,生活与vlog,,zh,Seedance 2.0,link-only,copyrighted-character,renoise-ai/awesome-seedance-prompts,https://github.com/renoise-ai/awesome-seedance-prompts/blob/904b6caffa21c2b114bb93e1bd0e37ba80b3dd10/data/prompts/2082767400374862103.json,CC-BY-4.0,PixelAIGC,https://x.com/PixelAigc/status/2082767400374862103,True,prompts/真人/现实向/生活与vlog/renoise-2082767400374862103--我用了参考图.md,
renoise-2082769474676293891,Create a Music Video with the following requirements: [Music]:@[Audio 1] [MV…,,真人,现实向,音乐MV,,en,Seedance 2.0,,,renoise-ai/awesome-seedance-prompts,https://github.com/renoise-ai/awesome-seedance-prompts/blob/904b6caffa21c2b114bb93e1bd0e37ba80b3dd10/data/prompts/2082769474676293891.json,CC-BY-4.0,auqib,https://x.com/auqibhabib/status/2082769474676293891,True,prompts/真人/现实向/音乐MV/renoise-2082769474676293891--Create-a-Music-Video-with-the-following.md,Create a Music Video with the following requirements: [Music]:@[Audio 1] [MV main character]: LeadPerformer appearance refers to @[Image 1] [Visual direction]: @[Image 1] create a performance narrative style music video. must feel cool and funny. y2k style. realistic filmed music video background. move to the music tempo
renoise-2082772251032850923,Create a 30-second cinematic animated short film.,,漫剧,特效向,奇幻冒险,3D卡通,en,Seedance 2.0,,,renoise-ai/awesome-seedance-prompts,https://github.com/renoise-ai/awesome-seedance-prompts/blob/904b6caffa21c2b114bb93e1bd0e37ba80b3dd10/data/prompts/2082772251032850923.json,CC-BY-4.0,GPTProto Official,https://x.com/gptproto/status/2082772251032850923,True,prompts/漫剧/特效向/奇幻冒险/renoise-2082772251032850923--Create-a-30-second-cinematic-animated-sh.md,"Create a 30-second cinematic animated short film.

Aspect Ratio:
16:9

Style:

Premium 3D animated feature film style.

Heartwarming fantasy forest adventure.

High-quality cinematic animation.

Soft realistic fur.

Expressive animal characters.

Warm emotional storytelling.

Beautiful autumn forest atmosphere.

Detailed natural environments.

Professional animated movie cinematography.

No live action.

No photorealism.

No CGI render look.

No logos.

No watermark.

No brand references.

CHARACTER CONSISTENCY:

Use the exact Finn character design reference.

Finn:

A small young fox.

Soft orange-red fur.

Cream white chest and cheeks.

Large emerald green expressive eyes.

Small black nose.

Fluffy tail with white tip.

Light green handmade scarf.

Gentle shy personality.

Quiet but observant.

Maintain the same appearance throughout the entire video.

CORE STORY:

Title:

THE FOX WHO FOUND HIS VOICE

Theme:

Your true voice comes from your heart.

A small fox who is afraid to speak discovers that even the quietest voice can save everyone.

VISUAL STYLE:

Autumn magical forest.

Golden leaves.

Warm sunlight.

Soft morning mist.

Moonlight night scenes.

Emotional close-ups.

Cinematic depth of field.

Beautiful lighting transitions.

Natural animal movements.

SCENE 1
0:00 - 0:06

THE QUIET FOX

Wide establishing shot.

A peaceful autumn forest covered with golden leaves.

Small animals gather in a forest clearing.

Finn sits quietly at the edge of the group.

Other animals are talking confidently.

Finn watches silently.

Close-up:

Finn's large green eyes look nervous.

His ears slowly lower.

His fluffy tail wraps around his body.

He wants to speak but hesitates.

Camera:

Slow push-in toward Finn's face.

Warm sunlight through trees.

Emotional character introduction.

SUBTITLE:

Everyone thought a fox should always know what to say.

NARRATION:

Everyone expected Finn to be clever, confident, and fearless.

SCENE 2
0:06 - 0:12

THE FOX WHO COULDN'T SPEAK

Medium shot.

The forest animals look toward Finn.

They wait for his opinion.

Finn opens his mouth.

He tries to speak.

Only a tiny quiet sound comes out.

He looks embarrassed.

He lowers his head.

A small leaf falls beside him.

The forest feels silent for a moment.

Camera:

Close-up of Finn's face.

Focus on his eyes and emotions.

Subtle facial animation.

SUBTITLE:

But Finn had a secret...
He was afraid his voice was too small.

NARRATION:

But Finn was afraid that his voice was not important enough to be heard.

SCENE 3
0:12 - 0:18

THE FOREST IN DANGER

Night falls.

Dark clouds gather above the forest.

Strong wind moves through the trees.

Branches shake.

Animals become worried.

A storm approaches.

The animals argue about where to go.

Some point toward different paths.

Nobody knows what to do.

Finn quietly observes.

He notices:

A flooded path.

A fallen tree blocking the road.

A hidden safe trail leading toward a mountain cave.

Camera:

Dynamic forest shots.

Wind moving leaves.

Close-up of Finn noticing details.

His expression changes from fear to determination.

SUBTITLE:

While everyone was looking for answers...
Finn was already seeing the way.

NARRATION:

While others searched for a solution, Finn noticed what everyone else missed.

SCENE 4
0:18 - 0:24

FINDING HIS VOICE

Finn looks at the frightened animals.

A small rabbit is scared.

A young bird is hiding.

Finn takes a deep breath.

His ears rise.

The wind moves his green scarf.

He steps forward.

For the first time, he speaks loudly.

Finn says:

Wait!

All animals turn toward him.

Silence fills the forest.

Finn points toward the safe path.

Camera:

Low-angle heroic shot.

Warm light breaks through the clouds.

Finn appears small but brave.

SUBTITLE:

His voice was quiet...
But his courage was stronger.

NARRATION:

His voice was small, but his courage was bigger.

SCENE 5
0:24 - 0:30

THE TRUE VOICE

The animals follow Finn through the hidden path.

They safely reach the mountain shelter.

The storm passes.

Morning sunlight returns.

The forest becomes peaceful again.

All animals gather around Finn.

The lion smiles proudly.

The elephant gently touches Finn's shoulder.

Finn looks surprised.

Then he smiles confidently.

Final shot:

Finn stands beneath a giant ancient tree.

Golden sunlight surrounds him.

His small figure creates a powerful silhouette.

SUBTITLE:

A voice doesn't have to be loud to make a difference.

NARRATION:

Because the strongest voices are the ones that come from the heart.

CAMERA STYLE:

Cinematic animated film camera.

Smooth tracking shots.

Slow emotional push-ins.

Wide environmental shots.

Close-up emotional expressions.

Low-angle hero moments.

Natural camera movement.

Beautiful depth of field.

Professional feature animation composition.

ANIMATION DETAILS:

Realistic fox movement.

Natural fur physics.

Expressive ears and tail movement.

Emotional eye animation.

Natural wind interaction with scarf.

Smooth character acting.

No exaggerated cartoon movement.

COLOR & LIGHTING:

Warm autumn orange palette.

Golden sunlight.

Soft green forest tones.

Blue storm atmosphere.

Warm emotional ending.

Cinematic lighting throughout.

AUDIO:

Original cinematic atmosphere only.

Soft natural forest ambience.

Gentle wind.

Rain atmosphere.

Natural animal sounds.

Subtle emotional sound design.

No copyrighted music.

No recognizable songs.

No lyrics.

No dialogue except Finn's single word:

Wait!

NEGATIVE:

photorealistic animals,

real wildlife footage,

horror,

dark violent atmosphere,

scary fox,

aggressive animals,

anime style,

2D cartoon,

low quality animation,

bad anatomy,

changing character design,

different scarf,

different fur color,

extra limbs,

deformed faces,

text artifacts,

watermark,

logo"
renoise-2082772743901315187,Create a 15-second vertical 9:16 photorealistic Japanese onigiri commercial in…,,其他,,广告带货,,en,Seedance 2.0,,,renoise-ai/awesome-seedance-prompts,https://github.com/renoise-ai/awesome-seedance-prompts/blob/904b6caffa21c2b114bb93e1bd0e37ba80b3dd10/data/prompts/2082772743901315187.json,CC-BY-4.0,Kent Dhani,https://x.com/kentdhani/status/2082772743901315187,True,prompts/其他/广告带货/renoise-2082772743901315187--Create-a-15-second-vertical-9-16-photore.md,"Create a 15-second vertical 9:16 photorealistic Japanese onigiri commercial in 4K at 24fps. Use polished contemporary Japanese advertising cinematography with bright natural morning light, clean whites, realistic skin tones, warm rice colors, crisp dark-green nori, and appetizing salmon filling. The setting is a modern generic Japanese convenience store with refrigerated shelves and a small sunlit seating area. Do not show any readable text, packaging words, subtitles, captions, logos, price labels, title cards, slogans, or watermarks anywhere in the video.
Use the same three Japanese young adults throughout: one main woman around 24 years old with shoulder-length dark-brown hair, natural makeup, a cream cardigan, and a white blouse; one female friend with a low ponytail and beige blouse; and one male friend wearing a light-blue overshirt. Preserve their faces, hairstyles, wardrobe, and ages in every shot. The featured product is a realistic triangular salmon onigiri with fluffy white rice, crisp nori, and moist grilled salmon filling. Its transparent wrapper has only simple abstract color accents and absolutely no readable writing or brand identity.
0.0–2.0 seconds: show a bright wide establishing shot inside the convenience store as the three friends approach the onigiri shelf. The main woman notices the salmon onigiri and reaches for it. An off-screen Japanese female narrator says: 「忙しい朝に、やさしいひととき。」 Only the narrator speaks. The visible characters remain silent and do not move their mouths.
2.0–4.0 seconds: cut to a medium close-up as the main woman holds the packaged onigiri beside her face and smiles naturally toward the camera. She says clearly in Japanese: 「今日は、鮭のおにぎり。」 The narrator must be completely silent. Use precise Japanese lip synchronization. From 4.0–6.0 seconds, show a top-down macro shot of clean hands opening the wrapper smoothly as the nori folds neatly around the rice. The narrator says: 「開けた瞬間、海苔はパリッ。」 No visible person speaks.
6.0–8.0 seconds: show the main woman taking one clean natural bite. She finishes biting and swallowing before softly saying: 「おいしい。」 Do not let her speak with food visible inside her mouth. The narrator remains silent. From 8.0–10.0 seconds, show an extreme macro close-up of the bitten onigiri, revealing glossy rice grains, crisp nori, and generous salmon filling. The narrator says: 「ふっくらごはんに、鮭のうまみ。」 From 10.0–11.5 seconds, show the onigiri on a simple ceramic plate beside warm green tea as a hand gently places the cup down. The narrator says: 「お茶にも、よく合う。」
11.5–13.0 seconds: show the three friends seated together near the window, each holding an onigiri. The main woman smiles and says: 「みんなで食べよう。」 Only she speaks; the friends react silently. Soft nonverbal laughter may begin only after she finishes. From 13.0–14.0 seconds, show the three friends gently bringing their onigiri together like a playful toast, with no dialogue. From 14.0–15.0 seconds, end with a clean symmetrical product hero shot showing three triangular onigiri on a light wooden table, framed by rice stalks, a small bowl of rice, and folded nori. The off-screen narrator says: 「毎日に、おいしいおにぎり。」"
renoise-2082775732842062193,A vertical 9:16 first frame for a 15-second K-pop TikTok fancam-style dance…,,真人,现实向,音乐MV,,en,Seedance 2.0,,,renoise-ai/awesome-seedance-prompts,https://github.com/renoise-ai/awesome-seedance-prompts/blob/904b6caffa21c2b114bb93e1bd0e37ba80b3dd10/data/prompts/2082775732842062193.json,CC-BY-4.0,Luca Ai,https://x.com/lucas_yuoo/status/2082775732842062193,True,prompts/真人/现实向/音乐MV/renoise-2082775732842062193--A-vertical-9-16-first-frame-for-a-15-sec.md,"A vertical 9:16 first frame for a 15-second K-pop TikTok fancam-style dance video.
Scene:
A polished K-pop music show stage filmed like a vertical idol fancam. The stage has a glossy light-colored floor, soft pastel LED background, pink and pale blue lighting, white spotlights, subtle haze, and dreamy heart-shaped or abstract light patterns on the screen. The background is clean and bright, with no readable logos or text.
Performers:
Exactly five original female K-pop idols are on stage. Nari, the focus idol, stands center-front and slightly closer to the camera. The other four members stand behind and around her in a tight symmetrical formation. All face forward with bright confident expressions.
Pose:
They are frozen just before the chorus beat drops. Nari stands with knees slightly bent, hips angled, one hand near her cheek, the other hand low near her waist. The other members mirror similar cute K-pop starting poses. The pose should feel like a viral fancam moment: sweet, sharp, camera-facing, and ready for synchronized choreography.
Camera:
Vertical 9:16 fancam perspective, stable handheld or monopod feel, medium-full body framing focused on Nari from head to shoes, other members visible but slightly less emphasized. Slight smartphone zoom compression, realistic stage lighting, clean idol performance framing.
Lighting:
Soft pink and pale blue stage lights, bright white key light on faces, glossy floor reflections, gentle haze, pastel dreamy K-pop atmosphere.
Style:
K-pop music show fancam, cute dreamy girl group concept, polished idol choreography, vertical TikTok edit, clean bright stage, high replay value."
renoise-2082779969269166243,Female Anime Character: ZERO-RED with two large futuristic energy rifles on…,,漫剧,特效向,科幻机甲,2D日漫,en,Seedance 2.0,,,renoise-ai/awesome-seedance-prompts,https://github.com/renoise-ai/awesome-seedance-prompts/blob/904b6caffa21c2b114bb93e1bd0e37ba80b3dd10/data/prompts/2082779969269166243.json,CC-BY-4.0,Rob ✌︎,https://x.com/robazem/status/2082779969269166243,True,prompts/漫剧/特效向/科幻机甲/renoise-2082779969269166243--Female-Anime-Character-ZERO-RED-with-two.md,"Female Anime Character: ZERO-RED with two large futuristic energy rifles on each hand with integrated magenta glows. Framing the face, light red piercing eyes, confident and soft airbrush rendering facial expressions and long crimson high red ponytail. Full body view silver cyber combat suit layered in segmented armor plating, with pink-magenta illuminated energy cores.

Use @ character ref, the only character and visual style reference. Start with action and end with action. A female cyber gunfighter skates through a dark frozen arena with a slight pink and reflective surface, at quick speed, performing strong yet elegant ice-ballerina movements while shooting large numbers of enemies with her two rifles. She attacks during pirouettes, spiral glides, sweeping turns, spins and rapid skating transitions without ever slowing down. Many enemies surround and rush her from all directions. Every skate movement leaves electric-magenta glow trails, static energy and light red spray. Every gunshot creates vivid crimson muzzle flashes and sharp graphic impact bursts. Keep the environment dark, moody and high-contrast, with bold red, magenta and black posterized anime visuals. No sword, no slow motion, no static posing, no static enemies, full action throughout."
renoise-2082782716773249410,"High-quality 3D animated cartoon, stylized family-animation look,",,漫剧,现实向,剧情短片,3D卡通,en,Seedance 2.0,,,renoise-ai/awesome-seedance-prompts,https://github.com/renoise-ai/awesome-seedance-prompts/blob/904b6caffa21c2b114bb93e1bd0e37ba80b3dd10/data/prompts/2082782716773249410.json,CC-BY-4.0,Jay Nwabueze,https://x.com/jaynwabueze/status/2082782716773249410,True,"prompts/漫剧/现实向/剧情短片/renoise-2082782716773249410--High-quality-3D-animated-cartoon,-styliz.md","High-quality 3D animated cartoon, stylized family-animation look,
oversized heads, big expressive eyes, exaggerated proportions, smooth
rounded clay-like 3D surfaces, subsurface scattering skin, vibrant
lighting. NOT realistic, NOT live action.

A young man in a cluttered bedroom, oversized flannel shirt, messy hair,
pulls an old jacket from the back of a closet.

0–4s: medium shot, he digs through the jacket's pockets absentmindedly,
half-interested, checking each one and finding nothing.

4–7s: his hand pauses in the last pocket. Fingers close slowly around
something folded and papery deep inside. Building anticipation on his
face.

7–9s: whip-cut to a tight close-up as he pulls out a crumpled
twenty-dollar bill, holding it between two fingers, eyes going huge in
disbelief.

9–12s: warm golden light blooms around the bill like it's glowing, dust
motes drifting through the beam, his jaw dropping open in pure joy.

12–15s: slow push-in as his face melts into a huge triumphant grin, both
fists pumping the air, bill held high like a trophy.

Camera: medium searching shot, whip-cut to his face on discovery, slow
dramatic push-in as he raises the bill into the light.

AUDIO: quiet rustling fabric while searching, a single soft gasp the
instant he finds it, a bright angelic choir ""aaah"" swelling as the golden
light blooms, a triumphant horn flourish as he pumps his fists.

Vibrant saturated colors, warm golden treasure-light against a muted
bedroom palette, smooth stylized 3D character design, family animation
aesthetic, no text, no watermark, 16:9.

FORBIDDEN: no named studio or franchise references, no readable text or
logos, no realistic rendering, no design drift, no visible brand logos."
renoise-2082788215132426583,"Cinematic 15-second commercial, realistic Minecraft Creeper cake creation…",,其他,,广告带货,,en,Seedance 2.0,link-only,copyrighted-character,renoise-ai/awesome-seedance-prompts,https://github.com/renoise-ai/awesome-seedance-prompts/blob/904b6caffa21c2b114bb93e1bd0e37ba80b3dd10/data/prompts/2082788215132426583.json,CC-BY-4.0,KreviX,https://x.com/LadyyEth/status/2082788215132426583,True,"prompts/其他/广告带货/renoise-2082788215132426583--Cinematic-15-second-commercial,-realisti.md",
